Assembly Accession	Assembly-unit name	Chromosome name	GC Count	GC Percent	GenBank seq accession	Molecule type	Ordering	RefSeq seq accession	Role	Seq length	UCSC style name	Unlocalized Count	Sequence name
GCF_002021735.2	Primary Assembly	LG1	33024101	43	CM007718.2	Linkage Group		NC_034174.2	assembled-molecule	76396483			OkisLG01
GCF_002021735.2	Primary Assembly	LG2	34895728	43.5	CM007719.2	Linkage Group		NC_034175.2	assembled-molecule	80365763			OkisLG02
GCF_002021735.2	Primary Assembly	LG3	33833173	43.5	CM007720.2	Linkage Group		NC_034176.2	assembled-molecule	78219168			OkisLG03
GCF_002021735.2	Primary Assembly	LG4	35755800	43	CM007721.2	Linkage Group		NC_034177.2	assembled-molecule	83151420			OkisLG04
GCF_002021735.2	Primary Assembly	LG5	34146087	43	CM007722.2	Linkage Group		NC_034178.2	assembled-molecule	79151382			OkisLG05
GCF_002021735.2	Primary Assembly	LG6	36835126	43	CM007723.2	Linkage Group		NC_034179.2	assembled-molecule	85211253			OkisLG06
GCF_002021735.2	Primary Assembly	LG7	24897215	43.5	CM007724.2	Linkage Group		NC_034180.2	assembled-molecule	57284449			OkisLG07
GCF_002021735.2	Primary Assembly	LG8	34281350	43.5	CM007725.2	Linkage Group		NC_034181.2	assembled-molecule	78938090			OkisLG08
GCF_002021735.2	Primary Assembly	LG9	20500647	44	CM007726.2	Linkage Group		NC_034182.2	assembled-molecule	46857769			OkisLG09
GCF_002021735.2	Primary Assembly	LG10	29833411	43.5	CM007727.2	Linkage Group		NC_034183.2	assembled-molecule	68916532			OkisLG10
GCF_002021735.2	Primary Assembly	LG11	39425634	43	CM007728.2	Linkage Group		NC_034184.2	assembled-molecule	91447791			OkisLG11
GCF_002021735.2	Primary Assembly	LG12	25385344	43.5	CM007729.2	Linkage Group		NC_034185.2	assembled-molecule	58696743			OkisLG12
GCF_002021735.2	Primary Assembly	LG13	33921868	43.5	CM007730.2	Linkage Group		NC_034186.2	assembled-molecule	77794808			OkisLG13
GCF_002021735.2	Primary Assembly	LG14	39413891	43.5	CM007731.2	Linkage Group		NC_034187.2	assembled-molecule	90355878			OkisLG14
GCF_002021735.2	Primary Assembly	LG15	42047026	44	CM007732.2	Linkage Group		NC_034188.2	assembled-molecule	95906753			OkisLG15
GCF_002021735.2	Primary Assembly	LG16	22843321	43.5	CM007733.2	Linkage Group		NC_034189.2	assembled-molecule	52456294			OkisLG16
GCF_002021735.2	Primary Assembly	LG17	38688490	43.5	CM007734.2	Linkage Group		NC_034190.2	assembled-molecule	88828318			OkisLG17
GCF_002021735.2	Primary Assembly	LG18	37399385	44	CM007735.2	Linkage Group		NC_034191.2	assembled-molecule	85416383			OkisLG18
GCF_002021735.2	Primary Assembly	LG19	29727798	43.5	CM007736.2	Linkage Group		NC_034192.2	assembled-molecule	68265700			OkisLG19
GCF_002021735.2	Primary Assembly	LG20	22843611	43.5	CM007737.2	Linkage Group		NC_034193.2	assembled-molecule	52667967			OkisLG20
GCF_002021735.2	Primary Assembly	LG21	20540756	43.5	CM007738.2	Linkage Group		NC_034194.2	assembled-molecule	47277920			OkisLG21
GCF_002021735.2	Primary Assembly	LG22	25365562	43	CM007739.2	Linkage Group		NC_034195.2	assembled-molecule	58805855			OkisLG22
GCF_002021735.2	Primary Assembly	LG23	21714262	43.5	CM007740.2	Linkage Group		NC_034196.2	assembled-molecule	50050857			OkisLG23
GCF_002021735.2	Primary Assembly	LG24	20285162	43.5	CM007741.2	Linkage Group		NC_034197.2	assembled-molecule	46446771			OkisLG24
GCF_002021735.2	Primary Assembly	LG25	20104759	43.5	CM007742.2	Linkage Group		NC_034198.2	assembled-molecule	46409288			OkisLG25
GCF_002021735.2	Primary Assembly	LG26	22729256	43	CM007743.2	Linkage Group		NC_034199.2	assembled-molecule	52712890			OkisLG26
GCF_002021735.2	Primary Assembly	LG27	19194421	43	CM007744.2	Linkage Group		NC_034200.2	assembled-molecule	44479749			OkisLG27
GCF_002021735.2	Primary Assembly	LG28	22711303	43	CM007745.2	Linkage Group		NC_034201.2	assembled-molecule	52544049			OkisLG28
GCF_002021735.2	Primary Assembly	LG29	20574781	43.5	CM007746.2	Linkage Group		NC_034202.2	assembled-molecule	47307659			OkisLG29
GCF_002021735.2	Primary Assembly	LG30	21317582	43	CM007747.2	Linkage Group		NC_034203.2	assembled-molecule	49369813			OkisLG30
GCF_002021735.2	Primary Assembly	Un			ML762278.1	Chromosome		NW_022261978.1	unplaced-scaffold	15848262			Okis01b-Okis20b_hom
GCF_002021735.2	Primary Assembly	Un			ML762279.1	Chromosome		NW_022261979.1	unplaced-scaffold	16348404			Okis02a-Okis13b_hom
GCF_002021735.2	Primary Assembly	Un			ML762280.1	Chromosome		NW_022261980.1	unplaced-scaffold	20602109			Okis03b-Okis08b_hom
GCF_002021735.2	Primary Assembly	Un			ML762281.1	Chromosome		NW_022261981.1	unplaced-scaffold	12804054			Okis04b-Okis11a_hom
GCF_002021735.2	Primary Assembly	Un			ML762282.1	Chromosome		NW_022261982.1	unplaced-scaffold	7160720			Okis05a-Okis16b_hom
GCF_002021735.2	Primary Assembly	Un			ML762283.1	Chromosome		NW_022261983.1	unplaced-scaffold	22813577			Okis06b-Okis10b_hom
GCF_002021735.2	Primary Assembly	Un			ML762284.1	Chromosome		NW_022261984.1	unplaced-scaffold	17172888			Okis07a-Okis12b_hom
GCF_002021735.2	Primary Assembly	Un			ML762285.1	Chromosome		NW_022261985.1	unplaced-scaffold	18700871			Okis09a-Okis19a_hom
GCF_002021735.2	Primary Assembly	Un			MPKV02000046.1	Chromosome		NW_022262672.1	unplaced-scaffold	1230834			scaffold727
GCF_002021735.2	Primary Assembly	Un			MPKV02000063.1	Chromosome		NW_022262637.1	unplaced-scaffold	829498			scaffold692
GCF_002021735.2	Primary Assembly	Un			MPKV02000076.1	Chromosome		NW_022262631.1	unplaced-scaffold	738281			scaffold686
GCF_002021735.2	Primary Assembly	Un			MPKV02000097.1	Chromosome		NW_022262580.1	unplaced-scaffold	629264			scaffold635
GCF_002021735.2	Primary Assembly	Un			MPKV02000128.1	Chromosome		NW_022262667.1	unplaced-scaffold	501244			scaffold722
GCF_002021735.2	Primary Assembly	Un			MPKV02000132.1	Chromosome		NW_022262638.1	unplaced-scaffold	495668			scaffold693
GCF_002021735.2	Primary Assembly	Un			MPKV02000135.1	Chromosome		NW_022262469.1	unplaced-scaffold	493350			scaffold524
GCF_002021735.2	Primary Assembly	Un			MPKV02000140.1	Chromosome		NW_022262579.1	unplaced-scaffold	477142			scaffold634
GCF_002021735.2	Primary Assembly	Un			MPKV02000146.1	Chromosome		NW_022262664.1	unplaced-scaffold	455175			scaffold719
GCF_002021735.2	Primary Assembly	Un			MPKV02000149.1	Chromosome		NW_022262642.1	unplaced-scaffold	445045			scaffold697
GCF_002021735.2	Primary Assembly	Un			MPKV02000155.1	Chromosome		NW_022262448.1	unplaced-scaffold	432714			scaffold503
GCF_002021735.2	Primary Assembly	Un			MPKV02000162.1	Chromosome		NW_022262630.1	unplaced-scaffold	418160			scaffold685
GCF_002021735.2	Primary Assembly	Un			MPKV02000174.1	Chromosome		NW_022262546.1	unplaced-scaffold	377048			scaffold601
GCF_002021735.2	Primary Assembly	Un			MPKV02000193.1	Chromosome		NW_022262645.1	unplaced-scaffold	336408			scaffold700
GCF_002021735.2	Primary Assembly	Un			MPKV02000203.1	Chromosome		NW_022262621.1	unplaced-scaffold	324407			scaffold676
GCF_002021735.2	Primary Assembly	Un			MPKV02000210.1	Chromosome		NW_022262591.1	unplaced-scaffold	311987			scaffold646
GCF_002021735.2	Primary Assembly	Un			MPKV02000214.1	Chromosome		NW_022262328.1	unplaced-scaffold	304186			scaffold383
GCF_002021735.2	Primary Assembly	Un			MPKV02000215.1	Chromosome		NW_022262624.1	unplaced-scaffold	300453			scaffold679
GCF_002021735.2	Primary Assembly	Un			MPKV02000221.1	Chromosome		NW_022262098.1	unplaced-scaffold	282035			scaffold151
GCF_002021735.2	Primary Assembly	Un			MPKV02000230.1	Chromosome		NW_022262656.1	unplaced-scaffold	258338			scaffold711
GCF_002021735.2	Primary Assembly	Un			MPKV02000232.1	Chromosome		NW_022262479.1	unplaced-scaffold	250090			scaffold534
GCF_002021735.2	Primary Assembly	Un			MPKV02000234.1	Chromosome		NW_022262385.1	unplaced-scaffold	247769			scaffold440
GCF_002021735.2	Primary Assembly	Un			MPKV02000236.1	Chromosome		NW_022262082.1	unplaced-scaffold	246799			scaffold135
GCF_002021735.2	Primary Assembly	Un			MPKV02000238.1	Chromosome		NW_022262619.1	unplaced-scaffold	245532			scaffold674
GCF_002021735.2	Primary Assembly	Un			MPKV02000243.1	Chromosome		NW_022262639.1	unplaced-scaffold	236267			scaffold694
GCF_002021735.2	Primary Assembly	Un			MPKV02000252.1	Chromosome		NW_022262585.1	unplaced-scaffold	224032			scaffold640
GCF_002021735.2	Primary Assembly	Un			MPKV02000254.1	Chromosome		NW_022262627.1	unplaced-scaffold	220304			scaffold682
GCF_002021735.2	Primary Assembly	Un			MPKV02000255.1	Chromosome		NW_022262629.1	unplaced-scaffold	219006			scaffold684
GCF_002021735.2	Primary Assembly	Un			MPKV02000257.1	Chromosome		NW_022262440.1	unplaced-scaffold	216637			scaffold495
GCF_002021735.2	Primary Assembly	Un			MPKV02000259.1	Chromosome		NW_022262666.1	unplaced-scaffold	214900			scaffold721
GCF_002021735.2	Primary Assembly	Un			MPKV02000261.1	Chromosome		NW_022262584.1	unplaced-scaffold	214287			scaffold639
GCF_002021735.2	Primary Assembly	Un			MPKV02000262.1	Chromosome		NW_022262335.1	unplaced-scaffold	213547			scaffold390
GCF_002021735.2	Primary Assembly	Un			MPKV02000269.1	Chromosome		NW_022262354.1	unplaced-scaffold	207547			scaffold409
GCF_002021735.2	Primary Assembly	Un			MPKV02000279.1	Chromosome		NW_022262551.1	unplaced-scaffold	198433			scaffold606
GCF_002021735.2	Primary Assembly	Un			MPKV02000281.1	Chromosome		NW_022262640.1	unplaced-scaffold	195841			scaffold695
GCF_002021735.2	Primary Assembly	Un			MPKV02000286.1	Chromosome		NW_022262400.1	unplaced-scaffold	184815			scaffold455
GCF_002021735.2	Primary Assembly	Un			MPKV02000290.1	Chromosome		NW_022262646.1	unplaced-scaffold	183292			scaffold701
GCF_002021735.2	Primary Assembly	Un			MPKV02000292.1	Chromosome		NW_022262397.1	unplaced-scaffold	182443			scaffold452
GCF_002021735.2	Primary Assembly	Un			MPKV02000299.1	Chromosome		NW_022262625.1	unplaced-scaffold	177210			scaffold680
GCF_002021735.2	Primary Assembly	Un			MPKV02000300.1	Chromosome		NW_022262075.1	unplaced-scaffold	176826			scaffold128
GCF_002021735.2	Primary Assembly	Un			MPKV02000304.1	Chromosome		NW_022262519.1	unplaced-scaffold	175597			scaffold574
GCF_002021735.2	Primary Assembly	Un			MPKV02000305.1	Chromosome		NW_022262563.1	unplaced-scaffold	174223			scaffold618
GCF_002021735.2	Primary Assembly	Un			MPKV02000306.1	Chromosome		NW_022262344.1	unplaced-scaffold	173008			scaffold399
GCF_002021735.2	Primary Assembly	Un			MPKV02000308.1	Chromosome		NW_022262623.1	unplaced-scaffold	170612			scaffold678
GCF_002021735.2	Primary Assembly	Un			MPKV02000310.1	Chromosome		NW_022262661.1	unplaced-scaffold	168600			scaffold716
GCF_002021735.2	Primary Assembly	Un			MPKV02000313.1	Chromosome		NW_022262034.1	unplaced-scaffold	167312			scaffold87
GCF_002021735.2	Primary Assembly	Un			MPKV02000314.1	Chromosome		NW_022262592.1	unplaced-scaffold	167201			scaffold647
GCF_002021735.2	Primary Assembly	Un			MPKV02000315.1	Chromosome		NW_022262605.1	unplaced-scaffold	165216			scaffold660
GCF_002021735.2	Primary Assembly	Un			MPKV02000320.1	Chromosome		NW_022262622.1	unplaced-scaffold	162778			scaffold677
GCF_002021735.2	Primary Assembly	Un			MPKV02000322.1	Chromosome		NW_022262399.1	unplaced-scaffold	161959			scaffold454
GCF_002021735.2	Primary Assembly	Un			MPKV02000327.1	Chromosome		NW_022262441.1	unplaced-scaffold	158297			scaffold496
GCF_002021735.2	Primary Assembly	Un			MPKV02000329.1	Chromosome		NW_022262618.1	unplaced-scaffold	154433			scaffold673
GCF_002021735.2	Primary Assembly	Un			MPKV02000332.1	Chromosome		NW_022262364.1	unplaced-scaffold	152054			scaffold419
GCF_002021735.2	Primary Assembly	Un			MPKV02000333.1	Chromosome		NW_022262669.1	unplaced-scaffold	150093			scaffold724
GCF_002021735.2	Primary Assembly	Un			MPKV02000338.1	Chromosome		NW_022261988.1	unplaced-scaffold	142848			scaffold41
GCF_002021735.2	Primary Assembly	Un			MPKV02000341.1	Chromosome		NW_022262433.1	unplaced-scaffold	140096			scaffold488
GCF_002021735.2	Primary Assembly	Un			MPKV02000342.1	Chromosome		NW_022262553.1	unplaced-scaffold	137563			scaffold608
GCF_002021735.2	Primary Assembly	Un			MPKV02000346.1	Chromosome		NW_022262097.1	unplaced-scaffold	135789			scaffold150
GCF_002021735.2	Primary Assembly	Un			MPKV02000348.1	Chromosome		NW_022262311.1	unplaced-scaffold	134963			scaffold366
GCF_002021735.2	Primary Assembly	Un			MPKV02000353.1	Chromosome		NW_022262317.1	unplaced-scaffold	130070			scaffold372
GCF_002021735.2	Primary Assembly	Un			MPKV02000356.1	Chromosome		NW_022262015.1	unplaced-scaffold	125000			scaffold68
GCF_002021735.2	Primary Assembly	Un			MPKV02000357.1	Chromosome		NW_022262470.1	unplaced-scaffold	125000			scaffold525
GCF_002021735.2	Primary Assembly	Un			MPKV02000360.1	Chromosome		NW_022262660.1	unplaced-scaffold	123714			scaffold715
GCF_002021735.2	Primary Assembly	Un			MPKV02000361.1	Chromosome		NW_022261997.1	unplaced-scaffold	123444			scaffold50
GCF_002021735.2	Primary Assembly	Un			MPKV02000363.1	Chromosome		NW_022262453.1	unplaced-scaffold	122326			scaffold508
GCF_002021735.2	Primary Assembly	Un			MPKV02000366.1	Chromosome		NW_022262123.1	unplaced-scaffold	120316			scaffold176
GCF_002021735.2	Primary Assembly	Un			MPKV02000368.1	Chromosome		NW_022262124.1	unplaced-scaffold	120051			scaffold177
GCF_002021735.2	Primary Assembly	Un			MPKV02000369.1	Chromosome		NW_022262014.1	unplaced-scaffold	119902			scaffold67
GCF_002021735.2	Primary Assembly	Un			MPKV02000370.1	Chromosome		NW_022262644.1	unplaced-scaffold	119607			scaffold699
GCF_002021735.2	Primary Assembly	Un			MPKV02000371.1	Chromosome		NW_022262417.1	unplaced-scaffold	119524			scaffold472
GCF_002021735.2	Primary Assembly	Un			MPKV02000372.1	Chromosome		NW_022262643.1	unplaced-scaffold	119462			scaffold698
GCF_002021735.2	Primary Assembly	Un			MPKV02000374.1	Chromosome		NW_022261987.1	unplaced-scaffold	118756			scaffold40
GCF_002021735.2	Primary Assembly	Un			MPKV02000376.1	Chromosome		NW_022262540.1	unplaced-scaffold	116829			scaffold595
GCF_002021735.2	Primary Assembly	Un			MPKV02000377.1	Chromosome		NW_022262352.1	unplaced-scaffold	116606			scaffold407
GCF_002021735.2	Primary Assembly	Un			MPKV02000379.1	Chromosome		NW_022262389.1	unplaced-scaffold	115667			scaffold444
GCF_002021735.2	Primary Assembly	Un			MPKV02000383.1	Chromosome		NW_022262663.1	unplaced-scaffold	114355			scaffold718
GCF_002021735.2	Primary Assembly	Un			MPKV02000384.1	Chromosome		NW_022262414.1	unplaced-scaffold	113405			scaffold469
GCF_002021735.2	Primary Assembly	Un			MPKV02000386.1	Chromosome		NW_022262573.1	unplaced-scaffold	112747			scaffold628
GCF_002021735.2	Primary Assembly	Un			MPKV02000387.1	Chromosome		NW_022262513.1	unplaced-scaffold	112280			scaffold568
GCF_002021735.2	Primary Assembly	Un			MPKV02000389.1	Chromosome		NW_022262468.1	unplaced-scaffold	111638			scaffold523
GCF_002021735.2	Primary Assembly	Un			MPKV02000390.1	Chromosome		NW_022262025.1	unplaced-scaffold	110721			scaffold78
GCF_002021735.2	Primary Assembly	Un			MPKV02000391.1	Chromosome		NW_022262406.1	unplaced-scaffold	110470			scaffold461
GCF_002021735.2	Primary Assembly	Un			MPKV02000392.1	Chromosome		NW_022262437.1	unplaced-scaffold	110381			scaffold492
GCF_002021735.2	Primary Assembly	Un			MPKV02000394.1	Chromosome		NW_022262608.1	unplaced-scaffold	109227			scaffold663
GCF_002021735.2	Primary Assembly	Un			MPKV02000395.1	Chromosome		NW_022262422.1	unplaced-scaffold	108978			scaffold477
GCF_002021735.2	Primary Assembly	Un			MPKV02000397.1	Chromosome		NW_022262610.1	unplaced-scaffold	108301			scaffold665
GCF_002021735.2	Primary Assembly	Un			MPKV02000398.1	Chromosome		NW_022262593.1	unplaced-scaffold	108095			scaffold648
GCF_002021735.2	Primary Assembly	Un			MPKV02000399.1	Chromosome		NW_022262094.1	unplaced-scaffold	107475			scaffold147
GCF_002021735.2	Primary Assembly	Un			MPKV02000403.1	Chromosome		NW_022262671.1	unplaced-scaffold	102080			scaffold726
GCF_002021735.2	Primary Assembly	Un			MPKV02000405.1	Chromosome		NW_022262125.1	unplaced-scaffold	100938			scaffold178
GCF_002021735.2	Primary Assembly	Un			MPKV02000406.1	Chromosome		NW_022262654.1	unplaced-scaffold	100218			scaffold709
GCF_002021735.2	Primary Assembly	Un			MPKV02000408.1	Chromosome		NW_022262521.1	unplaced-scaffold	97949			scaffold576
GCF_002021735.2	Primary Assembly	Un			MPKV02000409.1	Chromosome		NW_022262307.1	unplaced-scaffold	97474			scaffold362
GCF_002021735.2	Primary Assembly	Un			MPKV02000410.1	Chromosome		NW_022262076.1	unplaced-scaffold	97163			scaffold129
GCF_002021735.2	Primary Assembly	Un			MPKV02000414.1	Chromosome		NW_022262112.1	unplaced-scaffold	93791			scaffold165
GCF_002021735.2	Primary Assembly	Un			MPKV02000415.1	Chromosome		NW_022262491.1	unplaced-scaffold	93560			scaffold546
GCF_002021735.2	Primary Assembly	Un			MPKV02000416.1	Chromosome		NW_022262373.1	unplaced-scaffold	92036			scaffold428
GCF_002021735.2	Primary Assembly	Un			MPKV02000417.1	Chromosome		NW_022262459.1	unplaced-scaffold	91811			scaffold514
GCF_002021735.2	Primary Assembly	Un			MPKV02000418.1	Chromosome		NW_022262658.1	unplaced-scaffold	90576			scaffold713
GCF_002021735.2	Primary Assembly	Un			MPKV02000420.1	Chromosome		NW_022262567.1	unplaced-scaffold	89291			scaffold622
GCF_002021735.2	Primary Assembly	Un			MPKV02000422.1	Chromosome		NW_022262542.1	unplaced-scaffold	88173			scaffold597
GCF_002021735.2	Primary Assembly	Un			MPKV02000424.1	Chromosome		NW_022262313.1	unplaced-scaffold	87110			scaffold368
GCF_002021735.2	Primary Assembly	Un			MPKV02000427.1	Chromosome		NW_022262002.1	unplaced-scaffold	85281			scaffold55
GCF_002021735.2	Primary Assembly	Un			MPKV02000429.1	Chromosome		NW_022262032.1	unplaced-scaffold	84007			scaffold85
GCF_002021735.2	Primary Assembly	Un			MPKV02000430.1	Chromosome		NW_022262340.1	unplaced-scaffold	83736			scaffold395
GCF_002021735.2	Primary Assembly	Un			MPKV02000431.1	Chromosome		NW_022262423.1	unplaced-scaffold	83323			scaffold478
GCF_002021735.2	Primary Assembly	Un			MPKV02000434.1	Chromosome		NW_022262089.1	unplaced-scaffold	82309			scaffold142
GCF_002021735.2	Primary Assembly	Un			MPKV02000436.1	Chromosome		NW_022262396.1	unplaced-scaffold	81541			scaffold451
GCF_002021735.2	Primary Assembly	Un			MPKV02000438.1	Chromosome		NW_022262005.1	unplaced-scaffold	80650			scaffold58
GCF_002021735.2	Primary Assembly	Un			MPKV02000439.1	Chromosome		NW_022262670.1	unplaced-scaffold	80294			scaffold725
GCF_002021735.2	Primary Assembly	Un			MPKV02000440.1	Chromosome		NW_022262316.1	unplaced-scaffold	80276			scaffold371
GCF_002021735.2	Primary Assembly	Un			MPKV02000441.1	Chromosome		NW_022262122.1	unplaced-scaffold	80222			scaffold175
GCF_002021735.2	Primary Assembly	Un			MPKV02000443.1	Chromosome		NW_022262571.1	unplaced-scaffold	79304			scaffold626
GCF_002021735.2	Primary Assembly	Un			MPKV02000445.1	Chromosome		NW_022262475.1	unplaced-scaffold	78870			scaffold530
GCF_002021735.2	Primary Assembly	Un			MPKV02000446.1	Chromosome		NW_022262020.1	unplaced-scaffold	78499			scaffold73
GCF_002021735.2	Primary Assembly	Un			MPKV02000447.1	Chromosome		NW_022262327.1	unplaced-scaffold	78315			scaffold382
GCF_002021735.2	Primary Assembly	Un			MPKV02000448.1	Chromosome		NW_022262655.1	unplaced-scaffold	78182			scaffold710
GCF_002021735.2	Primary Assembly	Un			MPKV02000449.1	Chromosome		NW_022262387.1	unplaced-scaffold	77924			scaffold442
GCF_002021735.2	Primary Assembly	Un			MPKV02000450.1	Chromosome		NW_022262430.1	unplaced-scaffold	77102			scaffold485
GCF_002021735.2	Primary Assembly	Un			MPKV02000452.1	Chromosome		NW_022262527.1	unplaced-scaffold	76446			scaffold582
GCF_002021735.2	Primary Assembly	Un			MPKV02000453.1	Chromosome		NW_022262590.1	unplaced-scaffold	76225			scaffold645
GCF_002021735.2	Primary Assembly	Un			MPKV02000455.1	Chromosome		NW_022262565.1	unplaced-scaffold	75471			scaffold620
GCF_002021735.2	Primary Assembly	Un			MPKV02000456.1	Chromosome		NW_022262065.1	unplaced-scaffold	75384			scaffold118
GCF_002021735.2	Primary Assembly	Un			MPKV02000457.1	Chromosome		NW_022262544.1	unplaced-scaffold	75346			scaffold599
GCF_002021735.2	Primary Assembly	Un			MPKV02000458.1	Chromosome		NW_022262342.1	unplaced-scaffold	74273			scaffold397
GCF_002021735.2	Primary Assembly	Un			MPKV02000459.1	Chromosome		NW_022262370.1	unplaced-scaffold	74114			scaffold425
GCF_002021735.2	Primary Assembly	Un			MPKV02000460.1	Chromosome		NW_022262050.1	unplaced-scaffold	74085			scaffold103
GCF_002021735.2	Primary Assembly	Un			MPKV02000461.1	Chromosome		NW_022262036.1	unplaced-scaffold	74032			scaffold89
GCF_002021735.2	Primary Assembly	Un			MPKV02000463.1	Chromosome		NW_022262127.1	unplaced-scaffold	72904			scaffold180
GCF_002021735.2	Primary Assembly	Un			MPKV02000465.1	Chromosome		NW_022262566.1	unplaced-scaffold	71976			scaffold621
GCF_002021735.2	Primary Assembly	Un			MPKV02000467.1	Chromosome		NW_022262330.1	unplaced-scaffold	71666			scaffold385
GCF_002021735.2	Primary Assembly	Un			MPKV02000468.1	Chromosome		NW_022262467.1	unplaced-scaffold	71475			scaffold522
GCF_002021735.2	Primary Assembly	Un			MPKV02000469.1	Chromosome		NW_022262033.1	unplaced-scaffold	71199			scaffold86
GCF_002021735.2	Primary Assembly	Un			MPKV02000470.1	Chromosome		NW_022262603.1	unplaced-scaffold	70632			scaffold658
GCF_002021735.2	Primary Assembly	Un			MPKV02000471.1	Chromosome		NW_022262432.1	unplaced-scaffold	70420			scaffold487
GCF_002021735.2	Primary Assembly	Un			MPKV02000472.1	Chromosome		NW_022262620.1	unplaced-scaffold	70075			scaffold675
GCF_002021735.2	Primary Assembly	Un			MPKV02000473.1	Chromosome		NW_022262588.1	unplaced-scaffold	69457			scaffold643
GCF_002021735.2	Primary Assembly	Un			MPKV02000474.1	Chromosome		NW_022262084.1	unplaced-scaffold	68581			scaffold137
GCF_002021735.2	Primary Assembly	Un			MPKV02000475.1	Chromosome		NW_022262119.1	unplaced-scaffold	68400			scaffold172
GCF_002021735.2	Primary Assembly	Un			MPKV02000476.1	Chromosome		NW_022262668.1	unplaced-scaffold	68069			scaffold723
GCF_002021735.2	Primary Assembly	Un			MPKV02000477.1	Chromosome		NW_022262428.1	unplaced-scaffold	67610			scaffold483
GCF_002021735.2	Primary Assembly	Un			MPKV02000478.1	Chromosome		NW_022262530.1	unplaced-scaffold	67399			scaffold585
GCF_002021735.2	Primary Assembly	Un			MPKV02000479.1	Chromosome		NW_022262365.1	unplaced-scaffold	67248			scaffold420
GCF_002021735.2	Primary Assembly	Un			MPKV02000480.1	Chromosome		NW_022262589.1	unplaced-scaffold	67246			scaffold644
GCF_002021735.2	Primary Assembly	Un			MPKV02000481.1	Chromosome		NW_022262331.1	unplaced-scaffold	67166			scaffold386
GCF_002021735.2	Primary Assembly	Un			MPKV02000482.1	Chromosome		NW_022262377.1	unplaced-scaffold	66584			scaffold432
GCF_002021735.2	Primary Assembly	Un			MPKV02000483.1	Chromosome		NW_022262424.1	unplaced-scaffold	66451			scaffold479
GCF_002021735.2	Primary Assembly	Un			MPKV02000484.1	Chromosome		NW_022262381.1	unplaced-scaffold	66412			scaffold436
GCF_002021735.2	Primary Assembly	Un			MPKV02000485.1	Chromosome		NW_022262575.1	unplaced-scaffold	65750			scaffold630
GCF_002021735.2	Primary Assembly	Un			MPKV02000486.1	Chromosome		NW_022262051.1	unplaced-scaffold	65464			scaffold104
GCF_002021735.2	Primary Assembly	Un			MPKV02000487.1	Chromosome		NW_022262026.1	unplaced-scaffold	65278			scaffold79
GCF_002021735.2	Primary Assembly	Un			MPKV02000488.1	Chromosome		NW_022262570.1	unplaced-scaffold	64433			scaffold625
GCF_002021735.2	Primary Assembly	Un			MPKV02000489.1	Chromosome		NW_022262115.1	unplaced-scaffold	64394			scaffold168
GCF_002021735.2	Primary Assembly	Un			MPKV02000491.1	Chromosome		NW_022262351.1	unplaced-scaffold	64109			scaffold406
GCF_002021735.2	Primary Assembly	Un			MPKV02000493.1	Chromosome		NW_022262543.1	unplaced-scaffold	63291			scaffold598
GCF_002021735.2	Primary Assembly	Un			MPKV02000494.1	Chromosome		NW_022262525.1	unplaced-scaffold	62625			scaffold580
GCF_002021735.2	Primary Assembly	Un			MPKV02000495.1	Chromosome		NW_022262526.1	unplaced-scaffold	62521			scaffold581
GCF_002021735.2	Primary Assembly	Un			MPKV02000496.1	Chromosome		NW_022262081.1	unplaced-scaffold	62216			scaffold134
GCF_002021735.2	Primary Assembly	Un			MPKV02000497.1	Chromosome		NW_022262476.1	unplaced-scaffold	61979			scaffold531
GCF_002021735.2	Primary Assembly	Un			MPKV02000499.1	Chromosome		NW_022262420.1	unplaced-scaffold	61459			scaffold475
GCF_002021735.2	Primary Assembly	Un			MPKV02000500.1	Chromosome		NW_022262438.1	unplaced-scaffold	61095			scaffold493
GCF_002021735.2	Primary Assembly	Un			MPKV02000501.1	Chromosome		NW_022262332.1	unplaced-scaffold	60608			scaffold387
GCF_002021735.2	Primary Assembly	Un			MPKV02000502.1	Chromosome		NW_022262006.1	unplaced-scaffold	60492			scaffold59
GCF_002021735.2	Primary Assembly	Un			MPKV02000504.1	Chromosome		NW_022262442.1	unplaced-scaffold	60409			scaffold497
GCF_002021735.2	Primary Assembly	Un			MPKV02000505.1	Chromosome		NW_022262636.1	unplaced-scaffold	60188			scaffold691
GCF_002021735.2	Primary Assembly	Un			MPKV02000507.1	Chromosome		NW_022262062.1	unplaced-scaffold	59699			scaffold115
GCF_002021735.2	Primary Assembly	Un			MPKV02000508.1	Chromosome		NW_022262037.1	unplaced-scaffold	59105			scaffold90
GCF_002021735.2	Primary Assembly	Un			MPKV02000510.1	Chromosome		NW_022262071.1	unplaced-scaffold	59030			scaffold124
GCF_002021735.2	Primary Assembly	Un			MPKV02000511.1	Chromosome		NW_022262121.1	unplaced-scaffold	58959			scaffold174
GCF_002021735.2	Primary Assembly	Un			MPKV02000514.1	Chromosome		NW_022262310.1	unplaced-scaffold	58340			scaffold365
GCF_002021735.2	Primary Assembly	Un			MPKV02000515.1	Chromosome		NW_022262114.1	unplaced-scaffold	58171			scaffold167
GCF_002021735.2	Primary Assembly	Un			MPKV02000516.1	Chromosome		NW_022262510.1	unplaced-scaffold	58002			scaffold565
GCF_002021735.2	Primary Assembly	Un			MPKV02000517.1	Chromosome		NW_022262391.1	unplaced-scaffold	57848			scaffold446
GCF_002021735.2	Primary Assembly	Un			MPKV02000518.1	Chromosome		NW_022262482.1	unplaced-scaffold	57782			scaffold537
GCF_002021735.2	Primary Assembly	Un			MPKV02000519.1	Chromosome		NW_022262572.1	unplaced-scaffold	57608			scaffold627
GCF_002021735.2	Primary Assembly	Un			MPKV02000520.1	Chromosome		NW_022262010.1	unplaced-scaffold	57593			scaffold63
GCF_002021735.2	Primary Assembly	Un			MPKV02000523.1	Chromosome		NW_022262087.1	unplaced-scaffold	56993			scaffold140
GCF_002021735.2	Primary Assembly	Un			MPKV02000524.1	Chromosome		NW_022262376.1	unplaced-scaffold	56818			scaffold431
GCF_002021735.2	Primary Assembly	Un			MPKV02000525.1	Chromosome		NW_022262060.1	unplaced-scaffold	56749			scaffold113
GCF_002021735.2	Primary Assembly	Un			MPKV02000526.1	Chromosome		NW_022262369.1	unplaced-scaffold	56617			scaffold424
GCF_002021735.2	Primary Assembly	Un			MPKV02000527.1	Chromosome		NW_022262434.1	unplaced-scaffold	56498			scaffold489
GCF_002021735.2	Primary Assembly	Un			MPKV02000529.1	Chromosome		NW_022262131.1	unplaced-scaffold	56209			scaffold184
GCF_002021735.2	Primary Assembly	Un			MPKV02000530.1	Chromosome		NW_022262099.1	unplaced-scaffold	56202			scaffold152
GCF_002021735.2	Primary Assembly	Un			MPKV02000532.1	Chromosome		NW_022262587.1	unplaced-scaffold	55806			scaffold642
GCF_002021735.2	Primary Assembly	Un			MPKV02000533.1	Chromosome		NW_022262416.1	unplaced-scaffold	55794			scaffold471
GCF_002021735.2	Primary Assembly	Un			MPKV02000535.1	Chromosome		NW_022262483.1	unplaced-scaffold	55354			scaffold538
GCF_002021735.2	Primary Assembly	Un			MPKV02000536.1	Chromosome		NW_022262552.1	unplaced-scaffold	55294			scaffold607
GCF_002021735.2	Primary Assembly	Un			MPKV02000537.1	Chromosome		NW_022262473.1	unplaced-scaffold	55215			scaffold528
GCF_002021735.2	Primary Assembly	Un			MPKV02000538.1	Chromosome		NW_022262557.1	unplaced-scaffold	54954			scaffold612
GCF_002021735.2	Primary Assembly	Un			MPKV02000539.1	Chromosome		NW_022262093.1	unplaced-scaffold	54821			scaffold146
GCF_002021735.2	Primary Assembly	Un			MPKV02000540.1	Chromosome		NW_022262386.1	unplaced-scaffold	54745			scaffold441
GCF_002021735.2	Primary Assembly	Un			MPKV02000541.1	Chromosome		NW_022262596.1	unplaced-scaffold	54569			scaffold651
GCF_002021735.2	Primary Assembly	Un			MPKV02000542.1	Chromosome		NW_022262090.1	unplaced-scaffold	54073			scaffold143
GCF_002021735.2	Primary Assembly	Un			MPKV02000543.1	Chromosome		NW_022262375.1	unplaced-scaffold	53270			scaffold430
GCF_002021735.2	Primary Assembly	Un			MPKV02000545.1	Chromosome		NW_022262000.1	unplaced-scaffold	52227			scaffold53
GCF_002021735.2	Primary Assembly	Un			MPKV02000546.1	Chromosome		NW_022262486.1	unplaced-scaffold	51865			scaffold541
GCF_002021735.2	Primary Assembly	Un			MPKV02000548.1	Chromosome		NW_022262046.1	unplaced-scaffold	51536			scaffold99
GCF_002021735.2	Primary Assembly	Un			MPKV02000549.1	Chromosome		NW_022262455.1	unplaced-scaffold	51343			scaffold510
GCF_002021735.2	Primary Assembly	Un			MPKV02000551.1	Chromosome		NW_022262522.1	unplaced-scaffold	50448			scaffold577
GCF_002021735.2	Primary Assembly	Un			MPKV02000552.1	Chromosome		NW_022262007.1	unplaced-scaffold	50276			scaffold60
GCF_002021735.2	Primary Assembly	Un			MPKV02000553.1	Chromosome		NW_022262111.1	unplaced-scaffold	50167			scaffold164
GCF_002021735.2	Primary Assembly	Un			MPKV02000554.1	Chromosome		NW_022262496.1	unplaced-scaffold	50115			scaffold551
GCF_002021735.2	Primary Assembly	Un			MPKV02000555.1	Chromosome		NW_022262657.1	unplaced-scaffold	50000			scaffold712
GCF_002021735.2	Primary Assembly	Un			MPKV02000556.1	Chromosome		NW_022262130.1	unplaced-scaffold	50000			scaffold183
GCF_002021735.2	Primary Assembly	Un			MPKV02000560.1	Chromosome		NW_022262556.1	unplaced-scaffold	50000			scaffold611
GCF_002021735.2	Primary Assembly	Un			MPKV02000561.1	Chromosome		NW_022262129.1	unplaced-scaffold	49946			scaffold182
GCF_002021735.2	Primary Assembly	Un			MPKV02000563.1	Chromosome		NW_022262520.1	unplaced-scaffold	49451			scaffold575
GCF_002021735.2	Primary Assembly	Un			MPKV02000564.1	Chromosome		NW_022262029.1	unplaced-scaffold	49346			scaffold82
GCF_002021735.2	Primary Assembly	Un			MPKV02000565.1	Chromosome		NW_022262110.1	unplaced-scaffold	49317			scaffold163
GCF_002021735.2	Primary Assembly	Un			MPKV02000567.1	Chromosome		NW_022262019.1	unplaced-scaffold	49105			scaffold72
GCF_002021735.2	Primary Assembly	Un			MPKV02000569.1	Chromosome		NW_022262649.1	unplaced-scaffold	48985			scaffold704
GCF_002021735.2	Primary Assembly	Un			MPKV02000570.1	Chromosome		NW_022262665.1	unplaced-scaffold	48785			scaffold720
GCF_002021735.2	Primary Assembly	Un			MPKV02000571.1	Chromosome		NW_022262017.1	unplaced-scaffold	48470			scaffold70
GCF_002021735.2	Primary Assembly	Un			MPKV02000574.1	Chromosome		NW_022262132.1	unplaced-scaffold	47342			scaffold185
GCF_002021735.2	Primary Assembly	Un			MPKV02000575.1	Chromosome		NW_022262450.1	unplaced-scaffold	47143			scaffold505
GCF_002021735.2	Primary Assembly	Un			MPKV02000576.1	Chromosome		NW_022262481.1	unplaced-scaffold	47064			scaffold536
GCF_002021735.2	Primary Assembly	Un			MPKV02000577.1	Chromosome		NW_022262349.1	unplaced-scaffold	47058			scaffold404
GCF_002021735.2	Primary Assembly	Un			MPKV02000578.1	Chromosome		NW_022262126.1	unplaced-scaffold	46468			scaffold179
GCF_002021735.2	Primary Assembly	Un			MPKV02000579.1	Chromosome		NW_022262562.1	unplaced-scaffold	46172			scaffold617
GCF_002021735.2	Primary Assembly	Un			MPKV02000580.1	Chromosome		NW_022262577.1	unplaced-scaffold	46120			scaffold632
GCF_002021735.2	Primary Assembly	Un			MPKV02000581.1	Chromosome		NW_022262599.1	unplaced-scaffold	46024			scaffold654
GCF_002021735.2	Primary Assembly	Un			MPKV02000582.1	Chromosome		NW_022262507.1	unplaced-scaffold	45983			scaffold562
GCF_002021735.2	Primary Assembly	Un			MPKV02000583.1	Chromosome		NW_022262606.1	unplaced-scaffold	45961			scaffold661
GCF_002021735.2	Primary Assembly	Un			MPKV02000584.1	Chromosome		NW_022262095.1	unplaced-scaffold	45839			scaffold148
GCF_002021735.2	Primary Assembly	Un			MPKV02000585.1	Chromosome		NW_022262523.1	unplaced-scaffold	45354			scaffold578
GCF_002021735.2	Primary Assembly	Un			MPKV02000586.1	Chromosome		NW_022262604.1	unplaced-scaffold	45129			scaffold659
GCF_002021735.2	Primary Assembly	Un			MPKV02000587.1	Chromosome		NW_022262555.1	unplaced-scaffold	44709			scaffold610
GCF_002021735.2	Primary Assembly	Un			MPKV02000588.1	Chromosome		NW_022262549.1	unplaced-scaffold	44698			scaffold604
GCF_002021735.2	Primary Assembly	Un			MPKV02000589.1	Chromosome		NW_022262480.1	unplaced-scaffold	44680			scaffold535
GCF_002021735.2	Primary Assembly	Un			MPKV02000591.1	Chromosome		NW_022262632.1	unplaced-scaffold	44479			scaffold687
GCF_002021735.2	Primary Assembly	Un			MPKV02000592.1	Chromosome		NW_022262312.1	unplaced-scaffold	44423			scaffold367
GCF_002021735.2	Primary Assembly	Un			MPKV02000593.1	Chromosome		NW_022262500.1	unplaced-scaffold	44240			scaffold555
GCF_002021735.2	Primary Assembly	Un			MPKV02000594.1	Chromosome		NW_022261991.1	unplaced-scaffold	44239			scaffold44
GCF_002021735.2	Primary Assembly	Un			MPKV02000595.1	Chromosome		NW_022262511.1	unplaced-scaffold	44237			scaffold566
GCF_002021735.2	Primary Assembly	Un			MPKV02000596.1	Chromosome		NW_022262309.1	unplaced-scaffold	44155			scaffold364
GCF_002021735.2	Primary Assembly	Un			MPKV02000598.1	Chromosome		NW_022262091.1	unplaced-scaffold	43810			scaffold144
GCF_002021735.2	Primary Assembly	Un			MPKV02000599.1	Chromosome		NW_022262529.1	unplaced-scaffold	43742			scaffold584
GCF_002021735.2	Primary Assembly	Un			MPKV02000600.1	Chromosome		NW_022262609.1	unplaced-scaffold	43530			scaffold664
GCF_002021735.2	Primary Assembly	Un			MPKV02000601.1	Chromosome		NW_022261999.1	unplaced-scaffold	43316			scaffold52
GCF_002021735.2	Primary Assembly	Un			MPKV02000602.1	Chromosome		NW_022262314.1	unplaced-scaffold	43225			scaffold369
GCF_002021735.2	Primary Assembly	Un			MPKV02000604.1	Chromosome		NW_022262662.1	unplaced-scaffold	43013			scaffold717
GCF_002021735.2	Primary Assembly	Un			MPKV02000605.1	Chromosome		NW_022262128.1	unplaced-scaffold	43008			scaffold181
GCF_002021735.2	Primary Assembly	Un			MPKV02000606.1	Chromosome		NW_022262038.1	unplaced-scaffold	42905			scaffold91
GCF_002021735.2	Primary Assembly	Un			MPKV02000607.1	Chromosome		NW_022262315.1	unplaced-scaffold	42864			scaffold370
GCF_002021735.2	Primary Assembly	Un			MPKV02000608.1	Chromosome		NW_022262421.1	unplaced-scaffold	42851			scaffold476
GCF_002021735.2	Primary Assembly	Un			MPKV02000609.1	Chromosome		NW_022262427.1	unplaced-scaffold	42709			scaffold482
GCF_002021735.2	Primary Assembly	Un			MPKV02000611.1	Chromosome		NW_022262401.1	unplaced-scaffold	42424			scaffold456
GCF_002021735.2	Primary Assembly	Un			MPKV02000612.1	Chromosome		NW_022262431.1	unplaced-scaffold	42075			scaffold486
GCF_002021735.2	Primary Assembly	Un			MPKV02000613.1	Chromosome		NW_022262598.1	unplaced-scaffold	41968			scaffold653
GCF_002021735.2	Primary Assembly	Un			MPKV02000617.1	Chromosome		NW_022262594.1	unplaced-scaffold	41270			scaffold649
GCF_002021735.2	Primary Assembly	Un			MPKV02000618.1	Chromosome		NW_022262350.1	unplaced-scaffold	41266			scaffold405
GCF_002021735.2	Primary Assembly	Un			MPKV02000619.1	Chromosome		NW_022262412.1	unplaced-scaffold	41207			scaffold467
GCF_002021735.2	Primary Assembly	Un			MPKV02000620.1	Chromosome		NW_022262495.1	unplaced-scaffold	41146			scaffold550
GCF_002021735.2	Primary Assembly	Un			MPKV02000621.1	Chromosome		NW_022262574.1	unplaced-scaffold	40959			scaffold629
GCF_002021735.2	Primary Assembly	Un			MPKV02000623.1	Chromosome		NW_022261989.1	unplaced-scaffold	40797			scaffold42
GCF_002021735.2	Primary Assembly	Un			MPKV02000624.1	Chromosome		NW_022262023.1	unplaced-scaffold	40765			scaffold76
GCF_002021735.2	Primary Assembly	Un			MPKV02000625.1	Chromosome		NW_022262319.1	unplaced-scaffold	40678			scaffold374
GCF_002021735.2	Primary Assembly	Un			MPKV02000626.1	Chromosome		NW_022262058.1	unplaced-scaffold	40365			scaffold111
GCF_002021735.2	Primary Assembly	Un			MPKV02000627.1	Chromosome		NW_022262366.1	unplaced-scaffold	40213			scaffold421
GCF_002021735.2	Primary Assembly	Un			MPKV02000630.1	Chromosome		NW_022262647.1	unplaced-scaffold	40168			scaffold702
GCF_002021735.2	Primary Assembly	Un			MPKV02000631.1	Chromosome		NW_022262548.1	unplaced-scaffold	39976			scaffold603
GCF_002021735.2	Primary Assembly	Un			MPKV02000633.1	Chromosome		NW_022262323.1	unplaced-scaffold	39922			scaffold378
GCF_002021735.2	Primary Assembly	Un			MPKV02000634.1	Chromosome		NW_022262329.1	unplaced-scaffold	39811			scaffold384
GCF_002021735.2	Primary Assembly	Un			MPKV02000635.1	Chromosome		NW_022262347.1	unplaced-scaffold	39727			scaffold402
GCF_002021735.2	Primary Assembly	Un			MPKV02000636.1	Chromosome		NW_022262031.1	unplaced-scaffold	39705			scaffold84
GCF_002021735.2	Primary Assembly	Un			MPKV02000637.1	Chromosome		NW_022262418.1	unplaced-scaffold	39694			scaffold473
GCF_002021735.2	Primary Assembly	Un			MPKV02000641.1	Chromosome		NW_022262602.1	unplaced-scaffold	38470			scaffold657
GCF_002021735.2	Primary Assembly	Un			MPKV02000642.1	Chromosome		NW_022262497.1	unplaced-scaffold	38357			scaffold552
GCF_002021735.2	Primary Assembly	Un			MPKV02000643.1	Chromosome		NW_022262490.1	unplaced-scaffold	38243			scaffold545
GCF_002021735.2	Primary Assembly	Un			MPKV02000644.1	Chromosome		NW_022262101.1	unplaced-scaffold	38034			scaffold154
GCF_002021735.2	Primary Assembly	Un			MPKV02000645.1	Chromosome		NW_022262109.1	unplaced-scaffold	38022			scaffold162
GCF_002021735.2	Primary Assembly	Un			MPKV02000646.1	Chromosome		NW_022262429.1	unplaced-scaffold	37858			scaffold484
GCF_002021735.2	Primary Assembly	Un			MPKV02000647.1	Chromosome		NW_022262049.1	unplaced-scaffold	37854			scaffold102
GCF_002021735.2	Primary Assembly	Un			MPKV02000649.1	Chromosome		NW_022262535.1	unplaced-scaffold	37717			scaffold590
GCF_002021735.2	Primary Assembly	Un			MPKV02000650.1	Chromosome		NW_022262003.1	unplaced-scaffold	37715			scaffold56
GCF_002021735.2	Primary Assembly	Un			MPKV02000651.1	Chromosome		NW_022262612.1	unplaced-scaffold	37599			scaffold667
GCF_002021735.2	Primary Assembly	Un			MPKV02000652.1	Chromosome		NW_022262052.1	unplaced-scaffold	37300			scaffold105
GCF_002021735.2	Primary Assembly	Un			MPKV02000653.1	Chromosome		NW_022262022.1	unplaced-scaffold	37124			scaffold75
GCF_002021735.2	Primary Assembly	Un			MPKV02000654.1	Chromosome		NW_022262407.1	unplaced-scaffold	37074			scaffold462
GCF_002021735.2	Primary Assembly	Un			MPKV02000655.1	Chromosome		NW_022262113.1	unplaced-scaffold	37067			scaffold166
GCF_002021735.2	Primary Assembly	Un			MPKV02000656.1	Chromosome		NW_022262419.1	unplaced-scaffold	37030			scaffold474
GCF_002021735.2	Primary Assembly	Un			MPKV02000657.1	Chromosome		NW_022262478.1	unplaced-scaffold	36872			scaffold533
GCF_002021735.2	Primary Assembly	Un			MPKV02000658.1	Chromosome		NW_022262516.1	unplaced-scaffold	36869			scaffold571
GCF_002021735.2	Primary Assembly	Un			MPKV02000660.1	Chromosome		NW_022262303.1	unplaced-scaffold	36852			scaffold358
GCF_002021735.2	Primary Assembly	Un			MPKV02000661.1	Chromosome		NW_022262321.1	unplaced-scaffold	36795			scaffold376
GCF_002021735.2	Primary Assembly	Un			MPKV02000662.1	Chromosome		NW_022262334.1	unplaced-scaffold	36623			scaffold389
GCF_002021735.2	Primary Assembly	Un			MPKV02000664.1	Chromosome		NW_022262472.1	unplaced-scaffold	36581			scaffold527
GCF_002021735.2	Primary Assembly	Un			MPKV02000665.1	Chromosome		NW_022262043.1	unplaced-scaffold	36516			scaffold96
GCF_002021735.2	Primary Assembly	Un			MPKV02000666.1	Chromosome		NW_022262581.1	unplaced-scaffold	36424			scaffold636
GCF_002021735.2	Primary Assembly	Un			MPKV02000667.1	Chromosome		NW_022262134.1	unplaced-scaffold	36328			scaffold187
GCF_002021735.2	Primary Assembly	Un			MPKV02000668.1	Chromosome		NW_022262074.1	unplaced-scaffold	36305			scaffold127
GCF_002021735.2	Primary Assembly	Un			MPKV02000669.1	Chromosome		NW_022262494.1	unplaced-scaffold	36296			scaffold549
GCF_002021735.2	Primary Assembly	Un			MPKV02000670.1	Chromosome		NW_022262080.1	unplaced-scaffold	36154			scaffold133
GCF_002021735.2	Primary Assembly	Un			MPKV02000671.1	Chromosome		NW_022262536.1	unplaced-scaffold	35993			scaffold591
GCF_002021735.2	Primary Assembly	Un			MPKV02000672.1	Chromosome		NW_022262011.1	unplaced-scaffold	35954			scaffold64
GCF_002021735.2	Primary Assembly	Un			MPKV02000674.1	Chromosome		NW_022262456.1	unplaced-scaffold	35574			scaffold511
GCF_002021735.2	Primary Assembly	Un			MPKV02000675.1	Chromosome		NW_022262073.1	unplaced-scaffold	35414			scaffold126
GCF_002021735.2	Primary Assembly	Un			MPKV02000676.1	Chromosome		NW_022262501.1	unplaced-scaffold	35284			scaffold556
GCF_002021735.2	Primary Assembly	Un			MPKV02000678.1	Chromosome		NW_022262338.1	unplaced-scaffold	34840			scaffold393
GCF_002021735.2	Primary Assembly	Un			MPKV02000679.1	Chromosome		NW_022262348.1	unplaced-scaffold	34840			scaffold403
GCF_002021735.2	Primary Assembly	Un			MPKV02000680.1	Chromosome		NW_022262308.1	unplaced-scaffold	34837			scaffold363
GCF_002021735.2	Primary Assembly	Un			MPKV02000681.1	Chromosome		NW_022262454.1	unplaced-scaffold	34819			scaffold509
GCF_002021735.2	Primary Assembly	Un			MPKV02000682.1	Chromosome		NW_022262498.1	unplaced-scaffold	34810			scaffold553
GCF_002021735.2	Primary Assembly	Un			MPKV02000683.1	Chromosome		NW_022262326.1	unplaced-scaffold	34646			scaffold381
GCF_002021735.2	Primary Assembly	Un			MPKV02000684.1	Chromosome		NW_022262320.1	unplaced-scaffold	34350			scaffold375
GCF_002021735.2	Primary Assembly	Un			MPKV02000685.1	Chromosome		NW_022262021.1	unplaced-scaffold	34301			scaffold74
GCF_002021735.2	Primary Assembly	Un			MPKV02000686.1	Chromosome		NW_022262359.1	unplaced-scaffold	34122			scaffold414
GCF_002021735.2	Primary Assembly	Un			MPKV02000687.1	Chromosome		NW_022262116.1	unplaced-scaffold	34001			scaffold169
GCF_002021735.2	Primary Assembly	Un			MPKV02000688.1	Chromosome		NW_022262380.1	unplaced-scaffold	33988			scaffold435
GCF_002021735.2	Primary Assembly	Un			MPKV02000689.1	Chromosome		NW_022262403.1	unplaced-scaffold	33952			scaffold458
GCF_002021735.2	Primary Assembly	Un			MPKV02000690.1	Chromosome		NW_022262059.1	unplaced-scaffold	33942			scaffold112
GCF_002021735.2	Primary Assembly	Un			MPKV02000691.1	Chromosome		NW_022262133.1	unplaced-scaffold	33779			scaffold186
GCF_002021735.2	Primary Assembly	Un			MPKV02000692.1	Chromosome		NW_022262485.1	unplaced-scaffold	33723			scaffold540
GCF_002021735.2	Primary Assembly	Un			MPKV02000693.1	Chromosome		NW_022262379.1	unplaced-scaffold	33684			scaffold434
GCF_002021735.2	Primary Assembly	Un			MPKV02000694.1	Chromosome		NW_022262484.1	unplaced-scaffold	33375			scaffold539
GCF_002021735.2	Primary Assembly	Un			MPKV02000695.1	Chromosome		NW_022262528.1	unplaced-scaffold	33247			scaffold583
GCF_002021735.2	Primary Assembly	Un			MPKV02000696.1	Chromosome		NW_022262398.1	unplaced-scaffold	32959			scaffold453
GCF_002021735.2	Primary Assembly	Un			MPKV02000697.1	Chromosome		NW_022262078.1	unplaced-scaffold	32745			scaffold131
GCF_002021735.2	Primary Assembly	Un			MPKV02000698.1	Chromosome		NW_022262358.1	unplaced-scaffold	32721			scaffold413
GCF_002021735.2	Primary Assembly	Un			MPKV02000699.1	Chromosome		NW_022262436.1	unplaced-scaffold	32719			scaffold491
GCF_002021735.2	Primary Assembly	Un			MPKV02000701.1	Chromosome		NW_022262004.1	unplaced-scaffold	32607			scaffold57
GCF_002021735.2	Primary Assembly	Un			MPKV02000702.1	Chromosome		NW_022262035.1	unplaced-scaffold	32541			scaffold88
GCF_002021735.2	Primary Assembly	Un			MPKV02000703.1	Chromosome		NW_022262361.1	unplaced-scaffold	32471			scaffold416
GCF_002021735.2	Primary Assembly	Un			MPKV02000705.1	Chromosome		NW_022262462.1	unplaced-scaffold	32340			scaffold517
GCF_002021735.2	Primary Assembly	Un			MPKV02000706.1	Chromosome		NW_022262009.1	unplaced-scaffold	32316			scaffold62
GCF_002021735.2	Primary Assembly	Un			MPKV02000709.1	Chromosome		NW_022262102.1	unplaced-scaffold	32114			scaffold155
GCF_002021735.2	Primary Assembly	Un			MPKV02000710.1	Chromosome		NW_022262531.1	unplaced-scaffold	32088			scaffold586
GCF_002021735.2	Primary Assembly	Un			MPKV02000711.1	Chromosome		NW_022262299.1	unplaced-scaffold	32037			scaffold354
GCF_002021735.2	Primary Assembly	Un			MPKV02000712.1	Chromosome		NW_022261996.1	unplaced-scaffold	31979			scaffold49
GCF_002021735.2	Primary Assembly	Un			MPKV02000713.1	Chromosome		NW_022262582.1	unplaced-scaffold	31944			scaffold637
GCF_002021735.2	Primary Assembly	Un			MPKV02000714.1	Chromosome		NW_022262306.1	unplaced-scaffold	31937			scaffold361
GCF_002021735.2	Primary Assembly	Un			MPKV02000715.1	Chromosome		NW_022262363.1	unplaced-scaffold	31924			scaffold418
GCF_002021735.2	Primary Assembly	Un			MPKV02000716.1	Chromosome		NW_022262298.1	unplaced-scaffold	31882			scaffold353
GCF_002021735.2	Primary Assembly	Un			MPKV02000717.1	Chromosome		NW_022262435.1	unplaced-scaffold	31765			scaffold490
GCF_002021735.2	Primary Assembly	Un			MPKV02000718.1	Chromosome		NW_022262461.1	unplaced-scaffold	31753			scaffold516
GCF_002021735.2	Primary Assembly	Un			MPKV02000719.1	Chromosome		NW_022262413.1	unplaced-scaffold	31689			scaffold468
GCF_002021735.2	Primary Assembly	Un			MPKV02000720.1	Chromosome		NW_022262339.1	unplaced-scaffold	31635			scaffold394
GCF_002021735.2	Primary Assembly	Un			MPKV02000721.1	Chromosome		NW_022262650.1	unplaced-scaffold	31487			scaffold705
GCF_002021735.2	Primary Assembly	Un			MPKV02000722.1	Chromosome		NW_022262117.1	unplaced-scaffold	31436			scaffold170
GCF_002021735.2	Primary Assembly	Un			MPKV02000724.1	Chromosome		NW_022262635.1	unplaced-scaffold	31403			scaffold690
GCF_002021735.2	Primary Assembly	Un			MPKV02000725.1	Chromosome		NW_022262039.1	unplaced-scaffold	31274			scaffold92
GCF_002021735.2	Primary Assembly	Un			MPKV02000726.1	Chromosome		NW_022262069.1	unplaced-scaffold	31258			scaffold122
GCF_002021735.2	Primary Assembly	Un			MPKV02000727.1	Chromosome		NW_022262508.1	unplaced-scaffold	31172			scaffold563
GCF_002021735.2	Primary Assembly	Un			MPKV02000729.1	Chromosome		NW_022262027.1	unplaced-scaffold	31023			scaffold80
GCF_002021735.2	Primary Assembly	Un			MPKV02000730.1	Chromosome		NW_022262053.1	unplaced-scaffold	30952			scaffold106
GCF_002021735.2	Primary Assembly	Un			MPKV02000731.1	Chromosome		NW_022262355.1	unplaced-scaffold	30883			scaffold410
GCF_002021735.2	Primary Assembly	Un			MPKV02000733.1	Chromosome		NW_022262136.1	unplaced-scaffold	30710			scaffold189
GCF_002021735.2	Primary Assembly	Un			MPKV02000734.1	Chromosome		NW_022262489.1	unplaced-scaffold	30687			scaffold544
GCF_002021735.2	Primary Assembly	Un			MPKV02000736.1	Chromosome		NW_022262600.1	unplaced-scaffold	30599			scaffold655
GCF_002021735.2	Primary Assembly	Un			MPKV02000738.1	Chromosome		NW_022262550.1	unplaced-scaffold	30362			scaffold605
GCF_002021735.2	Primary Assembly	Un			MPKV02000739.1	Chromosome		NW_022262384.1	unplaced-scaffold	30218			scaffold439
GCF_002021735.2	Primary Assembly	Un			MPKV02000740.1	Chromosome		NW_022262382.1	unplaced-scaffold	30209			scaffold437
GCF_002021735.2	Primary Assembly	Un			MPKV02000741.1	Chromosome		NW_022262067.1	unplaced-scaffold	30167			scaffold120
GCF_002021735.2	Primary Assembly	Un			MPKV02000742.1	Chromosome		NW_022262388.1	unplaced-scaffold	30073			scaffold443
GCF_002021735.2	Primary Assembly	Un			MPKV02000743.1	Chromosome		NW_022262487.1	unplaced-scaffold	29774			scaffold542
GCF_002021735.2	Primary Assembly	Un			MPKV02000744.1	Chromosome		NW_022262353.1	unplaced-scaffold	29701			scaffold408
GCF_002021735.2	Primary Assembly	Un			MPKV02000745.1	Chromosome		NW_022262404.1	unplaced-scaffold	29467			scaffold459
GCF_002021735.2	Primary Assembly	Un			MPKV02000746.1	Chromosome		NW_022262378.1	unplaced-scaffold	29353			scaffold433
GCF_002021735.2	Primary Assembly	Un			MPKV02000747.1	Chromosome		NW_022261994.1	unplaced-scaffold	29318			scaffold47
GCF_002021735.2	Primary Assembly	Un			MPKV02000750.1	Chromosome		NW_022262047.1	unplaced-scaffold	29069			scaffold100
GCF_002021735.2	Primary Assembly	Un			MPKV02000751.1	Chromosome		NW_022262028.1	unplaced-scaffold	29033			scaffold81
GCF_002021735.2	Primary Assembly	Un			MPKV02000752.1	Chromosome		NW_022262578.1	unplaced-scaffold	29025			scaffold633
GCF_002021735.2	Primary Assembly	Un			MPKV02000753.1	Chromosome		NW_022262054.1	unplaced-scaffold	28978			scaffold107
GCF_002021735.2	Primary Assembly	Un			MPKV02000754.1	Chromosome		NW_022261998.1	unplaced-scaffold	28924			scaffold51
GCF_002021735.2	Primary Assembly	Un			MPKV02000755.1	Chromosome		NW_022262648.1	unplaced-scaffold	28875			scaffold703
GCF_002021735.2	Primary Assembly	Un			MPKV02000756.1	Chromosome		NW_022262651.1	unplaced-scaffold	28825			scaffold706
GCF_002021735.2	Primary Assembly	Un			MPKV02000757.1	Chromosome		NW_022262088.1	unplaced-scaffold	28757			scaffold141
GCF_002021735.2	Primary Assembly	Un			MPKV02000758.1	Chromosome		NW_022262086.1	unplaced-scaffold	28694			scaffold139
GCF_002021735.2	Primary Assembly	Un			MPKV02000760.1	Chromosome		NW_022262560.1	unplaced-scaffold	28348			scaffold615
GCF_002021735.2	Primary Assembly	Un			MPKV02000761.1	Chromosome		NW_022262626.1	unplaced-scaffold	28288			scaffold681
GCF_002021735.2	Primary Assembly	Un			MPKV02000762.1	Chromosome		NW_022262044.1	unplaced-scaffold	28198			scaffold97
GCF_002021735.2	Primary Assembly	Un			MPKV02000763.1	Chromosome		NW_022262402.1	unplaced-scaffold	28170			scaffold457
GCF_002021735.2	Primary Assembly	Un			MPKV02000764.1	Chromosome		NW_022262509.1	unplaced-scaffold	28034			scaffold564
GCF_002021735.2	Primary Assembly	Un			MPKV02000765.1	Chromosome		NW_022262135.1	unplaced-scaffold	28019			scaffold188
GCF_002021735.2	Primary Assembly	Un			MPKV02000766.1	Chromosome		NW_022262628.1	unplaced-scaffold	27965			scaffold683
GCF_002021735.2	Primary Assembly	Un			MPKV02000767.1	Chromosome		NW_022261990.1	unplaced-scaffold	27964			scaffold43
GCF_002021735.2	Primary Assembly	Un			MPKV02000768.1	Chromosome		NW_022262576.1	unplaced-scaffold	27948			scaffold631
GCF_002021735.2	Primary Assembly	Un			MPKV02000769.1	Chromosome		NW_022262410.1	unplaced-scaffold	27882			scaffold465
GCF_002021735.2	Primary Assembly	Un			MPKV02000770.1	Chromosome		NW_022262096.1	unplaced-scaffold	27848			scaffold149
GCF_002021735.2	Primary Assembly	Un			MPKV02000771.1	Chromosome		NW_022262499.1	unplaced-scaffold	27807			scaffold554
GCF_002021735.2	Primary Assembly	Un			MPKV02000772.1	Chromosome		NW_022262465.1	unplaced-scaffold	27741			scaffold520
GCF_002021735.2	Primary Assembly	Un			MPKV02000773.1	Chromosome		NW_022262409.1	unplaced-scaffold	27716			scaffold464
GCF_002021735.2	Primary Assembly	Un			MPKV02000774.1	Chromosome		NW_022262446.1	unplaced-scaffold	27643			scaffold501
GCF_002021735.2	Primary Assembly	Un			MPKV02000775.1	Chromosome		NW_022262392.1	unplaced-scaffold	27620			scaffold447
GCF_002021735.2	Primary Assembly	Un			MPKV02000776.1	Chromosome		NW_022262103.1	unplaced-scaffold	27559			scaffold156
GCF_002021735.2	Primary Assembly	Un			MPKV02000777.1	Chromosome		NW_022262492.1	unplaced-scaffold	27494			scaffold547
GCF_002021735.2	Primary Assembly	Un			MPKV02000779.1	Chromosome		NW_022262534.1	unplaced-scaffold	27474			scaffold589
GCF_002021735.2	Primary Assembly	Un			MPKV02000780.1	Chromosome		NW_022262341.1	unplaced-scaffold	27414			scaffold396
GCF_002021735.2	Primary Assembly	Un			MPKV02000782.1	Chromosome		NW_022262445.1	unplaced-scaffold	27266			scaffold500
GCF_002021735.2	Primary Assembly	Un			MPKV02000783.1	Chromosome		NW_022262512.1	unplaced-scaffold	27065			scaffold567
GCF_002021735.2	Primary Assembly	Un			MPKV02000785.1	Chromosome		NW_022262367.1	unplaced-scaffold	27031			scaffold422
GCF_002021735.2	Primary Assembly	Un			MPKV02000787.1	Chromosome		NW_022262471.1	unplaced-scaffold	26842			scaffold526
GCF_002021735.2	Primary Assembly	Un			MPKV02000788.1	Chromosome		NW_022262357.1	unplaced-scaffold	26830			scaffold412
GCF_002021735.2	Primary Assembly	Un			MPKV02000789.1	Chromosome		NW_022262118.1	unplaced-scaffold	26776			scaffold171
GCF_002021735.2	Primary Assembly	Un			MPKV02000791.1	Chromosome		NW_022262061.1	unplaced-scaffold	26645			scaffold114
GCF_002021735.2	Primary Assembly	Un			MPKV02000793.1	Chromosome		NW_022262415.1	unplaced-scaffold	26425			scaffold470
GCF_002021735.2	Primary Assembly	Un			MPKV02000794.1	Chromosome		NW_022262614.1	unplaced-scaffold	26382			scaffold669
GCF_002021735.2	Primary Assembly	Un			MPKV02000796.1	Chromosome		NW_022262018.1	unplaced-scaffold	26222			scaffold71
GCF_002021735.2	Primary Assembly	Un			MPKV02000797.1	Chromosome		NW_022262532.1	unplaced-scaffold	26218			scaffold587
GCF_002021735.2	Primary Assembly	Un			MPKV02000798.1	Chromosome		NW_022262503.1	unplaced-scaffold	26217			scaffold558
GCF_002021735.2	Primary Assembly	Un			MPKV02000799.1	Chromosome		NW_022262517.1	unplaced-scaffold	26043			scaffold572
GCF_002021735.2	Primary Assembly	Un			MPKV02000800.1	Chromosome		NW_022262108.1	unplaced-scaffold	25986			scaffold161
GCF_002021735.2	Primary Assembly	Un			MPKV02000801.1	Chromosome		NW_022262449.1	unplaced-scaffold	25783			scaffold504
GCF_002021735.2	Primary Assembly	Un			MPKV02000802.1	Chromosome		NW_022262068.1	unplaced-scaffold	25748			scaffold121
GCF_002021735.2	Primary Assembly	Un			MPKV02000803.1	Chromosome		NW_022262425.1	unplaced-scaffold	25746			scaffold480
GCF_002021735.2	Primary Assembly	Un			MPKV02000804.1	Chromosome		NW_022262569.1	unplaced-scaffold	25730			scaffold624
GCF_002021735.2	Primary Assembly	Un			MPKV02000806.1	Chromosome		NW_022262343.1	unplaced-scaffold	25414			scaffold398
GCF_002021735.2	Primary Assembly	Un			MPKV02000807.1	Chromosome		NW_022262360.1	unplaced-scaffold	25411			scaffold415
GCF_002021735.2	Primary Assembly	Un			MPKV02000809.1	Chromosome		NW_022262411.1	unplaced-scaffold	25319			scaffold466
GCF_002021735.2	Primary Assembly	Un			MPKV02000810.1	Chromosome		NW_022262568.1	unplaced-scaffold	25204			scaffold623
GCF_002021735.2	Primary Assembly	Un			MPKV02000811.1	Chromosome		NW_022262302.1	unplaced-scaffold	25141			scaffold357
GCF_002021735.2	Primary Assembly	Un			MPKV02000815.1	Chromosome		NW_022262041.1	unplaced-scaffold	24796			scaffold94
GCF_002021735.2	Primary Assembly	Un			MPKV02000816.1	Chromosome		NW_022262063.1	unplaced-scaffold	24724			scaffold116
GCF_002021735.2	Primary Assembly	Un			MPKV02000817.1	Chromosome		NW_022262372.1	unplaced-scaffold	24709			scaffold427
GCF_002021735.2	Primary Assembly	Un			MPKV02000818.1	Chromosome		NW_022262077.1	unplaced-scaffold	24363			scaffold130
GCF_002021735.2	Primary Assembly	Un			MPKV02000820.1	Chromosome		NW_022262079.1	unplaced-scaffold	24315			scaffold132
GCF_002021735.2	Primary Assembly	Un			MPKV02000821.1	Chromosome		NW_022262120.1	unplaced-scaffold	24247			scaffold173
GCF_002021735.2	Primary Assembly	Un			MPKV02000822.1	Chromosome		NW_022262652.1	unplaced-scaffold	24170			scaffold707
GCF_002021735.2	Primary Assembly	Un			MPKV02000823.1	Chromosome		NW_022262458.1	unplaced-scaffold	24112			scaffold513
GCF_002021735.2	Primary Assembly	Un			MPKV02000824.1	Chromosome		NW_022262541.1	unplaced-scaffold	23908			scaffold596
GCF_002021735.2	Primary Assembly	Un			MPKV02000826.1	Chromosome		NW_022262451.1	unplaced-scaffold	23852			scaffold506
GCF_002021735.2	Primary Assembly	Un			MPKV02000827.1	Chromosome		NW_022262515.1	unplaced-scaffold	23839			scaffold570
GCF_002021735.2	Primary Assembly	Un			MPKV02000828.1	Chromosome		NW_022262488.1	unplaced-scaffold	23696			scaffold543
GCF_002021735.2	Primary Assembly	Un			MPKV02000831.1	Chromosome		NW_022262057.1	unplaced-scaffold	23369			scaffold110
GCF_002021735.2	Primary Assembly	Un			MPKV02000832.1	Chromosome		NW_022262083.1	unplaced-scaffold	23338			scaffold136
GCF_002021735.2	Primary Assembly	Un			MPKV02000834.1	Chromosome		NW_022262653.1	unplaced-scaffold	23171			scaffold708
GCF_002021735.2	Primary Assembly	Un			MPKV02000835.1	Chromosome		NW_022262048.1	unplaced-scaffold	23166			scaffold101
GCF_002021735.2	Primary Assembly	Un			MPKV02000836.1	Chromosome		NW_022262104.1	unplaced-scaffold	22961			scaffold157
GCF_002021735.2	Primary Assembly	Un			MPKV02000837.1	Chromosome		NW_022262474.1	unplaced-scaffold	22953			scaffold529
GCF_002021735.2	Primary Assembly	Un			MPKV02000838.1	Chromosome		NW_022262538.1	unplaced-scaffold	22901			scaffold593
GCF_002021735.2	Primary Assembly	Un			MPKV02000840.1	Chromosome		NW_022262333.1	unplaced-scaffold	22841			scaffold388
GCF_002021735.2	Primary Assembly	Un			MPKV02000841.1	Chromosome		NW_022262524.1	unplaced-scaffold	22674			scaffold579
GCF_002021735.2	Primary Assembly	Un			MPKV02000842.1	Chromosome		NW_022262072.1	unplaced-scaffold	22660			scaffold125
GCF_002021735.2	Primary Assembly	Un			MPKV02000843.1	Chromosome		NW_022262601.1	unplaced-scaffold	22593			scaffold656
GCF_002021735.2	Primary Assembly	Un			MPKV02000844.1	Chromosome		NW_022262504.1	unplaced-scaffold	22574			scaffold559
GCF_002021735.2	Primary Assembly	Un			MPKV02000845.1	Chromosome		NW_022262611.1	unplaced-scaffold	22489			scaffold666
GCF_002021735.2	Primary Assembly	Un			MPKV02000846.1	Chromosome		NW_022262533.1	unplaced-scaffold	22471			scaffold588
GCF_002021735.2	Primary Assembly	Un			MPKV02000847.1	Chromosome		NW_022262464.1	unplaced-scaffold	22459			scaffold519
GCF_002021735.2	Primary Assembly	Un			MPKV02000848.1	Chromosome		NW_022262615.1	unplaced-scaffold	22440			scaffold670
GCF_002021735.2	Primary Assembly	Un			MPKV02000849.1	Chromosome		NW_022262100.1	unplaced-scaffold	22426			scaffold153
GCF_002021735.2	Primary Assembly	Un			MPKV02000850.1	Chromosome		NW_022262586.1	unplaced-scaffold	22351			scaffold641
GCF_002021735.2	Primary Assembly	Un			MPKV02000851.1	Chromosome		NW_022262583.1	unplaced-scaffold	22351			scaffold638
GCF_002021735.2	Primary Assembly	Un			MPKV02000852.1	Chromosome		NW_022262318.1	unplaced-scaffold	22322			scaffold373
GCF_002021735.2	Primary Assembly	Un			MPKV02000853.1	Chromosome		NW_022262322.1	unplaced-scaffold	22280			scaffold377
GCF_002021735.2	Primary Assembly	Un			MPKV02000855.1	Chromosome		NW_022262393.1	unplaced-scaffold	22207			scaffold448
GCF_002021735.2	Primary Assembly	Un			MPKV02000856.1	Chromosome		NW_022262394.1	unplaced-scaffold	22084			scaffold449
GCF_002021735.2	Primary Assembly	Un			MPKV02000857.1	Chromosome		NW_022262539.1	unplaced-scaffold	22058			scaffold594
GCF_002021735.2	Primary Assembly	Un			MPKV02000858.1	Chromosome		NW_022262324.1	unplaced-scaffold	21864			scaffold379
GCF_002021735.2	Primary Assembly	Un			MPKV02000859.1	Chromosome		NW_022262617.1	unplaced-scaffold	21792			scaffold672
GCF_002021735.2	Primary Assembly	Un			MPKV02000860.1	Chromosome		NW_022262368.1	unplaced-scaffold	21741			scaffold423
GCF_002021735.2	Primary Assembly	Un			MPKV02000861.1	Chromosome		NW_022262325.1	unplaced-scaffold	21590			scaffold380
GCF_002021735.2	Primary Assembly	Un			MPKV02000863.1	Chromosome		NW_022262554.1	unplaced-scaffold	21506			scaffold609
GCF_002021735.2	Primary Assembly	Un			MPKV02000864.1	Chromosome		NW_022262634.1	unplaced-scaffold	21502			scaffold689
GCF_002021735.2	Primary Assembly	Un			MPKV02000865.1	Chromosome		NW_022262597.1	unplaced-scaffold	21475			scaffold652
GCF_002021735.2	Primary Assembly	Un			MPKV02000866.1	Chromosome		NW_022262362.1	unplaced-scaffold	21164			scaffold417
GCF_002021735.2	Primary Assembly	Un			MPKV02000867.1	Chromosome		NW_022262001.1	unplaced-scaffold	20940			scaffold54
GCF_002021735.2	Primary Assembly	Un			MPKV02000868.1	Chromosome		NW_022261992.1	unplaced-scaffold	20693			scaffold45
GCF_002021735.2	Primary Assembly	Un			MPKV02000869.1	Chromosome		NW_022262383.1	unplaced-scaffold	20673			scaffold438
GCF_002021735.2	Primary Assembly	Un			MPKV02000871.1	Chromosome		NW_022262559.1	unplaced-scaffold	20606			scaffold614
GCF_002021735.2	Primary Assembly	Un			MPKV02000872.1	Chromosome		NW_022262105.1	unplaced-scaffold	20480			scaffold158
GCF_002021735.2	Primary Assembly	Un			MPKV02000874.1	Chromosome		NW_022262337.1	unplaced-scaffold	20341			scaffold392
GCF_002021735.2	Primary Assembly	Un			MPKV02000876.1	Chromosome		NW_022262595.1	unplaced-scaffold	20297			scaffold650
GCF_002021735.2	Primary Assembly	Un			MPKV02000879.1	Chromosome		NW_022262547.1	unplaced-scaffold	20225			scaffold602
GCF_002021735.2	Primary Assembly	Un			MPKV02000881.1	Chromosome		NW_022262460.1	unplaced-scaffold	20185			scaffold515
GCF_002021735.2	Primary Assembly	Un			MPKV02000882.1	Chromosome		NW_022262085.1	unplaced-scaffold	20155			scaffold138
GCF_002021735.2	Primary Assembly	Un			MPKV02000883.1	Chromosome		NW_022262558.1	unplaced-scaffold	20079			scaffold613
GCF_002021735.2	Primary Assembly	Un			MPKV02000884.1	Chromosome		NW_022262030.1	unplaced-scaffold	20068			scaffold83
GCF_002021735.2	Primary Assembly	Un			MPKV02000885.1	Chromosome		NW_022262506.1	unplaced-scaffold	20042			scaffold561
GCF_002021735.2	Primary Assembly	Un			MPKV02000886.1	Chromosome		NW_022262346.1	unplaced-scaffold	20038			scaffold401
GCF_002021735.2	Primary Assembly	Un			MPKV02000887.1	Chromosome		NW_022262443.1	unplaced-scaffold	20019			scaffold498
GCF_002021735.2	Primary Assembly	Un			MPKV02000888.1	Chromosome		NW_022262444.1	unplaced-scaffold	19936			scaffold499
GCF_002021735.2	Primary Assembly	Un			MPKV02000889.1	Chromosome		NW_022262561.1	unplaced-scaffold	19909			scaffold616
GCF_002021735.2	Primary Assembly	Un			MPKV02000891.1	Chromosome		NW_022262466.1	unplaced-scaffold	19752			scaffold521
GCF_002021735.2	Primary Assembly	Un			MPKV02000894.1	Chromosome		NW_022262514.1	unplaced-scaffold	19501			scaffold569
GCF_002021735.2	Primary Assembly	Un			MPKV02000896.1	Chromosome		NW_022262008.1	unplaced-scaffold	19383			scaffold61
GCF_002021735.2	Primary Assembly	Un			MPKV02000897.1	Chromosome		NW_022262395.1	unplaced-scaffold	19141			scaffold450
GCF_002021735.2	Primary Assembly	Un			MPKV02000900.1	Chromosome		NW_022262408.1	unplaced-scaffold	18819			scaffold463
GCF_002021735.2	Primary Assembly	Un			MPKV02000901.1	Chromosome		NW_022262607.1	unplaced-scaffold	18813			scaffold662
GCF_002021735.2	Primary Assembly	Un			MPKV02000902.1	Chromosome		NW_022262633.1	unplaced-scaffold	18717			scaffold688
GCF_002021735.2	Primary Assembly	Un			MPKV02000903.1	Chromosome		NW_022262013.1	unplaced-scaffold	18663			scaffold66
GCF_002021735.2	Primary Assembly	Un			MPKV02000904.1	Chromosome		NW_022262336.1	unplaced-scaffold	18605			scaffold391
GCF_002021735.2	Primary Assembly	Un			MPKV02000905.1	Chromosome		NW_022262613.1	unplaced-scaffold	18531			scaffold668
GCF_002021735.2	Primary Assembly	Un			MPKV02000906.1	Chromosome		NW_022262502.1	unplaced-scaffold	18514			scaffold557
GCF_002021735.2	Primary Assembly	Un			MPKV02000907.1	Chromosome		NW_022262505.1	unplaced-scaffold	18487			scaffold560
GCF_002021735.2	Primary Assembly	Un			MPKV02000908.1	Chromosome		NW_022262070.1	unplaced-scaffold	18426			scaffold123
GCF_002021735.2	Primary Assembly	Un			MPKV02000909.1	Chromosome		NW_022262659.1	unplaced-scaffold	18421			scaffold714
GCF_002021735.2	Primary Assembly	Un			MPKV02000910.1	Chromosome		NW_022262345.1	unplaced-scaffold	18196			scaffold400
GCF_002021735.2	Primary Assembly	Un			MPKV02000911.1	Chromosome		NW_022261993.1	unplaced-scaffold	18081			scaffold46
GCF_002021735.2	Primary Assembly	Un			MPKV02000912.1	Chromosome		NW_022262405.1	unplaced-scaffold	18074			scaffold460
GCF_002021735.2	Primary Assembly	Un			MPKV02000914.1	Chromosome		NW_022262016.1	unplaced-scaffold	18015			scaffold69
GCF_002021735.2	Primary Assembly	Un			MPKV02000915.1	Chromosome		NW_022262040.1	unplaced-scaffold	18007			scaffold93
GCF_002021735.2	Primary Assembly	Un			MPKV02000916.1	Chromosome		NW_022262045.1	unplaced-scaffold	17980			scaffold98
GCF_002021735.2	Primary Assembly	Un			MPKV02000917.1	Chromosome		NW_022262564.1	unplaced-scaffold	17925			scaffold619
GCF_002021735.2	Primary Assembly	Un			MPKV02000918.1	Chromosome		NW_022262092.1	unplaced-scaffold	17911			scaffold145
GCF_002021735.2	Primary Assembly	Un			MPKV02000919.1	Chromosome		NW_022262616.1	unplaced-scaffold	17819			scaffold671
GCF_002021735.2	Primary Assembly	Un			MPKV02000920.1	Chromosome		NW_022262371.1	unplaced-scaffold	17775			scaffold426
GCF_002021735.2	Primary Assembly	Un			MPKV02000921.1	Chromosome		NW_022262439.1	unplaced-scaffold	17764			scaffold494
GCF_002021735.2	Primary Assembly	Un			MPKV02000922.1	Chromosome		NW_022262374.1	unplaced-scaffold	17693			scaffold429
GCF_002021735.2	Primary Assembly	Un			MPKV02000924.1	Chromosome		NW_022262457.1	unplaced-scaffold	17680			scaffold512
GCF_002021735.2	Primary Assembly	Un			MPKV02000925.1	Chromosome		NW_022262356.1	unplaced-scaffold	17562			scaffold411
GCF_002021735.2	Primary Assembly	Un			MPKV02000926.1	Chromosome		NW_022262012.1	unplaced-scaffold	17442			scaffold65
GCF_002021735.2	Primary Assembly	Un			MPKV02000927.1	Chromosome		NW_022262305.1	unplaced-scaffold	17432			scaffold360
GCF_002021735.2	Primary Assembly	Un			MPKV02000928.1	Chromosome		NW_022261995.1	unplaced-scaffold	17415			scaffold48
GCF_002021735.2	Primary Assembly	Un			MPKV02000929.1	Chromosome		NW_022261986.1	unplaced-scaffold	17323			scaffold39
GCF_002021735.2	Primary Assembly	Un			MPKV02000930.1	Chromosome		NW_022262024.1	unplaced-scaffold	17230			scaffold77
GCF_002021735.2	Primary Assembly	Un			MPKV02000931.1	Chromosome		NW_022262452.1	unplaced-scaffold	17212			scaffold507
GCF_002021735.2	Primary Assembly	Un			MPKV02000932.1	Chromosome		NW_022262447.1	unplaced-scaffold	17125			scaffold502
GCF_002021735.2	Primary Assembly	Un			MPKV02000933.1	Chromosome		NW_022262493.1	unplaced-scaffold	17049			scaffold548
GCF_002021735.2	Primary Assembly	Un			MPKV02000934.1	Chromosome		NW_022262463.1	unplaced-scaffold	16960			scaffold518
GCF_002021735.2	Primary Assembly	Un			MPKV02000935.1	Chromosome		NW_022262042.1	unplaced-scaffold	16949			scaffold95
GCF_002021735.2	Primary Assembly	Un			MPKV02000937.1	Chromosome		NW_022262537.1	unplaced-scaffold	16734			scaffold592
GCF_002021735.2	Primary Assembly	Un			MPKV02000940.1	Chromosome		NW_022262106.1	unplaced-scaffold	16610			scaffold159
GCF_002021735.2	Primary Assembly	Un			MPKV02000941.1	Chromosome		NW_022262426.1	unplaced-scaffold	16609			scaffold481
GCF_002021735.2	Primary Assembly	Un			MPKV02000942.1	Chromosome		NW_022262055.1	unplaced-scaffold	16480			scaffold108
GCF_002021735.2	Primary Assembly	Un			MPKV02000943.1	Chromosome		NW_022262107.1	unplaced-scaffold	16428			scaffold160
GCF_002021735.2	Primary Assembly	Un			MPKV02000945.1	Chromosome		NW_022262301.1	unplaced-scaffold	16337			scaffold356
GCF_002021735.2	Primary Assembly	Un			MPKV02000946.1	Chromosome		NW_022262390.1	unplaced-scaffold	16325			scaffold445
GCF_002021735.2	Primary Assembly	Un			MPKV02000947.1	Chromosome		NW_022262304.1	unplaced-scaffold	16315			scaffold359
GCF_002021735.2	Primary Assembly	Un			MPKV02000948.1	Chromosome		NW_022262641.1	unplaced-scaffold	16249			scaffold696
GCF_002021735.2	Primary Assembly	Un			MPKV02000949.1	Chromosome		NW_022262137.1	unplaced-scaffold	16149			scaffold190
GCF_002021735.2	Primary Assembly	Un			MPKV02000951.1	Chromosome		NW_022262545.1	unplaced-scaffold	15827			scaffold600
GCF_002021735.2	Primary Assembly	Un			MPKV02000952.1	Chromosome		NW_022262518.1	unplaced-scaffold	15792			scaffold573
GCF_002021735.2	Primary Assembly	Un			MPKV02000954.1	Chromosome		NW_022262477.1	unplaced-scaffold	15725			scaffold532
GCF_002021735.2	Primary Assembly	Un			MPKV02000955.1	Chromosome		NW_022262300.1	unplaced-scaffold	15623			scaffold355
GCF_002021735.2	Primary Assembly	Un			MPKV02000956.1	Chromosome		NW_022262066.1	unplaced-scaffold	15280			scaffold119
GCF_002021735.2	Primary Assembly	Un			MPKV02000959.1	Chromosome		NW_022262056.1	unplaced-scaffold	15111			scaffold109
GCF_002021735.2	Primary Assembly	Un			MPKV02000960.1	Chromosome		NW_022262064.1	unplaced-scaffold	15088			scaffold117
GCF_002021735.2	Primary Assembly	Un			MPKV02000961.1	Chromosome		NW_022262138.1	unplaced-scaffold	14953			scaffold191
GCF_002021735.2	Primary Assembly	Un			MPKV02000962.1	Chromosome		NW_022262139.1	unplaced-scaffold	14917			scaffold192
GCF_002021735.2	Primary Assembly	Un			MPKV02000963.1	Chromosome		NW_022262140.1	unplaced-scaffold	14843			scaffold193
GCF_002021735.2	Primary Assembly	Un			MPKV02000964.1	Chromosome		NW_022262141.1	unplaced-scaffold	14468			scaffold194
GCF_002021735.2	Primary Assembly	Un			MPKV02000965.1	Chromosome		NW_022262142.1	unplaced-scaffold	14333			scaffold195
GCF_002021735.2	Primary Assembly	Un			MPKV02000966.1	Chromosome		NW_022262143.1	unplaced-scaffold	14298			scaffold196
GCF_002021735.2	Primary Assembly	Un			MPKV02000967.1	Chromosome		NW_022262144.1	unplaced-scaffold	14215			scaffold197
GCF_002021735.2	Primary Assembly	Un			MPKV02000968.1	Chromosome		NW_022262145.1	unplaced-scaffold	14158			scaffold198
GCF_002021735.2	Primary Assembly	Un			MPKV02000969.1	Chromosome		NW_022262146.1	unplaced-scaffold	14155			scaffold199
GCF_002021735.2	Primary Assembly	Un			MPKV02000970.1	Chromosome		NW_022262147.1	unplaced-scaffold	14117			scaffold200
GCF_002021735.2	Primary Assembly	Un			MPKV02000971.1	Chromosome		NW_022262148.1	unplaced-scaffold	14086			scaffold201
GCF_002021735.2	Primary Assembly	Un			MPKV02000972.1	Chromosome		NW_022262149.1	unplaced-scaffold	13929			scaffold202
GCF_002021735.2	Primary Assembly	Un			MPKV02000973.1	Chromosome		NW_022262150.1	unplaced-scaffold	13837			scaffold203
GCF_002021735.2	Primary Assembly	Un			MPKV02000974.1	Chromosome		NW_022262151.1	unplaced-scaffold	13769			scaffold204
GCF_002021735.2	Primary Assembly	Un			MPKV02000975.1	Chromosome		NW_022262152.1	unplaced-scaffold	13749			scaffold205
GCF_002021735.2	Primary Assembly	Un			MPKV02000976.1	Chromosome		NW_022262153.1	unplaced-scaffold	13739			scaffold206
GCF_002021735.2	Primary Assembly	Un			MPKV02000977.1	Chromosome		NW_022262154.1	unplaced-scaffold	13701			scaffold207
GCF_002021735.2	Primary Assembly	Un			MPKV02000978.1	Chromosome		NW_022262155.1	unplaced-scaffold	13646			scaffold208
GCF_002021735.2	Primary Assembly	Un			MPKV02000979.1	Chromosome		NW_022262156.1	unplaced-scaffold	13612			scaffold209
GCF_002021735.2	Primary Assembly	Un			MPKV02000980.1	Chromosome		NW_022262157.1	unplaced-scaffold	13469			scaffold210
GCF_002021735.2	Primary Assembly	Un			MPKV02000981.1	Chromosome		NW_022262158.1	unplaced-scaffold	13370			scaffold211
GCF_002021735.2	Primary Assembly	Un			MPKV02000982.1	Chromosome		NW_022262159.1	unplaced-scaffold	13357			scaffold212
GCF_002021735.2	Primary Assembly	Un			MPKV02000983.1	Chromosome		NW_022262160.1	unplaced-scaffold	13238			scaffold213
GCF_002021735.2	Primary Assembly	Un			MPKV02000984.1	Chromosome		NW_022262161.1	unplaced-scaffold	13152			scaffold214
GCF_002021735.2	Primary Assembly	Un			MPKV02000985.1	Chromosome		NW_022262162.1	unplaced-scaffold	13135			scaffold215
GCF_002021735.2	Primary Assembly	Un			MPKV02000986.1	Chromosome		NW_022262163.1	unplaced-scaffold	13045			scaffold216
GCF_002021735.2	Primary Assembly	Un			MPKV02000987.1	Chromosome		NW_022262164.1	unplaced-scaffold	13018			scaffold217
GCF_002021735.2	Primary Assembly	Un			MPKV02000988.1	Chromosome		NW_022262165.1	unplaced-scaffold	12998			scaffold218
GCF_002021735.2	Primary Assembly	Un			MPKV02000989.1	Chromosome		NW_022262166.1	unplaced-scaffold	12678			scaffold219
GCF_002021735.2	Primary Assembly	Un			MPKV02000990.1	Chromosome		NW_022262167.1	unplaced-scaffold	12483			scaffold220
GCF_002021735.2	Primary Assembly	Un			MPKV02000991.1	Chromosome		NW_022262168.1	unplaced-scaffold	12014			scaffold221
GCF_002021735.2	Primary Assembly	Un			MPKV02000992.1	Chromosome		NW_022262169.1	unplaced-scaffold	11898			scaffold222
GCF_002021735.2	Primary Assembly	Un			MPKV02000993.1	Chromosome		NW_022262170.1	unplaced-scaffold	11519			scaffold223
GCF_002021735.2	Primary Assembly	Un			MPKV02000994.1	Chromosome		NW_022262171.1	unplaced-scaffold	11505			scaffold224
GCF_002021735.2	Primary Assembly	Un			MPKV02000995.1	Chromosome		NW_022262172.1	unplaced-scaffold	11411			scaffold225
GCF_002021735.2	Primary Assembly	Un			MPKV02000996.1	Chromosome		NW_022262173.1	unplaced-scaffold	11315			scaffold226
GCF_002021735.2	Primary Assembly	Un			MPKV02000997.1	Chromosome		NW_022262174.1	unplaced-scaffold	11267			scaffold227
GCF_002021735.2	Primary Assembly	Un			MPKV02000998.1	Chromosome		NW_022262175.1	unplaced-scaffold	11231			scaffold228
GCF_002021735.2	Primary Assembly	Un			MPKV02000999.1	Chromosome		NW_022262176.1	unplaced-scaffold	11231			scaffold229
GCF_002021735.2	Primary Assembly	Un			MPKV02001000.1	Chromosome		NW_022262177.1	unplaced-scaffold	11109			scaffold230
GCF_002021735.2	Primary Assembly	Un			MPKV02001001.1	Chromosome		NW_022262178.1	unplaced-scaffold	11019			scaffold231
GCF_002021735.2	Primary Assembly	Un			MPKV02001002.1	Chromosome		NW_022262179.1	unplaced-scaffold	10939			scaffold232
GCF_002021735.2	Primary Assembly	Un			MPKV02001003.1	Chromosome		NW_022262180.1	unplaced-scaffold	10791			scaffold233
GCF_002021735.2	Primary Assembly	Un			MPKV02001004.1	Chromosome		NW_022262181.1	unplaced-scaffold	10769			scaffold234
GCF_002021735.2	Primary Assembly	Un			MPKV02001005.1	Chromosome		NW_022262182.1	unplaced-scaffold	10754			scaffold235
GCF_002021735.2	Primary Assembly	Un			MPKV02001006.1	Chromosome		NW_022262183.1	unplaced-scaffold	10586			scaffold236
GCF_002021735.2	Primary Assembly	Un			MPKV02001007.1	Chromosome		NW_022262184.1	unplaced-scaffold	10559			scaffold237
GCF_002021735.2	Primary Assembly	Un			MPKV02001008.1	Chromosome		NW_022262185.1	unplaced-scaffold	10431			scaffold238
GCF_002021735.2	Primary Assembly	Un			MPKV02001009.1	Chromosome		NW_022262186.1	unplaced-scaffold	10425			scaffold239
GCF_002021735.2	Primary Assembly	Un			MPKV02001010.1	Chromosome		NW_022262187.1	unplaced-scaffold	10258			scaffold240
GCF_002021735.2	Primary Assembly	Un			MPKV02001011.1	Chromosome		NW_022262188.1	unplaced-scaffold	10163			scaffold241
GCF_002021735.2	Primary Assembly	Un			MPKV02001012.1	Chromosome		NW_022262189.1	unplaced-scaffold	10094			scaffold242
GCF_002021735.2	Primary Assembly	Un			MPKV02001013.1	Chromosome		NW_022262190.1	unplaced-scaffold	10031			scaffold243
GCF_002021735.2	Primary Assembly	Un			MPKV02001014.1	Chromosome		NW_022262191.1	unplaced-scaffold	9951			scaffold244
GCF_002021735.2	Primary Assembly	Un			MPKV02001015.1	Chromosome		NW_022262192.1	unplaced-scaffold	9875			scaffold245
GCF_002021735.2	Primary Assembly	Un			MPKV02001016.1	Chromosome		NW_022262193.1	unplaced-scaffold	9840			scaffold246
GCF_002021735.2	Primary Assembly	Un			MPKV02001017.1	Chromosome		NW_022262194.1	unplaced-scaffold	9500			scaffold247
GCF_002021735.2	Primary Assembly	Un			MPKV02001018.1	Chromosome		NW_022262195.1	unplaced-scaffold	9493			scaffold248
GCF_002021735.2	Primary Assembly	Un			MPKV02001019.1	Chromosome		NW_022262196.1	unplaced-scaffold	9424			scaffold249
GCF_002021735.2	Primary Assembly	Un			MPKV02001020.1	Chromosome		NW_022262197.1	unplaced-scaffold	9108			scaffold250
GCF_002021735.2	Primary Assembly	Un			MPKV02001021.1	Chromosome		NW_022262198.1	unplaced-scaffold	9108			scaffold251
GCF_002021735.2	Primary Assembly	Un			MPKV02001022.1	Chromosome		NW_022262199.1	unplaced-scaffold	8818			scaffold252
GCF_002021735.2	Primary Assembly	Un			MPKV02001023.1	Chromosome		NW_022262200.1	unplaced-scaffold	8645			scaffold253
GCF_002021735.2	Primary Assembly	Un			MPKV02001024.1	Chromosome		NW_022262201.1	unplaced-scaffold	8447			scaffold254
GCF_002021735.2	Primary Assembly	Un			MPKV02001025.1	Chromosome		NW_022262202.1	unplaced-scaffold	8446			scaffold255
GCF_002021735.2	Primary Assembly	Un			MPKV02001026.1	Chromosome		NW_022262203.1	unplaced-scaffold	8427			scaffold256
GCF_002021735.2	Primary Assembly	Un			MPKV02001027.1	Chromosome		NW_022262204.1	unplaced-scaffold	8117			scaffold257
GCF_002021735.2	Primary Assembly	Un			MPKV02001028.1	Chromosome		NW_022262205.1	unplaced-scaffold	8053			scaffold258
GCF_002021735.2	Primary Assembly	Un			MPKV02001029.1	Chromosome		NW_022262206.1	unplaced-scaffold	7899			scaffold259
GCF_002021735.2	Primary Assembly	Un			MPKV02001030.1	Chromosome		NW_022262207.1	unplaced-scaffold	7850			scaffold260
GCF_002021735.2	Primary Assembly	Un			MPKV02001031.1	Chromosome		NW_022262208.1	unplaced-scaffold	7812			scaffold261
GCF_002021735.2	Primary Assembly	Un			MPKV02001032.1	Chromosome		NW_022262209.1	unplaced-scaffold	7791			scaffold262
GCF_002021735.2	Primary Assembly	Un			MPKV02001033.1	Chromosome		NW_022262210.1	unplaced-scaffold	7300			scaffold263
GCF_002021735.2	Primary Assembly	Un			MPKV02001034.1	Chromosome		NW_022262211.1	unplaced-scaffold	7297			scaffold264
GCF_002021735.2	Primary Assembly	Un			MPKV02001035.1	Chromosome		NW_022262212.1	unplaced-scaffold	7180			scaffold265
GCF_002021735.2	Primary Assembly	Un			MPKV02001036.1	Chromosome		NW_022262213.1	unplaced-scaffold	7110			scaffold266
GCF_002021735.2	Primary Assembly	Un			MPKV02001037.1	Chromosome		NW_022262214.1	unplaced-scaffold	7099			scaffold267
GCF_002021735.2	Primary Assembly	Un			MPKV02001038.1	Chromosome		NW_022262215.1	unplaced-scaffold	7046			scaffold268
GCF_002021735.2	Primary Assembly	Un			MPKV02001039.1	Chromosome		NW_022262216.1	unplaced-scaffold	6800			scaffold269
GCF_002021735.2	Primary Assembly	Un			MPKV02001040.1	Chromosome		NW_022262217.1	unplaced-scaffold	6638			scaffold270
GCF_002021735.2	Primary Assembly	Un			MPKV02001041.1	Chromosome		NW_022262218.1	unplaced-scaffold	6450			scaffold271
GCF_002021735.2	Primary Assembly	Un			MPKV02001042.1	Chromosome		NW_022262219.1	unplaced-scaffold	6234			scaffold272
GCF_002021735.2	Primary Assembly	Un			MPKV02001043.1	Chromosome		NW_022262220.1	unplaced-scaffold	5967			scaffold273
GCF_002021735.2	Primary Assembly	Un			MPKV02001044.1	Chromosome		NW_022262221.1	unplaced-scaffold	5962			scaffold274
GCF_002021735.2	Primary Assembly	Un			MPKV02001045.1	Chromosome		NW_022262222.1	unplaced-scaffold	5842			scaffold275
GCF_002021735.2	Primary Assembly	Un			MPKV02001046.1	Chromosome		NW_022262223.1	unplaced-scaffold	5747			scaffold276
GCF_002021735.2	Primary Assembly	Un			MPKV02001047.1	Chromosome		NW_022262224.1	unplaced-scaffold	5696			scaffold277
GCF_002021735.2	Primary Assembly	Un			MPKV02001048.1	Chromosome		NW_022262225.1	unplaced-scaffold	5665			scaffold278
GCF_002021735.2	Primary Assembly	Un			MPKV02001049.1	Chromosome		NW_022262226.1	unplaced-scaffold	5584			scaffold279
GCF_002021735.2	Primary Assembly	Un			MPKV02001050.1	Chromosome		NW_022262227.1	unplaced-scaffold	5366			scaffold280
GCF_002021735.2	Primary Assembly	Un			MPKV02001051.1	Chromosome		NW_022262228.1	unplaced-scaffold	5316			scaffold281
GCF_002021735.2	Primary Assembly	Un			MPKV02001052.1	Chromosome		NW_022262229.1	unplaced-scaffold	5304			scaffold282
GCF_002021735.2	Primary Assembly	Un			MPKV02001053.1	Chromosome		NW_022262230.1	unplaced-scaffold	5188			scaffold283
GCF_002021735.2	Primary Assembly	Un			MPKV02001054.1	Chromosome		NW_022262231.1	unplaced-scaffold	5000			scaffold284
GCF_002021735.2	Primary Assembly	Un			MPKV02001055.1	Chromosome		NW_022262232.1	unplaced-scaffold	5000			scaffold285
GCF_002021735.2	Primary Assembly	Un			MPKV02001056.1	Chromosome		NW_022262233.1	unplaced-scaffold	5000			scaffold286
GCF_002021735.2	Primary Assembly	Un			MPKV02001057.1	Chromosome		NW_022262234.1	unplaced-scaffold	5000			scaffold287
GCF_002021735.2	Primary Assembly	Un			MPKV02001058.1	Chromosome		NW_022262235.1	unplaced-scaffold	5000			scaffold288
GCF_002021735.2	Primary Assembly	Un			MPKV02001059.1	Chromosome		NW_022262236.1	unplaced-scaffold	5000			scaffold289
GCF_002021735.2	Primary Assembly	Un			MPKV02001060.1	Chromosome		NW_022262237.1	unplaced-scaffold	5000			scaffold290
GCF_002021735.2	Primary Assembly	Un			MPKV02001061.1	Chromosome		NW_022262238.1	unplaced-scaffold	4955			scaffold291
GCF_002021735.2	Primary Assembly	Un			MPKV02001062.1	Chromosome		NW_022262239.1	unplaced-scaffold	4940			scaffold292
GCF_002021735.2	Primary Assembly	Un			MPKV02001063.1	Chromosome		NW_022262240.1	unplaced-scaffold	4923			scaffold293
GCF_002021735.2	Primary Assembly	Un			MPKV02001064.1	Chromosome		NW_022262241.1	unplaced-scaffold	4910			scaffold294
GCF_002021735.2	Primary Assembly	Un			MPKV02001065.1	Chromosome		NW_022262242.1	unplaced-scaffold	4857			scaffold295
GCF_002021735.2	Primary Assembly	Un			MPKV02001066.1	Chromosome		NW_022262243.1	unplaced-scaffold	4740			scaffold296
GCF_002021735.2	Primary Assembly	Un			MPKV02001067.1	Chromosome		NW_022262244.1	unplaced-scaffold	4631			scaffold297
GCF_002021735.2	Primary Assembly	Un			MPKV02001068.1	Chromosome		NW_022262245.1	unplaced-scaffold	4550			scaffold298
GCF_002021735.2	Primary Assembly	Un			MPKV02001069.1	Chromosome		NW_022262246.1	unplaced-scaffold	4381			scaffold299
GCF_002021735.2	Primary Assembly	Un			MPKV02001070.1	Chromosome		NW_022262247.1	unplaced-scaffold	4371			scaffold300
GCF_002021735.2	Primary Assembly	Un			MPKV02001071.1	Chromosome		NW_022262248.1	unplaced-scaffold	4328			scaffold301
GCF_002021735.2	Primary Assembly	Un			MPKV02001072.1	Chromosome		NW_022262249.1	unplaced-scaffold	4274			scaffold302
GCF_002021735.2	Primary Assembly	Un			MPKV02001073.1	Chromosome		NW_022262250.1	unplaced-scaffold	4066			scaffold303
GCF_002021735.2	Primary Assembly	Un			MPKV02001074.1	Chromosome		NW_022262251.1	unplaced-scaffold	4024			scaffold304
GCF_002021735.2	Primary Assembly	Un			MPKV02001075.1	Chromosome		NW_022262252.1	unplaced-scaffold	3952			scaffold305
GCF_002021735.2	Primary Assembly	Un			MPKV02001076.1	Chromosome		NW_022262253.1	unplaced-scaffold	3912			scaffold306
GCF_002021735.2	Primary Assembly	Un			MPKV02001077.1	Chromosome		NW_022262254.1	unplaced-scaffold	3893			scaffold307
GCF_002021735.2	Primary Assembly	Un			MPKV02001078.1	Chromosome		NW_022262255.1	unplaced-scaffold	3846			scaffold308
GCF_002021735.2	Primary Assembly	Un			MPKV02001079.1	Chromosome		NW_022262256.1	unplaced-scaffold	3781			scaffold309
GCF_002021735.2	Primary Assembly	Un			MPKV02001080.1	Chromosome		NW_022262257.1	unplaced-scaffold	3474			scaffold310
GCF_002021735.2	Primary Assembly	Un			MPKV02001081.1	Chromosome		NW_022262258.1	unplaced-scaffold	3453			scaffold311
GCF_002021735.2	Primary Assembly	Un			MPKV02001082.1	Chromosome		NW_022262259.1	unplaced-scaffold	3268			scaffold312
GCF_002021735.2	Primary Assembly	Un			MPKV02001083.1	Chromosome		NW_022262260.1	unplaced-scaffold	3134			scaffold313
GCF_002021735.2	Primary Assembly	Un			MPKV02001084.1	Chromosome		NW_022262261.1	unplaced-scaffold	3045			scaffold314
GCF_002021735.2	Primary Assembly	Un			MPKV02001085.1	Chromosome		NW_022262262.1	unplaced-scaffold	2936			scaffold316
GCF_002021735.2	Primary Assembly	Un			MPKV02001086.1	Chromosome		NW_022262263.1	unplaced-scaffold	2901			scaffold317
GCF_002021735.2	Primary Assembly	Un			MPKV02001087.1	Chromosome		NW_022262264.1	unplaced-scaffold	2860			scaffold319
GCF_002021735.2	Primary Assembly	Un			MPKV02001088.1	Chromosome		NW_022262265.1	unplaced-scaffold	2725			scaffold320
GCF_002021735.2	Primary Assembly	Un			MPKV02001089.1	Chromosome		NW_022262266.1	unplaced-scaffold	2719			scaffold321
GCF_002021735.2	Primary Assembly	Un			MPKV02001090.1	Chromosome		NW_022262267.1	unplaced-scaffold	2704			scaffold322
GCF_002021735.2	Primary Assembly	Un			MPKV02001091.1	Chromosome		NW_022262268.1	unplaced-scaffold	2681			scaffold323
GCF_002021735.2	Primary Assembly	Un			MPKV02001092.1	Chromosome		NW_022262269.1	unplaced-scaffold	2678			scaffold324
GCF_002021735.2	Primary Assembly	Un			MPKV02001093.1	Chromosome		NW_022262270.1	unplaced-scaffold	2656			scaffold325
GCF_002021735.2	Primary Assembly	Un			MPKV02001094.1	Chromosome		NW_022262271.1	unplaced-scaffold	2636			scaffold326
GCF_002021735.2	Primary Assembly	Un			MPKV02001095.1	Chromosome		NW_022262272.1	unplaced-scaffold	2631			scaffold327
GCF_002021735.2	Primary Assembly	Un			MPKV02001096.1	Chromosome		NW_022262273.1	unplaced-scaffold	2512			scaffold328
GCF_002021735.2	Primary Assembly	Un			MPKV02001097.1	Chromosome		NW_022262274.1	unplaced-scaffold	2430			scaffold329
GCF_002021735.2	Primary Assembly	Un			MPKV02001098.1	Chromosome		NW_022262275.1	unplaced-scaffold	2417			scaffold330
GCF_002021735.2	Primary Assembly	Un			MPKV02001099.1	Chromosome		NW_022262276.1	unplaced-scaffold	1987			scaffold331
GCF_002021735.2	Primary Assembly	Un			MPKV02001100.1	Chromosome		NW_022262277.1	unplaced-scaffold	1907			scaffold332
GCF_002021735.2	Primary Assembly	Un			MPKV02001101.1	Chromosome		NW_022262278.1	unplaced-scaffold	1828			scaffold333
GCF_002021735.2	Primary Assembly	Un			MPKV02001102.1	Chromosome		NW_022262279.1	unplaced-scaffold	1828			scaffold334
GCF_002021735.2	Primary Assembly	Un			MPKV02001103.1	Chromosome		NW_022262280.1	unplaced-scaffold	1775			scaffold335
GCF_002021735.2	Primary Assembly	Un			MPKV02001104.1	Chromosome		NW_022262281.1	unplaced-scaffold	1753			scaffold336
GCF_002021735.2	Primary Assembly	Un			MPKV02001105.1	Chromosome		NW_022262282.1	unplaced-scaffold	1743			scaffold337
GCF_002021735.2	Primary Assembly	Un			MPKV02001106.1	Chromosome		NW_022262283.1	unplaced-scaffold	1693			scaffold338
GCF_002021735.2	Primary Assembly	Un			MPKV02001107.1	Chromosome		NW_022262284.1	unplaced-scaffold	1663			scaffold339
GCF_002021735.2	Primary Assembly	Un			MPKV02001108.1	Chromosome		NW_022262285.1	unplaced-scaffold	1626			scaffold340
GCF_002021735.2	Primary Assembly	Un			MPKV02001109.1	Chromosome		NW_022262286.1	unplaced-scaffold	1510			scaffold341
GCF_002021735.2	Primary Assembly	Un			MPKV02001110.1	Chromosome		NW_022262287.1	unplaced-scaffold	1467			scaffold342
GCF_002021735.2	Primary Assembly	Un			MPKV02001111.1	Chromosome		NW_022262288.1	unplaced-scaffold	1458			scaffold343
GCF_002021735.2	Primary Assembly	Un			MPKV02001112.1	Chromosome		NW_022262289.1	unplaced-scaffold	1437			scaffold344
GCF_002021735.2	Primary Assembly	Un			MPKV02001113.1	Chromosome		NW_022262290.1	unplaced-scaffold	1415			scaffold345
GCF_002021735.2	Primary Assembly	Un			MPKV02001114.1	Chromosome		NW_022262291.1	unplaced-scaffold	1381			scaffold346
GCF_002021735.2	Primary Assembly	Un			MPKV02001115.1	Chromosome		NW_022262292.1	unplaced-scaffold	1365			scaffold347
GCF_002021735.2	Primary Assembly	Un			MPKV02001116.1	Chromosome		NW_022262293.1	unplaced-scaffold	1311			scaffold348
GCF_002021735.2	Primary Assembly	Un			MPKV02001117.1	Chromosome		NW_022262294.1	unplaced-scaffold	1134			scaffold349
GCF_002021735.2	Primary Assembly	Un			MPKV02001118.1	Chromosome		NW_022262295.1	unplaced-scaffold	1080			scaffold350
GCF_002021735.2	Primary Assembly	Un			MPKV02001119.1	Chromosome		NW_022262296.1	unplaced-scaffold	1028			scaffold351
GCF_002021735.2	Primary Assembly	Un			MPKV02001120.1	Chromosome		NW_022262297.1	unplaced-scaffold	1018			scaffold352
GCF_002021735.2	Primary Assembly	Un			MPKV02001121.1	Chromosome		NW_022262673.1	unplaced-scaffold	182887			scaffold728
GCF_002021735.2	Primary Assembly	Un			MPKV02001122.1	Chromosome		NW_022262674.1	unplaced-scaffold	182585			scaffold729
GCF_002021735.2	Primary Assembly	Un			MPKV02001123.1	Chromosome		NW_022262675.1	unplaced-scaffold	179579			scaffold730
GCF_002021735.2	Primary Assembly	Un			MPKV02001124.1	Chromosome		NW_022262676.1	unplaced-scaffold	389969			scaffold731
GCF_002021735.2	Primary Assembly	Un			MPKV02001125.1	Chromosome		NW_022262677.1	unplaced-scaffold	182201			scaffold732
GCF_002021735.2	Primary Assembly	Un			MPKV02001126.1	Chromosome		NW_022262678.1	unplaced-scaffold	180909			scaffold733
GCF_002021735.2	Primary Assembly	Un			MPKV02001127.1	Chromosome		NW_022262679.1	unplaced-scaffold	180528			scaffold734
GCF_002021735.2	Primary Assembly	Un			MPKV02001128.1	Chromosome		NW_022262680.1	unplaced-scaffold	180540			scaffold735
GCF_002021735.2	Primary Assembly	Un			MPKV02001129.1	Chromosome		NW_022262681.1	unplaced-scaffold	180803			scaffold736
GCF_002021735.2	Primary Assembly	Un			MPKV02001130.1	Chromosome		NW_022262682.1	unplaced-scaffold	175570			scaffold737
GCF_002021735.2	Primary Assembly	Un			MPKV02001131.1	Chromosome		NW_022262683.1	unplaced-scaffold	167103			scaffold738
GCF_002021735.2	Primary Assembly	Un			MPKV02001132.1	Chromosome		NW_022262684.1	unplaced-scaffold	4919			scaffold739
GCF_002021735.2	Primary Assembly	Un			MPKV02001133.1	Chromosome		NW_022262685.1	unplaced-scaffold	174685			scaffold740
GCF_002021735.2	Primary Assembly	Un			MPKV02001134.1	Chromosome		NW_022262686.1	unplaced-scaffold	177188			scaffold741
GCF_002021735.2	Primary Assembly	Un			MPKV02001135.1	Chromosome		NW_022262687.1	unplaced-scaffold	173771			scaffold742
GCF_002021735.2	Primary Assembly	Un			MPKV02001136.1	Chromosome		NW_022262688.1	unplaced-scaffold	176510			scaffold743
GCF_002021735.2	Primary Assembly	Un			MPKV02001137.1	Chromosome		NW_022262689.1	unplaced-scaffold	175658			scaffold744
GCF_002021735.2	Primary Assembly	Un			MPKV02001138.1	Chromosome		NW_022262690.1	unplaced-scaffold	175191			scaffold745
GCF_002021735.2	Primary Assembly	Un			MPKV02001139.1	Chromosome		NW_022262691.1	unplaced-scaffold	175349			scaffold746
GCF_002021735.2	Primary Assembly	Un			MPKV02001140.1	Chromosome		NW_022262692.1	unplaced-scaffold	175464			scaffold747
GCF_002021735.2	Primary Assembly	Un			MPKV02001141.1	Chromosome		NW_022262693.1	unplaced-scaffold	174874			scaffold748
GCF_002021735.2	Primary Assembly	Un			MPKV02001142.1	Chromosome		NW_022262694.1	unplaced-scaffold	174914			scaffold749
GCF_002021735.2	Primary Assembly	Un			MPKV02001143.1	Chromosome		NW_022262695.1	unplaced-scaffold	173647			scaffold750
GCF_002021735.2	Primary Assembly	Un			MPKV02001144.1	Chromosome		NW_022262696.1	unplaced-scaffold	173427			scaffold751
GCF_002021735.2	Primary Assembly	Un			MPKV02001145.1	Chromosome		NW_022262697.1	unplaced-scaffold	173345			scaffold752
GCF_002021735.2	Primary Assembly	Un			MPKV02001146.1	Chromosome		NW_022262698.1	unplaced-scaffold	170766			scaffold753
GCF_002021735.2	Primary Assembly	Un			MPKV02001147.1	Chromosome		NW_022262699.1	unplaced-scaffold	172756			scaffold754
GCF_002021735.2	Primary Assembly	Un			MPKV02001148.1	Chromosome		NW_022262700.1	unplaced-scaffold	167432			scaffold755
GCF_002021735.2	Primary Assembly	Un			MPKV02001149.1	Chromosome		NW_022262701.1	unplaced-scaffold	172227			scaffold756
GCF_002021735.2	Primary Assembly	Un			MPKV02001150.1	Chromosome		NW_022262702.1	unplaced-scaffold	172191			scaffold757
GCF_002021735.2	Primary Assembly	Un			MPKV02001151.1	Chromosome		NW_022262703.1	unplaced-scaffold	172078			scaffold758
GCF_002021735.2	Primary Assembly	Un			MPKV02001152.1	Chromosome		NW_022262704.1	unplaced-scaffold	171821			scaffold759
GCF_002021735.2	Primary Assembly	Un			MPKV02001153.1	Chromosome		NW_022262705.1	unplaced-scaffold	169122			scaffold760
GCF_002021735.2	Primary Assembly	Un			MPKV02001154.1	Chromosome		NW_022262706.1	unplaced-scaffold	171226			scaffold761
GCF_002021735.2	Primary Assembly	Un			MPKV02001155.1	Chromosome		NW_022262707.1	unplaced-scaffold	170438			scaffold762
GCF_002021735.2	Primary Assembly	Un			MPKV02001156.1	Chromosome		NW_022262708.1	unplaced-scaffold	169758			scaffold763
GCF_002021735.2	Primary Assembly	Un			MPKV02001157.1	Chromosome		NW_022262709.1	unplaced-scaffold	402611			scaffold764
GCF_002021735.2	Primary Assembly	Un			MPKV02001158.1	Chromosome		NW_022262710.1	unplaced-scaffold	168952			scaffold765
GCF_002021735.2	Primary Assembly	Un			MPKV02001159.1	Chromosome		NW_022262711.1	unplaced-scaffold	160379			scaffold766
GCF_002021735.2	Primary Assembly	Un			MPKV02001160.1	Chromosome		NW_022262712.1	unplaced-scaffold	168318			scaffold767
GCF_002021735.2	Primary Assembly	Un			MPKV02001161.1	Chromosome		NW_022262713.1	unplaced-scaffold	167645			scaffold768
GCF_002021735.2	Primary Assembly	Un			MPKV02001162.1	Chromosome		NW_022262714.1	unplaced-scaffold	201671			scaffold769
GCF_002021735.2	Primary Assembly	Un			MPKV02001163.1	Chromosome		NW_022262715.1	unplaced-scaffold	166434			scaffold770
GCF_002021735.2	Primary Assembly	Un			MPKV02001164.1	Chromosome		NW_022262716.1	unplaced-scaffold	166274			scaffold771
GCF_002021735.2	Primary Assembly	Un			MPKV02001165.1	Chromosome		NW_022262717.1	unplaced-scaffold	165385			scaffold772
GCF_002021735.2	Primary Assembly	Un			MPKV02001166.1	Chromosome		NW_022262718.1	unplaced-scaffold	164114			scaffold773
GCF_002021735.2	Primary Assembly	Un			MPKV02001167.1	Chromosome		NW_022262719.1	unplaced-scaffold	163440			scaffold774
GCF_002021735.2	Primary Assembly	Un			MPKV02001168.1	Chromosome		NW_022262720.1	unplaced-scaffold	162001			scaffold775
GCF_002021735.2	Primary Assembly	Un			MPKV02001169.1	Chromosome		NW_022262721.1	unplaced-scaffold	216885			scaffold776
GCF_002021735.2	Primary Assembly	Un			MPKV02001170.1	Chromosome		NW_022262722.1	unplaced-scaffold	161775			scaffold777
GCF_002021735.2	Primary Assembly	Un			MPKV02001171.1	Chromosome		NW_022262723.1	unplaced-scaffold	26872			scaffold778
GCF_002021735.2	Primary Assembly	Un			MPKV02001172.1	Chromosome		NW_022262724.1	unplaced-scaffold	5000			scaffold779
GCF_002021735.2	Primary Assembly	Un			MPKV02001173.1	Chromosome		NW_022262725.1	unplaced-scaffold	129896			scaffold780
GCF_002021735.2	Primary Assembly	Un			MPKV02001174.1	Chromosome		NW_022262726.1	unplaced-scaffold	158457			scaffold781
GCF_002021735.2	Primary Assembly	Un			MPKV02001175.1	Chromosome		NW_022262727.1	unplaced-scaffold	295623			scaffold782
GCF_002021735.2	Primary Assembly	Un			MPKV02001176.1	Chromosome		NW_022262728.1	unplaced-scaffold	155705			scaffold783
GCF_002021735.2	Primary Assembly	Un			MPKV02001177.1	Chromosome		NW_022262729.1	unplaced-scaffold	160272			scaffold784
GCF_002021735.2	Primary Assembly	Un			MPKV02001178.1	Chromosome		NW_022262730.1	unplaced-scaffold	125000			scaffold785
GCF_002021735.2	Primary Assembly	Un			MPKV02001179.1	Chromosome		NW_022262731.1	unplaced-scaffold	159718			scaffold786
GCF_002021735.2	Primary Assembly	Un			MPKV02001180.1	Chromosome		NW_022262732.1	unplaced-scaffold	159007			scaffold787
GCF_002021735.2	Primary Assembly	Un			MPKV02001181.1	Chromosome		NW_022262733.1	unplaced-scaffold	158476			scaffold788
GCF_002021735.2	Primary Assembly	Un			MPKV02001182.1	Chromosome		NW_022262734.1	unplaced-scaffold	150369			scaffold789
GCF_002021735.2	Primary Assembly	Un			MPKV02001183.1	Chromosome		NW_022262735.1	unplaced-scaffold	155802			scaffold790
GCF_002021735.2	Primary Assembly	Un			MPKV02001184.1	Chromosome		NW_022262736.1	unplaced-scaffold	157168			scaffold791
GCF_002021735.2	Primary Assembly	Un			MPKV02001185.1	Chromosome		NW_022262737.1	unplaced-scaffold	156990			scaffold792
GCF_002021735.2	Primary Assembly	Un			MPKV02001186.1	Chromosome		NW_022262738.1	unplaced-scaffold	156396			scaffold793
GCF_002021735.2	Primary Assembly	Un			MPKV02001187.1	Chromosome		NW_022262739.1	unplaced-scaffold	156133			scaffold794
GCF_002021735.2	Primary Assembly	Un			MPKV02001188.1	Chromosome		NW_022262740.1	unplaced-scaffold	156110			scaffold795
GCF_002021735.2	Primary Assembly	Un			MPKV02001189.1	Chromosome		NW_022262741.1	unplaced-scaffold	257375			scaffold796
GCF_002021735.2	Primary Assembly	Un			MPKV02001190.1	Chromosome		NW_022262742.1	unplaced-scaffold	156006			scaffold797
GCF_002021735.2	Primary Assembly	Un			MPKV02001191.1	Chromosome		NW_022262743.1	unplaced-scaffold	154416			scaffold798
GCF_002021735.2	Primary Assembly	Un			MPKV02001192.1	Chromosome		NW_022262744.1	unplaced-scaffold	154145			scaffold799
GCF_002021735.2	Primary Assembly	Un			MPKV02001193.1	Chromosome		NW_022262745.1	unplaced-scaffold	153797			scaffold800
GCF_002021735.2	Primary Assembly	Un			MPKV02001194.1	Chromosome		NW_022262746.1	unplaced-scaffold	153372			scaffold801
GCF_002021735.2	Primary Assembly	Un			MPKV02001195.1	Chromosome		NW_022262747.1	unplaced-scaffold	151175			scaffold802
GCF_002021735.2	Primary Assembly	Un			MPKV02001196.1	Chromosome		NW_022262748.1	unplaced-scaffold	144314			scaffold803
GCF_002021735.2	Primary Assembly	Un			MPKV02001197.1	Chromosome		NW_022262749.1	unplaced-scaffold	152681			scaffold804
GCF_002021735.2	Primary Assembly	Un			MPKV02001198.1	Chromosome		NW_022262750.1	unplaced-scaffold	151917			scaffold805
GCF_002021735.2	Primary Assembly	Un			MPKV02001199.1	Chromosome		NW_022262751.1	unplaced-scaffold	181372			scaffold806
GCF_002021735.2	Primary Assembly	Un			MPKV02001200.1	Chromosome		NW_022262752.1	unplaced-scaffold	151340			scaffold807
GCF_002021735.2	Primary Assembly	Un			MPKV02001201.1	Chromosome		NW_022262753.1	unplaced-scaffold	151291			scaffold808
GCF_002021735.2	Primary Assembly	Un			MPKV02001202.1	Chromosome		NW_022262754.1	unplaced-scaffold	151127			scaffold809
GCF_002021735.2	Primary Assembly	Un			MPKV02001203.1	Chromosome		NW_022262755.1	unplaced-scaffold	150947			scaffold810
GCF_002021735.2	Primary Assembly	Un			MPKV02001204.1	Chromosome		NW_022262756.1	unplaced-scaffold	141861			scaffold811
GCF_002021735.2	Primary Assembly	Un			MPKV02001205.1	Chromosome		NW_022262757.1	unplaced-scaffold	150671			scaffold812
GCF_002021735.2	Primary Assembly	Un			MPKV02001206.1	Chromosome		NW_022262758.1	unplaced-scaffold	150426			scaffold813
GCF_002021735.2	Primary Assembly	Un			MPKV02001207.1	Chromosome		NW_022262759.1	unplaced-scaffold	149860			scaffold814
GCF_002021735.2	Primary Assembly	Un			MPKV02001208.1	Chromosome		NW_022262760.1	unplaced-scaffold	149674			scaffold815
GCF_002021735.2	Primary Assembly	Un			MPKV02001209.1	Chromosome		NW_022262761.1	unplaced-scaffold	149435			scaffold816
GCF_002021735.2	Primary Assembly	Un			MPKV02001210.1	Chromosome		NW_022262762.1	unplaced-scaffold	149345			scaffold817
GCF_002021735.2	Primary Assembly	Un			MPKV02001211.1	Chromosome		NW_022262763.1	unplaced-scaffold	144220			scaffold818
GCF_002021735.2	Primary Assembly	Un			MPKV02001212.1	Chromosome		NW_022262764.1	unplaced-scaffold	148503			scaffold819
GCF_002021735.2	Primary Assembly	Un			MPKV02001213.1	Chromosome		NW_022262765.1	unplaced-scaffold	140957			scaffold820
GCF_002021735.2	Primary Assembly	Un			MPKV02001214.1	Chromosome		NW_022262766.1	unplaced-scaffold	148107			scaffold821
GCF_002021735.2	Primary Assembly	Un			MPKV02001215.1	Chromosome		NW_022262767.1	unplaced-scaffold	147862			scaffold822
GCF_002021735.2	Primary Assembly	Un			MPKV02001216.1	Chromosome		NW_022262768.1	unplaced-scaffold	147450			scaffold823
GCF_002021735.2	Primary Assembly	Un			MPKV02001217.1	Chromosome		NW_022262769.1	unplaced-scaffold	147621			scaffold824
GCF_002021735.2	Primary Assembly	Un			MPKV02001218.1	Chromosome		NW_022262770.1	unplaced-scaffold	145860			scaffold825
GCF_002021735.2	Primary Assembly	Un			MPKV02001219.1	Chromosome		NW_022262771.1	unplaced-scaffold	145997			scaffold826
GCF_002021735.2	Primary Assembly	Un			MPKV02001220.1	Chromosome		NW_022262772.1	unplaced-scaffold	146807			scaffold827
GCF_002021735.2	Primary Assembly	Un			MPKV02001221.1	Chromosome		NW_022262773.1	unplaced-scaffold	145718			scaffold828
GCF_002021735.2	Primary Assembly	Un			MPKV02001222.1	Chromosome		NW_022262774.1	unplaced-scaffold	144654			scaffold829
GCF_002021735.2	Primary Assembly	Un			MPKV02001223.1	Chromosome		NW_022262775.1	unplaced-scaffold	145010			scaffold830
GCF_002021735.2	Primary Assembly	Un			MPKV02001224.1	Chromosome		NW_022262776.1	unplaced-scaffold	263828			scaffold831
GCF_002021735.2	Primary Assembly	Un			MPKV02001225.1	Chromosome		NW_022262777.1	unplaced-scaffold	213132			scaffold832
GCF_002021735.2	Primary Assembly	Un			MPKV02001226.1	Chromosome		NW_022262778.1	unplaced-scaffold	131695			scaffold833
GCF_002021735.2	Primary Assembly	Un			MPKV02001227.1	Chromosome		NW_022262779.1	unplaced-scaffold	50000			scaffold834
GCF_002021735.2	Primary Assembly	Un			MPKV02001228.1	Chromosome		NW_022262780.1	unplaced-scaffold	138163			scaffold835
GCF_002021735.2	Primary Assembly	Un			MPKV02001229.1	Chromosome		NW_022262781.1	unplaced-scaffold	142518			scaffold836
GCF_002021735.2	Primary Assembly	Un			MPKV02001230.1	Chromosome		NW_022262782.1	unplaced-scaffold	202686			scaffold837
GCF_002021735.2	Primary Assembly	Un			MPKV02001231.1	Chromosome		NW_022262783.1	unplaced-scaffold	141943			scaffold838
GCF_002021735.2	Primary Assembly	Un			MPKV02001232.1	Chromosome		NW_022262784.1	unplaced-scaffold	141585			scaffold839
GCF_002021735.2	Primary Assembly	Un			MPKV02001233.1	Chromosome		NW_022262785.1	unplaced-scaffold	131913			scaffold840
GCF_002021735.2	Primary Assembly	Un			MPKV02001234.1	Chromosome		NW_022262786.1	unplaced-scaffold	140137			scaffold841
GCF_002021735.2	Primary Assembly	Un			MPKV02001235.1	Chromosome		NW_022262787.1	unplaced-scaffold	140066			scaffold842
GCF_002021735.2	Primary Assembly	Un			MPKV02001236.1	Chromosome		NW_022262788.1	unplaced-scaffold	139624			scaffold843
GCF_002021735.2	Primary Assembly	Un			MPKV02001237.1	Chromosome		NW_022262789.1	unplaced-scaffold	139724			scaffold844
GCF_002021735.2	Primary Assembly	Un			MPKV02001238.1	Chromosome		NW_022262790.1	unplaced-scaffold	139299			scaffold845
GCF_002021735.2	Primary Assembly	Un			MPKV02001239.1	Chromosome		NW_022262791.1	unplaced-scaffold	139155			scaffold846
GCF_002021735.2	Primary Assembly	Un			MPKV02001240.1	Chromosome		NW_022262792.1	unplaced-scaffold	139089			scaffold847
GCF_002021735.2	Primary Assembly	Un			MPKV02001241.1	Chromosome		NW_022262793.1	unplaced-scaffold	137302			scaffold848
GCF_002021735.2	Primary Assembly	Un			MPKV02001242.1	Chromosome		NW_022262794.1	unplaced-scaffold	137042			scaffold849
GCF_002021735.2	Primary Assembly	Un			MPKV02001243.1	Chromosome		NW_022262795.1	unplaced-scaffold	137771			scaffold850
GCF_002021735.2	Primary Assembly	Un			MPKV02001244.1	Chromosome		NW_022262796.1	unplaced-scaffold	137499			scaffold851
GCF_002021735.2	Primary Assembly	Un			MPKV02001245.1	Chromosome		NW_022262797.1	unplaced-scaffold	136968			scaffold852
GCF_002021735.2	Primary Assembly	Un			MPKV02001246.1	Chromosome		NW_022262798.1	unplaced-scaffold	217776			scaffold853
GCF_002021735.2	Primary Assembly	Un			MPKV02001247.1	Chromosome		NW_022262799.1	unplaced-scaffold	137091			scaffold854
GCF_002021735.2	Primary Assembly	Un			MPKV02001248.1	Chromosome		NW_022262800.1	unplaced-scaffold	129723			scaffold855
GCF_002021735.2	Primary Assembly	Un			MPKV02001249.1	Chromosome		NW_022262801.1	unplaced-scaffold	135701			scaffold856
GCF_002021735.2	Primary Assembly	Un			MPKV02001250.1	Chromosome		NW_022262802.1	unplaced-scaffold	135361			scaffold857
GCF_002021735.2	Primary Assembly	Un			MPKV02001251.1	Chromosome		NW_022262803.1	unplaced-scaffold	135254			scaffold858
GCF_002021735.2	Primary Assembly	Un			MPKV02001252.1	Chromosome		NW_022262804.1	unplaced-scaffold	134236			scaffold859
GCF_002021735.2	Primary Assembly	Un			MPKV02001253.1	Chromosome		NW_022262805.1	unplaced-scaffold	135169			scaffold860
GCF_002021735.2	Primary Assembly	Un			MPKV02001254.1	Chromosome		NW_022262806.1	unplaced-scaffold	131920			scaffold861
GCF_002021735.2	Primary Assembly	Un			MPKV02001255.1	Chromosome		NW_022262807.1	unplaced-scaffold	134500			scaffold862
GCF_002021735.2	Primary Assembly	Un			MPKV02001256.1	Chromosome		NW_022262808.1	unplaced-scaffold	169879			scaffold863
GCF_002021735.2	Primary Assembly	Un			MPKV02001257.1	Chromosome		NW_022262809.1	unplaced-scaffold	133996			scaffold864
GCF_002021735.2	Primary Assembly	Un			MPKV02001258.1	Chromosome		NW_022262810.1	unplaced-scaffold	124212			scaffold865
GCF_002021735.2	Primary Assembly	Un			MPKV02001259.1	Chromosome		NW_022262811.1	unplaced-scaffold	194109			scaffold866
GCF_002021735.2	Primary Assembly	Un			MPKV02001260.1	Chromosome		NW_022262812.1	unplaced-scaffold	132610			scaffold867
GCF_002021735.2	Primary Assembly	Un			MPKV02001261.1	Chromosome		NW_022262813.1	unplaced-scaffold	247315			scaffold868
GCF_002021735.2	Primary Assembly	Un			MPKV02001262.1	Chromosome		NW_022262814.1	unplaced-scaffold	132393			scaffold869
GCF_002021735.2	Primary Assembly	Un			MPKV02001263.1	Chromosome		NW_022262815.1	unplaced-scaffold	132196			scaffold870
GCF_002021735.2	Primary Assembly	Un			MPKV02001264.1	Chromosome		NW_022262816.1	unplaced-scaffold	132012			scaffold871
GCF_002021735.2	Primary Assembly	Un			MPKV02001265.1	Chromosome		NW_022262817.1	unplaced-scaffold	131982			scaffold872
GCF_002021735.2	Primary Assembly	Un			MPKV02001266.1	Chromosome		NW_022262818.1	unplaced-scaffold	131211			scaffold873
GCF_002021735.2	Primary Assembly	Un			MPKV02001267.1	Chromosome		NW_022262819.1	unplaced-scaffold	131233			scaffold874
GCF_002021735.2	Primary Assembly	Un			MPKV02001268.1	Chromosome		NW_022262820.1	unplaced-scaffold	130591			scaffold875
GCF_002021735.2	Primary Assembly	Un			MPKV02001269.1	Chromosome		NW_022262821.1	unplaced-scaffold	85974			scaffold876
GCF_002021735.2	Primary Assembly	Un			MPKV02001270.1	Chromosome		NW_022262822.1	unplaced-scaffold	129863			scaffold877
GCF_002021735.2	Primary Assembly	Un			MPKV02001271.1	Chromosome		NW_022262823.1	unplaced-scaffold	245119			scaffold878
GCF_002021735.2	Primary Assembly	Un			MPKV02001272.1	Chromosome		NW_022262824.1	unplaced-scaffold	129531			scaffold879
GCF_002021735.2	Primary Assembly	Un			MPKV02001273.1	Chromosome		NW_022262825.1	unplaced-scaffold	129643			scaffold880
GCF_002021735.2	Primary Assembly	Un			MPKV02001274.1	Chromosome		NW_022262826.1	unplaced-scaffold	128852			scaffold881
GCF_002021735.2	Primary Assembly	Un			MPKV02001275.1	Chromosome		NW_022262827.1	unplaced-scaffold	127265			scaffold882
GCF_002021735.2	Primary Assembly	Un			MPKV02001276.1	Chromosome		NW_022262828.1	unplaced-scaffold	128419			scaffold883
GCF_002021735.2	Primary Assembly	Un			MPKV02001277.1	Chromosome		NW_022262829.1	unplaced-scaffold	180252			scaffold884
GCF_002021735.2	Primary Assembly	Un			MPKV02001278.1	Chromosome		NW_022262830.1	unplaced-scaffold	126166			scaffold885
GCF_002021735.2	Primary Assembly	Un			MPKV02001279.1	Chromosome		NW_022262831.1	unplaced-scaffold	125621			scaffold886
GCF_002021735.2	Primary Assembly	Un			MPKV02001280.1	Chromosome		NW_022262832.1	unplaced-scaffold	155709			scaffold887
GCF_002021735.2	Primary Assembly	Un			MPKV02001281.1	Chromosome		NW_022262833.1	unplaced-scaffold	126886			scaffold888
GCF_002021735.2	Primary Assembly	Un			MPKV02001282.1	Chromosome		NW_022262834.1	unplaced-scaffold	126597			scaffold889
GCF_002021735.2	Primary Assembly	Un			MPKV02001283.1	Chromosome		NW_022262835.1	unplaced-scaffold	125649			scaffold890
GCF_002021735.2	Primary Assembly	Un			MPKV02001284.1	Chromosome		NW_022262836.1	unplaced-scaffold	125412			scaffold891
GCF_002021735.2	Primary Assembly	Un			MPKV02001285.1	Chromosome		NW_022262837.1	unplaced-scaffold	281466			scaffold892
GCF_002021735.2	Primary Assembly	Un			MPKV02001286.1	Chromosome		NW_022262838.1	unplaced-scaffold	125209			scaffold893
GCF_002021735.2	Primary Assembly	Un			MPKV02001287.1	Chromosome		NW_022262839.1	unplaced-scaffold	125266			scaffold894
GCF_002021735.2	Primary Assembly	Un			MPKV02001288.1	Chromosome		NW_022262840.1	unplaced-scaffold	124907			scaffold895
GCF_002021735.2	Primary Assembly	Un			MPKV02001289.1	Chromosome		NW_022262841.1	unplaced-scaffold	124924			scaffold896
GCF_002021735.2	Primary Assembly	Un			MPKV02001290.1	Chromosome		NW_022262842.1	unplaced-scaffold	195402			scaffold897
GCF_002021735.2	Primary Assembly	Un			MPKV02001291.1	Chromosome		NW_022262843.1	unplaced-scaffold	118084			scaffold898
GCF_002021735.2	Primary Assembly	Un			MPKV02001292.1	Chromosome		NW_022262844.1	unplaced-scaffold	124682			scaffold899
GCF_002021735.2	Primary Assembly	Un			MPKV02001293.1	Chromosome		NW_022262845.1	unplaced-scaffold	124068			scaffold900
GCF_002021735.2	Primary Assembly	Un			MPKV02001294.1	Chromosome		NW_022262846.1	unplaced-scaffold	153496			scaffold901
GCF_002021735.2	Primary Assembly	Un			MPKV02001295.1	Chromosome		NW_022262847.1	unplaced-scaffold	123850			scaffold902
GCF_002021735.2	Primary Assembly	Un			MPKV02001296.1	Chromosome		NW_022262848.1	unplaced-scaffold	123764			scaffold903
GCF_002021735.2	Primary Assembly	Un			MPKV02001297.1	Chromosome		NW_022262849.1	unplaced-scaffold	123520			scaffold904
GCF_002021735.2	Primary Assembly	Un			MPKV02001298.1	Chromosome		NW_022262850.1	unplaced-scaffold	122908			scaffold905
GCF_002021735.2	Primary Assembly	Un			MPKV02001299.1	Chromosome		NW_022262851.1	unplaced-scaffold	122785			scaffold906
GCF_002021735.2	Primary Assembly	Un			MPKV02001300.1	Chromosome		NW_022262852.1	unplaced-scaffold	122702			scaffold907
GCF_002021735.2	Primary Assembly	Un			MPKV02001301.1	Chromosome		NW_022262853.1	unplaced-scaffold	123139			scaffold908
GCF_002021735.2	Primary Assembly	Un			MPKV02001302.1	Chromosome		NW_022262854.1	unplaced-scaffold	122811			scaffold909
GCF_002021735.2	Primary Assembly	Un			MPKV02001303.1	Chromosome		NW_022262855.1	unplaced-scaffold	122645			scaffold910
GCF_002021735.2	Primary Assembly	Un			MPKV02001304.1	Chromosome		NW_022262856.1	unplaced-scaffold	122803			scaffold911
GCF_002021735.2	Primary Assembly	Un			MPKV02001305.1	Chromosome		NW_022262857.1	unplaced-scaffold	122512			scaffold912
GCF_002021735.2	Primary Assembly	Un			MPKV02001306.1	Chromosome		NW_022262858.1	unplaced-scaffold	122442			scaffold913
GCF_002021735.2	Primary Assembly	Un			MPKV02001307.1	Chromosome		NW_022262859.1	unplaced-scaffold	122438			scaffold914
GCF_002021735.2	Primary Assembly	Un			MPKV02001308.1	Chromosome		NW_022262860.1	unplaced-scaffold	313077			scaffold915
GCF_002021735.2	Primary Assembly	Un			MPKV02001309.1	Chromosome		NW_022262861.1	unplaced-scaffold	122088			scaffold916
GCF_002021735.2	Primary Assembly	Un			MPKV02001310.1	Chromosome		NW_022262862.1	unplaced-scaffold	121987			scaffold917
GCF_002021735.2	Primary Assembly	Un			MPKV02001311.1	Chromosome		NW_022262863.1	unplaced-scaffold	121871			scaffold918
GCF_002021735.2	Primary Assembly	Un			MPKV02001312.1	Chromosome		NW_022262864.1	unplaced-scaffold	121696			scaffold919
GCF_002021735.2	Primary Assembly	Un			MPKV02001313.1	Chromosome		NW_022262865.1	unplaced-scaffold	121571			scaffold920
GCF_002021735.2	Primary Assembly	Un			MPKV02001314.1	Chromosome		NW_022262866.1	unplaced-scaffold	119318			scaffold921
GCF_002021735.2	Primary Assembly	Un			MPKV02001315.1	Chromosome		NW_022262867.1	unplaced-scaffold	39743			scaffold922
GCF_002021735.2	Primary Assembly	Un			MPKV02001316.1	Chromosome		NW_022262868.1	unplaced-scaffold	5000			scaffold923
GCF_002021735.2	Primary Assembly	Un			MPKV02001317.1	Chromosome		NW_022262869.1	unplaced-scaffold	76666			scaffold924
GCF_002021735.2	Primary Assembly	Un			MPKV02001318.1	Chromosome		NW_022262870.1	unplaced-scaffold	121067			scaffold925
GCF_002021735.2	Primary Assembly	Un			MPKV02001319.1	Chromosome		NW_022262871.1	unplaced-scaffold	121084			scaffold926
GCF_002021735.2	Primary Assembly	Un			MPKV02001320.1	Chromosome		NW_022262872.1	unplaced-scaffold	120727			scaffold927
GCF_002021735.2	Primary Assembly	Un			MPKV02001321.1	Chromosome		NW_022262873.1	unplaced-scaffold	120610			scaffold928
GCF_002021735.2	Primary Assembly	Un			MPKV02001322.1	Chromosome		NW_022262874.1	unplaced-scaffold	120520			scaffold929
GCF_002021735.2	Primary Assembly	Un			MPKV02001323.1	Chromosome		NW_022262875.1	unplaced-scaffold	120806			scaffold930
GCF_002021735.2	Primary Assembly	Un			MPKV02001324.1	Chromosome		NW_022262876.1	unplaced-scaffold	120331			scaffold931
GCF_002021735.2	Primary Assembly	Un			MPKV02001325.1	Chromosome		NW_022262877.1	unplaced-scaffold	119839			scaffold932
GCF_002021735.2	Primary Assembly	Un			MPKV02001326.1	Chromosome		NW_022262878.1	unplaced-scaffold	119699			scaffold933
GCF_002021735.2	Primary Assembly	Un			MPKV02001327.1	Chromosome		NW_022262879.1	unplaced-scaffold	119740			scaffold934
GCF_002021735.2	Primary Assembly	Un			MPKV02001328.1	Chromosome		NW_022262880.1	unplaced-scaffold	119652			scaffold935
GCF_002021735.2	Primary Assembly	Un			MPKV02001329.1	Chromosome		NW_022262881.1	unplaced-scaffold	119318			scaffold936
GCF_002021735.2	Primary Assembly	Un			MPKV02001330.1	Chromosome		NW_022262882.1	unplaced-scaffold	115998			scaffold937
GCF_002021735.2	Primary Assembly	Un			MPKV02001331.1	Chromosome		NW_022262883.1	unplaced-scaffold	118888			scaffold938
GCF_002021735.2	Primary Assembly	Un			MPKV02001332.1	Chromosome		NW_022262884.1	unplaced-scaffold	118475			scaffold939
GCF_002021735.2	Primary Assembly	Un			MPKV02001333.1	Chromosome		NW_022262885.1	unplaced-scaffold	118205			scaffold940
GCF_002021735.2	Primary Assembly	Un			MPKV02001334.1	Chromosome		NW_022262886.1	unplaced-scaffold	117940			scaffold941
GCF_002021735.2	Primary Assembly	Un			MPKV02001335.1	Chromosome		NW_022262887.1	unplaced-scaffold	117514			scaffold942
GCF_002021735.2	Primary Assembly	Un			MPKV02001336.1	Chromosome		NW_022262888.1	unplaced-scaffold	117362			scaffold943
GCF_002021735.2	Primary Assembly	Un			MPKV02001337.1	Chromosome		NW_022262889.1	unplaced-scaffold	117330			scaffold944
GCF_002021735.2	Primary Assembly	Un			MPKV02001338.1	Chromosome		NW_022262890.1	unplaced-scaffold	117040			scaffold945
GCF_002021735.2	Primary Assembly	Un			MPKV02001339.1	Chromosome		NW_022262891.1	unplaced-scaffold	116793			scaffold946
GCF_002021735.2	Primary Assembly	Un			MPKV02001340.1	Chromosome		NW_022262892.1	unplaced-scaffold	116481			scaffold947
GCF_002021735.2	Primary Assembly	Un			MPKV02001341.1	Chromosome		NW_022262893.1	unplaced-scaffold	115699			scaffold948
GCF_002021735.2	Primary Assembly	Un			MPKV02001342.1	Chromosome		NW_022262894.1	unplaced-scaffold	115722			scaffold949
GCF_002021735.2	Primary Assembly	Un			MPKV02001343.1	Chromosome		NW_022262895.1	unplaced-scaffold	91289			scaffold950
GCF_002021735.2	Primary Assembly	Un			MPKV02001344.1	Chromosome		NW_022262896.1	unplaced-scaffold	115296			scaffold951
GCF_002021735.2	Primary Assembly	Un			MPKV02001345.1	Chromosome		NW_022262897.1	unplaced-scaffold	218617			scaffold952
GCF_002021735.2	Primary Assembly	Un			MPKV02001346.1	Chromosome		NW_022262898.1	unplaced-scaffold	115311			scaffold953
GCF_002021735.2	Primary Assembly	Un			MPKV02001347.1	Chromosome		NW_022262899.1	unplaced-scaffold	115190			scaffold954
GCF_002021735.2	Primary Assembly	Un			MPKV02001348.1	Chromosome		NW_022262900.1	unplaced-scaffold	115095			scaffold955
GCF_002021735.2	Primary Assembly	Un			MPKV02001349.1	Chromosome		NW_022262901.1	unplaced-scaffold	114709			scaffold956
GCF_002021735.2	Primary Assembly	Un			MPKV02001350.1	Chromosome		NW_022262902.1	unplaced-scaffold	114615			scaffold957
GCF_002021735.2	Primary Assembly	Un			MPKV02001351.1	Chromosome		NW_022262903.1	unplaced-scaffold	114383			scaffold958
GCF_002021735.2	Primary Assembly	Un			MPKV02001352.1	Chromosome		NW_022262904.1	unplaced-scaffold	114437			scaffold959
GCF_002021735.2	Primary Assembly	Un			MPKV02001353.1	Chromosome		NW_022262905.1	unplaced-scaffold	113547			scaffold960
GCF_002021735.2	Primary Assembly	Un			MPKV02001354.1	Chromosome		NW_022262906.1	unplaced-scaffold	114147			scaffold961
GCF_002021735.2	Primary Assembly	Un			MPKV02001355.1	Chromosome		NW_022262907.1	unplaced-scaffold	113985			scaffold962
GCF_002021735.2	Primary Assembly	Un			MPKV02001356.1	Chromosome		NW_022262908.1	unplaced-scaffold	114005			scaffold963
GCF_002021735.2	Primary Assembly	Un			MPKV02001357.1	Chromosome		NW_022262909.1	unplaced-scaffold	113676			scaffold964
GCF_002021735.2	Primary Assembly	Un			MPKV02001358.1	Chromosome		NW_022262910.1	unplaced-scaffold	112192			scaffold965
GCF_002021735.2	Primary Assembly	Un			MPKV02001359.1	Chromosome		NW_022262911.1	unplaced-scaffold	113578			scaffold966
GCF_002021735.2	Primary Assembly	Un			MPKV02001360.1	Chromosome		NW_022262912.1	unplaced-scaffold	113326			scaffold967
GCF_002021735.2	Primary Assembly	Un			MPKV02001361.1	Chromosome		NW_022262913.1	unplaced-scaffold	113022			scaffold968
GCF_002021735.2	Primary Assembly	Un			MPKV02001362.1	Chromosome		NW_022262914.1	unplaced-scaffold	112932			scaffold969
GCF_002021735.2	Primary Assembly	Un			MPKV02001363.1	Chromosome		NW_022262915.1	unplaced-scaffold	112926			scaffold970
GCF_002021735.2	Primary Assembly	Un			MPKV02001364.1	Chromosome		NW_022262916.1	unplaced-scaffold	112447			scaffold971
GCF_002021735.2	Primary Assembly	Un			MPKV02001365.1	Chromosome		NW_022262917.1	unplaced-scaffold	112356			scaffold972
GCF_002021735.2	Primary Assembly	Un			MPKV02001366.1	Chromosome		NW_022262918.1	unplaced-scaffold	112451			scaffold973
GCF_002021735.2	Primary Assembly	Un			MPKV02001367.1	Chromosome		NW_022262919.1	unplaced-scaffold	112163			scaffold974
GCF_002021735.2	Primary Assembly	Un			MPKV02001368.1	Chromosome		NW_022262920.1	unplaced-scaffold	111856			scaffold975
GCF_002021735.2	Primary Assembly	Un			MPKV02001369.1	Chromosome		NW_022262921.1	unplaced-scaffold	110748			scaffold976
GCF_002021735.2	Primary Assembly	Un			MPKV02001370.1	Chromosome		NW_022262922.1	unplaced-scaffold	107228			scaffold977
GCF_002021735.2	Primary Assembly	Un			MPKV02001371.1	Chromosome		NW_022262923.1	unplaced-scaffold	111145			scaffold978
GCF_002021735.2	Primary Assembly	Un			MPKV02001372.1	Chromosome		NW_022262924.1	unplaced-scaffold	110990			scaffold979
GCF_002021735.2	Primary Assembly	Un			MPKV02001373.1	Chromosome		NW_022262925.1	unplaced-scaffold	110508			scaffold980
GCF_002021735.2	Primary Assembly	Un			MPKV02001374.1	Chromosome		NW_022262926.1	unplaced-scaffold	110316			scaffold981
GCF_002021735.2	Primary Assembly	Un			MPKV02001375.1	Chromosome		NW_022262927.1	unplaced-scaffold	109864			scaffold982
GCF_002021735.2	Primary Assembly	Un			MPKV02001376.1	Chromosome		NW_022262928.1	unplaced-scaffold	202340			scaffold983
GCF_002021735.2	Primary Assembly	Un			MPKV02001377.1	Chromosome		NW_022262929.1	unplaced-scaffold	109626			scaffold984
GCF_002021735.2	Primary Assembly	Un			MPKV02001378.1	Chromosome		NW_022262930.1	unplaced-scaffold	109391			scaffold985
GCF_002021735.2	Primary Assembly	Un			MPKV02001379.1	Chromosome		NW_022262931.1	unplaced-scaffold	109248			scaffold986
GCF_002021735.2	Primary Assembly	Un			MPKV02001380.1	Chromosome		NW_022262932.1	unplaced-scaffold	108333			scaffold987
GCF_002021735.2	Primary Assembly	Un			MPKV02001381.1	Chromosome		NW_022262933.1	unplaced-scaffold	109158			scaffold988
GCF_002021735.2	Primary Assembly	Un			MPKV02001382.1	Chromosome		NW_022262934.1	unplaced-scaffold	109249			scaffold989
GCF_002021735.2	Primary Assembly	Un			MPKV02001383.1	Chromosome		NW_022262935.1	unplaced-scaffold	158722			scaffold990
GCF_002021735.2	Primary Assembly	Un			MPKV02001384.1	Chromosome		NW_022262936.1	unplaced-scaffold	108724			scaffold991
GCF_002021735.2	Primary Assembly	Un			MPKV02001385.1	Chromosome		NW_022262937.1	unplaced-scaffold	106359			scaffold992
GCF_002021735.2	Primary Assembly	Un			MPKV02001386.1	Chromosome		NW_022262938.1	unplaced-scaffold	108230			scaffold993
GCF_002021735.2	Primary Assembly	Un			MPKV02001387.1	Chromosome		NW_022262939.1	unplaced-scaffold	105907			scaffold994
GCF_002021735.2	Primary Assembly	Un			MPKV02001388.1	Chromosome		NW_022262940.1	unplaced-scaffold	107393			scaffold995
GCF_002021735.2	Primary Assembly	Un			MPKV02001389.1	Chromosome		NW_022262941.1	unplaced-scaffold	107349			scaffold996
GCF_002021735.2	Primary Assembly	Un			MPKV02001390.1	Chromosome		NW_022262942.1	unplaced-scaffold	107049			scaffold997
GCF_002021735.2	Primary Assembly	Un			MPKV02001391.1	Chromosome		NW_022262943.1	unplaced-scaffold	101209			scaffold998
GCF_002021735.2	Primary Assembly	Un			MPKV02001392.1	Chromosome		NW_022262944.1	unplaced-scaffold	106337			scaffold999
GCF_002021735.2	Primary Assembly	Un			MPKV02001393.1	Chromosome		NW_022262945.1	unplaced-scaffold	106367			scaffold1000
GCF_002021735.2	Primary Assembly	Un			MPKV02001394.1	Chromosome		NW_022262946.1	unplaced-scaffold	106019			scaffold1001
GCF_002021735.2	Primary Assembly	Un			MPKV02001395.1	Chromosome		NW_022262947.1	unplaced-scaffold	122611			scaffold1002
GCF_002021735.2	Primary Assembly	Un			MPKV02001396.1	Chromosome		NW_022262948.1	unplaced-scaffold	103600			scaffold1003
GCF_002021735.2	Primary Assembly	Un			MPKV02001397.1	Chromosome		NW_022262949.1	unplaced-scaffold	105068			scaffold1004
GCF_002021735.2	Primary Assembly	Un			MPKV02001398.1	Chromosome		NW_022262950.1	unplaced-scaffold	104835			scaffold1005
GCF_002021735.2	Primary Assembly	Un			MPKV02001399.1	Chromosome		NW_022262951.1	unplaced-scaffold	104639			scaffold1006
GCF_002021735.2	Primary Assembly	Un			MPKV02001400.1	Chromosome		NW_022262952.1	unplaced-scaffold	104542			scaffold1007
GCF_002021735.2	Primary Assembly	Un			MPKV02001401.1	Chromosome		NW_022262953.1	unplaced-scaffold	88593			scaffold1008
GCF_002021735.2	Primary Assembly	Un			MPKV02001402.1	Chromosome		NW_022262954.1	unplaced-scaffold	104544			scaffold1009
GCF_002021735.2	Primary Assembly	Un			MPKV02001403.1	Chromosome		NW_022262955.1	unplaced-scaffold	104266			scaffold1010
GCF_002021735.2	Primary Assembly	Un			MPKV02001404.1	Chromosome		NW_022262956.1	unplaced-scaffold	99661			scaffold1011
GCF_002021735.2	Primary Assembly	Un			MPKV02001405.1	Chromosome		NW_022262957.1	unplaced-scaffold	103830			scaffold1012
GCF_002021735.2	Primary Assembly	Un			MPKV02001406.1	Chromosome		NW_022262958.1	unplaced-scaffold	103643			scaffold1013
GCF_002021735.2	Primary Assembly	Un			MPKV02001407.1	Chromosome		NW_022262959.1	unplaced-scaffold	103597			scaffold1014
GCF_002021735.2	Primary Assembly	Un			MPKV02001408.1	Chromosome		NW_022262960.1	unplaced-scaffold	102849			scaffold1015
GCF_002021735.2	Primary Assembly	Un			MPKV02001409.1	Chromosome		NW_022262961.1	unplaced-scaffold	100433			scaffold1016
GCF_002021735.2	Primary Assembly	Un			MPKV02001410.1	Chromosome		NW_022262962.1	unplaced-scaffold	102541			scaffold1017
GCF_002021735.2	Primary Assembly	Un			MPKV02001411.1	Chromosome		NW_022262963.1	unplaced-scaffold	97595			scaffold1018
GCF_002021735.2	Primary Assembly	Un			MPKV02001412.1	Chromosome		NW_022262964.1	unplaced-scaffold	102438			scaffold1019
GCF_002021735.2	Primary Assembly	Un			MPKV02001413.1	Chromosome		NW_022262965.1	unplaced-scaffold	101860			scaffold1020
GCF_002021735.2	Primary Assembly	Un			MPKV02001414.1	Chromosome		NW_022262966.1	unplaced-scaffold	101873			scaffold1021
GCF_002021735.2	Primary Assembly	Un			MPKV02001415.1	Chromosome		NW_022262967.1	unplaced-scaffold	220677			scaffold1022
GCF_002021735.2	Primary Assembly	Un			MPKV02001416.1	Chromosome		NW_022262968.1	unplaced-scaffold	101640			scaffold1023
GCF_002021735.2	Primary Assembly	Un			MPKV02001417.1	Chromosome		NW_022262969.1	unplaced-scaffold	100467			scaffold1024
GCF_002021735.2	Primary Assembly	Un			MPKV02001418.1	Chromosome		NW_022262970.1	unplaced-scaffold	97327			scaffold1025
GCF_002021735.2	Primary Assembly	Un			MPKV02001419.1	Chromosome		NW_022262971.1	unplaced-scaffold	101440			scaffold1026
GCF_002021735.2	Primary Assembly	Un			MPKV02001420.1	Chromosome		NW_022262972.1	unplaced-scaffold	101163			scaffold1027
GCF_002021735.2	Primary Assembly	Un			MPKV02001421.1	Chromosome		NW_022262973.1	unplaced-scaffold	101157			scaffold1028
GCF_002021735.2	Primary Assembly	Un			MPKV02001422.1	Chromosome		NW_022262974.1	unplaced-scaffold	113649			scaffold1029
GCF_002021735.2	Primary Assembly	Un			MPKV02001423.1	Chromosome		NW_022262975.1	unplaced-scaffold	101126			scaffold1030
GCF_002021735.2	Primary Assembly	Un			MPKV02001424.1	Chromosome		NW_022262976.1	unplaced-scaffold	101185			scaffold1031
GCF_002021735.2	Primary Assembly	Un			MPKV02001425.1	Chromosome		NW_022262977.1	unplaced-scaffold	100384			scaffold1032
GCF_002021735.2	Primary Assembly	Un			MPKV02001426.1	Chromosome		NW_022262978.1	unplaced-scaffold	100381			scaffold1033
GCF_002021735.2	Primary Assembly	Un			MPKV02001427.1	Chromosome		NW_022262979.1	unplaced-scaffold	100175			scaffold1034
GCF_002021735.2	Primary Assembly	Un			MPKV02001428.1	Chromosome		NW_022262980.1	unplaced-scaffold	97052			scaffold1035
GCF_002021735.2	Primary Assembly	Un			MPKV02001429.1	Chromosome		NW_022262981.1	unplaced-scaffold	100035			scaffold1036
GCF_002021735.2	Primary Assembly	Un			MPKV02001430.1	Chromosome		NW_022262982.1	unplaced-scaffold	99499			scaffold1037
GCF_002021735.2	Primary Assembly	Un			MPKV02001431.1	Chromosome		NW_022262983.1	unplaced-scaffold	99527			scaffold1038
GCF_002021735.2	Primary Assembly	Un			MPKV02001432.1	Chromosome		NW_022262984.1	unplaced-scaffold	99005			scaffold1039
GCF_002021735.2	Primary Assembly	Un			MPKV02001433.1	Chromosome		NW_022262985.1	unplaced-scaffold	98665			scaffold1040
GCF_002021735.2	Primary Assembly	Un			MPKV02001434.1	Chromosome		NW_022262986.1	unplaced-scaffold	98409			scaffold1041
GCF_002021735.2	Primary Assembly	Un			MPKV02001435.1	Chromosome		NW_022262987.1	unplaced-scaffold	98348			scaffold1042
GCF_002021735.2	Primary Assembly	Un			MPKV02001436.1	Chromosome		NW_022262988.1	unplaced-scaffold	97742			scaffold1043
GCF_002021735.2	Primary Assembly	Un			MPKV02001437.1	Chromosome		NW_022262989.1	unplaced-scaffold	97744			scaffold1044
GCF_002021735.2	Primary Assembly	Un			MPKV02001438.1	Chromosome		NW_022262990.1	unplaced-scaffold	97412			scaffold1045
GCF_002021735.2	Primary Assembly	Un			MPKV02001439.1	Chromosome		NW_022262991.1	unplaced-scaffold	97381			scaffold1046
GCF_002021735.2	Primary Assembly	Un			MPKV02001440.1	Chromosome		NW_022262992.1	unplaced-scaffold	97324			scaffold1047
GCF_002021735.2	Primary Assembly	Un			MPKV02001441.1	Chromosome		NW_022262993.1	unplaced-scaffold	97099			scaffold1048
GCF_002021735.2	Primary Assembly	Un			MPKV02001442.1	Chromosome		NW_022262994.1	unplaced-scaffold	97001			scaffold1049
GCF_002021735.2	Primary Assembly	Un			MPKV02001443.1	Chromosome		NW_022262995.1	unplaced-scaffold	96647			scaffold1050
GCF_002021735.2	Primary Assembly	Un			MPKV02001444.1	Chromosome		NW_022262996.1	unplaced-scaffold	96468			scaffold1051
GCF_002021735.2	Primary Assembly	Un			MPKV02001445.1	Chromosome		NW_022262997.1	unplaced-scaffold	96421			scaffold1052
GCF_002021735.2	Primary Assembly	Un			MPKV02001446.1	Chromosome		NW_022262998.1	unplaced-scaffold	96325			scaffold1053
GCF_002021735.2	Primary Assembly	Un			MPKV02001447.1	Chromosome		NW_022262999.1	unplaced-scaffold	96259			scaffold1054
GCF_002021735.2	Primary Assembly	Un			MPKV02001448.1	Chromosome		NW_022263000.1	unplaced-scaffold	96286			scaffold1055
GCF_002021735.2	Primary Assembly	Un			MPKV02001449.1	Chromosome		NW_022263001.1	unplaced-scaffold	94960			scaffold1056
GCF_002021735.2	Primary Assembly	Un			MPKV02001450.1	Chromosome		NW_022263002.1	unplaced-scaffold	96176			scaffold1057
GCF_002021735.2	Primary Assembly	Un			MPKV02001451.1	Chromosome		NW_022263003.1	unplaced-scaffold	95650			scaffold1058
GCF_002021735.2	Primary Assembly	Un			MPKV02001452.1	Chromosome		NW_022263004.1	unplaced-scaffold	95529			scaffold1059
GCF_002021735.2	Primary Assembly	Un			MPKV02001453.1	Chromosome		NW_022263005.1	unplaced-scaffold	96007			scaffold1060
GCF_002021735.2	Primary Assembly	Un			MPKV02001454.1	Chromosome		NW_022263006.1	unplaced-scaffold	184755			scaffold1061
GCF_002021735.2	Primary Assembly	Un			MPKV02001455.1	Chromosome		NW_022263007.1	unplaced-scaffold	95367			scaffold1062
GCF_002021735.2	Primary Assembly	Un			MPKV02001456.1	Chromosome		NW_022263008.1	unplaced-scaffold	95262			scaffold1063
GCF_002021735.2	Primary Assembly	Un			MPKV02001457.1	Chromosome		NW_022263009.1	unplaced-scaffold	94980			scaffold1064
GCF_002021735.2	Primary Assembly	Un			MPKV02001458.1	Chromosome		NW_022263010.1	unplaced-scaffold	95333			scaffold1065
GCF_002021735.2	Primary Assembly	Un			MPKV02001459.1	Chromosome		NW_022263011.1	unplaced-scaffold	93006			scaffold1066
GCF_002021735.2	Primary Assembly	Un			MPKV02001460.1	Chromosome		NW_022263012.1	unplaced-scaffold	152019			scaffold1067
GCF_002021735.2	Primary Assembly	Un			MPKV02001461.1	Chromosome		NW_022263013.1	unplaced-scaffold	94879			scaffold1068
GCF_002021735.2	Primary Assembly	Un			MPKV02001462.1	Chromosome		NW_022263014.1	unplaced-scaffold	94791			scaffold1069
GCF_002021735.2	Primary Assembly	Un			MPKV02001463.1	Chromosome		NW_022263015.1	unplaced-scaffold	94609			scaffold1070
GCF_002021735.2	Primary Assembly	Un			MPKV02001464.1	Chromosome		NW_022263016.1	unplaced-scaffold	131227			scaffold1071
GCF_002021735.2	Primary Assembly	Un			MPKV02001465.1	Chromosome		NW_022263017.1	unplaced-scaffold	94824			scaffold1072
GCF_002021735.2	Primary Assembly	Un			MPKV02001466.1	Chromosome		NW_022263018.1	unplaced-scaffold	94582			scaffold1073
GCF_002021735.2	Primary Assembly	Un			MPKV02001467.1	Chromosome		NW_022263019.1	unplaced-scaffold	94396			scaffold1074
GCF_002021735.2	Primary Assembly	Un			MPKV02001468.1	Chromosome		NW_022263020.1	unplaced-scaffold	136239			scaffold1075
GCF_002021735.2	Primary Assembly	Un			MPKV02001469.1	Chromosome		NW_022263021.1	unplaced-scaffold	93557			scaffold1076
GCF_002021735.2	Primary Assembly	Un			MPKV02001470.1	Chromosome		NW_022263022.1	unplaced-scaffold	113412			scaffold1077
GCF_002021735.2	Primary Assembly	Un			MPKV02001471.1	Chromosome		NW_022263023.1	unplaced-scaffold	93075			scaffold1078
GCF_002021735.2	Primary Assembly	Un			MPKV02001472.1	Chromosome		NW_022263024.1	unplaced-scaffold	92915			scaffold1079
GCF_002021735.2	Primary Assembly	Un			MPKV02001473.1	Chromosome		NW_022263025.1	unplaced-scaffold	92845			scaffold1080
GCF_002021735.2	Primary Assembly	Un			MPKV02001474.1	Chromosome		NW_022263026.1	unplaced-scaffold	92803			scaffold1081
GCF_002021735.2	Primary Assembly	Un			MPKV02001475.1	Chromosome		NW_022263027.1	unplaced-scaffold	92735			scaffold1082
GCF_002021735.2	Primary Assembly	Un			MPKV02001476.1	Chromosome		NW_022263028.1	unplaced-scaffold	90093			scaffold1083
GCF_002021735.2	Primary Assembly	Un			MPKV02001477.1	Chromosome		NW_022263029.1	unplaced-scaffold	84780			scaffold1084
GCF_002021735.2	Primary Assembly	Un			MPKV02001478.1	Chromosome		NW_022263030.1	unplaced-scaffold	92508			scaffold1085
GCF_002021735.2	Primary Assembly	Un			MPKV02001479.1	Chromosome		NW_022263031.1	unplaced-scaffold	92107			scaffold1086
GCF_002021735.2	Primary Assembly	Un			MPKV02001480.1	Chromosome		NW_022263032.1	unplaced-scaffold	92137			scaffold1087
GCF_002021735.2	Primary Assembly	Un			MPKV02001481.1	Chromosome		NW_022263033.1	unplaced-scaffold	92280			scaffold1088
GCF_002021735.2	Primary Assembly	Un			MPKV02001482.1	Chromosome		NW_022263034.1	unplaced-scaffold	165519			scaffold1089
GCF_002021735.2	Primary Assembly	Un			MPKV02001483.1	Chromosome		NW_022263035.1	unplaced-scaffold	91768			scaffold1090
GCF_002021735.2	Primary Assembly	Un			MPKV02001484.1	Chromosome		NW_022263036.1	unplaced-scaffold	91222			scaffold1091
GCF_002021735.2	Primary Assembly	Un			MPKV02001485.1	Chromosome		NW_022263037.1	unplaced-scaffold	91476			scaffold1092
GCF_002021735.2	Primary Assembly	Un			MPKV02001486.1	Chromosome		NW_022263038.1	unplaced-scaffold	91139			scaffold1093
GCF_002021735.2	Primary Assembly	Un			MPKV02001487.1	Chromosome		NW_022263039.1	unplaced-scaffold	91178			scaffold1094
GCF_002021735.2	Primary Assembly	Un			MPKV02001488.1	Chromosome		NW_022263040.1	unplaced-scaffold	91116			scaffold1095
GCF_002021735.2	Primary Assembly	Un			MPKV02001489.1	Chromosome		NW_022263041.1	unplaced-scaffold	90734			scaffold1096
GCF_002021735.2	Primary Assembly	Un			MPKV02001490.1	Chromosome		NW_022263042.1	unplaced-scaffold	90645			scaffold1097
GCF_002021735.2	Primary Assembly	Un			MPKV02001491.1	Chromosome		NW_022263043.1	unplaced-scaffold	90569			scaffold1098
GCF_002021735.2	Primary Assembly	Un			MPKV02001492.1	Chromosome		NW_022263044.1	unplaced-scaffold	89316			scaffold1099
GCF_002021735.2	Primary Assembly	Un			MPKV02001493.1	Chromosome		NW_022263045.1	unplaced-scaffold	89574			scaffold1100
GCF_002021735.2	Primary Assembly	Un			MPKV02001494.1	Chromosome		NW_022263046.1	unplaced-scaffold	89749			scaffold1101
GCF_002021735.2	Primary Assembly	Un			MPKV02001495.1	Chromosome		NW_022263047.1	unplaced-scaffold	89756			scaffold1102
GCF_002021735.2	Primary Assembly	Un			MPKV02001496.1	Chromosome		NW_022263048.1	unplaced-scaffold	89581			scaffold1103
GCF_002021735.2	Primary Assembly	Un			MPKV02001497.1	Chromosome		NW_022263049.1	unplaced-scaffold	153872			scaffold1104
GCF_002021735.2	Primary Assembly	Un			MPKV02001498.1	Chromosome		NW_022263050.1	unplaced-scaffold	89096			scaffold1105
GCF_002021735.2	Primary Assembly	Un			MPKV02001499.1	Chromosome		NW_022263051.1	unplaced-scaffold	86257			scaffold1106
GCF_002021735.2	Primary Assembly	Un			MPKV02001500.1	Chromosome		NW_022263052.1	unplaced-scaffold	88852			scaffold1107
GCF_002021735.2	Primary Assembly	Un			MPKV02001501.1	Chromosome		NW_022263053.1	unplaced-scaffold	82042			scaffold1108
GCF_002021735.2	Primary Assembly	Un			MPKV02001502.1	Chromosome		NW_022263054.1	unplaced-scaffold	88629			scaffold1109
GCF_002021735.2	Primary Assembly	Un			MPKV02001503.1	Chromosome		NW_022263055.1	unplaced-scaffold	88405			scaffold1110
GCF_002021735.2	Primary Assembly	Un			MPKV02001504.1	Chromosome		NW_022263056.1	unplaced-scaffold	88355			scaffold1111
GCF_002021735.2	Primary Assembly	Un			MPKV02001505.1	Chromosome		NW_022263057.1	unplaced-scaffold	88238			scaffold1112
GCF_002021735.2	Primary Assembly	Un			MPKV02001506.1	Chromosome		NW_022263058.1	unplaced-scaffold	88006			scaffold1113
GCF_002021735.2	Primary Assembly	Un			MPKV02001507.1	Chromosome		NW_022263059.1	unplaced-scaffold	88065			scaffold1114
GCF_002021735.2	Primary Assembly	Un			MPKV02001508.1	Chromosome		NW_022263060.1	unplaced-scaffold	87767			scaffold1115
GCF_002021735.2	Primary Assembly	Un			MPKV02001509.1	Chromosome		NW_022263061.1	unplaced-scaffold	87919			scaffold1116
GCF_002021735.2	Primary Assembly	Un			MPKV02001510.1	Chromosome		NW_022263062.1	unplaced-scaffold	87785			scaffold1117
GCF_002021735.2	Primary Assembly	Un			MPKV02001511.1	Chromosome		NW_022263063.1	unplaced-scaffold	83432			scaffold1118
GCF_002021735.2	Primary Assembly	Un			MPKV02001512.1	Chromosome		NW_022263064.1	unplaced-scaffold	87329			scaffold1119
GCF_002021735.2	Primary Assembly	Un			MPKV02001513.1	Chromosome		NW_022263065.1	unplaced-scaffold	87215			scaffold1120
GCF_002021735.2	Primary Assembly	Un			MPKV02001514.1	Chromosome		NW_022263066.1	unplaced-scaffold	87191			scaffold1121
GCF_002021735.2	Primary Assembly	Un			MPKV02001515.1	Chromosome		NW_022263067.1	unplaced-scaffold	137775			scaffold1122
GCF_002021735.2	Primary Assembly	Un			MPKV02001516.1	Chromosome		NW_022263068.1	unplaced-scaffold	86536			scaffold1123
GCF_002021735.2	Primary Assembly	Un			MPKV02001517.1	Chromosome		NW_022263069.1	unplaced-scaffold	86526			scaffold1124
GCF_002021735.2	Primary Assembly	Un			MPKV02001518.1	Chromosome		NW_022263070.1	unplaced-scaffold	86358			scaffold1125
GCF_002021735.2	Primary Assembly	Un			MPKV02001519.1	Chromosome		NW_022263071.1	unplaced-scaffold	86341			scaffold1126
GCF_002021735.2	Primary Assembly	Un			MPKV02001520.1	Chromosome		NW_022263072.1	unplaced-scaffold	86115			scaffold1127
GCF_002021735.2	Primary Assembly	Un			MPKV02001521.1	Chromosome		NW_022263073.1	unplaced-scaffold	133012			scaffold1128
GCF_002021735.2	Primary Assembly	Un			MPKV02001522.1	Chromosome		NW_022263074.1	unplaced-scaffold	85670			scaffold1129
GCF_002021735.2	Primary Assembly	Un			MPKV02001523.1	Chromosome		NW_022263075.1	unplaced-scaffold	76802			scaffold1130
GCF_002021735.2	Primary Assembly	Un			MPKV02001524.1	Chromosome		NW_022263076.1	unplaced-scaffold	85682			scaffold1131
GCF_002021735.2	Primary Assembly	Un			MPKV02001525.1	Chromosome		NW_022263077.1	unplaced-scaffold	85522			scaffold1132
GCF_002021735.2	Primary Assembly	Un			MPKV02001526.1	Chromosome		NW_022263078.1	unplaced-scaffold	85309			scaffold1133
GCF_002021735.2	Primary Assembly	Un			MPKV02001527.1	Chromosome		NW_022263079.1	unplaced-scaffold	85256			scaffold1134
GCF_002021735.2	Primary Assembly	Un			MPKV02001528.1	Chromosome		NW_022263080.1	unplaced-scaffold	85057			scaffold1135
GCF_002021735.2	Primary Assembly	Un			MPKV02001529.1	Chromosome		NW_022263081.1	unplaced-scaffold	84971			scaffold1136
GCF_002021735.2	Primary Assembly	Un			MPKV02001530.1	Chromosome		NW_022263082.1	unplaced-scaffold	81556			scaffold1137
GCF_002021735.2	Primary Assembly	Un			MPKV02001531.1	Chromosome		NW_022263083.1	unplaced-scaffold	84736			scaffold1138
GCF_002021735.2	Primary Assembly	Un			MPKV02001532.1	Chromosome		NW_022263084.1	unplaced-scaffold	84636			scaffold1139
GCF_002021735.2	Primary Assembly	Un			MPKV02001533.1	Chromosome		NW_022263085.1	unplaced-scaffold	120727			scaffold1140
GCF_002021735.2	Primary Assembly	Un			MPKV02001534.1	Chromosome		NW_022263086.1	unplaced-scaffold	84630			scaffold1141
GCF_002021735.2	Primary Assembly	Un			MPKV02001535.1	Chromosome		NW_022263087.1	unplaced-scaffold	83877			scaffold1142
GCF_002021735.2	Primary Assembly	Un			MPKV02001536.1	Chromosome		NW_022263088.1	unplaced-scaffold	84376			scaffold1143
GCF_002021735.2	Primary Assembly	Un			MPKV02001537.1	Chromosome		NW_022263089.1	unplaced-scaffold	84022			scaffold1144
GCF_002021735.2	Primary Assembly	Un			MPKV02001538.1	Chromosome		NW_022263090.1	unplaced-scaffold	83736			scaffold1145
GCF_002021735.2	Primary Assembly	Un			MPKV02001539.1	Chromosome		NW_022263091.1	unplaced-scaffold	82936			scaffold1146
GCF_002021735.2	Primary Assembly	Un			MPKV02001540.1	Chromosome		NW_022263092.1	unplaced-scaffold	83802			scaffold1147
GCF_002021735.2	Primary Assembly	Un			MPKV02001541.1	Chromosome		NW_022263093.1	unplaced-scaffold	83590			scaffold1148
GCF_002021735.2	Primary Assembly	Un			MPKV02001542.1	Chromosome		NW_022263094.1	unplaced-scaffold	83456			scaffold1149
GCF_002021735.2	Primary Assembly	Un			MPKV02001543.1	Chromosome		NW_022263095.1	unplaced-scaffold	83359			scaffold1150
GCF_002021735.2	Primary Assembly	Un			MPKV02001544.1	Chromosome		NW_022263096.1	unplaced-scaffold	83180			scaffold1151
GCF_002021735.2	Primary Assembly	Un			MPKV02001545.1	Chromosome		NW_022263097.1	unplaced-scaffold	83155			scaffold1152
GCF_002021735.2	Primary Assembly	Un			MPKV02001546.1	Chromosome		NW_022263098.1	unplaced-scaffold	83104			scaffold1153
GCF_002021735.2	Primary Assembly	Un			MPKV02001547.1	Chromosome		NW_022263099.1	unplaced-scaffold	149151			scaffold1154
GCF_002021735.2	Primary Assembly	Un			MPKV02001548.1	Chromosome		NW_022263100.1	unplaced-scaffold	82663			scaffold1155
GCF_002021735.2	Primary Assembly	Un			MPKV02001549.1	Chromosome		NW_022263101.1	unplaced-scaffold	82472			scaffold1156
GCF_002021735.2	Primary Assembly	Un			MPKV02001550.1	Chromosome		NW_022263102.1	unplaced-scaffold	129422			scaffold1157
GCF_002021735.2	Primary Assembly	Un			MPKV02001551.1	Chromosome		NW_022263103.1	unplaced-scaffold	82322			scaffold1158
GCF_002021735.2	Primary Assembly	Un			MPKV02001552.1	Chromosome		NW_022263104.1	unplaced-scaffold	82102			scaffold1159
GCF_002021735.2	Primary Assembly	Un			MPKV02001553.1	Chromosome		NW_022263105.1	unplaced-scaffold	80970			scaffold1160
GCF_002021735.2	Primary Assembly	Un			MPKV02001554.1	Chromosome		NW_022263106.1	unplaced-scaffold	81923			scaffold1161
GCF_002021735.2	Primary Assembly	Un			MPKV02001555.1	Chromosome		NW_022263107.1	unplaced-scaffold	81732			scaffold1162
GCF_002021735.2	Primary Assembly	Un			MPKV02001556.1	Chromosome		NW_022263108.1	unplaced-scaffold	81601			scaffold1163
GCF_002021735.2	Primary Assembly	Un			MPKV02001557.1	Chromosome		NW_022263109.1	unplaced-scaffold	81500			scaffold1164
GCF_002021735.2	Primary Assembly	Un			MPKV02001558.1	Chromosome		NW_022263110.1	unplaced-scaffold	81394			scaffold1165
GCF_002021735.2	Primary Assembly	Un			MPKV02001559.1	Chromosome		NW_022263111.1	unplaced-scaffold	76562			scaffold1166
GCF_002021735.2	Primary Assembly	Un			MPKV02001560.1	Chromosome		NW_022263112.1	unplaced-scaffold	81397			scaffold1167
GCF_002021735.2	Primary Assembly	Un			MPKV02001561.1	Chromosome		NW_022263113.1	unplaced-scaffold	81183			scaffold1168
GCF_002021735.2	Primary Assembly	Un			MPKV02001562.1	Chromosome		NW_022263114.1	unplaced-scaffold	81223			scaffold1169
GCF_002021735.2	Primary Assembly	Un			MPKV02001563.1	Chromosome		NW_022263115.1	unplaced-scaffold	81164			scaffold1170
GCF_002021735.2	Primary Assembly	Un			MPKV02001564.1	Chromosome		NW_022263116.1	unplaced-scaffold	81004			scaffold1171
GCF_002021735.2	Primary Assembly	Un			MPKV02001565.1	Chromosome		NW_022263117.1	unplaced-scaffold	105621			scaffold1172
GCF_002021735.2	Primary Assembly	Un			MPKV02001566.1	Chromosome		NW_022263118.1	unplaced-scaffold	81244			scaffold1173
GCF_002021735.2	Primary Assembly	Un			MPKV02001567.1	Chromosome		NW_022263119.1	unplaced-scaffold	81364			scaffold1174
GCF_002021735.2	Primary Assembly	Un			MPKV02001568.1	Chromosome		NW_022263120.1	unplaced-scaffold	80959			scaffold1175
GCF_002021735.2	Primary Assembly	Un			MPKV02001569.1	Chromosome		NW_022263121.1	unplaced-scaffold	78168			scaffold1176
GCF_002021735.2	Primary Assembly	Un			MPKV02001570.1	Chromosome		NW_022263122.1	unplaced-scaffold	80968			scaffold1177
GCF_002021735.2	Primary Assembly	Un			MPKV02001571.1	Chromosome		NW_022263123.1	unplaced-scaffold	80741			scaffold1178
GCF_002021735.2	Primary Assembly	Un			MPKV02001572.1	Chromosome		NW_022263124.1	unplaced-scaffold	80748			scaffold1179
GCF_002021735.2	Primary Assembly	Un			MPKV02001573.1	Chromosome		NW_022263125.1	unplaced-scaffold	80690			scaffold1180
GCF_002021735.2	Primary Assembly	Un			MPKV02001574.1	Chromosome		NW_022263126.1	unplaced-scaffold	80503			scaffold1181
GCF_002021735.2	Primary Assembly	Un			MPKV02001575.1	Chromosome		NW_022263127.1	unplaced-scaffold	80321			scaffold1182
GCF_002021735.2	Primary Assembly	Un			MPKV02001576.1	Chromosome		NW_022263128.1	unplaced-scaffold	79976			scaffold1183
GCF_002021735.2	Primary Assembly	Un			MPKV02001577.1	Chromosome		NW_022263129.1	unplaced-scaffold	80138			scaffold1184
GCF_002021735.2	Primary Assembly	Un			MPKV02001578.1	Chromosome		NW_022263130.1	unplaced-scaffold	80080			scaffold1185
GCF_002021735.2	Primary Assembly	Un			MPKV02001579.1	Chromosome		NW_022263131.1	unplaced-scaffold	77716			scaffold1186
GCF_002021735.2	Primary Assembly	Un			MPKV02001580.1	Chromosome		NW_022263132.1	unplaced-scaffold	79524			scaffold1187
GCF_002021735.2	Primary Assembly	Un			MPKV02001581.1	Chromosome		NW_022263133.1	unplaced-scaffold	79297			scaffold1188
GCF_002021735.2	Primary Assembly	Un			MPKV02001582.1	Chromosome		NW_022263134.1	unplaced-scaffold	79256			scaffold1189
GCF_002021735.2	Primary Assembly	Un			MPKV02001583.1	Chromosome		NW_022263135.1	unplaced-scaffold	79082			scaffold1190
GCF_002021735.2	Primary Assembly	Un			MPKV02001584.1	Chromosome		NW_022263136.1	unplaced-scaffold	79073			scaffold1191
GCF_002021735.2	Primary Assembly	Un			MPKV02001585.1	Chromosome		NW_022263137.1	unplaced-scaffold	79017			scaffold1192
GCF_002021735.2	Primary Assembly	Un			MPKV02001586.1	Chromosome		NW_022263138.1	unplaced-scaffold	144131			scaffold1193
GCF_002021735.2	Primary Assembly	Un			MPKV02001587.1	Chromosome		NW_022263139.1	unplaced-scaffold	78790			scaffold1194
GCF_002021735.2	Primary Assembly	Un			MPKV02001588.1	Chromosome		NW_022263140.1	unplaced-scaffold	73924			scaffold1195
GCF_002021735.2	Primary Assembly	Un			MPKV02001589.1	Chromosome		NW_022263141.1	unplaced-scaffold	78774			scaffold1196
GCF_002021735.2	Primary Assembly	Un			MPKV02001590.1	Chromosome		NW_022263142.1	unplaced-scaffold	78521			scaffold1197
GCF_002021735.2	Primary Assembly	Un			MPKV02001591.1	Chromosome		NW_022263143.1	unplaced-scaffold	76491			scaffold1198
GCF_002021735.2	Primary Assembly	Un			MPKV02001592.1	Chromosome		NW_022263144.1	unplaced-scaffold	78564			scaffold1199
GCF_002021735.2	Primary Assembly	Un			MPKV02001593.1	Chromosome		NW_022263145.1	unplaced-scaffold	77431			scaffold1200
GCF_002021735.2	Primary Assembly	Un			MPKV02001594.1	Chromosome		NW_022263146.1	unplaced-scaffold	78253			scaffold1201
GCF_002021735.2	Primary Assembly	Un			MPKV02001595.1	Chromosome		NW_022263147.1	unplaced-scaffold	78164			scaffold1202
GCF_002021735.2	Primary Assembly	Un			MPKV02001596.1	Chromosome		NW_022263148.1	unplaced-scaffold	78085			scaffold1203
GCF_002021735.2	Primary Assembly	Un			MPKV02001597.1	Chromosome		NW_022263149.1	unplaced-scaffold	78111			scaffold1204
GCF_002021735.2	Primary Assembly	Un			MPKV02001598.1	Chromosome		NW_022263150.1	unplaced-scaffold	78159			scaffold1205
GCF_002021735.2	Primary Assembly	Un			MPKV02001599.1	Chromosome		NW_022263151.1	unplaced-scaffold	78021			scaffold1206
GCF_002021735.2	Primary Assembly	Un			MPKV02001600.1	Chromosome		NW_022263152.1	unplaced-scaffold	77974			scaffold1207
GCF_002021735.2	Primary Assembly	Un			MPKV02001601.1	Chromosome		NW_022263153.1	unplaced-scaffold	77900			scaffold1208
GCF_002021735.2	Primary Assembly	Un			MPKV02001602.1	Chromosome		NW_022263154.1	unplaced-scaffold	77730			scaffold1209
GCF_002021735.2	Primary Assembly	Un			MPKV02001603.1	Chromosome		NW_022263155.1	unplaced-scaffold	77753			scaffold1210
GCF_002021735.2	Primary Assembly	Un			MPKV02001604.1	Chromosome		NW_022263156.1	unplaced-scaffold	77570			scaffold1211
GCF_002021735.2	Primary Assembly	Un			MPKV02001605.1	Chromosome		NW_022263157.1	unplaced-scaffold	77342			scaffold1212
GCF_002021735.2	Primary Assembly	Un			MPKV02001606.1	Chromosome		NW_022263158.1	unplaced-scaffold	77357			scaffold1213
GCF_002021735.2	Primary Assembly	Un			MPKV02001607.1	Chromosome		NW_022263159.1	unplaced-scaffold	77143			scaffold1214
GCF_002021735.2	Primary Assembly	Un			MPKV02001608.1	Chromosome		NW_022263160.1	unplaced-scaffold	77028			scaffold1215
GCF_002021735.2	Primary Assembly	Un			MPKV02001609.1	Chromosome		NW_022263161.1	unplaced-scaffold	69883			scaffold1216
GCF_002021735.2	Primary Assembly	Un			MPKV02001610.1	Chromosome		NW_022263162.1	unplaced-scaffold	76896			scaffold1217
GCF_002021735.2	Primary Assembly	Un			MPKV02001611.1	Chromosome		NW_022263163.1	unplaced-scaffold	77476			scaffold1218
GCF_002021735.2	Primary Assembly	Un			MPKV02001612.1	Chromosome		NW_022263164.1	unplaced-scaffold	76907			scaffold1219
GCF_002021735.2	Primary Assembly	Un			MPKV02001613.1	Chromosome		NW_022263165.1	unplaced-scaffold	76803			scaffold1220
GCF_002021735.2	Primary Assembly	Un			MPKV02001614.1	Chromosome		NW_022263166.1	unplaced-scaffold	76839			scaffold1221
GCF_002021735.2	Primary Assembly	Un			MPKV02001615.1	Chromosome		NW_022263167.1	unplaced-scaffold	76799			scaffold1222
GCF_002021735.2	Primary Assembly	Un			MPKV02001616.1	Chromosome		NW_022263168.1	unplaced-scaffold	76854			scaffold1223
GCF_002021735.2	Primary Assembly	Un			MPKV02001617.1	Chromosome		NW_022263169.1	unplaced-scaffold	76470			scaffold1224
GCF_002021735.2	Primary Assembly	Un			MPKV02001618.1	Chromosome		NW_022263170.1	unplaced-scaffold	76397			scaffold1225
GCF_002021735.2	Primary Assembly	Un			MPKV02001619.1	Chromosome		NW_022263171.1	unplaced-scaffold	76441			scaffold1226
GCF_002021735.2	Primary Assembly	Un			MPKV02001620.1	Chromosome		NW_022263172.1	unplaced-scaffold	76181			scaffold1227
GCF_002021735.2	Primary Assembly	Un			MPKV02001621.1	Chromosome		NW_022263173.1	unplaced-scaffold	75908			scaffold1228
GCF_002021735.2	Primary Assembly	Un			MPKV02001622.1	Chromosome		NW_022263174.1	unplaced-scaffold	75862			scaffold1229
GCF_002021735.2	Primary Assembly	Un			MPKV02001623.1	Chromosome		NW_022263175.1	unplaced-scaffold	75739			scaffold1230
GCF_002021735.2	Primary Assembly	Un			MPKV02001624.1	Chromosome		NW_022263176.1	unplaced-scaffold	75647			scaffold1231
GCF_002021735.2	Primary Assembly	Un			MPKV02001625.1	Chromosome		NW_022263177.1	unplaced-scaffold	75565			scaffold1232
GCF_002021735.2	Primary Assembly	Un			MPKV02001626.1	Chromosome		NW_022263178.1	unplaced-scaffold	75509			scaffold1233
GCF_002021735.2	Primary Assembly	Un			MPKV02001627.1	Chromosome		NW_022263179.1	unplaced-scaffold	75355			scaffold1234
GCF_002021735.2	Primary Assembly	Un			MPKV02001628.1	Chromosome		NW_022263180.1	unplaced-scaffold	118092			scaffold1235
GCF_002021735.2	Primary Assembly	Un			MPKV02001629.1	Chromosome		NW_022263181.1	unplaced-scaffold	75033			scaffold1236
GCF_002021735.2	Primary Assembly	Un			MPKV02001630.1	Chromosome		NW_022263182.1	unplaced-scaffold	75028			scaffold1237
GCF_002021735.2	Primary Assembly	Un			MPKV02001631.1	Chromosome		NW_022263183.1	unplaced-scaffold	74888			scaffold1238
GCF_002021735.2	Primary Assembly	Un			MPKV02001632.1	Chromosome		NW_022263184.1	unplaced-scaffold	74746			scaffold1239
GCF_002021735.2	Primary Assembly	Un			MPKV02001633.1	Chromosome		NW_022263185.1	unplaced-scaffold	74612			scaffold1240
GCF_002021735.2	Primary Assembly	Un			MPKV02001634.1	Chromosome		NW_022263186.1	unplaced-scaffold	74732			scaffold1241
GCF_002021735.2	Primary Assembly	Un			MPKV02001635.1	Chromosome		NW_022263187.1	unplaced-scaffold	74420			scaffold1242
GCF_002021735.2	Primary Assembly	Un			MPKV02001636.1	Chromosome		NW_022263188.1	unplaced-scaffold	74442			scaffold1243
GCF_002021735.2	Primary Assembly	Un			MPKV02001637.1	Chromosome		NW_022263189.1	unplaced-scaffold	74441			scaffold1244
GCF_002021735.2	Primary Assembly	Un			MPKV02001638.1	Chromosome		NW_022263190.1	unplaced-scaffold	74387			scaffold1245
GCF_002021735.2	Primary Assembly	Un			MPKV02001639.1	Chromosome		NW_022263191.1	unplaced-scaffold	74233			scaffold1246
GCF_002021735.2	Primary Assembly	Un			MPKV02001640.1	Chromosome		NW_022263192.1	unplaced-scaffold	74205			scaffold1247
GCF_002021735.2	Primary Assembly	Un			MPKV02001641.1	Chromosome		NW_022263193.1	unplaced-scaffold	69748			scaffold1248
GCF_002021735.2	Primary Assembly	Un			MPKV02001642.1	Chromosome		NW_022263194.1	unplaced-scaffold	73972			scaffold1249
GCF_002021735.2	Primary Assembly	Un			MPKV02001643.1	Chromosome		NW_022263195.1	unplaced-scaffold	73868			scaffold1250
GCF_002021735.2	Primary Assembly	Un			MPKV02001644.1	Chromosome		NW_022263196.1	unplaced-scaffold	73703			scaffold1251
GCF_002021735.2	Primary Assembly	Un			MPKV02001645.1	Chromosome		NW_022263197.1	unplaced-scaffold	73290			scaffold1252
GCF_002021735.2	Primary Assembly	Un			MPKV02001646.1	Chromosome		NW_022263198.1	unplaced-scaffold	73647			scaffold1253
GCF_002021735.2	Primary Assembly	Un			MPKV02001647.1	Chromosome		NW_022263199.1	unplaced-scaffold	73391			scaffold1254
GCF_002021735.2	Primary Assembly	Un			MPKV02001648.1	Chromosome		NW_022263200.1	unplaced-scaffold	71792			scaffold1255
GCF_002021735.2	Primary Assembly	Un			MPKV02001649.1	Chromosome		NW_022263201.1	unplaced-scaffold	73396			scaffold1256
GCF_002021735.2	Primary Assembly	Un			MPKV02001650.1	Chromosome		NW_022263202.1	unplaced-scaffold	73024			scaffold1257
GCF_002021735.2	Primary Assembly	Un			MPKV02001651.1	Chromosome		NW_022263203.1	unplaced-scaffold	72960			scaffold1258
GCF_002021735.2	Primary Assembly	Un			MPKV02001652.1	Chromosome		NW_022263204.1	unplaced-scaffold	72823			scaffold1259
GCF_002021735.2	Primary Assembly	Un			MPKV02001653.1	Chromosome		NW_022263205.1	unplaced-scaffold	72835			scaffold1260
GCF_002021735.2	Primary Assembly	Un			MPKV02001654.1	Chromosome		NW_022263206.1	unplaced-scaffold	72796			scaffold1261
GCF_002021735.2	Primary Assembly	Un			MPKV02001655.1	Chromosome		NW_022263207.1	unplaced-scaffold	72530			scaffold1262
GCF_002021735.2	Primary Assembly	Un			MPKV02001656.1	Chromosome		NW_022263208.1	unplaced-scaffold	72380			scaffold1263
GCF_002021735.2	Primary Assembly	Un			MPKV02001657.1	Chromosome		NW_022263209.1	unplaced-scaffold	72398			scaffold1264
GCF_002021735.2	Primary Assembly	Un			MPKV02001658.1	Chromosome		NW_022263210.1	unplaced-scaffold	72314			scaffold1265
GCF_002021735.2	Primary Assembly	Un			MPKV02001659.1	Chromosome		NW_022263211.1	unplaced-scaffold	72289			scaffold1266
GCF_002021735.2	Primary Assembly	Un			MPKV02001660.1	Chromosome		NW_022263212.1	unplaced-scaffold	124194			scaffold1267
GCF_002021735.2	Primary Assembly	Un			MPKV02001661.1	Chromosome		NW_022263213.1	unplaced-scaffold	72199			scaffold1268
GCF_002021735.2	Primary Assembly	Un			MPKV02001662.1	Chromosome		NW_022263214.1	unplaced-scaffold	72148			scaffold1269
GCF_002021735.2	Primary Assembly	Un			MPKV02001663.1	Chromosome		NW_022263215.1	unplaced-scaffold	71938			scaffold1270
GCF_002021735.2	Primary Assembly	Un			MPKV02001664.1	Chromosome		NW_022263216.1	unplaced-scaffold	63267			scaffold1271
GCF_002021735.2	Primary Assembly	Un			MPKV02001665.1	Chromosome		NW_022263217.1	unplaced-scaffold	71585			scaffold1272
GCF_002021735.2	Primary Assembly	Un			MPKV02001666.1	Chromosome		NW_022263218.1	unplaced-scaffold	71421			scaffold1273
GCF_002021735.2	Primary Assembly	Un			MPKV02001667.1	Chromosome		NW_022263219.1	unplaced-scaffold	71647			scaffold1274
GCF_002021735.2	Primary Assembly	Un			MPKV02001668.1	Chromosome		NW_022263220.1	unplaced-scaffold	71215			scaffold1275
GCF_002021735.2	Primary Assembly	Un			MPKV02001669.1	Chromosome		NW_022263221.1	unplaced-scaffold	71221			scaffold1276
GCF_002021735.2	Primary Assembly	Un			MPKV02001670.1	Chromosome		NW_022263222.1	unplaced-scaffold	71064			scaffold1277
GCF_002021735.2	Primary Assembly	Un			MPKV02001671.1	Chromosome		NW_022263223.1	unplaced-scaffold	71549			scaffold1278
GCF_002021735.2	Primary Assembly	Un			MPKV02001672.1	Chromosome		NW_022263224.1	unplaced-scaffold	71058			scaffold1279
GCF_002021735.2	Primary Assembly	Un			MPKV02001673.1	Chromosome		NW_022263225.1	unplaced-scaffold	137929			scaffold1280
GCF_002021735.2	Primary Assembly	Un			MPKV02001674.1	Chromosome		NW_022263226.1	unplaced-scaffold	70857			scaffold1281
GCF_002021735.2	Primary Assembly	Un			MPKV02001675.1	Chromosome		NW_022263227.1	unplaced-scaffold	70813			scaffold1282
GCF_002021735.2	Primary Assembly	Un			MPKV02001676.1	Chromosome		NW_022263228.1	unplaced-scaffold	70693			scaffold1283
GCF_002021735.2	Primary Assembly	Un			MPKV02001677.1	Chromosome		NW_022263229.1	unplaced-scaffold	70697			scaffold1284
GCF_002021735.2	Primary Assembly	Un			MPKV02001678.1	Chromosome		NW_022263230.1	unplaced-scaffold	70666			scaffold1285
GCF_002021735.2	Primary Assembly	Un			MPKV02001679.1	Chromosome		NW_022263231.1	unplaced-scaffold	70556			scaffold1286
GCF_002021735.2	Primary Assembly	Un			MPKV02001680.1	Chromosome		NW_022263232.1	unplaced-scaffold	70546			scaffold1287
GCF_002021735.2	Primary Assembly	Un			MPKV02001681.1	Chromosome		NW_022263233.1	unplaced-scaffold	70574			scaffold1288
GCF_002021735.2	Primary Assembly	Un			MPKV02001682.1	Chromosome		NW_022263234.1	unplaced-scaffold	63554			scaffold1289
GCF_002021735.2	Primary Assembly	Un			MPKV02001683.1	Chromosome		NW_022263235.1	unplaced-scaffold	70629			scaffold1290
GCF_002021735.2	Primary Assembly	Un			MPKV02001684.1	Chromosome		NW_022263236.1	unplaced-scaffold	70155			scaffold1291
GCF_002021735.2	Primary Assembly	Un			MPKV02001685.1	Chromosome		NW_022263237.1	unplaced-scaffold	69943			scaffold1292
GCF_002021735.2	Primary Assembly	Un			MPKV02001686.1	Chromosome		NW_022263238.1	unplaced-scaffold	69905			scaffold1293
GCF_002021735.2	Primary Assembly	Un			MPKV02001687.1	Chromosome		NW_022263239.1	unplaced-scaffold	69928			scaffold1294
GCF_002021735.2	Primary Assembly	Un			MPKV02001688.1	Chromosome		NW_022263240.1	unplaced-scaffold	69904			scaffold1295
GCF_002021735.2	Primary Assembly	Un			MPKV02001689.1	Chromosome		NW_022263241.1	unplaced-scaffold	69886			scaffold1296
GCF_002021735.2	Primary Assembly	Un			MPKV02001690.1	Chromosome		NW_022263242.1	unplaced-scaffold	69696			scaffold1297
GCF_002021735.2	Primary Assembly	Un			MPKV02001691.1	Chromosome		NW_022263243.1	unplaced-scaffold	5000			scaffold1298
GCF_002021735.2	Primary Assembly	Un			MPKV02001692.1	Chromosome		NW_022263244.1	unplaced-scaffold	33157			scaffold1299
GCF_002021735.2	Primary Assembly	Un			MPKV02001693.1	Chromosome		NW_022263245.1	unplaced-scaffold	126170			scaffold1300
GCF_002021735.2	Primary Assembly	Un			MPKV02001694.1	Chromosome		NW_022263246.1	unplaced-scaffold	69314			scaffold1301
GCF_002021735.2	Primary Assembly	Un			MPKV02001695.1	Chromosome		NW_022263247.1	unplaced-scaffold	68966			scaffold1302
GCF_002021735.2	Primary Assembly	Un			MPKV02001696.1	Chromosome		NW_022263248.1	unplaced-scaffold	68837			scaffold1303
GCF_002021735.2	Primary Assembly	Un			MPKV02001697.1	Chromosome		NW_022263249.1	unplaced-scaffold	68770			scaffold1304
GCF_002021735.2	Primary Assembly	Un			MPKV02001698.1	Chromosome		NW_022263250.1	unplaced-scaffold	68669			scaffold1305
GCF_002021735.2	Primary Assembly	Un			MPKV02001699.1	Chromosome		NW_022263251.1	unplaced-scaffold	68048			scaffold1306
GCF_002021735.2	Primary Assembly	Un			MPKV02001700.1	Chromosome		NW_022263252.1	unplaced-scaffold	68673			scaffold1307
GCF_002021735.2	Primary Assembly	Un			MPKV02001701.1	Chromosome		NW_022263253.1	unplaced-scaffold	68610			scaffold1308
GCF_002021735.2	Primary Assembly	Un			MPKV02001702.1	Chromosome		NW_022263254.1	unplaced-scaffold	68560			scaffold1309
GCF_002021735.2	Primary Assembly	Un			MPKV02001703.1	Chromosome		NW_022263255.1	unplaced-scaffold	68541			scaffold1310
GCF_002021735.2	Primary Assembly	Un			MPKV02001704.1	Chromosome		NW_022263256.1	unplaced-scaffold	68290			scaffold1311
GCF_002021735.2	Primary Assembly	Un			MPKV02001705.1	Chromosome		NW_022263257.1	unplaced-scaffold	68083			scaffold1312
GCF_002021735.2	Primary Assembly	Un			MPKV02001706.1	Chromosome		NW_022263258.1	unplaced-scaffold	67915			scaffold1313
GCF_002021735.2	Primary Assembly	Un			MPKV02001707.1	Chromosome		NW_022263259.1	unplaced-scaffold	67865			scaffold1314
GCF_002021735.2	Primary Assembly	Un			MPKV02001708.1	Chromosome		NW_022263260.1	unplaced-scaffold	67924			scaffold1315
GCF_002021735.2	Primary Assembly	Un			MPKV02001709.1	Chromosome		NW_022263261.1	unplaced-scaffold	67755			scaffold1316
GCF_002021735.2	Primary Assembly	Un			MPKV02001710.1	Chromosome		NW_022263262.1	unplaced-scaffold	67306			scaffold1317
GCF_002021735.2	Primary Assembly	Un			MPKV02001711.1	Chromosome		NW_022263263.1	unplaced-scaffold	67794			scaffold1318
GCF_002021735.2	Primary Assembly	Un			MPKV02001712.1	Chromosome		NW_022263264.1	unplaced-scaffold	67720			scaffold1319
GCF_002021735.2	Primary Assembly	Un			MPKV02001713.1	Chromosome		NW_022263265.1	unplaced-scaffold	67663			scaffold1320
GCF_002021735.2	Primary Assembly	Un			MPKV02001714.1	Chromosome		NW_022263266.1	unplaced-scaffold	111985			scaffold1321
GCF_002021735.2	Primary Assembly	Un			MPKV02001715.1	Chromosome		NW_022263267.1	unplaced-scaffold	67596			scaffold1322
GCF_002021735.2	Primary Assembly	Un			MPKV02001716.1	Chromosome		NW_022263268.1	unplaced-scaffold	67469			scaffold1323
GCF_002021735.2	Primary Assembly	Un			MPKV02001717.1	Chromosome		NW_022263269.1	unplaced-scaffold	67491			scaffold1324
GCF_002021735.2	Primary Assembly	Un			MPKV02001718.1	Chromosome		NW_022263270.1	unplaced-scaffold	67497			scaffold1325
GCF_002021735.2	Primary Assembly	Un			MPKV02001719.1	Chromosome		NW_022263271.1	unplaced-scaffold	67219			scaffold1326
GCF_002021735.2	Primary Assembly	Un			MPKV02001720.1	Chromosome		NW_022263272.1	unplaced-scaffold	67169			scaffold1327
GCF_002021735.2	Primary Assembly	Un			MPKV02001721.1	Chromosome		NW_022263273.1	unplaced-scaffold	66980			scaffold1328
GCF_002021735.2	Primary Assembly	Un			MPKV02001722.1	Chromosome		NW_022263274.1	unplaced-scaffold	114309			scaffold1329
GCF_002021735.2	Primary Assembly	Un			MPKV02001723.1	Chromosome		NW_022263275.1	unplaced-scaffold	67059			scaffold1330
GCF_002021735.2	Primary Assembly	Un			MPKV02001724.1	Chromosome		NW_022263276.1	unplaced-scaffold	66664			scaffold1331
GCF_002021735.2	Primary Assembly	Un			MPKV02001725.1	Chromosome		NW_022263277.1	unplaced-scaffold	67027			scaffold1332
GCF_002021735.2	Primary Assembly	Un			MPKV02001726.1	Chromosome		NW_022263278.1	unplaced-scaffold	66937			scaffold1333
GCF_002021735.2	Primary Assembly	Un			MPKV02001727.1	Chromosome		NW_022263279.1	unplaced-scaffold	66859			scaffold1334
GCF_002021735.2	Primary Assembly	Un			MPKV02001728.1	Chromosome		NW_022263280.1	unplaced-scaffold	66747			scaffold1335
GCF_002021735.2	Primary Assembly	Un			MPKV02001729.1	Chromosome		NW_022263281.1	unplaced-scaffold	66753			scaffold1336
GCF_002021735.2	Primary Assembly	Un			MPKV02001730.1	Chromosome		NW_022263282.1	unplaced-scaffold	117159			scaffold1337
GCF_002021735.2	Primary Assembly	Un			MPKV02001731.1	Chromosome		NW_022263283.1	unplaced-scaffold	66767			scaffold1338
GCF_002021735.2	Primary Assembly	Un			MPKV02001732.1	Chromosome		NW_022263284.1	unplaced-scaffold	66358			scaffold1339
GCF_002021735.2	Primary Assembly	Un			MPKV02001733.1	Chromosome		NW_022263285.1	unplaced-scaffold	66480			scaffold1340
GCF_002021735.2	Primary Assembly	Un			MPKV02001734.1	Chromosome		NW_022263286.1	unplaced-scaffold	66443			scaffold1341
GCF_002021735.2	Primary Assembly	Un			MPKV02001735.1	Chromosome		NW_022263287.1	unplaced-scaffold	66403			scaffold1342
GCF_002021735.2	Primary Assembly	Un			MPKV02001736.1	Chromosome		NW_022263288.1	unplaced-scaffold	66351			scaffold1343
GCF_002021735.2	Primary Assembly	Un			MPKV02001737.1	Chromosome		NW_022263289.1	unplaced-scaffold	66250			scaffold1344
GCF_002021735.2	Primary Assembly	Un			MPKV02001738.1	Chromosome		NW_022263290.1	unplaced-scaffold	66315			scaffold1345
GCF_002021735.2	Primary Assembly	Un			MPKV02001739.1	Chromosome		NW_022263291.1	unplaced-scaffold	66056			scaffold1346
GCF_002021735.2	Primary Assembly	Un			MPKV02001740.1	Chromosome		NW_022263292.1	unplaced-scaffold	124094			scaffold1347
GCF_002021735.2	Primary Assembly	Un			MPKV02001741.1	Chromosome		NW_022263293.1	unplaced-scaffold	66032			scaffold1348
GCF_002021735.2	Primary Assembly	Un			MPKV02001742.1	Chromosome		NW_022263294.1	unplaced-scaffold	66003			scaffold1349
GCF_002021735.2	Primary Assembly	Un			MPKV02001743.1	Chromosome		NW_022263295.1	unplaced-scaffold	65912			scaffold1350
GCF_002021735.2	Primary Assembly	Un			MPKV02001744.1	Chromosome		NW_022263296.1	unplaced-scaffold	65553			scaffold1351
GCF_002021735.2	Primary Assembly	Un			MPKV02001745.1	Chromosome		NW_022263297.1	unplaced-scaffold	65511			scaffold1352
GCF_002021735.2	Primary Assembly	Un			MPKV02001746.1	Chromosome		NW_022263298.1	unplaced-scaffold	65565			scaffold1353
GCF_002021735.2	Primary Assembly	Un			MPKV02001747.1	Chromosome		NW_022263299.1	unplaced-scaffold	65444			scaffold1354
GCF_002021735.2	Primary Assembly	Un			MPKV02001748.1	Chromosome		NW_022263300.1	unplaced-scaffold	59837			scaffold1355
GCF_002021735.2	Primary Assembly	Un			MPKV02001749.1	Chromosome		NW_022263301.1	unplaced-scaffold	64388			scaffold1356
GCF_002021735.2	Primary Assembly	Un			MPKV02001750.1	Chromosome		NW_022263302.1	unplaced-scaffold	65181			scaffold1357
GCF_002021735.2	Primary Assembly	Un			MPKV02001751.1	Chromosome		NW_022263303.1	unplaced-scaffold	65433			scaffold1358
GCF_002021735.2	Primary Assembly	Un			MPKV02001752.1	Chromosome		NW_022263304.1	unplaced-scaffold	64777			scaffold1359
GCF_002021735.2	Primary Assembly	Un			MPKV02001753.1	Chromosome		NW_022263305.1	unplaced-scaffold	65253			scaffold1360
GCF_002021735.2	Primary Assembly	Un			MPKV02001754.1	Chromosome		NW_022263306.1	unplaced-scaffold	64721			scaffold1361
GCF_002021735.2	Primary Assembly	Un			MPKV02001755.1	Chromosome		NW_022263307.1	unplaced-scaffold	64439			scaffold1362
GCF_002021735.2	Primary Assembly	Un			MPKV02001756.1	Chromosome		NW_022263308.1	unplaced-scaffold	64247			scaffold1363
GCF_002021735.2	Primary Assembly	Un			MPKV02001757.1	Chromosome		NW_022263309.1	unplaced-scaffold	64187			scaffold1364
GCF_002021735.2	Primary Assembly	Un			MPKV02001758.1	Chromosome		NW_022263310.1	unplaced-scaffold	64130			scaffold1365
GCF_002021735.2	Primary Assembly	Un			MPKV02001759.1	Chromosome		NW_022263311.1	unplaced-scaffold	45317			scaffold1366
GCF_002021735.2	Primary Assembly	Un			MPKV02001760.1	Chromosome		NW_022263312.1	unplaced-scaffold	13730			scaffold1367
GCF_002021735.2	Primary Assembly	Un			MPKV02001761.1	Chromosome		NW_022263313.1	unplaced-scaffold	86318			scaffold1368
GCF_002021735.2	Primary Assembly	Un			MPKV02001762.1	Chromosome		NW_022263314.1	unplaced-scaffold	64145			scaffold1369
GCF_002021735.2	Primary Assembly	Un			MPKV02001763.1	Chromosome		NW_022263315.1	unplaced-scaffold	63949			scaffold1370
GCF_002021735.2	Primary Assembly	Un			MPKV02001764.1	Chromosome		NW_022263316.1	unplaced-scaffold	63903			scaffold1371
GCF_002021735.2	Primary Assembly	Un			MPKV02001765.1	Chromosome		NW_022263317.1	unplaced-scaffold	63825			scaffold1372
GCF_002021735.2	Primary Assembly	Un			MPKV02001766.1	Chromosome		NW_022263318.1	unplaced-scaffold	62290			scaffold1373
GCF_002021735.2	Primary Assembly	Un			MPKV02001767.1	Chromosome		NW_022263319.1	unplaced-scaffold	63780			scaffold1374
GCF_002021735.2	Primary Assembly	Un			MPKV02001768.1	Chromosome		NW_022263320.1	unplaced-scaffold	63696			scaffold1375
GCF_002021735.2	Primary Assembly	Un			MPKV02001769.1	Chromosome		NW_022263321.1	unplaced-scaffold	63575			scaffold1376
GCF_002021735.2	Primary Assembly	Un			MPKV02001770.1	Chromosome		NW_022263322.1	unplaced-scaffold	63503			scaffold1377
GCF_002021735.2	Primary Assembly	Un			MPKV02001771.1	Chromosome		NW_022263323.1	unplaced-scaffold	63490			scaffold1378
GCF_002021735.2	Primary Assembly	Un			MPKV02001772.1	Chromosome		NW_022263324.1	unplaced-scaffold	121743			scaffold1379
GCF_002021735.2	Primary Assembly	Un			MPKV02001773.1	Chromosome		NW_022263325.1	unplaced-scaffold	96865			scaffold1380
GCF_002021735.2	Primary Assembly	Un			MPKV02001774.1	Chromosome		NW_022263326.1	unplaced-scaffold	63145			scaffold1381
GCF_002021735.2	Primary Assembly	Un			MPKV02001775.1	Chromosome		NW_022263327.1	unplaced-scaffold	63117			scaffold1382
GCF_002021735.2	Primary Assembly	Un			MPKV02001776.1	Chromosome		NW_022263328.1	unplaced-scaffold	63008			scaffold1383
GCF_002021735.2	Primary Assembly	Un			MPKV02001777.1	Chromosome		NW_022263329.1	unplaced-scaffold	62919			scaffold1384
GCF_002021735.2	Primary Assembly	Un			MPKV02001778.1	Chromosome		NW_022263330.1	unplaced-scaffold	62922			scaffold1385
GCF_002021735.2	Primary Assembly	Un			MPKV02001779.1	Chromosome		NW_022263331.1	unplaced-scaffold	62985			scaffold1386
GCF_002021735.2	Primary Assembly	Un			MPKV02001780.1	Chromosome		NW_022263332.1	unplaced-scaffold	85837			scaffold1387
GCF_002021735.2	Primary Assembly	Un			MPKV02001781.1	Chromosome		NW_022263333.1	unplaced-scaffold	62730			scaffold1388
GCF_002021735.2	Primary Assembly	Un			MPKV02001782.1	Chromosome		NW_022263334.1	unplaced-scaffold	62769			scaffold1389
GCF_002021735.2	Primary Assembly	Un			MPKV02001783.1	Chromosome		NW_022263335.1	unplaced-scaffold	62657			scaffold1390
GCF_002021735.2	Primary Assembly	Un			MPKV02001784.1	Chromosome		NW_022263336.1	unplaced-scaffold	62551			scaffold1391
GCF_002021735.2	Primary Assembly	Un			MPKV02001785.1	Chromosome		NW_022263337.1	unplaced-scaffold	62575			scaffold1392
GCF_002021735.2	Primary Assembly	Un			MPKV02001786.1	Chromosome		NW_022263338.1	unplaced-scaffold	62601			scaffold1393
GCF_002021735.2	Primary Assembly	Un			MPKV02001787.1	Chromosome		NW_022263339.1	unplaced-scaffold	62409			scaffold1394
GCF_002021735.2	Primary Assembly	Un			MPKV02001788.1	Chromosome		NW_022263340.1	unplaced-scaffold	62327			scaffold1395
GCF_002021735.2	Primary Assembly	Un			MPKV02001789.1	Chromosome		NW_022263341.1	unplaced-scaffold	62426			scaffold1396
GCF_002021735.2	Primary Assembly	Un			MPKV02001790.1	Chromosome		NW_022263342.1	unplaced-scaffold	62264			scaffold1397
GCF_002021735.2	Primary Assembly	Un			MPKV02001791.1	Chromosome		NW_022263343.1	unplaced-scaffold	62266			scaffold1398
GCF_002021735.2	Primary Assembly	Un			MPKV02001792.1	Chromosome		NW_022263344.1	unplaced-scaffold	62371			scaffold1399
GCF_002021735.2	Primary Assembly	Un			MPKV02001793.1	Chromosome		NW_022263345.1	unplaced-scaffold	62205			scaffold1400
GCF_002021735.2	Primary Assembly	Un			MPKV02001794.1	Chromosome		NW_022263346.1	unplaced-scaffold	62208			scaffold1401
GCF_002021735.2	Primary Assembly	Un			MPKV02001795.1	Chromosome		NW_022263347.1	unplaced-scaffold	89626			scaffold1402
GCF_002021735.2	Primary Assembly	Un			MPKV02001796.1	Chromosome		NW_022263348.1	unplaced-scaffold	61972			scaffold1403
GCF_002021735.2	Primary Assembly	Un			MPKV02001797.1	Chromosome		NW_022263349.1	unplaced-scaffold	61967			scaffold1404
GCF_002021735.2	Primary Assembly	Un			MPKV02001798.1	Chromosome		NW_022263350.1	unplaced-scaffold	61954			scaffold1405
GCF_002021735.2	Primary Assembly	Un			MPKV02001799.1	Chromosome		NW_022263351.1	unplaced-scaffold	61655			scaffold1406
GCF_002021735.2	Primary Assembly	Un			MPKV02001800.1	Chromosome		NW_022263352.1	unplaced-scaffold	61663			scaffold1407
GCF_002021735.2	Primary Assembly	Un			MPKV02001801.1	Chromosome		NW_022263353.1	unplaced-scaffold	61793			scaffold1408
GCF_002021735.2	Primary Assembly	Un			MPKV02001802.1	Chromosome		NW_022263354.1	unplaced-scaffold	61593			scaffold1409
GCF_002021735.2	Primary Assembly	Un			MPKV02001803.1	Chromosome		NW_022263355.1	unplaced-scaffold	61638			scaffold1410
GCF_002021735.2	Primary Assembly	Un			MPKV02001804.1	Chromosome		NW_022263356.1	unplaced-scaffold	61435			scaffold1411
GCF_002021735.2	Primary Assembly	Un			MPKV02001805.1	Chromosome		NW_022263357.1	unplaced-scaffold	61560			scaffold1412
GCF_002021735.2	Primary Assembly	Un			MPKV02001806.1	Chromosome		NW_022263358.1	unplaced-scaffold	59513			scaffold1413
GCF_002021735.2	Primary Assembly	Un			MPKV02001807.1	Chromosome		NW_022263359.1	unplaced-scaffold	61396			scaffold1414
GCF_002021735.2	Primary Assembly	Un			MPKV02001808.1	Chromosome		NW_022263360.1	unplaced-scaffold	61445			scaffold1415
GCF_002021735.2	Primary Assembly	Un			MPKV02001809.1	Chromosome		NW_022263361.1	unplaced-scaffold	118702			scaffold1416
GCF_002021735.2	Primary Assembly	Un			MPKV02001810.1	Chromosome		NW_022263362.1	unplaced-scaffold	61357			scaffold1417
GCF_002021735.2	Primary Assembly	Un			MPKV02001811.1	Chromosome		NW_022263363.1	unplaced-scaffold	61381			scaffold1418
GCF_002021735.2	Primary Assembly	Un			MPKV02001812.1	Chromosome		NW_022263364.1	unplaced-scaffold	61037			scaffold1419
GCF_002021735.2	Primary Assembly	Un			MPKV02001813.1	Chromosome		NW_022263365.1	unplaced-scaffold	60856			scaffold1420
GCF_002021735.2	Primary Assembly	Un			MPKV02001814.1	Chromosome		NW_022263366.1	unplaced-scaffold	60772			scaffold1421
GCF_002021735.2	Primary Assembly	Un			MPKV02001815.1	Chromosome		NW_022263367.1	unplaced-scaffold	60685			scaffold1422
GCF_002021735.2	Primary Assembly	Un			MPKV02001816.1	Chromosome		NW_022263368.1	unplaced-scaffold	60572			scaffold1423
GCF_002021735.2	Primary Assembly	Un			MPKV02001817.1	Chromosome		NW_022263369.1	unplaced-scaffold	60306			scaffold1424
GCF_002021735.2	Primary Assembly	Un			MPKV02001818.1	Chromosome		NW_022263370.1	unplaced-scaffold	60317			scaffold1425
GCF_002021735.2	Primary Assembly	Un			MPKV02001819.1	Chromosome		NW_022263371.1	unplaced-scaffold	60132			scaffold1426
GCF_002021735.2	Primary Assembly	Un			MPKV02001820.1	Chromosome		NW_022263372.1	unplaced-scaffold	60203			scaffold1427
GCF_002021735.2	Primary Assembly	Un			MPKV02001821.1	Chromosome		NW_022263373.1	unplaced-scaffold	60381			scaffold1428
GCF_002021735.2	Primary Assembly	Un			MPKV02001822.1	Chromosome		NW_022263374.1	unplaced-scaffold	60211			scaffold1429
GCF_002021735.2	Primary Assembly	Un			MPKV02001823.1	Chromosome		NW_022263375.1	unplaced-scaffold	60064			scaffold1430
GCF_002021735.2	Primary Assembly	Un			MPKV02001824.1	Chromosome		NW_022263376.1	unplaced-scaffold	59971			scaffold1431
GCF_002021735.2	Primary Assembly	Un			MPKV02001825.1	Chromosome		NW_022263377.1	unplaced-scaffold	59768			scaffold1432
GCF_002021735.2	Primary Assembly	Un			MPKV02001826.1	Chromosome		NW_022263378.1	unplaced-scaffold	59914			scaffold1433
GCF_002021735.2	Primary Assembly	Un			MPKV02001827.1	Chromosome		NW_022263379.1	unplaced-scaffold	60029			scaffold1434
GCF_002021735.2	Primary Assembly	Un			MPKV02001828.1	Chromosome		NW_022263380.1	unplaced-scaffold	59905			scaffold1435
GCF_002021735.2	Primary Assembly	Un			MPKV02001829.1	Chromosome		NW_022263381.1	unplaced-scaffold	59749			scaffold1436
GCF_002021735.2	Primary Assembly	Un			MPKV02001830.1	Chromosome		NW_022263382.1	unplaced-scaffold	58931			scaffold1437
GCF_002021735.2	Primary Assembly	Un			MPKV02001831.1	Chromosome		NW_022263383.1	unplaced-scaffold	59829			scaffold1438
GCF_002021735.2	Primary Assembly	Un			MPKV02001832.1	Chromosome		NW_022263384.1	unplaced-scaffold	100407			scaffold1439
GCF_002021735.2	Primary Assembly	Un			MPKV02001833.1	Chromosome		NW_022263385.1	unplaced-scaffold	59255			scaffold1440
GCF_002021735.2	Primary Assembly	Un			MPKV02001834.1	Chromosome		NW_022263386.1	unplaced-scaffold	59248			scaffold1441
GCF_002021735.2	Primary Assembly	Un			MPKV02001835.1	Chromosome		NW_022263387.1	unplaced-scaffold	59333			scaffold1442
GCF_002021735.2	Primary Assembly	Un			MPKV02001836.1	Chromosome		NW_022263388.1	unplaced-scaffold	59162			scaffold1443
GCF_002021735.2	Primary Assembly	Un			MPKV02001837.1	Chromosome		NW_022263389.1	unplaced-scaffold	59158			scaffold1444
GCF_002021735.2	Primary Assembly	Un			MPKV02001838.1	Chromosome		NW_022263390.1	unplaced-scaffold	59075			scaffold1445
GCF_002021735.2	Primary Assembly	Un			MPKV02001839.1	Chromosome		NW_022263391.1	unplaced-scaffold	59027			scaffold1446
GCF_002021735.2	Primary Assembly	Un			MPKV02001840.1	Chromosome		NW_022263392.1	unplaced-scaffold	58759			scaffold1447
GCF_002021735.2	Primary Assembly	Un			MPKV02001841.1	Chromosome		NW_022263393.1	unplaced-scaffold	58753			scaffold1448
GCF_002021735.2	Primary Assembly	Un			MPKV02001842.1	Chromosome		NW_022263394.1	unplaced-scaffold	57882			scaffold1449
GCF_002021735.2	Primary Assembly	Un			MPKV02001843.1	Chromosome		NW_022263395.1	unplaced-scaffold	116089			scaffold1450
GCF_002021735.2	Primary Assembly	Un			MPKV02001844.1	Chromosome		NW_022263396.1	unplaced-scaffold	57767			scaffold1451
GCF_002021735.2	Primary Assembly	Un			MPKV02001845.1	Chromosome		NW_022263397.1	unplaced-scaffold	58455			scaffold1452
GCF_002021735.2	Primary Assembly	Un			MPKV02001846.1	Chromosome		NW_022263398.1	unplaced-scaffold	58452			scaffold1453
GCF_002021735.2	Primary Assembly	Un			MPKV02001847.1	Chromosome		NW_022263399.1	unplaced-scaffold	58383			scaffold1454
GCF_002021735.2	Primary Assembly	Un			MPKV02001848.1	Chromosome		NW_022263400.1	unplaced-scaffold	58315			scaffold1455
GCF_002021735.2	Primary Assembly	Un			MPKV02001849.1	Chromosome		NW_022263401.1	unplaced-scaffold	58203			scaffold1456
GCF_002021735.2	Primary Assembly	Un			MPKV02001850.1	Chromosome		NW_022263402.1	unplaced-scaffold	58165			scaffold1457
GCF_002021735.2	Primary Assembly	Un			MPKV02001851.1	Chromosome		NW_022263403.1	unplaced-scaffold	58025			scaffold1458
GCF_002021735.2	Primary Assembly	Un			MPKV02001852.1	Chromosome		NW_022263404.1	unplaced-scaffold	57943			scaffold1459
GCF_002021735.2	Primary Assembly	Un			MPKV02001853.1	Chromosome		NW_022263405.1	unplaced-scaffold	57918			scaffold1460
GCF_002021735.2	Primary Assembly	Un			MPKV02001854.1	Chromosome		NW_022263406.1	unplaced-scaffold	54859			scaffold1461
GCF_002021735.2	Primary Assembly	Un			MPKV02001855.1	Chromosome		NW_022263407.1	unplaced-scaffold	57941			scaffold1462
GCF_002021735.2	Primary Assembly	Un			MPKV02001856.1	Chromosome		NW_022263408.1	unplaced-scaffold	57923			scaffold1463
GCF_002021735.2	Primary Assembly	Un			MPKV02001857.1	Chromosome		NW_022263409.1	unplaced-scaffold	57854			scaffold1464
GCF_002021735.2	Primary Assembly	Un			MPKV02001858.1	Chromosome		NW_022263410.1	unplaced-scaffold	57642			scaffold1465
GCF_002021735.2	Primary Assembly	Un			MPKV02001859.1	Chromosome		NW_022263411.1	unplaced-scaffold	57624			scaffold1466
GCF_002021735.2	Primary Assembly	Un			MPKV02001860.1	Chromosome		NW_022263412.1	unplaced-scaffold	57559			scaffold1467
GCF_002021735.2	Primary Assembly	Un			MPKV02001861.1	Chromosome		NW_022263413.1	unplaced-scaffold	57527			scaffold1468
GCF_002021735.2	Primary Assembly	Un			MPKV02001862.1	Chromosome		NW_022263414.1	unplaced-scaffold	57404			scaffold1469
GCF_002021735.2	Primary Assembly	Un			MPKV02001863.1	Chromosome		NW_022263415.1	unplaced-scaffold	57436			scaffold1470
GCF_002021735.2	Primary Assembly	Un			MPKV02001864.1	Chromosome		NW_022263416.1	unplaced-scaffold	56937			scaffold1471
GCF_002021735.2	Primary Assembly	Un			MPKV02001865.1	Chromosome		NW_022263417.1	unplaced-scaffold	57340			scaffold1472
GCF_002021735.2	Primary Assembly	Un			MPKV02001866.1	Chromosome		NW_022263418.1	unplaced-scaffold	57443			scaffold1473
GCF_002021735.2	Primary Assembly	Un			MPKV02001867.1	Chromosome		NW_022263419.1	unplaced-scaffold	57300			scaffold1474
GCF_002021735.2	Primary Assembly	Un			MPKV02001868.1	Chromosome		NW_022263420.1	unplaced-scaffold	57232			scaffold1475
GCF_002021735.2	Primary Assembly	Un			MPKV02001869.1	Chromosome		NW_022263421.1	unplaced-scaffold	57068			scaffold1476
GCF_002021735.2	Primary Assembly	Un			MPKV02001870.1	Chromosome		NW_022263422.1	unplaced-scaffold	89503			scaffold1477
GCF_002021735.2	Primary Assembly	Un			MPKV02001871.1	Chromosome		NW_022263423.1	unplaced-scaffold	52857			scaffold1478
GCF_002021735.2	Primary Assembly	Un			MPKV02001872.1	Chromosome		NW_022263424.1	unplaced-scaffold	57191			scaffold1479
GCF_002021735.2	Primary Assembly	Un			MPKV02001873.1	Chromosome		NW_022263425.1	unplaced-scaffold	57060			scaffold1480
GCF_002021735.2	Primary Assembly	Un			MPKV02001874.1	Chromosome		NW_022263426.1	unplaced-scaffold	57128			scaffold1481
GCF_002021735.2	Primary Assembly	Un			MPKV02001875.1	Chromosome		NW_022263427.1	unplaced-scaffold	57155			scaffold1482
GCF_002021735.2	Primary Assembly	Un			MPKV02001876.1	Chromosome		NW_022263428.1	unplaced-scaffold	57019			scaffold1483
GCF_002021735.2	Primary Assembly	Un			MPKV02001877.1	Chromosome		NW_022263429.1	unplaced-scaffold	53973			scaffold1484
GCF_002021735.2	Primary Assembly	Un			MPKV02001878.1	Chromosome		NW_022263430.1	unplaced-scaffold	56809			scaffold1485
GCF_002021735.2	Primary Assembly	Un			MPKV02001879.1	Chromosome		NW_022263431.1	unplaced-scaffold	56653			scaffold1486
GCF_002021735.2	Primary Assembly	Un			MPKV02001880.1	Chromosome		NW_022263432.1	unplaced-scaffold	56564			scaffold1487
GCF_002021735.2	Primary Assembly	Un			MPKV02001881.1	Chromosome		NW_022263433.1	unplaced-scaffold	56549			scaffold1488
GCF_002021735.2	Primary Assembly	Un			MPKV02001882.1	Chromosome		NW_022263434.1	unplaced-scaffold	56645			scaffold1489
GCF_002021735.2	Primary Assembly	Un			MPKV02001883.1	Chromosome		NW_022263435.1	unplaced-scaffold	56440			scaffold1490
GCF_002021735.2	Primary Assembly	Un			MPKV02001884.1	Chromosome		NW_022263436.1	unplaced-scaffold	56414			scaffold1491
GCF_002021735.2	Primary Assembly	Un			MPKV02001885.1	Chromosome		NW_022263437.1	unplaced-scaffold	56142			scaffold1492
GCF_002021735.2	Primary Assembly	Un			MPKV02001886.1	Chromosome		NW_022263438.1	unplaced-scaffold	125000			scaffold1493
GCF_002021735.2	Primary Assembly	Un			MPKV02001887.1	Chromosome		NW_022263439.1	unplaced-scaffold	56286			scaffold1494
GCF_002021735.2	Primary Assembly	Un			MPKV02001888.1	Chromosome		NW_022263440.1	unplaced-scaffold	56079			scaffold1495
GCF_002021735.2	Primary Assembly	Un			MPKV02001889.1	Chromosome		NW_022263441.1	unplaced-scaffold	55742			scaffold1496
GCF_002021735.2	Primary Assembly	Un			MPKV02001890.1	Chromosome		NW_022263442.1	unplaced-scaffold	77325			scaffold1497
GCF_002021735.2	Primary Assembly	Un			MPKV02001891.1	Chromosome		NW_022263443.1	unplaced-scaffold	56005			scaffold1498
GCF_002021735.2	Primary Assembly	Un			MPKV02001892.1	Chromosome		NW_022263444.1	unplaced-scaffold	55951			scaffold1499
GCF_002021735.2	Primary Assembly	Un			MPKV02001893.1	Chromosome		NW_022263445.1	unplaced-scaffold	55857			scaffold1500
GCF_002021735.2	Primary Assembly	Un			MPKV02001894.1	Chromosome		NW_022263446.1	unplaced-scaffold	55855			scaffold1501
GCF_002021735.2	Primary Assembly	Un			MPKV02001895.1	Chromosome		NW_022263447.1	unplaced-scaffold	55844			scaffold1502
GCF_002021735.2	Primary Assembly	Un			MPKV02001896.1	Chromosome		NW_022263448.1	unplaced-scaffold	55822			scaffold1503
GCF_002021735.2	Primary Assembly	Un			MPKV02001897.1	Chromosome		NW_022263449.1	unplaced-scaffold	55798			scaffold1504
GCF_002021735.2	Primary Assembly	Un			MPKV02001898.1	Chromosome		NW_022263450.1	unplaced-scaffold	55374			scaffold1505
GCF_002021735.2	Primary Assembly	Un			MPKV02001899.1	Chromosome		NW_022263451.1	unplaced-scaffold	55264			scaffold1506
GCF_002021735.2	Primary Assembly	Un			MPKV02001900.1	Chromosome		NW_022263452.1	unplaced-scaffold	55306			scaffold1507
GCF_002021735.2	Primary Assembly	Un			MPKV02001901.1	Chromosome		NW_022263453.1	unplaced-scaffold	53368			scaffold1508
GCF_002021735.2	Primary Assembly	Un			MPKV02001902.1	Chromosome		NW_022263454.1	unplaced-scaffold	55121			scaffold1509
GCF_002021735.2	Primary Assembly	Un			MPKV02001903.1	Chromosome		NW_022263455.1	unplaced-scaffold	55162			scaffold1510
GCF_002021735.2	Primary Assembly	Un			MPKV02001904.1	Chromosome		NW_022263456.1	unplaced-scaffold	55082			scaffold1511
GCF_002021735.2	Primary Assembly	Un			MPKV02001905.1	Chromosome		NW_022263457.1	unplaced-scaffold	55118			scaffold1512
GCF_002021735.2	Primary Assembly	Un			MPKV02001906.1	Chromosome		NW_022263458.1	unplaced-scaffold	54986			scaffold1513
GCF_002021735.2	Primary Assembly	Un			MPKV02001907.1	Chromosome		NW_022263459.1	unplaced-scaffold	74635			scaffold1514
GCF_002021735.2	Primary Assembly	Un			MPKV02001908.1	Chromosome		NW_022263460.1	unplaced-scaffold	91063			scaffold1515
GCF_002021735.2	Primary Assembly	Un			MPKV02001909.1	Chromosome		NW_022263461.1	unplaced-scaffold	54800			scaffold1516
GCF_002021735.2	Primary Assembly	Un			MPKV02001910.1	Chromosome		NW_022263462.1	unplaced-scaffold	15627			scaffold1517
GCF_002021735.2	Primary Assembly	Un			MPKV02001911.1	Chromosome		NW_022263463.1	unplaced-scaffold	5000			scaffold1518
GCF_002021735.2	Primary Assembly	Un			MPKV02001912.1	Chromosome		NW_022263464.1	unplaced-scaffold	34168			scaffold1519
GCF_002021735.2	Primary Assembly	Un			MPKV02001913.1	Chromosome		NW_022263465.1	unplaced-scaffold	54670			scaffold1520
GCF_002021735.2	Primary Assembly	Un			MPKV02001914.1	Chromosome		NW_022263466.1	unplaced-scaffold	54642			scaffold1521
GCF_002021735.2	Primary Assembly	Un			MPKV02001915.1	Chromosome		NW_022263467.1	unplaced-scaffold	54631			scaffold1522
GCF_002021735.2	Primary Assembly	Un			MPKV02001916.1	Chromosome		NW_022263468.1	unplaced-scaffold	54572			scaffold1523
GCF_002021735.2	Primary Assembly	Un			MPKV02001917.1	Chromosome		NW_022263469.1	unplaced-scaffold	54485			scaffold1524
GCF_002021735.2	Primary Assembly	Un			MPKV02001918.1	Chromosome		NW_022263470.1	unplaced-scaffold	54419			scaffold1525
GCF_002021735.2	Primary Assembly	Un			MPKV02001919.1	Chromosome		NW_022263471.1	unplaced-scaffold	54408			scaffold1526
GCF_002021735.2	Primary Assembly	Un			MPKV02001920.1	Chromosome		NW_022263472.1	unplaced-scaffold	54368			scaffold1527
GCF_002021735.2	Primary Assembly	Un			MPKV02001921.1	Chromosome		NW_022263473.1	unplaced-scaffold	54428			scaffold1528
GCF_002021735.2	Primary Assembly	Un			MPKV02001922.1	Chromosome		NW_022263474.1	unplaced-scaffold	54114			scaffold1529
GCF_002021735.2	Primary Assembly	Un			MPKV02001923.1	Chromosome		NW_022263475.1	unplaced-scaffold	54112			scaffold1530
GCF_002021735.2	Primary Assembly	Un			MPKV02001924.1	Chromosome		NW_022263476.1	unplaced-scaffold	54060			scaffold1531
GCF_002021735.2	Primary Assembly	Un			MPKV02001925.1	Chromosome		NW_022263477.1	unplaced-scaffold	54010			scaffold1532
GCF_002021735.2	Primary Assembly	Un			MPKV02001926.1	Chromosome		NW_022263478.1	unplaced-scaffold	53978			scaffold1533
GCF_002021735.2	Primary Assembly	Un			MPKV02001927.1	Chromosome		NW_022263479.1	unplaced-scaffold	53984			scaffold1534
GCF_002021735.2	Primary Assembly	Un			MPKV02001928.1	Chromosome		NW_022263480.1	unplaced-scaffold	54011			scaffold1535
GCF_002021735.2	Primary Assembly	Un			MPKV02001929.1	Chromosome		NW_022263481.1	unplaced-scaffold	53909			scaffold1536
GCF_002021735.2	Primary Assembly	Un			MPKV02001930.1	Chromosome		NW_022263482.1	unplaced-scaffold	53969			scaffold1537
GCF_002021735.2	Primary Assembly	Un			MPKV02001931.1	Chromosome		NW_022263483.1	unplaced-scaffold	41148			scaffold1538
GCF_002021735.2	Primary Assembly	Un			MPKV02001932.1	Chromosome		NW_022263484.1	unplaced-scaffold	53781			scaffold1539
GCF_002021735.2	Primary Assembly	Un			MPKV02001933.1	Chromosome		NW_022263485.1	unplaced-scaffold	22995			scaffold1540
GCF_002021735.2	Primary Assembly	Un			MPKV02001934.1	Chromosome		NW_022263486.1	unplaced-scaffold	5000			scaffold1541
GCF_002021735.2	Primary Assembly	Un			MPKV02001935.1	Chromosome		NW_022263487.1	unplaced-scaffold	25758			scaffold1542
GCF_002021735.2	Primary Assembly	Un			MPKV02001936.1	Chromosome		NW_022263488.1	unplaced-scaffold	53664			scaffold1543
GCF_002021735.2	Primary Assembly	Un			MPKV02001937.1	Chromosome		NW_022263489.1	unplaced-scaffold	53656			scaffold1544
GCF_002021735.2	Primary Assembly	Un			MPKV02001938.1	Chromosome		NW_022263490.1	unplaced-scaffold	53727			scaffold1545
GCF_002021735.2	Primary Assembly	Un			MPKV02001939.1	Chromosome		NW_022263491.1	unplaced-scaffold	53565			scaffold1546
GCF_002021735.2	Primary Assembly	Un			MPKV02001940.1	Chromosome		NW_022263492.1	unplaced-scaffold	53419			scaffold1547
GCF_002021735.2	Primary Assembly	Un			MPKV02001941.1	Chromosome		NW_022263493.1	unplaced-scaffold	53664			scaffold1548
GCF_002021735.2	Primary Assembly	Un			MPKV02001942.1	Chromosome		NW_022263494.1	unplaced-scaffold	53319			scaffold1549
GCF_002021735.2	Primary Assembly	Un			MPKV02001943.1	Chromosome		NW_022263495.1	unplaced-scaffold	125000			scaffold1550
GCF_002021735.2	Primary Assembly	Un			MPKV02001944.1	Chromosome		NW_022263496.1	unplaced-scaffold	5000			scaffold1551
GCF_002021735.2	Primary Assembly	Un			MPKV02001945.1	Chromosome		NW_022263497.1	unplaced-scaffold	185251			scaffold1552
GCF_002021735.2	Primary Assembly	Un			MPKV02001946.1	Chromosome		NW_022263498.1	unplaced-scaffold	53327			scaffold1553
GCF_002021735.2	Primary Assembly	Un			MPKV02001947.1	Chromosome		NW_022263499.1	unplaced-scaffold	53307			scaffold1554
GCF_002021735.2	Primary Assembly	Un			MPKV02001948.1	Chromosome		NW_022263500.1	unplaced-scaffold	53166			scaffold1555
GCF_002021735.2	Primary Assembly	Un			MPKV02001949.1	Chromosome		NW_022263501.1	unplaced-scaffold	53173			scaffold1556
GCF_002021735.2	Primary Assembly	Un			MPKV02001950.1	Chromosome		NW_022263502.1	unplaced-scaffold	52852			scaffold1557
GCF_002021735.2	Primary Assembly	Un			MPKV02001951.1	Chromosome		NW_022263503.1	unplaced-scaffold	52921			scaffold1558
GCF_002021735.2	Primary Assembly	Un			MPKV02001952.1	Chromosome		NW_022263504.1	unplaced-scaffold	52698			scaffold1559
GCF_002021735.2	Primary Assembly	Un			MPKV02001953.1	Chromosome		NW_022263505.1	unplaced-scaffold	52717			scaffold1560
GCF_002021735.2	Primary Assembly	Un			MPKV02001954.1	Chromosome		NW_022263506.1	unplaced-scaffold	52675			scaffold1561
GCF_002021735.2	Primary Assembly	Un			MPKV02001955.1	Chromosome		NW_022263507.1	unplaced-scaffold	52768			scaffold1562
GCF_002021735.2	Primary Assembly	Un			MPKV02001956.1	Chromosome		NW_022263508.1	unplaced-scaffold	52590			scaffold1563
GCF_002021735.2	Primary Assembly	Un			MPKV02001957.1	Chromosome		NW_022263509.1	unplaced-scaffold	52470			scaffold1564
GCF_002021735.2	Primary Assembly	Un			MPKV02001958.1	Chromosome		NW_022263510.1	unplaced-scaffold	52370			scaffold1565
GCF_002021735.2	Primary Assembly	Un			MPKV02001959.1	Chromosome		NW_022263511.1	unplaced-scaffold	52485			scaffold1566
GCF_002021735.2	Primary Assembly	Un			MPKV02001960.1	Chromosome		NW_022263512.1	unplaced-scaffold	52381			scaffold1567
GCF_002021735.2	Primary Assembly	Un			MPKV02001961.1	Chromosome		NW_022263513.1	unplaced-scaffold	52266			scaffold1568
GCF_002021735.2	Primary Assembly	Un			MPKV02001962.1	Chromosome		NW_022263514.1	unplaced-scaffold	52006			scaffold1569
GCF_002021735.2	Primary Assembly	Un			MPKV02001963.1	Chromosome		NW_022263515.1	unplaced-scaffold	52045			scaffold1570
GCF_002021735.2	Primary Assembly	Un			MPKV02001964.1	Chromosome		NW_022263516.1	unplaced-scaffold	52074			scaffold1571
GCF_002021735.2	Primary Assembly	Un			MPKV02001965.1	Chromosome		NW_022263517.1	unplaced-scaffold	51992			scaffold1572
GCF_002021735.2	Primary Assembly	Un			MPKV02001966.1	Chromosome		NW_022263518.1	unplaced-scaffold	51971			scaffold1573
GCF_002021735.2	Primary Assembly	Un			MPKV02001967.1	Chromosome		NW_022263519.1	unplaced-scaffold	51906			scaffold1574
GCF_002021735.2	Primary Assembly	Un			MPKV02001968.1	Chromosome		NW_022263520.1	unplaced-scaffold	51802			scaffold1575
GCF_002021735.2	Primary Assembly	Un			MPKV02001969.1	Chromosome		NW_022263521.1	unplaced-scaffold	51659			scaffold1576
GCF_002021735.2	Primary Assembly	Un			MPKV02001970.1	Chromosome		NW_022263522.1	unplaced-scaffold	51346			scaffold1577
GCF_002021735.2	Primary Assembly	Un			MPKV02001971.1	Chromosome		NW_022263523.1	unplaced-scaffold	51589			scaffold1578
GCF_002021735.2	Primary Assembly	Un			MPKV02001972.1	Chromosome		NW_022263524.1	unplaced-scaffold	51629			scaffold1579
GCF_002021735.2	Primary Assembly	Un			MPKV02001973.1	Chromosome		NW_022263525.1	unplaced-scaffold	51490			scaffold1580
GCF_002021735.2	Primary Assembly	Un			MPKV02001974.1	Chromosome		NW_022263526.1	unplaced-scaffold	51479			scaffold1581
GCF_002021735.2	Primary Assembly	Un			MPKV02001975.1	Chromosome		NW_022263527.1	unplaced-scaffold	51396			scaffold1582
GCF_002021735.2	Primary Assembly	Un			MPKV02001976.1	Chromosome		NW_022263528.1	unplaced-scaffold	50983			scaffold1583
GCF_002021735.2	Primary Assembly	Un			MPKV02001977.1	Chromosome		NW_022263529.1	unplaced-scaffold	51358			scaffold1584
GCF_002021735.2	Primary Assembly	Un			MPKV02001978.1	Chromosome		NW_022263530.1	unplaced-scaffold	51323			scaffold1585
GCF_002021735.2	Primary Assembly	Un			MPKV02001979.1	Chromosome		NW_022263531.1	unplaced-scaffold	51233			scaffold1586
GCF_002021735.2	Primary Assembly	Un			MPKV02001980.1	Chromosome		NW_022263532.1	unplaced-scaffold	51145			scaffold1587
GCF_002021735.2	Primary Assembly	Un			MPKV02001981.1	Chromosome		NW_022263533.1	unplaced-scaffold	51106			scaffold1588
GCF_002021735.2	Primary Assembly	Un			MPKV02001982.1	Chromosome		NW_022263534.1	unplaced-scaffold	51057			scaffold1589
GCF_002021735.2	Primary Assembly	Un			MPKV02001983.1	Chromosome		NW_022263535.1	unplaced-scaffold	51064			scaffold1590
GCF_002021735.2	Primary Assembly	Un			MPKV02001984.1	Chromosome		NW_022263536.1	unplaced-scaffold	50922			scaffold1591
GCF_002021735.2	Primary Assembly	Un			MPKV02001985.1	Chromosome		NW_022263537.1	unplaced-scaffold	50939			scaffold1592
GCF_002021735.2	Primary Assembly	Un			MPKV02001986.1	Chromosome		NW_022263538.1	unplaced-scaffold	50986			scaffold1593
GCF_002021735.2	Primary Assembly	Un			MPKV02001987.1	Chromosome		NW_022263539.1	unplaced-scaffold	50955			scaffold1594
GCF_002021735.2	Primary Assembly	Un			MPKV02001988.1	Chromosome		NW_022263540.1	unplaced-scaffold	47917			scaffold1595
GCF_002021735.2	Primary Assembly	Un			MPKV02001989.1	Chromosome		NW_022263541.1	unplaced-scaffold	50784			scaffold1596
GCF_002021735.2	Primary Assembly	Un			MPKV02001990.1	Chromosome		NW_022263542.1	unplaced-scaffold	50744			scaffold1597
GCF_002021735.2	Primary Assembly	Un			MPKV02001991.1	Chromosome		NW_022263543.1	unplaced-scaffold	50691			scaffold1598
GCF_002021735.2	Primary Assembly	Un			MPKV02001992.1	Chromosome		NW_022263544.1	unplaced-scaffold	50688			scaffold1599
GCF_002021735.2	Primary Assembly	Un			MPKV02001993.1	Chromosome		NW_022263545.1	unplaced-scaffold	50605			scaffold1600
GCF_002021735.2	Primary Assembly	Un			MPKV02001994.1	Chromosome		NW_022263546.1	unplaced-scaffold	50576			scaffold1601
GCF_002021735.2	Primary Assembly	Un			MPKV02001995.1	Chromosome		NW_022263547.1	unplaced-scaffold	50561			scaffold1602
GCF_002021735.2	Primary Assembly	Un			MPKV02001996.1	Chromosome		NW_022263548.1	unplaced-scaffold	50671			scaffold1603
GCF_002021735.2	Primary Assembly	Un			MPKV02001997.1	Chromosome		NW_022263549.1	unplaced-scaffold	28259			scaffold1604
GCF_002021735.2	Primary Assembly	Un			MPKV02001998.1	Chromosome		NW_022263550.1	unplaced-scaffold	52898			scaffold1605
GCF_002021735.2	Primary Assembly	Un			MPKV02001999.1	Chromosome		NW_022263551.1	unplaced-scaffold	50516			scaffold1606
GCF_002021735.2	Primary Assembly	Un			MPKV02002000.1	Chromosome		NW_022263552.1	unplaced-scaffold	50455			scaffold1607
GCF_002021735.2	Primary Assembly	Un			MPKV02002001.1	Chromosome		NW_022263553.1	unplaced-scaffold	50434			scaffold1608
GCF_002021735.2	Primary Assembly	Un			MPKV02002002.1	Chromosome		NW_022263554.1	unplaced-scaffold	50445			scaffold1609
GCF_002021735.2	Primary Assembly	Un			MPKV02002003.1	Chromosome		NW_022263555.1	unplaced-scaffold	50693			scaffold1610
GCF_002021735.2	Primary Assembly	Un			MPKV02002004.1	Chromosome		NW_022263556.1	unplaced-scaffold	50724			scaffold1611
GCF_002021735.2	Primary Assembly	Un			MPKV02002005.1	Chromosome		NW_022263557.1	unplaced-scaffold	50381			scaffold1612
GCF_002021735.2	Primary Assembly	Un			MPKV02002006.1	Chromosome		NW_022263558.1	unplaced-scaffold	50355			scaffold1613
GCF_002021735.2	Primary Assembly	Un			MPKV02002007.1	Chromosome		NW_022263559.1	unplaced-scaffold	50388			scaffold1614
GCF_002021735.2	Primary Assembly	Un			MPKV02002008.1	Chromosome		NW_022263560.1	unplaced-scaffold	50332			scaffold1615
GCF_002021735.2	Primary Assembly	Un			MPKV02002009.1	Chromosome		NW_022263561.1	unplaced-scaffold	50250			scaffold1616
GCF_002021735.2	Primary Assembly	Un			MPKV02002010.1	Chromosome		NW_022263562.1	unplaced-scaffold	50257			scaffold1617
GCF_002021735.2	Primary Assembly	Un			MPKV02002011.1	Chromosome		NW_022263563.1	unplaced-scaffold	50245			scaffold1618
GCF_002021735.2	Primary Assembly	Un			MPKV02002012.1	Chromosome		NW_022263564.1	unplaced-scaffold	50138			scaffold1619
GCF_002021735.2	Primary Assembly	Un			MPKV02002013.1	Chromosome		NW_022263565.1	unplaced-scaffold	50015			scaffold1620
GCF_002021735.2	Primary Assembly	Un			MPKV02002014.1	Chromosome		NW_022263566.1	unplaced-scaffold	50022			scaffold1621
GCF_002021735.2	Primary Assembly	Un			MPKV02002015.1	Chromosome		NW_022263567.1	unplaced-scaffold	50013			scaffold1622
GCF_002021735.2	Primary Assembly	Un			MPKV02002016.1	Chromosome		NW_022263568.1	unplaced-scaffold	49955			scaffold1623
GCF_002021735.2	Primary Assembly	Un			MPKV02002017.1	Chromosome		NW_022263569.1	unplaced-scaffold	50288			scaffold1624
GCF_002021735.2	Primary Assembly	Un			MPKV02002018.1	Chromosome		NW_022263570.1	unplaced-scaffold	49930			scaffold1625
GCF_002021735.2	Primary Assembly	Un			MPKV02002019.1	Chromosome		NW_022263571.1	unplaced-scaffold	49882			scaffold1626
GCF_002021735.2	Primary Assembly	Un			MPKV02002020.1	Chromosome		NW_022263572.1	unplaced-scaffold	49871			scaffold1627
GCF_002021735.2	Primary Assembly	Un			MPKV02002021.1	Chromosome		NW_022263573.1	unplaced-scaffold	49851			scaffold1628
GCF_002021735.2	Primary Assembly	Un			MPKV02002022.1	Chromosome		NW_022263574.1	unplaced-scaffold	49813			scaffold1629
GCF_002021735.2	Primary Assembly	Un			MPKV02002023.1	Chromosome		NW_022263575.1	unplaced-scaffold	49824			scaffold1630
GCF_002021735.2	Primary Assembly	Un			MPKV02002024.1	Chromosome		NW_022263576.1	unplaced-scaffold	49810			scaffold1631
GCF_002021735.2	Primary Assembly	Un			MPKV02002025.1	Chromosome		NW_022263577.1	unplaced-scaffold	49799			scaffold1632
GCF_002021735.2	Primary Assembly	Un			MPKV02002026.1	Chromosome		NW_022263578.1	unplaced-scaffold	49803			scaffold1633
GCF_002021735.2	Primary Assembly	Un			MPKV02002027.1	Chromosome		NW_022263579.1	unplaced-scaffold	49800			scaffold1634
GCF_002021735.2	Primary Assembly	Un			MPKV02002028.1	Chromosome		NW_022263580.1	unplaced-scaffold	49788			scaffold1635
GCF_002021735.2	Primary Assembly	Un			MPKV02002029.1	Chromosome		NW_022263581.1	unplaced-scaffold	49739			scaffold1636
GCF_002021735.2	Primary Assembly	Un			MPKV02002030.1	Chromosome		NW_022263582.1	unplaced-scaffold	49710			scaffold1637
GCF_002021735.2	Primary Assembly	Un			MPKV02002031.1	Chromosome		NW_022263583.1	unplaced-scaffold	49697			scaffold1638
GCF_002021735.2	Primary Assembly	Un			MPKV02002032.1	Chromosome		NW_022263584.1	unplaced-scaffold	49734			scaffold1639
GCF_002021735.2	Primary Assembly	Un			MPKV02002033.1	Chromosome		NW_022263585.1	unplaced-scaffold	49661			scaffold1640
GCF_002021735.2	Primary Assembly	Un			MPKV02002034.1	Chromosome		NW_022263586.1	unplaced-scaffold	49776			scaffold1641
GCF_002021735.2	Primary Assembly	Un			MPKV02002035.1	Chromosome		NW_022263587.1	unplaced-scaffold	49487			scaffold1642
GCF_002021735.2	Primary Assembly	Un			MPKV02002036.1	Chromosome		NW_022263588.1	unplaced-scaffold	49436			scaffold1643
GCF_002021735.2	Primary Assembly	Un			MPKV02002037.1	Chromosome		NW_022263589.1	unplaced-scaffold	49533			scaffold1644
GCF_002021735.2	Primary Assembly	Un			MPKV02002038.1	Chromosome		NW_022263590.1	unplaced-scaffold	49570			scaffold1645
GCF_002021735.2	Primary Assembly	Un			MPKV02002039.1	Chromosome		NW_022263591.1	unplaced-scaffold	49448			scaffold1646
GCF_002021735.2	Primary Assembly	Un			MPKV02002040.1	Chromosome		NW_022263592.1	unplaced-scaffold	49468			scaffold1647
GCF_002021735.2	Primary Assembly	Un			MPKV02002041.1	Chromosome		NW_022263593.1	unplaced-scaffold	49406			scaffold1648
GCF_002021735.2	Primary Assembly	Un			MPKV02002042.1	Chromosome		NW_022263594.1	unplaced-scaffold	49374			scaffold1649
GCF_002021735.2	Primary Assembly	Un			MPKV02002043.1	Chromosome		NW_022263595.1	unplaced-scaffold	49256			scaffold1650
GCF_002021735.2	Primary Assembly	Un			MPKV02002044.1	Chromosome		NW_022263596.1	unplaced-scaffold	49337			scaffold1651
GCF_002021735.2	Primary Assembly	Un			MPKV02002045.1	Chromosome		NW_022263597.1	unplaced-scaffold	49147			scaffold1652
GCF_002021735.2	Primary Assembly	Un			MPKV02002046.1	Chromosome		NW_022263598.1	unplaced-scaffold	49127			scaffold1653
GCF_002021735.2	Primary Assembly	Un			MPKV02002047.1	Chromosome		NW_022263599.1	unplaced-scaffold	49117			scaffold1654
GCF_002021735.2	Primary Assembly	Un			MPKV02002048.1	Chromosome		NW_022263600.1	unplaced-scaffold	49059			scaffold1655
GCF_002021735.2	Primary Assembly	Un			MPKV02002049.1	Chromosome		NW_022263601.1	unplaced-scaffold	48999			scaffold1656
GCF_002021735.2	Primary Assembly	Un			MPKV02002050.1	Chromosome		NW_022263602.1	unplaced-scaffold	49032			scaffold1657
GCF_002021735.2	Primary Assembly	Un			MPKV02002051.1	Chromosome		NW_022263603.1	unplaced-scaffold	48992			scaffold1658
GCF_002021735.2	Primary Assembly	Un			MPKV02002052.1	Chromosome		NW_022263604.1	unplaced-scaffold	48891			scaffold1659
GCF_002021735.2	Primary Assembly	Un			MPKV02002053.1	Chromosome		NW_022263605.1	unplaced-scaffold	48903			scaffold1660
GCF_002021735.2	Primary Assembly	Un			MPKV02002054.1	Chromosome		NW_022263606.1	unplaced-scaffold	48868			scaffold1661
GCF_002021735.2	Primary Assembly	Un			MPKV02002055.1	Chromosome		NW_022263607.1	unplaced-scaffold	48815			scaffold1662
GCF_002021735.2	Primary Assembly	Un			MPKV02002056.1	Chromosome		NW_022263608.1	unplaced-scaffold	48780			scaffold1663
GCF_002021735.2	Primary Assembly	Un			MPKV02002057.1	Chromosome		NW_022263609.1	unplaced-scaffold	48674			scaffold1664
GCF_002021735.2	Primary Assembly	Un			MPKV02002058.1	Chromosome		NW_022263610.1	unplaced-scaffold	48681			scaffold1665
GCF_002021735.2	Primary Assembly	Un			MPKV02002059.1	Chromosome		NW_022263611.1	unplaced-scaffold	48719			scaffold1666
GCF_002021735.2	Primary Assembly	Un			MPKV02002060.1	Chromosome		NW_022263612.1	unplaced-scaffold	48659			scaffold1667
GCF_002021735.2	Primary Assembly	Un			MPKV02002061.1	Chromosome		NW_022263613.1	unplaced-scaffold	48637			scaffold1668
GCF_002021735.2	Primary Assembly	Un			MPKV02002062.1	Chromosome		NW_022263614.1	unplaced-scaffold	47920			scaffold1669
GCF_002021735.2	Primary Assembly	Un			MPKV02002063.1	Chromosome		NW_022263615.1	unplaced-scaffold	48730			scaffold1670
GCF_002021735.2	Primary Assembly	Un			MPKV02002064.1	Chromosome		NW_022263616.1	unplaced-scaffold	48534			scaffold1671
GCF_002021735.2	Primary Assembly	Un			MPKV02002065.1	Chromosome		NW_022263617.1	unplaced-scaffold	48522			scaffold1672
GCF_002021735.2	Primary Assembly	Un			MPKV02002066.1	Chromosome		NW_022263618.1	unplaced-scaffold	48485			scaffold1673
GCF_002021735.2	Primary Assembly	Un			MPKV02002067.1	Chromosome		NW_022263619.1	unplaced-scaffold	48420			scaffold1674
GCF_002021735.2	Primary Assembly	Un			MPKV02002068.1	Chromosome		NW_022263620.1	unplaced-scaffold	48368			scaffold1675
GCF_002021735.2	Primary Assembly	Un			MPKV02002069.1	Chromosome		NW_022263621.1	unplaced-scaffold	48354			scaffold1676
GCF_002021735.2	Primary Assembly	Un			MPKV02002070.1	Chromosome		NW_022263622.1	unplaced-scaffold	48378			scaffold1677
GCF_002021735.2	Primary Assembly	Un			MPKV02002071.1	Chromosome		NW_022263623.1	unplaced-scaffold	48321			scaffold1678
GCF_002021735.2	Primary Assembly	Un			MPKV02002072.1	Chromosome		NW_022263624.1	unplaced-scaffold	48297			scaffold1679
GCF_002021735.2	Primary Assembly	Un			MPKV02002073.1	Chromosome		NW_022263625.1	unplaced-scaffold	48242			scaffold1680
GCF_002021735.2	Primary Assembly	Un			MPKV02002074.1	Chromosome		NW_022263626.1	unplaced-scaffold	48321			scaffold1681
GCF_002021735.2	Primary Assembly	Un			MPKV02002075.1	Chromosome		NW_022263627.1	unplaced-scaffold	48191			scaffold1682
GCF_002021735.2	Primary Assembly	Un			MPKV02002076.1	Chromosome		NW_022263628.1	unplaced-scaffold	47982			scaffold1683
GCF_002021735.2	Primary Assembly	Un			MPKV02002077.1	Chromosome		NW_022263629.1	unplaced-scaffold	47949			scaffold1684
GCF_002021735.2	Primary Assembly	Un			MPKV02002078.1	Chromosome		NW_022263630.1	unplaced-scaffold	47871			scaffold1685
GCF_002021735.2	Primary Assembly	Un			MPKV02002079.1	Chromosome		NW_022263631.1	unplaced-scaffold	47858			scaffold1686
GCF_002021735.2	Primary Assembly	Un			MPKV02002080.1	Chromosome		NW_022263632.1	unplaced-scaffold	47864			scaffold1687
GCF_002021735.2	Primary Assembly	Un			MPKV02002081.1	Chromosome		NW_022263633.1	unplaced-scaffold	47856			scaffold1688
GCF_002021735.2	Primary Assembly	Un			MPKV02002082.1	Chromosome		NW_022263634.1	unplaced-scaffold	47798			scaffold1689
GCF_002021735.2	Primary Assembly	Un			MPKV02002083.1	Chromosome		NW_022263635.1	unplaced-scaffold	47782			scaffold1690
GCF_002021735.2	Primary Assembly	Un			MPKV02002084.1	Chromosome		NW_022263636.1	unplaced-scaffold	48025			scaffold1691
GCF_002021735.2	Primary Assembly	Un			MPKV02002085.1	Chromosome		NW_022263637.1	unplaced-scaffold	47732			scaffold1692
GCF_002021735.2	Primary Assembly	Un			MPKV02002086.1	Chromosome		NW_022263638.1	unplaced-scaffold	47792			scaffold1693
GCF_002021735.2	Primary Assembly	Un			MPKV02002087.1	Chromosome		NW_022263639.1	unplaced-scaffold	47556			scaffold1694
GCF_002021735.2	Primary Assembly	Un			MPKV02002088.1	Chromosome		NW_022263640.1	unplaced-scaffold	47586			scaffold1695
GCF_002021735.2	Primary Assembly	Un			MPKV02002089.1	Chromosome		NW_022263641.1	unplaced-scaffold	47362			scaffold1696
GCF_002021735.2	Primary Assembly	Un			MPKV02002090.1	Chromosome		NW_022263642.1	unplaced-scaffold	47485			scaffold1697
GCF_002021735.2	Primary Assembly	Un			MPKV02002091.1	Chromosome		NW_022263643.1	unplaced-scaffold	47099			scaffold1698
GCF_002021735.2	Primary Assembly	Un			MPKV02002092.1	Chromosome		NW_022263644.1	unplaced-scaffold	47396			scaffold1699
GCF_002021735.2	Primary Assembly	Un			MPKV02002093.1	Chromosome		NW_022263645.1	unplaced-scaffold	47304			scaffold1700
GCF_002021735.2	Primary Assembly	Un			MPKV02002094.1	Chromosome		NW_022263646.1	unplaced-scaffold	47314			scaffold1701
GCF_002021735.2	Primary Assembly	Un			MPKV02002095.1	Chromosome		NW_022263647.1	unplaced-scaffold	47269			scaffold1702
GCF_002021735.2	Primary Assembly	Un			MPKV02002096.1	Chromosome		NW_022263648.1	unplaced-scaffold	47329			scaffold1703
GCF_002021735.2	Primary Assembly	Un			MPKV02002097.1	Chromosome		NW_022263649.1	unplaced-scaffold	47144			scaffold1704
GCF_002021735.2	Primary Assembly	Un			MPKV02002098.1	Chromosome		NW_022263650.1	unplaced-scaffold	47100			scaffold1705
GCF_002021735.2	Primary Assembly	Un			MPKV02002099.1	Chromosome		NW_022263651.1	unplaced-scaffold	47292			scaffold1706
GCF_002021735.2	Primary Assembly	Un			MPKV02002100.1	Chromosome		NW_022263652.1	unplaced-scaffold	47202			scaffold1707
GCF_002021735.2	Primary Assembly	Un			MPKV02002101.1	Chromosome		NW_022263653.1	unplaced-scaffold	47034			scaffold1708
GCF_002021735.2	Primary Assembly	Un			MPKV02002102.1	Chromosome		NW_022263654.1	unplaced-scaffold	46940			scaffold1709
GCF_002021735.2	Primary Assembly	Un			MPKV02002103.1	Chromosome		NW_022263655.1	unplaced-scaffold	46947			scaffold1710
GCF_002021735.2	Primary Assembly	Un			MPKV02002104.1	Chromosome		NW_022263656.1	unplaced-scaffold	46938			scaffold1711
GCF_002021735.2	Primary Assembly	Un			MPKV02002105.1	Chromosome		NW_022263657.1	unplaced-scaffold	46765			scaffold1712
GCF_002021735.2	Primary Assembly	Un			MPKV02002106.1	Chromosome		NW_022263658.1	unplaced-scaffold	47711			scaffold1713
GCF_002021735.2	Primary Assembly	Un			MPKV02002107.1	Chromosome		NW_022263659.1	unplaced-scaffold	46852			scaffold1714
GCF_002021735.2	Primary Assembly	Un			MPKV02002108.1	Chromosome		NW_022263660.1	unplaced-scaffold	23035			scaffold1715
GCF_002021735.2	Primary Assembly	Un			MPKV02002109.1	Chromosome		NW_022263661.1	unplaced-scaffold	46922			scaffold1716
GCF_002021735.2	Primary Assembly	Un			MPKV02002110.1	Chromosome		NW_022263662.1	unplaced-scaffold	46672			scaffold1717
GCF_002021735.2	Primary Assembly	Un			MPKV02002111.1	Chromosome		NW_022263663.1	unplaced-scaffold	46657			scaffold1718
GCF_002021735.2	Primary Assembly	Un			MPKV02002112.1	Chromosome		NW_022263664.1	unplaced-scaffold	46628			scaffold1719
GCF_002021735.2	Primary Assembly	Un			MPKV02002113.1	Chromosome		NW_022263665.1	unplaced-scaffold	46582			scaffold1720
GCF_002021735.2	Primary Assembly	Un			MPKV02002114.1	Chromosome		NW_022263666.1	unplaced-scaffold	46547			scaffold1721
GCF_002021735.2	Primary Assembly	Un			MPKV02002115.1	Chromosome		NW_022263667.1	unplaced-scaffold	46409			scaffold1722
GCF_002021735.2	Primary Assembly	Un			MPKV02002116.1	Chromosome		NW_022263668.1	unplaced-scaffold	46380			scaffold1723
GCF_002021735.2	Primary Assembly	Un			MPKV02002117.1	Chromosome		NW_022263669.1	unplaced-scaffold	46344			scaffold1724
GCF_002021735.2	Primary Assembly	Un			MPKV02002118.1	Chromosome		NW_022263670.1	unplaced-scaffold	46203			scaffold1725
GCF_002021735.2	Primary Assembly	Un			MPKV02002119.1	Chromosome		NW_022263671.1	unplaced-scaffold	46184			scaffold1726
GCF_002021735.2	Primary Assembly	Un			MPKV02002120.1	Chromosome		NW_022263672.1	unplaced-scaffold	46186			scaffold1727
GCF_002021735.2	Primary Assembly	Un			MPKV02002121.1	Chromosome		NW_022263673.1	unplaced-scaffold	46123			scaffold1728
GCF_002021735.2	Primary Assembly	Un			MPKV02002122.1	Chromosome		NW_022263674.1	unplaced-scaffold	46138			scaffold1729
GCF_002021735.2	Primary Assembly	Un			MPKV02002123.1	Chromosome		NW_022263675.1	unplaced-scaffold	46119			scaffold1730
GCF_002021735.2	Primary Assembly	Un			MPKV02002124.1	Chromosome		NW_022263676.1	unplaced-scaffold	46098			scaffold1731
GCF_002021735.2	Primary Assembly	Un			MPKV02002125.1	Chromosome		NW_022263677.1	unplaced-scaffold	71406			scaffold1732
GCF_002021735.2	Primary Assembly	Un			MPKV02002126.1	Chromosome		NW_022263678.1	unplaced-scaffold	46019			scaffold1733
GCF_002021735.2	Primary Assembly	Un			MPKV02002127.1	Chromosome		NW_022263679.1	unplaced-scaffold	45977			scaffold1734
GCF_002021735.2	Primary Assembly	Un			MPKV02002128.1	Chromosome		NW_022263680.1	unplaced-scaffold	46125			scaffold1735
GCF_002021735.2	Primary Assembly	Un			MPKV02002129.1	Chromosome		NW_022263681.1	unplaced-scaffold	45938			scaffold1736
GCF_002021735.2	Primary Assembly	Un			MPKV02002130.1	Chromosome		NW_022263682.1	unplaced-scaffold	45822			scaffold1737
GCF_002021735.2	Primary Assembly	Un			MPKV02002131.1	Chromosome		NW_022263683.1	unplaced-scaffold	45809			scaffold1738
GCF_002021735.2	Primary Assembly	Un			MPKV02002132.1	Chromosome		NW_022263684.1	unplaced-scaffold	45610			scaffold1739
GCF_002021735.2	Primary Assembly	Un			MPKV02002133.1	Chromosome		NW_022263685.1	unplaced-scaffold	45733			scaffold1740
GCF_002021735.2	Primary Assembly	Un			MPKV02002134.1	Chromosome		NW_022263686.1	unplaced-scaffold	45711			scaffold1741
GCF_002021735.2	Primary Assembly	Un			MPKV02002135.1	Chromosome		NW_022263687.1	unplaced-scaffold	45711			scaffold1742
GCF_002021735.2	Primary Assembly	Un			MPKV02002136.1	Chromosome		NW_022263688.1	unplaced-scaffold	45705			scaffold1743
GCF_002021735.2	Primary Assembly	Un			MPKV02002137.1	Chromosome		NW_022263689.1	unplaced-scaffold	45554			scaffold1744
GCF_002021735.2	Primary Assembly	Un			MPKV02002138.1	Chromosome		NW_022263690.1	unplaced-scaffold	45595			scaffold1745
GCF_002021735.2	Primary Assembly	Un			MPKV02002139.1	Chromosome		NW_022263691.1	unplaced-scaffold	45603			scaffold1746
GCF_002021735.2	Primary Assembly	Un			MPKV02002140.1	Chromosome		NW_022263692.1	unplaced-scaffold	45565			scaffold1747
GCF_002021735.2	Primary Assembly	Un			MPKV02002141.1	Chromosome		NW_022263693.1	unplaced-scaffold	45516			scaffold1748
GCF_002021735.2	Primary Assembly	Un			MPKV02002142.1	Chromosome		NW_022263694.1	unplaced-scaffold	45555			scaffold1749
GCF_002021735.2	Primary Assembly	Un			MPKV02002143.1	Chromosome		NW_022263695.1	unplaced-scaffold	45503			scaffold1750
GCF_002021735.2	Primary Assembly	Un			MPKV02002144.1	Chromosome		NW_022263696.1	unplaced-scaffold	45746			scaffold1751
GCF_002021735.2	Primary Assembly	Un			MPKV02002145.1	Chromosome		NW_022263697.1	unplaced-scaffold	45444			scaffold1752
GCF_002021735.2	Primary Assembly	Un			MPKV02002146.1	Chromosome		NW_022263698.1	unplaced-scaffold	45343			scaffold1753
GCF_002021735.2	Primary Assembly	Un			MPKV02002147.1	Chromosome		NW_022263699.1	unplaced-scaffold	45324			scaffold1754
GCF_002021735.2	Primary Assembly	Un			MPKV02002148.1	Chromosome		NW_022263700.1	unplaced-scaffold	45334			scaffold1755
GCF_002021735.2	Primary Assembly	Un			MPKV02002149.1	Chromosome		NW_022263701.1	unplaced-scaffold	45382			scaffold1756
GCF_002021735.2	Primary Assembly	Un			MPKV02002150.1	Chromosome		NW_022263702.1	unplaced-scaffold	45298			scaffold1757
GCF_002021735.2	Primary Assembly	Un			MPKV02002151.1	Chromosome		NW_022263703.1	unplaced-scaffold	45255			scaffold1758
GCF_002021735.2	Primary Assembly	Un			MPKV02002152.1	Chromosome		NW_022263704.1	unplaced-scaffold	45240			scaffold1759
GCF_002021735.2	Primary Assembly	Un			MPKV02002153.1	Chromosome		NW_022263705.1	unplaced-scaffold	45192			scaffold1760
GCF_002021735.2	Primary Assembly	Un			MPKV02002154.1	Chromosome		NW_022263706.1	unplaced-scaffold	45162			scaffold1761
GCF_002021735.2	Primary Assembly	Un			MPKV02002155.1	Chromosome		NW_022263707.1	unplaced-scaffold	45181			scaffold1762
GCF_002021735.2	Primary Assembly	Un			MPKV02002156.1	Chromosome		NW_022263708.1	unplaced-scaffold	45091			scaffold1763
GCF_002021735.2	Primary Assembly	Un			MPKV02002157.1	Chromosome		NW_022263709.1	unplaced-scaffold	45140			scaffold1764
GCF_002021735.2	Primary Assembly	Un			MPKV02002158.1	Chromosome		NW_022263710.1	unplaced-scaffold	45125			scaffold1765
GCF_002021735.2	Primary Assembly	Un			MPKV02002159.1	Chromosome		NW_022263711.1	unplaced-scaffold	45107			scaffold1766
GCF_002021735.2	Primary Assembly	Un			MPKV02002160.1	Chromosome		NW_022263712.1	unplaced-scaffold	45052			scaffold1767
GCF_002021735.2	Primary Assembly	Un			MPKV02002161.1	Chromosome		NW_022263713.1	unplaced-scaffold	45045			scaffold1768
GCF_002021735.2	Primary Assembly	Un			MPKV02002162.1	Chromosome		NW_022263714.1	unplaced-scaffold	45038			scaffold1769
GCF_002021735.2	Primary Assembly	Un			MPKV02002163.1	Chromosome		NW_022263715.1	unplaced-scaffold	45013			scaffold1770
GCF_002021735.2	Primary Assembly	Un			MPKV02002164.1	Chromosome		NW_022263716.1	unplaced-scaffold	44845			scaffold1771
GCF_002021735.2	Primary Assembly	Un			MPKV02002165.1	Chromosome		NW_022263717.1	unplaced-scaffold	45007			scaffold1772
GCF_002021735.2	Primary Assembly	Un			MPKV02002166.1	Chromosome		NW_022263718.1	unplaced-scaffold	44957			scaffold1773
GCF_002021735.2	Primary Assembly	Un			MPKV02002167.1	Chromosome		NW_022263719.1	unplaced-scaffold	44919			scaffold1774
GCF_002021735.2	Primary Assembly	Un			MPKV02002168.1	Chromosome		NW_022263720.1	unplaced-scaffold	44636			scaffold1775
GCF_002021735.2	Primary Assembly	Un			MPKV02002169.1	Chromosome		NW_022263721.1	unplaced-scaffold	44844			scaffold1776
GCF_002021735.2	Primary Assembly	Un			MPKV02002170.1	Chromosome		NW_022263722.1	unplaced-scaffold	44829			scaffold1777
GCF_002021735.2	Primary Assembly	Un			MPKV02002171.1	Chromosome		NW_022263723.1	unplaced-scaffold	44757			scaffold1778
GCF_002021735.2	Primary Assembly	Un			MPKV02002172.1	Chromosome		NW_022263724.1	unplaced-scaffold	44712			scaffold1779
GCF_002021735.2	Primary Assembly	Un			MPKV02002173.1	Chromosome		NW_022263725.1	unplaced-scaffold	45150			scaffold1780
GCF_002021735.2	Primary Assembly	Un			MPKV02002174.1	Chromosome		NW_022263726.1	unplaced-scaffold	44653			scaffold1781
GCF_002021735.2	Primary Assembly	Un			MPKV02002175.1	Chromosome		NW_022263727.1	unplaced-scaffold	44612			scaffold1782
GCF_002021735.2	Primary Assembly	Un			MPKV02002176.1	Chromosome		NW_022263728.1	unplaced-scaffold	44663			scaffold1783
GCF_002021735.2	Primary Assembly	Un			MPKV02002177.1	Chromosome		NW_022263729.1	unplaced-scaffold	44453			scaffold1784
GCF_002021735.2	Primary Assembly	Un			MPKV02002178.1	Chromosome		NW_022263730.1	unplaced-scaffold	44608			scaffold1785
GCF_002021735.2	Primary Assembly	Un			MPKV02002179.1	Chromosome		NW_022263731.1	unplaced-scaffold	44512			scaffold1786
GCF_002021735.2	Primary Assembly	Un			MPKV02002180.1	Chromosome		NW_022263732.1	unplaced-scaffold	44492			scaffold1787
GCF_002021735.2	Primary Assembly	Un			MPKV02002181.1	Chromosome		NW_022263733.1	unplaced-scaffold	44469			scaffold1788
GCF_002021735.2	Primary Assembly	Un			MPKV02002182.1	Chromosome		NW_022263734.1	unplaced-scaffold	44475			scaffold1789
GCF_002021735.2	Primary Assembly	Un			MPKV02002183.1	Chromosome		NW_022263735.1	unplaced-scaffold	44443			scaffold1790
GCF_002021735.2	Primary Assembly	Un			MPKV02002184.1	Chromosome		NW_022263736.1	unplaced-scaffold	44446			scaffold1791
GCF_002021735.2	Primary Assembly	Un			MPKV02002185.1	Chromosome		NW_022263737.1	unplaced-scaffold	44410			scaffold1792
GCF_002021735.2	Primary Assembly	Un			MPKV02002186.1	Chromosome		NW_022263738.1	unplaced-scaffold	44296			scaffold1793
GCF_002021735.2	Primary Assembly	Un			MPKV02002187.1	Chromosome		NW_022263739.1	unplaced-scaffold	44208			scaffold1794
GCF_002021735.2	Primary Assembly	Un			MPKV02002188.1	Chromosome		NW_022263740.1	unplaced-scaffold	44255			scaffold1795
GCF_002021735.2	Primary Assembly	Un			MPKV02002189.1	Chromosome		NW_022263741.1	unplaced-scaffold	44260			scaffold1796
GCF_002021735.2	Primary Assembly	Un			MPKV02002190.1	Chromosome		NW_022263742.1	unplaced-scaffold	44220			scaffold1797
GCF_002021735.2	Primary Assembly	Un			MPKV02002191.1	Chromosome		NW_022263743.1	unplaced-scaffold	44144			scaffold1798
GCF_002021735.2	Primary Assembly	Un			MPKV02002192.1	Chromosome		NW_022263744.1	unplaced-scaffold	44674			scaffold1799
GCF_002021735.2	Primary Assembly	Un			MPKV02002193.1	Chromosome		NW_022263745.1	unplaced-scaffold	44152			scaffold1800
GCF_002021735.2	Primary Assembly	Un			MPKV02002194.1	Chromosome		NW_022263746.1	unplaced-scaffold	44142			scaffold1801
GCF_002021735.2	Primary Assembly	Un			MPKV02002195.1	Chromosome		NW_022263747.1	unplaced-scaffold	44160			scaffold1802
GCF_002021735.2	Primary Assembly	Un			MPKV02002196.1	Chromosome		NW_022263748.1	unplaced-scaffold	44112			scaffold1803
GCF_002021735.2	Primary Assembly	Un			MPKV02002197.1	Chromosome		NW_022263749.1	unplaced-scaffold	44097			scaffold1804
GCF_002021735.2	Primary Assembly	Un			MPKV02002198.1	Chromosome		NW_022263750.1	unplaced-scaffold	44088			scaffold1805
GCF_002021735.2	Primary Assembly	Un			MPKV02002199.1	Chromosome		NW_022263751.1	unplaced-scaffold	44059			scaffold1806
GCF_002021735.2	Primary Assembly	Un			MPKV02002200.1	Chromosome		NW_022263752.1	unplaced-scaffold	44052			scaffold1807
GCF_002021735.2	Primary Assembly	Un			MPKV02002201.1	Chromosome		NW_022263753.1	unplaced-scaffold	43981			scaffold1808
GCF_002021735.2	Primary Assembly	Un			MPKV02002202.1	Chromosome		NW_022263754.1	unplaced-scaffold	44045			scaffold1809
GCF_002021735.2	Primary Assembly	Un			MPKV02002203.1	Chromosome		NW_022263755.1	unplaced-scaffold	43959			scaffold1810
GCF_002021735.2	Primary Assembly	Un			MPKV02002204.1	Chromosome		NW_022263756.1	unplaced-scaffold	44465			scaffold1811
GCF_002021735.2	Primary Assembly	Un			MPKV02002205.1	Chromosome		NW_022263757.1	unplaced-scaffold	43900			scaffold1812
GCF_002021735.2	Primary Assembly	Un			MPKV02002206.1	Chromosome		NW_022263758.1	unplaced-scaffold	43875			scaffold1813
GCF_002021735.2	Primary Assembly	Un			MPKV02002207.1	Chromosome		NW_022263759.1	unplaced-scaffold	43851			scaffold1814
GCF_002021735.2	Primary Assembly	Un			MPKV02002208.1	Chromosome		NW_022263760.1	unplaced-scaffold	43689			scaffold1815
GCF_002021735.2	Primary Assembly	Un			MPKV02002209.1	Chromosome		NW_022263761.1	unplaced-scaffold	43825			scaffold1816
GCF_002021735.2	Primary Assembly	Un			MPKV02002210.1	Chromosome		NW_022263762.1	unplaced-scaffold	43835			scaffold1817
GCF_002021735.2	Primary Assembly	Un			MPKV02002211.1	Chromosome		NW_022263763.1	unplaced-scaffold	43658			scaffold1818
GCF_002021735.2	Primary Assembly	Un			MPKV02002212.1	Chromosome		NW_022263764.1	unplaced-scaffold	43656			scaffold1819
GCF_002021735.2	Primary Assembly	Un			MPKV02002213.1	Chromosome		NW_022263765.1	unplaced-scaffold	43619			scaffold1820
GCF_002021735.2	Primary Assembly	Un			MPKV02002214.1	Chromosome		NW_022263766.1	unplaced-scaffold	43956			scaffold1821
GCF_002021735.2	Primary Assembly	Un			MPKV02002215.1	Chromosome		NW_022263767.1	unplaced-scaffold	43539			scaffold1822
GCF_002021735.2	Primary Assembly	Un			MPKV02002216.1	Chromosome		NW_022263768.1	unplaced-scaffold	43527			scaffold1823
GCF_002021735.2	Primary Assembly	Un			MPKV02002217.1	Chromosome		NW_022263769.1	unplaced-scaffold	43473			scaffold1824
GCF_002021735.2	Primary Assembly	Un			MPKV02002218.1	Chromosome		NW_022263770.1	unplaced-scaffold	43461			scaffold1825
GCF_002021735.2	Primary Assembly	Un			MPKV02002219.1	Chromosome		NW_022263771.1	unplaced-scaffold	43420			scaffold1826
GCF_002021735.2	Primary Assembly	Un			MPKV02002220.1	Chromosome		NW_022263772.1	unplaced-scaffold	43414			scaffold1827
GCF_002021735.2	Primary Assembly	Un			MPKV02002221.1	Chromosome		NW_022263773.1	unplaced-scaffold	43391			scaffold1828
GCF_002021735.2	Primary Assembly	Un			MPKV02002222.1	Chromosome		NW_022263774.1	unplaced-scaffold	43047			scaffold1829
GCF_002021735.2	Primary Assembly	Un			MPKV02002223.1	Chromosome		NW_022263775.1	unplaced-scaffold	43338			scaffold1830
GCF_002021735.2	Primary Assembly	Un			MPKV02002224.1	Chromosome		NW_022263776.1	unplaced-scaffold	43438			scaffold1831
GCF_002021735.2	Primary Assembly	Un			MPKV02002225.1	Chromosome		NW_022263777.1	unplaced-scaffold	43310			scaffold1832
GCF_002021735.2	Primary Assembly	Un			MPKV02002226.1	Chromosome		NW_022263778.1	unplaced-scaffold	43244			scaffold1833
GCF_002021735.2	Primary Assembly	Un			MPKV02002227.1	Chromosome		NW_022263779.1	unplaced-scaffold	43320			scaffold1834
GCF_002021735.2	Primary Assembly	Un			MPKV02002228.1	Chromosome		NW_022263780.1	unplaced-scaffold	43245			scaffold1835
GCF_002021735.2	Primary Assembly	Un			MPKV02002229.1	Chromosome		NW_022263781.1	unplaced-scaffold	43265			scaffold1836
GCF_002021735.2	Primary Assembly	Un			MPKV02002230.1	Chromosome		NW_022263782.1	unplaced-scaffold	43216			scaffold1837
GCF_002021735.2	Primary Assembly	Un			MPKV02002231.1	Chromosome		NW_022263783.1	unplaced-scaffold	43108			scaffold1838
GCF_002021735.2	Primary Assembly	Un			MPKV02002232.1	Chromosome		NW_022263784.1	unplaced-scaffold	43108			scaffold1839
GCF_002021735.2	Primary Assembly	Un			MPKV02002233.1	Chromosome		NW_022263785.1	unplaced-scaffold	42990			scaffold1840
GCF_002021735.2	Primary Assembly	Un			MPKV02002234.1	Chromosome		NW_022263786.1	unplaced-scaffold	42939			scaffold1841
GCF_002021735.2	Primary Assembly	Un			MPKV02002235.1	Chromosome		NW_022263787.1	unplaced-scaffold	42923			scaffold1842
GCF_002021735.2	Primary Assembly	Un			MPKV02002236.1	Chromosome		NW_022263788.1	unplaced-scaffold	42890			scaffold1843
GCF_002021735.2	Primary Assembly	Un			MPKV02002237.1	Chromosome		NW_022263789.1	unplaced-scaffold	42863			scaffold1844
GCF_002021735.2	Primary Assembly	Un			MPKV02002238.1	Chromosome		NW_022263790.1	unplaced-scaffold	42830			scaffold1845
GCF_002021735.2	Primary Assembly	Un			MPKV02002239.1	Chromosome		NW_022263791.1	unplaced-scaffold	42792			scaffold1846
GCF_002021735.2	Primary Assembly	Un			MPKV02002240.1	Chromosome		NW_022263792.1	unplaced-scaffold	42706			scaffold1847
GCF_002021735.2	Primary Assembly	Un			MPKV02002241.1	Chromosome		NW_022263793.1	unplaced-scaffold	42159			scaffold1848
GCF_002021735.2	Primary Assembly	Un			MPKV02002242.1	Chromosome		NW_022263794.1	unplaced-scaffold	42539			scaffold1849
GCF_002021735.2	Primary Assembly	Un			MPKV02002243.1	Chromosome		NW_022263795.1	unplaced-scaffold	42389			scaffold1850
GCF_002021735.2	Primary Assembly	Un			MPKV02002244.1	Chromosome		NW_022263796.1	unplaced-scaffold	42743			scaffold1851
GCF_002021735.2	Primary Assembly	Un			MPKV02002245.1	Chromosome		NW_022263797.1	unplaced-scaffold	42501			scaffold1852
GCF_002021735.2	Primary Assembly	Un			MPKV02002246.1	Chromosome		NW_022263798.1	unplaced-scaffold	42588			scaffold1853
GCF_002021735.2	Primary Assembly	Un			MPKV02002247.1	Chromosome		NW_022263799.1	unplaced-scaffold	42471			scaffold1854
GCF_002021735.2	Primary Assembly	Un			MPKV02002248.1	Chromosome		NW_022263800.1	unplaced-scaffold	42356			scaffold1855
GCF_002021735.2	Primary Assembly	Un			MPKV02002249.1	Chromosome		NW_022263801.1	unplaced-scaffold	42376			scaffold1856
GCF_002021735.2	Primary Assembly	Un			MPKV02002250.1	Chromosome		NW_022263802.1	unplaced-scaffold	42353			scaffold1857
GCF_002021735.2	Primary Assembly	Un			MPKV02002251.1	Chromosome		NW_022263803.1	unplaced-scaffold	42142			scaffold1858
GCF_002021735.2	Primary Assembly	Un			MPKV02002252.1	Chromosome		NW_022263804.1	unplaced-scaffold	42177			scaffold1859
GCF_002021735.2	Primary Assembly	Un			MPKV02002253.1	Chromosome		NW_022263805.1	unplaced-scaffold	42259			scaffold1860
GCF_002021735.2	Primary Assembly	Un			MPKV02002254.1	Chromosome		NW_022263806.1	unplaced-scaffold	42133			scaffold1861
GCF_002021735.2	Primary Assembly	Un			MPKV02002255.1	Chromosome		NW_022263807.1	unplaced-scaffold	42101			scaffold1862
GCF_002021735.2	Primary Assembly	Un			MPKV02002256.1	Chromosome		NW_022263808.1	unplaced-scaffold	42033			scaffold1863
GCF_002021735.2	Primary Assembly	Un			MPKV02002257.1	Chromosome		NW_022263809.1	unplaced-scaffold	42422			scaffold1864
GCF_002021735.2	Primary Assembly	Un			MPKV02002258.1	Chromosome		NW_022263810.1	unplaced-scaffold	42008			scaffold1865
GCF_002021735.2	Primary Assembly	Un			MPKV02002259.1	Chromosome		NW_022263811.1	unplaced-scaffold	61325			scaffold1866
GCF_002021735.2	Primary Assembly	Un			MPKV02002260.1	Chromosome		NW_022263812.1	unplaced-scaffold	41971			scaffold1867
GCF_002021735.2	Primary Assembly	Un			MPKV02002261.1	Chromosome		NW_022263813.1	unplaced-scaffold	41886			scaffold1868
GCF_002021735.2	Primary Assembly	Un			MPKV02002262.1	Chromosome		NW_022263814.1	unplaced-scaffold	41815			scaffold1869
GCF_002021735.2	Primary Assembly	Un			MPKV02002263.1	Chromosome		NW_022263815.1	unplaced-scaffold	41805			scaffold1870
GCF_002021735.2	Primary Assembly	Un			MPKV02002264.1	Chromosome		NW_022263816.1	unplaced-scaffold	41801			scaffold1871
GCF_002021735.2	Primary Assembly	Un			MPKV02002265.1	Chromosome		NW_022263817.1	unplaced-scaffold	41869			scaffold1872
GCF_002021735.2	Primary Assembly	Un			MPKV02002266.1	Chromosome		NW_022263818.1	unplaced-scaffold	41784			scaffold1873
GCF_002021735.2	Primary Assembly	Un			MPKV02002267.1	Chromosome		NW_022263819.1	unplaced-scaffold	41789			scaffold1874
GCF_002021735.2	Primary Assembly	Un			MPKV02002268.1	Chromosome		NW_022263820.1	unplaced-scaffold	41896			scaffold1875
GCF_002021735.2	Primary Assembly	Un			MPKV02002269.1	Chromosome		NW_022263821.1	unplaced-scaffold	41756			scaffold1876
GCF_002021735.2	Primary Assembly	Un			MPKV02002270.1	Chromosome		NW_022263822.1	unplaced-scaffold	41742			scaffold1877
GCF_002021735.2	Primary Assembly	Un			MPKV02002271.1	Chromosome		NW_022263823.1	unplaced-scaffold	41738			scaffold1878
GCF_002021735.2	Primary Assembly	Un			MPKV02002272.1	Chromosome		NW_022263824.1	unplaced-scaffold	41728			scaffold1879
GCF_002021735.2	Primary Assembly	Un			MPKV02002273.1	Chromosome		NW_022263825.1	unplaced-scaffold	41816			scaffold1880
GCF_002021735.2	Primary Assembly	Un			MPKV02002274.1	Chromosome		NW_022263826.1	unplaced-scaffold	41693			scaffold1881
GCF_002021735.2	Primary Assembly	Un			MPKV02002275.1	Chromosome		NW_022263827.1	unplaced-scaffold	41696			scaffold1882
GCF_002021735.2	Primary Assembly	Un			MPKV02002276.1	Chromosome		NW_022263828.1	unplaced-scaffold	41623			scaffold1883
GCF_002021735.2	Primary Assembly	Un			MPKV02002277.1	Chromosome		NW_022263829.1	unplaced-scaffold	41679			scaffold1884
GCF_002021735.2	Primary Assembly	Un			MPKV02002278.1	Chromosome		NW_022263830.1	unplaced-scaffold	41689			scaffold1885
GCF_002021735.2	Primary Assembly	Un			MPKV02002279.1	Chromosome		NW_022263831.1	unplaced-scaffold	41681			scaffold1886
GCF_002021735.2	Primary Assembly	Un			MPKV02002280.1	Chromosome		NW_022263832.1	unplaced-scaffold	41625			scaffold1887
GCF_002021735.2	Primary Assembly	Un			MPKV02002281.1	Chromosome		NW_022263833.1	unplaced-scaffold	41568			scaffold1888
GCF_002021735.2	Primary Assembly	Un			MPKV02002282.1	Chromosome		NW_022263834.1	unplaced-scaffold	41616			scaffold1889
GCF_002021735.2	Primary Assembly	Un			MPKV02002283.1	Chromosome		NW_022263835.1	unplaced-scaffold	67465			scaffold1890
GCF_002021735.2	Primary Assembly	Un			MPKV02002284.1	Chromosome		NW_022263836.1	unplaced-scaffold	41482			scaffold1891
GCF_002021735.2	Primary Assembly	Un			MPKV02002285.1	Chromosome		NW_022263837.1	unplaced-scaffold	41500			scaffold1892
GCF_002021735.2	Primary Assembly	Un			MPKV02002286.1	Chromosome		NW_022263838.1	unplaced-scaffold	41456			scaffold1893
GCF_002021735.2	Primary Assembly	Un			MPKV02002287.1	Chromosome		NW_022263839.1	unplaced-scaffold	41431			scaffold1894
GCF_002021735.2	Primary Assembly	Un			MPKV02002288.1	Chromosome		NW_022263840.1	unplaced-scaffold	41404			scaffold1895
GCF_002021735.2	Primary Assembly	Un			MPKV02002289.1	Chromosome		NW_022263841.1	unplaced-scaffold	41371			scaffold1896
GCF_002021735.2	Primary Assembly	Un			MPKV02002290.1	Chromosome		NW_022263842.1	unplaced-scaffold	41364			scaffold1897
GCF_002021735.2	Primary Assembly	Un			MPKV02002291.1	Chromosome		NW_022263843.1	unplaced-scaffold	41354			scaffold1898
GCF_002021735.2	Primary Assembly	Un			MPKV02002292.1	Chromosome		NW_022263844.1	unplaced-scaffold	41355			scaffold1899
GCF_002021735.2	Primary Assembly	Un			MPKV02002293.1	Chromosome		NW_022263845.1	unplaced-scaffold	41285			scaffold1900
GCF_002021735.2	Primary Assembly	Un			MPKV02002294.1	Chromosome		NW_022263846.1	unplaced-scaffold	41233			scaffold1901
GCF_002021735.2	Primary Assembly	Un			MPKV02002295.1	Chromosome		NW_022263847.1	unplaced-scaffold	41244			scaffold1902
GCF_002021735.2	Primary Assembly	Un			MPKV02002296.1	Chromosome		NW_022263848.1	unplaced-scaffold	41222			scaffold1903
GCF_002021735.2	Primary Assembly	Un			MPKV02002297.1	Chromosome		NW_022263849.1	unplaced-scaffold	41297			scaffold1904
GCF_002021735.2	Primary Assembly	Un			MPKV02002298.1	Chromosome		NW_022263850.1	unplaced-scaffold	41151			scaffold1905
GCF_002021735.2	Primary Assembly	Un			MPKV02002299.1	Chromosome		NW_022263851.1	unplaced-scaffold	41318			scaffold1906
GCF_002021735.2	Primary Assembly	Un			MPKV02002300.1	Chromosome		NW_022263852.1	unplaced-scaffold	41144			scaffold1907
GCF_002021735.2	Primary Assembly	Un			MPKV02002301.1	Chromosome		NW_022263853.1	unplaced-scaffold	41121			scaffold1908
GCF_002021735.2	Primary Assembly	Un			MPKV02002302.1	Chromosome		NW_022263854.1	unplaced-scaffold	41031			scaffold1909
GCF_002021735.2	Primary Assembly	Un			MPKV02002303.1	Chromosome		NW_022263855.1	unplaced-scaffold	40979			scaffold1910
GCF_002021735.2	Primary Assembly	Un			MPKV02002304.1	Chromosome		NW_022263856.1	unplaced-scaffold	40900			scaffold1911
GCF_002021735.2	Primary Assembly	Un			MPKV02002305.1	Chromosome		NW_022263857.1	unplaced-scaffold	40944			scaffold1912
GCF_002021735.2	Primary Assembly	Un			MPKV02002306.1	Chromosome		NW_022263858.1	unplaced-scaffold	40913			scaffold1913
GCF_002021735.2	Primary Assembly	Un			MPKV02002307.1	Chromosome		NW_022263859.1	unplaced-scaffold	40896			scaffold1914
GCF_002021735.2	Primary Assembly	Un			MPKV02002308.1	Chromosome		NW_022263860.1	unplaced-scaffold	40852			scaffold1915
GCF_002021735.2	Primary Assembly	Un			MPKV02002309.1	Chromosome		NW_022263861.1	unplaced-scaffold	40904			scaffold1916
GCF_002021735.2	Primary Assembly	Un			MPKV02002310.1	Chromosome		NW_022263862.1	unplaced-scaffold	40853			scaffold1917
GCF_002021735.2	Primary Assembly	Un			MPKV02002311.1	Chromosome		NW_022263863.1	unplaced-scaffold	40826			scaffold1918
GCF_002021735.2	Primary Assembly	Un			MPKV02002312.1	Chromosome		NW_022263864.1	unplaced-scaffold	40810			scaffold1919
GCF_002021735.2	Primary Assembly	Un			MPKV02002313.1	Chromosome		NW_022263865.1	unplaced-scaffold	40804			scaffold1920
GCF_002021735.2	Primary Assembly	Un			MPKV02002314.1	Chromosome		NW_022263866.1	unplaced-scaffold	40618			scaffold1921
GCF_002021735.2	Primary Assembly	Un			MPKV02002315.1	Chromosome		NW_022263867.1	unplaced-scaffold	40777			scaffold1922
GCF_002021735.2	Primary Assembly	Un			MPKV02002316.1	Chromosome		NW_022263868.1	unplaced-scaffold	40753			scaffold1923
GCF_002021735.2	Primary Assembly	Un			MPKV02002317.1	Chromosome		NW_022263869.1	unplaced-scaffold	40687			scaffold1924
GCF_002021735.2	Primary Assembly	Un			MPKV02002318.1	Chromosome		NW_022263870.1	unplaced-scaffold	40680			scaffold1925
GCF_002021735.2	Primary Assembly	Un			MPKV02002319.1	Chromosome		NW_022263871.1	unplaced-scaffold	40681			scaffold1926
GCF_002021735.2	Primary Assembly	Un			MPKV02002320.1	Chromosome		NW_022263872.1	unplaced-scaffold	40653			scaffold1927
GCF_002021735.2	Primary Assembly	Un			MPKV02002321.1	Chromosome		NW_022263873.1	unplaced-scaffold	40609			scaffold1928
GCF_002021735.2	Primary Assembly	Un			MPKV02002322.1	Chromosome		NW_022263874.1	unplaced-scaffold	40621			scaffold1929
GCF_002021735.2	Primary Assembly	Un			MPKV02002323.1	Chromosome		NW_022263875.1	unplaced-scaffold	40593			scaffold1930
GCF_002021735.2	Primary Assembly	Un			MPKV02002324.1	Chromosome		NW_022263876.1	unplaced-scaffold	41068			scaffold1931
GCF_002021735.2	Primary Assembly	Un			MPKV02002325.1	Chromosome		NW_022263877.1	unplaced-scaffold	40485			scaffold1932
GCF_002021735.2	Primary Assembly	Un			MPKV02002326.1	Chromosome		NW_022263878.1	unplaced-scaffold	40260			scaffold1933
GCF_002021735.2	Primary Assembly	Un			MPKV02002327.1	Chromosome		NW_022263879.1	unplaced-scaffold	40471			scaffold1934
GCF_002021735.2	Primary Assembly	Un			MPKV02002328.1	Chromosome		NW_022263880.1	unplaced-scaffold	40499			scaffold1935
GCF_002021735.2	Primary Assembly	Un			MPKV02002329.1	Chromosome		NW_022263881.1	unplaced-scaffold	40490			scaffold1936
GCF_002021735.2	Primary Assembly	Un			MPKV02002330.1	Chromosome		NW_022263882.1	unplaced-scaffold	40435			scaffold1937
GCF_002021735.2	Primary Assembly	Un			MPKV02002331.1	Chromosome		NW_022263883.1	unplaced-scaffold	40387			scaffold1938
GCF_002021735.2	Primary Assembly	Un			MPKV02002332.1	Chromosome		NW_022263884.1	unplaced-scaffold	40335			scaffold1939
GCF_002021735.2	Primary Assembly	Un			MPKV02002333.1	Chromosome		NW_022263885.1	unplaced-scaffold	40317			scaffold1940
GCF_002021735.2	Primary Assembly	Un			MPKV02002334.1	Chromosome		NW_022263886.1	unplaced-scaffold	40285			scaffold1941
GCF_002021735.2	Primary Assembly	Un			MPKV02002335.1	Chromosome		NW_022263887.1	unplaced-scaffold	40286			scaffold1942
GCF_002021735.2	Primary Assembly	Un			MPKV02002336.1	Chromosome		NW_022263888.1	unplaced-scaffold	40308			scaffold1943
GCF_002021735.2	Primary Assembly	Un			MPKV02002337.1	Chromosome		NW_022263889.1	unplaced-scaffold	40195			scaffold1944
GCF_002021735.2	Primary Assembly	Un			MPKV02002338.1	Chromosome		NW_022263890.1	unplaced-scaffold	40165			scaffold1945
GCF_002021735.2	Primary Assembly	Un			MPKV02002339.1	Chromosome		NW_022263891.1	unplaced-scaffold	40017			scaffold1946
GCF_002021735.2	Primary Assembly	Un			MPKV02002340.1	Chromosome		NW_022263892.1	unplaced-scaffold	40136			scaffold1947
GCF_002021735.2	Primary Assembly	Un			MPKV02002341.1	Chromosome		NW_022263893.1	unplaced-scaffold	40156			scaffold1948
GCF_002021735.2	Primary Assembly	Un			MPKV02002342.1	Chromosome		NW_022263894.1	unplaced-scaffold	40084			scaffold1949
GCF_002021735.2	Primary Assembly	Un			MPKV02002343.1	Chromosome		NW_022263895.1	unplaced-scaffold	39915			scaffold1950
GCF_002021735.2	Primary Assembly	Un			MPKV02002344.1	Chromosome		NW_022263896.1	unplaced-scaffold	69448			scaffold1951
GCF_002021735.2	Primary Assembly	Un			MPKV02002345.1	Chromosome		NW_022263897.1	unplaced-scaffold	39938			scaffold1952
GCF_002021735.2	Primary Assembly	Un			MPKV02002346.1	Chromosome		NW_022263898.1	unplaced-scaffold	39909			scaffold1953
GCF_002021735.2	Primary Assembly	Un			MPKV02002347.1	Chromosome		NW_022263899.1	unplaced-scaffold	39913			scaffold1954
GCF_002021735.2	Primary Assembly	Un			MPKV02002348.1	Chromosome		NW_022263900.1	unplaced-scaffold	39841			scaffold1955
GCF_002021735.2	Primary Assembly	Un			MPKV02002349.1	Chromosome		NW_022263901.1	unplaced-scaffold	40000			scaffold1956
GCF_002021735.2	Primary Assembly	Un			MPKV02002350.1	Chromosome		NW_022263902.1	unplaced-scaffold	39772			scaffold1957
GCF_002021735.2	Primary Assembly	Un			MPKV02002351.1	Chromosome		NW_022263903.1	unplaced-scaffold	39764			scaffold1958
GCF_002021735.2	Primary Assembly	Un			MPKV02002352.1	Chromosome		NW_022263904.1	unplaced-scaffold	39767			scaffold1959
GCF_002021735.2	Primary Assembly	Un			MPKV02002353.1	Chromosome		NW_022263905.1	unplaced-scaffold	39772			scaffold1960
GCF_002021735.2	Primary Assembly	Un			MPKV02002354.1	Chromosome		NW_022263906.1	unplaced-scaffold	39818			scaffold1961
GCF_002021735.2	Primary Assembly	Un			MPKV02002355.1	Chromosome		NW_022263907.1	unplaced-scaffold	39726			scaffold1962
GCF_002021735.2	Primary Assembly	Un			MPKV02002356.1	Chromosome		NW_022263908.1	unplaced-scaffold	39686			scaffold1963
GCF_002021735.2	Primary Assembly	Un			MPKV02002357.1	Chromosome		NW_022263909.1	unplaced-scaffold	39622			scaffold1964
GCF_002021735.2	Primary Assembly	Un			MPKV02002358.1	Chromosome		NW_022263910.1	unplaced-scaffold	39636			scaffold1965
GCF_002021735.2	Primary Assembly	Un			MPKV02002359.1	Chromosome		NW_022263911.1	unplaced-scaffold	39542			scaffold1966
GCF_002021735.2	Primary Assembly	Un			MPKV02002360.1	Chromosome		NW_022263912.1	unplaced-scaffold	39605			scaffold1967
GCF_002021735.2	Primary Assembly	Un			MPKV02002361.1	Chromosome		NW_022263913.1	unplaced-scaffold	39582			scaffold1968
GCF_002021735.2	Primary Assembly	Un			MPKV02002362.1	Chromosome		NW_022263914.1	unplaced-scaffold	39517			scaffold1969
GCF_002021735.2	Primary Assembly	Un			MPKV02002363.1	Chromosome		NW_022263915.1	unplaced-scaffold	39498			scaffold1970
GCF_002021735.2	Primary Assembly	Un			MPKV02002364.1	Chromosome		NW_022263916.1	unplaced-scaffold	41790			scaffold1971
GCF_002021735.2	Primary Assembly	Un			MPKV02002365.1	Chromosome		NW_022263917.1	unplaced-scaffold	39361			scaffold1972
GCF_002021735.2	Primary Assembly	Un			MPKV02002366.1	Chromosome		NW_022263918.1	unplaced-scaffold	39572			scaffold1973
GCF_002021735.2	Primary Assembly	Un			MPKV02002367.1	Chromosome		NW_022263919.1	unplaced-scaffold	39417			scaffold1974
GCF_002021735.2	Primary Assembly	Un			MPKV02002368.1	Chromosome		NW_022263920.1	unplaced-scaffold	39385			scaffold1975
GCF_002021735.2	Primary Assembly	Un			MPKV02002369.1	Chromosome		NW_022263921.1	unplaced-scaffold	39397			scaffold1976
GCF_002021735.2	Primary Assembly	Un			MPKV02002370.1	Chromosome		NW_022263922.1	unplaced-scaffold	39400			scaffold1977
GCF_002021735.2	Primary Assembly	Un			MPKV02002371.1	Chromosome		NW_022263923.1	unplaced-scaffold	39916			scaffold1978
GCF_002021735.2	Primary Assembly	Un			MPKV02002372.1	Chromosome		NW_022263924.1	unplaced-scaffold	39347			scaffold1979
GCF_002021735.2	Primary Assembly	Un			MPKV02002373.1	Chromosome		NW_022263925.1	unplaced-scaffold	39680			scaffold1980
GCF_002021735.2	Primary Assembly	Un			MPKV02002374.1	Chromosome		NW_022263926.1	unplaced-scaffold	39328			scaffold1981
GCF_002021735.2	Primary Assembly	Un			MPKV02002375.1	Chromosome		NW_022263927.1	unplaced-scaffold	39309			scaffold1982
GCF_002021735.2	Primary Assembly	Un			MPKV02002376.1	Chromosome		NW_022263928.1	unplaced-scaffold	39320			scaffold1983
GCF_002021735.2	Primary Assembly	Un			MPKV02002377.1	Chromosome		NW_022263929.1	unplaced-scaffold	39277			scaffold1984
GCF_002021735.2	Primary Assembly	Un			MPKV02002378.1	Chromosome		NW_022263930.1	unplaced-scaffold	39280			scaffold1985
GCF_002021735.2	Primary Assembly	Un			MPKV02002379.1	Chromosome		NW_022263931.1	unplaced-scaffold	39189			scaffold1986
GCF_002021735.2	Primary Assembly	Un			MPKV02002380.1	Chromosome		NW_022263932.1	unplaced-scaffold	39252			scaffold1987
GCF_002021735.2	Primary Assembly	Un			MPKV02002381.1	Chromosome		NW_022263933.1	unplaced-scaffold	39111			scaffold1988
GCF_002021735.2	Primary Assembly	Un			MPKV02002382.1	Chromosome		NW_022263934.1	unplaced-scaffold	39050			scaffold1989
GCF_002021735.2	Primary Assembly	Un			MPKV02002383.1	Chromosome		NW_022263935.1	unplaced-scaffold	39020			scaffold1990
GCF_002021735.2	Primary Assembly	Un			MPKV02002384.1	Chromosome		NW_022263936.1	unplaced-scaffold	38958			scaffold1991
GCF_002021735.2	Primary Assembly	Un			MPKV02002385.1	Chromosome		NW_022263937.1	unplaced-scaffold	38973			scaffold1992
GCF_002021735.2	Primary Assembly	Un			MPKV02002386.1	Chromosome		NW_022263938.1	unplaced-scaffold	38950			scaffold1993
GCF_002021735.2	Primary Assembly	Un			MPKV02002387.1	Chromosome		NW_022263939.1	unplaced-scaffold	38959			scaffold1994
GCF_002021735.2	Primary Assembly	Un			MPKV02002388.1	Chromosome		NW_022263940.1	unplaced-scaffold	39074			scaffold1995
GCF_002021735.2	Primary Assembly	Un			MPKV02002389.1	Chromosome		NW_022263941.1	unplaced-scaffold	38888			scaffold1996
GCF_002021735.2	Primary Assembly	Un			MPKV02002390.1	Chromosome		NW_022263942.1	unplaced-scaffold	38874			scaffold1997
GCF_002021735.2	Primary Assembly	Un			MPKV02002391.1	Chromosome		NW_022263943.1	unplaced-scaffold	38935			scaffold1998
GCF_002021735.2	Primary Assembly	Un			MPKV02002392.1	Chromosome		NW_022263944.1	unplaced-scaffold	38919			scaffold1999
GCF_002021735.2	Primary Assembly	Un			MPKV02002393.1	Chromosome		NW_022263945.1	unplaced-scaffold	38823			scaffold2000
GCF_002021735.2	Primary Assembly	Un			MPKV02002394.1	Chromosome		NW_022263946.1	unplaced-scaffold	38845			scaffold2001
GCF_002021735.2	Primary Assembly	Un			MPKV02002395.1	Chromosome		NW_022263947.1	unplaced-scaffold	38786			scaffold2002
GCF_002021735.2	Primary Assembly	Un			MPKV02002396.1	Chromosome		NW_022263948.1	unplaced-scaffold	38818			scaffold2003
GCF_002021735.2	Primary Assembly	Un			MPKV02002397.1	Chromosome		NW_022263949.1	unplaced-scaffold	38741			scaffold2004
GCF_002021735.2	Primary Assembly	Un			MPKV02002398.1	Chromosome		NW_022263950.1	unplaced-scaffold	38765			scaffold2005
GCF_002021735.2	Primary Assembly	Un			MPKV02002399.1	Chromosome		NW_022263951.1	unplaced-scaffold	38710			scaffold2006
GCF_002021735.2	Primary Assembly	Un			MPKV02002400.1	Chromosome		NW_022263952.1	unplaced-scaffold	38781			scaffold2007
GCF_002021735.2	Primary Assembly	Un			MPKV02002401.1	Chromosome		NW_022263953.1	unplaced-scaffold	38713			scaffold2008
GCF_002021735.2	Primary Assembly	Un			MPKV02002402.1	Chromosome		NW_022263954.1	unplaced-scaffold	35105			scaffold2009
GCF_002021735.2	Primary Assembly	Un			MPKV02002403.1	Chromosome		NW_022263955.1	unplaced-scaffold	38638			scaffold2010
GCF_002021735.2	Primary Assembly	Un			MPKV02002404.1	Chromosome		NW_022263956.1	unplaced-scaffold	38601			scaffold2011
GCF_002021735.2	Primary Assembly	Un			MPKV02002405.1	Chromosome		NW_022263957.1	unplaced-scaffold	38495			scaffold2012
GCF_002021735.2	Primary Assembly	Un			MPKV02002406.1	Chromosome		NW_022263958.1	unplaced-scaffold	38539			scaffold2013
GCF_002021735.2	Primary Assembly	Un			MPKV02002407.1	Chromosome		NW_022263959.1	unplaced-scaffold	38536			scaffold2014
GCF_002021735.2	Primary Assembly	Un			MPKV02002408.1	Chromosome		NW_022263960.1	unplaced-scaffold	38529			scaffold2015
GCF_002021735.2	Primary Assembly	Un			MPKV02002409.1	Chromosome		NW_022263961.1	unplaced-scaffold	38516			scaffold2016
GCF_002021735.2	Primary Assembly	Un			MPKV02002410.1	Chromosome		NW_022263962.1	unplaced-scaffold	38451			scaffold2017
GCF_002021735.2	Primary Assembly	Un			MPKV02002411.1	Chromosome		NW_022263963.1	unplaced-scaffold	37941			scaffold2018
GCF_002021735.2	Primary Assembly	Un			MPKV02002412.1	Chromosome		NW_022263964.1	unplaced-scaffold	38759			scaffold2019
GCF_002021735.2	Primary Assembly	Un			MPKV02002413.1	Chromosome		NW_022263965.1	unplaced-scaffold	38447			scaffold2020
GCF_002021735.2	Primary Assembly	Un			MPKV02002414.1	Chromosome		NW_022263966.1	unplaced-scaffold	38569			scaffold2021
GCF_002021735.2	Primary Assembly	Un			MPKV02002415.1	Chromosome		NW_022263967.1	unplaced-scaffold	38411			scaffold2022
GCF_002021735.2	Primary Assembly	Un			MPKV02002416.1	Chromosome		NW_022263968.1	unplaced-scaffold	38431			scaffold2023
GCF_002021735.2	Primary Assembly	Un			MPKV02002417.1	Chromosome		NW_022263969.1	unplaced-scaffold	38364			scaffold2024
GCF_002021735.2	Primary Assembly	Un			MPKV02002418.1	Chromosome		NW_022263970.1	unplaced-scaffold	38362			scaffold2025
GCF_002021735.2	Primary Assembly	Un			MPKV02002419.1	Chromosome		NW_022263971.1	unplaced-scaffold	38361			scaffold2026
GCF_002021735.2	Primary Assembly	Un			MPKV02002420.1	Chromosome		NW_022263972.1	unplaced-scaffold	38352			scaffold2027
GCF_002021735.2	Primary Assembly	Un			MPKV02002421.1	Chromosome		NW_022263973.1	unplaced-scaffold	38481			scaffold2028
GCF_002021735.2	Primary Assembly	Un			MPKV02002422.1	Chromosome		NW_022263974.1	unplaced-scaffold	38334			scaffold2029
GCF_002021735.2	Primary Assembly	Un			MPKV02002423.1	Chromosome		NW_022263975.1	unplaced-scaffold	38302			scaffold2030
GCF_002021735.2	Primary Assembly	Un			MPKV02002424.1	Chromosome		NW_022263976.1	unplaced-scaffold	38591			scaffold2031
GCF_002021735.2	Primary Assembly	Un			MPKV02002425.1	Chromosome		NW_022263977.1	unplaced-scaffold	38253			scaffold2032
GCF_002021735.2	Primary Assembly	Un			MPKV02002426.1	Chromosome		NW_022263978.1	unplaced-scaffold	38225			scaffold2033
GCF_002021735.2	Primary Assembly	Un			MPKV02002427.1	Chromosome		NW_022263979.1	unplaced-scaffold	38224			scaffold2034
GCF_002021735.2	Primary Assembly	Un			MPKV02002428.1	Chromosome		NW_022263980.1	unplaced-scaffold	38185			scaffold2035
GCF_002021735.2	Primary Assembly	Un			MPKV02002429.1	Chromosome		NW_022263981.1	unplaced-scaffold	38212			scaffold2036
GCF_002021735.2	Primary Assembly	Un			MPKV02002430.1	Chromosome		NW_022263982.1	unplaced-scaffold	38119			scaffold2037
GCF_002021735.2	Primary Assembly	Un			MPKV02002431.1	Chromosome		NW_022263983.1	unplaced-scaffold	38093			scaffold2038
GCF_002021735.2	Primary Assembly	Un			MPKV02002432.1	Chromosome		NW_022263984.1	unplaced-scaffold	38056			scaffold2039
GCF_002021735.2	Primary Assembly	Un			MPKV02002433.1	Chromosome		NW_022263985.1	unplaced-scaffold	38068			scaffold2040
GCF_002021735.2	Primary Assembly	Un			MPKV02002434.1	Chromosome		NW_022263986.1	unplaced-scaffold	38045			scaffold2041
GCF_002021735.2	Primary Assembly	Un			MPKV02002435.1	Chromosome		NW_022263987.1	unplaced-scaffold	38034			scaffold2042
GCF_002021735.2	Primary Assembly	Un			MPKV02002436.1	Chromosome		NW_022263988.1	unplaced-scaffold	38005			scaffold2043
GCF_002021735.2	Primary Assembly	Un			MPKV02002437.1	Chromosome		NW_022263989.1	unplaced-scaffold	37954			scaffold2044
GCF_002021735.2	Primary Assembly	Un			MPKV02002438.1	Chromosome		NW_022263990.1	unplaced-scaffold	37957			scaffold2045
GCF_002021735.2	Primary Assembly	Un			MPKV02002439.1	Chromosome		NW_022263991.1	unplaced-scaffold	37854			scaffold2046
GCF_002021735.2	Primary Assembly	Un			MPKV02002440.1	Chromosome		NW_022263992.1	unplaced-scaffold	37875			scaffold2047
GCF_002021735.2	Primary Assembly	Un			MPKV02002441.1	Chromosome		NW_022263993.1	unplaced-scaffold	37850			scaffold2048
GCF_002021735.2	Primary Assembly	Un			MPKV02002442.1	Chromosome		NW_022263994.1	unplaced-scaffold	37822			scaffold2049
GCF_002021735.2	Primary Assembly	Un			MPKV02002443.1	Chromosome		NW_022263995.1	unplaced-scaffold	37802			scaffold2050
GCF_002021735.2	Primary Assembly	Un			MPKV02002444.1	Chromosome		NW_022263996.1	unplaced-scaffold	37798			scaffold2051
GCF_002021735.2	Primary Assembly	Un			MPKV02002445.1	Chromosome		NW_022263997.1	unplaced-scaffold	37733			scaffold2052
GCF_002021735.2	Primary Assembly	Un			MPKV02002446.1	Chromosome		NW_022263998.1	unplaced-scaffold	37746			scaffold2053
GCF_002021735.2	Primary Assembly	Un			MPKV02002447.1	Chromosome		NW_022263999.1	unplaced-scaffold	37714			scaffold2054
GCF_002021735.2	Primary Assembly	Un			MPKV02002448.1	Chromosome		NW_022264000.1	unplaced-scaffold	37723			scaffold2055
GCF_002021735.2	Primary Assembly	Un			MPKV02002449.1	Chromosome		NW_022264001.1	unplaced-scaffold	36957			scaffold2056
GCF_002021735.2	Primary Assembly	Un			MPKV02002450.1	Chromosome		NW_022264002.1	unplaced-scaffold	37620			scaffold2057
GCF_002021735.2	Primary Assembly	Un			MPKV02002451.1	Chromosome		NW_022264003.1	unplaced-scaffold	37598			scaffold2058
GCF_002021735.2	Primary Assembly	Un			MPKV02002452.1	Chromosome		NW_022264004.1	unplaced-scaffold	37605			scaffold2059
GCF_002021735.2	Primary Assembly	Un			MPKV02002453.1	Chromosome		NW_022264005.1	unplaced-scaffold	37634			scaffold2060
GCF_002021735.2	Primary Assembly	Un			MPKV02002454.1	Chromosome		NW_022264006.1	unplaced-scaffold	37528			scaffold2061
GCF_002021735.2	Primary Assembly	Un			MPKV02002455.1	Chromosome		NW_022264007.1	unplaced-scaffold	37442			scaffold2062
GCF_002021735.2	Primary Assembly	Un			MPKV02002456.1	Chromosome		NW_022264008.1	unplaced-scaffold	37480			scaffold2063
GCF_002021735.2	Primary Assembly	Un			MPKV02002457.1	Chromosome		NW_022264009.1	unplaced-scaffold	37477			scaffold2064
GCF_002021735.2	Primary Assembly	Un			MPKV02002458.1	Chromosome		NW_022264010.1	unplaced-scaffold	37576			scaffold2065
GCF_002021735.2	Primary Assembly	Un			MPKV02002459.1	Chromosome		NW_022264011.1	unplaced-scaffold	37410			scaffold2066
GCF_002021735.2	Primary Assembly	Un			MPKV02002460.1	Chromosome		NW_022264012.1	unplaced-scaffold	37324			scaffold2067
GCF_002021735.2	Primary Assembly	Un			MPKV02002461.1	Chromosome		NW_022264013.1	unplaced-scaffold	37343			scaffold2068
GCF_002021735.2	Primary Assembly	Un			MPKV02002462.1	Chromosome		NW_022264014.1	unplaced-scaffold	37393			scaffold2069
GCF_002021735.2	Primary Assembly	Un			MPKV02002463.1	Chromosome		NW_022264015.1	unplaced-scaffold	37278			scaffold2070
GCF_002021735.2	Primary Assembly	Un			MPKV02002464.1	Chromosome		NW_022264016.1	unplaced-scaffold	37250			scaffold2071
GCF_002021735.2	Primary Assembly	Un			MPKV02002465.1	Chromosome		NW_022264017.1	unplaced-scaffold	37279			scaffold2072
GCF_002021735.2	Primary Assembly	Un			MPKV02002466.1	Chromosome		NW_022264018.1	unplaced-scaffold	37289			scaffold2073
GCF_002021735.2	Primary Assembly	Un			MPKV02002467.1	Chromosome		NW_022264019.1	unplaced-scaffold	38136			scaffold2074
GCF_002021735.2	Primary Assembly	Un			MPKV02002468.1	Chromosome		NW_022264020.1	unplaced-scaffold	37155			scaffold2075
GCF_002021735.2	Primary Assembly	Un			MPKV02002469.1	Chromosome		NW_022264021.1	unplaced-scaffold	37238			scaffold2076
GCF_002021735.2	Primary Assembly	Un			MPKV02002470.1	Chromosome		NW_022264022.1	unplaced-scaffold	37187			scaffold2077
GCF_002021735.2	Primary Assembly	Un			MPKV02002471.1	Chromosome		NW_022264023.1	unplaced-scaffold	37159			scaffold2078
GCF_002021735.2	Primary Assembly	Un			MPKV02002472.1	Chromosome		NW_022264024.1	unplaced-scaffold	37140			scaffold2079
GCF_002021735.2	Primary Assembly	Un			MPKV02002473.1	Chromosome		NW_022264025.1	unplaced-scaffold	37165			scaffold2080
GCF_002021735.2	Primary Assembly	Un			MPKV02002474.1	Chromosome		NW_022264026.1	unplaced-scaffold	37128			scaffold2081
GCF_002021735.2	Primary Assembly	Un			MPKV02002475.1	Chromosome		NW_022264027.1	unplaced-scaffold	37065			scaffold2082
GCF_002021735.2	Primary Assembly	Un			MPKV02002476.1	Chromosome		NW_022264028.1	unplaced-scaffold	37047			scaffold2083
GCF_002021735.2	Primary Assembly	Un			MPKV02002477.1	Chromosome		NW_022264029.1	unplaced-scaffold	36974			scaffold2084
GCF_002021735.2	Primary Assembly	Un			MPKV02002478.1	Chromosome		NW_022264030.1	unplaced-scaffold	36923			scaffold2085
GCF_002021735.2	Primary Assembly	Un			MPKV02002479.1	Chromosome		NW_022264031.1	unplaced-scaffold	36967			scaffold2086
GCF_002021735.2	Primary Assembly	Un			MPKV02002480.1	Chromosome		NW_022264032.1	unplaced-scaffold	36940			scaffold2087
GCF_002021735.2	Primary Assembly	Un			MPKV02002481.1	Chromosome		NW_022264033.1	unplaced-scaffold	36924			scaffold2088
GCF_002021735.2	Primary Assembly	Un			MPKV02002482.1	Chromosome		NW_022264034.1	unplaced-scaffold	36825			scaffold2089
GCF_002021735.2	Primary Assembly	Un			MPKV02002483.1	Chromosome		NW_022264035.1	unplaced-scaffold	36844			scaffold2090
GCF_002021735.2	Primary Assembly	Un			MPKV02002484.1	Chromosome		NW_022264036.1	unplaced-scaffold	36894			scaffold2091
GCF_002021735.2	Primary Assembly	Un			MPKV02002485.1	Chromosome		NW_022264037.1	unplaced-scaffold	36898			scaffold2092
GCF_002021735.2	Primary Assembly	Un			MPKV02002486.1	Chromosome		NW_022264038.1	unplaced-scaffold	36836			scaffold2093
GCF_002021735.2	Primary Assembly	Un			MPKV02002487.1	Chromosome		NW_022264039.1	unplaced-scaffold	36833			scaffold2094
GCF_002021735.2	Primary Assembly	Un			MPKV02002488.1	Chromosome		NW_022264040.1	unplaced-scaffold	36775			scaffold2095
GCF_002021735.2	Primary Assembly	Un			MPKV02002489.1	Chromosome		NW_022264041.1	unplaced-scaffold	36797			scaffold2096
GCF_002021735.2	Primary Assembly	Un			MPKV02002490.1	Chromosome		NW_022264042.1	unplaced-scaffold	36793			scaffold2097
GCF_002021735.2	Primary Assembly	Un			MPKV02002491.1	Chromosome		NW_022264043.1	unplaced-scaffold	35534			scaffold2098
GCF_002021735.2	Primary Assembly	Un			MPKV02002492.1	Chromosome		NW_022264044.1	unplaced-scaffold	36589			scaffold2099
GCF_002021735.2	Primary Assembly	Un			MPKV02002493.1	Chromosome		NW_022264045.1	unplaced-scaffold	36558			scaffold2100
GCF_002021735.2	Primary Assembly	Un			MPKV02002494.1	Chromosome		NW_022264046.1	unplaced-scaffold	36593			scaffold2101
GCF_002021735.2	Primary Assembly	Un			MPKV02002495.1	Chromosome		NW_022264047.1	unplaced-scaffold	36576			scaffold2102
GCF_002021735.2	Primary Assembly	Un			MPKV02002496.1	Chromosome		NW_022264048.1	unplaced-scaffold	36793			scaffold2103
GCF_002021735.2	Primary Assembly	Un			MPKV02002497.1	Chromosome		NW_022264049.1	unplaced-scaffold	36510			scaffold2104
GCF_002021735.2	Primary Assembly	Un			MPKV02002498.1	Chromosome		NW_022264050.1	unplaced-scaffold	36503			scaffold2105
GCF_002021735.2	Primary Assembly	Un			MPKV02002499.1	Chromosome		NW_022264051.1	unplaced-scaffold	36439			scaffold2106
GCF_002021735.2	Primary Assembly	Un			MPKV02002500.1	Chromosome		NW_022264052.1	unplaced-scaffold	36414			scaffold2107
GCF_002021735.2	Primary Assembly	Un			MPKV02002501.1	Chromosome		NW_022264053.1	unplaced-scaffold	36254			scaffold2108
GCF_002021735.2	Primary Assembly	Un			MPKV02002502.1	Chromosome		NW_022264054.1	unplaced-scaffold	36380			scaffold2109
GCF_002021735.2	Primary Assembly	Un			MPKV02002503.1	Chromosome		NW_022264055.1	unplaced-scaffold	36369			scaffold2110
GCF_002021735.2	Primary Assembly	Un			MPKV02002504.1	Chromosome		NW_022264056.1	unplaced-scaffold	36375			scaffold2111
GCF_002021735.2	Primary Assembly	Un			MPKV02002505.1	Chromosome		NW_022264057.1	unplaced-scaffold	36370			scaffold2112
GCF_002021735.2	Primary Assembly	Un			MPKV02002506.1	Chromosome		NW_022264058.1	unplaced-scaffold	36315			scaffold2113
GCF_002021735.2	Primary Assembly	Un			MPKV02002507.1	Chromosome		NW_022264059.1	unplaced-scaffold	36334			scaffold2114
GCF_002021735.2	Primary Assembly	Un			MPKV02002508.1	Chromosome		NW_022264060.1	unplaced-scaffold	36307			scaffold2115
GCF_002021735.2	Primary Assembly	Un			MPKV02002509.1	Chromosome		NW_022264061.1	unplaced-scaffold	36617			scaffold2116
GCF_002021735.2	Primary Assembly	Un			MPKV02002510.1	Chromosome		NW_022264062.1	unplaced-scaffold	36307			scaffold2117
GCF_002021735.2	Primary Assembly	Un			MPKV02002511.1	Chromosome		NW_022264063.1	unplaced-scaffold	36255			scaffold2118
GCF_002021735.2	Primary Assembly	Un			MPKV02002512.1	Chromosome		NW_022264064.1	unplaced-scaffold	36216			scaffold2119
GCF_002021735.2	Primary Assembly	Un			MPKV02002513.1	Chromosome		NW_022264065.1	unplaced-scaffold	36202			scaffold2120
GCF_002021735.2	Primary Assembly	Un			MPKV02002514.1	Chromosome		NW_022264066.1	unplaced-scaffold	36169			scaffold2121
GCF_002021735.2	Primary Assembly	Un			MPKV02002515.1	Chromosome		NW_022264067.1	unplaced-scaffold	36148			scaffold2122
GCF_002021735.2	Primary Assembly	Un			MPKV02002516.1	Chromosome		NW_022264068.1	unplaced-scaffold	36156			scaffold2123
GCF_002021735.2	Primary Assembly	Un			MPKV02002517.1	Chromosome		NW_022264069.1	unplaced-scaffold	36044			scaffold2124
GCF_002021735.2	Primary Assembly	Un			MPKV02002518.1	Chromosome		NW_022264070.1	unplaced-scaffold	36062			scaffold2125
GCF_002021735.2	Primary Assembly	Un			MPKV02002519.1	Chromosome		NW_022264071.1	unplaced-scaffold	36023			scaffold2126
GCF_002021735.2	Primary Assembly	Un			MPKV02002520.1	Chromosome		NW_022264072.1	unplaced-scaffold	35960			scaffold2127
GCF_002021735.2	Primary Assembly	Un			MPKV02002521.1	Chromosome		NW_022264073.1	unplaced-scaffold	35982			scaffold2128
GCF_002021735.2	Primary Assembly	Un			MPKV02002522.1	Chromosome		NW_022264074.1	unplaced-scaffold	35832			scaffold2129
GCF_002021735.2	Primary Assembly	Un			MPKV02002523.1	Chromosome		NW_022264075.1	unplaced-scaffold	35752			scaffold2130
GCF_002021735.2	Primary Assembly	Un			MPKV02002524.1	Chromosome		NW_022264076.1	unplaced-scaffold	35838			scaffold2131
GCF_002021735.2	Primary Assembly	Un			MPKV02002525.1	Chromosome		NW_022264077.1	unplaced-scaffold	35723			scaffold2132
GCF_002021735.2	Primary Assembly	Un			MPKV02002526.1	Chromosome		NW_022264078.1	unplaced-scaffold	35765			scaffold2133
GCF_002021735.2	Primary Assembly	Un			MPKV02002527.1	Chromosome		NW_022264079.1	unplaced-scaffold	35656			scaffold2134
GCF_002021735.2	Primary Assembly	Un			MPKV02002528.1	Chromosome		NW_022264080.1	unplaced-scaffold	35643			scaffold2135
GCF_002021735.2	Primary Assembly	Un			MPKV02002529.1	Chromosome		NW_022264081.1	unplaced-scaffold	35639			scaffold2136
GCF_002021735.2	Primary Assembly	Un			MPKV02002530.1	Chromosome		NW_022264082.1	unplaced-scaffold	35460			scaffold2137
GCF_002021735.2	Primary Assembly	Un			MPKV02002531.1	Chromosome		NW_022264083.1	unplaced-scaffold	35607			scaffold2138
GCF_002021735.2	Primary Assembly	Un			MPKV02002532.1	Chromosome		NW_022264084.1	unplaced-scaffold	35601			scaffold2139
GCF_002021735.2	Primary Assembly	Un			MPKV02002533.1	Chromosome		NW_022264085.1	unplaced-scaffold	35651			scaffold2140
GCF_002021735.2	Primary Assembly	Un			MPKV02002534.1	Chromosome		NW_022264086.1	unplaced-scaffold	35565			scaffold2141
GCF_002021735.2	Primary Assembly	Un			MPKV02002535.1	Chromosome		NW_022264087.1	unplaced-scaffold	35514			scaffold2142
GCF_002021735.2	Primary Assembly	Un			MPKV02002536.1	Chromosome		NW_022264088.1	unplaced-scaffold	35488			scaffold2143
GCF_002021735.2	Primary Assembly	Un			MPKV02002537.1	Chromosome		NW_022264089.1	unplaced-scaffold	35459			scaffold2144
GCF_002021735.2	Primary Assembly	Un			MPKV02002538.1	Chromosome		NW_022264090.1	unplaced-scaffold	35424			scaffold2145
GCF_002021735.2	Primary Assembly	Un			MPKV02002539.1	Chromosome		NW_022264091.1	unplaced-scaffold	35403			scaffold2146
GCF_002021735.2	Primary Assembly	Un			MPKV02002540.1	Chromosome		NW_022264092.1	unplaced-scaffold	35381			scaffold2147
GCF_002021735.2	Primary Assembly	Un			MPKV02002541.1	Chromosome		NW_022264093.1	unplaced-scaffold	35339			scaffold2148
GCF_002021735.2	Primary Assembly	Un			MPKV02002542.1	Chromosome		NW_022264094.1	unplaced-scaffold	35228			scaffold2149
GCF_002021735.2	Primary Assembly	Un			MPKV02002543.1	Chromosome		NW_022264095.1	unplaced-scaffold	35338			scaffold2150
GCF_002021735.2	Primary Assembly	Un			MPKV02002544.1	Chromosome		NW_022264096.1	unplaced-scaffold	35261			scaffold2151
GCF_002021735.2	Primary Assembly	Un			MPKV02002545.1	Chromosome		NW_022264097.1	unplaced-scaffold	35219			scaffold2152
GCF_002021735.2	Primary Assembly	Un			MPKV02002546.1	Chromosome		NW_022264098.1	unplaced-scaffold	35234			scaffold2153
GCF_002021735.2	Primary Assembly	Un			MPKV02002547.1	Chromosome		NW_022264099.1	unplaced-scaffold	35077			scaffold2154
GCF_002021735.2	Primary Assembly	Un			MPKV02002548.1	Chromosome		NW_022264100.1	unplaced-scaffold	35168			scaffold2155
GCF_002021735.2	Primary Assembly	Un			MPKV02002549.1	Chromosome		NW_022264101.1	unplaced-scaffold	35158			scaffold2156
GCF_002021735.2	Primary Assembly	Un			MPKV02002550.1	Chromosome		NW_022264102.1	unplaced-scaffold	34759			scaffold2157
GCF_002021735.2	Primary Assembly	Un			MPKV02002551.1	Chromosome		NW_022264103.1	unplaced-scaffold	35161			scaffold2158
GCF_002021735.2	Primary Assembly	Un			MPKV02002552.1	Chromosome		NW_022264104.1	unplaced-scaffold	35147			scaffold2159
GCF_002021735.2	Primary Assembly	Un			MPKV02002553.1	Chromosome		NW_022264105.1	unplaced-scaffold	35113			scaffold2160
GCF_002021735.2	Primary Assembly	Un			MPKV02002554.1	Chromosome		NW_022264106.1	unplaced-scaffold	35080			scaffold2161
GCF_002021735.2	Primary Assembly	Un			MPKV02002555.1	Chromosome		NW_022264107.1	unplaced-scaffold	34715			scaffold2162
GCF_002021735.2	Primary Assembly	Un			MPKV02002556.1	Chromosome		NW_022264108.1	unplaced-scaffold	35048			scaffold2163
GCF_002021735.2	Primary Assembly	Un			MPKV02002557.1	Chromosome		NW_022264109.1	unplaced-scaffold	34970			scaffold2164
GCF_002021735.2	Primary Assembly	Un			MPKV02002558.1	Chromosome		NW_022264110.1	unplaced-scaffold	35020			scaffold2165
GCF_002021735.2	Primary Assembly	Un			MPKV02002559.1	Chromosome		NW_022264111.1	unplaced-scaffold	34997			scaffold2166
GCF_002021735.2	Primary Assembly	Un			MPKV02002560.1	Chromosome		NW_022264112.1	unplaced-scaffold	34957			scaffold2167
GCF_002021735.2	Primary Assembly	Un			MPKV02002561.1	Chromosome		NW_022264113.1	unplaced-scaffold	34801			scaffold2168
GCF_002021735.2	Primary Assembly	Un			MPKV02002562.1	Chromosome		NW_022264114.1	unplaced-scaffold	34831			scaffold2169
GCF_002021735.2	Primary Assembly	Un			MPKV02002563.1	Chromosome		NW_022264115.1	unplaced-scaffold	34829			scaffold2170
GCF_002021735.2	Primary Assembly	Un			MPKV02002564.1	Chromosome		NW_022264116.1	unplaced-scaffold	34781			scaffold2171
GCF_002021735.2	Primary Assembly	Un			MPKV02002565.1	Chromosome		NW_022264117.1	unplaced-scaffold	34758			scaffold2172
GCF_002021735.2	Primary Assembly	Un			MPKV02002566.1	Chromosome		NW_022264118.1	unplaced-scaffold	34729			scaffold2173
GCF_002021735.2	Primary Assembly	Un			MPKV02002567.1	Chromosome		NW_022264119.1	unplaced-scaffold	34712			scaffold2174
GCF_002021735.2	Primary Assembly	Un			MPKV02002568.1	Chromosome		NW_022264120.1	unplaced-scaffold	34698			scaffold2175
GCF_002021735.2	Primary Assembly	Un			MPKV02002569.1	Chromosome		NW_022264121.1	unplaced-scaffold	34661			scaffold2176
GCF_002021735.2	Primary Assembly	Un			MPKV02002570.1	Chromosome		NW_022264122.1	unplaced-scaffold	34622			scaffold2177
GCF_002021735.2	Primary Assembly	Un			MPKV02002571.1	Chromosome		NW_022264123.1	unplaced-scaffold	34556			scaffold2178
GCF_002021735.2	Primary Assembly	Un			MPKV02002572.1	Chromosome		NW_022264124.1	unplaced-scaffold	34587			scaffold2179
GCF_002021735.2	Primary Assembly	Un			MPKV02002573.1	Chromosome		NW_022264125.1	unplaced-scaffold	34578			scaffold2180
GCF_002021735.2	Primary Assembly	Un			MPKV02002574.1	Chromosome		NW_022264126.1	unplaced-scaffold	34551			scaffold2181
GCF_002021735.2	Primary Assembly	Un			MPKV02002575.1	Chromosome		NW_022264127.1	unplaced-scaffold	34709			scaffold2182
GCF_002021735.2	Primary Assembly	Un			MPKV02002576.1	Chromosome		NW_022264128.1	unplaced-scaffold	34552			scaffold2183
GCF_002021735.2	Primary Assembly	Un			MPKV02002577.1	Chromosome		NW_022264129.1	unplaced-scaffold	34493			scaffold2184
GCF_002021735.2	Primary Assembly	Un			MPKV02002578.1	Chromosome		NW_022264130.1	unplaced-scaffold	34433			scaffold2185
GCF_002021735.2	Primary Assembly	Un			MPKV02002579.1	Chromosome		NW_022264131.1	unplaced-scaffold	34432			scaffold2186
GCF_002021735.2	Primary Assembly	Un			MPKV02002580.1	Chromosome		NW_022264132.1	unplaced-scaffold	34423			scaffold2187
GCF_002021735.2	Primary Assembly	Un			MPKV02002581.1	Chromosome		NW_022264133.1	unplaced-scaffold	34490			scaffold2188
GCF_002021735.2	Primary Assembly	Un			MPKV02002582.1	Chromosome		NW_022264134.1	unplaced-scaffold	34404			scaffold2189
GCF_002021735.2	Primary Assembly	Un			MPKV02002583.1	Chromosome		NW_022264135.1	unplaced-scaffold	34396			scaffold2190
GCF_002021735.2	Primary Assembly	Un			MPKV02002584.1	Chromosome		NW_022264136.1	unplaced-scaffold	34389			scaffold2191
GCF_002021735.2	Primary Assembly	Un			MPKV02002585.1	Chromosome		NW_022264137.1	unplaced-scaffold	34372			scaffold2192
GCF_002021735.2	Primary Assembly	Un			MPKV02002586.1	Chromosome		NW_022264138.1	unplaced-scaffold	34384			scaffold2193
GCF_002021735.2	Primary Assembly	Un			MPKV02002587.1	Chromosome		NW_022264139.1	unplaced-scaffold	34286			scaffold2194
GCF_002021735.2	Primary Assembly	Un			MPKV02002588.1	Chromosome		NW_022264140.1	unplaced-scaffold	34335			scaffold2195
GCF_002021735.2	Primary Assembly	Un			MPKV02002589.1	Chromosome		NW_022264141.1	unplaced-scaffold	34277			scaffold2196
GCF_002021735.2	Primary Assembly	Un			MPKV02002590.1	Chromosome		NW_022264142.1	unplaced-scaffold	34279			scaffold2197
GCF_002021735.2	Primary Assembly	Un			MPKV02002591.1	Chromosome		NW_022264143.1	unplaced-scaffold	34438			scaffold2198
GCF_002021735.2	Primary Assembly	Un			MPKV02002592.1	Chromosome		NW_022264144.1	unplaced-scaffold	34694			scaffold2199
GCF_002021735.2	Primary Assembly	Un			MPKV02002593.1	Chromosome		NW_022264145.1	unplaced-scaffold	34206			scaffold2200
GCF_002021735.2	Primary Assembly	Un			MPKV02002594.1	Chromosome		NW_022264146.1	unplaced-scaffold	34175			scaffold2201
GCF_002021735.2	Primary Assembly	Un			MPKV02002595.1	Chromosome		NW_022264147.1	unplaced-scaffold	962959			scaffold2202
GCF_002021735.2	Primary Assembly	Un			MPKV02002596.1	Chromosome		NW_022264148.1	unplaced-scaffold	34141			scaffold2203
GCF_002021735.2	Primary Assembly	Un			MPKV02002597.1	Chromosome		NW_022264149.1	unplaced-scaffold	34120			scaffold2204
GCF_002021735.2	Primary Assembly	Un			MPKV02002598.1	Chromosome		NW_022264150.1	unplaced-scaffold	34125			scaffold2205
GCF_002021735.2	Primary Assembly	Un			MPKV02002599.1	Chromosome		NW_022264151.1	unplaced-scaffold	34080			scaffold2206
GCF_002021735.2	Primary Assembly	Un			MPKV02002600.1	Chromosome		NW_022264152.1	unplaced-scaffold	34087			scaffold2207
GCF_002021735.2	Primary Assembly	Un			MPKV02002601.1	Chromosome		NW_022264153.1	unplaced-scaffold	34157			scaffold2208
GCF_002021735.2	Primary Assembly	Un			MPKV02002602.1	Chromosome		NW_022264154.1	unplaced-scaffold	34052			scaffold2209
GCF_002021735.2	Primary Assembly	Un			MPKV02002603.1	Chromosome		NW_022264155.1	unplaced-scaffold	34021			scaffold2210
GCF_002021735.2	Primary Assembly	Un			MPKV02002604.1	Chromosome		NW_022264156.1	unplaced-scaffold	34020			scaffold2211
GCF_002021735.2	Primary Assembly	Un			MPKV02002605.1	Chromosome		NW_022264157.1	unplaced-scaffold	34033			scaffold2212
GCF_002021735.2	Primary Assembly	Un			MPKV02002606.1	Chromosome		NW_022264158.1	unplaced-scaffold	34019			scaffold2213
GCF_002021735.2	Primary Assembly	Un			MPKV02002607.1	Chromosome		NW_022264159.1	unplaced-scaffold	33983			scaffold2214
GCF_002021735.2	Primary Assembly	Un			MPKV02002608.1	Chromosome		NW_022264160.1	unplaced-scaffold	34013			scaffold2215
GCF_002021735.2	Primary Assembly	Un			MPKV02002609.1	Chromosome		NW_022264161.1	unplaced-scaffold	34002			scaffold2216
GCF_002021735.2	Primary Assembly	Un			MPKV02002610.1	Chromosome		NW_022264162.1	unplaced-scaffold	34110			scaffold2217
GCF_002021735.2	Primary Assembly	Un			MPKV02002611.1	Chromosome		NW_022264163.1	unplaced-scaffold	33945			scaffold2218
GCF_002021735.2	Primary Assembly	Un			MPKV02002612.1	Chromosome		NW_022264164.1	unplaced-scaffold	33945			scaffold2219
GCF_002021735.2	Primary Assembly	Un			MPKV02002613.1	Chromosome		NW_022264165.1	unplaced-scaffold	33900			scaffold2220
GCF_002021735.2	Primary Assembly	Un			MPKV02002614.1	Chromosome		NW_022264166.1	unplaced-scaffold	33323			scaffold2221
GCF_002021735.2	Primary Assembly	Un			MPKV02002615.1	Chromosome		NW_022264167.1	unplaced-scaffold	33961			scaffold2222
GCF_002021735.2	Primary Assembly	Un			MPKV02002616.1	Chromosome		NW_022264168.1	unplaced-scaffold	33906			scaffold2223
GCF_002021735.2	Primary Assembly	Un			MPKV02002617.1	Chromosome		NW_022264169.1	unplaced-scaffold	33911			scaffold2224
GCF_002021735.2	Primary Assembly	Un			MPKV02002618.1	Chromosome		NW_022264170.1	unplaced-scaffold	33909			scaffold2225
GCF_002021735.2	Primary Assembly	Un			MPKV02002619.1	Chromosome		NW_022264171.1	unplaced-scaffold	33884			scaffold2226
GCF_002021735.2	Primary Assembly	Un			MPKV02002620.1	Chromosome		NW_022264172.1	unplaced-scaffold	34283			scaffold2227
GCF_002021735.2	Primary Assembly	Un			MPKV02002621.1	Chromosome		NW_022264173.1	unplaced-scaffold	33880			scaffold2228
GCF_002021735.2	Primary Assembly	Un			MPKV02002622.1	Chromosome		NW_022264174.1	unplaced-scaffold	33815			scaffold2229
GCF_002021735.2	Primary Assembly	Un			MPKV02002623.1	Chromosome		NW_022264175.1	unplaced-scaffold	33659			scaffold2230
GCF_002021735.2	Primary Assembly	Un			MPKV02002624.1	Chromosome		NW_022264176.1	unplaced-scaffold	33931			scaffold2231
GCF_002021735.2	Primary Assembly	Un			MPKV02002625.1	Chromosome		NW_022264177.1	unplaced-scaffold	33856			scaffold2232
GCF_002021735.2	Primary Assembly	Un			MPKV02002626.1	Chromosome		NW_022264178.1	unplaced-scaffold	33939			scaffold2233
GCF_002021735.2	Primary Assembly	Un			MPKV02002627.1	Chromosome		NW_022264179.1	unplaced-scaffold	33850			scaffold2234
GCF_002021735.2	Primary Assembly	Un			MPKV02002628.1	Chromosome		NW_022264180.1	unplaced-scaffold	33820			scaffold2235
GCF_002021735.2	Primary Assembly	Un			MPKV02002629.1	Chromosome		NW_022264181.1	unplaced-scaffold	33790			scaffold2236
GCF_002021735.2	Primary Assembly	Un			MPKV02002630.1	Chromosome		NW_022264182.1	unplaced-scaffold	34261			scaffold2237
GCF_002021735.2	Primary Assembly	Un			MPKV02002631.1	Chromosome		NW_022264183.1	unplaced-scaffold	33956			scaffold2238
GCF_002021735.2	Primary Assembly	Un			MPKV02002632.1	Chromosome		NW_022264184.1	unplaced-scaffold	33708			scaffold2239
GCF_002021735.2	Primary Assembly	Un			MPKV02002633.1	Chromosome		NW_022264185.1	unplaced-scaffold	33738			scaffold2240
GCF_002021735.2	Primary Assembly	Un			MPKV02002634.1	Chromosome		NW_022264186.1	unplaced-scaffold	308844			scaffold2241
GCF_002021735.2	Primary Assembly	Un			MPKV02002635.1	Chromosome		NW_022264187.1	unplaced-scaffold	33754			scaffold2242
GCF_002021735.2	Primary Assembly	Un			MPKV02002636.1	Chromosome		NW_022264188.1	unplaced-scaffold	33825			scaffold2243
GCF_002021735.2	Primary Assembly	Un			MPKV02002637.1	Chromosome		NW_022264189.1	unplaced-scaffold	33717			scaffold2244
GCF_002021735.2	Primary Assembly	Un			MPKV02002638.1	Chromosome		NW_022264190.1	unplaced-scaffold	33705			scaffold2245
GCF_002021735.2	Primary Assembly	Un			MPKV02002639.1	Chromosome		NW_022264191.1	unplaced-scaffold	33653			scaffold2246
GCF_002021735.2	Primary Assembly	Un			MPKV02002640.1	Chromosome		NW_022264192.1	unplaced-scaffold	33626			scaffold2247
GCF_002021735.2	Primary Assembly	Un			MPKV02002641.1	Chromosome		NW_022264193.1	unplaced-scaffold	33550			scaffold2248
GCF_002021735.2	Primary Assembly	Un			MPKV02002642.1	Chromosome		NW_022264194.1	unplaced-scaffold	33557			scaffold2249
GCF_002021735.2	Primary Assembly	Un			MPKV02002643.1	Chromosome		NW_022264195.1	unplaced-scaffold	33457			scaffold2250
GCF_002021735.2	Primary Assembly	Un			MPKV02002644.1	Chromosome		NW_022264196.1	unplaced-scaffold	33524			scaffold2251
GCF_002021735.2	Primary Assembly	Un			MPKV02002645.1	Chromosome		NW_022264197.1	unplaced-scaffold	33517			scaffold2252
GCF_002021735.2	Primary Assembly	Un			MPKV02002646.1	Chromosome		NW_022264198.1	unplaced-scaffold	33485			scaffold2253
GCF_002021735.2	Primary Assembly	Un			MPKV02002647.1	Chromosome		NW_022264199.1	unplaced-scaffold	33477			scaffold2254
GCF_002021735.2	Primary Assembly	Un			MPKV02002648.1	Chromosome		NW_022264200.1	unplaced-scaffold	33492			scaffold2255
GCF_002021735.2	Primary Assembly	Un			MPKV02002649.1	Chromosome		NW_022264201.1	unplaced-scaffold	33127			scaffold2256
GCF_002021735.2	Primary Assembly	Un			MPKV02002650.1	Chromosome		NW_022264202.1	unplaced-scaffold	33495			scaffold2257
GCF_002021735.2	Primary Assembly	Un			MPKV02002651.1	Chromosome		NW_022264203.1	unplaced-scaffold	33318			scaffold2258
GCF_002021735.2	Primary Assembly	Un			MPKV02002652.1	Chromosome		NW_022264204.1	unplaced-scaffold	33379			scaffold2259
GCF_002021735.2	Primary Assembly	Un			MPKV02002653.1	Chromosome		NW_022264205.1	unplaced-scaffold	33266			scaffold2260
GCF_002021735.2	Primary Assembly	Un			MPKV02002654.1	Chromosome		NW_022264206.1	unplaced-scaffold	33270			scaffold2261
GCF_002021735.2	Primary Assembly	Un			MPKV02002655.1	Chromosome		NW_022264207.1	unplaced-scaffold	33271			scaffold2262
GCF_002021735.2	Primary Assembly	Un			MPKV02002656.1	Chromosome		NW_022264208.1	unplaced-scaffold	33232			scaffold2263
GCF_002021735.2	Primary Assembly	Un			MPKV02002657.1	Chromosome		NW_022264209.1	unplaced-scaffold	33175			scaffold2264
GCF_002021735.2	Primary Assembly	Un			MPKV02002658.1	Chromosome		NW_022264210.1	unplaced-scaffold	33132			scaffold2265
GCF_002021735.2	Primary Assembly	Un			MPKV02002659.1	Chromosome		NW_022264211.1	unplaced-scaffold	33155			scaffold2266
GCF_002021735.2	Primary Assembly	Un			MPKV02002660.1	Chromosome		NW_022264212.1	unplaced-scaffold	33205			scaffold2267
GCF_002021735.2	Primary Assembly	Un			MPKV02002661.1	Chromosome		NW_022264213.1	unplaced-scaffold	33064			scaffold2268
GCF_002021735.2	Primary Assembly	Un			MPKV02002662.1	Chromosome		NW_022264214.1	unplaced-scaffold	33110			scaffold2269
GCF_002021735.2	Primary Assembly	Un			MPKV02002663.1	Chromosome		NW_022264215.1	unplaced-scaffold	32988			scaffold2270
GCF_002021735.2	Primary Assembly	Un			MPKV02002664.1	Chromosome		NW_022264216.1	unplaced-scaffold	32964			scaffold2271
GCF_002021735.2	Primary Assembly	Un			MPKV02002665.1	Chromosome		NW_022264217.1	unplaced-scaffold	32953			scaffold2272
GCF_002021735.2	Primary Assembly	Un			MPKV02002666.1	Chromosome		NW_022264218.1	unplaced-scaffold	32928			scaffold2273
GCF_002021735.2	Primary Assembly	Un			MPKV02002667.1	Chromosome		NW_022264219.1	unplaced-scaffold	32927			scaffold2274
GCF_002021735.2	Primary Assembly	Un			MPKV02002668.1	Chromosome		NW_022264220.1	unplaced-scaffold	32906			scaffold2275
GCF_002021735.2	Primary Assembly	Un			MPKV02002669.1	Chromosome		NW_022264221.1	unplaced-scaffold	32698			scaffold2276
GCF_002021735.2	Primary Assembly	Un			MPKV02002670.1	Chromosome		NW_022264222.1	unplaced-scaffold	32807			scaffold2277
GCF_002021735.2	Primary Assembly	Un			MPKV02002671.1	Chromosome		NW_022264223.1	unplaced-scaffold	32791			scaffold2278
GCF_002021735.2	Primary Assembly	Un			MPKV02002672.1	Chromosome		NW_022264224.1	unplaced-scaffold	32777			scaffold2279
GCF_002021735.2	Primary Assembly	Un			MPKV02002673.1	Chromosome		NW_022264225.1	unplaced-scaffold	32772			scaffold2280
GCF_002021735.2	Primary Assembly	Un			MPKV02002674.1	Chromosome		NW_022264226.1	unplaced-scaffold	32856			scaffold2281
GCF_002021735.2	Primary Assembly	Un			MPKV02002675.1	Chromosome		NW_022264227.1	unplaced-scaffold	32642			scaffold2282
GCF_002021735.2	Primary Assembly	Un			MPKV02002676.1	Chromosome		NW_022264228.1	unplaced-scaffold	32630			scaffold2283
GCF_002021735.2	Primary Assembly	Un			MPKV02002677.1	Chromosome		NW_022264229.1	unplaced-scaffold	32600			scaffold2284
GCF_002021735.2	Primary Assembly	Un			MPKV02002678.1	Chromosome		NW_022264230.1	unplaced-scaffold	32601			scaffold2285
GCF_002021735.2	Primary Assembly	Un			MPKV02002679.1	Chromosome		NW_022264231.1	unplaced-scaffold	32607			scaffold2286
GCF_002021735.2	Primary Assembly	Un			MPKV02002680.1	Chromosome		NW_022264232.1	unplaced-scaffold	32510			scaffold2287
GCF_002021735.2	Primary Assembly	Un			MPKV02002681.1	Chromosome		NW_022264233.1	unplaced-scaffold	47887			scaffold2288
GCF_002021735.2	Primary Assembly	Un			MPKV02002682.1	Chromosome		NW_022264234.1	unplaced-scaffold	32464			scaffold2289
GCF_002021735.2	Primary Assembly	Un			MPKV02002683.1	Chromosome		NW_022264235.1	unplaced-scaffold	32475			scaffold2290
GCF_002021735.2	Primary Assembly	Un			MPKV02002684.1	Chromosome		NW_022264236.1	unplaced-scaffold	32451			scaffold2291
GCF_002021735.2	Primary Assembly	Un			MPKV02002685.1	Chromosome		NW_022264237.1	unplaced-scaffold	32429			scaffold2292
GCF_002021735.2	Primary Assembly	Un			MPKV02002686.1	Chromosome		NW_022264238.1	unplaced-scaffold	32375			scaffold2293
GCF_002021735.2	Primary Assembly	Un			MPKV02002687.1	Chromosome		NW_022264239.1	unplaced-scaffold	32311			scaffold2294
GCF_002021735.2	Primary Assembly	Un			MPKV02002688.1	Chromosome		NW_022264240.1	unplaced-scaffold	32276			scaffold2295
GCF_002021735.2	Primary Assembly	Un			MPKV02002689.1	Chromosome		NW_022264241.1	unplaced-scaffold	32278			scaffold2296
GCF_002021735.2	Primary Assembly	Un			MPKV02002690.1	Chromosome		NW_022264242.1	unplaced-scaffold	32453			scaffold2297
GCF_002021735.2	Primary Assembly	Un			MPKV02002691.1	Chromosome		NW_022264243.1	unplaced-scaffold	32296			scaffold2298
GCF_002021735.2	Primary Assembly	Un			MPKV02002692.1	Chromosome		NW_022264244.1	unplaced-scaffold	32259			scaffold2299
GCF_002021735.2	Primary Assembly	Un			MPKV02002693.1	Chromosome		NW_022264245.1	unplaced-scaffold	32278			scaffold2300
GCF_002021735.2	Primary Assembly	Un			MPKV02002694.1	Chromosome		NW_022264246.1	unplaced-scaffold	32210			scaffold2301
GCF_002021735.2	Primary Assembly	Un			MPKV02002695.1	Chromosome		NW_022264247.1	unplaced-scaffold	32240			scaffold2302
GCF_002021735.2	Primary Assembly	Un			MPKV02002696.1	Chromosome		NW_022264248.1	unplaced-scaffold	32186			scaffold2303
GCF_002021735.2	Primary Assembly	Un			MPKV02002697.1	Chromosome		NW_022264249.1	unplaced-scaffold	32186			scaffold2304
GCF_002021735.2	Primary Assembly	Un			MPKV02002698.1	Chromosome		NW_022264250.1	unplaced-scaffold	32180			scaffold2305
GCF_002021735.2	Primary Assembly	Un			MPKV02002699.1	Chromosome		NW_022264251.1	unplaced-scaffold	32242			scaffold2306
GCF_002021735.2	Primary Assembly	Un			MPKV02002700.1	Chromosome		NW_022264252.1	unplaced-scaffold	32180			scaffold2307
GCF_002021735.2	Primary Assembly	Un			MPKV02002701.1	Chromosome		NW_022264253.1	unplaced-scaffold	32159			scaffold2308
GCF_002021735.2	Primary Assembly	Un			MPKV02002702.1	Chromosome		NW_022264254.1	unplaced-scaffold	32110			scaffold2309
GCF_002021735.2	Primary Assembly	Un			MPKV02002703.1	Chromosome		NW_022264255.1	unplaced-scaffold	32099			scaffold2310
GCF_002021735.2	Primary Assembly	Un			MPKV02002704.1	Chromosome		NW_022264256.1	unplaced-scaffold	32131			scaffold2311
GCF_002021735.2	Primary Assembly	Un			MPKV02002705.1	Chromosome		NW_022264257.1	unplaced-scaffold	32102			scaffold2312
GCF_002021735.2	Primary Assembly	Un			MPKV02002706.1	Chromosome		NW_022264258.1	unplaced-scaffold	32130			scaffold2313
GCF_002021735.2	Primary Assembly	Un			MPKV02002707.1	Chromosome		NW_022264259.1	unplaced-scaffold	32116			scaffold2314
GCF_002021735.2	Primary Assembly	Un			MPKV02002708.1	Chromosome		NW_022264260.1	unplaced-scaffold	32215			scaffold2315
GCF_002021735.2	Primary Assembly	Un			MPKV02002709.1	Chromosome		NW_022264261.1	unplaced-scaffold	32141			scaffold2316
GCF_002021735.2	Primary Assembly	Un			MPKV02002710.1	Chromosome		NW_022264262.1	unplaced-scaffold	32040			scaffold2317
GCF_002021735.2	Primary Assembly	Un			MPKV02002711.1	Chromosome		NW_022264263.1	unplaced-scaffold	32044			scaffold2318
GCF_002021735.2	Primary Assembly	Un			MPKV02002712.1	Chromosome		NW_022264264.1	unplaced-scaffold	32174			scaffold2319
GCF_002021735.2	Primary Assembly	Un			MPKV02002713.1	Chromosome		NW_022264265.1	unplaced-scaffold	31888			scaffold2320
GCF_002021735.2	Primary Assembly	Un			MPKV02002714.1	Chromosome		NW_022264266.1	unplaced-scaffold	31952			scaffold2321
GCF_002021735.2	Primary Assembly	Un			MPKV02002715.1	Chromosome		NW_022264267.1	unplaced-scaffold	31909			scaffold2322
GCF_002021735.2	Primary Assembly	Un			MPKV02002716.1	Chromosome		NW_022264268.1	unplaced-scaffold	31945			scaffold2323
GCF_002021735.2	Primary Assembly	Un			MPKV02002717.1	Chromosome		NW_022264269.1	unplaced-scaffold	31919			scaffold2324
GCF_002021735.2	Primary Assembly	Un			MPKV02002718.1	Chromosome		NW_022264270.1	unplaced-scaffold	31905			scaffold2325
GCF_002021735.2	Primary Assembly	Un			MPKV02002719.1	Chromosome		NW_022264271.1	unplaced-scaffold	31869			scaffold2326
GCF_002021735.2	Primary Assembly	Un			MPKV02002720.1	Chromosome		NW_022264272.1	unplaced-scaffold	31841			scaffold2327
GCF_002021735.2	Primary Assembly	Un			MPKV02002721.1	Chromosome		NW_022264273.1	unplaced-scaffold	31905			scaffold2328
GCF_002021735.2	Primary Assembly	Un			MPKV02002722.1	Chromosome		NW_022264274.1	unplaced-scaffold	31800			scaffold2329
GCF_002021735.2	Primary Assembly	Un			MPKV02002723.1	Chromosome		NW_022264275.1	unplaced-scaffold	31984			scaffold2330
GCF_002021735.2	Primary Assembly	Un			MPKV02002724.1	Chromosome		NW_022264276.1	unplaced-scaffold	31766			scaffold2331
GCF_002021735.2	Primary Assembly	Un			MPKV02002725.1	Chromosome		NW_022264277.1	unplaced-scaffold	31724			scaffold2332
GCF_002021735.2	Primary Assembly	Un			MPKV02002726.1	Chromosome		NW_022264278.1	unplaced-scaffold	31735			scaffold2333
GCF_002021735.2	Primary Assembly	Un			MPKV02002727.1	Chromosome		NW_022264279.1	unplaced-scaffold	31702			scaffold2334
GCF_002021735.2	Primary Assembly	Un			MPKV02002728.1	Chromosome		NW_022264280.1	unplaced-scaffold	31671			scaffold2335
GCF_002021735.2	Primary Assembly	Un			MPKV02002729.1	Chromosome		NW_022264281.1	unplaced-scaffold	31640			scaffold2336
GCF_002021735.2	Primary Assembly	Un			MPKV02002730.1	Chromosome		NW_022264282.1	unplaced-scaffold	31595			scaffold2337
GCF_002021735.2	Primary Assembly	Un			MPKV02002731.1	Chromosome		NW_022264283.1	unplaced-scaffold	31992			scaffold2338
GCF_002021735.2	Primary Assembly	Un			MPKV02002732.1	Chromosome		NW_022264284.1	unplaced-scaffold	31547			scaffold2339
GCF_002021735.2	Primary Assembly	Un			MPKV02002733.1	Chromosome		NW_022264285.1	unplaced-scaffold	31567			scaffold2340
GCF_002021735.2	Primary Assembly	Un			MPKV02002734.1	Chromosome		NW_022264286.1	unplaced-scaffold	31516			scaffold2341
GCF_002021735.2	Primary Assembly	Un			MPKV02002735.1	Chromosome		NW_022264287.1	unplaced-scaffold	31361			scaffold2342
GCF_002021735.2	Primary Assembly	Un			MPKV02002736.1	Chromosome		NW_022264288.1	unplaced-scaffold	31494			scaffold2343
GCF_002021735.2	Primary Assembly	Un			MPKV02002737.1	Chromosome		NW_022264289.1	unplaced-scaffold	31494			scaffold2344
GCF_002021735.2	Primary Assembly	Un			MPKV02002738.1	Chromosome		NW_022264290.1	unplaced-scaffold	31508			scaffold2345
GCF_002021735.2	Primary Assembly	Un			MPKV02002739.1	Chromosome		NW_022264291.1	unplaced-scaffold	31439			scaffold2346
GCF_002021735.2	Primary Assembly	Un			MPKV02002740.1	Chromosome		NW_022264292.1	unplaced-scaffold	31418			scaffold2347
GCF_002021735.2	Primary Assembly	Un			MPKV02002741.1	Chromosome		NW_022264293.1	unplaced-scaffold	31432			scaffold2348
GCF_002021735.2	Primary Assembly	Un			MPKV02002742.1	Chromosome		NW_022264294.1	unplaced-scaffold	31429			scaffold2349
GCF_002021735.2	Primary Assembly	Un			MPKV02002743.1	Chromosome		NW_022264295.1	unplaced-scaffold	31407			scaffold2350
GCF_002021735.2	Primary Assembly	Un			MPKV02002744.1	Chromosome		NW_022264296.1	unplaced-scaffold	31340			scaffold2351
GCF_002021735.2	Primary Assembly	Un			MPKV02002745.1	Chromosome		NW_022264297.1	unplaced-scaffold	31301			scaffold2352
GCF_002021735.2	Primary Assembly	Un			MPKV02002746.1	Chromosome		NW_022264298.1	unplaced-scaffold	31278			scaffold2353
GCF_002021735.2	Primary Assembly	Un			MPKV02002747.1	Chromosome		NW_022264299.1	unplaced-scaffold	31270			scaffold2354
GCF_002021735.2	Primary Assembly	Un			MPKV02002748.1	Chromosome		NW_022264300.1	unplaced-scaffold	31253			scaffold2355
GCF_002021735.2	Primary Assembly	Un			MPKV02002749.1	Chromosome		NW_022264301.1	unplaced-scaffold	31219			scaffold2356
GCF_002021735.2	Primary Assembly	Un			MPKV02002750.1	Chromosome		NW_022264302.1	unplaced-scaffold	31195			scaffold2357
GCF_002021735.2	Primary Assembly	Un			MPKV02002751.1	Chromosome		NW_022264303.1	unplaced-scaffold	31214			scaffold2358
GCF_002021735.2	Primary Assembly	Un			MPKV02002752.1	Chromosome		NW_022264304.1	unplaced-scaffold	31213			scaffold2359
GCF_002021735.2	Primary Assembly	Un			MPKV02002753.1	Chromosome		NW_022264305.1	unplaced-scaffold	31172			scaffold2360
GCF_002021735.2	Primary Assembly	Un			MPKV02002754.1	Chromosome		NW_022264306.1	unplaced-scaffold	31184			scaffold2361
GCF_002021735.2	Primary Assembly	Un			MPKV02002755.1	Chromosome		NW_022264307.1	unplaced-scaffold	31137			scaffold2362
GCF_002021735.2	Primary Assembly	Un			MPKV02002756.1	Chromosome		NW_022264308.1	unplaced-scaffold	31100			scaffold2363
GCF_002021735.2	Primary Assembly	Un			MPKV02002757.1	Chromosome		NW_022264309.1	unplaced-scaffold	31114			scaffold2364
GCF_002021735.2	Primary Assembly	Un			MPKV02002758.1	Chromosome		NW_022264310.1	unplaced-scaffold	31105			scaffold2365
GCF_002021735.2	Primary Assembly	Un			MPKV02002759.1	Chromosome		NW_022264311.1	unplaced-scaffold	31096			scaffold2366
GCF_002021735.2	Primary Assembly	Un			MPKV02002760.1	Chromosome		NW_022264312.1	unplaced-scaffold	31046			scaffold2367
GCF_002021735.2	Primary Assembly	Un			MPKV02002761.1	Chromosome		NW_022264313.1	unplaced-scaffold	148101			scaffold2368
GCF_002021735.2	Primary Assembly	Un			MPKV02002762.1	Chromosome		NW_022264314.1	unplaced-scaffold	5000			scaffold2369
GCF_002021735.2	Primary Assembly	Un			MPKV02002763.1	Chromosome		NW_022264315.1	unplaced-scaffold	31067			scaffold2370
GCF_002021735.2	Primary Assembly	Un			MPKV02002764.1	Chromosome		NW_022264316.1	unplaced-scaffold	31120			scaffold2371
GCF_002021735.2	Primary Assembly	Un			MPKV02002765.1	Chromosome		NW_022264317.1	unplaced-scaffold	31125			scaffold2372
GCF_002021735.2	Primary Assembly	Un			MPKV02002766.1	Chromosome		NW_022264318.1	unplaced-scaffold	31113			scaffold2373
GCF_002021735.2	Primary Assembly	Un			MPKV02002767.1	Chromosome		NW_022264319.1	unplaced-scaffold	31054			scaffold2374
GCF_002021735.2	Primary Assembly	Un			MPKV02002768.1	Chromosome		NW_022264320.1	unplaced-scaffold	31009			scaffold2375
GCF_002021735.2	Primary Assembly	Un			MPKV02002769.1	Chromosome		NW_022264321.1	unplaced-scaffold	30976			scaffold2376
GCF_002021735.2	Primary Assembly	Un			MPKV02002770.1	Chromosome		NW_022264322.1	unplaced-scaffold	30937			scaffold2377
GCF_002021735.2	Primary Assembly	Un			MPKV02002771.1	Chromosome		NW_022264323.1	unplaced-scaffold	30927			scaffold2378
GCF_002021735.2	Primary Assembly	Un			MPKV02002772.1	Chromosome		NW_022264324.1	unplaced-scaffold	30933			scaffold2379
GCF_002021735.2	Primary Assembly	Un			MPKV02002773.1	Chromosome		NW_022264325.1	unplaced-scaffold	30847			scaffold2380
GCF_002021735.2	Primary Assembly	Un			MPKV02002774.1	Chromosome		NW_022264326.1	unplaced-scaffold	30850			scaffold2381
GCF_002021735.2	Primary Assembly	Un			MPKV02002775.1	Chromosome		NW_022264327.1	unplaced-scaffold	30845			scaffold2382
GCF_002021735.2	Primary Assembly	Un			MPKV02002776.1	Chromosome		NW_022264328.1	unplaced-scaffold	30850			scaffold2383
GCF_002021735.2	Primary Assembly	Un			MPKV02002777.1	Chromosome		NW_022264329.1	unplaced-scaffold	30784			scaffold2384
GCF_002021735.2	Primary Assembly	Un			MPKV02002778.1	Chromosome		NW_022264330.1	unplaced-scaffold	30824			scaffold2385
GCF_002021735.2	Primary Assembly	Un			MPKV02002779.1	Chromosome		NW_022264331.1	unplaced-scaffold	30563			scaffold2386
GCF_002021735.2	Primary Assembly	Un			MPKV02002780.1	Chromosome		NW_022264332.1	unplaced-scaffold	30750			scaffold2387
GCF_002021735.2	Primary Assembly	Un			MPKV02002781.1	Chromosome		NW_022264333.1	unplaced-scaffold	30746			scaffold2388
GCF_002021735.2	Primary Assembly	Un			MPKV02002782.1	Chromosome		NW_022264334.1	unplaced-scaffold	30741			scaffold2389
GCF_002021735.2	Primary Assembly	Un			MPKV02002783.1	Chromosome		NW_022264335.1	unplaced-scaffold	30649			scaffold2390
GCF_002021735.2	Primary Assembly	Un			MPKV02002784.1	Chromosome		NW_022264336.1	unplaced-scaffold	30680			scaffold2391
GCF_002021735.2	Primary Assembly	Un			MPKV02002785.1	Chromosome		NW_022264337.1	unplaced-scaffold	30678			scaffold2392
GCF_002021735.2	Primary Assembly	Un			MPKV02002786.1	Chromosome		NW_022264338.1	unplaced-scaffold	30638			scaffold2393
GCF_002021735.2	Primary Assembly	Un			MPKV02002787.1	Chromosome		NW_022264339.1	unplaced-scaffold	30637			scaffold2394
GCF_002021735.2	Primary Assembly	Un			MPKV02002788.1	Chromosome		NW_022264340.1	unplaced-scaffold	30615			scaffold2395
GCF_002021735.2	Primary Assembly	Un			MPKV02002789.1	Chromosome		NW_022264341.1	unplaced-scaffold	30597			scaffold2396
GCF_002021735.2	Primary Assembly	Un			MPKV02002790.1	Chromosome		NW_022264342.1	unplaced-scaffold	30671			scaffold2397
GCF_002021735.2	Primary Assembly	Un			MPKV02002791.1	Chromosome		NW_022264343.1	unplaced-scaffold	30605			scaffold2398
GCF_002021735.2	Primary Assembly	Un			MPKV02002792.1	Chromosome		NW_022264344.1	unplaced-scaffold	30575			scaffold2399
GCF_002021735.2	Primary Assembly	Un			MPKV02002793.1	Chromosome		NW_022264345.1	unplaced-scaffold	30558			scaffold2400
GCF_002021735.2	Primary Assembly	Un			MPKV02002794.1	Chromosome		NW_022264346.1	unplaced-scaffold	30563			scaffold2401
GCF_002021735.2	Primary Assembly	Un			MPKV02002795.1	Chromosome		NW_022264347.1	unplaced-scaffold	30596			scaffold2402
GCF_002021735.2	Primary Assembly	Un			MPKV02002796.1	Chromosome		NW_022264348.1	unplaced-scaffold	30502			scaffold2403
GCF_002021735.2	Primary Assembly	Un			MPKV02002797.1	Chromosome		NW_022264349.1	unplaced-scaffold	30645			scaffold2404
GCF_002021735.2	Primary Assembly	Un			MPKV02002798.1	Chromosome		NW_022264350.1	unplaced-scaffold	30454			scaffold2405
GCF_002021735.2	Primary Assembly	Un			MPKV02002799.1	Chromosome		NW_022264351.1	unplaced-scaffold	30462			scaffold2406
GCF_002021735.2	Primary Assembly	Un			MPKV02002800.1	Chromosome		NW_022264352.1	unplaced-scaffold	30164			scaffold2407
GCF_002021735.2	Primary Assembly	Un			MPKV02002801.1	Chromosome		NW_022264353.1	unplaced-scaffold	30427			scaffold2408
GCF_002021735.2	Primary Assembly	Un			MPKV02002802.1	Chromosome		NW_022264354.1	unplaced-scaffold	30432			scaffold2409
GCF_002021735.2	Primary Assembly	Un			MPKV02002803.1	Chromosome		NW_022264355.1	unplaced-scaffold	30439			scaffold2410
GCF_002021735.2	Primary Assembly	Un			MPKV02002804.1	Chromosome		NW_022264356.1	unplaced-scaffold	30416			scaffold2411
GCF_002021735.2	Primary Assembly	Un			MPKV02002805.1	Chromosome		NW_022264357.1	unplaced-scaffold	30416			scaffold2412
GCF_002021735.2	Primary Assembly	Un			MPKV02002806.1	Chromosome		NW_022264358.1	unplaced-scaffold	30426			scaffold2413
GCF_002021735.2	Primary Assembly	Un			MPKV02002807.1	Chromosome		NW_022264359.1	unplaced-scaffold	30412			scaffold2414
GCF_002021735.2	Primary Assembly	Un			MPKV02002808.1	Chromosome		NW_022264360.1	unplaced-scaffold	30496			scaffold2415
GCF_002021735.2	Primary Assembly	Un			MPKV02002809.1	Chromosome		NW_022264361.1	unplaced-scaffold	30355			scaffold2416
GCF_002021735.2	Primary Assembly	Un			MPKV02002810.1	Chromosome		NW_022264362.1	unplaced-scaffold	30365			scaffold2417
GCF_002021735.2	Primary Assembly	Un			MPKV02002811.1	Chromosome		NW_022264363.1	unplaced-scaffold	47663			scaffold2418
GCF_002021735.2	Primary Assembly	Un			MPKV02002812.1	Chromosome		NW_022264364.1	unplaced-scaffold	30351			scaffold2419
GCF_002021735.2	Primary Assembly	Un			MPKV02002813.1	Chromosome		NW_022264365.1	unplaced-scaffold	30372			scaffold2420
GCF_002021735.2	Primary Assembly	Un			MPKV02002814.1	Chromosome		NW_022264366.1	unplaced-scaffold	30291			scaffold2421
GCF_002021735.2	Primary Assembly	Un			MPKV02002815.1	Chromosome		NW_022264367.1	unplaced-scaffold	30461			scaffold2422
GCF_002021735.2	Primary Assembly	Un			MPKV02002816.1	Chromosome		NW_022264368.1	unplaced-scaffold	30286			scaffold2423
GCF_002021735.2	Primary Assembly	Un			MPKV02002817.1	Chromosome		NW_022264369.1	unplaced-scaffold	30406			scaffold2424
GCF_002021735.2	Primary Assembly	Un			MPKV02002818.1	Chromosome		NW_022264370.1	unplaced-scaffold	30289			scaffold2425
GCF_002021735.2	Primary Assembly	Un			MPKV02002819.1	Chromosome		NW_022264371.1	unplaced-scaffold	30244			scaffold2426
GCF_002021735.2	Primary Assembly	Un			MPKV02002820.1	Chromosome		NW_022264372.1	unplaced-scaffold	30251			scaffold2427
GCF_002021735.2	Primary Assembly	Un			MPKV02002821.1	Chromosome		NW_022264373.1	unplaced-scaffold	30221			scaffold2428
GCF_002021735.2	Primary Assembly	Un			MPKV02002822.1	Chromosome		NW_022264374.1	unplaced-scaffold	30277			scaffold2429
GCF_002021735.2	Primary Assembly	Un			MPKV02002823.1	Chromosome		NW_022264375.1	unplaced-scaffold	30224			scaffold2430
GCF_002021735.2	Primary Assembly	Un			MPKV02002824.1	Chromosome		NW_022264376.1	unplaced-scaffold	30172			scaffold2431
GCF_002021735.2	Primary Assembly	Un			MPKV02002825.1	Chromosome		NW_022264377.1	unplaced-scaffold	30112			scaffold2432
GCF_002021735.2	Primary Assembly	Un			MPKV02002826.1	Chromosome		NW_022264378.1	unplaced-scaffold	30098			scaffold2433
GCF_002021735.2	Primary Assembly	Un			MPKV02002827.1	Chromosome		NW_022264379.1	unplaced-scaffold	30088			scaffold2434
GCF_002021735.2	Primary Assembly	Un			MPKV02002828.1	Chromosome		NW_022264380.1	unplaced-scaffold	30063			scaffold2435
GCF_002021735.2	Primary Assembly	Un			MPKV02002829.1	Chromosome		NW_022264381.1	unplaced-scaffold	30026			scaffold2436
GCF_002021735.2	Primary Assembly	Un			MPKV02002830.1	Chromosome		NW_022264382.1	unplaced-scaffold	30062			scaffold2437
GCF_002021735.2	Primary Assembly	Un			MPKV02002831.1	Chromosome		NW_022264383.1	unplaced-scaffold	30034			scaffold2438
GCF_002021735.2	Primary Assembly	Un			MPKV02002832.1	Chromosome		NW_022264384.1	unplaced-scaffold	30068			scaffold2439
GCF_002021735.2	Primary Assembly	Un			MPKV02002833.1	Chromosome		NW_022264385.1	unplaced-scaffold	30058			scaffold2440
GCF_002021735.2	Primary Assembly	Un			MPKV02002834.1	Chromosome		NW_022264386.1	unplaced-scaffold	29961			scaffold2441
GCF_002021735.2	Primary Assembly	Un			MPKV02002835.1	Chromosome		NW_022264387.1	unplaced-scaffold	862743			scaffold2442
GCF_002021735.2	Primary Assembly	Un			MPKV02002836.1	Chromosome		NW_022264388.1	unplaced-scaffold	29978			scaffold2443
GCF_002021735.2	Primary Assembly	Un			MPKV02002837.1	Chromosome		NW_022264389.1	unplaced-scaffold	29936			scaffold2444
GCF_002021735.2	Primary Assembly	Un			MPKV02002838.1	Chromosome		NW_022264390.1	unplaced-scaffold	30003			scaffold2445
GCF_002021735.2	Primary Assembly	Un			MPKV02002839.1	Chromosome		NW_022264391.1	unplaced-scaffold	30102			scaffold2446
GCF_002021735.2	Primary Assembly	Un			MPKV02002840.1	Chromosome		NW_022264392.1	unplaced-scaffold	29871			scaffold2447
GCF_002021735.2	Primary Assembly	Un			MPKV02002841.1	Chromosome		NW_022264393.1	unplaced-scaffold	29796			scaffold2448
GCF_002021735.2	Primary Assembly	Un			MPKV02002842.1	Chromosome		NW_022264394.1	unplaced-scaffold	29735			scaffold2449
GCF_002021735.2	Primary Assembly	Un			MPKV02002843.1	Chromosome		NW_022264395.1	unplaced-scaffold	29819			scaffold2450
GCF_002021735.2	Primary Assembly	Un			MPKV02002844.1	Chromosome		NW_022264396.1	unplaced-scaffold	29749			scaffold2451
GCF_002021735.2	Primary Assembly	Un			MPKV02002845.1	Chromosome		NW_022264397.1	unplaced-scaffold	29761			scaffold2452
GCF_002021735.2	Primary Assembly	Un			MPKV02002846.1	Chromosome		NW_022264398.1	unplaced-scaffold	29754			scaffold2453
GCF_002021735.2	Primary Assembly	Un			MPKV02002847.1	Chromosome		NW_022264399.1	unplaced-scaffold	29741			scaffold2454
GCF_002021735.2	Primary Assembly	Un			MPKV02002848.1	Chromosome		NW_022264400.1	unplaced-scaffold	29542			scaffold2455
GCF_002021735.2	Primary Assembly	Un			MPKV02002849.1	Chromosome		NW_022264401.1	unplaced-scaffold	29737			scaffold2456
GCF_002021735.2	Primary Assembly	Un			MPKV02002850.1	Chromosome		NW_022264402.1	unplaced-scaffold	29718			scaffold2457
GCF_002021735.2	Primary Assembly	Un			MPKV02002851.1	Chromosome		NW_022264403.1	unplaced-scaffold	29706			scaffold2458
GCF_002021735.2	Primary Assembly	Un			MPKV02002852.1	Chromosome		NW_022264404.1	unplaced-scaffold	29717			scaffold2459
GCF_002021735.2	Primary Assembly	Un			MPKV02002853.1	Chromosome		NW_022264405.1	unplaced-scaffold	29703			scaffold2460
GCF_002021735.2	Primary Assembly	Un			MPKV02002854.1	Chromosome		NW_022264406.1	unplaced-scaffold	29708			scaffold2461
GCF_002021735.2	Primary Assembly	Un			MPKV02002855.1	Chromosome		NW_022264407.1	unplaced-scaffold	29706			scaffold2462
GCF_002021735.2	Primary Assembly	Un			MPKV02002856.1	Chromosome		NW_022264408.1	unplaced-scaffold	29689			scaffold2463
GCF_002021735.2	Primary Assembly	Un			MPKV02002857.1	Chromosome		NW_022264409.1	unplaced-scaffold	29682			scaffold2464
GCF_002021735.2	Primary Assembly	Un			MPKV02002858.1	Chromosome		NW_022264410.1	unplaced-scaffold	29706			scaffold2465
GCF_002021735.2	Primary Assembly	Un			MPKV02002859.1	Chromosome		NW_022264411.1	unplaced-scaffold	29645			scaffold2466
GCF_002021735.2	Primary Assembly	Un			MPKV02002860.1	Chromosome		NW_022264412.1	unplaced-scaffold	29635			scaffold2467
GCF_002021735.2	Primary Assembly	Un			MPKV02002861.1	Chromosome		NW_022264413.1	unplaced-scaffold	29795			scaffold2468
GCF_002021735.2	Primary Assembly	Un			MPKV02002862.1	Chromosome		NW_022264414.1	unplaced-scaffold	29632			scaffold2469
GCF_002021735.2	Primary Assembly	Un			MPKV02002863.1	Chromosome		NW_022264415.1	unplaced-scaffold	29666			scaffold2470
GCF_002021735.2	Primary Assembly	Un			MPKV02002864.1	Chromosome		NW_022264416.1	unplaced-scaffold	29628			scaffold2471
GCF_002021735.2	Primary Assembly	Un			MPKV02002865.1	Chromosome		NW_022264417.1	unplaced-scaffold	29605			scaffold2472
GCF_002021735.2	Primary Assembly	Un			MPKV02002866.1	Chromosome		NW_022264418.1	unplaced-scaffold	29539			scaffold2473
GCF_002021735.2	Primary Assembly	Un			MPKV02002867.1	Chromosome		NW_022264419.1	unplaced-scaffold	29575			scaffold2474
GCF_002021735.2	Primary Assembly	Un			MPKV02002868.1	Chromosome		NW_022264420.1	unplaced-scaffold	29525			scaffold2475
GCF_002021735.2	Primary Assembly	Un			MPKV02002869.1	Chromosome		NW_022264421.1	unplaced-scaffold	29543			scaffold2476
GCF_002021735.2	Primary Assembly	Un			MPKV02002870.1	Chromosome		NW_022264422.1	unplaced-scaffold	29475			scaffold2477
GCF_002021735.2	Primary Assembly	Un			MPKV02002871.1	Chromosome		NW_022264423.1	unplaced-scaffold	29449			scaffold2478
GCF_002021735.2	Primary Assembly	Un			MPKV02002872.1	Chromosome		NW_022264424.1	unplaced-scaffold	29454			scaffold2479
GCF_002021735.2	Primary Assembly	Un			MPKV02002873.1	Chromosome		NW_022264425.1	unplaced-scaffold	29406			scaffold2480
GCF_002021735.2	Primary Assembly	Un			MPKV02002874.1	Chromosome		NW_022264426.1	unplaced-scaffold	29376			scaffold2481
GCF_002021735.2	Primary Assembly	Un			MPKV02002875.1	Chromosome		NW_022264427.1	unplaced-scaffold	29353			scaffold2482
GCF_002021735.2	Primary Assembly	Un			MPKV02002876.1	Chromosome		NW_022264428.1	unplaced-scaffold	29328			scaffold2483
GCF_002021735.2	Primary Assembly	Un			MPKV02002877.1	Chromosome		NW_022264429.1	unplaced-scaffold	29321			scaffold2484
GCF_002021735.2	Primary Assembly	Un			MPKV02002878.1	Chromosome		NW_022264430.1	unplaced-scaffold	29287			scaffold2485
GCF_002021735.2	Primary Assembly	Un			MPKV02002879.1	Chromosome		NW_022264431.1	unplaced-scaffold	29286			scaffold2486
GCF_002021735.2	Primary Assembly	Un			MPKV02002880.1	Chromosome		NW_022264432.1	unplaced-scaffold	29264			scaffold2487
GCF_002021735.2	Primary Assembly	Un			MPKV02002881.1	Chromosome		NW_022264433.1	unplaced-scaffold	29243			scaffold2488
GCF_002021735.2	Primary Assembly	Un			MPKV02002882.1	Chromosome		NW_022264434.1	unplaced-scaffold	29242			scaffold2489
GCF_002021735.2	Primary Assembly	Un			MPKV02002883.1	Chromosome		NW_022264435.1	unplaced-scaffold	29232			scaffold2490
GCF_002021735.2	Primary Assembly	Un			MPKV02002884.1	Chromosome		NW_022264436.1	unplaced-scaffold	29272			scaffold2491
GCF_002021735.2	Primary Assembly	Un			MPKV02002885.1	Chromosome		NW_022264437.1	unplaced-scaffold	29186			scaffold2492
GCF_002021735.2	Primary Assembly	Un			MPKV02002886.1	Chromosome		NW_022264438.1	unplaced-scaffold	29175			scaffold2493
GCF_002021735.2	Primary Assembly	Un			MPKV02002887.1	Chromosome		NW_022264439.1	unplaced-scaffold	29191			scaffold2494
GCF_002021735.2	Primary Assembly	Un			MPKV02002888.1	Chromosome		NW_022264440.1	unplaced-scaffold	29182			scaffold2495
GCF_002021735.2	Primary Assembly	Un			MPKV02002889.1	Chromosome		NW_022264441.1	unplaced-scaffold	29181			scaffold2496
GCF_002021735.2	Primary Assembly	Un			MPKV02002890.1	Chromosome		NW_022264442.1	unplaced-scaffold	29158			scaffold2497
GCF_002021735.2	Primary Assembly	Un			MPKV02002891.1	Chromosome		NW_022264443.1	unplaced-scaffold	29091			scaffold2498
GCF_002021735.2	Primary Assembly	Un			MPKV02002892.1	Chromosome		NW_022264444.1	unplaced-scaffold	29077			scaffold2499
GCF_002021735.2	Primary Assembly	Un			MPKV02002893.1	Chromosome		NW_022264445.1	unplaced-scaffold	29070			scaffold2500
GCF_002021735.2	Primary Assembly	Un			MPKV02002894.1	Chromosome		NW_022264446.1	unplaced-scaffold	29066			scaffold2501
GCF_002021735.2	Primary Assembly	Un			MPKV02002895.1	Chromosome		NW_022264447.1	unplaced-scaffold	29052			scaffold2502
GCF_002021735.2	Primary Assembly	Un			MPKV02002896.1	Chromosome		NW_022264448.1	unplaced-scaffold	28988			scaffold2503
GCF_002021735.2	Primary Assembly	Un			MPKV02002897.1	Chromosome		NW_022264449.1	unplaced-scaffold	29052			scaffold2504
GCF_002021735.2	Primary Assembly	Un			MPKV02002898.1	Chromosome		NW_022264450.1	unplaced-scaffold	29045			scaffold2505
GCF_002021735.2	Primary Assembly	Un			MPKV02002899.1	Chromosome		NW_022264451.1	unplaced-scaffold	29010			scaffold2506
GCF_002021735.2	Primary Assembly	Un			MPKV02002900.1	Chromosome		NW_022264452.1	unplaced-scaffold	28887			scaffold2507
GCF_002021735.2	Primary Assembly	Un			MPKV02002901.1	Chromosome		NW_022264453.1	unplaced-scaffold	28886			scaffold2508
GCF_002021735.2	Primary Assembly	Un			MPKV02002902.1	Chromosome		NW_022264454.1	unplaced-scaffold	28858			scaffold2509
GCF_002021735.2	Primary Assembly	Un			MPKV02002903.1	Chromosome		NW_022264455.1	unplaced-scaffold	28855			scaffold2510
GCF_002021735.2	Primary Assembly	Un			MPKV02002904.1	Chromosome		NW_022264456.1	unplaced-scaffold	28816			scaffold2511
GCF_002021735.2	Primary Assembly	Un			MPKV02002905.1	Chromosome		NW_022264457.1	unplaced-scaffold	28727			scaffold2512
GCF_002021735.2	Primary Assembly	Un			MPKV02002906.1	Chromosome		NW_022264458.1	unplaced-scaffold	28838			scaffold2513
GCF_002021735.2	Primary Assembly	Un			MPKV02002907.1	Chromosome		NW_022264459.1	unplaced-scaffold	28804			scaffold2514
GCF_002021735.2	Primary Assembly	Un			MPKV02002908.1	Chromosome		NW_022264460.1	unplaced-scaffold	28891			scaffold2515
GCF_002021735.2	Primary Assembly	Un			MPKV02002909.1	Chromosome		NW_022264461.1	unplaced-scaffold	28738			scaffold2516
GCF_002021735.2	Primary Assembly	Un			MPKV02002910.1	Chromosome		NW_022264462.1	unplaced-scaffold	28724			scaffold2517
GCF_002021735.2	Primary Assembly	Un			MPKV02002911.1	Chromosome		NW_022264463.1	unplaced-scaffold	28748			scaffold2518
GCF_002021735.2	Primary Assembly	Un			MPKV02002912.1	Chromosome		NW_022264464.1	unplaced-scaffold	28712			scaffold2519
GCF_002021735.2	Primary Assembly	Un			MPKV02002913.1	Chromosome		NW_022264465.1	unplaced-scaffold	28735			scaffold2520
GCF_002021735.2	Primary Assembly	Un			MPKV02002914.1	Chromosome		NW_022264466.1	unplaced-scaffold	28736			scaffold2521
GCF_002021735.2	Primary Assembly	Un			MPKV02002915.1	Chromosome		NW_022264467.1	unplaced-scaffold	28700			scaffold2522
GCF_002021735.2	Primary Assembly	Un			MPKV02002916.1	Chromosome		NW_022264468.1	unplaced-scaffold	28676			scaffold2523
GCF_002021735.2	Primary Assembly	Un			MPKV02002917.1	Chromosome		NW_022264469.1	unplaced-scaffold	28651			scaffold2524
GCF_002021735.2	Primary Assembly	Un			MPKV02002918.1	Chromosome		NW_022264470.1	unplaced-scaffold	28698			scaffold2525
GCF_002021735.2	Primary Assembly	Un			MPKV02002919.1	Chromosome		NW_022264471.1	unplaced-scaffold	28647			scaffold2526
GCF_002021735.2	Primary Assembly	Un			MPKV02002920.1	Chromosome		NW_022264472.1	unplaced-scaffold	28638			scaffold2527
GCF_002021735.2	Primary Assembly	Un			MPKV02002921.1	Chromosome		NW_022264473.1	unplaced-scaffold	28611			scaffold2528
GCF_002021735.2	Primary Assembly	Un			MPKV02002922.1	Chromosome		NW_022264474.1	unplaced-scaffold	28603			scaffold2529
GCF_002021735.2	Primary Assembly	Un			MPKV02002923.1	Chromosome		NW_022264475.1	unplaced-scaffold	28599			scaffold2530
GCF_002021735.2	Primary Assembly	Un			MPKV02002924.1	Chromosome		NW_022264476.1	unplaced-scaffold	28612			scaffold2531
GCF_002021735.2	Primary Assembly	Un			MPKV02002925.1	Chromosome		NW_022264477.1	unplaced-scaffold	28585			scaffold2532
GCF_002021735.2	Primary Assembly	Un			MPKV02002926.1	Chromosome		NW_022264478.1	unplaced-scaffold	28514			scaffold2533
GCF_002021735.2	Primary Assembly	Un			MPKV02002927.1	Chromosome		NW_022264479.1	unplaced-scaffold	28519			scaffold2534
GCF_002021735.2	Primary Assembly	Un			MPKV02002928.1	Chromosome		NW_022264480.1	unplaced-scaffold	28496			scaffold2535
GCF_002021735.2	Primary Assembly	Un			MPKV02002929.1	Chromosome		NW_022264481.1	unplaced-scaffold	28482			scaffold2536
GCF_002021735.2	Primary Assembly	Un			MPKV02002930.1	Chromosome		NW_022264482.1	unplaced-scaffold	28484			scaffold2537
GCF_002021735.2	Primary Assembly	Un			MPKV02002931.1	Chromosome		NW_022264483.1	unplaced-scaffold	28436			scaffold2538
GCF_002021735.2	Primary Assembly	Un			MPKV02002932.1	Chromosome		NW_022264484.1	unplaced-scaffold	28444			scaffold2539
GCF_002021735.2	Primary Assembly	Un			MPKV02002933.1	Chromosome		NW_022264485.1	unplaced-scaffold	28363			scaffold2540
GCF_002021735.2	Primary Assembly	Un			MPKV02002934.1	Chromosome		NW_022264486.1	unplaced-scaffold	28412			scaffold2541
GCF_002021735.2	Primary Assembly	Un			MPKV02002935.1	Chromosome		NW_022264487.1	unplaced-scaffold	28369			scaffold2542
GCF_002021735.2	Primary Assembly	Un			MPKV02002936.1	Chromosome		NW_022264488.1	unplaced-scaffold	28338			scaffold2543
GCF_002021735.2	Primary Assembly	Un			MPKV02002937.1	Chromosome		NW_022264489.1	unplaced-scaffold	28239			scaffold2544
GCF_002021735.2	Primary Assembly	Un			MPKV02002938.1	Chromosome		NW_022264490.1	unplaced-scaffold	28318			scaffold2545
GCF_002021735.2	Primary Assembly	Un			MPKV02002939.1	Chromosome		NW_022264491.1	unplaced-scaffold	28261			scaffold2546
GCF_002021735.2	Primary Assembly	Un			MPKV02002940.1	Chromosome		NW_022264492.1	unplaced-scaffold	28255			scaffold2547
GCF_002021735.2	Primary Assembly	Un			MPKV02002941.1	Chromosome		NW_022264493.1	unplaced-scaffold	28281			scaffold2548
GCF_002021735.2	Primary Assembly	Un			MPKV02002942.1	Chromosome		NW_022264494.1	unplaced-scaffold	28257			scaffold2549
GCF_002021735.2	Primary Assembly	Un			MPKV02002943.1	Chromosome		NW_022264495.1	unplaced-scaffold	28218			scaffold2550
GCF_002021735.2	Primary Assembly	Un			MPKV02002944.1	Chromosome		NW_022264496.1	unplaced-scaffold	28141			scaffold2551
GCF_002021735.2	Primary Assembly	Un			MPKV02002945.1	Chromosome		NW_022264497.1	unplaced-scaffold	28172			scaffold2552
GCF_002021735.2	Primary Assembly	Un			MPKV02002946.1	Chromosome		NW_022264498.1	unplaced-scaffold	28174			scaffold2553
GCF_002021735.2	Primary Assembly	Un			MPKV02002947.1	Chromosome		NW_022264499.1	unplaced-scaffold	28181			scaffold2554
GCF_002021735.2	Primary Assembly	Un			MPKV02002948.1	Chromosome		NW_022264500.1	unplaced-scaffold	28216			scaffold2555
GCF_002021735.2	Primary Assembly	Un			MPKV02002949.1	Chromosome		NW_022264501.1	unplaced-scaffold	28095			scaffold2556
GCF_002021735.2	Primary Assembly	Un			MPKV02002950.1	Chromosome		NW_022264502.1	unplaced-scaffold	28066			scaffold2557
GCF_002021735.2	Primary Assembly	Un			MPKV02002951.1	Chromosome		NW_022264503.1	unplaced-scaffold	28064			scaffold2558
GCF_002021735.2	Primary Assembly	Un			MPKV02002952.1	Chromosome		NW_022264504.1	unplaced-scaffold	28055			scaffold2559
GCF_002021735.2	Primary Assembly	Un			MPKV02002953.1	Chromosome		NW_022264505.1	unplaced-scaffold	28048			scaffold2560
GCF_002021735.2	Primary Assembly	Un			MPKV02002954.1	Chromosome		NW_022264506.1	unplaced-scaffold	28025			scaffold2561
GCF_002021735.2	Primary Assembly	Un			MPKV02002955.1	Chromosome		NW_022264507.1	unplaced-scaffold	27926			scaffold2562
GCF_002021735.2	Primary Assembly	Un			MPKV02002956.1	Chromosome		NW_022264508.1	unplaced-scaffold	27961			scaffold2563
GCF_002021735.2	Primary Assembly	Un			MPKV02002957.1	Chromosome		NW_022264509.1	unplaced-scaffold	27958			scaffold2564
GCF_002021735.2	Primary Assembly	Un			MPKV02002958.1	Chromosome		NW_022264510.1	unplaced-scaffold	27944			scaffold2565
GCF_002021735.2	Primary Assembly	Un			MPKV02002959.1	Chromosome		NW_022264511.1	unplaced-scaffold	27894			scaffold2566
GCF_002021735.2	Primary Assembly	Un			MPKV02002960.1	Chromosome		NW_022264512.1	unplaced-scaffold	27887			scaffold2567
GCF_002021735.2	Primary Assembly	Un			MPKV02002961.1	Chromosome		NW_022264513.1	unplaced-scaffold	27849			scaffold2568
GCF_002021735.2	Primary Assembly	Un			MPKV02002962.1	Chromosome		NW_022264514.1	unplaced-scaffold	27876			scaffold2569
GCF_002021735.2	Primary Assembly	Un			MPKV02002963.1	Chromosome		NW_022264515.1	unplaced-scaffold	27890			scaffold2570
GCF_002021735.2	Primary Assembly	Un			MPKV02002964.1	Chromosome		NW_022264516.1	unplaced-scaffold	27819			scaffold2571
GCF_002021735.2	Primary Assembly	Un			MPKV02002965.1	Chromosome		NW_022264517.1	unplaced-scaffold	27770			scaffold2572
GCF_002021735.2	Primary Assembly	Un			MPKV02002966.1	Chromosome		NW_022264518.1	unplaced-scaffold	27699			scaffold2573
GCF_002021735.2	Primary Assembly	Un			MPKV02002967.1	Chromosome		NW_022264519.1	unplaced-scaffold	27517			scaffold2574
GCF_002021735.2	Primary Assembly	Un			MPKV02002968.1	Chromosome		NW_022264520.1	unplaced-scaffold	27658			scaffold2575
GCF_002021735.2	Primary Assembly	Un			MPKV02002969.1	Chromosome		NW_022264521.1	unplaced-scaffold	27584			scaffold2576
GCF_002021735.2	Primary Assembly	Un			MPKV02002970.1	Chromosome		NW_022264522.1	unplaced-scaffold	27603			scaffold2577
GCF_002021735.2	Primary Assembly	Un			MPKV02002971.1	Chromosome		NW_022264523.1	unplaced-scaffold	27620			scaffold2578
GCF_002021735.2	Primary Assembly	Un			MPKV02002972.1	Chromosome		NW_022264524.1	unplaced-scaffold	27522			scaffold2579
GCF_002021735.2	Primary Assembly	Un			MPKV02002973.1	Chromosome		NW_022264525.1	unplaced-scaffold	27606			scaffold2580
GCF_002021735.2	Primary Assembly	Un			MPKV02002974.1	Chromosome		NW_022264526.1	unplaced-scaffold	27669			scaffold2581
GCF_002021735.2	Primary Assembly	Un			MPKV02002975.1	Chromosome		NW_022264527.1	unplaced-scaffold	27521			scaffold2582
GCF_002021735.2	Primary Assembly	Un			MPKV02002976.1	Chromosome		NW_022264528.1	unplaced-scaffold	27530			scaffold2583
GCF_002021735.2	Primary Assembly	Un			MPKV02002977.1	Chromosome		NW_022264529.1	unplaced-scaffold	27529			scaffold2584
GCF_002021735.2	Primary Assembly	Un			MPKV02002978.1	Chromosome		NW_022264530.1	unplaced-scaffold	27394			scaffold2585
GCF_002021735.2	Primary Assembly	Un			MPKV02002979.1	Chromosome		NW_022264531.1	unplaced-scaffold	27490			scaffold2586
GCF_002021735.2	Primary Assembly	Un			MPKV02002980.1	Chromosome		NW_022264532.1	unplaced-scaffold	27479			scaffold2587
GCF_002021735.2	Primary Assembly	Un			MPKV02002981.1	Chromosome		NW_022264533.1	unplaced-scaffold	27490			scaffold2588
GCF_002021735.2	Primary Assembly	Un			MPKV02002982.1	Chromosome		NW_022264534.1	unplaced-scaffold	27373			scaffold2589
GCF_002021735.2	Primary Assembly	Un			MPKV02002983.1	Chromosome		NW_022264535.1	unplaced-scaffold	27416			scaffold2590
GCF_002021735.2	Primary Assembly	Un			MPKV02002984.1	Chromosome		NW_022264536.1	unplaced-scaffold	27380			scaffold2591
GCF_002021735.2	Primary Assembly	Un			MPKV02002985.1	Chromosome		NW_022264537.1	unplaced-scaffold	27353			scaffold2592
GCF_002021735.2	Primary Assembly	Un			MPKV02002986.1	Chromosome		NW_022264538.1	unplaced-scaffold	27232			scaffold2593
GCF_002021735.2	Primary Assembly	Un			MPKV02002987.1	Chromosome		NW_022264539.1	unplaced-scaffold	27268			scaffold2594
GCF_002021735.2	Primary Assembly	Un			MPKV02002988.1	Chromosome		NW_022264540.1	unplaced-scaffold	27304			scaffold2595
GCF_002021735.2	Primary Assembly	Un			MPKV02002989.1	Chromosome		NW_022264541.1	unplaced-scaffold	27270			scaffold2596
GCF_002021735.2	Primary Assembly	Un			MPKV02002990.1	Chromosome		NW_022264542.1	unplaced-scaffold	27263			scaffold2597
GCF_002021735.2	Primary Assembly	Un			MPKV02002991.1	Chromosome		NW_022264543.1	unplaced-scaffold	27251			scaffold2598
GCF_002021735.2	Primary Assembly	Un			MPKV02002992.1	Chromosome		NW_022264544.1	unplaced-scaffold	27179			scaffold2599
GCF_002021735.2	Primary Assembly	Un			MPKV02002993.1	Chromosome		NW_022264545.1	unplaced-scaffold	27231			scaffold2600
GCF_002021735.2	Primary Assembly	Un			MPKV02002994.1	Chromosome		NW_022264546.1	unplaced-scaffold	27072			scaffold2601
GCF_002021735.2	Primary Assembly	Un			MPKV02002995.1	Chromosome		NW_022264547.1	unplaced-scaffold	27168			scaffold2602
GCF_002021735.2	Primary Assembly	Un			MPKV02002996.1	Chromosome		NW_022264548.1	unplaced-scaffold	27097			scaffold2603
GCF_002021735.2	Primary Assembly	Un			MPKV02002997.1	Chromosome		NW_022264549.1	unplaced-scaffold	27105			scaffold2604
GCF_002021735.2	Primary Assembly	Un			MPKV02002998.1	Chromosome		NW_022264550.1	unplaced-scaffold	27090			scaffold2605
GCF_002021735.2	Primary Assembly	Un			MPKV02002999.1	Chromosome		NW_022264551.1	unplaced-scaffold	27037			scaffold2606
GCF_002021735.2	Primary Assembly	Un			MPKV02003000.1	Chromosome		NW_022264552.1	unplaced-scaffold	27063			scaffold2607
GCF_002021735.2	Primary Assembly	Un			MPKV02003001.1	Chromosome		NW_022264553.1	unplaced-scaffold	27045			scaffold2608
GCF_002021735.2	Primary Assembly	Un			MPKV02003002.1	Chromosome		NW_022264554.1	unplaced-scaffold	26960			scaffold2609
GCF_002021735.2	Primary Assembly	Un			MPKV02003003.1	Chromosome		NW_022264555.1	unplaced-scaffold	26983			scaffold2610
GCF_002021735.2	Primary Assembly	Un			MPKV02003004.1	Chromosome		NW_022264556.1	unplaced-scaffold	26959			scaffold2611
GCF_002021735.2	Primary Assembly	Un			MPKV02003005.1	Chromosome		NW_022264557.1	unplaced-scaffold	26937			scaffold2612
GCF_002021735.2	Primary Assembly	Un			MPKV02003006.1	Chromosome		NW_022264558.1	unplaced-scaffold	27007			scaffold2613
GCF_002021735.2	Primary Assembly	Un			MPKV02003007.1	Chromosome		NW_022264559.1	unplaced-scaffold	26911			scaffold2614
GCF_002021735.2	Primary Assembly	Un			MPKV02003008.1	Chromosome		NW_022264560.1	unplaced-scaffold	26892			scaffold2615
GCF_002021735.2	Primary Assembly	Un			MPKV02003009.1	Chromosome		NW_022264561.1	unplaced-scaffold	26919			scaffold2616
GCF_002021735.2	Primary Assembly	Un			MPKV02003010.1	Chromosome		NW_022264562.1	unplaced-scaffold	26853			scaffold2617
GCF_002021735.2	Primary Assembly	Un			MPKV02003011.1	Chromosome		NW_022264563.1	unplaced-scaffold	26807			scaffold2618
GCF_002021735.2	Primary Assembly	Un			MPKV02003012.1	Chromosome		NW_022264564.1	unplaced-scaffold	26768			scaffold2619
GCF_002021735.2	Primary Assembly	Un			MPKV02003013.1	Chromosome		NW_022264565.1	unplaced-scaffold	26704			scaffold2620
GCF_002021735.2	Primary Assembly	Un			MPKV02003014.1	Chromosome		NW_022264566.1	unplaced-scaffold	26785			scaffold2621
GCF_002021735.2	Primary Assembly	Un			MPKV02003015.1	Chromosome		NW_022264567.1	unplaced-scaffold	26761			scaffold2622
GCF_002021735.2	Primary Assembly	Un			MPKV02003016.1	Chromosome		NW_022264568.1	unplaced-scaffold	26720			scaffold2623
GCF_002021735.2	Primary Assembly	Un			MPKV02003017.1	Chromosome		NW_022264569.1	unplaced-scaffold	26707			scaffold2624
GCF_002021735.2	Primary Assembly	Un			MPKV02003018.1	Chromosome		NW_022264570.1	unplaced-scaffold	26725			scaffold2625
GCF_002021735.2	Primary Assembly	Un			MPKV02003019.1	Chromosome		NW_022264571.1	unplaced-scaffold	26626			scaffold2626
GCF_002021735.2	Primary Assembly	Un			MPKV02003020.1	Chromosome		NW_022264572.1	unplaced-scaffold	26713			scaffold2627
GCF_002021735.2	Primary Assembly	Un			MPKV02003021.1	Chromosome		NW_022264573.1	unplaced-scaffold	26623			scaffold2628
GCF_002021735.2	Primary Assembly	Un			MPKV02003022.1	Chromosome		NW_022264574.1	unplaced-scaffold	26634			scaffold2629
GCF_002021735.2	Primary Assembly	Un			MPKV02003023.1	Chromosome		NW_022264575.1	unplaced-scaffold	26629			scaffold2630
GCF_002021735.2	Primary Assembly	Un			MPKV02003024.1	Chromosome		NW_022264576.1	unplaced-scaffold	26626			scaffold2631
GCF_002021735.2	Primary Assembly	Un			MPKV02003025.1	Chromosome		NW_022264577.1	unplaced-scaffold	26589			scaffold2632
GCF_002021735.2	Primary Assembly	Un			MPKV02003026.1	Chromosome		NW_022264578.1	unplaced-scaffold	26586			scaffold2633
GCF_002021735.2	Primary Assembly	Un			MPKV02003027.1	Chromosome		NW_022264579.1	unplaced-scaffold	25000			scaffold2634
GCF_002021735.2	Primary Assembly	Un			MPKV02003028.1	Chromosome		NW_022264580.1	unplaced-scaffold	26756			scaffold2635
GCF_002021735.2	Primary Assembly	Un			MPKV02003029.1	Chromosome		NW_022264581.1	unplaced-scaffold	26557			scaffold2636
GCF_002021735.2	Primary Assembly	Un			MPKV02003030.1	Chromosome		NW_022264582.1	unplaced-scaffold	26520			scaffold2637
GCF_002021735.2	Primary Assembly	Un			MPKV02003031.1	Chromosome		NW_022264583.1	unplaced-scaffold	26476			scaffold2638
GCF_002021735.2	Primary Assembly	Un			MPKV02003032.1	Chromosome		NW_022264584.1	unplaced-scaffold	26484			scaffold2639
GCF_002021735.2	Primary Assembly	Un			MPKV02003033.1	Chromosome		NW_022264585.1	unplaced-scaffold	26475			scaffold2640
GCF_002021735.2	Primary Assembly	Un			MPKV02003034.1	Chromosome		NW_022264586.1	unplaced-scaffold	26456			scaffold2641
GCF_002021735.2	Primary Assembly	Un			MPKV02003035.1	Chromosome		NW_022264587.1	unplaced-scaffold	26447			scaffold2642
GCF_002021735.2	Primary Assembly	Un			MPKV02003036.1	Chromosome		NW_022264588.1	unplaced-scaffold	26417			scaffold2643
GCF_002021735.2	Primary Assembly	Un			MPKV02003037.1	Chromosome		NW_022264589.1	unplaced-scaffold	26364			scaffold2644
GCF_002021735.2	Primary Assembly	Un			MPKV02003038.1	Chromosome		NW_022264590.1	unplaced-scaffold	26428			scaffold2645
GCF_002021735.2	Primary Assembly	Un			MPKV02003039.1	Chromosome		NW_022264591.1	unplaced-scaffold	26362			scaffold2646
GCF_002021735.2	Primary Assembly	Un			MPKV02003040.1	Chromosome		NW_022264592.1	unplaced-scaffold	26339			scaffold2647
GCF_002021735.2	Primary Assembly	Un			MPKV02003041.1	Chromosome		NW_022264593.1	unplaced-scaffold	26345			scaffold2648
GCF_002021735.2	Primary Assembly	Un			MPKV02003042.1	Chromosome		NW_022264594.1	unplaced-scaffold	26277			scaffold2649
GCF_002021735.2	Primary Assembly	Un			MPKV02003043.1	Chromosome		NW_022264595.1	unplaced-scaffold	26307			scaffold2650
GCF_002021735.2	Primary Assembly	Un			MPKV02003044.1	Chromosome		NW_022264596.1	unplaced-scaffold	26278			scaffold2651
GCF_002021735.2	Primary Assembly	Un			MPKV02003045.1	Chromosome		NW_022264597.1	unplaced-scaffold	26266			scaffold2652
GCF_002021735.2	Primary Assembly	Un			MPKV02003046.1	Chromosome		NW_022264598.1	unplaced-scaffold	26257			scaffold2653
GCF_002021735.2	Primary Assembly	Un			MPKV02003047.1	Chromosome		NW_022264599.1	unplaced-scaffold	26246			scaffold2654
GCF_002021735.2	Primary Assembly	Un			MPKV02003048.1	Chromosome		NW_022264600.1	unplaced-scaffold	26228			scaffold2655
GCF_002021735.2	Primary Assembly	Un			MPKV02003049.1	Chromosome		NW_022264601.1	unplaced-scaffold	26310			scaffold2656
GCF_002021735.2	Primary Assembly	Un			MPKV02003050.1	Chromosome		NW_022264602.1	unplaced-scaffold	26201			scaffold2657
GCF_002021735.2	Primary Assembly	Un			MPKV02003051.1	Chromosome		NW_022264603.1	unplaced-scaffold	26110			scaffold2658
GCF_002021735.2	Primary Assembly	Un			MPKV02003052.1	Chromosome		NW_022264604.1	unplaced-scaffold	26216			scaffold2659
GCF_002021735.2	Primary Assembly	Un			MPKV02003053.1	Chromosome		NW_022264605.1	unplaced-scaffold	26187			scaffold2660
GCF_002021735.2	Primary Assembly	Un			MPKV02003054.1	Chromosome		NW_022264606.1	unplaced-scaffold	26253			scaffold2661
GCF_002021735.2	Primary Assembly	Un			MPKV02003055.1	Chromosome		NW_022264607.1	unplaced-scaffold	26163			scaffold2662
GCF_002021735.2	Primary Assembly	Un			MPKV02003056.1	Chromosome		NW_022264608.1	unplaced-scaffold	26141			scaffold2663
GCF_002021735.2	Primary Assembly	Un			MPKV02003057.1	Chromosome		NW_022264609.1	unplaced-scaffold	26134			scaffold2664
GCF_002021735.2	Primary Assembly	Un			MPKV02003058.1	Chromosome		NW_022264610.1	unplaced-scaffold	26109			scaffold2665
GCF_002021735.2	Primary Assembly	Un			MPKV02003059.1	Chromosome		NW_022264611.1	unplaced-scaffold	26106			scaffold2666
GCF_002021735.2	Primary Assembly	Un			MPKV02003060.1	Chromosome		NW_022264612.1	unplaced-scaffold	26101			scaffold2667
GCF_002021735.2	Primary Assembly	Un			MPKV02003061.1	Chromosome		NW_022264613.1	unplaced-scaffold	26093			scaffold2668
GCF_002021735.2	Primary Assembly	Un			MPKV02003062.1	Chromosome		NW_022264614.1	unplaced-scaffold	26033			scaffold2669
GCF_002021735.2	Primary Assembly	Un			MPKV02003063.1	Chromosome		NW_022264615.1	unplaced-scaffold	26092			scaffold2670
GCF_002021735.2	Primary Assembly	Un			MPKV02003064.1	Chromosome		NW_022264616.1	unplaced-scaffold	26055			scaffold2671
GCF_002021735.2	Primary Assembly	Un			MPKV02003065.1	Chromosome		NW_022264617.1	unplaced-scaffold	26049			scaffold2672
GCF_002021735.2	Primary Assembly	Un			MPKV02003066.1	Chromosome		NW_022264618.1	unplaced-scaffold	765720			scaffold2673
GCF_002021735.2	Primary Assembly	Un			MPKV02003067.1	Chromosome		NW_022264619.1	unplaced-scaffold	25992			scaffold2674
GCF_002021735.2	Primary Assembly	Un			MPKV02003068.1	Chromosome		NW_022264620.1	unplaced-scaffold	25976			scaffold2675
GCF_002021735.2	Primary Assembly	Un			MPKV02003069.1	Chromosome		NW_022264621.1	unplaced-scaffold	25680			scaffold2676
GCF_002021735.2	Primary Assembly	Un			MPKV02003070.1	Chromosome		NW_022264622.1	unplaced-scaffold	25971			scaffold2677
GCF_002021735.2	Primary Assembly	Un			MPKV02003071.1	Chromosome		NW_022264623.1	unplaced-scaffold	25983			scaffold2678
GCF_002021735.2	Primary Assembly	Un			MPKV02003072.1	Chromosome		NW_022264624.1	unplaced-scaffold	25933			scaffold2679
GCF_002021735.2	Primary Assembly	Un			MPKV02003073.1	Chromosome		NW_022264625.1	unplaced-scaffold	1132312			scaffold2680
GCF_002021735.2	Primary Assembly	Un			MPKV02003074.1	Chromosome		NW_022264626.1	unplaced-scaffold	26009			scaffold2681
GCF_002021735.2	Primary Assembly	Un			MPKV02003075.1	Chromosome		NW_022264627.1	unplaced-scaffold	25887			scaffold2682
GCF_002021735.2	Primary Assembly	Un			MPKV02003076.1	Chromosome		NW_022264628.1	unplaced-scaffold	25872			scaffold2683
GCF_002021735.2	Primary Assembly	Un			MPKV02003077.1	Chromosome		NW_022264629.1	unplaced-scaffold	25953			scaffold2684
GCF_002021735.2	Primary Assembly	Un			MPKV02003078.1	Chromosome		NW_022264630.1	unplaced-scaffold	25807			scaffold2685
GCF_002021735.2	Primary Assembly	Un			MPKV02003079.1	Chromosome		NW_022264631.1	unplaced-scaffold	25757			scaffold2686
GCF_002021735.2	Primary Assembly	Un			MPKV02003080.1	Chromosome		NW_022264632.1	unplaced-scaffold	25813			scaffold2687
GCF_002021735.2	Primary Assembly	Un			MPKV02003081.1	Chromosome		NW_022264633.1	unplaced-scaffold	25725			scaffold2688
GCF_002021735.2	Primary Assembly	Un			MPKV02003082.1	Chromosome		NW_022264634.1	unplaced-scaffold	25817			scaffold2689
GCF_002021735.2	Primary Assembly	Un			MPKV02003083.1	Chromosome		NW_022264635.1	unplaced-scaffold	25743			scaffold2690
GCF_002021735.2	Primary Assembly	Un			MPKV02003084.1	Chromosome		NW_022264636.1	unplaced-scaffold	25748			scaffold2691
GCF_002021735.2	Primary Assembly	Un			MPKV02003085.1	Chromosome		NW_022264637.1	unplaced-scaffold	25710			scaffold2692
GCF_002021735.2	Primary Assembly	Un			MPKV02003086.1	Chromosome		NW_022264638.1	unplaced-scaffold	25758			scaffold2693
GCF_002021735.2	Primary Assembly	Un			MPKV02003087.1	Chromosome		NW_022264639.1	unplaced-scaffold	25711			scaffold2694
GCF_002021735.2	Primary Assembly	Un			MPKV02003088.1	Chromosome		NW_022264640.1	unplaced-scaffold	25667			scaffold2695
GCF_002021735.2	Primary Assembly	Un			MPKV02003089.1	Chromosome		NW_022264641.1	unplaced-scaffold	25644			scaffold2696
GCF_002021735.2	Primary Assembly	Un			MPKV02003090.1	Chromosome		NW_022264642.1	unplaced-scaffold	25645			scaffold2697
GCF_002021735.2	Primary Assembly	Un			MPKV02003091.1	Chromosome		NW_022264643.1	unplaced-scaffold	25644			scaffold2698
GCF_002021735.2	Primary Assembly	Un			MPKV02003092.1	Chromosome		NW_022264644.1	unplaced-scaffold	25604			scaffold2699
GCF_002021735.2	Primary Assembly	Un			MPKV02003093.1	Chromosome		NW_022264645.1	unplaced-scaffold	25574			scaffold2700
GCF_002021735.2	Primary Assembly	Un			MPKV02003094.1	Chromosome		NW_022264646.1	unplaced-scaffold	25568			scaffold2701
GCF_002021735.2	Primary Assembly	Un			MPKV02003095.1	Chromosome		NW_022264647.1	unplaced-scaffold	25543			scaffold2702
GCF_002021735.2	Primary Assembly	Un			MPKV02003096.1	Chromosome		NW_022264648.1	unplaced-scaffold	25598			scaffold2703
GCF_002021735.2	Primary Assembly	Un			MPKV02003097.1	Chromosome		NW_022264649.1	unplaced-scaffold	25433			scaffold2704
GCF_002021735.2	Primary Assembly	Un			MPKV02003098.1	Chromosome		NW_022264650.1	unplaced-scaffold	25511			scaffold2705
GCF_002021735.2	Primary Assembly	Un			MPKV02003099.1	Chromosome		NW_022264651.1	unplaced-scaffold	25622			scaffold2706
GCF_002021735.2	Primary Assembly	Un			MPKV02003100.1	Chromosome		NW_022264652.1	unplaced-scaffold	25446			scaffold2707
GCF_002021735.2	Primary Assembly	Un			MPKV02003101.1	Chromosome		NW_022264653.1	unplaced-scaffold	25454			scaffold2708
GCF_002021735.2	Primary Assembly	Un			MPKV02003102.1	Chromosome		NW_022264654.1	unplaced-scaffold	25366			scaffold2709
GCF_002021735.2	Primary Assembly	Un			MPKV02003103.1	Chromosome		NW_022264655.1	unplaced-scaffold	25339			scaffold2710
GCF_002021735.2	Primary Assembly	Un			MPKV02003104.1	Chromosome		NW_022264656.1	unplaced-scaffold	25383			scaffold2711
GCF_002021735.2	Primary Assembly	Un			MPKV02003105.1	Chromosome		NW_022264657.1	unplaced-scaffold	25410			scaffold2712
GCF_002021735.2	Primary Assembly	Un			MPKV02003106.1	Chromosome		NW_022264658.1	unplaced-scaffold	74711			scaffold2713
GCF_002021735.2	Primary Assembly	Un			MPKV02003107.1	Chromosome		NW_022264659.1	unplaced-scaffold	124132			scaffold2714
GCF_002021735.2	Primary Assembly	Un			MPKV02003108.1	Chromosome		NW_022264660.1	unplaced-scaffold	25293			scaffold2715
GCF_002021735.2	Primary Assembly	Un			MPKV02003109.1	Chromosome		NW_022264661.1	unplaced-scaffold	25222			scaffold2716
GCF_002021735.2	Primary Assembly	Un			MPKV02003110.1	Chromosome		NW_022264662.1	unplaced-scaffold	25203			scaffold2717
GCF_002021735.2	Primary Assembly	Un			MPKV02003111.1	Chromosome		NW_022264663.1	unplaced-scaffold	25155			scaffold2718
GCF_002021735.2	Primary Assembly	Un			MPKV02003112.1	Chromosome		NW_022264664.1	unplaced-scaffold	25144			scaffold2719
GCF_002021735.2	Primary Assembly	Un			MPKV02003113.1	Chromosome		NW_022264665.1	unplaced-scaffold	25133			scaffold2720
GCF_002021735.2	Primary Assembly	Un			MPKV02003114.1	Chromosome		NW_022264666.1	unplaced-scaffold	25095			scaffold2721
GCF_002021735.2	Primary Assembly	Un			MPKV02003115.1	Chromosome		NW_022264667.1	unplaced-scaffold	25231			scaffold2722
GCF_002021735.2	Primary Assembly	Un			MPKV02003116.1	Chromosome		NW_022264668.1	unplaced-scaffold	25071			scaffold2723
GCF_002021735.2	Primary Assembly	Un			MPKV02003117.1	Chromosome		NW_022264669.1	unplaced-scaffold	25100			scaffold2724
GCF_002021735.2	Primary Assembly	Un			MPKV02003118.1	Chromosome		NW_022264670.1	unplaced-scaffold	25153			scaffold2725
GCF_002021735.2	Primary Assembly	Un			MPKV02003119.1	Chromosome		NW_022264671.1	unplaced-scaffold	25097			scaffold2726
GCF_002021735.2	Primary Assembly	Un			MPKV02003120.1	Chromosome		NW_022264672.1	unplaced-scaffold	25087			scaffold2727
GCF_002021735.2	Primary Assembly	Un			MPKV02003121.1	Chromosome		NW_022264673.1	unplaced-scaffold	25071			scaffold2728
GCF_002021735.2	Primary Assembly	Un			MPKV02003122.1	Chromosome		NW_022264674.1	unplaced-scaffold	25042			scaffold2729
GCF_002021735.2	Primary Assembly	Un			MPKV02003123.1	Chromosome		NW_022264675.1	unplaced-scaffold	25137			scaffold2730
GCF_002021735.2	Primary Assembly	Un			MPKV02003124.1	Chromosome		NW_022264676.1	unplaced-scaffold	24970			scaffold2731
GCF_002021735.2	Primary Assembly	Un			MPKV02003125.1	Chromosome		NW_022264677.1	unplaced-scaffold	25059			scaffold2732
GCF_002021735.2	Primary Assembly	Un			MPKV02003126.1	Chromosome		NW_022264678.1	unplaced-scaffold	25005			scaffold2733
GCF_002021735.2	Primary Assembly	Un			MPKV02003127.1	Chromosome		NW_022264679.1	unplaced-scaffold	24921			scaffold2734
GCF_002021735.2	Primary Assembly	Un			MPKV02003128.1	Chromosome		NW_022264680.1	unplaced-scaffold	24877			scaffold2735
GCF_002021735.2	Primary Assembly	Un			MPKV02003129.1	Chromosome		NW_022264681.1	unplaced-scaffold	24849			scaffold2736
GCF_002021735.2	Primary Assembly	Un			MPKV02003130.1	Chromosome		NW_022264682.1	unplaced-scaffold	24836			scaffold2737
GCF_002021735.2	Primary Assembly	Un			MPKV02003131.1	Chromosome		NW_022264683.1	unplaced-scaffold	24831			scaffold2738
GCF_002021735.2	Primary Assembly	Un			MPKV02003132.1	Chromosome		NW_022264684.1	unplaced-scaffold	24816			scaffold2739
GCF_002021735.2	Primary Assembly	Un			MPKV02003133.1	Chromosome		NW_022264685.1	unplaced-scaffold	24784			scaffold2740
GCF_002021735.2	Primary Assembly	Un			MPKV02003134.1	Chromosome		NW_022264686.1	unplaced-scaffold	24886			scaffold2741
GCF_002021735.2	Primary Assembly	Un			MPKV02003135.1	Chromosome		NW_022264687.1	unplaced-scaffold	24773			scaffold2742
GCF_002021735.2	Primary Assembly	Un			MPKV02003136.1	Chromosome		NW_022264688.1	unplaced-scaffold	24766			scaffold2743
GCF_002021735.2	Primary Assembly	Un			MPKV02003137.1	Chromosome		NW_022264689.1	unplaced-scaffold	24864			scaffold2744
GCF_002021735.2	Primary Assembly	Un			MPKV02003138.1	Chromosome		NW_022264690.1	unplaced-scaffold	24747			scaffold2745
GCF_002021735.2	Primary Assembly	Un			MPKV02003139.1	Chromosome		NW_022264691.1	unplaced-scaffold	24694			scaffold2746
GCF_002021735.2	Primary Assembly	Un			MPKV02003140.1	Chromosome		NW_022264692.1	unplaced-scaffold	24631			scaffold2747
GCF_002021735.2	Primary Assembly	Un			MPKV02003141.1	Chromosome		NW_022264693.1	unplaced-scaffold	24658			scaffold2748
GCF_002021735.2	Primary Assembly	Un			MPKV02003142.1	Chromosome		NW_022264694.1	unplaced-scaffold	24619			scaffold2749
GCF_002021735.2	Primary Assembly	Un			MPKV02003143.1	Chromosome		NW_022264695.1	unplaced-scaffold	24642			scaffold2750
GCF_002021735.2	Primary Assembly	Un			MPKV02003144.1	Chromosome		NW_022264696.1	unplaced-scaffold	24569			scaffold2751
GCF_002021735.2	Primary Assembly	Un			MPKV02003145.1	Chromosome		NW_022264697.1	unplaced-scaffold	24518			scaffold2752
GCF_002021735.2	Primary Assembly	Un			MPKV02003146.1	Chromosome		NW_022264698.1	unplaced-scaffold	24454			scaffold2753
GCF_002021735.2	Primary Assembly	Un			MPKV02003147.1	Chromosome		NW_022264699.1	unplaced-scaffold	24474			scaffold2754
GCF_002021735.2	Primary Assembly	Un			MPKV02003148.1	Chromosome		NW_022264700.1	unplaced-scaffold	24463			scaffold2755
GCF_002021735.2	Primary Assembly	Un			MPKV02003149.1	Chromosome		NW_022264701.1	unplaced-scaffold	24562			scaffold2756
GCF_002021735.2	Primary Assembly	Un			MPKV02003150.1	Chromosome		NW_022264702.1	unplaced-scaffold	24456			scaffold2757
GCF_002021735.2	Primary Assembly	Un			MPKV02003151.1	Chromosome		NW_022264703.1	unplaced-scaffold	24460			scaffold2758
GCF_002021735.2	Primary Assembly	Un			MPKV02003152.1	Chromosome		NW_022264704.1	unplaced-scaffold	24302			scaffold2759
GCF_002021735.2	Primary Assembly	Un			MPKV02003153.1	Chromosome		NW_022264705.1	unplaced-scaffold	24453			scaffold2760
GCF_002021735.2	Primary Assembly	Un			MPKV02003154.1	Chromosome		NW_022264706.1	unplaced-scaffold	24414			scaffold2761
GCF_002021735.2	Primary Assembly	Un			MPKV02003155.1	Chromosome		NW_022264707.1	unplaced-scaffold	24383			scaffold2762
GCF_002021735.2	Primary Assembly	Un			MPKV02003156.1	Chromosome		NW_022264708.1	unplaced-scaffold	24406			scaffold2763
GCF_002021735.2	Primary Assembly	Un			MPKV02003157.1	Chromosome		NW_022264709.1	unplaced-scaffold	24326			scaffold2764
GCF_002021735.2	Primary Assembly	Un			MPKV02003158.1	Chromosome		NW_022264710.1	unplaced-scaffold	710434			scaffold2765
GCF_002021735.2	Primary Assembly	Un			MPKV02003159.1	Chromosome		NW_022264711.1	unplaced-scaffold	24281			scaffold2766
GCF_002021735.2	Primary Assembly	Un			MPKV02003160.1	Chromosome		NW_022264712.1	unplaced-scaffold	24348			scaffold2767
GCF_002021735.2	Primary Assembly	Un			MPKV02003161.1	Chromosome		NW_022264713.1	unplaced-scaffold	24371			scaffold2768
GCF_002021735.2	Primary Assembly	Un			MPKV02003162.1	Chromosome		NW_022264714.1	unplaced-scaffold	24489			scaffold2769
GCF_002021735.2	Primary Assembly	Un			MPKV02003163.1	Chromosome		NW_022264715.1	unplaced-scaffold	24232			scaffold2770
GCF_002021735.2	Primary Assembly	Un			MPKV02003164.1	Chromosome		NW_022264716.1	unplaced-scaffold	24228			scaffold2771
GCF_002021735.2	Primary Assembly	Un			MPKV02003165.1	Chromosome		NW_022264717.1	unplaced-scaffold	24195			scaffold2772
GCF_002021735.2	Primary Assembly	Un			MPKV02003166.1	Chromosome		NW_022264718.1	unplaced-scaffold	24185			scaffold2773
GCF_002021735.2	Primary Assembly	Un			MPKV02003167.1	Chromosome		NW_022264719.1	unplaced-scaffold	24242			scaffold2774
GCF_002021735.2	Primary Assembly	Un			MPKV02003168.1	Chromosome		NW_022264720.1	unplaced-scaffold	24088			scaffold2775
GCF_002021735.2	Primary Assembly	Un			MPKV02003169.1	Chromosome		NW_022264721.1	unplaced-scaffold	24071			scaffold2776
GCF_002021735.2	Primary Assembly	Un			MPKV02003170.1	Chromosome		NW_022264722.1	unplaced-scaffold	24064			scaffold2777
GCF_002021735.2	Primary Assembly	Un			MPKV02003171.1	Chromosome		NW_022264723.1	unplaced-scaffold	24044			scaffold2778
GCF_002021735.2	Primary Assembly	Un			MPKV02003172.1	Chromosome		NW_022264724.1	unplaced-scaffold	23992			scaffold2779
GCF_002021735.2	Primary Assembly	Un			MPKV02003173.1	Chromosome		NW_022264725.1	unplaced-scaffold	24046			scaffold2780
GCF_002021735.2	Primary Assembly	Un			MPKV02003174.1	Chromosome		NW_022264726.1	unplaced-scaffold	23993			scaffold2781
GCF_002021735.2	Primary Assembly	Un			MPKV02003175.1	Chromosome		NW_022264727.1	unplaced-scaffold	24086			scaffold2782
GCF_002021735.2	Primary Assembly	Un			MPKV02003176.1	Chromosome		NW_022264728.1	unplaced-scaffold	23971			scaffold2783
GCF_002021735.2	Primary Assembly	Un			MPKV02003177.1	Chromosome		NW_022264729.1	unplaced-scaffold	23971			scaffold2784
GCF_002021735.2	Primary Assembly	Un			MPKV02003178.1	Chromosome		NW_022264730.1	unplaced-scaffold	23972			scaffold2785
GCF_002021735.2	Primary Assembly	Un			MPKV02003179.1	Chromosome		NW_022264731.1	unplaced-scaffold	23965			scaffold2786
GCF_002021735.2	Primary Assembly	Un			MPKV02003180.1	Chromosome		NW_022264732.1	unplaced-scaffold	23907			scaffold2787
GCF_002021735.2	Primary Assembly	Un			MPKV02003181.1	Chromosome		NW_022264733.1	unplaced-scaffold	23919			scaffold2788
GCF_002021735.2	Primary Assembly	Un			MPKV02003182.1	Chromosome		NW_022264734.1	unplaced-scaffold	23915			scaffold2789
GCF_002021735.2	Primary Assembly	Un			MPKV02003183.1	Chromosome		NW_022264735.1	unplaced-scaffold	23917			scaffold2790
GCF_002021735.2	Primary Assembly	Un			MPKV02003184.1	Chromosome		NW_022264736.1	unplaced-scaffold	23945			scaffold2791
GCF_002021735.2	Primary Assembly	Un			MPKV02003185.1	Chromosome		NW_022264737.1	unplaced-scaffold	23904			scaffold2792
GCF_002021735.2	Primary Assembly	Un			MPKV02003186.1	Chromosome		NW_022264738.1	unplaced-scaffold	23901			scaffold2793
GCF_002021735.2	Primary Assembly	Un			MPKV02003187.1	Chromosome		NW_022264739.1	unplaced-scaffold	23877			scaffold2794
GCF_002021735.2	Primary Assembly	Un			MPKV02003188.1	Chromosome		NW_022264740.1	unplaced-scaffold	23871			scaffold2795
GCF_002021735.2	Primary Assembly	Un			MPKV02003189.1	Chromosome		NW_022264741.1	unplaced-scaffold	23863			scaffold2796
GCF_002021735.2	Primary Assembly	Un			MPKV02003190.1	Chromosome		NW_022264742.1	unplaced-scaffold	23807			scaffold2797
GCF_002021735.2	Primary Assembly	Un			MPKV02003191.1	Chromosome		NW_022264743.1	unplaced-scaffold	23852			scaffold2798
GCF_002021735.2	Primary Assembly	Un			MPKV02003192.1	Chromosome		NW_022264744.1	unplaced-scaffold	23761			scaffold2799
GCF_002021735.2	Primary Assembly	Un			MPKV02003193.1	Chromosome		NW_022264745.1	unplaced-scaffold	23752			scaffold2800
GCF_002021735.2	Primary Assembly	Un			MPKV02003194.1	Chromosome		NW_022264746.1	unplaced-scaffold	23724			scaffold2801
GCF_002021735.2	Primary Assembly	Un			MPKV02003195.1	Chromosome		NW_022264747.1	unplaced-scaffold	23715			scaffold2802
GCF_002021735.2	Primary Assembly	Un			MPKV02003196.1	Chromosome		NW_022264748.1	unplaced-scaffold	23697			scaffold2803
GCF_002021735.2	Primary Assembly	Un			MPKV02003197.1	Chromosome		NW_022264749.1	unplaced-scaffold	23660			scaffold2804
GCF_002021735.2	Primary Assembly	Un			MPKV02003198.1	Chromosome		NW_022264750.1	unplaced-scaffold	23712			scaffold2805
GCF_002021735.2	Primary Assembly	Un			MPKV02003199.1	Chromosome		NW_022264751.1	unplaced-scaffold	23735			scaffold2806
GCF_002021735.2	Primary Assembly	Un			MPKV02003200.1	Chromosome		NW_022264752.1	unplaced-scaffold	60101			scaffold2807
GCF_002021735.2	Primary Assembly	Un			MPKV02003201.1	Chromosome		NW_022264753.1	unplaced-scaffold	23602			scaffold2808
GCF_002021735.2	Primary Assembly	Un			MPKV02003202.1	Chromosome		NW_022264754.1	unplaced-scaffold	23581			scaffold2809
GCF_002021735.2	Primary Assembly	Un			MPKV02003203.1	Chromosome		NW_022264755.1	unplaced-scaffold	23538			scaffold2810
GCF_002021735.2	Primary Assembly	Un			MPKV02003204.1	Chromosome		NW_022264756.1	unplaced-scaffold	23529			scaffold2811
GCF_002021735.2	Primary Assembly	Un			MPKV02003205.1	Chromosome		NW_022264757.1	unplaced-scaffold	23503			scaffold2812
GCF_002021735.2	Primary Assembly	Un			MPKV02003206.1	Chromosome		NW_022264758.1	unplaced-scaffold	23504			scaffold2813
GCF_002021735.2	Primary Assembly	Un			MPKV02003207.1	Chromosome		NW_022264759.1	unplaced-scaffold	23497			scaffold2814
GCF_002021735.2	Primary Assembly	Un			MPKV02003208.1	Chromosome		NW_022264760.1	unplaced-scaffold	23750			scaffold2815
GCF_002021735.2	Primary Assembly	Un			MPKV02003209.1	Chromosome		NW_022264761.1	unplaced-scaffold	23388			scaffold2816
GCF_002021735.2	Primary Assembly	Un			MPKV02003210.1	Chromosome		NW_022264762.1	unplaced-scaffold	23447			scaffold2817
GCF_002021735.2	Primary Assembly	Un			MPKV02003211.1	Chromosome		NW_022264763.1	unplaced-scaffold	23436			scaffold2818
GCF_002021735.2	Primary Assembly	Un			MPKV02003212.1	Chromosome		NW_022264764.1	unplaced-scaffold	23442			scaffold2819
GCF_002021735.2	Primary Assembly	Un			MPKV02003213.1	Chromosome		NW_022264765.1	unplaced-scaffold	23399			scaffold2820
GCF_002021735.2	Primary Assembly	Un			MPKV02003214.1	Chromosome		NW_022264766.1	unplaced-scaffold	23391			scaffold2821
GCF_002021735.2	Primary Assembly	Un			MPKV02003215.1	Chromosome		NW_022264767.1	unplaced-scaffold	23358			scaffold2822
GCF_002021735.2	Primary Assembly	Un			MPKV02003216.1	Chromosome		NW_022264768.1	unplaced-scaffold	23334			scaffold2823
GCF_002021735.2	Primary Assembly	Un			MPKV02003217.1	Chromosome		NW_022264769.1	unplaced-scaffold	23325			scaffold2824
GCF_002021735.2	Primary Assembly	Un			MPKV02003218.1	Chromosome		NW_022264770.1	unplaced-scaffold	23320			scaffold2825
GCF_002021735.2	Primary Assembly	Un			MPKV02003219.1	Chromosome		NW_022264771.1	unplaced-scaffold	23361			scaffold2826
GCF_002021735.2	Primary Assembly	Un			MPKV02003220.1	Chromosome		NW_022264772.1	unplaced-scaffold	23292			scaffold2827
GCF_002021735.2	Primary Assembly	Un			MPKV02003221.1	Chromosome		NW_022264773.1	unplaced-scaffold	23302			scaffold2828
GCF_002021735.2	Primary Assembly	Un			MPKV02003222.1	Chromosome		NW_022264774.1	unplaced-scaffold	23265			scaffold2829
GCF_002021735.2	Primary Assembly	Un			MPKV02003223.1	Chromosome		NW_022264775.1	unplaced-scaffold	23266			scaffold2830
GCF_002021735.2	Primary Assembly	Un			MPKV02003224.1	Chromosome		NW_022264776.1	unplaced-scaffold	23235			scaffold2831
GCF_002021735.2	Primary Assembly	Un			MPKV02003225.1	Chromosome		NW_022264777.1	unplaced-scaffold	23203			scaffold2832
GCF_002021735.2	Primary Assembly	Un			MPKV02003226.1	Chromosome		NW_022264778.1	unplaced-scaffold	23192			scaffold2833
GCF_002021735.2	Primary Assembly	Un			MPKV02003227.1	Chromosome		NW_022264779.1	unplaced-scaffold	23200			scaffold2834
GCF_002021735.2	Primary Assembly	Un			MPKV02003228.1	Chromosome		NW_022264780.1	unplaced-scaffold	23154			scaffold2835
GCF_002021735.2	Primary Assembly	Un			MPKV02003229.1	Chromosome		NW_022264781.1	unplaced-scaffold	23079			scaffold2836
GCF_002021735.2	Primary Assembly	Un			MPKV02003230.1	Chromosome		NW_022264782.1	unplaced-scaffold	23067			scaffold2837
GCF_002021735.2	Primary Assembly	Un			MPKV02003231.1	Chromosome		NW_022264783.1	unplaced-scaffold	23029			scaffold2838
GCF_002021735.2	Primary Assembly	Un			MPKV02003232.1	Chromosome		NW_022264784.1	unplaced-scaffold	22983			scaffold2839
GCF_002021735.2	Primary Assembly	Un			MPKV02003233.1	Chromosome		NW_022264785.1	unplaced-scaffold	23031			scaffold2840
GCF_002021735.2	Primary Assembly	Un			MPKV02003234.1	Chromosome		NW_022264786.1	unplaced-scaffold	23005			scaffold2841
GCF_002021735.2	Primary Assembly	Un			MPKV02003235.1	Chromosome		NW_022264787.1	unplaced-scaffold	23003			scaffold2842
GCF_002021735.2	Primary Assembly	Un			MPKV02003236.1	Chromosome		NW_022264788.1	unplaced-scaffold	22971			scaffold2843
GCF_002021735.2	Primary Assembly	Un			MPKV02003237.1	Chromosome		NW_022264789.1	unplaced-scaffold	22976			scaffold2844
GCF_002021735.2	Primary Assembly	Un			MPKV02003238.1	Chromosome		NW_022264790.1	unplaced-scaffold	23171			scaffold2845
GCF_002021735.2	Primary Assembly	Un			MPKV02003239.1	Chromosome		NW_022264791.1	unplaced-scaffold	22983			scaffold2846
GCF_002021735.2	Primary Assembly	Un			MPKV02003240.1	Chromosome		NW_022264792.1	unplaced-scaffold	22957			scaffold2847
GCF_002021735.2	Primary Assembly	Un			MPKV02003241.1	Chromosome		NW_022264793.1	unplaced-scaffold	22920			scaffold2848
GCF_002021735.2	Primary Assembly	Un			MPKV02003242.1	Chromosome		NW_022264794.1	unplaced-scaffold	22945			scaffold2849
GCF_002021735.2	Primary Assembly	Un			MPKV02003243.1	Chromosome		NW_022264795.1	unplaced-scaffold	23000			scaffold2850
GCF_002021735.2	Primary Assembly	Un			MPKV02003244.1	Chromosome		NW_022264796.1	unplaced-scaffold	22903			scaffold2851
GCF_002021735.2	Primary Assembly	Un			MPKV02003245.1	Chromosome		NW_022264797.1	unplaced-scaffold	22884			scaffold2852
GCF_002021735.2	Primary Assembly	Un			MPKV02003246.1	Chromosome		NW_022264798.1	unplaced-scaffold	73131			scaffold2853
GCF_002021735.2	Primary Assembly	Un			MPKV02003247.1	Chromosome		NW_022264799.1	unplaced-scaffold	22864			scaffold2854
GCF_002021735.2	Primary Assembly	Un			MPKV02003248.1	Chromosome		NW_022264800.1	unplaced-scaffold	22836			scaffold2855
GCF_002021735.2	Primary Assembly	Un			MPKV02003249.1	Chromosome		NW_022264801.1	unplaced-scaffold	22910			scaffold2856
GCF_002021735.2	Primary Assembly	Un			MPKV02003250.1	Chromosome		NW_022264802.1	unplaced-scaffold	22828			scaffold2857
GCF_002021735.2	Primary Assembly	Un			MPKV02003251.1	Chromosome		NW_022264803.1	unplaced-scaffold	22836			scaffold2858
GCF_002021735.2	Primary Assembly	Un			MPKV02003252.1	Chromosome		NW_022264804.1	unplaced-scaffold	22818			scaffold2859
GCF_002021735.2	Primary Assembly	Un			MPKV02003253.1	Chromosome		NW_022264805.1	unplaced-scaffold	22780			scaffold2860
GCF_002021735.2	Primary Assembly	Un			MPKV02003254.1	Chromosome		NW_022264806.1	unplaced-scaffold	22817			scaffold2861
GCF_002021735.2	Primary Assembly	Un			MPKV02003255.1	Chromosome		NW_022264807.1	unplaced-scaffold	22774			scaffold2862
GCF_002021735.2	Primary Assembly	Un			MPKV02003256.1	Chromosome		NW_022264808.1	unplaced-scaffold	22804			scaffold2863
GCF_002021735.2	Primary Assembly	Un			MPKV02003257.1	Chromosome		NW_022264809.1	unplaced-scaffold	22729			scaffold2864
GCF_002021735.2	Primary Assembly	Un			MPKV02003258.1	Chromosome		NW_022264810.1	unplaced-scaffold	22724			scaffold2865
GCF_002021735.2	Primary Assembly	Un			MPKV02003259.1	Chromosome		NW_022264811.1	unplaced-scaffold	22703			scaffold2866
GCF_002021735.2	Primary Assembly	Un			MPKV02003260.1	Chromosome		NW_022264812.1	unplaced-scaffold	22651			scaffold2867
GCF_002021735.2	Primary Assembly	Un			MPKV02003261.1	Chromosome		NW_022264813.1	unplaced-scaffold	22657			scaffold2868
GCF_002021735.2	Primary Assembly	Un			MPKV02003262.1	Chromosome		NW_022264814.1	unplaced-scaffold	22651			scaffold2869
GCF_002021735.2	Primary Assembly	Un			MPKV02003263.1	Chromosome		NW_022264815.1	unplaced-scaffold	22640			scaffold2870
GCF_002021735.2	Primary Assembly	Un			MPKV02003264.1	Chromosome		NW_022264816.1	unplaced-scaffold	22596			scaffold2871
GCF_002021735.2	Primary Assembly	Un			MPKV02003265.1	Chromosome		NW_022264817.1	unplaced-scaffold	22617			scaffold2872
GCF_002021735.2	Primary Assembly	Un			MPKV02003266.1	Chromosome		NW_022264818.1	unplaced-scaffold	22580			scaffold2873
GCF_002021735.2	Primary Assembly	Un			MPKV02003267.1	Chromosome		NW_022264819.1	unplaced-scaffold	22610			scaffold2874
GCF_002021735.2	Primary Assembly	Un			MPKV02003268.1	Chromosome		NW_022264820.1	unplaced-scaffold	22579			scaffold2875
GCF_002021735.2	Primary Assembly	Un			MPKV02003269.1	Chromosome		NW_022264821.1	unplaced-scaffold	22585			scaffold2876
GCF_002021735.2	Primary Assembly	Un			MPKV02003270.1	Chromosome		NW_022264822.1	unplaced-scaffold	22560			scaffold2877
GCF_002021735.2	Primary Assembly	Un			MPKV02003271.1	Chromosome		NW_022264823.1	unplaced-scaffold	22527			scaffold2878
GCF_002021735.2	Primary Assembly	Un			MPKV02003272.1	Chromosome		NW_022264824.1	unplaced-scaffold	679181			scaffold2879
GCF_002021735.2	Primary Assembly	Un			MPKV02003273.1	Chromosome		NW_022264825.1	unplaced-scaffold	22480			scaffold2880
GCF_002021735.2	Primary Assembly	Un			MPKV02003274.1	Chromosome		NW_022264826.1	unplaced-scaffold	22477			scaffold2881
GCF_002021735.2	Primary Assembly	Un			MPKV02003275.1	Chromosome		NW_022264827.1	unplaced-scaffold	22449			scaffold2882
GCF_002021735.2	Primary Assembly	Un			MPKV02003276.1	Chromosome		NW_022264828.1	unplaced-scaffold	22457			scaffold2883
GCF_002021735.2	Primary Assembly	Un			MPKV02003277.1	Chromosome		NW_022264829.1	unplaced-scaffold	22386			scaffold2884
GCF_002021735.2	Primary Assembly	Un			MPKV02003278.1	Chromosome		NW_022264830.1	unplaced-scaffold	22342			scaffold2885
GCF_002021735.2	Primary Assembly	Un			MPKV02003279.1	Chromosome		NW_022264831.1	unplaced-scaffold	22311			scaffold2886
GCF_002021735.2	Primary Assembly	Un			MPKV02003280.1	Chromosome		NW_022264832.1	unplaced-scaffold	22314			scaffold2887
GCF_002021735.2	Primary Assembly	Un			MPKV02003281.1	Chromosome		NW_022264833.1	unplaced-scaffold	22272			scaffold2888
GCF_002021735.2	Primary Assembly	Un			MPKV02003282.1	Chromosome		NW_022264834.1	unplaced-scaffold	22276			scaffold2889
GCF_002021735.2	Primary Assembly	Un			MPKV02003283.1	Chromosome		NW_022264835.1	unplaced-scaffold	22256			scaffold2890
GCF_002021735.2	Primary Assembly	Un			MPKV02003284.1	Chromosome		NW_022264836.1	unplaced-scaffold	22233			scaffold2891
GCF_002021735.2	Primary Assembly	Un			MPKV02003285.1	Chromosome		NW_022264837.1	unplaced-scaffold	22233			scaffold2892
GCF_002021735.2	Primary Assembly	Un			MPKV02003286.1	Chromosome		NW_022264838.1	unplaced-scaffold	22241			scaffold2893
GCF_002021735.2	Primary Assembly	Un			MPKV02003287.1	Chromosome		NW_022264839.1	unplaced-scaffold	22243			scaffold2894
GCF_002021735.2	Primary Assembly	Un			MPKV02003288.1	Chromosome		NW_022264840.1	unplaced-scaffold	21819			scaffold2895
GCF_002021735.2	Primary Assembly	Un			MPKV02003289.1	Chromosome		NW_022264841.1	unplaced-scaffold	22167			scaffold2896
GCF_002021735.2	Primary Assembly	Un			MPKV02003290.1	Chromosome		NW_022264842.1	unplaced-scaffold	22157			scaffold2897
GCF_002021735.2	Primary Assembly	Un			MPKV02003291.1	Chromosome		NW_022264843.1	unplaced-scaffold	22096			scaffold2898
GCF_002021735.2	Primary Assembly	Un			MPKV02003292.1	Chromosome		NW_022264844.1	unplaced-scaffold	22082			scaffold2899
GCF_002021735.2	Primary Assembly	Un			MPKV02003293.1	Chromosome		NW_022264845.1	unplaced-scaffold	22076			scaffold2900
GCF_002021735.2	Primary Assembly	Un			MPKV02003294.1	Chromosome		NW_022264846.1	unplaced-scaffold	22463			scaffold2901
GCF_002021735.2	Primary Assembly	Un			MPKV02003295.1	Chromosome		NW_022264847.1	unplaced-scaffold	22159			scaffold2902
GCF_002021735.2	Primary Assembly	Un			MPKV02003296.1	Chromosome		NW_022264848.1	unplaced-scaffold	22059			scaffold2903
GCF_002021735.2	Primary Assembly	Un			MPKV02003297.1	Chromosome		NW_022264849.1	unplaced-scaffold	22046			scaffold2904
GCF_002021735.2	Primary Assembly	Un			MPKV02003298.1	Chromosome		NW_022264850.1	unplaced-scaffold	675738			scaffold2905
GCF_002021735.2	Primary Assembly	Un			MPKV02003299.1	Chromosome		NW_022264851.1	unplaced-scaffold	22067			scaffold2906
GCF_002021735.2	Primary Assembly	Un			MPKV02003300.1	Chromosome		NW_022264852.1	unplaced-scaffold	22048			scaffold2907
GCF_002021735.2	Primary Assembly	Un			MPKV02003301.1	Chromosome		NW_022264853.1	unplaced-scaffold	21995			scaffold2908
GCF_002021735.2	Primary Assembly	Un			MPKV02003302.1	Chromosome		NW_022264854.1	unplaced-scaffold	22016			scaffold2909
GCF_002021735.2	Primary Assembly	Un			MPKV02003303.1	Chromosome		NW_022264855.1	unplaced-scaffold	21995			scaffold2910
GCF_002021735.2	Primary Assembly	Un			MPKV02003304.1	Chromosome		NW_022264856.1	unplaced-scaffold	21986			scaffold2911
GCF_002021735.2	Primary Assembly	Un			MPKV02003305.1	Chromosome		NW_022264857.1	unplaced-scaffold	21982			scaffold2912
GCF_002021735.2	Primary Assembly	Un			MPKV02003306.1	Chromosome		NW_022264858.1	unplaced-scaffold	21983			scaffold2913
GCF_002021735.2	Primary Assembly	Un			MPKV02003307.1	Chromosome		NW_022264859.1	unplaced-scaffold	21987			scaffold2914
GCF_002021735.2	Primary Assembly	Un			MPKV02003308.1	Chromosome		NW_022264860.1	unplaced-scaffold	21964			scaffold2915
GCF_002021735.2	Primary Assembly	Un			MPKV02003309.1	Chromosome		NW_022264861.1	unplaced-scaffold	21932			scaffold2916
GCF_002021735.2	Primary Assembly	Un			MPKV02003310.1	Chromosome		NW_022264862.1	unplaced-scaffold	21923			scaffold2917
GCF_002021735.2	Primary Assembly	Un			MPKV02003311.1	Chromosome		NW_022264863.1	unplaced-scaffold	21880			scaffold2918
GCF_002021735.2	Primary Assembly	Un			MPKV02003312.1	Chromosome		NW_022264864.1	unplaced-scaffold	21905			scaffold2919
GCF_002021735.2	Primary Assembly	Un			MPKV02003313.1	Chromosome		NW_022264865.1	unplaced-scaffold	21897			scaffold2920
GCF_002021735.2	Primary Assembly	Un			MPKV02003314.1	Chromosome		NW_022264866.1	unplaced-scaffold	21864			scaffold2921
GCF_002021735.2	Primary Assembly	Un			MPKV02003315.1	Chromosome		NW_022264867.1	unplaced-scaffold	21856			scaffold2922
GCF_002021735.2	Primary Assembly	Un			MPKV02003316.1	Chromosome		NW_022264868.1	unplaced-scaffold	21825			scaffold2923
GCF_002021735.2	Primary Assembly	Un			MPKV02003317.1	Chromosome		NW_022264869.1	unplaced-scaffold	21815			scaffold2924
GCF_002021735.2	Primary Assembly	Un			MPKV02003318.1	Chromosome		NW_022264870.1	unplaced-scaffold	21712			scaffold2925
GCF_002021735.2	Primary Assembly	Un			MPKV02003319.1	Chromosome		NW_022264871.1	unplaced-scaffold	21829			scaffold2926
GCF_002021735.2	Primary Assembly	Un			MPKV02003320.1	Chromosome		NW_022264872.1	unplaced-scaffold	21781			scaffold2927
GCF_002021735.2	Primary Assembly	Un			MPKV02003321.1	Chromosome		NW_022264873.1	unplaced-scaffold	21756			scaffold2928
GCF_002021735.2	Primary Assembly	Un			MPKV02003322.1	Chromosome		NW_022264874.1	unplaced-scaffold	21758			scaffold2929
GCF_002021735.2	Primary Assembly	Un			MPKV02003323.1	Chromosome		NW_022264875.1	unplaced-scaffold	21721			scaffold2930
GCF_002021735.2	Primary Assembly	Un			MPKV02003324.1	Chromosome		NW_022264876.1	unplaced-scaffold	21795			scaffold2931
GCF_002021735.2	Primary Assembly	Un			MPKV02003325.1	Chromosome		NW_022264877.1	unplaced-scaffold	21719			scaffold2932
GCF_002021735.2	Primary Assembly	Un			MPKV02003326.1	Chromosome		NW_022264878.1	unplaced-scaffold	21677			scaffold2933
GCF_002021735.2	Primary Assembly	Un			MPKV02003327.1	Chromosome		NW_022264879.1	unplaced-scaffold	21696			scaffold2934
GCF_002021735.2	Primary Assembly	Un			MPKV02003328.1	Chromosome		NW_022264880.1	unplaced-scaffold	21673			scaffold2935
GCF_002021735.2	Primary Assembly	Un			MPKV02003329.1	Chromosome		NW_022264881.1	unplaced-scaffold	21655			scaffold2936
GCF_002021735.2	Primary Assembly	Un			MPKV02003330.1	Chromosome		NW_022264882.1	unplaced-scaffold	21670			scaffold2937
GCF_002021735.2	Primary Assembly	Un			MPKV02003331.1	Chromosome		NW_022264883.1	unplaced-scaffold	21586			scaffold2938
GCF_002021735.2	Primary Assembly	Un			MPKV02003332.1	Chromosome		NW_022264884.1	unplaced-scaffold	21559			scaffold2939
GCF_002021735.2	Primary Assembly	Un			MPKV02003333.1	Chromosome		NW_022264885.1	unplaced-scaffold	21566			scaffold2940
GCF_002021735.2	Primary Assembly	Un			MPKV02003334.1	Chromosome		NW_022264886.1	unplaced-scaffold	21506			scaffold2941
GCF_002021735.2	Primary Assembly	Un			MPKV02003335.1	Chromosome		NW_022264887.1	unplaced-scaffold	21514			scaffold2942
GCF_002021735.2	Primary Assembly	Un			MPKV02003336.1	Chromosome		NW_022264888.1	unplaced-scaffold	21496			scaffold2943
GCF_002021735.2	Primary Assembly	Un			MPKV02003337.1	Chromosome		NW_022264889.1	unplaced-scaffold	21387			scaffold2944
GCF_002021735.2	Primary Assembly	Un			MPKV02003338.1	Chromosome		NW_022264890.1	unplaced-scaffold	21436			scaffold2945
GCF_002021735.2	Primary Assembly	Un			MPKV02003339.1	Chromosome		NW_022264891.1	unplaced-scaffold	21458			scaffold2946
GCF_002021735.2	Primary Assembly	Un			MPKV02003340.1	Chromosome		NW_022264892.1	unplaced-scaffold	21410			scaffold2947
GCF_002021735.2	Primary Assembly	Un			MPKV02003341.1	Chromosome		NW_022264893.1	unplaced-scaffold	21431			scaffold2948
GCF_002021735.2	Primary Assembly	Un			MPKV02003342.1	Chromosome		NW_022264894.1	unplaced-scaffold	21400			scaffold2949
GCF_002021735.2	Primary Assembly	Un			MPKV02003343.1	Chromosome		NW_022264895.1	unplaced-scaffold	21359			scaffold2950
GCF_002021735.2	Primary Assembly	Un			MPKV02003344.1	Chromosome		NW_022264896.1	unplaced-scaffold	650437			scaffold2951
GCF_002021735.2	Primary Assembly	Un			MPKV02003345.1	Chromosome		NW_022264897.1	unplaced-scaffold	21346			scaffold2952
GCF_002021735.2	Primary Assembly	Un			MPKV02003346.1	Chromosome		NW_022264898.1	unplaced-scaffold	21305			scaffold2953
GCF_002021735.2	Primary Assembly	Un			MPKV02003347.1	Chromosome		NW_022264899.1	unplaced-scaffold	21282			scaffold2954
GCF_002021735.2	Primary Assembly	Un			MPKV02003348.1	Chromosome		NW_022264900.1	unplaced-scaffold	21289			scaffold2955
GCF_002021735.2	Primary Assembly	Un			MPKV02003349.1	Chromosome		NW_022264901.1	unplaced-scaffold	144378			scaffold2956
GCF_002021735.2	Primary Assembly	Un			MPKV02003350.1	Chromosome		NW_022264902.1	unplaced-scaffold	5000			scaffold2957
GCF_002021735.2	Primary Assembly	Un			MPKV02003351.1	Chromosome		NW_022264903.1	unplaced-scaffold	21335			scaffold2958
GCF_002021735.2	Primary Assembly	Un			MPKV02003352.1	Chromosome		NW_022264904.1	unplaced-scaffold	21278			scaffold2959
GCF_002021735.2	Primary Assembly	Un			MPKV02003353.1	Chromosome		NW_022264905.1	unplaced-scaffold	21266			scaffold2960
GCF_002021735.2	Primary Assembly	Un			MPKV02003354.1	Chromosome		NW_022264906.1	unplaced-scaffold	21195			scaffold2961
GCF_002021735.2	Primary Assembly	Un			MPKV02003355.1	Chromosome		NW_022264907.1	unplaced-scaffold	21244			scaffold2962
GCF_002021735.2	Primary Assembly	Un			MPKV02003356.1	Chromosome		NW_022264908.1	unplaced-scaffold	21281			scaffold2963
GCF_002021735.2	Primary Assembly	Un			MPKV02003357.1	Chromosome		NW_022264909.1	unplaced-scaffold	21154			scaffold2964
GCF_002021735.2	Primary Assembly	Un			MPKV02003358.1	Chromosome		NW_022264910.1	unplaced-scaffold	21158			scaffold2965
GCF_002021735.2	Primary Assembly	Un			MPKV02003359.1	Chromosome		NW_022264911.1	unplaced-scaffold	21164			scaffold2966
GCF_002021735.2	Primary Assembly	Un			MPKV02003360.1	Chromosome		NW_022264912.1	unplaced-scaffold	21108			scaffold2967
GCF_002021735.2	Primary Assembly	Un			MPKV02003361.1	Chromosome		NW_022264913.1	unplaced-scaffold	21300			scaffold2968
GCF_002021735.2	Primary Assembly	Un			MPKV02003362.1	Chromosome		NW_022264914.1	unplaced-scaffold	21068			scaffold2969
GCF_002021735.2	Primary Assembly	Un			MPKV02003363.1	Chromosome		NW_022264915.1	unplaced-scaffold	21048			scaffold2970
GCF_002021735.2	Primary Assembly	Un			MPKV02003364.1	Chromosome		NW_022264916.1	unplaced-scaffold	21047			scaffold2971
GCF_002021735.2	Primary Assembly	Un			MPKV02003365.1	Chromosome		NW_022264917.1	unplaced-scaffold	20952			scaffold2972
GCF_002021735.2	Primary Assembly	Un			MPKV02003366.1	Chromosome		NW_022264918.1	unplaced-scaffold	20959			scaffold2973
GCF_002021735.2	Primary Assembly	Un			MPKV02003367.1	Chromosome		NW_022264919.1	unplaced-scaffold	21050			scaffold2974
GCF_002021735.2	Primary Assembly	Un			MPKV02003368.1	Chromosome		NW_022264920.1	unplaced-scaffold	21010			scaffold2975
GCF_002021735.2	Primary Assembly	Un			MPKV02003369.1	Chromosome		NW_022264921.1	unplaced-scaffold	20914			scaffold2976
GCF_002021735.2	Primary Assembly	Un			MPKV02003370.1	Chromosome		NW_022264922.1	unplaced-scaffold	20925			scaffold2977
GCF_002021735.2	Primary Assembly	Un			MPKV02003371.1	Chromosome		NW_022264923.1	unplaced-scaffold	20816			scaffold2978
GCF_002021735.2	Primary Assembly	Un			MPKV02003372.1	Chromosome		NW_022264924.1	unplaced-scaffold	20871			scaffold2979
GCF_002021735.2	Primary Assembly	Un			MPKV02003373.1	Chromosome		NW_022264925.1	unplaced-scaffold	20867			scaffold2980
GCF_002021735.2	Primary Assembly	Un			MPKV02003374.1	Chromosome		NW_022264926.1	unplaced-scaffold	20839			scaffold2981
GCF_002021735.2	Primary Assembly	Un			MPKV02003375.1	Chromosome		NW_022264927.1	unplaced-scaffold	20871			scaffold2982
GCF_002021735.2	Primary Assembly	Un			MPKV02003376.1	Chromosome		NW_022264928.1	unplaced-scaffold	20870			scaffold2983
GCF_002021735.2	Primary Assembly	Un			MPKV02003377.1	Chromosome		NW_022264929.1	unplaced-scaffold	20791			scaffold2984
GCF_002021735.2	Primary Assembly	Un			MPKV02003378.1	Chromosome		NW_022264930.1	unplaced-scaffold	20775			scaffold2985
GCF_002021735.2	Primary Assembly	Un			MPKV02003379.1	Chromosome		NW_022264931.1	unplaced-scaffold	20882			scaffold2986
GCF_002021735.2	Primary Assembly	Un			MPKV02003380.1	Chromosome		NW_022264932.1	unplaced-scaffold	20777			scaffold2987
GCF_002021735.2	Primary Assembly	Un			MPKV02003381.1	Chromosome		NW_022264933.1	unplaced-scaffold	20717			scaffold2988
GCF_002021735.2	Primary Assembly	Un			MPKV02003382.1	Chromosome		NW_022264934.1	unplaced-scaffold	20720			scaffold2989
GCF_002021735.2	Primary Assembly	Un			MPKV02003383.1	Chromosome		NW_022264935.1	unplaced-scaffold	20709			scaffold2990
GCF_002021735.2	Primary Assembly	Un			MPKV02003384.1	Chromosome		NW_022264936.1	unplaced-scaffold	20689			scaffold2991
GCF_002021735.2	Primary Assembly	Un			MPKV02003385.1	Chromosome		NW_022264937.1	unplaced-scaffold	20719			scaffold2992
GCF_002021735.2	Primary Assembly	Un			MPKV02003386.1	Chromosome		NW_022264938.1	unplaced-scaffold	20675			scaffold2993
GCF_002021735.2	Primary Assembly	Un			MPKV02003387.1	Chromosome		NW_022264939.1	unplaced-scaffold	20619			scaffold2994
GCF_002021735.2	Primary Assembly	Un			MPKV02003388.1	Chromosome		NW_022264940.1	unplaced-scaffold	20617			scaffold2995
GCF_002021735.2	Primary Assembly	Un			MPKV02003389.1	Chromosome		NW_022264941.1	unplaced-scaffold	20625			scaffold2996
GCF_002021735.2	Primary Assembly	Un			MPKV02003390.1	Chromosome		NW_022264942.1	unplaced-scaffold	20370			scaffold2997
GCF_002021735.2	Primary Assembly	Un			MPKV02003391.1	Chromosome		NW_022264943.1	unplaced-scaffold	20591			scaffold2998
GCF_002021735.2	Primary Assembly	Un			MPKV02003392.1	Chromosome		NW_022264944.1	unplaced-scaffold	20634			scaffold2999
GCF_002021735.2	Primary Assembly	Un			MPKV02003393.1	Chromosome		NW_022264945.1	unplaced-scaffold	20563			scaffold3000
GCF_002021735.2	Primary Assembly	Un			MPKV02003394.1	Chromosome		NW_022264946.1	unplaced-scaffold	340699			scaffold3001
GCF_002021735.2	Primary Assembly	Un			MPKV02003395.1	Chromosome		NW_022264947.1	unplaced-scaffold	118520			scaffold3002
GCF_002021735.2	Primary Assembly	Un			MPKV02003396.1	Chromosome		NW_022264948.1	unplaced-scaffold	20731			scaffold3003
GCF_002021735.2	Primary Assembly	Un			MPKV02003397.1	Chromosome		NW_022264949.1	unplaced-scaffold	20573			scaffold3004
GCF_002021735.2	Primary Assembly	Un			MPKV02003398.1	Chromosome		NW_022264950.1	unplaced-scaffold	20573			scaffold3005
GCF_002021735.2	Primary Assembly	Un			MPKV02003399.1	Chromosome		NW_022264951.1	unplaced-scaffold	20585			scaffold3006
GCF_002021735.2	Primary Assembly	Un			MPKV02003400.1	Chromosome		NW_022264952.1	unplaced-scaffold	20527			scaffold3007
GCF_002021735.2	Primary Assembly	Un			MPKV02003401.1	Chromosome		NW_022264953.1	unplaced-scaffold	20517			scaffold3008
GCF_002021735.2	Primary Assembly	Un			MPKV02003402.1	Chromosome		NW_022264954.1	unplaced-scaffold	20265			scaffold3009
GCF_002021735.2	Primary Assembly	Un			MPKV02003403.1	Chromosome		NW_022264955.1	unplaced-scaffold	20486			scaffold3010
GCF_002021735.2	Primary Assembly	Un			MPKV02003404.1	Chromosome		NW_022264956.1	unplaced-scaffold	20510			scaffold3011
GCF_002021735.2	Primary Assembly	Un			MPKV02003405.1	Chromosome		NW_022264957.1	unplaced-scaffold	20471			scaffold3012
GCF_002021735.2	Primary Assembly	Un			MPKV02003406.1	Chromosome		NW_022264958.1	unplaced-scaffold	20471			scaffold3013
GCF_002021735.2	Primary Assembly	Un			MPKV02003407.1	Chromosome		NW_022264959.1	unplaced-scaffold	20428			scaffold3014
GCF_002021735.2	Primary Assembly	Un			MPKV02003408.1	Chromosome		NW_022264960.1	unplaced-scaffold	20497			scaffold3015
GCF_002021735.2	Primary Assembly	Un			MPKV02003409.1	Chromosome		NW_022264961.1	unplaced-scaffold	20474			scaffold3016
GCF_002021735.2	Primary Assembly	Un			MPKV02003410.1	Chromosome		NW_022264962.1	unplaced-scaffold	20459			scaffold3017
GCF_002021735.2	Primary Assembly	Un			MPKV02003411.1	Chromosome		NW_022264963.1	unplaced-scaffold	20392			scaffold3018
GCF_002021735.2	Primary Assembly	Un			MPKV02003412.1	Chromosome		NW_022264964.1	unplaced-scaffold	20384			scaffold3019
GCF_002021735.2	Primary Assembly	Un			MPKV02003413.1	Chromosome		NW_022264965.1	unplaced-scaffold	20349			scaffold3020
GCF_002021735.2	Primary Assembly	Un			MPKV02003414.1	Chromosome		NW_022264966.1	unplaced-scaffold	20354			scaffold3021
GCF_002021735.2	Primary Assembly	Un			MPKV02003415.1	Chromosome		NW_022264967.1	unplaced-scaffold	20367			scaffold3022
GCF_002021735.2	Primary Assembly	Un			MPKV02003416.1	Chromosome		NW_022264968.1	unplaced-scaffold	20320			scaffold3023
GCF_002021735.2	Primary Assembly	Un			MPKV02003417.1	Chromosome		NW_022264969.1	unplaced-scaffold	20336			scaffold3024
GCF_002021735.2	Primary Assembly	Un			MPKV02003418.1	Chromosome		NW_022264970.1	unplaced-scaffold	20309			scaffold3025
GCF_002021735.2	Primary Assembly	Un			MPKV02003419.1	Chromosome		NW_022264971.1	unplaced-scaffold	20287			scaffold3026
GCF_002021735.2	Primary Assembly	Un			MPKV02003420.1	Chromosome		NW_022264972.1	unplaced-scaffold	20429			scaffold3027
GCF_002021735.2	Primary Assembly	Un			MPKV02003421.1	Chromosome		NW_022264973.1	unplaced-scaffold	20307			scaffold3028
GCF_002021735.2	Primary Assembly	Un			MPKV02003422.1	Chromosome		NW_022264974.1	unplaced-scaffold	20275			scaffold3029
GCF_002021735.2	Primary Assembly	Un			MPKV02003423.1	Chromosome		NW_022264975.1	unplaced-scaffold	20242			scaffold3030
GCF_002021735.2	Primary Assembly	Un			MPKV02003424.1	Chromosome		NW_022264976.1	unplaced-scaffold	20223			scaffold3031
GCF_002021735.2	Primary Assembly	Un			MPKV02003425.1	Chromosome		NW_022264977.1	unplaced-scaffold	20229			scaffold3032
GCF_002021735.2	Primary Assembly	Un			MPKV02003426.1	Chromosome		NW_022264978.1	unplaced-scaffold	20073			scaffold3033
GCF_002021735.2	Primary Assembly	Un			MPKV02003427.1	Chromosome		NW_022264979.1	unplaced-scaffold	20195			scaffold3034
GCF_002021735.2	Primary Assembly	Un			MPKV02003428.1	Chromosome		NW_022264980.1	unplaced-scaffold	20133			scaffold3035
GCF_002021735.2	Primary Assembly	Un			MPKV02003429.1	Chromosome		NW_022264981.1	unplaced-scaffold	20176			scaffold3036
GCF_002021735.2	Primary Assembly	Un			MPKV02003430.1	Chromosome		NW_022264982.1	unplaced-scaffold	20144			scaffold3037
GCF_002021735.2	Primary Assembly	Un			MPKV02003431.1	Chromosome		NW_022264983.1	unplaced-scaffold	20122			scaffold3038
GCF_002021735.2	Primary Assembly	Un			MPKV02003432.1	Chromosome		NW_022264984.1	unplaced-scaffold	20112			scaffold3039
GCF_002021735.2	Primary Assembly	Un			MPKV02003433.1	Chromosome		NW_022264985.1	unplaced-scaffold	630573			scaffold3040
GCF_002021735.2	Primary Assembly	Un			MPKV02003434.1	Chromosome		NW_022264986.1	unplaced-scaffold	20062			scaffold3041
GCF_002021735.2	Primary Assembly	Un			MPKV02003435.1	Chromosome		NW_022264987.1	unplaced-scaffold	20013			scaffold3042
GCF_002021735.2	Primary Assembly	Un			MPKV02003436.1	Chromosome		NW_022264988.1	unplaced-scaffold	20020			scaffold3043
GCF_002021735.2	Primary Assembly	Un			MPKV02003437.1	Chromosome		NW_022264989.1	unplaced-scaffold	19978			scaffold3044
GCF_002021735.2	Primary Assembly	Un			MPKV02003438.1	Chromosome		NW_022264990.1	unplaced-scaffold	19951			scaffold3045
GCF_002021735.2	Primary Assembly	Un			MPKV02003439.1	Chromosome		NW_022264991.1	unplaced-scaffold	19917			scaffold3046
GCF_002021735.2	Primary Assembly	Un			MPKV02003440.1	Chromosome		NW_022264992.1	unplaced-scaffold	19940			scaffold3047
GCF_002021735.2	Primary Assembly	Un			MPKV02003441.1	Chromosome		NW_022264993.1	unplaced-scaffold	19880			scaffold3048
GCF_002021735.2	Primary Assembly	Un			MPKV02003442.1	Chromosome		NW_022264994.1	unplaced-scaffold	19873			scaffold3049
GCF_002021735.2	Primary Assembly	Un			MPKV02003443.1	Chromosome		NW_022264995.1	unplaced-scaffold	19887			scaffold3050
GCF_002021735.2	Primary Assembly	Un			MPKV02003444.1	Chromosome		NW_022264996.1	unplaced-scaffold	625108			scaffold3051
GCF_002021735.2	Primary Assembly	Un			MPKV02003445.1	Chromosome		NW_022264997.1	unplaced-scaffold	19785			scaffold3052
GCF_002021735.2	Primary Assembly	Un			MPKV02003446.1	Chromosome		NW_022264998.1	unplaced-scaffold	19788			scaffold3053
GCF_002021735.2	Primary Assembly	Un			MPKV02003447.1	Chromosome		NW_022264999.1	unplaced-scaffold	19911			scaffold3054
GCF_002021735.2	Primary Assembly	Un			MPKV02003448.1	Chromosome		NW_022265000.1	unplaced-scaffold	19795			scaffold3055
GCF_002021735.2	Primary Assembly	Un			MPKV02003449.1	Chromosome		NW_022265001.1	unplaced-scaffold	19828			scaffold3056
GCF_002021735.2	Primary Assembly	Un			MPKV02003450.1	Chromosome		NW_022265002.1	unplaced-scaffold	19407			scaffold3057
GCF_002021735.2	Primary Assembly	Un			MPKV02003451.1	Chromosome		NW_022265003.1	unplaced-scaffold	19771			scaffold3058
GCF_002021735.2	Primary Assembly	Un			MPKV02003452.1	Chromosome		NW_022265004.1	unplaced-scaffold	19749			scaffold3059
GCF_002021735.2	Primary Assembly	Un			MPKV02003453.1	Chromosome		NW_022265005.1	unplaced-scaffold	19762			scaffold3060
GCF_002021735.2	Primary Assembly	Un			MPKV02003454.1	Chromosome		NW_022265006.1	unplaced-scaffold	19727			scaffold3061
GCF_002021735.2	Primary Assembly	Un			MPKV02003455.1	Chromosome		NW_022265007.1	unplaced-scaffold	19682			scaffold3062
GCF_002021735.2	Primary Assembly	Un			MPKV02003456.1	Chromosome		NW_022265008.1	unplaced-scaffold	19674			scaffold3063
GCF_002021735.2	Primary Assembly	Un			MPKV02003457.1	Chromosome		NW_022265009.1	unplaced-scaffold	19558			scaffold3064
GCF_002021735.2	Primary Assembly	Un			MPKV02003458.1	Chromosome		NW_022265010.1	unplaced-scaffold	19624			scaffold3065
GCF_002021735.2	Primary Assembly	Un			MPKV02003459.1	Chromosome		NW_022265011.1	unplaced-scaffold	19551			scaffold3066
GCF_002021735.2	Primary Assembly	Un			MPKV02003460.1	Chromosome		NW_022265012.1	unplaced-scaffold	19551			scaffold3067
GCF_002021735.2	Primary Assembly	Un			MPKV02003461.1	Chromosome		NW_022265013.1	unplaced-scaffold	19552			scaffold3068
GCF_002021735.2	Primary Assembly	Un			MPKV02003462.1	Chromosome		NW_022265014.1	unplaced-scaffold	803934			scaffold3069
GCF_002021735.2	Primary Assembly	Un			MPKV02003463.1	Chromosome		NW_022265015.1	unplaced-scaffold	19591			scaffold3070
GCF_002021735.2	Primary Assembly	Un			MPKV02003464.1	Chromosome		NW_022265016.1	unplaced-scaffold	19511			scaffold3071
GCF_002021735.2	Primary Assembly	Un			MPKV02003465.1	Chromosome		NW_022265017.1	unplaced-scaffold	667019			scaffold3072
GCF_002021735.2	Primary Assembly	Un			MPKV02003466.1	Chromosome		NW_022265018.1	unplaced-scaffold	19470			scaffold3073
GCF_002021735.2	Primary Assembly	Un			MPKV02003467.1	Chromosome		NW_022265019.1	unplaced-scaffold	19461			scaffold3074
GCF_002021735.2	Primary Assembly	Un			MPKV02003468.1	Chromosome		NW_022265020.1	unplaced-scaffold	18542			scaffold3075
GCF_002021735.2	Primary Assembly	Un			MPKV02003469.1	Chromosome		NW_022265021.1	unplaced-scaffold	19436			scaffold3076
GCF_002021735.2	Primary Assembly	Un			MPKV02003470.1	Chromosome		NW_022265022.1	unplaced-scaffold	19436			scaffold3077
GCF_002021735.2	Primary Assembly	Un			MPKV02003471.1	Chromosome		NW_022265023.1	unplaced-scaffold	19404			scaffold3078
GCF_002021735.2	Primary Assembly	Un			MPKV02003472.1	Chromosome		NW_022265024.1	unplaced-scaffold	19390			scaffold3079
GCF_002021735.2	Primary Assembly	Un			MPKV02003473.1	Chromosome		NW_022265025.1	unplaced-scaffold	19383			scaffold3080
GCF_002021735.2	Primary Assembly	Un			MPKV02003474.1	Chromosome		NW_022265026.1	unplaced-scaffold	19384			scaffold3081
GCF_002021735.2	Primary Assembly	Un			MPKV02003475.1	Chromosome		NW_022265027.1	unplaced-scaffold	19435			scaffold3082
GCF_002021735.2	Primary Assembly	Un			MPKV02003476.1	Chromosome		NW_022265028.1	unplaced-scaffold	19383			scaffold3083
GCF_002021735.2	Primary Assembly	Un			MPKV02003477.1	Chromosome		NW_022265029.1	unplaced-scaffold	19490			scaffold3084
GCF_002021735.2	Primary Assembly	Un			MPKV02003478.1	Chromosome		NW_022265030.1	unplaced-scaffold	19370			scaffold3085
GCF_002021735.2	Primary Assembly	Un			MPKV02003479.1	Chromosome		NW_022265031.1	unplaced-scaffold	19349			scaffold3086
GCF_002021735.2	Primary Assembly	Un			MPKV02003480.1	Chromosome		NW_022265032.1	unplaced-scaffold	19352			scaffold3087
GCF_002021735.2	Primary Assembly	Un			MPKV02003481.1	Chromosome		NW_022265033.1	unplaced-scaffold	19319			scaffold3088
GCF_002021735.2	Primary Assembly	Un			MPKV02003482.1	Chromosome		NW_022265034.1	unplaced-scaffold	19442			scaffold3089
GCF_002021735.2	Primary Assembly	Un			MPKV02003483.1	Chromosome		NW_022265035.1	unplaced-scaffold	19341			scaffold3090
GCF_002021735.2	Primary Assembly	Un			MPKV02003484.1	Chromosome		NW_022265036.1	unplaced-scaffold	19323			scaffold3091
GCF_002021735.2	Primary Assembly	Un			MPKV02003485.1	Chromosome		NW_022265037.1	unplaced-scaffold	19319			scaffold3092
GCF_002021735.2	Primary Assembly	Un			MPKV02003486.1	Chromosome		NW_022265038.1	unplaced-scaffold	19302			scaffold3093
GCF_002021735.2	Primary Assembly	Un			MPKV02003487.1	Chromosome		NW_022265039.1	unplaced-scaffold	19293			scaffold3094
GCF_002021735.2	Primary Assembly	Un			MPKV02003488.1	Chromosome		NW_022265040.1	unplaced-scaffold	19267			scaffold3095
GCF_002021735.2	Primary Assembly	Un			MPKV02003489.1	Chromosome		NW_022265041.1	unplaced-scaffold	19267			scaffold3096
GCF_002021735.2	Primary Assembly	Un			MPKV02003490.1	Chromosome		NW_022265042.1	unplaced-scaffold	19239			scaffold3097
GCF_002021735.2	Primary Assembly	Un			MPKV02003491.1	Chromosome		NW_022265043.1	unplaced-scaffold	19244			scaffold3098
GCF_002021735.2	Primary Assembly	Un			MPKV02003492.1	Chromosome		NW_022265044.1	unplaced-scaffold	19234			scaffold3099
GCF_002021735.2	Primary Assembly	Un			MPKV02003493.1	Chromosome		NW_022265045.1	unplaced-scaffold	19422			scaffold3100
GCF_002021735.2	Primary Assembly	Un			MPKV02003494.1	Chromosome		NW_022265046.1	unplaced-scaffold	19246			scaffold3101
GCF_002021735.2	Primary Assembly	Un			MPKV02003495.1	Chromosome		NW_022265047.1	unplaced-scaffold	19242			scaffold3102
GCF_002021735.2	Primary Assembly	Un			MPKV02003496.1	Chromosome		NW_022265048.1	unplaced-scaffold	19163			scaffold3103
GCF_002021735.2	Primary Assembly	Un			MPKV02003497.1	Chromosome		NW_022265049.1	unplaced-scaffold	19165			scaffold3104
GCF_002021735.2	Primary Assembly	Un			MPKV02003498.1	Chromosome		NW_022265050.1	unplaced-scaffold	19165			scaffold3105
GCF_002021735.2	Primary Assembly	Un			MPKV02003499.1	Chromosome		NW_022265051.1	unplaced-scaffold	19159			scaffold3106
GCF_002021735.2	Primary Assembly	Un			MPKV02003500.1	Chromosome		NW_022265052.1	unplaced-scaffold	19159			scaffold3107
GCF_002021735.2	Primary Assembly	Un			MPKV02003501.1	Chromosome		NW_022265053.1	unplaced-scaffold	19159			scaffold3108
GCF_002021735.2	Primary Assembly	Un			MPKV02003502.1	Chromosome		NW_022265054.1	unplaced-scaffold	19151			scaffold3109
GCF_002021735.2	Primary Assembly	Un			MPKV02003503.1	Chromosome		NW_022265055.1	unplaced-scaffold	19129			scaffold3110
GCF_002021735.2	Primary Assembly	Un			MPKV02003504.1	Chromosome		NW_022265056.1	unplaced-scaffold	19072			scaffold3111
GCF_002021735.2	Primary Assembly	Un			MPKV02003505.1	Chromosome		NW_022265057.1	unplaced-scaffold	19087			scaffold3112
GCF_002021735.2	Primary Assembly	Un			MPKV02003506.1	Chromosome		NW_022265058.1	unplaced-scaffold	19077			scaffold3113
GCF_002021735.2	Primary Assembly	Un			MPKV02003507.1	Chromosome		NW_022265059.1	unplaced-scaffold	19053			scaffold3114
GCF_002021735.2	Primary Assembly	Un			MPKV02003508.1	Chromosome		NW_022265060.1	unplaced-scaffold	19059			scaffold3115
GCF_002021735.2	Primary Assembly	Un			MPKV02003509.1	Chromosome		NW_022265061.1	unplaced-scaffold	19039			scaffold3116
GCF_002021735.2	Primary Assembly	Un			MPKV02003510.1	Chromosome		NW_022265062.1	unplaced-scaffold	19012			scaffold3117
GCF_002021735.2	Primary Assembly	Un			MPKV02003511.1	Chromosome		NW_022265063.1	unplaced-scaffold	19017			scaffold3118
GCF_002021735.2	Primary Assembly	Un			MPKV02003512.1	Chromosome		NW_022265064.1	unplaced-scaffold	19046			scaffold3119
GCF_002021735.2	Primary Assembly	Un			MPKV02003513.1	Chromosome		NW_022265065.1	unplaced-scaffold	18851			scaffold3120
GCF_002021735.2	Primary Assembly	Un			MPKV02003514.1	Chromosome		NW_022265066.1	unplaced-scaffold	18948			scaffold3121
GCF_002021735.2	Primary Assembly	Un			MPKV02003515.1	Chromosome		NW_022265067.1	unplaced-scaffold	18945			scaffold3122
GCF_002021735.2	Primary Assembly	Un			MPKV02003516.1	Chromosome		NW_022265068.1	unplaced-scaffold	18915			scaffold3123
GCF_002021735.2	Primary Assembly	Un			MPKV02003517.1	Chromosome		NW_022265069.1	unplaced-scaffold	18912			scaffold3124
GCF_002021735.2	Primary Assembly	Un			MPKV02003518.1	Chromosome		NW_022265070.1	unplaced-scaffold	18876			scaffold3125
GCF_002021735.2	Primary Assembly	Un			MPKV02003519.1	Chromosome		NW_022265071.1	unplaced-scaffold	18913			scaffold3126
GCF_002021735.2	Primary Assembly	Un			MPKV02003520.1	Chromosome		NW_022265072.1	unplaced-scaffold	18874			scaffold3127
GCF_002021735.2	Primary Assembly	Un			MPKV02003521.1	Chromosome		NW_022265073.1	unplaced-scaffold	18565			scaffold3128
GCF_002021735.2	Primary Assembly	Un			MPKV02003522.1	Chromosome		NW_022265074.1	unplaced-scaffold	18839			scaffold3129
GCF_002021735.2	Primary Assembly	Un			MPKV02003523.1	Chromosome		NW_022265075.1	unplaced-scaffold	18748			scaffold3130
GCF_002021735.2	Primary Assembly	Un			MPKV02003524.1	Chromosome		NW_022265076.1	unplaced-scaffold	18753			scaffold3131
GCF_002021735.2	Primary Assembly	Un			MPKV02003525.1	Chromosome		NW_022265077.1	unplaced-scaffold	18732			scaffold3132
GCF_002021735.2	Primary Assembly	Un			MPKV02003526.1	Chromosome		NW_022265078.1	unplaced-scaffold	18718			scaffold3133
GCF_002021735.2	Primary Assembly	Un			MPKV02003527.1	Chromosome		NW_022265079.1	unplaced-scaffold	18692			scaffold3134
GCF_002021735.2	Primary Assembly	Un			MPKV02003528.1	Chromosome		NW_022265080.1	unplaced-scaffold	18689			scaffold3135
GCF_002021735.2	Primary Assembly	Un			MPKV02003529.1	Chromosome		NW_022265081.1	unplaced-scaffold	18763			scaffold3136
GCF_002021735.2	Primary Assembly	Un			MPKV02003530.1	Chromosome		NW_022265082.1	unplaced-scaffold	18834			scaffold3137
GCF_002021735.2	Primary Assembly	Un			MPKV02003531.1	Chromosome		NW_022265083.1	unplaced-scaffold	18670			scaffold3138
GCF_002021735.2	Primary Assembly	Un			MPKV02003532.1	Chromosome		NW_022265084.1	unplaced-scaffold	18642			scaffold3139
GCF_002021735.2	Primary Assembly	Un			MPKV02003533.1	Chromosome		NW_022265085.1	unplaced-scaffold	159028			scaffold3140
GCF_002021735.2	Primary Assembly	Un			MPKV02003534.1	Chromosome		NW_022265086.1	unplaced-scaffold	18635			scaffold3141
GCF_002021735.2	Primary Assembly	Un			MPKV02003535.1	Chromosome		NW_022265087.1	unplaced-scaffold	18615			scaffold3142
GCF_002021735.2	Primary Assembly	Un			MPKV02003536.1	Chromosome		NW_022265088.1	unplaced-scaffold	18599			scaffold3143
GCF_002021735.2	Primary Assembly	Un			MPKV02003537.1	Chromosome		NW_022265089.1	unplaced-scaffold	18607			scaffold3144
GCF_002021735.2	Primary Assembly	Un			MPKV02003538.1	Chromosome		NW_022265090.1	unplaced-scaffold	18579			scaffold3145
GCF_002021735.2	Primary Assembly	Un			MPKV02003539.1	Chromosome		NW_022265091.1	unplaced-scaffold	96081			scaffold3146
GCF_002021735.2	Primary Assembly	Un			MPKV02003540.1	Chromosome		NW_022265092.1	unplaced-scaffold	586606			scaffold3147
GCF_002021735.2	Primary Assembly	Un			MPKV02003541.1	Chromosome		NW_022265093.1	unplaced-scaffold	18544			scaffold3148
GCF_002021735.2	Primary Assembly	Un			MPKV02003542.1	Chromosome		NW_022265094.1	unplaced-scaffold	18509			scaffold3149
GCF_002021735.2	Primary Assembly	Un			MPKV02003543.1	Chromosome		NW_022265095.1	unplaced-scaffold	18544			scaffold3150
GCF_002021735.2	Primary Assembly	Un			MPKV02003544.1	Chromosome		NW_022265096.1	unplaced-scaffold	18519			scaffold3151
GCF_002021735.2	Primary Assembly	Un			MPKV02003545.1	Chromosome		NW_022265097.1	unplaced-scaffold	18497			scaffold3152
GCF_002021735.2	Primary Assembly	Un			MPKV02003546.1	Chromosome		NW_022265098.1	unplaced-scaffold	18508			scaffold3153
GCF_002021735.2	Primary Assembly	Un			MPKV02003547.1	Chromosome		NW_022265099.1	unplaced-scaffold	18477			scaffold3154
GCF_002021735.2	Primary Assembly	Un			MPKV02003548.1	Chromosome		NW_022265100.1	unplaced-scaffold	155447			scaffold3155
GCF_002021735.2	Primary Assembly	Un			MPKV02003549.1	Chromosome		NW_022265101.1	unplaced-scaffold	18452			scaffold3156
GCF_002021735.2	Primary Assembly	Un			MPKV02003550.1	Chromosome		NW_022265102.1	unplaced-scaffold	18471			scaffold3157
GCF_002021735.2	Primary Assembly	Un			MPKV02003551.1	Chromosome		NW_022265103.1	unplaced-scaffold	18432			scaffold3158
GCF_002021735.2	Primary Assembly	Un			MPKV02003552.1	Chromosome		NW_022265104.1	unplaced-scaffold	18403			scaffold3159
GCF_002021735.2	Primary Assembly	Un			MPKV02003553.1	Chromosome		NW_022265105.1	unplaced-scaffold	18463			scaffold3160
GCF_002021735.2	Primary Assembly	Un			MPKV02003554.1	Chromosome		NW_022265106.1	unplaced-scaffold	18364			scaffold3161
GCF_002021735.2	Primary Assembly	Un			MPKV02003555.1	Chromosome		NW_022265107.1	unplaced-scaffold	18314			scaffold3162
GCF_002021735.2	Primary Assembly	Un			MPKV02003556.1	Chromosome		NW_022265108.1	unplaced-scaffold	18324			scaffold3163
GCF_002021735.2	Primary Assembly	Un			MPKV02003557.1	Chromosome		NW_022265109.1	unplaced-scaffold	49785			scaffold3164
GCF_002021735.2	Primary Assembly	Un			MPKV02003558.1	Chromosome		NW_022265110.1	unplaced-scaffold	18300			scaffold3165
GCF_002021735.2	Primary Assembly	Un			MPKV02003559.1	Chromosome		NW_022265111.1	unplaced-scaffold	18271			scaffold3166
GCF_002021735.2	Primary Assembly	Un			MPKV02003560.1	Chromosome		NW_022265112.1	unplaced-scaffold	18614			scaffold3167
GCF_002021735.2	Primary Assembly	Un			MPKV02003561.1	Chromosome		NW_022265113.1	unplaced-scaffold	18256			scaffold3168
GCF_002021735.2	Primary Assembly	Un			MPKV02003562.1	Chromosome		NW_022265114.1	unplaced-scaffold	18221			scaffold3169
GCF_002021735.2	Primary Assembly	Un			MPKV02003563.1	Chromosome		NW_022265115.1	unplaced-scaffold	18203			scaffold3170
GCF_002021735.2	Primary Assembly	Un			MPKV02003564.1	Chromosome		NW_022265116.1	unplaced-scaffold	18170			scaffold3171
GCF_002021735.2	Primary Assembly	Un			MPKV02003565.1	Chromosome		NW_022265117.1	unplaced-scaffold	18168			scaffold3172
GCF_002021735.2	Primary Assembly	Un			MPKV02003566.1	Chromosome		NW_022265118.1	unplaced-scaffold	18135			scaffold3173
GCF_002021735.2	Primary Assembly	Un			MPKV02003567.1	Chromosome		NW_022265119.1	unplaced-scaffold	18084			scaffold3174
GCF_002021735.2	Primary Assembly	Un			MPKV02003568.1	Chromosome		NW_022265120.1	unplaced-scaffold	18108			scaffold3175
GCF_002021735.2	Primary Assembly	Un			MPKV02003569.1	Chromosome		NW_022265121.1	unplaced-scaffold	18105			scaffold3176
GCF_002021735.2	Primary Assembly	Un			MPKV02003570.1	Chromosome		NW_022265122.1	unplaced-scaffold	18137			scaffold3177
GCF_002021735.2	Primary Assembly	Un			MPKV02003571.1	Chromosome		NW_022265123.1	unplaced-scaffold	18100			scaffold3178
GCF_002021735.2	Primary Assembly	Un			MPKV02003572.1	Chromosome		NW_022265124.1	unplaced-scaffold	52229			scaffold3179
GCF_002021735.2	Primary Assembly	Un			MPKV02003573.1	Chromosome		NW_022265125.1	unplaced-scaffold	5000			scaffold3180
GCF_002021735.2	Primary Assembly	Un			MPKV02003574.1	Chromosome		NW_022265126.1	unplaced-scaffold	18025			scaffold3181
GCF_002021735.2	Primary Assembly	Un			MPKV02003575.1	Chromosome		NW_022265127.1	unplaced-scaffold	18032			scaffold3182
GCF_002021735.2	Primary Assembly	Un			MPKV02003576.1	Chromosome		NW_022265128.1	unplaced-scaffold	17989			scaffold3183
GCF_002021735.2	Primary Assembly	Un			MPKV02003577.1	Chromosome		NW_022265129.1	unplaced-scaffold	17965			scaffold3184
GCF_002021735.2	Primary Assembly	Un			MPKV02003578.1	Chromosome		NW_022265130.1	unplaced-scaffold	17983			scaffold3185
GCF_002021735.2	Primary Assembly	Un			MPKV02003579.1	Chromosome		NW_022265131.1	unplaced-scaffold	17978			scaffold3186
GCF_002021735.2	Primary Assembly	Un			MPKV02003580.1	Chromosome		NW_022265132.1	unplaced-scaffold	17946			scaffold3187
GCF_002021735.2	Primary Assembly	Un			MPKV02003581.1	Chromosome		NW_022265133.1	unplaced-scaffold	17933			scaffold3188
GCF_002021735.2	Primary Assembly	Un			MPKV02003582.1	Chromosome		NW_022265134.1	unplaced-scaffold	17944			scaffold3189
GCF_002021735.2	Primary Assembly	Un			MPKV02003583.1	Chromosome		NW_022265135.1	unplaced-scaffold	17921			scaffold3190
GCF_002021735.2	Primary Assembly	Un			MPKV02003584.1	Chromosome		NW_022265136.1	unplaced-scaffold	17918			scaffold3191
GCF_002021735.2	Primary Assembly	Un			MPKV02003585.1	Chromosome		NW_022265137.1	unplaced-scaffold	17933			scaffold3192
GCF_002021735.2	Primary Assembly	Un			MPKV02003586.1	Chromosome		NW_022265138.1	unplaced-scaffold	17991			scaffold3193
GCF_002021735.2	Primary Assembly	Un			MPKV02003587.1	Chromosome		NW_022265139.1	unplaced-scaffold	17868			scaffold3194
GCF_002021735.2	Primary Assembly	Un			MPKV02003588.1	Chromosome		NW_022265140.1	unplaced-scaffold	17825			scaffold3195
GCF_002021735.2	Primary Assembly	Un			MPKV02003589.1	Chromosome		NW_022265141.1	unplaced-scaffold	17824			scaffold3196
GCF_002021735.2	Primary Assembly	Un			MPKV02003590.1	Chromosome		NW_022265142.1	unplaced-scaffold	17792			scaffold3197
GCF_002021735.2	Primary Assembly	Un			MPKV02003591.1	Chromosome		NW_022265143.1	unplaced-scaffold	17771			scaffold3198
GCF_002021735.2	Primary Assembly	Un			MPKV02003592.1	Chromosome		NW_022265144.1	unplaced-scaffold	17764			scaffold3199
GCF_002021735.2	Primary Assembly	Un			MPKV02003593.1	Chromosome		NW_022265145.1	unplaced-scaffold	17728			scaffold3200
GCF_002021735.2	Primary Assembly	Un			MPKV02003594.1	Chromosome		NW_022265146.1	unplaced-scaffold	17722			scaffold3201
GCF_002021735.2	Primary Assembly	Un			MPKV02003595.1	Chromosome		NW_022265147.1	unplaced-scaffold	577800			scaffold3202
GCF_002021735.2	Primary Assembly	Un			MPKV02003596.1	Chromosome		NW_022265148.1	unplaced-scaffold	17703			scaffold3203
GCF_002021735.2	Primary Assembly	Un			MPKV02003597.1	Chromosome		NW_022265149.1	unplaced-scaffold	17617			scaffold3204
GCF_002021735.2	Primary Assembly	Un			MPKV02003598.1	Chromosome		NW_022265150.1	unplaced-scaffold	17641			scaffold3205
GCF_002021735.2	Primary Assembly	Un			MPKV02003599.1	Chromosome		NW_022265151.1	unplaced-scaffold	17679			scaffold3206
GCF_002021735.2	Primary Assembly	Un			MPKV02003600.1	Chromosome		NW_022265152.1	unplaced-scaffold	4846			scaffold3207
GCF_002021735.2	Primary Assembly	Un			MPKV02003601.1	Chromosome		NW_022265153.1	unplaced-scaffold	90025			scaffold3208
GCF_002021735.2	Primary Assembly	Un			MPKV02003602.1	Chromosome		NW_022265154.1	unplaced-scaffold	17625			scaffold3209
GCF_002021735.2	Primary Assembly	Un			MPKV02003603.1	Chromosome		NW_022265155.1	unplaced-scaffold	17630			scaffold3210
GCF_002021735.2	Primary Assembly	Un			MPKV02003604.1	Chromosome		NW_022265156.1	unplaced-scaffold	17586			scaffold3211
GCF_002021735.2	Primary Assembly	Un			MPKV02003605.1	Chromosome		NW_022265157.1	unplaced-scaffold	17596			scaffold3212
GCF_002021735.2	Primary Assembly	Un			MPKV02003606.1	Chromosome		NW_022265158.1	unplaced-scaffold	17622			scaffold3213
GCF_002021735.2	Primary Assembly	Un			MPKV02003607.1	Chromosome		NW_022265159.1	unplaced-scaffold	17573			scaffold3214
GCF_002021735.2	Primary Assembly	Un			MPKV02003608.1	Chromosome		NW_022265160.1	unplaced-scaffold	17537			scaffold3215
GCF_002021735.2	Primary Assembly	Un			MPKV02003609.1	Chromosome		NW_022265161.1	unplaced-scaffold	17501			scaffold3216
GCF_002021735.2	Primary Assembly	Un			MPKV02003610.1	Chromosome		NW_022265162.1	unplaced-scaffold	17491			scaffold3217
GCF_002021735.2	Primary Assembly	Un			MPKV02003611.1	Chromosome		NW_022265163.1	unplaced-scaffold	17498			scaffold3218
GCF_002021735.2	Primary Assembly	Un			MPKV02003612.1	Chromosome		NW_022265164.1	unplaced-scaffold	570704			scaffold3219
GCF_002021735.2	Primary Assembly	Un			MPKV02003613.1	Chromosome		NW_022265165.1	unplaced-scaffold	17533			scaffold3220
GCF_002021735.2	Primary Assembly	Un			MPKV02003614.1	Chromosome		NW_022265166.1	unplaced-scaffold	17485			scaffold3221
GCF_002021735.2	Primary Assembly	Un			MPKV02003615.1	Chromosome		NW_022265167.1	unplaced-scaffold	17547			scaffold3222
GCF_002021735.2	Primary Assembly	Un			MPKV02003616.1	Chromosome		NW_022265168.1	unplaced-scaffold	17387			scaffold3223
GCF_002021735.2	Primary Assembly	Un			MPKV02003617.1	Chromosome		NW_022265169.1	unplaced-scaffold	17382			scaffold3224
GCF_002021735.2	Primary Assembly	Un			MPKV02003618.1	Chromosome		NW_022265170.1	unplaced-scaffold	17370			scaffold3225
GCF_002021735.2	Primary Assembly	Un			MPKV02003619.1	Chromosome		NW_022265171.1	unplaced-scaffold	17346			scaffold3226
GCF_002021735.2	Primary Assembly	Un			MPKV02003620.1	Chromosome		NW_022265172.1	unplaced-scaffold	17334			scaffold3227
GCF_002021735.2	Primary Assembly	Un			MPKV02003621.1	Chromosome		NW_022265173.1	unplaced-scaffold	17330			scaffold3228
GCF_002021735.2	Primary Assembly	Un			MPKV02003622.1	Chromosome		NW_022265174.1	unplaced-scaffold	77911			scaffold3229
GCF_002021735.2	Primary Assembly	Un			MPKV02003623.1	Chromosome		NW_022265175.1	unplaced-scaffold	17313			scaffold3230
GCF_002021735.2	Primary Assembly	Un			MPKV02003624.1	Chromosome		NW_022265176.1	unplaced-scaffold	17346			scaffold3231
GCF_002021735.2	Primary Assembly	Un			MPKV02003625.1	Chromosome		NW_022265177.1	unplaced-scaffold	17336			scaffold3232
GCF_002021735.2	Primary Assembly	Un			MPKV02003626.1	Chromosome		NW_022265178.1	unplaced-scaffold	17233			scaffold3233
GCF_002021735.2	Primary Assembly	Un			MPKV02003627.1	Chromosome		NW_022265179.1	unplaced-scaffold	50000			scaffold3234
GCF_002021735.2	Primary Assembly	Un			MPKV02003628.1	Chromosome		NW_022265180.1	unplaced-scaffold	17139			scaffold3235
GCF_002021735.2	Primary Assembly	Un			MPKV02003629.1	Chromosome		NW_022265181.1	unplaced-scaffold	17308			scaffold3236
GCF_002021735.2	Primary Assembly	Un			MPKV02003630.1	Chromosome		NW_022265182.1	unplaced-scaffold	17190			scaffold3237
GCF_002021735.2	Primary Assembly	Un			MPKV02003631.1	Chromosome		NW_022265183.1	unplaced-scaffold	559231			scaffold3238
GCF_002021735.2	Primary Assembly	Un			MPKV02003632.1	Chromosome		NW_022265184.1	unplaced-scaffold	17173			scaffold3239
GCF_002021735.2	Primary Assembly	Un			MPKV02003633.1	Chromosome		NW_022265185.1	unplaced-scaffold	17269			scaffold3240
GCF_002021735.2	Primary Assembly	Un			MPKV02003634.1	Chromosome		NW_022265186.1	unplaced-scaffold	17168			scaffold3241
GCF_002021735.2	Primary Assembly	Un			MPKV02003635.1	Chromosome		NW_022265187.1	unplaced-scaffold	17180			scaffold3242
GCF_002021735.2	Primary Assembly	Un			MPKV02003636.1	Chromosome		NW_022265188.1	unplaced-scaffold	17167			scaffold3243
GCF_002021735.2	Primary Assembly	Un			MPKV02003637.1	Chromosome		NW_022265189.1	unplaced-scaffold	17166			scaffold3244
GCF_002021735.2	Primary Assembly	Un			MPKV02003638.1	Chromosome		NW_022265190.1	unplaced-scaffold	17124			scaffold3245
GCF_002021735.2	Primary Assembly	Un			MPKV02003639.1	Chromosome		NW_022265191.1	unplaced-scaffold	17104			scaffold3246
GCF_002021735.2	Primary Assembly	Un			MPKV02003640.1	Chromosome		NW_022265192.1	unplaced-scaffold	17100			scaffold3247
GCF_002021735.2	Primary Assembly	Un			MPKV02003641.1	Chromosome		NW_022265193.1	unplaced-scaffold	17092			scaffold3248
GCF_002021735.2	Primary Assembly	Un			MPKV02003642.1	Chromosome		NW_022265194.1	unplaced-scaffold	17081			scaffold3249
GCF_002021735.2	Primary Assembly	Un			MPKV02003643.1	Chromosome		NW_022265195.1	unplaced-scaffold	17062			scaffold3250
GCF_002021735.2	Primary Assembly	Un			MPKV02003644.1	Chromosome		NW_022265196.1	unplaced-scaffold	17086			scaffold3251
GCF_002021735.2	Primary Assembly	Un			MPKV02003645.1	Chromosome		NW_022265197.1	unplaced-scaffold	17037			scaffold3252
GCF_002021735.2	Primary Assembly	Un			MPKV02003646.1	Chromosome		NW_022265198.1	unplaced-scaffold	17000			scaffold3253
GCF_002021735.2	Primary Assembly	Un			MPKV02003647.1	Chromosome		NW_022265199.1	unplaced-scaffold	17170			scaffold3254
GCF_002021735.2	Primary Assembly	Un			MPKV02003648.1	Chromosome		NW_022265200.1	unplaced-scaffold	16933			scaffold3255
GCF_002021735.2	Primary Assembly	Un			MPKV02003649.1	Chromosome		NW_022265201.1	unplaced-scaffold	16922			scaffold3256
GCF_002021735.2	Primary Assembly	Un			MPKV02003650.1	Chromosome		NW_022265202.1	unplaced-scaffold	551303			scaffold3257
GCF_002021735.2	Primary Assembly	Un			MPKV02003651.1	Chromosome		NW_022265203.1	unplaced-scaffold	16830			scaffold3258
GCF_002021735.2	Primary Assembly	Un			MPKV02003652.1	Chromosome		NW_022265204.1	unplaced-scaffold	16865			scaffold3259
GCF_002021735.2	Primary Assembly	Un			MPKV02003653.1	Chromosome		NW_022265205.1	unplaced-scaffold	16761			scaffold3260
GCF_002021735.2	Primary Assembly	Un			MPKV02003654.1	Chromosome		NW_022265206.1	unplaced-scaffold	16812			scaffold3261
GCF_002021735.2	Primary Assembly	Un			MPKV02003655.1	Chromosome		NW_022265207.1	unplaced-scaffold	16780			scaffold3262
GCF_002021735.2	Primary Assembly	Un			MPKV02003656.1	Chromosome		NW_022265208.1	unplaced-scaffold	16804			scaffold3263
GCF_002021735.2	Primary Assembly	Un			MPKV02003657.1	Chromosome		NW_022265209.1	unplaced-scaffold	16717			scaffold3264
GCF_002021735.2	Primary Assembly	Un			MPKV02003658.1	Chromosome		NW_022265210.1	unplaced-scaffold	16717			scaffold3265
GCF_002021735.2	Primary Assembly	Un			MPKV02003659.1	Chromosome		NW_022265211.1	unplaced-scaffold	16679			scaffold3266
GCF_002021735.2	Primary Assembly	Un			MPKV02003660.1	Chromosome		NW_022265212.1	unplaced-scaffold	16707			scaffold3267
GCF_002021735.2	Primary Assembly	Un			MPKV02003661.1	Chromosome		NW_022265213.1	unplaced-scaffold	16679			scaffold3268
GCF_002021735.2	Primary Assembly	Un			MPKV02003662.1	Chromosome		NW_022265214.1	unplaced-scaffold	16660			scaffold3269
GCF_002021735.2	Primary Assembly	Un			MPKV02003663.1	Chromosome		NW_022265215.1	unplaced-scaffold	25000			scaffold3270
GCF_002021735.2	Primary Assembly	Un			MPKV02003664.1	Chromosome		NW_022265216.1	unplaced-scaffold	16676			scaffold3271
GCF_002021735.2	Primary Assembly	Un			MPKV02003665.1	Chromosome		NW_022265217.1	unplaced-scaffold	16720			scaffold3272
GCF_002021735.2	Primary Assembly	Un			MPKV02003666.1	Chromosome		NW_022265218.1	unplaced-scaffold	16715			scaffold3273
GCF_002021735.2	Primary Assembly	Un			MPKV02003667.1	Chromosome		NW_022265219.1	unplaced-scaffold	124800			scaffold3274
GCF_002021735.2	Primary Assembly	Un			MPKV02003668.1	Chromosome		NW_022265220.1	unplaced-scaffold	50000			scaffold3275
GCF_002021735.2	Primary Assembly	Un			MPKV02003669.1	Chromosome		NW_022265221.1	unplaced-scaffold	16618			scaffold3276
GCF_002021735.2	Primary Assembly	Un			MPKV02003670.1	Chromosome		NW_022265222.1	unplaced-scaffold	16562			scaffold3277
GCF_002021735.2	Primary Assembly	Un			MPKV02003671.1	Chromosome		NW_022265223.1	unplaced-scaffold	16538			scaffold3278
GCF_002021735.2	Primary Assembly	Un			MPKV02003672.1	Chromosome		NW_022265224.1	unplaced-scaffold	16420			scaffold3279
GCF_002021735.2	Primary Assembly	Un			MPKV02003673.1	Chromosome		NW_022265225.1	unplaced-scaffold	16464			scaffold3280
GCF_002021735.2	Primary Assembly	Un			MPKV02003674.1	Chromosome		NW_022265226.1	unplaced-scaffold	16595			scaffold3281
GCF_002021735.2	Primary Assembly	Un			MPKV02003675.1	Chromosome		NW_022265227.1	unplaced-scaffold	16500			scaffold3282
GCF_002021735.2	Primary Assembly	Un			MPKV02003676.1	Chromosome		NW_022265228.1	unplaced-scaffold	16424			scaffold3283
GCF_002021735.2	Primary Assembly	Un			MPKV02003677.1	Chromosome		NW_022265229.1	unplaced-scaffold	16342			scaffold3284
GCF_002021735.2	Primary Assembly	Un			MPKV02003678.1	Chromosome		NW_022265230.1	unplaced-scaffold	16449			scaffold3285
GCF_002021735.2	Primary Assembly	Un			MPKV02003679.1	Chromosome		NW_022265231.1	unplaced-scaffold	16424			scaffold3286
GCF_002021735.2	Primary Assembly	Un			MPKV02003680.1	Chromosome		NW_022265232.1	unplaced-scaffold	16351			scaffold3287
GCF_002021735.2	Primary Assembly	Un			MPKV02003681.1	Chromosome		NW_022265233.1	unplaced-scaffold	16304			scaffold3288
GCF_002021735.2	Primary Assembly	Un			MPKV02003682.1	Chromosome		NW_022265234.1	unplaced-scaffold	16296			scaffold3289
GCF_002021735.2	Primary Assembly	Un			MPKV02003683.1	Chromosome		NW_022265235.1	unplaced-scaffold	16295			scaffold3290
GCF_002021735.2	Primary Assembly	Un			MPKV02003684.1	Chromosome		NW_022265236.1	unplaced-scaffold	16283			scaffold3291
GCF_002021735.2	Primary Assembly	Un			MPKV02003685.1	Chromosome		NW_022265237.1	unplaced-scaffold	16281			scaffold3292
GCF_002021735.2	Primary Assembly	Un			MPKV02003686.1	Chromosome		NW_022265238.1	unplaced-scaffold	16334			scaffold3293
GCF_002021735.2	Primary Assembly	Un			MPKV02003687.1	Chromosome		NW_022265239.1	unplaced-scaffold	16258			scaffold3294
GCF_002021735.2	Primary Assembly	Un			MPKV02003688.1	Chromosome		NW_022265240.1	unplaced-scaffold	16239			scaffold3295
GCF_002021735.2	Primary Assembly	Un			MPKV02003689.1	Chromosome		NW_022265241.1	unplaced-scaffold	16201			scaffold3296
GCF_002021735.2	Primary Assembly	Un			MPKV02003690.1	Chromosome		NW_022265242.1	unplaced-scaffold	16177			scaffold3297
GCF_002021735.2	Primary Assembly	Un			MPKV02003691.1	Chromosome		NW_022265243.1	unplaced-scaffold	16181			scaffold3298
GCF_002021735.2	Primary Assembly	Un			MPKV02003692.1	Chromosome		NW_022265244.1	unplaced-scaffold	16175			scaffold3299
GCF_002021735.2	Primary Assembly	Un			MPKV02003693.1	Chromosome		NW_022265245.1	unplaced-scaffold	16138			scaffold3300
GCF_002021735.2	Primary Assembly	Un			MPKV02003694.1	Chromosome		NW_022265246.1	unplaced-scaffold	16196			scaffold3301
GCF_002021735.2	Primary Assembly	Un			MPKV02003695.1	Chromosome		NW_022265247.1	unplaced-scaffold	16111			scaffold3302
GCF_002021735.2	Primary Assembly	Un			MPKV02003696.1	Chromosome		NW_022265248.1	unplaced-scaffold	16099			scaffold3303
GCF_002021735.2	Primary Assembly	Un			MPKV02003697.1	Chromosome		NW_022265249.1	unplaced-scaffold	16095			scaffold3304
GCF_002021735.2	Primary Assembly	Un			MPKV02003698.1	Chromosome		NW_022265250.1	unplaced-scaffold	16099			scaffold3305
GCF_002021735.2	Primary Assembly	Un			MPKV02003699.1	Chromosome		NW_022265251.1	unplaced-scaffold	537655			scaffold3306
GCF_002021735.2	Primary Assembly	Un			MPKV02003700.1	Chromosome		NW_022265252.1	unplaced-scaffold	16033			scaffold3307
GCF_002021735.2	Primary Assembly	Un			MPKV02003701.1	Chromosome		NW_022265253.1	unplaced-scaffold	16039			scaffold3308
GCF_002021735.2	Primary Assembly	Un			MPKV02003702.1	Chromosome		NW_022265254.1	unplaced-scaffold	15982			scaffold3309
GCF_002021735.2	Primary Assembly	Un			MPKV02003703.1	Chromosome		NW_022265255.1	unplaced-scaffold	15992			scaffold3310
GCF_002021735.2	Primary Assembly	Un			MPKV02003704.1	Chromosome		NW_022265256.1	unplaced-scaffold	16000			scaffold3311
GCF_002021735.2	Primary Assembly	Un			MPKV02003705.1	Chromosome		NW_022265257.1	unplaced-scaffold	15999			scaffold3312
GCF_002021735.2	Primary Assembly	Un			MPKV02003706.1	Chromosome		NW_022265258.1	unplaced-scaffold	15981			scaffold3313
GCF_002021735.2	Primary Assembly	Un			MPKV02003707.1	Chromosome		NW_022265259.1	unplaced-scaffold	15972			scaffold3314
GCF_002021735.2	Primary Assembly	Un			MPKV02003708.1	Chromosome		NW_022265260.1	unplaced-scaffold	15938			scaffold3315
GCF_002021735.2	Primary Assembly	Un			MPKV02003709.1	Chromosome		NW_022265261.1	unplaced-scaffold	15910			scaffold3316
GCF_002021735.2	Primary Assembly	Un			MPKV02003710.1	Chromosome		NW_022265262.1	unplaced-scaffold	15884			scaffold3317
GCF_002021735.2	Primary Assembly	Un			MPKV02003711.1	Chromosome		NW_022265263.1	unplaced-scaffold	15875			scaffold3318
GCF_002021735.2	Primary Assembly	Un			MPKV02003712.1	Chromosome		NW_022265264.1	unplaced-scaffold	15862			scaffold3319
GCF_002021735.2	Primary Assembly	Un			MPKV02003713.1	Chromosome		NW_022265265.1	unplaced-scaffold	15860			scaffold3320
GCF_002021735.2	Primary Assembly	Un			MPKV02003714.1	Chromosome		NW_022265266.1	unplaced-scaffold	15888			scaffold3321
GCF_002021735.2	Primary Assembly	Un			MPKV02003715.1	Chromosome		NW_022265267.1	unplaced-scaffold	15824			scaffold3322
GCF_002021735.2	Primary Assembly	Un			MPKV02003716.1	Chromosome		NW_022265268.1	unplaced-scaffold	15824			scaffold3323
GCF_002021735.2	Primary Assembly	Un			MPKV02003717.1	Chromosome		NW_022265269.1	unplaced-scaffold	15785			scaffold3324
GCF_002021735.2	Primary Assembly	Un			MPKV02003718.1	Chromosome		NW_022265270.1	unplaced-scaffold	15797			scaffold3325
GCF_002021735.2	Primary Assembly	Un			MPKV02003719.1	Chromosome		NW_022265271.1	unplaced-scaffold	15806			scaffold3326
GCF_002021735.2	Primary Assembly	Un			MPKV02003720.1	Chromosome		NW_022265272.1	unplaced-scaffold	15741			scaffold3327
GCF_002021735.2	Primary Assembly	Un			MPKV02003721.1	Chromosome		NW_022265273.1	unplaced-scaffold	15811			scaffold3328
GCF_002021735.2	Primary Assembly	Un			MPKV02003722.1	Chromosome		NW_022265274.1	unplaced-scaffold	15685			scaffold3329
GCF_002021735.2	Primary Assembly	Un			MPKV02003723.1	Chromosome		NW_022265275.1	unplaced-scaffold	15738			scaffold3330
GCF_002021735.2	Primary Assembly	Un			MPKV02003724.1	Chromosome		NW_022265276.1	unplaced-scaffold	15654			scaffold3331
GCF_002021735.2	Primary Assembly	Un			MPKV02003725.1	Chromosome		NW_022265277.1	unplaced-scaffold	15640			scaffold3332
GCF_002021735.2	Primary Assembly	Un			MPKV02003726.1	Chromosome		NW_022265278.1	unplaced-scaffold	15621			scaffold3333
GCF_002021735.2	Primary Assembly	Un			MPKV02003727.1	Chromosome		NW_022265279.1	unplaced-scaffold	526461			scaffold3334
GCF_002021735.2	Primary Assembly	Un			MPKV02003728.1	Chromosome		NW_022265280.1	unplaced-scaffold	15597			scaffold3335
GCF_002021735.2	Primary Assembly	Un			MPKV02003729.1	Chromosome		NW_022265281.1	unplaced-scaffold	15618			scaffold3336
GCF_002021735.2	Primary Assembly	Un			MPKV02003730.1	Chromosome		NW_022265282.1	unplaced-scaffold	16080			scaffold3337
GCF_002021735.2	Primary Assembly	Un			MPKV02003731.1	Chromosome		NW_022265283.1	unplaced-scaffold	232818			scaffold3338
GCF_002021735.2	Primary Assembly	Un			MPKV02003732.1	Chromosome		NW_022265284.1	unplaced-scaffold	5000			scaffold3339
GCF_002021735.2	Primary Assembly	Un			MPKV02003733.1	Chromosome		NW_022265285.1	unplaced-scaffold	15581			scaffold3340
GCF_002021735.2	Primary Assembly	Un			MPKV02003734.1	Chromosome		NW_022265286.1	unplaced-scaffold	15564			scaffold3341
GCF_002021735.2	Primary Assembly	Un			MPKV02003735.1	Chromosome		NW_022265287.1	unplaced-scaffold	15515			scaffold3342
GCF_002021735.2	Primary Assembly	Un			MPKV02003736.1	Chromosome		NW_022265288.1	unplaced-scaffold	15513			scaffold3343
GCF_002021735.2	Primary Assembly	Un			MPKV02003737.1	Chromosome		NW_022265289.1	unplaced-scaffold	15506			scaffold3344
GCF_002021735.2	Primary Assembly	Un			MPKV02003738.1	Chromosome		NW_022265290.1	unplaced-scaffold	15471			scaffold3345
GCF_002021735.2	Primary Assembly	Un			MPKV02003739.1	Chromosome		NW_022265291.1	unplaced-scaffold	15468			scaffold3346
GCF_002021735.2	Primary Assembly	Un			MPKV02003740.1	Chromosome		NW_022265292.1	unplaced-scaffold	15463			scaffold3347
GCF_002021735.2	Primary Assembly	Un			MPKV02003741.1	Chromosome		NW_022265293.1	unplaced-scaffold	15415			scaffold3348
GCF_002021735.2	Primary Assembly	Un			MPKV02003742.1	Chromosome		NW_022265294.1	unplaced-scaffold	15469			scaffold3349
GCF_002021735.2	Primary Assembly	Un			MPKV02003743.1	Chromosome		NW_022265295.1	unplaced-scaffold	15422			scaffold3350
GCF_002021735.2	Primary Assembly	Un			MPKV02003744.1	Chromosome		NW_022265296.1	unplaced-scaffold	15425			scaffold3351
GCF_002021735.2	Primary Assembly	Un			MPKV02003745.1	Chromosome		NW_022265297.1	unplaced-scaffold	15441			scaffold3352
GCF_002021735.2	Primary Assembly	Un			MPKV02003746.1	Chromosome		NW_022265298.1	unplaced-scaffold	15406			scaffold3353
GCF_002021735.2	Primary Assembly	Un			MPKV02003747.1	Chromosome		NW_022265299.1	unplaced-scaffold	15394			scaffold3354
GCF_002021735.2	Primary Assembly	Un			MPKV02003748.1	Chromosome		NW_022265300.1	unplaced-scaffold	15382			scaffold3355
GCF_002021735.2	Primary Assembly	Un			MPKV02003749.1	Chromosome		NW_022265301.1	unplaced-scaffold	15376			scaffold3356
GCF_002021735.2	Primary Assembly	Un			MPKV02003750.1	Chromosome		NW_022265302.1	unplaced-scaffold	518757			scaffold3357
GCF_002021735.2	Primary Assembly	Un			MPKV02003751.1	Chromosome		NW_022265303.1	unplaced-scaffold	15381			scaffold3358
GCF_002021735.2	Primary Assembly	Un			MPKV02003752.1	Chromosome		NW_022265304.1	unplaced-scaffold	15357			scaffold3359
GCF_002021735.2	Primary Assembly	Un			MPKV02003753.1	Chromosome		NW_022265305.1	unplaced-scaffold	15332			scaffold3360
GCF_002021735.2	Primary Assembly	Un			MPKV02003754.1	Chromosome		NW_022265306.1	unplaced-scaffold	15321			scaffold3361
GCF_002021735.2	Primary Assembly	Un			MPKV02003755.1	Chromosome		NW_022265307.1	unplaced-scaffold	15355			scaffold3362
GCF_002021735.2	Primary Assembly	Un			MPKV02003756.1	Chromosome		NW_022265308.1	unplaced-scaffold	15240			scaffold3363
GCF_002021735.2	Primary Assembly	Un			MPKV02003757.1	Chromosome		NW_022265309.1	unplaced-scaffold	15276			scaffold3364
GCF_002021735.2	Primary Assembly	Un			MPKV02003758.1	Chromosome		NW_022265310.1	unplaced-scaffold	15206			scaffold3365
GCF_002021735.2	Primary Assembly	Un			MPKV02003759.1	Chromosome		NW_022265311.1	unplaced-scaffold	15170			scaffold3366
GCF_002021735.2	Primary Assembly	Un			MPKV02003760.1	Chromosome		NW_022265312.1	unplaced-scaffold	15160			scaffold3367
GCF_002021735.2	Primary Assembly	Un			MPKV02003761.1	Chromosome		NW_022265313.1	unplaced-scaffold	15156			scaffold3368
GCF_002021735.2	Primary Assembly	Un			MPKV02003762.1	Chromosome		NW_022265314.1	unplaced-scaffold	15316			scaffold3369
GCF_002021735.2	Primary Assembly	Un			MPKV02003763.1	Chromosome		NW_022265315.1	unplaced-scaffold	15130			scaffold3370
GCF_002021735.2	Primary Assembly	Un			MPKV02003764.1	Chromosome		NW_022265316.1	unplaced-scaffold	15125			scaffold3371
GCF_002021735.2	Primary Assembly	Un			MPKV02003765.1	Chromosome		NW_022265317.1	unplaced-scaffold	15144			scaffold3372
GCF_002021735.2	Primary Assembly	Un			MPKV02003766.1	Chromosome		NW_022265318.1	unplaced-scaffold	15078			scaffold3373
GCF_002021735.2	Primary Assembly	Un			MPKV02003767.1	Chromosome		NW_022265319.1	unplaced-scaffold	15082			scaffold3374
GCF_002021735.2	Primary Assembly	Un			MPKV02003768.1	Chromosome		NW_022265320.1	unplaced-scaffold	15082			scaffold3375
GCF_002021735.2	Primary Assembly	Un			MPKV02003769.1	Chromosome		NW_022265321.1	unplaced-scaffold	15017			scaffold3376
GCF_002021735.2	Primary Assembly	Un			MPKV02003770.1	Chromosome		NW_022265322.1	unplaced-scaffold	15082			scaffold3377
GCF_002021735.2	Primary Assembly	Un			MPKV02003771.1	Chromosome		NW_022265323.1	unplaced-scaffold	510571			scaffold3378
GCF_002021735.2	Primary Assembly	Un			MPKV02003772.1	Chromosome		NW_022265324.1	unplaced-scaffold	14986			scaffold3379
GCF_002021735.2	Primary Assembly	Un			MPKV02003773.1	Chromosome		NW_022265325.1	unplaced-scaffold	14988			scaffold3380
GCF_002021735.2	Primary Assembly	Un			MPKV02003774.1	Chromosome		NW_022265326.1	unplaced-scaffold	14985			scaffold3381
GCF_002021735.2	Primary Assembly	Un			MPKV02003775.1	Chromosome		NW_022265327.1	unplaced-scaffold	14955			scaffold3382
GCF_002021735.2	Primary Assembly	Un			MPKV02003776.1	Chromosome		NW_022265328.1	unplaced-scaffold	14927			scaffold3383
GCF_002021735.2	Primary Assembly	Un			MPKV02003777.1	Chromosome		NW_022265329.1	unplaced-scaffold	14947			scaffold3384
GCF_002021735.2	Primary Assembly	Un			MPKV02003778.1	Chromosome		NW_022265330.1	unplaced-scaffold	513551			scaffold3385
GCF_002021735.2	Primary Assembly	Un			MPKV02003779.1	Chromosome		NW_022265331.1	unplaced-scaffold	14923			scaffold3386
GCF_002021735.2	Primary Assembly	Un			MPKV02003780.1	Chromosome		NW_022265332.1	unplaced-scaffold	14865			scaffold3387
GCF_002021735.2	Primary Assembly	Un			MPKV02003781.1	Chromosome		NW_022265333.1	unplaced-scaffold	14903			scaffold3388
GCF_002021735.2	Primary Assembly	Un			MPKV02003782.1	Chromosome		NW_022265334.1	unplaced-scaffold	14857			scaffold3389
GCF_002021735.2	Primary Assembly	Un			MPKV02003783.1	Chromosome		NW_022265335.1	unplaced-scaffold	14859			scaffold3390
GCF_002021735.2	Primary Assembly	Un			MPKV02003784.1	Chromosome		NW_022265336.1	unplaced-scaffold	14873			scaffold3391
GCF_002021735.2	Primary Assembly	Un			MPKV02003785.1	Chromosome		NW_022265337.1	unplaced-scaffold	14857			scaffold3392
GCF_002021735.2	Primary Assembly	Un			MPKV02003786.1	Chromosome		NW_022265338.1	unplaced-scaffold	14846			scaffold3393
GCF_002021735.2	Primary Assembly	Un			MPKV02003787.1	Chromosome		NW_022265339.1	unplaced-scaffold	14848			scaffold3394
GCF_002021735.2	Primary Assembly	Un			MPKV02003788.1	Chromosome		NW_022265340.1	unplaced-scaffold	14839			scaffold3395
GCF_002021735.2	Primary Assembly	Un			MPKV02003789.1	Chromosome		NW_022265341.1	unplaced-scaffold	14814			scaffold3396
GCF_002021735.2	Primary Assembly	Un			MPKV02003790.1	Chromosome		NW_022265342.1	unplaced-scaffold	14802			scaffold3397
GCF_002021735.2	Primary Assembly	Un			MPKV02003791.1	Chromosome		NW_022265343.1	unplaced-scaffold	14791			scaffold3398
GCF_002021735.2	Primary Assembly	Un			MPKV02003792.1	Chromosome		NW_022265344.1	unplaced-scaffold	14770			scaffold3399
GCF_002021735.2	Primary Assembly	Un			MPKV02003793.1	Chromosome		NW_022265345.1	unplaced-scaffold	14732			scaffold3400
GCF_002021735.2	Primary Assembly	Un			MPKV02003794.1	Chromosome		NW_022265346.1	unplaced-scaffold	14726			scaffold3401
GCF_002021735.2	Primary Assembly	Un			MPKV02003795.1	Chromosome		NW_022265347.1	unplaced-scaffold	511072			scaffold3402
GCF_002021735.2	Primary Assembly	Un			MPKV02003796.1	Chromosome		NW_022265348.1	unplaced-scaffold	14672			scaffold3403
GCF_002021735.2	Primary Assembly	Un			MPKV02003797.1	Chromosome		NW_022265349.1	unplaced-scaffold	14662			scaffold3404
GCF_002021735.2	Primary Assembly	Un			MPKV02003798.1	Chromosome		NW_022265350.1	unplaced-scaffold	14683			scaffold3405
GCF_002021735.2	Primary Assembly	Un			MPKV02003799.1	Chromosome		NW_022265351.1	unplaced-scaffold	14623			scaffold3406
GCF_002021735.2	Primary Assembly	Un			MPKV02003800.1	Chromosome		NW_022265352.1	unplaced-scaffold	14600			scaffold3407
GCF_002021735.2	Primary Assembly	Un			MPKV02003801.1	Chromosome		NW_022265353.1	unplaced-scaffold	14619			scaffold3408
GCF_002021735.2	Primary Assembly	Un			MPKV02003802.1	Chromosome		NW_022265354.1	unplaced-scaffold	14595			scaffold3409
GCF_002021735.2	Primary Assembly	Un			MPKV02003803.1	Chromosome		NW_022265355.1	unplaced-scaffold	14605			scaffold3410
GCF_002021735.2	Primary Assembly	Un			MPKV02003804.1	Chromosome		NW_022265356.1	unplaced-scaffold	14589			scaffold3411
GCF_002021735.2	Primary Assembly	Un			MPKV02003805.1	Chromosome		NW_022265357.1	unplaced-scaffold	14534			scaffold3412
GCF_002021735.2	Primary Assembly	Un			MPKV02003806.1	Chromosome		NW_022265358.1	unplaced-scaffold	14533			scaffold3413
GCF_002021735.2	Primary Assembly	Un			MPKV02003807.1	Chromosome		NW_022265359.1	unplaced-scaffold	14524			scaffold3414
GCF_002021735.2	Primary Assembly	Un			MPKV02003808.1	Chromosome		NW_022265360.1	unplaced-scaffold	14515			scaffold3415
GCF_002021735.2	Primary Assembly	Un			MPKV02003809.1	Chromosome		NW_022265361.1	unplaced-scaffold	14499			scaffold3416
GCF_002021735.2	Primary Assembly	Un			MPKV02003810.1	Chromosome		NW_022265362.1	unplaced-scaffold	14464			scaffold3417
GCF_002021735.2	Primary Assembly	Un			MPKV02003811.1	Chromosome		NW_022265363.1	unplaced-scaffold	14435			scaffold3418
GCF_002021735.2	Primary Assembly	Un			MPKV02003812.1	Chromosome		NW_022265364.1	unplaced-scaffold	14440			scaffold3419
GCF_002021735.2	Primary Assembly	Un			MPKV02003813.1	Chromosome		NW_022265365.1	unplaced-scaffold	14474			scaffold3420
GCF_002021735.2	Primary Assembly	Un			MPKV02003814.1	Chromosome		NW_022265366.1	unplaced-scaffold	14365			scaffold3421
GCF_002021735.2	Primary Assembly	Un			MPKV02003815.1	Chromosome		NW_022265367.1	unplaced-scaffold	14368			scaffold3422
GCF_002021735.2	Primary Assembly	Un			MPKV02003816.1	Chromosome		NW_022265368.1	unplaced-scaffold	14401			scaffold3423
GCF_002021735.2	Primary Assembly	Un			MPKV02003817.1	Chromosome		NW_022265369.1	unplaced-scaffold	14383			scaffold3424
GCF_002021735.2	Primary Assembly	Un			MPKV02003818.1	Chromosome		NW_022265370.1	unplaced-scaffold	14319			scaffold3425
GCF_002021735.2	Primary Assembly	Un			MPKV02003819.1	Chromosome		NW_022265371.1	unplaced-scaffold	14313			scaffold3426
GCF_002021735.2	Primary Assembly	Un			MPKV02003820.1	Chromosome		NW_022265372.1	unplaced-scaffold	14304			scaffold3427
GCF_002021735.2	Primary Assembly	Un			MPKV02003821.1	Chromosome		NW_022265373.1	unplaced-scaffold	14288			scaffold3428
GCF_002021735.2	Primary Assembly	Un			MPKV02003822.1	Chromosome		NW_022265374.1	unplaced-scaffold	14280			scaffold3429
GCF_002021735.2	Primary Assembly	Un			MPKV02003823.1	Chromosome		NW_022265375.1	unplaced-scaffold	14282			scaffold3430
GCF_002021735.2	Primary Assembly	Un			MPKV02003824.1	Chromosome		NW_022265376.1	unplaced-scaffold	14249			scaffold3431
GCF_002021735.2	Primary Assembly	Un			MPKV02003825.1	Chromosome		NW_022265377.1	unplaced-scaffold	14263			scaffold3432
GCF_002021735.2	Primary Assembly	Un			MPKV02003826.1	Chromosome		NW_022265378.1	unplaced-scaffold	14206			scaffold3433
GCF_002021735.2	Primary Assembly	Un			MPKV02003827.1	Chromosome		NW_022265379.1	unplaced-scaffold	14180			scaffold3434
GCF_002021735.2	Primary Assembly	Un			MPKV02003828.1	Chromosome		NW_022265380.1	unplaced-scaffold	14184			scaffold3435
GCF_002021735.2	Primary Assembly	Un			MPKV02003829.1	Chromosome		NW_022265381.1	unplaced-scaffold	14150			scaffold3436
GCF_002021735.2	Primary Assembly	Un			MPKV02003830.1	Chromosome		NW_022265382.1	unplaced-scaffold	14130			scaffold3437
GCF_002021735.2	Primary Assembly	Un			MPKV02003831.1	Chromosome		NW_022265383.1	unplaced-scaffold	14110			scaffold3438
GCF_002021735.2	Primary Assembly	Un			MPKV02003832.1	Chromosome		NW_022265384.1	unplaced-scaffold	14105			scaffold3439
GCF_002021735.2	Primary Assembly	Un			MPKV02003833.1	Chromosome		NW_022265385.1	unplaced-scaffold	14153			scaffold3440
GCF_002021735.2	Primary Assembly	Un			MPKV02003834.1	Chromosome		NW_022265386.1	unplaced-scaffold	14094			scaffold3441
GCF_002021735.2	Primary Assembly	Un			MPKV02003835.1	Chromosome		NW_022265387.1	unplaced-scaffold	14190			scaffold3442
GCF_002021735.2	Primary Assembly	Un			MPKV02003836.1	Chromosome		NW_022265388.1	unplaced-scaffold	14052			scaffold3443
GCF_002021735.2	Primary Assembly	Un			MPKV02003837.1	Chromosome		NW_022265389.1	unplaced-scaffold	492956			scaffold3444
GCF_002021735.2	Primary Assembly	Un			MPKV02003838.1	Chromosome		NW_022265390.1	unplaced-scaffold	14051			scaffold3445
GCF_002021735.2	Primary Assembly	Un			MPKV02003839.1	Chromosome		NW_022265391.1	unplaced-scaffold	14015			scaffold3446
GCF_002021735.2	Primary Assembly	Un			MPKV02003840.1	Chromosome		NW_022265392.1	unplaced-scaffold	14000			scaffold3447
GCF_002021735.2	Primary Assembly	Un			MPKV02003841.1	Chromosome		NW_022265393.1	unplaced-scaffold	14046			scaffold3448
GCF_002021735.2	Primary Assembly	Un			MPKV02003842.1	Chromosome		NW_022265394.1	unplaced-scaffold	13995			scaffold3449
GCF_002021735.2	Primary Assembly	Un			MPKV02003843.1	Chromosome		NW_022265395.1	unplaced-scaffold	13969			scaffold3450
GCF_002021735.2	Primary Assembly	Un			MPKV02003844.1	Chromosome		NW_022265396.1	unplaced-scaffold	13932			scaffold3451
GCF_002021735.2	Primary Assembly	Un			MPKV02003845.1	Chromosome		NW_022265397.1	unplaced-scaffold	13929			scaffold3452
GCF_002021735.2	Primary Assembly	Un			MPKV02003846.1	Chromosome		NW_022265398.1	unplaced-scaffold	13895			scaffold3453
GCF_002021735.2	Primary Assembly	Un			MPKV02003847.1	Chromosome		NW_022265399.1	unplaced-scaffold	13872			scaffold3454
GCF_002021735.2	Primary Assembly	Un			MPKV02003848.1	Chromosome		NW_022265400.1	unplaced-scaffold	13835			scaffold3455
GCF_002021735.2	Primary Assembly	Un			MPKV02003849.1	Chromosome		NW_022265401.1	unplaced-scaffold	13852			scaffold3456
GCF_002021735.2	Primary Assembly	Un			MPKV02003850.1	Chromosome		NW_022265402.1	unplaced-scaffold	13764			scaffold3457
GCF_002021735.2	Primary Assembly	Un			MPKV02003851.1	Chromosome		NW_022265403.1	unplaced-scaffold	13738			scaffold3458
GCF_002021735.2	Primary Assembly	Un			MPKV02003852.1	Chromosome		NW_022265404.1	unplaced-scaffold	14101			scaffold3459
GCF_002021735.2	Primary Assembly	Un			MPKV02003853.1	Chromosome		NW_022265405.1	unplaced-scaffold	13719			scaffold3460
GCF_002021735.2	Primary Assembly	Un			MPKV02003854.1	Chromosome		NW_022265406.1	unplaced-scaffold	13713			scaffold3461
GCF_002021735.2	Primary Assembly	Un			MPKV02003855.1	Chromosome		NW_022265407.1	unplaced-scaffold	13751			scaffold3462
GCF_002021735.2	Primary Assembly	Un			MPKV02003856.1	Chromosome		NW_022265408.1	unplaced-scaffold	13726			scaffold3463
GCF_002021735.2	Primary Assembly	Un			MPKV02003857.1	Chromosome		NW_022265409.1	unplaced-scaffold	13656			scaffold3464
GCF_002021735.2	Primary Assembly	Un			MPKV02003858.1	Chromosome		NW_022265410.1	unplaced-scaffold	495134			scaffold3465
GCF_002021735.2	Primary Assembly	Un			MPKV02003859.1	Chromosome		NW_022265411.1	unplaced-scaffold	13691			scaffold3466
GCF_002021735.2	Primary Assembly	Un			MPKV02003860.1	Chromosome		NW_022265412.1	unplaced-scaffold	13644			scaffold3467
GCF_002021735.2	Primary Assembly	Un			MPKV02003861.1	Chromosome		NW_022265413.1	unplaced-scaffold	13616			scaffold3468
GCF_002021735.2	Primary Assembly	Un			MPKV02003862.1	Chromosome		NW_022265414.1	unplaced-scaffold	13583			scaffold3469
GCF_002021735.2	Primary Assembly	Un			MPKV02003863.1	Chromosome		NW_022265415.1	unplaced-scaffold	13541			scaffold3470
GCF_002021735.2	Primary Assembly	Un			MPKV02003864.1	Chromosome		NW_022265416.1	unplaced-scaffold	13574			scaffold3471
GCF_002021735.2	Primary Assembly	Un			MPKV02003865.1	Chromosome		NW_022265417.1	unplaced-scaffold	13537			scaffold3472
GCF_002021735.2	Primary Assembly	Un			MPKV02003866.1	Chromosome		NW_022265418.1	unplaced-scaffold	13505			scaffold3473
GCF_002021735.2	Primary Assembly	Un			MPKV02003867.1	Chromosome		NW_022265419.1	unplaced-scaffold	13532			scaffold3474
GCF_002021735.2	Primary Assembly	Un			MPKV02003868.1	Chromosome		NW_022265420.1	unplaced-scaffold	13516			scaffold3475
GCF_002021735.2	Primary Assembly	Un			MPKV02003869.1	Chromosome		NW_022265421.1	unplaced-scaffold	13409			scaffold3476
GCF_002021735.2	Primary Assembly	Un			MPKV02003870.1	Chromosome		NW_022265422.1	unplaced-scaffold	13399			scaffold3477
GCF_002021735.2	Primary Assembly	Un			MPKV02003871.1	Chromosome		NW_022265423.1	unplaced-scaffold	13405			scaffold3478
GCF_002021735.2	Primary Assembly	Un			MPKV02003872.1	Chromosome		NW_022265424.1	unplaced-scaffold	13372			scaffold3479
GCF_002021735.2	Primary Assembly	Un			MPKV02003873.1	Chromosome		NW_022265425.1	unplaced-scaffold	13360			scaffold3480
GCF_002021735.2	Primary Assembly	Un			MPKV02003874.1	Chromosome		NW_022265426.1	unplaced-scaffold	13344			scaffold3481
GCF_002021735.2	Primary Assembly	Un			MPKV02003875.1	Chromosome		NW_022265427.1	unplaced-scaffold	13332			scaffold3482
GCF_002021735.2	Primary Assembly	Un			MPKV02003876.1	Chromosome		NW_022265428.1	unplaced-scaffold	13365			scaffold3483
GCF_002021735.2	Primary Assembly	Un			MPKV02003877.1	Chromosome		NW_022265429.1	unplaced-scaffold	13290			scaffold3484
GCF_002021735.2	Primary Assembly	Un			MPKV02003878.1	Chromosome		NW_022265430.1	unplaced-scaffold	13278			scaffold3485
GCF_002021735.2	Primary Assembly	Un			MPKV02003879.1	Chromosome		NW_022265431.1	unplaced-scaffold	13251			scaffold3486
GCF_002021735.2	Primary Assembly	Un			MPKV02003880.1	Chromosome		NW_022265432.1	unplaced-scaffold	37000			scaffold3487
GCF_002021735.2	Primary Assembly	Un			MPKV02003881.1	Chromosome		NW_022265433.1	unplaced-scaffold	5000			scaffold3488
GCF_002021735.2	Primary Assembly	Un			MPKV02003882.1	Chromosome		NW_022265434.1	unplaced-scaffold	253000			scaffold3489
GCF_002021735.2	Primary Assembly	Un			MPKV02003883.1	Chromosome		NW_022265435.1	unplaced-scaffold	5000			scaffold3490
GCF_002021735.2	Primary Assembly	Un			MPKV02003884.1	Chromosome		NW_022265436.1	unplaced-scaffold	22612			scaffold3491
GCF_002021735.2	Primary Assembly	Un			MPKV02003885.1	Chromosome		NW_022265437.1	unplaced-scaffold	13253			scaffold3492
GCF_002021735.2	Primary Assembly	Un			MPKV02003886.1	Chromosome		NW_022265438.1	unplaced-scaffold	13229			scaffold3493
GCF_002021735.2	Primary Assembly	Un			MPKV02003887.1	Chromosome		NW_022265439.1	unplaced-scaffold	13232			scaffold3494
GCF_002021735.2	Primary Assembly	Un			MPKV02003888.1	Chromosome		NW_022265440.1	unplaced-scaffold	13245			scaffold3495
GCF_002021735.2	Primary Assembly	Un			MPKV02003889.1	Chromosome		NW_022265441.1	unplaced-scaffold	13224			scaffold3496
GCF_002021735.2	Primary Assembly	Un			MPKV02003890.1	Chromosome		NW_022265442.1	unplaced-scaffold	13196			scaffold3497
GCF_002021735.2	Primary Assembly	Un			MPKV02003891.1	Chromosome		NW_022265443.1	unplaced-scaffold	13213			scaffold3498
GCF_002021735.2	Primary Assembly	Un			MPKV02003892.1	Chromosome		NW_022265444.1	unplaced-scaffold	125000			scaffold3499
GCF_002021735.2	Primary Assembly	Un			MPKV02003893.1	Chromosome		NW_022265445.1	unplaced-scaffold	13129			scaffold3500
GCF_002021735.2	Primary Assembly	Un			MPKV02003894.1	Chromosome		NW_022265446.1	unplaced-scaffold	13167			scaffold3501
GCF_002021735.2	Primary Assembly	Un			MPKV02003895.1	Chromosome		NW_022265447.1	unplaced-scaffold	13162			scaffold3502
GCF_002021735.2	Primary Assembly	Un			MPKV02003896.1	Chromosome		NW_022265448.1	unplaced-scaffold	13172			scaffold3503
GCF_002021735.2	Primary Assembly	Un			MPKV02003897.1	Chromosome		NW_022265449.1	unplaced-scaffold	13116			scaffold3504
GCF_002021735.2	Primary Assembly	Un			MPKV02003898.1	Chromosome		NW_022265450.1	unplaced-scaffold	13113			scaffold3505
GCF_002021735.2	Primary Assembly	Un			MPKV02003899.1	Chromosome		NW_022265451.1	unplaced-scaffold	485678			scaffold3506
GCF_002021735.2	Primary Assembly	Un			MPKV02003900.1	Chromosome		NW_022265452.1	unplaced-scaffold	13119			scaffold3507
GCF_002021735.2	Primary Assembly	Un			MPKV02003901.1	Chromosome		NW_022265453.1	unplaced-scaffold	13096			scaffold3508
GCF_002021735.2	Primary Assembly	Un			MPKV02003902.1	Chromosome		NW_022265454.1	unplaced-scaffold	13063			scaffold3509
GCF_002021735.2	Primary Assembly	Un			MPKV02003903.1	Chromosome		NW_022265455.1	unplaced-scaffold	13084			scaffold3510
GCF_002021735.2	Primary Assembly	Un			MPKV02003904.1	Chromosome		NW_022265456.1	unplaced-scaffold	13030			scaffold3511
GCF_002021735.2	Primary Assembly	Un			MPKV02003905.1	Chromosome		NW_022265457.1	unplaced-scaffold	13003			scaffold3512
GCF_002021735.2	Primary Assembly	Un			MPKV02003906.1	Chromosome		NW_022265458.1	unplaced-scaffold	13001			scaffold3513
GCF_002021735.2	Primary Assembly	Un			MPKV02003907.1	Chromosome		NW_022265459.1	unplaced-scaffold	13004			scaffold3514
GCF_002021735.2	Primary Assembly	Un			MPKV02003908.1	Chromosome		NW_022265460.1	unplaced-scaffold	13039			scaffold3515
GCF_002021735.2	Primary Assembly	Un			MPKV02003909.1	Chromosome		NW_022265461.1	unplaced-scaffold	12961			scaffold3516
GCF_002021735.2	Primary Assembly	Un			MPKV02003910.1	Chromosome		NW_022265462.1	unplaced-scaffold	12965			scaffold3517
GCF_002021735.2	Primary Assembly	Un			MPKV02003911.1	Chromosome		NW_022265463.1	unplaced-scaffold	12946			scaffold3518
GCF_002021735.2	Primary Assembly	Un			MPKV02003912.1	Chromosome		NW_022265464.1	unplaced-scaffold	12936			scaffold3519
GCF_002021735.2	Primary Assembly	Un			MPKV02003913.1	Chromosome		NW_022265465.1	unplaced-scaffold	12919			scaffold3520
GCF_002021735.2	Primary Assembly	Un			MPKV02003914.1	Chromosome		NW_022265466.1	unplaced-scaffold	12909			scaffold3521
GCF_002021735.2	Primary Assembly	Un			MPKV02003915.1	Chromosome		NW_022265467.1	unplaced-scaffold	12921			scaffold3522
GCF_002021735.2	Primary Assembly	Un			MPKV02003916.1	Chromosome		NW_022265468.1	unplaced-scaffold	12915			scaffold3523
GCF_002021735.2	Primary Assembly	Un			MPKV02003917.1	Chromosome		NW_022265469.1	unplaced-scaffold	12871			scaffold3524
GCF_002021735.2	Primary Assembly	Un			MPKV02003918.1	Chromosome		NW_022265470.1	unplaced-scaffold	12974			scaffold3525
GCF_002021735.2	Primary Assembly	Un			MPKV02003919.1	Chromosome		NW_022265471.1	unplaced-scaffold	12852			scaffold3526
GCF_002021735.2	Primary Assembly	Un			MPKV02003920.1	Chromosome		NW_022265472.1	unplaced-scaffold	12812			scaffold3527
GCF_002021735.2	Primary Assembly	Un			MPKV02003921.1	Chromosome		NW_022265473.1	unplaced-scaffold	12832			scaffold3528
GCF_002021735.2	Primary Assembly	Un			MPKV02003922.1	Chromosome		NW_022265474.1	unplaced-scaffold	12859			scaffold3529
GCF_002021735.2	Primary Assembly	Un			MPKV02003923.1	Chromosome		NW_022265475.1	unplaced-scaffold	12786			scaffold3530
GCF_002021735.2	Primary Assembly	Un			MPKV02003924.1	Chromosome		NW_022265476.1	unplaced-scaffold	12716			scaffold3531
GCF_002021735.2	Primary Assembly	Un			MPKV02003925.1	Chromosome		NW_022265477.1	unplaced-scaffold	12703			scaffold3532
GCF_002021735.2	Primary Assembly	Un			MPKV02003926.1	Chromosome		NW_022265478.1	unplaced-scaffold	12691			scaffold3533
GCF_002021735.2	Primary Assembly	Un			MPKV02003927.1	Chromosome		NW_022265479.1	unplaced-scaffold	12656			scaffold3534
GCF_002021735.2	Primary Assembly	Un			MPKV02003928.1	Chromosome		NW_022265480.1	unplaced-scaffold	12681			scaffold3535
GCF_002021735.2	Primary Assembly	Un			MPKV02003929.1	Chromosome		NW_022265481.1	unplaced-scaffold	12612			scaffold3536
GCF_002021735.2	Primary Assembly	Un			MPKV02003930.1	Chromosome		NW_022265482.1	unplaced-scaffold	12589			scaffold3537
GCF_002021735.2	Primary Assembly	Un			MPKV02003931.1	Chromosome		NW_022265483.1	unplaced-scaffold	12561			scaffold3538
GCF_002021735.2	Primary Assembly	Un			MPKV02003932.1	Chromosome		NW_022265484.1	unplaced-scaffold	12514			scaffold3539
GCF_002021735.2	Primary Assembly	Un			MPKV02003933.1	Chromosome		NW_022265485.1	unplaced-scaffold	12454			scaffold3540
GCF_002021735.2	Primary Assembly	Un			MPKV02003934.1	Chromosome		NW_022265486.1	unplaced-scaffold	12520			scaffold3541
GCF_002021735.2	Primary Assembly	Un			MPKV02003935.1	Chromosome		NW_022265487.1	unplaced-scaffold	12486			scaffold3542
GCF_002021735.2	Primary Assembly	Un			MPKV02003936.1	Chromosome		NW_022265488.1	unplaced-scaffold	12467			scaffold3543
GCF_002021735.2	Primary Assembly	Un			MPKV02003937.1	Chromosome		NW_022265489.1	unplaced-scaffold	12477			scaffold3544
GCF_002021735.2	Primary Assembly	Un			MPKV02003938.1	Chromosome		NW_022265490.1	unplaced-scaffold	12459			scaffold3545
GCF_002021735.2	Primary Assembly	Un			MPKV02003939.1	Chromosome		NW_022265491.1	unplaced-scaffold	12433			scaffold3546
GCF_002021735.2	Primary Assembly	Un			MPKV02003940.1	Chromosome		NW_022265492.1	unplaced-scaffold	12405			scaffold3547
GCF_002021735.2	Primary Assembly	Un			MPKV02003941.1	Chromosome		NW_022265493.1	unplaced-scaffold	12417			scaffold3548
GCF_002021735.2	Primary Assembly	Un			MPKV02003942.1	Chromosome		NW_022265494.1	unplaced-scaffold	473107			scaffold3549
GCF_002021735.2	Primary Assembly	Un			MPKV02003943.1	Chromosome		NW_022265495.1	unplaced-scaffold	12318			scaffold3550
GCF_002021735.2	Primary Assembly	Un			MPKV02003944.1	Chromosome		NW_022265496.1	unplaced-scaffold	12341			scaffold3551
GCF_002021735.2	Primary Assembly	Un			MPKV02003945.1	Chromosome		NW_022265497.1	unplaced-scaffold	12251			scaffold3552
GCF_002021735.2	Primary Assembly	Un			MPKV02003946.1	Chromosome		NW_022265498.1	unplaced-scaffold	12269			scaffold3553
GCF_002021735.2	Primary Assembly	Un			MPKV02003947.1	Chromosome		NW_022265499.1	unplaced-scaffold	474717			scaffold3554
GCF_002021735.2	Primary Assembly	Un			MPKV02003948.1	Chromosome		NW_022265500.1	unplaced-scaffold	12270			scaffold3555
GCF_002021735.2	Primary Assembly	Un			MPKV02003949.1	Chromosome		NW_022265501.1	unplaced-scaffold	12247			scaffold3556
GCF_002021735.2	Primary Assembly	Un			MPKV02003950.1	Chromosome		NW_022265502.1	unplaced-scaffold	12197			scaffold3557
GCF_002021735.2	Primary Assembly	Un			MPKV02003951.1	Chromosome		NW_022265503.1	unplaced-scaffold	12199			scaffold3558
GCF_002021735.2	Primary Assembly	Un			MPKV02003952.1	Chromosome		NW_022265504.1	unplaced-scaffold	12251			scaffold3559
GCF_002021735.2	Primary Assembly	Un			MPKV02003953.1	Chromosome		NW_022265505.1	unplaced-scaffold	12177			scaffold3560
GCF_002021735.2	Primary Assembly	Un			MPKV02003954.1	Chromosome		NW_022265506.1	unplaced-scaffold	12171			scaffold3561
GCF_002021735.2	Primary Assembly	Un			MPKV02003955.1	Chromosome		NW_022265507.1	unplaced-scaffold	12165			scaffold3562
GCF_002021735.2	Primary Assembly	Un			MPKV02003956.1	Chromosome		NW_022265508.1	unplaced-scaffold	12136			scaffold3563
GCF_002021735.2	Primary Assembly	Un			MPKV02003957.1	Chromosome		NW_022265509.1	unplaced-scaffold	12153			scaffold3564
GCF_002021735.2	Primary Assembly	Un			MPKV02003958.1	Chromosome		NW_022265510.1	unplaced-scaffold	12074			scaffold3565
GCF_002021735.2	Primary Assembly	Un			MPKV02003959.1	Chromosome		NW_022265511.1	unplaced-scaffold	12088			scaffold3566
GCF_002021735.2	Primary Assembly	Un			MPKV02003960.1	Chromosome		NW_022265512.1	unplaced-scaffold	12039			scaffold3567
GCF_002021735.2	Primary Assembly	Un			MPKV02003961.1	Chromosome		NW_022265513.1	unplaced-scaffold	12001			scaffold3568
GCF_002021735.2	Primary Assembly	Un			MPKV02003962.1	Chromosome		NW_022265514.1	unplaced-scaffold	11971			scaffold3569
GCF_002021735.2	Primary Assembly	Un			MPKV02003963.1	Chromosome		NW_022265515.1	unplaced-scaffold	12016			scaffold3570
GCF_002021735.2	Primary Assembly	Un			MPKV02003964.1	Chromosome		NW_022265516.1	unplaced-scaffold	468157			scaffold3571
GCF_002021735.2	Primary Assembly	Un			MPKV02003965.1	Chromosome		NW_022265517.1	unplaced-scaffold	11924			scaffold3572
GCF_002021735.2	Primary Assembly	Un			MPKV02003966.1	Chromosome		NW_022265518.1	unplaced-scaffold	11869			scaffold3573
GCF_002021735.2	Primary Assembly	Un			MPKV02003967.1	Chromosome		NW_022265519.1	unplaced-scaffold	11896			scaffold3574
GCF_002021735.2	Primary Assembly	Un			MPKV02003968.1	Chromosome		NW_022265520.1	unplaced-scaffold	11859			scaffold3575
GCF_002021735.2	Primary Assembly	Un			MPKV02003969.1	Chromosome		NW_022265521.1	unplaced-scaffold	11840			scaffold3576
GCF_002021735.2	Primary Assembly	Un			MPKV02003970.1	Chromosome		NW_022265522.1	unplaced-scaffold	11798			scaffold3577
GCF_002021735.2	Primary Assembly	Un			MPKV02003971.1	Chromosome		NW_022265523.1	unplaced-scaffold	11790			scaffold3578
GCF_002021735.2	Primary Assembly	Un			MPKV02003972.1	Chromosome		NW_022265524.1	unplaced-scaffold	11762			scaffold3579
GCF_002021735.2	Primary Assembly	Un			MPKV02003973.1	Chromosome		NW_022265525.1	unplaced-scaffold	11665			scaffold3580
GCF_002021735.2	Primary Assembly	Un			MPKV02003974.1	Chromosome		NW_022265526.1	unplaced-scaffold	11660			scaffold3581
GCF_002021735.2	Primary Assembly	Un			MPKV02003975.1	Chromosome		NW_022265527.1	unplaced-scaffold	11655			scaffold3582
GCF_002021735.2	Primary Assembly	Un			MPKV02003976.1	Chromosome		NW_022265528.1	unplaced-scaffold	11656			scaffold3583
GCF_002021735.2	Primary Assembly	Un			MPKV02003977.1	Chromosome		NW_022265529.1	unplaced-scaffold	458855			scaffold3584
GCF_002021735.2	Primary Assembly	Un			MPKV02003978.1	Chromosome		NW_022265530.1	unplaced-scaffold	11655			scaffold3585
GCF_002021735.2	Primary Assembly	Un			MPKV02003979.1	Chromosome		NW_022265531.1	unplaced-scaffold	11594			scaffold3586
GCF_002021735.2	Primary Assembly	Un			MPKV02003980.1	Chromosome		NW_022265532.1	unplaced-scaffold	11593			scaffold3587
GCF_002021735.2	Primary Assembly	Un			MPKV02003981.1	Chromosome		NW_022265533.1	unplaced-scaffold	11565			scaffold3588
GCF_002021735.2	Primary Assembly	Un			MPKV02003982.1	Chromosome		NW_022265534.1	unplaced-scaffold	463380			scaffold3589
GCF_002021735.2	Primary Assembly	Un			MPKV02003983.1	Chromosome		NW_022265535.1	unplaced-scaffold	11477			scaffold3590
GCF_002021735.2	Primary Assembly	Un			MPKV02003984.1	Chromosome		NW_022265536.1	unplaced-scaffold	11405			scaffold3591
GCF_002021735.2	Primary Assembly	Un			MPKV02003985.1	Chromosome		NW_022265537.1	unplaced-scaffold	11361			scaffold3592
GCF_002021735.2	Primary Assembly	Un			MPKV02003986.1	Chromosome		NW_022265538.1	unplaced-scaffold	11228			scaffold3593
GCF_002021735.2	Primary Assembly	Un			MPKV02003987.1	Chromosome		NW_022265539.1	unplaced-scaffold	11220			scaffold3594
GCF_002021735.2	Primary Assembly	Un			MPKV02003988.1	Chromosome		NW_022265540.1	unplaced-scaffold	11168			scaffold3595
GCF_002021735.2	Primary Assembly	Un			MPKV02003989.1	Chromosome		NW_022265541.1	unplaced-scaffold	11064			scaffold3596
GCF_002021735.2	Primary Assembly	Un			MPKV02003990.1	Chromosome		NW_022265542.1	unplaced-scaffold	11054			scaffold3597
GCF_002021735.2	Primary Assembly	Un			MPKV02003991.1	Chromosome		NW_022265543.1	unplaced-scaffold	11039			scaffold3598
GCF_002021735.2	Primary Assembly	Un			MPKV02003992.1	Chromosome		NW_022265544.1	unplaced-scaffold	10932			scaffold3599
GCF_002021735.2	Primary Assembly	Un			MPKV02003993.1	Chromosome		NW_022265545.1	unplaced-scaffold	10844			scaffold3600
GCF_002021735.2	Primary Assembly	Un			MPKV02003994.1	Chromosome		NW_022265546.1	unplaced-scaffold	44216			scaffold3601
GCF_002021735.2	Primary Assembly	Un			MPKV02003995.1	Chromosome		NW_022265547.1	unplaced-scaffold	10834			scaffold3602
GCF_002021735.2	Primary Assembly	Un			MPKV02003996.1	Chromosome		NW_022265548.1	unplaced-scaffold	10676			scaffold3603
GCF_002021735.2	Primary Assembly	Un			MPKV02003997.1	Chromosome		NW_022265549.1	unplaced-scaffold	10762			scaffold3604
GCF_002021735.2	Primary Assembly	Un			MPKV02003998.1	Chromosome		NW_022265550.1	unplaced-scaffold	10716			scaffold3605
GCF_002021735.2	Primary Assembly	Un			MPKV02003999.1	Chromosome		NW_022265551.1	unplaced-scaffold	10659			scaffold3606
GCF_002021735.2	Primary Assembly	Un			MPKV02004000.1	Chromosome		NW_022265552.1	unplaced-scaffold	10609			scaffold3607
GCF_002021735.2	Primary Assembly	Un			MPKV02004001.1	Chromosome		NW_022265553.1	unplaced-scaffold	10587			scaffold3608
GCF_002021735.2	Primary Assembly	Un			MPKV02004002.1	Chromosome		NW_022265554.1	unplaced-scaffold	10570			scaffold3609
GCF_002021735.2	Primary Assembly	Un			MPKV02004003.1	Chromosome		NW_022265555.1	unplaced-scaffold	447986			scaffold3610
GCF_002021735.2	Primary Assembly	Un			MPKV02004004.1	Chromosome		NW_022265556.1	unplaced-scaffold	10555			scaffold3611
GCF_002021735.2	Primary Assembly	Un			MPKV02004005.1	Chromosome		NW_022265557.1	unplaced-scaffold	10531			scaffold3612
GCF_002021735.2	Primary Assembly	Un			MPKV02004006.1	Chromosome		NW_022265558.1	unplaced-scaffold	10542			scaffold3613
GCF_002021735.2	Primary Assembly	Un			MPKV02004007.1	Chromosome		NW_022265559.1	unplaced-scaffold	10536			scaffold3614
GCF_002021735.2	Primary Assembly	Un			MPKV02004008.1	Chromosome		NW_022265560.1	unplaced-scaffold	10597			scaffold3615
GCF_002021735.2	Primary Assembly	Un			MPKV02004009.1	Chromosome		NW_022265561.1	unplaced-scaffold	10521			scaffold3616
GCF_002021735.2	Primary Assembly	Un			MPKV02004010.1	Chromosome		NW_022265562.1	unplaced-scaffold	10521			scaffold3617
GCF_002021735.2	Primary Assembly	Un			MPKV02004011.1	Chromosome		NW_022265563.1	unplaced-scaffold	10515			scaffold3618
GCF_002021735.2	Primary Assembly	Un			MPKV02004012.1	Chromosome		NW_022265564.1	unplaced-scaffold	10451			scaffold3619
GCF_002021735.2	Primary Assembly	Un			MPKV02004013.1	Chromosome		NW_022265565.1	unplaced-scaffold	10429			scaffold3620
GCF_002021735.2	Primary Assembly	Un			MPKV02004014.1	Chromosome		NW_022265566.1	unplaced-scaffold	10428			scaffold3621
GCF_002021735.2	Primary Assembly	Un			MPKV02004015.1	Chromosome		NW_022265567.1	unplaced-scaffold	10347			scaffold3622
GCF_002021735.2	Primary Assembly	Un			MPKV02004016.1	Chromosome		NW_022265568.1	unplaced-scaffold	10377			scaffold3623
GCF_002021735.2	Primary Assembly	Un			MPKV02004017.1	Chromosome		NW_022265569.1	unplaced-scaffold	10313			scaffold3624
GCF_002021735.2	Primary Assembly	Un			MPKV02004018.1	Chromosome		NW_022265570.1	unplaced-scaffold	10269			scaffold3625
GCF_002021735.2	Primary Assembly	Un			MPKV02004019.1	Chromosome		NW_022265571.1	unplaced-scaffold	10334			scaffold3626
GCF_002021735.2	Primary Assembly	Un			MPKV02004020.1	Chromosome		NW_022265572.1	unplaced-scaffold	5000			scaffold3627
GCF_002021735.2	Primary Assembly	Un			MPKV02004021.1	Chromosome		NW_022265573.1	unplaced-scaffold	45354			scaffold3628
GCF_002021735.2	Primary Assembly	Un			MPKV02004022.1	Chromosome		NW_022265574.1	unplaced-scaffold	10292			scaffold3629
GCF_002021735.2	Primary Assembly	Un			MPKV02004023.1	Chromosome		NW_022265575.1	unplaced-scaffold	10240			scaffold3630
GCF_002021735.2	Primary Assembly	Un			MPKV02004024.1	Chromosome		NW_022265576.1	unplaced-scaffold	10185			scaffold3631
GCF_002021735.2	Primary Assembly	Un			MPKV02004025.1	Chromosome		NW_022265577.1	unplaced-scaffold	10114			scaffold3632
GCF_002021735.2	Primary Assembly	Un			MPKV02004026.1	Chromosome		NW_022265578.1	unplaced-scaffold	10105			scaffold3633
GCF_002021735.2	Primary Assembly	Un			MPKV02004027.1	Chromosome		NW_022265579.1	unplaced-scaffold	10096			scaffold3634
GCF_002021735.2	Primary Assembly	Un			MPKV02004028.1	Chromosome		NW_022265580.1	unplaced-scaffold	10070			scaffold3635
GCF_002021735.2	Primary Assembly	Un			MPKV02004029.1	Chromosome		NW_022265581.1	unplaced-scaffold	9994			scaffold3636
GCF_002021735.2	Primary Assembly	Un			MPKV02004030.1	Chromosome		NW_022265582.1	unplaced-scaffold	9978			scaffold3637
GCF_002021735.2	Primary Assembly	Un			MPKV02004031.1	Chromosome		NW_022265583.1	unplaced-scaffold	9873			scaffold3638
GCF_002021735.2	Primary Assembly	Un			MPKV02004032.1	Chromosome		NW_022265584.1	unplaced-scaffold	437629			scaffold3639
GCF_002021735.2	Primary Assembly	Un			MPKV02004033.1	Chromosome		NW_022265585.1	unplaced-scaffold	9874			scaffold3640
GCF_002021735.2	Primary Assembly	Un			MPKV02004034.1	Chromosome		NW_022265586.1	unplaced-scaffold	9866			scaffold3641
GCF_002021735.2	Primary Assembly	Un			MPKV02004035.1	Chromosome		NW_022265587.1	unplaced-scaffold	9829			scaffold3642
GCF_002021735.2	Primary Assembly	Un			MPKV02004036.1	Chromosome		NW_022265588.1	unplaced-scaffold	429111			scaffold3643
GCF_002021735.2	Primary Assembly	Un			MPKV02004037.1	Chromosome		NW_022265589.1	unplaced-scaffold	9831			scaffold3644
GCF_002021735.2	Primary Assembly	Un			MPKV02004038.1	Chromosome		NW_022265590.1	unplaced-scaffold	9805			scaffold3645
GCF_002021735.2	Primary Assembly	Un			MPKV02004039.1	Chromosome		NW_022265591.1	unplaced-scaffold	426203			scaffold3646
GCF_002021735.2	Primary Assembly	Un			MPKV02004040.1	Chromosome		NW_022265592.1	unplaced-scaffold	9720			scaffold3647
GCF_002021735.2	Primary Assembly	Un			MPKV02004041.1	Chromosome		NW_022265593.1	unplaced-scaffold	9689			scaffold3648
GCF_002021735.2	Primary Assembly	Un			MPKV02004042.1	Chromosome		NW_022265594.1	unplaced-scaffold	436665			scaffold3649
GCF_002021735.2	Primary Assembly	Un			MPKV02004043.1	Chromosome		NW_022265595.1	unplaced-scaffold	9633			scaffold3650
GCF_002021735.2	Primary Assembly	Un			MPKV02004044.1	Chromosome		NW_022265596.1	unplaced-scaffold	9620			scaffold3651
GCF_002021735.2	Primary Assembly	Un			MPKV02004045.1	Chromosome		NW_022265597.1	unplaced-scaffold	9605			scaffold3652
GCF_002021735.2	Primary Assembly	Un			MPKV02004046.1	Chromosome		NW_022265598.1	unplaced-scaffold	9557			scaffold3653
GCF_002021735.2	Primary Assembly	Un			MPKV02004047.1	Chromosome		NW_022265599.1	unplaced-scaffold	9514			scaffold3654
GCF_002021735.2	Primary Assembly	Un			MPKV02004048.1	Chromosome		NW_022265600.1	unplaced-scaffold	728761			scaffold3655
GCF_002021735.2	Primary Assembly	Un			MPKV02004049.1	Chromosome		NW_022265601.1	unplaced-scaffold	9439			scaffold3656
GCF_002021735.2	Primary Assembly	Un			MPKV02004050.1	Chromosome		NW_022265602.1	unplaced-scaffold	9396			scaffold3657
GCF_002021735.2	Primary Assembly	Un			MPKV02004051.1	Chromosome		NW_022265603.1	unplaced-scaffold	9358			scaffold3658
GCF_002021735.2	Primary Assembly	Un			MPKV02004052.1	Chromosome		NW_022265604.1	unplaced-scaffold	9329			scaffold3659
GCF_002021735.2	Primary Assembly	Un			MPKV02004053.1	Chromosome		NW_022265605.1	unplaced-scaffold	9270			scaffold3660
GCF_002021735.2	Primary Assembly	Un			MPKV02004054.1	Chromosome		NW_022265606.1	unplaced-scaffold	9249			scaffold3661
GCF_002021735.2	Primary Assembly	Un			MPKV02004055.1	Chromosome		NW_022265607.1	unplaced-scaffold	9136			scaffold3662
GCF_002021735.2	Primary Assembly	Un			MPKV02004056.1	Chromosome		NW_022265608.1	unplaced-scaffold	9065			scaffold3663
GCF_002021735.2	Primary Assembly	Un			MPKV02004057.1	Chromosome		NW_022265609.1	unplaced-scaffold	8989			scaffold3664
GCF_002021735.2	Primary Assembly	Un			MPKV02004058.1	Chromosome		NW_022265610.1	unplaced-scaffold	9030			scaffold3665
GCF_002021735.2	Primary Assembly	Un			MPKV02004059.1	Chromosome		NW_022265611.1	unplaced-scaffold	8888			scaffold3666
GCF_002021735.2	Primary Assembly	Un			MPKV02004060.1	Chromosome		NW_022265612.1	unplaced-scaffold	422293			scaffold3667
GCF_002021735.2	Primary Assembly	Un			MPKV02004061.1	Chromosome		NW_022265613.1	unplaced-scaffold	8841			scaffold3668
GCF_002021735.2	Primary Assembly	Un			MPKV02004062.1	Chromosome		NW_022265614.1	unplaced-scaffold	8825			scaffold3669
GCF_002021735.2	Primary Assembly	Un			MPKV02004063.1	Chromosome		NW_022265615.1	unplaced-scaffold	8794			scaffold3670
GCF_002021735.2	Primary Assembly	Un			MPKV02004064.1	Chromosome		NW_022265616.1	unplaced-scaffold	8780			scaffold3671
GCF_002021735.2	Primary Assembly	Un			MPKV02004065.1	Chromosome		NW_022265617.1	unplaced-scaffold	8742			scaffold3672
GCF_002021735.2	Primary Assembly	Un			MPKV02004066.1	Chromosome		NW_022265618.1	unplaced-scaffold	8659			scaffold3673
GCF_002021735.2	Primary Assembly	Un			MPKV02004067.1	Chromosome		NW_022265619.1	unplaced-scaffold	8659			scaffold3674
GCF_002021735.2	Primary Assembly	Un			MPKV02004068.1	Chromosome		NW_022265620.1	unplaced-scaffold	8668			scaffold3675
GCF_002021735.2	Primary Assembly	Un			MPKV02004069.1	Chromosome		NW_022265621.1	unplaced-scaffold	8644			scaffold3676
GCF_002021735.2	Primary Assembly	Un			MPKV02004070.1	Chromosome		NW_022265622.1	unplaced-scaffold	8613			scaffold3677
GCF_002021735.2	Primary Assembly	Un			MPKV02004071.1	Chromosome		NW_022265623.1	unplaced-scaffold	8580			scaffold3678
GCF_002021735.2	Primary Assembly	Un			MPKV02004072.1	Chromosome		NW_022265624.1	unplaced-scaffold	8572			scaffold3679
GCF_002021735.2	Primary Assembly	Un			MPKV02004073.1	Chromosome		NW_022265625.1	unplaced-scaffold	8566			scaffold3680
GCF_002021735.2	Primary Assembly	Un			MPKV02004074.1	Chromosome		NW_022265626.1	unplaced-scaffold	8529			scaffold3681
GCF_002021735.2	Primary Assembly	Un			MPKV02004075.1	Chromosome		NW_022265627.1	unplaced-scaffold	51454			scaffold3682
GCF_002021735.2	Primary Assembly	Un			MPKV02004076.1	Chromosome		NW_022265628.1	unplaced-scaffold	49100			scaffold3683
GCF_002021735.2	Primary Assembly	Un			MPKV02004077.1	Chromosome		NW_022265629.1	unplaced-scaffold	8503			scaffold3684
GCF_002021735.2	Primary Assembly	Un			MPKV02004078.1	Chromosome		NW_022265630.1	unplaced-scaffold	8487			scaffold3685
GCF_002021735.2	Primary Assembly	Un			MPKV02004079.1	Chromosome		NW_022265631.1	unplaced-scaffold	176287			scaffold3686
GCF_002021735.2	Primary Assembly	Un			MPKV02004080.1	Chromosome		NW_022265632.1	unplaced-scaffold	8422			scaffold3687
GCF_002021735.2	Primary Assembly	Un			MPKV02004081.1	Chromosome		NW_022265633.1	unplaced-scaffold	8413			scaffold3688
GCF_002021735.2	Primary Assembly	Un			MPKV02004082.1	Chromosome		NW_022265634.1	unplaced-scaffold	416586			scaffold3689
GCF_002021735.2	Primary Assembly	Un			MPKV02004083.1	Chromosome		NW_022265635.1	unplaced-scaffold	8388			scaffold3690
GCF_002021735.2	Primary Assembly	Un			MPKV02004084.1	Chromosome		NW_022265636.1	unplaced-scaffold	8272			scaffold3691
GCF_002021735.2	Primary Assembly	Un			MPKV02004085.1	Chromosome		NW_022265637.1	unplaced-scaffold	8239			scaffold3692
GCF_002021735.2	Primary Assembly	Un			MPKV02004086.1	Chromosome		NW_022265638.1	unplaced-scaffold	418963			scaffold3693
GCF_002021735.2	Primary Assembly	Un			MPKV02004087.1	Chromosome		NW_022265639.1	unplaced-scaffold	8158			scaffold3694
GCF_002021735.2	Primary Assembly	Un			MPKV02004088.1	Chromosome		NW_022265640.1	unplaced-scaffold	7973			scaffold3695
GCF_002021735.2	Primary Assembly	Un			MPKV02004089.1	Chromosome		NW_022265641.1	unplaced-scaffold	8020			scaffold3696
GCF_002021735.2	Primary Assembly	Un			MPKV02004090.1	Chromosome		NW_022265642.1	unplaced-scaffold	7946			scaffold3697
GCF_002021735.2	Primary Assembly	Un			MPKV02004091.1	Chromosome		NW_022265643.1	unplaced-scaffold	7948			scaffold3698
GCF_002021735.2	Primary Assembly	Un			MPKV02004092.1	Chromosome		NW_022265644.1	unplaced-scaffold	7876			scaffold3699
GCF_002021735.2	Primary Assembly	Un			MPKV02004093.1	Chromosome		NW_022265645.1	unplaced-scaffold	7802			scaffold3700
GCF_002021735.2	Primary Assembly	Un			MPKV02004094.1	Chromosome		NW_022265646.1	unplaced-scaffold	7821			scaffold3701
GCF_002021735.2	Primary Assembly	Un			MPKV02004095.1	Chromosome		NW_022265647.1	unplaced-scaffold	7775			scaffold3702
GCF_002021735.2	Primary Assembly	Un			MPKV02004096.1	Chromosome		NW_022265648.1	unplaced-scaffold	415210			scaffold3703
GCF_002021735.2	Primary Assembly	Un			MPKV02004097.1	Chromosome		NW_022265649.1	unplaced-scaffold	50000			scaffold3704
GCF_002021735.2	Primary Assembly	Un			MPKV02004098.1	Chromosome		NW_022265650.1	unplaced-scaffold	7667			scaffold3705
GCF_002021735.2	Primary Assembly	Un			MPKV02004099.1	Chromosome		NW_022265651.1	unplaced-scaffold	7639			scaffold3706
GCF_002021735.2	Primary Assembly	Un			MPKV02004100.1	Chromosome		NW_022265652.1	unplaced-scaffold	7611			scaffold3707
GCF_002021735.2	Primary Assembly	Un			MPKV02004101.1	Chromosome		NW_022265653.1	unplaced-scaffold	7590			scaffold3708
GCF_002021735.2	Primary Assembly	Un			MPKV02004102.1	Chromosome		NW_022265654.1	unplaced-scaffold	7574			scaffold3709
GCF_002021735.2	Primary Assembly	Un			MPKV02004103.1	Chromosome		NW_022265655.1	unplaced-scaffold	7584			scaffold3710
GCF_002021735.2	Primary Assembly	Un			MPKV02004104.1	Chromosome		NW_022265656.1	unplaced-scaffold	527244			scaffold3711
GCF_002021735.2	Primary Assembly	Un			MPKV02004105.1	Chromosome		NW_022265657.1	unplaced-scaffold	7522			scaffold3712
GCF_002021735.2	Primary Assembly	Un			MPKV02004106.1	Chromosome		NW_022265658.1	unplaced-scaffold	7470			scaffold3713
GCF_002021735.2	Primary Assembly	Un			MPKV02004107.1	Chromosome		NW_022265659.1	unplaced-scaffold	7383			scaffold3714
GCF_002021735.2	Primary Assembly	Un			MPKV02004108.1	Chromosome		NW_022265660.1	unplaced-scaffold	7436			scaffold3715
GCF_002021735.2	Primary Assembly	Un			MPKV02004109.1	Chromosome		NW_022265661.1	unplaced-scaffold	7297			scaffold3716
GCF_002021735.2	Primary Assembly	Un			MPKV02004110.1	Chromosome		NW_022265662.1	unplaced-scaffold	411407			scaffold3717
GCF_002021735.2	Primary Assembly	Un			MPKV02004111.1	Chromosome		NW_022265663.1	unplaced-scaffold	7231			scaffold3718
GCF_002021735.2	Primary Assembly	Un			MPKV02004112.1	Chromosome		NW_022265664.1	unplaced-scaffold	7242			scaffold3719
GCF_002021735.2	Primary Assembly	Un			MPKV02004113.1	Chromosome		NW_022265665.1	unplaced-scaffold	7247			scaffold3720
GCF_002021735.2	Primary Assembly	Un			MPKV02004114.1	Chromosome		NW_022265666.1	unplaced-scaffold	7249			scaffold3721
GCF_002021735.2	Primary Assembly	Un			MPKV02004115.1	Chromosome		NW_022265667.1	unplaced-scaffold	7190			scaffold3722
GCF_002021735.2	Primary Assembly	Un			MPKV02004116.1	Chromosome		NW_022265668.1	unplaced-scaffold	7165			scaffold3723
GCF_002021735.2	Primary Assembly	Un			MPKV02004117.1	Chromosome		NW_022265669.1	unplaced-scaffold	7151			scaffold3724
GCF_002021735.2	Primary Assembly	Un			MPKV02004118.1	Chromosome		NW_022265670.1	unplaced-scaffold	7140			scaffold3725
GCF_002021735.2	Primary Assembly	Un			MPKV02004119.1	Chromosome		NW_022265671.1	unplaced-scaffold	7018			scaffold3726
GCF_002021735.2	Primary Assembly	Un			MPKV02004120.1	Chromosome		NW_022265672.1	unplaced-scaffold	7028			scaffold3727
GCF_002021735.2	Primary Assembly	Un			MPKV02004121.1	Chromosome		NW_022265673.1	unplaced-scaffold	6993			scaffold3728
GCF_002021735.2	Primary Assembly	Un			MPKV02004122.1	Chromosome		NW_022265674.1	unplaced-scaffold	7006			scaffold3729
GCF_002021735.2	Primary Assembly	Un			MPKV02004123.1	Chromosome		NW_022265675.1	unplaced-scaffold	7015			scaffold3730
GCF_002021735.2	Primary Assembly	Un			MPKV02004124.1	Chromosome		NW_022265676.1	unplaced-scaffold	7021			scaffold3731
GCF_002021735.2	Primary Assembly	Un			MPKV02004125.1	Chromosome		NW_022265677.1	unplaced-scaffold	6984			scaffold3732
GCF_002021735.2	Primary Assembly	Un			MPKV02004126.1	Chromosome		NW_022265678.1	unplaced-scaffold	403692			scaffold3733
GCF_002021735.2	Primary Assembly	Un			MPKV02004127.1	Chromosome		NW_022265679.1	unplaced-scaffold	6847			scaffold3734
GCF_002021735.2	Primary Assembly	Un			MPKV02004128.1	Chromosome		NW_022265680.1	unplaced-scaffold	6892			scaffold3735
GCF_002021735.2	Primary Assembly	Un			MPKV02004129.1	Chromosome		NW_022265681.1	unplaced-scaffold	395624			scaffold3736
GCF_002021735.2	Primary Assembly	Un			MPKV02004130.1	Chromosome		NW_022265682.1	unplaced-scaffold	6801			scaffold3737
GCF_002021735.2	Primary Assembly	Un			MPKV02004131.1	Chromosome		NW_022265683.1	unplaced-scaffold	6722			scaffold3738
GCF_002021735.2	Primary Assembly	Un			MPKV02004132.1	Chromosome		NW_022265684.1	unplaced-scaffold	6785			scaffold3739
GCF_002021735.2	Primary Assembly	Un			MPKV02004133.1	Chromosome		NW_022265685.1	unplaced-scaffold	6679			scaffold3740
GCF_002021735.2	Primary Assembly	Un			MPKV02004134.1	Chromosome		NW_022265686.1	unplaced-scaffold	400739			scaffold3741
GCF_002021735.2	Primary Assembly	Un			MPKV02004135.1	Chromosome		NW_022265687.1	unplaced-scaffold	6651			scaffold3742
GCF_002021735.2	Primary Assembly	Un			MPKV02004136.1	Chromosome		NW_022265688.1	unplaced-scaffold	6654			scaffold3743
GCF_002021735.2	Primary Assembly	Un			MPKV02004137.1	Chromosome		NW_022265689.1	unplaced-scaffold	6658			scaffold3744
GCF_002021735.2	Primary Assembly	Un			MPKV02004138.1	Chromosome		NW_022265690.1	unplaced-scaffold	6675			scaffold3745
GCF_002021735.2	Primary Assembly	Un			MPKV02004139.1	Chromosome		NW_022265691.1	unplaced-scaffold	6592			scaffold3746
GCF_002021735.2	Primary Assembly	Un			MPKV02004140.1	Chromosome		NW_022265692.1	unplaced-scaffold	6558			scaffold3747
GCF_002021735.2	Primary Assembly	Un			MPKV02004141.1	Chromosome		NW_022265693.1	unplaced-scaffold	6591			scaffold3748
GCF_002021735.2	Primary Assembly	Un			MPKV02004142.1	Chromosome		NW_022265694.1	unplaced-scaffold	755108			scaffold3749
GCF_002021735.2	Primary Assembly	Un			MPKV02004143.1	Chromosome		NW_022265695.1	unplaced-scaffold	6468			scaffold3750
GCF_002021735.2	Primary Assembly	Un			MPKV02004144.1	Chromosome		NW_022265696.1	unplaced-scaffold	6419			scaffold3751
GCF_002021735.2	Primary Assembly	Un			MPKV02004145.1	Chromosome		NW_022265697.1	unplaced-scaffold	6407			scaffold3752
GCF_002021735.2	Primary Assembly	Un			MPKV02004146.1	Chromosome		NW_022265698.1	unplaced-scaffold	6397			scaffold3753
GCF_002021735.2	Primary Assembly	Un			MPKV02004147.1	Chromosome		NW_022265699.1	unplaced-scaffold	6361			scaffold3754
GCF_002021735.2	Primary Assembly	Un			MPKV02004148.1	Chromosome		NW_022265700.1	unplaced-scaffold	6332			scaffold3755
GCF_002021735.2	Primary Assembly	Un			MPKV02004149.1	Chromosome		NW_022265701.1	unplaced-scaffold	6402			scaffold3756
GCF_002021735.2	Primary Assembly	Un			MPKV02004150.1	Chromosome		NW_022265702.1	unplaced-scaffold	389585			scaffold3757
GCF_002021735.2	Primary Assembly	Un			MPKV02004151.1	Chromosome		NW_022265703.1	unplaced-scaffold	6276			scaffold3758
GCF_002021735.2	Primary Assembly	Un			MPKV02004152.1	Chromosome		NW_022265704.1	unplaced-scaffold	6250			scaffold3759
GCF_002021735.2	Primary Assembly	Un			MPKV02004153.1	Chromosome		NW_022265705.1	unplaced-scaffold	6311			scaffold3760
GCF_002021735.2	Primary Assembly	Un			MPKV02004154.1	Chromosome		NW_022265706.1	unplaced-scaffold	6207			scaffold3761
GCF_002021735.2	Primary Assembly	Un			MPKV02004155.1	Chromosome		NW_022265707.1	unplaced-scaffold	6201			scaffold3762
GCF_002021735.2	Primary Assembly	Un			MPKV02004156.1	Chromosome		NW_022265708.1	unplaced-scaffold	6199			scaffold3763
GCF_002021735.2	Primary Assembly	Un			MPKV02004157.1	Chromosome		NW_022265709.1	unplaced-scaffold	6195			scaffold3764
GCF_002021735.2	Primary Assembly	Un			MPKV02004158.1	Chromosome		NW_022265710.1	unplaced-scaffold	6194			scaffold3765
GCF_002021735.2	Primary Assembly	Un			MPKV02004159.1	Chromosome		NW_022265711.1	unplaced-scaffold	6164			scaffold3766
GCF_002021735.2	Primary Assembly	Un			MPKV02004160.1	Chromosome		NW_022265712.1	unplaced-scaffold	6145			scaffold3767
GCF_002021735.2	Primary Assembly	Un			MPKV02004161.1	Chromosome		NW_022265713.1	unplaced-scaffold	6112			scaffold3768
GCF_002021735.2	Primary Assembly	Un			MPKV02004162.1	Chromosome		NW_022265714.1	unplaced-scaffold	5998			scaffold3769
GCF_002021735.2	Primary Assembly	Un			MPKV02004163.1	Chromosome		NW_022265715.1	unplaced-scaffold	6027			scaffold3770
GCF_002021735.2	Primary Assembly	Un			MPKV02004164.1	Chromosome		NW_022265716.1	unplaced-scaffold	5991			scaffold3771
GCF_002021735.2	Primary Assembly	Un			MPKV02004165.1	Chromosome		NW_022265717.1	unplaced-scaffold	5917			scaffold3772
GCF_002021735.2	Primary Assembly	Un			MPKV02004166.1	Chromosome		NW_022265718.1	unplaced-scaffold	5959			scaffold3773
GCF_002021735.2	Primary Assembly	Un			MPKV02004167.1	Chromosome		NW_022265719.1	unplaced-scaffold	5904			scaffold3774
GCF_002021735.2	Primary Assembly	Un			MPKV02004168.1	Chromosome		NW_022265720.1	unplaced-scaffold	5902			scaffold3775
GCF_002021735.2	Primary Assembly	Un			MPKV02004169.1	Chromosome		NW_022265721.1	unplaced-scaffold	5847			scaffold3776
GCF_002021735.2	Primary Assembly	Un			MPKV02004170.1	Chromosome		NW_022265722.1	unplaced-scaffold	5832			scaffold3777
GCF_002021735.2	Primary Assembly	Un			MPKV02004171.1	Chromosome		NW_022265723.1	unplaced-scaffold	5793			scaffold3778
GCF_002021735.2	Primary Assembly	Un			MPKV02004172.1	Chromosome		NW_022265724.1	unplaced-scaffold	5704			scaffold3779
GCF_002021735.2	Primary Assembly	Un			MPKV02004173.1	Chromosome		NW_022265725.1	unplaced-scaffold	5707			scaffold3780
GCF_002021735.2	Primary Assembly	Un			MPKV02004174.1	Chromosome		NW_022265726.1	unplaced-scaffold	5675			scaffold3781
GCF_002021735.2	Primary Assembly	Un			MPKV02004175.1	Chromosome		NW_022265727.1	unplaced-scaffold	5611			scaffold3782
GCF_002021735.2	Primary Assembly	Un			MPKV02004176.1	Chromosome		NW_022265728.1	unplaced-scaffold	5558			scaffold3783
GCF_002021735.2	Primary Assembly	Un			MPKV02004177.1	Chromosome		NW_022265729.1	unplaced-scaffold	5000			scaffold3784
GCF_002021735.2	Primary Assembly	Un			MPKV02004178.1	Chromosome		NW_022265730.1	unplaced-scaffold	60578			scaffold3785
GCF_002021735.2	Primary Assembly	Un			MPKV02004179.1	Chromosome		NW_022265731.1	unplaced-scaffold	5533			scaffold3786
GCF_002021735.2	Primary Assembly	Un			MPKV02004180.1	Chromosome		NW_022265732.1	unplaced-scaffold	5441			scaffold3787
GCF_002021735.2	Primary Assembly	Un			MPKV02004181.1	Chromosome		NW_022265733.1	unplaced-scaffold	370196			scaffold3788
GCF_002021735.2	Primary Assembly	Un			MPKV02004182.1	Chromosome		NW_022265734.1	unplaced-scaffold	5483			scaffold3789
GCF_002021735.2	Primary Assembly	Un			MPKV02004183.1	Chromosome		NW_022265735.1	unplaced-scaffold	5445			scaffold3790
GCF_002021735.2	Primary Assembly	Un			MPKV02004184.1	Chromosome		NW_022265736.1	unplaced-scaffold	5450			scaffold3791
GCF_002021735.2	Primary Assembly	Un			MPKV02004185.1	Chromosome		NW_022265737.1	unplaced-scaffold	5426			scaffold3792
GCF_002021735.2	Primary Assembly	Un			MPKV02004186.1	Chromosome		NW_022265738.1	unplaced-scaffold	144579			scaffold3793
GCF_002021735.2	Primary Assembly	Un			MPKV02004187.1	Chromosome		NW_022265739.1	unplaced-scaffold	5370			scaffold3794
GCF_002021735.2	Primary Assembly	Un			MPKV02004188.1	Chromosome		NW_022265740.1	unplaced-scaffold	5366			scaffold3795
GCF_002021735.2	Primary Assembly	Un			MPKV02004189.1	Chromosome		NW_022265741.1	unplaced-scaffold	225496			scaffold3796
GCF_002021735.2	Primary Assembly	Un			MPKV02004190.1	Chromosome		NW_022265742.1	unplaced-scaffold	5000			scaffold3797
GCF_002021735.2	Primary Assembly	Un			MPKV02004191.1	Chromosome		NW_022265743.1	unplaced-scaffold	137885			scaffold3798
GCF_002021735.2	Primary Assembly	Un			MPKV02004192.1	Chromosome		NW_022265744.1	unplaced-scaffold	5158			scaffold3799
GCF_002021735.2	Primary Assembly	Un			MPKV02004193.1	Chromosome		NW_022265745.1	unplaced-scaffold	5210			scaffold3800
GCF_002021735.2	Primary Assembly	Un			MPKV02004194.1	Chromosome		NW_022265746.1	unplaced-scaffold	5198			scaffold3801
GCF_002021735.2	Primary Assembly	Un			MPKV02004195.1	Chromosome		NW_022265747.1	unplaced-scaffold	5235			scaffold3802
GCF_002021735.2	Primary Assembly	Un			MPKV02004196.1	Chromosome		NW_022265748.1	unplaced-scaffold	5020			scaffold3803
GCF_002021735.2	Primary Assembly	Un			MPKV02004197.1	Chromosome		NW_022265749.1	unplaced-scaffold	5062			scaffold3804
GCF_002021735.2	Primary Assembly	Un			MPKV02004198.1	Chromosome		NW_022265750.1	unplaced-scaffold	360852			scaffold3805
GCF_002021735.2	Primary Assembly	Un			MPKV02004199.1	Chromosome		NW_022265751.1	unplaced-scaffold	87166			scaffold3806
GCF_002021735.2	Primary Assembly	Un			MPKV02004200.1	Chromosome		NW_022265752.1	unplaced-scaffold	4946			scaffold3807
GCF_002021735.2	Primary Assembly	Un			MPKV02004201.1	Chromosome		NW_022265753.1	unplaced-scaffold	4911			scaffold3808
GCF_002021735.2	Primary Assembly	Un			MPKV02004202.1	Chromosome		NW_022265754.1	unplaced-scaffold	352095			scaffold3809
GCF_002021735.2	Primary Assembly	Un			MPKV02004203.1	Chromosome		NW_022265755.1	unplaced-scaffold	4867			scaffold3810
GCF_002021735.2	Primary Assembly	Un			MPKV02004204.1	Chromosome		NW_022265756.1	unplaced-scaffold	354183			scaffold3811
GCF_002021735.2	Primary Assembly	Un			MPKV02004205.1	Chromosome		NW_022265757.1	unplaced-scaffold	4829			scaffold3812
GCF_002021735.2	Primary Assembly	Un			MPKV02004206.1	Chromosome		NW_022265758.1	unplaced-scaffold	343580			scaffold3813
GCF_002021735.2	Primary Assembly	Un			MPKV02004207.1	Chromosome		NW_022265759.1	unplaced-scaffold	4674			scaffold3814
GCF_002021735.2	Primary Assembly	Un			MPKV02004208.1	Chromosome		NW_022265760.1	unplaced-scaffold	341806			scaffold3815
GCF_002021735.2	Primary Assembly	Un			MPKV02004209.1	Chromosome		NW_022265761.1	unplaced-scaffold	4652			scaffold3816
GCF_002021735.2	Primary Assembly	Un			MPKV02004210.1	Chromosome		NW_022265762.1	unplaced-scaffold	4647			scaffold3817
GCF_002021735.2	Primary Assembly	Un			MPKV02004211.1	Chromosome		NW_022265763.1	unplaced-scaffold	4616			scaffold3818
GCF_002021735.2	Primary Assembly	Un			MPKV02004212.1	Chromosome		NW_022265764.1	unplaced-scaffold	4591			scaffold3819
GCF_002021735.2	Primary Assembly	Un			MPKV02004213.1	Chromosome		NW_022265765.1	unplaced-scaffold	330951			scaffold3820
GCF_002021735.2	Primary Assembly	Un			MPKV02004214.1	Chromosome		NW_022265766.1	unplaced-scaffold	4554			scaffold3821
GCF_002021735.2	Primary Assembly	Un			MPKV02004215.1	Chromosome		NW_022265767.1	unplaced-scaffold	4534			scaffold3822
GCF_002021735.2	Primary Assembly	Un			MPKV02004216.1	Chromosome		NW_022265768.1	unplaced-scaffold	4477			scaffold3823
GCF_002021735.2	Primary Assembly	Un			MPKV02004217.1	Chromosome		NW_022265769.1	unplaced-scaffold	4449			scaffold3824
GCF_002021735.2	Primary Assembly	Un			MPKV02004218.1	Chromosome		NW_022265770.1	unplaced-scaffold	4386			scaffold3825
GCF_002021735.2	Primary Assembly	Un			MPKV02004219.1	Chromosome		NW_022265771.1	unplaced-scaffold	331694			scaffold3826
GCF_002021735.2	Primary Assembly	Un			MPKV02004220.1	Chromosome		NW_022265772.1	unplaced-scaffold	331037			scaffold3827
GCF_002021735.2	Primary Assembly	Un			MPKV02004221.1	Chromosome		NW_022265773.1	unplaced-scaffold	4283			scaffold3828
GCF_002021735.2	Primary Assembly	Un			MPKV02004222.1	Chromosome		NW_022265774.1	unplaced-scaffold	4163			scaffold3829
GCF_002021735.2	Primary Assembly	Un			MPKV02004223.1	Chromosome		NW_022265775.1	unplaced-scaffold	4186			scaffold3830
GCF_002021735.2	Primary Assembly	Un			MPKV02004224.1	Chromosome		NW_022265776.1	unplaced-scaffold	4118			scaffold3831
GCF_002021735.2	Primary Assembly	Un			MPKV02004225.1	Chromosome		NW_022265777.1	unplaced-scaffold	4150			scaffold3832
GCF_002021735.2	Primary Assembly	Un			MPKV02004226.1	Chromosome		NW_022265778.1	unplaced-scaffold	4098			scaffold3833
GCF_002021735.2	Primary Assembly	Un			MPKV02004227.1	Chromosome		NW_022265779.1	unplaced-scaffold	4108			scaffold3834
GCF_002021735.2	Primary Assembly	Un			MPKV02004228.1	Chromosome		NW_022265780.1	unplaced-scaffold	4314			scaffold3835
GCF_002021735.2	Primary Assembly	Un			MPKV02004229.1	Chromosome		NW_022265781.1	unplaced-scaffold	4072			scaffold3836
GCF_002021735.2	Primary Assembly	Un			MPKV02004230.1	Chromosome		NW_022265782.1	unplaced-scaffold	4063			scaffold3837
GCF_002021735.2	Primary Assembly	Un			MPKV02004231.1	Chromosome		NW_022265783.1	unplaced-scaffold	325661			scaffold3838
GCF_002021735.2	Primary Assembly	Un			MPKV02004232.1	Chromosome		NW_022265784.1	unplaced-scaffold	4031			scaffold3839
GCF_002021735.2	Primary Assembly	Un			MPKV02004233.1	Chromosome		NW_022265785.1	unplaced-scaffold	325472			scaffold3840
GCF_002021735.2	Primary Assembly	Un			MPKV02004234.1	Chromosome		NW_022265786.1	unplaced-scaffold	4040			scaffold3841
GCF_002021735.2	Primary Assembly	Un			MPKV02004235.1	Chromosome		NW_022265787.1	unplaced-scaffold	4019			scaffold3842
GCF_002021735.2	Primary Assembly	Un			MPKV02004236.1	Chromosome		NW_022265788.1	unplaced-scaffold	3995			scaffold3843
GCF_002021735.2	Primary Assembly	Un			MPKV02004237.1	Chromosome		NW_022265789.1	unplaced-scaffold	3987			scaffold3844
GCF_002021735.2	Primary Assembly	Un			MPKV02004238.1	Chromosome		NW_022265790.1	unplaced-scaffold	3972			scaffold3845
GCF_002021735.2	Primary Assembly	Un			MPKV02004239.1	Chromosome		NW_022265791.1	unplaced-scaffold	318421			scaffold3846
GCF_002021735.2	Primary Assembly	Un			MPKV02004240.1	Chromosome		NW_022265792.1	unplaced-scaffold	3913			scaffold3847
GCF_002021735.2	Primary Assembly	Un			MPKV02004241.1	Chromosome		NW_022265793.1	unplaced-scaffold	3911			scaffold3848
GCF_002021735.2	Primary Assembly	Un			MPKV02004242.1	Chromosome		NW_022265794.1	unplaced-scaffold	3908			scaffold3849
GCF_002021735.2	Primary Assembly	Un			MPKV02004243.1	Chromosome		NW_022265795.1	unplaced-scaffold	3893			scaffold3850
GCF_002021735.2	Primary Assembly	Un			MPKV02004244.1	Chromosome		NW_022265796.1	unplaced-scaffold	3872			scaffold3851
GCF_002021735.2	Primary Assembly	Un			MPKV02004245.1	Chromosome		NW_022265797.1	unplaced-scaffold	3865			scaffold3852
GCF_002021735.2	Primary Assembly	Un			MPKV02004246.1	Chromosome		NW_022265798.1	unplaced-scaffold	322675			scaffold3853
GCF_002021735.2	Primary Assembly	Un			MPKV02004247.1	Chromosome		NW_022265799.1	unplaced-scaffold	320726			scaffold3854
GCF_002021735.2	Primary Assembly	Un			MPKV02004248.1	Chromosome		NW_022265800.1	unplaced-scaffold	3823			scaffold3855
GCF_002021735.2	Primary Assembly	Un			MPKV02004249.1	Chromosome		NW_022265801.1	unplaced-scaffold	319358			scaffold3856
GCF_002021735.2	Primary Assembly	Un			MPKV02004250.1	Chromosome		NW_022265802.1	unplaced-scaffold	3787			scaffold3857
GCF_002021735.2	Primary Assembly	Un			MPKV02004251.1	Chromosome		NW_022265803.1	unplaced-scaffold	230404			scaffold3858
GCF_002021735.2	Primary Assembly	Un			MPKV02004252.1	Chromosome		NW_022265804.1	unplaced-scaffold	3757			scaffold3859
GCF_002021735.2	Primary Assembly	Un			MPKV02004253.1	Chromosome		NW_022265805.1	unplaced-scaffold	3769			scaffold3860
GCF_002021735.2	Primary Assembly	Un			MPKV02004254.1	Chromosome		NW_022265806.1	unplaced-scaffold	3761			scaffold3861
GCF_002021735.2	Primary Assembly	Un			MPKV02004255.1	Chromosome		NW_022265807.1	unplaced-scaffold	3737			scaffold3862
GCF_002021735.2	Primary Assembly	Un			MPKV02004256.1	Chromosome		NW_022265808.1	unplaced-scaffold	3729			scaffold3863
GCF_002021735.2	Primary Assembly	Un			MPKV02004257.1	Chromosome		NW_022265809.1	unplaced-scaffold	311834			scaffold3864
GCF_002021735.2	Primary Assembly	Un			MPKV02004258.1	Chromosome		NW_022265810.1	unplaced-scaffold	24461			scaffold3865
GCF_002021735.2	Primary Assembly	Un			MPKV02004259.1	Chromosome		NW_022265811.1	unplaced-scaffold	19436			scaffold3866
GCF_002021735.2	Primary Assembly	Un			MPKV02004260.1	Chromosome		NW_022265812.1	unplaced-scaffold	3730			scaffold3867
GCF_002021735.2	Primary Assembly	Un			MPKV02004261.1	Chromosome		NW_022265813.1	unplaced-scaffold	314419			scaffold3868
GCF_002021735.2	Primary Assembly	Un			MPKV02004262.1	Chromosome		NW_022265814.1	unplaced-scaffold	46551			scaffold3869
GCF_002021735.2	Primary Assembly	Un			MPKV02004263.1	Chromosome		NW_022265815.1	unplaced-scaffold	3687			scaffold3870
GCF_002021735.2	Primary Assembly	Un			MPKV02004264.1	Chromosome		NW_022265816.1	unplaced-scaffold	3657			scaffold3871
GCF_002021735.2	Primary Assembly	Un			MPKV02004265.1	Chromosome		NW_022265817.1	unplaced-scaffold	3655			scaffold3872
GCF_002021735.2	Primary Assembly	Un			MPKV02004266.1	Chromosome		NW_022265818.1	unplaced-scaffold	304514			scaffold3873
GCF_002021735.2	Primary Assembly	Un			MPKV02004267.1	Chromosome		NW_022265819.1	unplaced-scaffold	3653			scaffold3874
GCF_002021735.2	Primary Assembly	Un			MPKV02004268.1	Chromosome		NW_022265820.1	unplaced-scaffold	313324			scaffold3875
GCF_002021735.2	Primary Assembly	Un			MPKV02004269.1	Chromosome		NW_022265821.1	unplaced-scaffold	3571			scaffold3876
GCF_002021735.2	Primary Assembly	Un			MPKV02004270.1	Chromosome		NW_022265822.1	unplaced-scaffold	3560			scaffold3877
GCF_002021735.2	Primary Assembly	Un			MPKV02004271.1	Chromosome		NW_022265823.1	unplaced-scaffold	3589			scaffold3878
GCF_002021735.2	Primary Assembly	Un			MPKV02004272.1	Chromosome		NW_022265824.1	unplaced-scaffold	3540			scaffold3879
GCF_002021735.2	Primary Assembly	Un			MPKV02004273.1	Chromosome		NW_022265825.1	unplaced-scaffold	311877			scaffold3880
GCF_002021735.2	Primary Assembly	Un			MPKV02004274.1	Chromosome		NW_022265826.1	unplaced-scaffold	3584			scaffold3881
GCF_002021735.2	Primary Assembly	Un			MPKV02004275.1	Chromosome		NW_022265827.1	unplaced-scaffold	3484			scaffold3882
GCF_002021735.2	Primary Assembly	Un			MPKV02004276.1	Chromosome		NW_022265828.1	unplaced-scaffold	3478			scaffold3883
GCF_002021735.2	Primary Assembly	Un			MPKV02004277.1	Chromosome		NW_022265829.1	unplaced-scaffold	3453			scaffold3884
GCF_002021735.2	Primary Assembly	Un			MPKV02004278.1	Chromosome		NW_022265830.1	unplaced-scaffold	306775			scaffold3885
GCF_002021735.2	Primary Assembly	Un			MPKV02004279.1	Chromosome		NW_022265831.1	unplaced-scaffold	3397			scaffold3886
GCF_002021735.2	Primary Assembly	Un			MPKV02004280.1	Chromosome		NW_022265832.1	unplaced-scaffold	3371			scaffold3887
GCF_002021735.2	Primary Assembly	Un			MPKV02004281.1	Chromosome		NW_022265833.1	unplaced-scaffold	3365			scaffold3888
GCF_002021735.2	Primary Assembly	Un			MPKV02004282.1	Chromosome		NW_022265834.1	unplaced-scaffold	3356			scaffold3889
GCF_002021735.2	Primary Assembly	Un			MPKV02004283.1	Chromosome		NW_022265835.1	unplaced-scaffold	3354			scaffold3890
GCF_002021735.2	Primary Assembly	Un			MPKV02004284.1	Chromosome		NW_022265836.1	unplaced-scaffold	447737			scaffold3891
GCF_002021735.2	Primary Assembly	Un			MPKV02004285.1	Chromosome		NW_022265837.1	unplaced-scaffold	3334			scaffold3892
GCF_002021735.2	Primary Assembly	Un			MPKV02004286.1	Chromosome		NW_022265838.1	unplaced-scaffold	307814			scaffold3893
GCF_002021735.2	Primary Assembly	Un			MPKV02004287.1	Chromosome		NW_022265839.1	unplaced-scaffold	3297			scaffold3894
GCF_002021735.2	Primary Assembly	Un			MPKV02004288.1	Chromosome		NW_022265840.1	unplaced-scaffold	3283			scaffold3895
GCF_002021735.2	Primary Assembly	Un			MPKV02004289.1	Chromosome		NW_022265841.1	unplaced-scaffold	3322			scaffold3896
GCF_002021735.2	Primary Assembly	Un			MPKV02004290.1	Chromosome		NW_022265842.1	unplaced-scaffold	3286			scaffold3897
GCF_002021735.2	Primary Assembly	Un			MPKV02004291.1	Chromosome		NW_022265843.1	unplaced-scaffold	3286			scaffold3898
GCF_002021735.2	Primary Assembly	Un			MPKV02004292.1	Chromosome		NW_022265844.1	unplaced-scaffold	307479			scaffold3899
GCF_002021735.2	Primary Assembly	Un			MPKV02004293.1	Chromosome		NW_022265845.1	unplaced-scaffold	3269			scaffold3900
GCF_002021735.2	Primary Assembly	Un			MPKV02004294.1	Chromosome		NW_022265846.1	unplaced-scaffold	3252			scaffold3901
GCF_002021735.2	Primary Assembly	Un			MPKV02004295.1	Chromosome		NW_022265847.1	unplaced-scaffold	306206			scaffold3902
GCF_002021735.2	Primary Assembly	Un			MPKV02004296.1	Chromosome		NW_022265848.1	unplaced-scaffold	3206			scaffold3903
GCF_002021735.2	Primary Assembly	Un			MPKV02004297.1	Chromosome		NW_022265849.1	unplaced-scaffold	3193			scaffold3904
GCF_002021735.2	Primary Assembly	Un			MPKV02004298.1	Chromosome		NW_022265850.1	unplaced-scaffold	3191			scaffold3905
GCF_002021735.2	Primary Assembly	Un			MPKV02004299.1	Chromosome		NW_022265851.1	unplaced-scaffold	305262			scaffold3906
GCF_002021735.2	Primary Assembly	Un			MPKV02004300.1	Chromosome		NW_022265852.1	unplaced-scaffold	3188			scaffold3907
GCF_002021735.2	Primary Assembly	Un			MPKV02004301.1	Chromosome		NW_022265853.1	unplaced-scaffold	3173			scaffold3908
GCF_002021735.2	Primary Assembly	Un			MPKV02004302.1	Chromosome		NW_022265854.1	unplaced-scaffold	306926			scaffold3909
GCF_002021735.2	Primary Assembly	Un			MPKV02004303.1	Chromosome		NW_022265855.1	unplaced-scaffold	3166			scaffold3910
GCF_002021735.2	Primary Assembly	Un			MPKV02004304.1	Chromosome		NW_022265856.1	unplaced-scaffold	3154			scaffold3911
GCF_002021735.2	Primary Assembly	Un			MPKV02004305.1	Chromosome		NW_022265857.1	unplaced-scaffold	3144			scaffold3912
GCF_002021735.2	Primary Assembly	Un			MPKV02004306.1	Chromosome		NW_022265858.1	unplaced-scaffold	3134			scaffold3913
GCF_002021735.2	Primary Assembly	Un			MPKV02004307.1	Chromosome		NW_022265859.1	unplaced-scaffold	3103			scaffold3914
GCF_002021735.2	Primary Assembly	Un			MPKV02004308.1	Chromosome		NW_022265860.1	unplaced-scaffold	3092			scaffold3915
GCF_002021735.2	Primary Assembly	Un			MPKV02004309.1	Chromosome		NW_022265861.1	unplaced-scaffold	3058			scaffold3916
GCF_002021735.2	Primary Assembly	Un			MPKV02004310.1	Chromosome		NW_022265862.1	unplaced-scaffold	302214			scaffold3917
GCF_002021735.2	Primary Assembly	Un			MPKV02004311.1	Chromosome		NW_022265863.1	unplaced-scaffold	297576			scaffold3918
GCF_002021735.2	Primary Assembly	Un			MPKV02004312.1	Chromosome		NW_022265864.1	unplaced-scaffold	2985			scaffold3919
GCF_002021735.2	Primary Assembly	Un			MPKV02004313.1	Chromosome		NW_022265865.1	unplaced-scaffold	2966			scaffold3920
GCF_002021735.2	Primary Assembly	Un			MPKV02004314.1	Chromosome		NW_022265866.1	unplaced-scaffold	2974			scaffold3921
GCF_002021735.2	Primary Assembly	Un			MPKV02004315.1	Chromosome		NW_022265867.1	unplaced-scaffold	2936			scaffold3922
GCF_002021735.2	Primary Assembly	Un			MPKV02004316.1	Chromosome		NW_022265868.1	unplaced-scaffold	300082			scaffold3923
GCF_002021735.2	Primary Assembly	Un			MPKV02004317.1	Chromosome		NW_022265869.1	unplaced-scaffold	2906			scaffold3924
GCF_002021735.2	Primary Assembly	Un			MPKV02004318.1	Chromosome		NW_022265870.1	unplaced-scaffold	2906			scaffold3925
GCF_002021735.2	Primary Assembly	Un			MPKV02004319.1	Chromosome		NW_022265871.1	unplaced-scaffold	2882			scaffold3926
GCF_002021735.2	Primary Assembly	Un			MPKV02004320.1	Chromosome		NW_022265872.1	unplaced-scaffold	231269			scaffold3927
GCF_002021735.2	Primary Assembly	Un			MPKV02004321.1	Chromosome		NW_022265873.1	unplaced-scaffold	2845			scaffold3928
GCF_002021735.2	Primary Assembly	Un			MPKV02004322.1	Chromosome		NW_022265874.1	unplaced-scaffold	2837			scaffold3929
GCF_002021735.2	Primary Assembly	Un			MPKV02004323.1	Chromosome		NW_022265875.1	unplaced-scaffold	2833			scaffold3930
GCF_002021735.2	Primary Assembly	Un			MPKV02004324.1	Chromosome		NW_022265876.1	unplaced-scaffold	298546			scaffold3931
GCF_002021735.2	Primary Assembly	Un			MPKV02004325.1	Chromosome		NW_022265877.1	unplaced-scaffold	2825			scaffold3932
GCF_002021735.2	Primary Assembly	Un			MPKV02004326.1	Chromosome		NW_022265878.1	unplaced-scaffold	2815			scaffold3933
GCF_002021735.2	Primary Assembly	Un			MPKV02004327.1	Chromosome		NW_022265879.1	unplaced-scaffold	2812			scaffold3934
GCF_002021735.2	Primary Assembly	Un			MPKV02004328.1	Chromosome		NW_022265880.1	unplaced-scaffold	2810			scaffold3935
GCF_002021735.2	Primary Assembly	Un			MPKV02004329.1	Chromosome		NW_022265881.1	unplaced-scaffold	2785			scaffold3936
GCF_002021735.2	Primary Assembly	Un			MPKV02004330.1	Chromosome		NW_022265882.1	unplaced-scaffold	2788			scaffold3937
GCF_002021735.2	Primary Assembly	Un			MPKV02004331.1	Chromosome		NW_022265883.1	unplaced-scaffold	2767			scaffold3938
GCF_002021735.2	Primary Assembly	Un			MPKV02004332.1	Chromosome		NW_022265884.1	unplaced-scaffold	2733			scaffold3939
GCF_002021735.2	Primary Assembly	Un			MPKV02004333.1	Chromosome		NW_022265885.1	unplaced-scaffold	2723			scaffold3940
GCF_002021735.2	Primary Assembly	Un			MPKV02004334.1	Chromosome		NW_022265886.1	unplaced-scaffold	281782			scaffold3941
GCF_002021735.2	Primary Assembly	Un			MPKV02004335.1	Chromosome		NW_022265887.1	unplaced-scaffold	2669			scaffold3942
GCF_002021735.2	Primary Assembly	Un			MPKV02004336.1	Chromosome		NW_022265888.1	unplaced-scaffold	2625			scaffold3943
GCF_002021735.2	Primary Assembly	Un			MPKV02004337.1	Chromosome		NW_022265889.1	unplaced-scaffold	2617			scaffold3944
GCF_002021735.2	Primary Assembly	Un			MPKV02004338.1	Chromosome		NW_022265890.1	unplaced-scaffold	346885			scaffold3945
GCF_002021735.2	Primary Assembly	Un			MPKV02004339.1	Chromosome		NW_022265891.1	unplaced-scaffold	2586			scaffold3946
GCF_002021735.2	Primary Assembly	Un			MPKV02004340.1	Chromosome		NW_022265892.1	unplaced-scaffold	292750			scaffold3947
GCF_002021735.2	Primary Assembly	Un			MPKV02004341.1	Chromosome		NW_022265893.1	unplaced-scaffold	2324			scaffold3948
GCF_002021735.2	Primary Assembly	Un			MPKV02004342.1	Chromosome		NW_022265894.1	unplaced-scaffold	2179			scaffold3949
GCF_002021735.2	Primary Assembly	Un			MPKV02004343.1	Chromosome		NW_022265895.1	unplaced-scaffold	2136			scaffold3950
GCF_002021735.2	Primary Assembly	Un			MPKV02004344.1	Chromosome		NW_022265896.1	unplaced-scaffold	292332			scaffold3951
GCF_002021735.2	Primary Assembly	Un			MPKV02004345.1	Chromosome		NW_022265897.1	unplaced-scaffold	1893			scaffold3952
GCF_002021735.2	Primary Assembly	Un			MPKV02004346.1	Chromosome		NW_022265898.1	unplaced-scaffold	291185			scaffold3953
GCF_002021735.2	Primary Assembly	Un			MPKV02004347.1	Chromosome		NW_022265899.1	unplaced-scaffold	1360			scaffold3954
GCF_002021735.2	Primary Assembly	Un			MPKV02004348.1	Chromosome		NW_022265900.1	unplaced-scaffold	289863			scaffold3955
GCF_002021735.2	Primary Assembly	Un			MPKV02004349.1	Chromosome		NW_022265901.1	unplaced-scaffold	281851			scaffold3956
GCF_002021735.2	Primary Assembly	Un			MPKV02004350.1	Chromosome		NW_022265902.1	unplaced-scaffold	285487			scaffold3957
GCF_002021735.2	Primary Assembly	Un			MPKV02004351.1	Chromosome		NW_022265903.1	unplaced-scaffold	289108			scaffold3958
GCF_002021735.2	Primary Assembly	Un			MPKV02004352.1	Chromosome		NW_022265904.1	unplaced-scaffold	1003			scaffold3959
GCF_002021735.2	Primary Assembly	Un			MPKV02004353.1	Chromosome		NW_022265905.1	unplaced-scaffold	285333			scaffold3960
GCF_002021735.2	Primary Assembly	Un			MPKV02004354.1	Chromosome		NW_022265906.1	unplaced-scaffold	285743			scaffold3961
GCF_002021735.2	Primary Assembly	Un			MPKV02004355.1	Chromosome		NW_022265907.1	unplaced-scaffold	285594			scaffold3962
GCF_002021735.2	Primary Assembly	Un			MPKV02004356.1	Chromosome		NW_022265908.1	unplaced-scaffold	284272			scaffold3963
GCF_002021735.2	Primary Assembly	Un			MPKV02004357.1	Chromosome		NW_022265909.1	unplaced-scaffold	279970			scaffold3964
GCF_002021735.2	Primary Assembly	Un			MPKV02004358.1	Chromosome		NW_022265910.1	unplaced-scaffold	271661			scaffold3965
GCF_002021735.2	Primary Assembly	Un			MPKV02004359.1	Chromosome		NW_022265911.1	unplaced-scaffold	279447			scaffold3966
GCF_002021735.2	Primary Assembly	Un			MPKV02004360.1	Chromosome		NW_022265912.1	unplaced-scaffold	276092			scaffold3967
GCF_002021735.2	Primary Assembly	Un			MPKV02004361.1	Chromosome		NW_022265913.1	unplaced-scaffold	276184			scaffold3968
GCF_002021735.2	Primary Assembly	Un			MPKV02004362.1	Chromosome		NW_022265914.1	unplaced-scaffold	274749			scaffold3969
GCF_002021735.2	Primary Assembly	Un			MPKV02004363.1	Chromosome		NW_022265915.1	unplaced-scaffold	271756			scaffold3970
GCF_002021735.2	Primary Assembly	Un			MPKV02004364.1	Chromosome		NW_022265916.1	unplaced-scaffold	724585			scaffold3971
GCF_002021735.2	Primary Assembly	Un			MPKV02004365.1	Chromosome		NW_022265917.1	unplaced-scaffold	266494			scaffold3972
GCF_002021735.2	Primary Assembly	Un			MPKV02004366.1	Chromosome		NW_022265918.1	unplaced-scaffold	335860			scaffold3973
GCF_002021735.2	Primary Assembly	Un			MPKV02004367.1	Chromosome		NW_022265919.1	unplaced-scaffold	263860			scaffold3974
GCF_002021735.2	Primary Assembly	Un			MPKV02004368.1	Chromosome		NW_022265920.1	unplaced-scaffold	263165			scaffold3975
GCF_002021735.2	Primary Assembly	Un			MPKV02004369.1	Chromosome		NW_022265921.1	unplaced-scaffold	246092			scaffold3976
GCF_002021735.2	Primary Assembly	Un			MPKV02004370.1	Chromosome		NW_022265922.1	unplaced-scaffold	254042			scaffold3977
GCF_002021735.2	Primary Assembly	Un			MPKV02004371.1	Chromosome		NW_022265923.1	unplaced-scaffold	253345			scaffold3978
GCF_002021735.2	Primary Assembly	Un			MPKV02004372.1	Chromosome		NW_022265924.1	unplaced-scaffold	233847			scaffold3979
GCF_002021735.2	Primary Assembly	Un			MPKV02004373.1	Chromosome		NW_022265925.1	unplaced-scaffold	397679			scaffold3980
GCF_002021735.2	Primary Assembly	Un			MPKV02004374.1	Chromosome		NW_022265926.1	unplaced-scaffold	490944			scaffold3981
GCF_002021735.2	Primary Assembly	Un			MPKV02004375.1	Chromosome		NW_022265927.1	unplaced-scaffold	244042			scaffold3982
GCF_002021735.2	Primary Assembly	Un			MPKV02004376.1	Chromosome		NW_022265928.1	unplaced-scaffold	245984			scaffold3983
GCF_002021735.2	Primary Assembly	Un			MPKV02004377.1	Chromosome		NW_022265929.1	unplaced-scaffold	36076			scaffold3984
GCF_002021735.2	Primary Assembly	Un			MPKV02004378.1	Chromosome		NW_022265930.1	unplaced-scaffold	45277			scaffold3985
GCF_002021735.2	Primary Assembly	Un			MPKV02004379.1	Chromosome		NW_022265931.1	unplaced-scaffold	147549			scaffold3986
GCF_002021735.2	Primary Assembly	Un			MPKV02004380.1	Chromosome		NW_022265932.1	unplaced-scaffold	5000			scaffold3987
GCF_002021735.2	Primary Assembly	Un			MPKV02004381.1	Chromosome		NW_022265933.1	unplaced-scaffold	447110			scaffold3988
GCF_002021735.2	Primary Assembly	Un			MPKV02004382.1	Chromosome		NW_022265934.1	unplaced-scaffold	50000			scaffold3989
GCF_002021735.2	Primary Assembly	Un			MPKV02004383.1	Chromosome		NW_022265935.1	unplaced-scaffold	222181			scaffold3990
GCF_002021735.2	Primary Assembly	Un			MPKV02004384.1	Chromosome		NW_022265936.1	unplaced-scaffold	239369			scaffold3991
GCF_002021735.2	Primary Assembly	Un			MPKV02004385.1	Chromosome		NW_022265937.1	unplaced-scaffold	239034			scaffold3992
GCF_002021735.2	Primary Assembly	Un			MPKV02004386.1	Chromosome		NW_022265938.1	unplaced-scaffold	236883			scaffold3993
GCF_002021735.2	Primary Assembly	Un			MPKV02004387.1	Chromosome		NW_022265939.1	unplaced-scaffold	229786			scaffold3994
GCF_002021735.2	Primary Assembly	Un			MPKV02004388.1	Chromosome		NW_022265940.1	unplaced-scaffold	236439			scaffold3995
GCF_002021735.2	Primary Assembly	Un			MPKV02004389.1	Chromosome		NW_022265941.1	unplaced-scaffold	225772			scaffold3996
GCF_002021735.2	Primary Assembly	Un			MPKV02004390.1	Chromosome		NW_022265942.1	unplaced-scaffold	230754			scaffold3997
GCF_002021735.2	Primary Assembly	Un			MPKV02004391.1	Chromosome		NW_022265943.1	unplaced-scaffold	235492			scaffold3998
GCF_002021735.2	Primary Assembly	Un			MPKV02004392.1	Chromosome		NW_022265944.1	unplaced-scaffold	234339			scaffold3999
GCF_002021735.2	Primary Assembly	Un			MPKV02004393.1	Chromosome		NW_022265945.1	unplaced-scaffold	306410			scaffold4000
GCF_002021735.2	Primary Assembly	Un			MPKV02004394.1	Chromosome		NW_022265946.1	unplaced-scaffold	231987			scaffold4001
GCF_002021735.2	Primary Assembly	Un			MPKV02004395.1	Chromosome		NW_022265947.1	unplaced-scaffold	230682			scaffold4002
GCF_002021735.2	Primary Assembly	Un			MPKV02004396.1	Chromosome		NW_022265948.1	unplaced-scaffold	231474			scaffold4003
GCF_002021735.2	Primary Assembly	Un			MPKV02004397.1	Chromosome		NW_022265949.1	unplaced-scaffold	230502			scaffold4004
GCF_002021735.2	Primary Assembly	Un			MPKV02004398.1	Chromosome		NW_022265950.1	unplaced-scaffold	5000			scaffold4005
GCF_002021735.2	Primary Assembly	Un			MPKV02004399.1	Chromosome		NW_022265951.1	unplaced-scaffold	164666			scaffold4006
GCF_002021735.2	Primary Assembly	Un			MPKV02004400.1	Chromosome		NW_022265952.1	unplaced-scaffold	224389			scaffold4007
GCF_002021735.2	Primary Assembly	Un			MPKV02004401.1	Chromosome		NW_022265953.1	unplaced-scaffold	229165			scaffold4008
GCF_002021735.2	Primary Assembly	Un			MPKV02004402.1	Chromosome		NW_022265954.1	unplaced-scaffold	228670			scaffold4009
GCF_002021735.2	Primary Assembly	Un			MPKV02004403.1	Chromosome		NW_022265955.1	unplaced-scaffold	226205			scaffold4010
GCF_002021735.2	Primary Assembly	Un			MPKV02004404.1	Chromosome		NW_022265956.1	unplaced-scaffold	363415			scaffold4011
GCF_002021735.2	Primary Assembly	Un			MPKV02004405.1	Chromosome		NW_022265957.1	unplaced-scaffold	226270			scaffold4012
GCF_002021735.2	Primary Assembly	Un			MPKV02004406.1	Chromosome		NW_022265958.1	unplaced-scaffold	226165			scaffold4013
GCF_002021735.2	Primary Assembly	Un			MPKV02004407.1	Chromosome		NW_022265959.1	unplaced-scaffold	225452			scaffold4014
GCF_002021735.2	Primary Assembly	Un			MPKV02004408.1	Chromosome		NW_022265960.1	unplaced-scaffold	225598			scaffold4015
GCF_002021735.2	Primary Assembly	Un			MPKV02004409.1	Chromosome		NW_022265961.1	unplaced-scaffold	224935			scaffold4016
GCF_002021735.2	Primary Assembly	Un			MPKV02004410.1	Chromosome		NW_022265962.1	unplaced-scaffold	327233			scaffold4017
GCF_002021735.2	Primary Assembly	Un			MPKV02004411.1	Chromosome		NW_022265963.1	unplaced-scaffold	220822			scaffold4018
GCF_002021735.2	Primary Assembly	Un			MPKV02004412.1	Chromosome		NW_022265964.1	unplaced-scaffold	221652			scaffold4019
GCF_002021735.2	Primary Assembly	Un			MPKV02004413.1	Chromosome		NW_022265965.1	unplaced-scaffold	220250			scaffold4020
GCF_002021735.2	Primary Assembly	Un			MPKV02004414.1	Chromosome		NW_022265966.1	unplaced-scaffold	220844			scaffold4021
GCF_002021735.2	Primary Assembly	Un			MPKV02004415.1	Chromosome		NW_022265967.1	unplaced-scaffold	218608			scaffold4022
GCF_002021735.2	Primary Assembly	Un			MPKV02004416.1	Chromosome		NW_022265968.1	unplaced-scaffold	216819			scaffold4023
GCF_002021735.2	Primary Assembly	Un			MPKV02004417.1	Chromosome		NW_022265969.1	unplaced-scaffold	216216			scaffold4024
GCF_002021735.2	Primary Assembly	Un			MPKV02004418.1	Chromosome		NW_022265970.1	unplaced-scaffold	213572			scaffold4025
GCF_002021735.2	Primary Assembly	Un			MPKV02004419.1	Chromosome		NW_022265971.1	unplaced-scaffold	201463			scaffold4026
GCF_002021735.2	Primary Assembly	Un			MPKV02004420.1	Chromosome		NW_022265972.1	unplaced-scaffold	281980			scaffold4027
GCF_002021735.2	Primary Assembly	Un			MPKV02004421.1	Chromosome		NW_022265973.1	unplaced-scaffold	212004			scaffold4028
GCF_002021735.2	Primary Assembly	Un			MPKV02004422.1	Chromosome		NW_022265974.1	unplaced-scaffold	211402			scaffold4029
GCF_002021735.2	Primary Assembly	Un			MPKV02004423.1	Chromosome		NW_022265975.1	unplaced-scaffold	200087			scaffold4030
GCF_002021735.2	Primary Assembly	Un			MPKV02004424.1	Chromosome		NW_022265976.1	unplaced-scaffold	166988			scaffold4031
GCF_002021735.2	Primary Assembly	Un			MPKV02004425.1	Chromosome		NW_022265977.1	unplaced-scaffold	204976			scaffold4032
GCF_002021735.2	Primary Assembly	Un			MPKV02004426.1	Chromosome		NW_022265978.1	unplaced-scaffold	210355			scaffold4033
GCF_002021735.2	Primary Assembly	Un			MPKV02004427.1	Chromosome		NW_022265979.1	unplaced-scaffold	208578			scaffold4034
GCF_002021735.2	Primary Assembly	Un			MPKV02004428.1	Chromosome		NW_022265980.1	unplaced-scaffold	206941			scaffold4035
GCF_002021735.2	Primary Assembly	Un			MPKV02004429.1	Chromosome		NW_022265981.1	unplaced-scaffold	207123			scaffold4036
GCF_002021735.2	Primary Assembly	Un			MPKV02004430.1	Chromosome		NW_022265982.1	unplaced-scaffold	206632			scaffold4037
GCF_002021735.2	Primary Assembly	Un			MPKV02004431.1	Chromosome		NW_022265983.1	unplaced-scaffold	150286			scaffold4038
GCF_002021735.2	Primary Assembly	Un			MPKV02004432.1	Chromosome		NW_022265984.1	unplaced-scaffold	204674			scaffold4039
GCF_002021735.2	Primary Assembly	Un			MPKV02004433.1	Chromosome		NW_022265985.1	unplaced-scaffold	367875			scaffold4040
GCF_002021735.2	Primary Assembly	Un			MPKV02004434.1	Chromosome		NW_022265986.1	unplaced-scaffold	395164			scaffold4041
GCF_002021735.2	Primary Assembly	Un			MPKV02004435.1	Chromosome		NW_022265987.1	unplaced-scaffold	203289			scaffold4042
GCF_002021735.2	Primary Assembly	Un			MPKV02004436.1	Chromosome		NW_022265988.1	unplaced-scaffold	203457			scaffold4043
GCF_002021735.2	Primary Assembly	Un			MPKV02004437.1	Chromosome		NW_022265989.1	unplaced-scaffold	203037			scaffold4044
GCF_002021735.2	Primary Assembly	Un			MPKV02004438.1	Chromosome		NW_022265990.1	unplaced-scaffold	202525			scaffold4045
GCF_002021735.2	Primary Assembly	Un			MPKV02004439.1	Chromosome		NW_022265991.1	unplaced-scaffold	202268			scaffold4046
GCF_002021735.2	Primary Assembly	Un			MPKV02004440.1	Chromosome		NW_022265992.1	unplaced-scaffold	57218			scaffold4047
GCF_002021735.2	Primary Assembly	Un			MPKV02004441.1	Chromosome		NW_022265993.1	unplaced-scaffold	201788			scaffold4048
GCF_002021735.2	Primary Assembly	Un			MPKV02004442.1	Chromosome		NW_022265994.1	unplaced-scaffold	250174			scaffold4049
GCF_002021735.2	Primary Assembly	Un			MPKV02004443.1	Chromosome		NW_022265995.1	unplaced-scaffold	200647			scaffold4050
GCF_002021735.2	Primary Assembly	Un			MPKV02004444.1	Chromosome		NW_022265996.1	unplaced-scaffold	198115			scaffold4051
GCF_002021735.2	Primary Assembly	Un			MPKV02004445.1	Chromosome		NW_022265997.1	unplaced-scaffold	199273			scaffold4052
GCF_002021735.2	Primary Assembly	Un			MPKV02004446.1	Chromosome		NW_022265998.1	unplaced-scaffold	199130			scaffold4053
GCF_002021735.2	Primary Assembly	Un			MPKV02004447.1	Chromosome		NW_022265999.1	unplaced-scaffold	192471			scaffold4054
GCF_002021735.2	Primary Assembly	Un			MPKV02004448.1	Chromosome		NW_022266000.1	unplaced-scaffold	292532			scaffold4055
GCF_002021735.2	Primary Assembly	Un			MPKV02004449.1	Chromosome		NW_022266001.1	unplaced-scaffold	25000			scaffold4056
GCF_002021735.2	Primary Assembly	Un			MPKV02004450.1	Chromosome		NW_022266002.1	unplaced-scaffold	25000			scaffold4057
GCF_002021735.2	Primary Assembly	Un			MPKV02004451.1	Chromosome		NW_022266003.1	unplaced-scaffold	197544			scaffold4058
GCF_002021735.2	Primary Assembly	Un			MPKV02004452.1	Chromosome		NW_022266004.1	unplaced-scaffold	196705			scaffold4059
GCF_002021735.2	Primary Assembly	Un			MPKV02004453.1	Chromosome		NW_022266005.1	unplaced-scaffold	196165			scaffold4060
GCF_002021735.2	Primary Assembly	Un			MPKV02004454.1	Chromosome		NW_022266006.1	unplaced-scaffold	195948			scaffold4061
GCF_002021735.2	Primary Assembly	Un			MPKV02004455.1	Chromosome		NW_022266007.1	unplaced-scaffold	195305			scaffold4062
GCF_002021735.2	Primary Assembly	Un			MPKV02004456.1	Chromosome		NW_022266008.1	unplaced-scaffold	194405			scaffold4063
GCF_002021735.2	Primary Assembly	Un			MPKV02004457.1	Chromosome		NW_022266009.1	unplaced-scaffold	194180			scaffold4064
GCF_002021735.2	Primary Assembly	Un			MPKV02004458.1	Chromosome		NW_022266010.1	unplaced-scaffold	191622			scaffold4065
GCF_002021735.2	Primary Assembly	Un			MPKV02004459.1	Chromosome		NW_022266011.1	unplaced-scaffold	189028			scaffold4066
GCF_002021735.2	Primary Assembly	Un			MPKV02004460.1	Chromosome		NW_022266012.1	unplaced-scaffold	192536			scaffold4067
GCF_002021735.2	Primary Assembly	Un			MPKV02004461.1	Chromosome		NW_022266013.1	unplaced-scaffold	192472			scaffold4068
GCF_002021735.2	Primary Assembly	Un			MPKV02004462.1	Chromosome		NW_022266014.1	unplaced-scaffold	192508			scaffold4069
GCF_002021735.2	Primary Assembly	Un			MPKV02004463.1	Chromosome		NW_022266015.1	unplaced-scaffold	191260			scaffold4070
GCF_002021735.2	Primary Assembly	Un			MPKV02004464.1	Chromosome		NW_022266016.1	unplaced-scaffold	190900			scaffold4071
GCF_002021735.2	Primary Assembly	Un			MPKV02004465.1	Chromosome		NW_022266017.1	unplaced-scaffold	353464			scaffold4072
GCF_002021735.2	Primary Assembly	Un			MPKV02004466.1	Chromosome		NW_022266018.1	unplaced-scaffold	190364			scaffold4073
GCF_002021735.2	Primary Assembly	Un			MPKV02004467.1	Chromosome		NW_022266019.1	unplaced-scaffold	289522			scaffold4074
GCF_002021735.2	Primary Assembly	Un			MPKV02004468.1	Chromosome		NW_022266020.1	unplaced-scaffold	189521			scaffold4075
GCF_002021735.2	Primary Assembly	Un			MPKV02004469.1	Chromosome		NW_022266021.1	unplaced-scaffold	188971			scaffold4076
GCF_002021735.2	Primary Assembly	Un			MPKV02004470.1	Chromosome		NW_022266022.1	unplaced-scaffold	300082			scaffold4077
GCF_002021735.2	Primary Assembly	Un			MPKV02004471.1	Chromosome		NW_022266023.1	unplaced-scaffold	188774			scaffold4078
GCF_002021735.2	Primary Assembly	Un			MPKV02004472.1	Chromosome		NW_022266024.1	unplaced-scaffold	14998			scaffold4079
GCF_002021735.2	Primary Assembly	Un			MPKV02004473.1	Chromosome		NW_022266025.1	unplaced-scaffold	188221			scaffold4080
GCF_002021735.2	Primary Assembly	Un			MPKV02004474.1	Chromosome		NW_022266026.1	unplaced-scaffold	167849			scaffold4081
GCF_002021735.2	Primary Assembly	Un			MPKV02004475.1	Chromosome		NW_022266027.1	unplaced-scaffold	186082			scaffold4082
GCF_002021735.2	Primary Assembly	Un			MPKV02004476.1	Chromosome		NW_022266028.1	unplaced-scaffold	181822			scaffold4083
GCF_002021735.2	Primary Assembly	Un			MPKV02004477.1	Chromosome		NW_022266029.1	unplaced-scaffold	186051			scaffold4084
GCF_002021735.2	Primary Assembly	Un			MPKV02004478.1	Chromosome		NW_022266030.1	unplaced-scaffold	185246			scaffold4085
GCF_002021735.2	Primary Assembly	Un			MPKV02004479.1	Chromosome		NW_022266031.1	unplaced-scaffold	185389			scaffold4086
GCF_002021735.2	Primary Assembly	Un			MPKV02004480.1	Chromosome		NW_022266032.1	unplaced-scaffold	185054			scaffold4087
GCF_002021735.2	Primary Assembly	Un			MPKV02004481.1	Chromosome		NW_022266033.1	unplaced-scaffold	183029			scaffold4088
GCF_002021735.2	non-nuclear	MT	7704	46	EF126369.1	Mitochondrion		NC_009263.1	assembled-molecule	16659			MT
