Assembly Accession	Assembly-unit name	Chromosome name	GC Count	GC Percent	GenBank seq accession	Molecule type	Ordering	RefSeq seq accession	Role	Seq length	UCSC style name	Unlocalized Count	Sequence name
GCF_018345385.1	Primary Assembly	1	74317800	40	CM031295.1	Chromosome		NC_054824.1	assembled-molecule	185858810			chr1
GCF_018345385.1	Primary Assembly	2	75824096	42.5	CM031296.1	Chromosome		NC_054825.1	assembled-molecule	179392307			chr2
GCF_018345385.1	Primary Assembly	3	68849058	41.5	CM031297.1	Chromosome		NC_054826.1	assembled-molecule	165896947			chr3
GCF_018345385.1	Primary Assembly	4	62092693	41	CM031298.1	Chromosome		NC_054827.1	assembled-molecule	152262376			chr4
GCF_018345385.1	Primary Assembly	5	56691685	42.5	CM031299.1	Chromosome		NC_054828.1	assembled-molecule	133752869			chr5
GCF_018345385.1	Primary Assembly	6	52606925	39	CM031300.1	Chromosome		NC_054829.1	assembled-molecule	134369658			chr6
GCF_018345385.1	Primary Assembly	7	55519788	42	CM031301.1	Chromosome		NC_054830.1	assembled-molecule	131537142			chr7
GCF_018345385.1	Primary Assembly	8	57268789	42.5	CM031302.1	Chromosome		NC_054831.1	assembled-molecule	134802612			chr8
GCF_018345385.1	Primary Assembly	9	31874939	40	CM031303.1	Chromosome		NC_054832.1	assembled-molecule	79896057			chr9
GCF_018345385.1	Primary Assembly	10	50868683	43.5	CM031304.1	Chromosome		NC_054833.1	assembled-molecule	116667819			chr10
GCF_018345385.1	Primary Assembly	11	45724864	41.5	CM031305.1	Chromosome		NC_054834.1	assembled-molecule	110416569			chr11
GCF_018345385.1	Primary Assembly	12	37370095	44	CM031306.1	Chromosome		NC_054835.1	assembled-molecule	85158611			chr12
GCF_018345385.1	Primary Assembly	13	24126595	39	CM031307.1	Chromosome		NC_054836.1	assembled-molecule	61874436			chr13
GCF_018345385.1	Primary Assembly	14	16800615	45.5	CM031308.1	Chromosome		NC_054837.1	assembled-molecule	36869561			chr14
GCF_018345385.1	Primary Assembly	15	20017825	40.5	CM031309.1	Chromosome		NC_054838.1	assembled-molecule	49724982			chr15
GCF_018345385.1	Primary Assembly	16	23467161	38	CM031310.1	Chromosome		NC_054839.1	assembled-molecule	61660527			chr16
GCF_018345385.1	Primary Assembly	17	17650469	40.5	CM031311.1	Chromosome		NC_054840.1	assembled-molecule	43373092			chr17
GCF_018345385.1	Primary Assembly	18	21314495	44.5	CM031312.1	Chromosome		NC_054841.1	assembled-molecule	47776360			chr18
GCF_018345385.1	Primary Assembly	19	21503344	40	CM031313.1	Chromosome		NC_054842.1	assembled-molecule	53525694			chr19
GCF_018345385.1	Primary Assembly	20	15355513	40	CM031314.1	Chromosome		NC_054843.1	assembled-molecule	38527745			chr20
GCF_018345385.1	Primary Assembly	21	18410692	40.5	CM031315.1	Chromosome		NC_054844.1	assembled-molecule	45733283			chr21
GCF_018345385.1	Primary Assembly	22	12523326	40.5	CM031316.1	Chromosome		NC_054845.1	assembled-molecule	31001585			chr22
GCF_018345385.1	Primary Assembly	23	25721010	40.5	CM031317.1	Chromosome		NC_054846.1	assembled-molecule	63748409			chr23
GCF_018345385.1	Primary Assembly	24	23499093	40	CM031318.1	Chromosome		NC_054847.1	assembled-molecule	58817156			chr24
GCF_018345385.1	Primary Assembly	X	49613239	40.5	CM031319.1	Chromosome		NC_054848.1	assembled-molecule	123040549			chrX
GCF_018345385.1	Primary Assembly	Un			JADWOQ010000026.1	Chromosome		NW_024570772.1	unplaced-scaffold	20017			ctg377
GCF_018345385.1	Primary Assembly	Un			JADWOQ010000027.1	Chromosome		NW_024570678.1	unplaced-scaffold	37324			ctg246
GCF_018345385.1	Primary Assembly	Un			JADWOQ010000028.1	Chromosome		NW_024570720.1	unplaced-scaffold	34468			ctg300
GCF_018345385.1	Primary Assembly	Un			JADWOQ010000029.1	Chromosome		NW_024571064.1	unplaced-scaffold	12488			ctg774
GCF_018345385.1	Primary Assembly	Un			JADWOQ010000030.1	Chromosome		NW_024570563.1	unplaced-scaffold	6874			ctg1358
GCF_018345385.1	Primary Assembly	Un			JADWOQ010000031.1	Chromosome		NW_024570775.1	unplaced-scaffold	24818			ctg382
GCF_018345385.1	Primary Assembly	Un			JADWOQ010000032.1	Chromosome		NW_024571146.1	unplaced-scaffold	10156			ctg917
GCF_018345385.1	Primary Assembly	Un			JADWOQ010000033.1	Chromosome		NW_024570509.1	unplaced-scaffold	6837			ctg1288
GCF_018345385.1	Primary Assembly	Un			JADWOQ010000034.1	Chromosome		NW_024570434.1	unplaced-scaffold	55149			ctg1183
GCF_018345385.1	Primary Assembly	Un			JADWOQ010000035.1	Chromosome		NW_024570888.1	unplaced-scaffold	11244			ctg528
GCF_018345385.1	Primary Assembly	Un			JADWOQ010000036.1	Chromosome		NW_024570845.1	unplaced-scaffold	20604			ctg466
GCF_018345385.1	Primary Assembly	Un			JADWOQ010000037.1	Chromosome		NW_024570982.1	unplaced-scaffold	15226			ctg656
GCF_018345385.1	Primary Assembly	Un			JADWOQ010000038.1	Chromosome		NW_024570528.1	unplaced-scaffold	4213			ctg1312
GCF_018345385.1	Primary Assembly	Un			JADWOQ010000039.1	Chromosome		NW_024570817.1	unplaced-scaffold	22716			ctg434
GCF_018345385.1	Primary Assembly	Un			JADWOQ010000040.1	Chromosome		NW_024570472.1	unplaced-scaffold	6258			ctg1232
GCF_018345385.1	Primary Assembly	Un			JADWOQ010000041.1	Chromosome		NW_024570526.1	unplaced-scaffold	18641			ctg1310
GCF_018345385.1	Primary Assembly	Un			JADWOQ010000042.1	Chromosome		NW_024570844.1	unplaced-scaffold	19704			ctg465
GCF_018345385.1	Primary Assembly	Un			JADWOQ010000043.1	Chromosome		NW_024570896.1	unplaced-scaffold	18680			ctg540
GCF_018345385.1	Primary Assembly	Un			JADWOQ010000044.1	Chromosome		NW_024571046.1	unplaced-scaffold	13869			ctg742
GCF_018345385.1	Primary Assembly	Un			JADWOQ010000045.1	Chromosome		NW_024570542.1	unplaced-scaffold	4076			ctg1327
GCF_018345385.1	Primary Assembly	Un			JADWOQ010000046.1	Chromosome		NW_024570304.1	unplaced-scaffold	9111			ctg1007
GCF_018345385.1	Primary Assembly	Un			JADWOQ010000047.1	Chromosome		NW_024571069.1	unplaced-scaffold	12530			ctg780
GCF_018345385.1	Primary Assembly	Un			JADWOQ010000048.1	Chromosome		NW_024571178.1	unplaced-scaffold	4484			ctg968
GCF_018345385.1	Primary Assembly	Un			JADWOQ010000049.1	Chromosome		NW_024570504.1	unplaced-scaffold	6941			ctg1279
GCF_018345385.1	Primary Assembly	Un			JADWOQ010000050.1	Chromosome		NW_024570895.1	unplaced-scaffold	10527			ctg538
GCF_018345385.1	Primary Assembly	Un			JADWOQ010000051.1	Chromosome		NW_024571165.1	unplaced-scaffold	9897			ctg943
GCF_018345385.1	Primary Assembly	Un			JADWOQ010000052.1	Chromosome		NW_024570756.1	unplaced-scaffold	27562			ctg352
GCF_018345385.1	Primary Assembly	Un			JADWOQ010000053.1	Chromosome		NW_024570398.1	unplaced-scaffold	6898			ctg1132
GCF_018345385.1	Primary Assembly	Un			JADWOQ010000054.1	Chromosome		NW_024570781.1	unplaced-scaffold	25070			ctg388
GCF_018345385.1	Primary Assembly	Un			JADWOQ010000055.1	Chromosome		NW_024570934.1	unplaced-scaffold	32578			ctg591
GCF_018345385.1	Primary Assembly	Un			JADWOQ010000056.1	Chromosome		NW_024570480.1	unplaced-scaffold	6898			ctg1241
GCF_018345385.1	Primary Assembly	Un			JADWOQ010000057.1	Chromosome		NW_024570995.1	unplaced-scaffold	14736			ctg672
GCF_018345385.1	Primary Assembly	Un			JADWOQ010000058.1	Chromosome		NW_024570492.1	unplaced-scaffold	6850			ctg1261
GCF_018345385.1	Primary Assembly	Un			JADWOQ010000059.1	Chromosome		NW_024570342.1	unplaced-scaffold	8788			ctg1057
GCF_018345385.1	Primary Assembly	Un			JADWOQ010000060.1	Chromosome		NW_024570380.1	unplaced-scaffold	10178			ctg1107
GCF_018345385.1	Primary Assembly	Un			JADWOQ010000061.1	Chromosome		NW_024570590.1	unplaced-scaffold	5653			ctg1398
GCF_018345385.1	Primary Assembly	Un			JADWOQ010000062.1	Chromosome		NW_024570355.1	unplaced-scaffold	29525			ctg1072
GCF_018345385.1	Primary Assembly	Un			JADWOQ010000063.1	Chromosome		NW_024570928.1	unplaced-scaffold	21408			ctg584
GCF_018345385.1	Primary Assembly	Un			JADWOQ010000064.1	Chromosome		NW_024570623.1	unplaced-scaffold	8533			ctg1439
GCF_018345385.1	Primary Assembly	Un			JADWOQ010000065.1	Chromosome		NW_024570774.1	unplaced-scaffold	25297			ctg380
GCF_018345385.1	Primary Assembly	Un			JADWOQ010000066.1	Chromosome		NW_024570624.1	unplaced-scaffold	7944			ctg1441
GCF_018345385.1	Primary Assembly	Un			JADWOQ010000067.1	Chromosome		NW_024570351.1	unplaced-scaffold	8769			ctg1068
GCF_018345385.1	Primary Assembly	Un			JADWOQ010000068.1	Chromosome		NW_024570728.1	unplaced-scaffold	23956			ctg308
GCF_018345385.1	Primary Assembly	Un			JADWOQ010000069.1	Chromosome		NW_024570405.1	unplaced-scaffold	5487			ctg1140
GCF_018345385.1	Primary Assembly	Un			JADWOQ010000070.1	Chromosome		NW_024570354.1	unplaced-scaffold	6287			ctg1071
GCF_018345385.1	Primary Assembly	Un			JADWOQ010000071.1	Chromosome		NW_024571117.1	unplaced-scaffold	10580			ctg861
GCF_018345385.1	Primary Assembly	Un			JADWOQ010000072.1	Chromosome		NW_024570656.1	unplaced-scaffold	69314			ctg202
GCF_018345385.1	Primary Assembly	Un			JADWOQ010000073.1	Chromosome		NW_024570675.1	unplaced-scaffold	57427			ctg242
GCF_018345385.1	Primary Assembly	Un			JADWOQ010000074.1	Chromosome		NW_024570680.1	unplaced-scaffold	20345			ctg250
GCF_018345385.1	Primary Assembly	Un			JADWOQ010000075.1	Chromosome		NW_024570964.1	unplaced-scaffold	16212			ctg633
GCF_018345385.1	Primary Assembly	Un			JADWOQ010000076.1	Chromosome		NW_024570391.1	unplaced-scaffold	7153			ctg1124
GCF_018345385.1	Primary Assembly	Un			JADWOQ010000077.1	Chromosome		NW_024571001.1	unplaced-scaffold	14834			ctg679
GCF_018345385.1	Primary Assembly	Un			JADWOQ010000078.1	Chromosome		NW_024571072.1	unplaced-scaffold	12437			ctg783
GCF_018345385.1	Primary Assembly	Un			JADWOQ010000079.1	Chromosome		NW_024570739.1	unplaced-scaffold	30573			ctg330
GCF_018345385.1	Primary Assembly	Un			JADWOQ010000080.1	Chromosome		NW_024571028.1	unplaced-scaffold	13517			ctg717
GCF_018345385.1	Primary Assembly	Un			JADWOQ010000081.1	Chromosome		NW_024570707.1	unplaced-scaffold	31488			ctg284
GCF_018345385.1	Primary Assembly	Un			JADWOQ010000082.1	Chromosome		NW_024570974.1	unplaced-scaffold	7118			ctg645
GCF_018345385.1	Primary Assembly	Un			JADWOQ010000083.1	Chromosome		NW_024570361.1	unplaced-scaffold	6409			ctg1081
GCF_018345385.1	Primary Assembly	Un			JADWOQ010000084.1	Chromosome		NW_024570628.1	unplaced-scaffold	25417			ctg1445
GCF_018345385.1	Primary Assembly	Un			JADWOQ010000085.1	Chromosome		NW_024570585.1	unplaced-scaffold	6730			ctg1391
GCF_018345385.1	Primary Assembly	Un			JADWOQ010000086.1	Chromosome		NW_024570956.1	unplaced-scaffold	15526			ctg625
GCF_018345385.1	Primary Assembly	Un			JADWOQ010000087.1	Chromosome		NW_024570634.1	unplaced-scaffold	119563			ctg160
GCF_018345385.1	Primary Assembly	Un			JADWOQ010000088.1	Chromosome		NW_024570324.1	unplaced-scaffold	9169			ctg1034
GCF_018345385.1	Primary Assembly	Un			JADWOQ010000089.1	Chromosome		NW_024570800.1	unplaced-scaffold	18628			ctg412
GCF_018345385.1	Primary Assembly	Un			JADWOQ010000090.1	Chromosome		NW_024570506.1	unplaced-scaffold	7441			ctg1282
GCF_018345385.1	Primary Assembly	Un			JADWOQ010000091.1	Chromosome		NW_024570456.1	unplaced-scaffold	5577			ctg1209
GCF_018345385.1	Primary Assembly	Un			JADWOQ010000092.1	Chromosome		NW_024570448.1	unplaced-scaffold	6386			ctg1198
GCF_018345385.1	Primary Assembly	Un			JADWOQ010000093.1	Chromosome		NW_024570851.1	unplaced-scaffold	20737			ctg475
GCF_018345385.1	Primary Assembly	Un			JADWOQ010000094.1	Chromosome		NW_024571148.1	unplaced-scaffold	6663			ctg919
GCF_018345385.1	Primary Assembly	Un			JADWOQ010000095.1	Chromosome		NW_024570700.1	unplaced-scaffold	38400			ctg275
GCF_018345385.1	Primary Assembly	Un			JADWOQ010000096.1	Chromosome		NW_024570305.1	unplaced-scaffold	8412			ctg1008
GCF_018345385.1	Primary Assembly	Un			JADWOQ010000097.1	Chromosome		NW_024570554.1	unplaced-scaffold	6633			ctg1344
GCF_018345385.1	Primary Assembly	Un			JADWOQ010000098.1	Chromosome		NW_024570770.1	unplaced-scaffold	11208			ctg373
GCF_018345385.1	Primary Assembly	Un			JADWOQ010000099.1	Chromosome		NW_024571137.1	unplaced-scaffold	10554			ctg897
GCF_018345385.1	Primary Assembly	Un			JADWOQ010000100.1	Chromosome		NW_024570545.1	unplaced-scaffold	5542			ctg1330
GCF_018345385.1	Primary Assembly	Un			JADWOQ010000101.1	Chromosome		NW_024570445.1	unplaced-scaffold	6982			ctg1194
GCF_018345385.1	Primary Assembly	Un			JADWOQ010000102.1	Chromosome		NW_024570632.1	unplaced-scaffold	167798			ctg153
GCF_018345385.1	Primary Assembly	Un			JADWOQ010000103.1	Chromosome		NW_024571065.1	unplaced-scaffold	12595			ctg775
GCF_018345385.1	Primary Assembly	Un			JADWOQ010000104.1	Chromosome		NW_024571115.1	unplaced-scaffold	5886			ctg857
GCF_018345385.1	Primary Assembly	Un			JADWOQ010000105.1	Chromosome		NW_024570946.1	unplaced-scaffold	16261			ctg610
GCF_018345385.1	Primary Assembly	Un			JADWOQ010000106.1	Chromosome		NW_024570536.1	unplaced-scaffold	5767			ctg1320
GCF_018345385.1	Primary Assembly	Un			JADWOQ010000107.1	Chromosome		NW_024570885.1	unplaced-scaffold	19103			ctg524
GCF_018345385.1	Primary Assembly	Un			JADWOQ010000108.1	Chromosome		NW_024570786.1	unplaced-scaffold	24824			ctg395
GCF_018345385.1	Primary Assembly	Un			JADWOQ010000109.1	Chromosome		NW_024570384.1	unplaced-scaffold	39323			ctg1113
GCF_018345385.1	Primary Assembly	Un			JADWOQ010000110.1	Chromosome		NW_024570714.1	unplaced-scaffold	34478			ctg291
GCF_018345385.1	Primary Assembly	Un			JADWOQ010000111.1	Chromosome		NW_024570364.1	unplaced-scaffold	3867			ctg1084
GCF_018345385.1	Primary Assembly	Un			JADWOQ010000112.1	Chromosome		NW_024570515.1	unplaced-scaffold	4630			ctg1296
GCF_018345385.1	Primary Assembly	Un			JADWOQ010000113.1	Chromosome		NW_024571017.1	unplaced-scaffold	11724			ctg701
GCF_018345385.1	Primary Assembly	Un			JADWOQ010000114.1	Chromosome		NW_024570588.1	unplaced-scaffold	7330			ctg1394
GCF_018345385.1	Primary Assembly	Un			JADWOQ010000115.1	Chromosome		NW_024570631.1	unplaced-scaffold	180382			ctg150
GCF_018345385.1	Primary Assembly	Un			JADWOQ010000116.1	Chromosome		NW_024570768.1	unplaced-scaffold	33894			ctg371
GCF_018345385.1	Primary Assembly	Un			JADWOQ010000117.1	Chromosome		NW_024570527.1	unplaced-scaffold	36904			ctg1311
GCF_018345385.1	Primary Assembly	Un			JADWOQ010000118.1	Chromosome		NW_024570702.1	unplaced-scaffold	46632			ctg277
GCF_018345385.1	Primary Assembly	Un			JADWOQ010000119.1	Chromosome		NW_024570429.1	unplaced-scaffold	6898			ctg1176
GCF_018345385.1	Primary Assembly	Un			JADWOQ010000120.1	Chromosome		NW_024570482.1	unplaced-scaffold	6927			ctg1243
GCF_018345385.1	Primary Assembly	Un			JADWOQ010000121.1	Chromosome		NW_024570858.1	unplaced-scaffold	18698			ctg484
GCF_018345385.1	Primary Assembly	Un			JADWOQ010000122.1	Chromosome		NW_024570652.1	unplaced-scaffold	68505			ctg192
GCF_018345385.1	Primary Assembly	Un			JADWOQ010000123.1	Chromosome		NW_024570943.1	unplaced-scaffold	16047			ctg606
GCF_018345385.1	Primary Assembly	Un			JADWOQ010000124.1	Chromosome		NW_024570461.1	unplaced-scaffold	4541			ctg1215
GCF_018345385.1	Primary Assembly	Un			JADWOQ010000125.1	Chromosome		NW_024571134.1	unplaced-scaffold	10976			ctg893
GCF_018345385.1	Primary Assembly	Un			JADWOQ010000126.1	Chromosome		NW_024571084.1	unplaced-scaffold	10586			ctg802
GCF_018345385.1	Primary Assembly	Un			JADWOQ010000127.1	Chromosome		NW_024570930.1	unplaced-scaffold	16748			ctg586
GCF_018345385.1	Primary Assembly	Un			JADWOQ010000128.1	Chromosome		NW_024571174.1	unplaced-scaffold	12550			ctg961
GCF_018345385.1	Primary Assembly	Un			JADWOQ010000129.1	Chromosome		NW_024571180.1	unplaced-scaffold	7731			ctg970
GCF_018345385.1	Primary Assembly	Un			JADWOQ010000130.1	Chromosome		NW_024570551.1	unplaced-scaffold	6642			ctg1338
GCF_018345385.1	Primary Assembly	Un			JADWOQ010000131.1	Chromosome		NW_024570397.1	unplaced-scaffold	6936			ctg1131
GCF_018345385.1	Primary Assembly	Un			JADWOQ010000132.1	Chromosome		NW_024570727.1	unplaced-scaffold	30945			ctg307
GCF_018345385.1	Primary Assembly	Un			JADWOQ010000133.1	Chromosome		NW_024571083.1	unplaced-scaffold	12374			ctg799
GCF_018345385.1	Primary Assembly	Un			JADWOQ010000134.1	Chromosome		NW_024570413.1	unplaced-scaffold	6889			ctg1152
GCF_018345385.1	Primary Assembly	Un			JADWOQ010000135.1	Chromosome		NW_024570784.1	unplaced-scaffold	30378			ctg393
GCF_018345385.1	Primary Assembly	Un			JADWOQ010000136.1	Chromosome		NW_024570919.1	unplaced-scaffold	17573			ctg571
GCF_018345385.1	Primary Assembly	Un			JADWOQ010000137.1	Chromosome		NW_024571067.1	unplaced-scaffold	12830			ctg778
GCF_018345385.1	Primary Assembly	Un			JADWOQ010000138.1	Chromosome		NW_024570862.1	unplaced-scaffold	20462			ctg491
GCF_018345385.1	Primary Assembly	Un			JADWOQ010000139.1	Chromosome		NW_024570814.1	unplaced-scaffold	47635			ctg427
GCF_018345385.1	Primary Assembly	Un			JADWOQ010000140.1	Chromosome		NW_024570704.1	unplaced-scaffold	23992			ctg279
GCF_018345385.1	Primary Assembly	Un			JADWOQ010000141.1	Chromosome		NW_024571135.1	unplaced-scaffold	11504			ctg895
GCF_018345385.1	Primary Assembly	Un			JADWOQ010000142.1	Chromosome		NW_024570874.1	unplaced-scaffold	18514			ctg506
GCF_018345385.1	Primary Assembly	Un			JADWOQ010000143.1	Chromosome		NW_024570976.1	unplaced-scaffold	15964			ctg648
GCF_018345385.1	Primary Assembly	Un			JADWOQ010000144.1	Chromosome		NW_024570939.1	unplaced-scaffold	107340			ctg601
GCF_018345385.1	Primary Assembly	Un			JADWOQ010000145.1	Chromosome		NW_024570369.1	unplaced-scaffold	18989			ctg1091
GCF_018345385.1	Primary Assembly	Un			JADWOQ010000146.1	Chromosome		NW_024570908.1	unplaced-scaffold	17030			ctg557
GCF_018345385.1	Primary Assembly	Un			JADWOQ010000147.1	Chromosome		NW_024570913.1	unplaced-scaffold	18780			ctg563
GCF_018345385.1	Primary Assembly	Un			JADWOQ010000148.1	Chromosome		NW_024571190.1	unplaced-scaffold	20182			ctg979
GCF_018345385.1	Primary Assembly	Un			JADWOQ010000149.1	Chromosome		NW_024570449.1	unplaced-scaffold	6542			ctg1199
GCF_018345385.1	Primary Assembly	Un			JADWOQ010000150.1	Chromosome		NW_024570464.1	unplaced-scaffold	9181			ctg1218
GCF_018345385.1	Primary Assembly	Un			JADWOQ010000151.1	Chromosome		NW_024570810.1	unplaced-scaffold	62526			ctg423
GCF_018345385.1	Primary Assembly	Un			JADWOQ010000152.1	Chromosome		NW_024571183.1	unplaced-scaffold	7278			ctg973
GCF_018345385.1	Primary Assembly	Un			JADWOQ010000153.1	Chromosome		NW_024570320.1	unplaced-scaffold	8860			ctg1029
GCF_018345385.1	Primary Assembly	Un			JADWOQ010000154.1	Chromosome		NW_024570813.1	unplaced-scaffold	52278			ctg426
GCF_018345385.1	Primary Assembly	Un			JADWOQ010000155.1	Chromosome		NW_024570592.1	unplaced-scaffold	6311			ctg1401
GCF_018345385.1	Primary Assembly	Un			JADWOQ010000156.1	Chromosome		NW_024570564.1	unplaced-scaffold	347877			ctg136
GCF_018345385.1	Primary Assembly	Un			JADWOQ010000157.1	Chromosome		NW_024570861.1	unplaced-scaffold	19786			ctg489
GCF_018345385.1	Primary Assembly	Un			JADWOQ010000158.1	Chromosome		NW_024570797.1	unplaced-scaffold	24562			ctg408
GCF_018345385.1	Primary Assembly	Un			JADWOQ010000159.1	Chromosome		NW_024570834.1	unplaced-scaffold	21871			ctg456
GCF_018345385.1	Primary Assembly	Un			JADWOQ010000160.1	Chromosome		NW_024571022.1	unplaced-scaffold	21944			ctg709
GCF_018345385.1	Primary Assembly	Un			JADWOQ010000161.1	Chromosome		NW_024570309.1	unplaced-scaffold	9270			ctg1015
GCF_018345385.1	Primary Assembly	Un			JADWOQ010000162.1	Chromosome		NW_024571191.1	unplaced-scaffold	11276			ctg982
GCF_018345385.1	Primary Assembly	Un			JADWOQ010000163.1	Chromosome		NW_024571127.1	unplaced-scaffold	10827			ctg879
GCF_018345385.1	Primary Assembly	Un			JADWOQ010000164.1	Chromosome		NW_024571053.1	unplaced-scaffold	27108			ctg753
GCF_018345385.1	Primary Assembly	Un			JADWOQ010000165.1	Chromosome		NW_024570306.1	unplaced-scaffold	9510			ctg1009
GCF_018345385.1	Primary Assembly	Un			JADWOQ010000166.1	Chromosome		NW_024570765.1	unplaced-scaffold	20482			ctg367
GCF_018345385.1	Primary Assembly	Un			JADWOQ010000167.1	Chromosome		NW_024570353.1	unplaced-scaffold	7812			ctg1070
GCF_018345385.1	Primary Assembly	Un			JADWOQ010000168.1	Chromosome		NW_024570649.1	unplaced-scaffold	61770			ctg187
GCF_018345385.1	Primary Assembly	Un			JADWOQ010000169.1	Chromosome		NW_024571073.1	unplaced-scaffold	5358			ctg784
GCF_018345385.1	Primary Assembly	Un			JADWOQ010000170.1	Chromosome		NW_024570420.1	unplaced-scaffold	2804			ctg1160
GCF_018345385.1	Primary Assembly	Un			JADWOQ010000171.1	Chromosome		NW_024571162.1	unplaced-scaffold	30819			ctg939
GCF_018345385.1	Primary Assembly	Un			JADWOQ010000172.1	Chromosome		NW_024570724.1	unplaced-scaffold	32155			ctg304
GCF_018345385.1	Primary Assembly	Un			JADWOQ010000173.1	Chromosome		NW_024570778.1	unplaced-scaffold	23739			ctg385
GCF_018345385.1	Primary Assembly	Un			JADWOQ010000174.1	Chromosome		NW_024570318.1	unplaced-scaffold	9139			ctg1027
GCF_018345385.1	Primary Assembly	Un			JADWOQ010000175.1	Chromosome		NW_024571110.1	unplaced-scaffold	8379			ctg848
GCF_018345385.1	Primary Assembly	Un			JADWOQ010000176.1	Chromosome		NW_024570316.1	unplaced-scaffold	5583			ctg1025
GCF_018345385.1	Primary Assembly	Un			JADWOQ010000177.1	Chromosome		NW_024570835.1	unplaced-scaffold	21850			ctg457
GCF_018345385.1	Primary Assembly	Un			JADWOQ010000178.1	Chromosome		NW_024571123.1	unplaced-scaffold	20284			ctg870
GCF_018345385.1	Primary Assembly	Un			JADWOQ010000179.1	Chromosome		NW_024570345.1	unplaced-scaffold	8964			ctg1061
GCF_018345385.1	Primary Assembly	Un			JADWOQ010000180.1	Chromosome		NW_024570639.1	unplaced-scaffold	84495			ctg170
GCF_018345385.1	Primary Assembly	Un			JADWOQ010000181.1	Chromosome		NW_024570438.1	unplaced-scaffold	6899			ctg1187
GCF_018345385.1	Primary Assembly	Un			JADWOQ010000182.1	Chromosome		NW_024570514.1	unplaced-scaffold	6994			ctg1295
GCF_018345385.1	Primary Assembly	Un			JADWOQ010000183.1	Chromosome		NW_024570451.1	unplaced-scaffold	6747			ctg1203
GCF_018345385.1	Primary Assembly	Un			JADWOQ010000184.1	Chromosome		NW_024570738.1	unplaced-scaffold	60547			ctg328
GCF_018345385.1	Primary Assembly	Un			JADWOQ010000185.1	Chromosome		NW_024570721.1	unplaced-scaffold	35627			ctg301
GCF_018345385.1	Primary Assembly	Un			JADWOQ010000186.1	Chromosome		NW_024570705.1	unplaced-scaffold	42776			ctg280
GCF_018345385.1	Primary Assembly	Un			JADWOQ010000187.1	Chromosome		NW_024570529.1	unplaced-scaffold	6898			ctg1313
GCF_018345385.1	Primary Assembly	Un			JADWOQ010000188.1	Chromosome		NW_024571008.1	unplaced-scaffold	14480			ctg689
GCF_018345385.1	Primary Assembly	Un			JADWOQ010000189.1	Chromosome		NW_024570892.1	unplaced-scaffold	22704			ctg534
GCF_018345385.1	Primary Assembly	Un			JADWOQ010000190.1	Chromosome		NW_024570708.1	unplaced-scaffold	29281			ctg285
GCF_018345385.1	Primary Assembly	Un			JADWOQ010000191.1	Chromosome		NW_024570613.1	unplaced-scaffold	17253			ctg1427
GCF_018345385.1	Primary Assembly	Un			JADWOQ010000192.1	Chromosome		NW_024570641.1	unplaced-scaffold	96204			ctg174
GCF_018345385.1	Primary Assembly	Un			JADWOQ010000193.1	Chromosome		NW_024570437.1	unplaced-scaffold	3861			ctg1186
GCF_018345385.1	Primary Assembly	Un			JADWOQ010000194.1	Chromosome		NW_024570605.1	unplaced-scaffold	26656			ctg1419
GCF_018345385.1	Primary Assembly	Un			JADWOQ010000195.1	Chromosome		NW_024570627.1	unplaced-scaffold	11272			ctg1444
GCF_018345385.1	Primary Assembly	Un			JADWOQ010000196.1	Chromosome		NW_024571122.1	unplaced-scaffold	11174			ctg869
GCF_018345385.1	Primary Assembly	Un			JADWOQ010000197.1	Chromosome		NW_024570453.1	unplaced-scaffold	6918			ctg1205
GCF_018345385.1	Primary Assembly	Un			JADWOQ010000198.1	Chromosome		NW_024570498.1	unplaced-scaffold	6743			ctg1271
GCF_018345385.1	Primary Assembly	Un			JADWOQ010000199.1	Chromosome		NW_024570503.1	unplaced-scaffold	6899			ctg1278
GCF_018345385.1	Primary Assembly	Un			JADWOQ010000200.1	Chromosome		NW_024570994.1	unplaced-scaffold	14592			ctg670
GCF_018345385.1	Primary Assembly	Un			JADWOQ010000201.1	Chromosome		NW_024570766.1	unplaced-scaffold	21654			ctg369
GCF_018345385.1	Primary Assembly	Un			JADWOQ010000202.1	Chromosome		NW_024571040.1	unplaced-scaffold	10748			ctg734
GCF_018345385.1	Primary Assembly	Un			JADWOQ010000203.1	Chromosome		NW_024570570.1	unplaced-scaffold	6642			ctg1372
GCF_018345385.1	Primary Assembly	Un			JADWOQ010000204.1	Chromosome		NW_024570500.1	unplaced-scaffold	4040			ctg1274
GCF_018345385.1	Primary Assembly	Un			JADWOQ010000205.1	Chromosome		NW_024570317.1	unplaced-scaffold	10145			ctg1026
GCF_018345385.1	Primary Assembly	Un			JADWOQ010000206.1	Chromosome		NW_024570441.1	unplaced-scaffold	9222			ctg1190
GCF_018345385.1	Primary Assembly	Un			JADWOQ010000207.1	Chromosome		NW_024570596.1	unplaced-scaffold	6159			ctg1407
GCF_018345385.1	Primary Assembly	Un			JADWOQ010000208.1	Chromosome		NW_024570406.1	unplaced-scaffold	7152			ctg1142
GCF_018345385.1	Primary Assembly	Un			JADWOQ010000209.1	Chromosome		NW_024570555.1	unplaced-scaffold	24021			ctg1345
GCF_018345385.1	Primary Assembly	Un			JADWOQ010000210.1	Chromosome		NW_024570312.1	unplaced-scaffold	8977			ctg1018
GCF_018345385.1	Primary Assembly	Un			JADWOQ010000211.1	Chromosome		NW_024570501.1	unplaced-scaffold	6897			ctg1275
GCF_018345385.1	Primary Assembly	Un			JADWOQ010000212.1	Chromosome		NW_024570825.1	unplaced-scaffold	21490			ctg444
GCF_018345385.1	Primary Assembly	Un			JADWOQ010000213.1	Chromosome		NW_024570378.1	unplaced-scaffold	6898			ctg1103
GCF_018345385.1	Primary Assembly	Un			JADWOQ010000214.1	Chromosome		NW_024570970.1	unplaced-scaffold	14539			ctg640
GCF_018345385.1	Primary Assembly	Un			JADWOQ010000215.1	Chromosome		NW_024570918.1	unplaced-scaffold	18199			ctg569
GCF_018345385.1	Primary Assembly	Un			JADWOQ010000216.1	Chromosome		NW_024570562.1	unplaced-scaffold	6821			ctg1357
GCF_018345385.1	Primary Assembly	Un			JADWOQ010000217.1	Chromosome		NW_024570742.1	unplaced-scaffold	28779			ctg336
GCF_018345385.1	Primary Assembly	Un			JADWOQ010000218.1	Chromosome		NW_024570809.1	unplaced-scaffold	25448			ctg422
GCF_018345385.1	Primary Assembly	Un			JADWOQ010000219.1	Chromosome		NW_024570948.1	unplaced-scaffold	15976			ctg613
GCF_018345385.1	Primary Assembly	Un			JADWOQ010000220.1	Chromosome		NW_024570615.1	unplaced-scaffold	7809			ctg1429
GCF_018345385.1	Primary Assembly	Un			JADWOQ010000221.1	Chromosome		NW_024570531.1	unplaced-scaffold	6982			ctg1315
GCF_018345385.1	Primary Assembly	Un			JADWOQ010000222.1	Chromosome		NW_024571202.1	unplaced-scaffold	9149			ctg999
GCF_018345385.1	Primary Assembly	Un			JADWOQ010000223.1	Chromosome		NW_024570421.1	unplaced-scaffold	7007			ctg1162
GCF_018345385.1	Primary Assembly	Un			JADWOQ010000224.1	Chromosome		NW_024570430.1	unplaced-scaffold	7007			ctg1178
GCF_018345385.1	Primary Assembly	Un			JADWOQ010000225.1	Chromosome		NW_024570803.1	unplaced-scaffold	23106			ctg415
GCF_018345385.1	Primary Assembly	Un			JADWOQ010000226.1	Chromosome		NW_024571126.1	unplaced-scaffold	30370			ctg874
GCF_018345385.1	Primary Assembly	Un			JADWOQ010000227.1	Chromosome		NW_024570854.1	unplaced-scaffold	35792			ctg479
GCF_018345385.1	Primary Assembly	Un			JADWOQ010000228.1	Chromosome		NW_024571020.1	unplaced-scaffold	14293			ctg706
GCF_018345385.1	Primary Assembly	Un			JADWOQ010000229.1	Chromosome		NW_024571149.1	unplaced-scaffold	12907			ctg922
GCF_018345385.1	Primary Assembly	Un			JADWOQ010000230.1	Chromosome		NW_024570677.1	unplaced-scaffold	32452			ctg245
GCF_018345385.1	Primary Assembly	Un			JADWOQ010000231.1	Chromosome		NW_024570330.1	unplaced-scaffold	8060			ctg1041
GCF_018345385.1	Primary Assembly	Un			JADWOQ010000232.1	Chromosome		NW_024570936.1	unplaced-scaffold	15674			ctg594
GCF_018345385.1	Primary Assembly	Un			JADWOQ010000233.1	Chromosome		NW_024570412.1	unplaced-scaffold	5947			ctg1151
GCF_018345385.1	Primary Assembly	Un			JADWOQ010000234.1	Chromosome		NW_024571088.1	unplaced-scaffold	12364			ctg809
GCF_018345385.1	Primary Assembly	Un			JADWOQ010000235.1	Chromosome		NW_024570394.1	unplaced-scaffold	4232			ctg1128
GCF_018345385.1	Primary Assembly	Un			JADWOQ010000236.1	Chromosome		NW_024570444.1	unplaced-scaffold	6658			ctg1193
GCF_018345385.1	Primary Assembly	Un			JADWOQ010000237.1	Chromosome		NW_024571044.1	unplaced-scaffold	13904			ctg740
GCF_018345385.1	Primary Assembly	Un			JADWOQ010000238.1	Chromosome		NW_024570471.1	unplaced-scaffold	5277			ctg1231
GCF_018345385.1	Primary Assembly	Un			JADWOQ010000239.1	Chromosome		NW_024571104.1	unplaced-scaffold	9125			ctg840
GCF_018345385.1	Primary Assembly	Un			JADWOQ010000240.1	Chromosome		NW_024570583.1	unplaced-scaffold	6594			ctg1387
GCF_018345385.1	Primary Assembly	Un			JADWOQ010000241.1	Chromosome		NW_024570370.1	unplaced-scaffold	18878			ctg1092
GCF_018345385.1	Primary Assembly	Un			JADWOQ010000242.1	Chromosome		NW_024570547.1	unplaced-scaffold	6932			ctg1332
GCF_018345385.1	Primary Assembly	Un			JADWOQ010000243.1	Chromosome		NW_024570942.1	unplaced-scaffold	24140			ctg605
GCF_018345385.1	Primary Assembly	Un			JADWOQ010000244.1	Chromosome		NW_024571054.1	unplaced-scaffold	12905			ctg754
GCF_018345385.1	Primary Assembly	Un			JADWOQ010000245.1	Chromosome		NW_024570779.1	unplaced-scaffold	39557			ctg386
GCF_018345385.1	Primary Assembly	Un			JADWOQ010000246.1	Chromosome		NW_024570760.1	unplaced-scaffold	25794			ctg359
GCF_018345385.1	Primary Assembly	Un			JADWOQ010000247.1	Chromosome		NW_024570650.1	unplaced-scaffold	68733			ctg190
GCF_018345385.1	Primary Assembly	Un			JADWOQ010000248.1	Chromosome		NW_024570771.1	unplaced-scaffold	23052			ctg375
GCF_018345385.1	Primary Assembly	Un			JADWOQ010000249.1	Chromosome		NW_024570544.1	unplaced-scaffold	5796			ctg1329
GCF_018345385.1	Primary Assembly	Un			JADWOQ010000250.1	Chromosome		NW_024571182.1	unplaced-scaffold	9164			ctg972
GCF_018345385.1	Primary Assembly	Un			JADWOQ010000251.1	Chromosome		NW_024571005.1	unplaced-scaffold	14502			ctg685
GCF_018345385.1	Primary Assembly	Un			JADWOQ010000252.1	Chromosome		NW_024570428.1	unplaced-scaffold	5615			ctg1174
GCF_018345385.1	Primary Assembly	Un			JADWOQ010000253.1	Chromosome		NW_024570848.1	unplaced-scaffold	19544			ctg470
GCF_018345385.1	Primary Assembly	Un			JADWOQ010000254.1	Chromosome		NW_024571166.1	unplaced-scaffold	9580			ctg946
GCF_018345385.1	Primary Assembly	Un			JADWOQ010000255.1	Chromosome		NW_024570399.1	unplaced-scaffold	3185			ctg1133
GCF_018345385.1	Primary Assembly	Un			JADWOQ010000256.1	Chromosome		NW_024570319.1	unplaced-scaffold	9123			ctg1028
GCF_018345385.1	Primary Assembly	Un			JADWOQ010000257.1	Chromosome		NW_024570427.1	unplaced-scaffold	8380			ctg1173
GCF_018345385.1	Primary Assembly	Un			JADWOQ010000258.1	Chromosome		NW_024571091.1	unplaced-scaffold	11480			ctg814
GCF_018345385.1	Primary Assembly	Un			JADWOQ010000259.1	Chromosome		NW_024570516.1	unplaced-scaffold	8931			ctg1298
GCF_018345385.1	Primary Assembly	Un			JADWOQ010000260.1	Chromosome		NW_024570769.1	unplaced-scaffold	30764			ctg372
GCF_018345385.1	Primary Assembly	Un			JADWOQ010000261.1	Chromosome		NW_024571036.1	unplaced-scaffold	13494			ctg728
GCF_018345385.1	Primary Assembly	Un			JADWOQ010000262.1	Chromosome		NW_024570553.1	unplaced-scaffold	7096			ctg1343
GCF_018345385.1	Primary Assembly	Un			JADWOQ010000263.1	Chromosome		NW_024570794.1	unplaced-scaffold	18114			ctg404
GCF_018345385.1	Primary Assembly	Un			JADWOQ010000264.1	Chromosome		NW_024570647.1	unplaced-scaffold	57624			ctg185
GCF_018345385.1	Primary Assembly	Un			JADWOQ010000265.1	Chromosome		NW_024571185.1	unplaced-scaffold	9202			ctg975
GCF_018345385.1	Primary Assembly	Un			JADWOQ010000266.1	Chromosome		NW_024570626.1	unplaced-scaffold	26022			ctg1443
GCF_018345385.1	Primary Assembly	Un			JADWOQ010000267.1	Chromosome		NW_024570360.1	unplaced-scaffold	8666			ctg1080
GCF_018345385.1	Primary Assembly	Un			JADWOQ010000268.1	Chromosome		NW_024570821.1	unplaced-scaffold	12027			ctg439
GCF_018345385.1	Primary Assembly	Un			JADWOQ010000269.1	Chromosome		NW_024571075.1	unplaced-scaffold	5046			ctg786
GCF_018345385.1	Primary Assembly	Un			JADWOQ010000270.1	Chromosome		NW_024571097.1	unplaced-scaffold	10770			ctg825
GCF_018345385.1	Primary Assembly	Un			JADWOQ010000271.1	Chromosome		NW_024571081.1	unplaced-scaffold	9228			ctg794
GCF_018345385.1	Primary Assembly	Un			JADWOQ010000272.1	Chromosome		NW_024570385.1	unplaced-scaffold	7745			ctg1114
GCF_018345385.1	Primary Assembly	Un			JADWOQ010000273.1	Chromosome		NW_024570804.1	unplaced-scaffold	20873			ctg417
GCF_018345385.1	Primary Assembly	Un			JADWOQ010000274.1	Chromosome		NW_024570458.1	unplaced-scaffold	6794			ctg1211
GCF_018345385.1	Primary Assembly	Un			JADWOQ010000275.1	Chromosome		NW_024570466.1	unplaced-scaffold	6875			ctg1221
GCF_018345385.1	Primary Assembly	Un			JADWOQ010000276.1	Chromosome		NW_024570839.1	unplaced-scaffold	250000			ctg45_4
GCF_018345385.1	Primary Assembly	Un			JADWOQ010000277.1	Chromosome		NW_024570431.1	unplaced-scaffold	6897			ctg1180
GCF_018345385.1	Primary Assembly	Un			JADWOQ010000278.1	Chromosome		NW_024570416.1	unplaced-scaffold	7039			ctg1155
GCF_018345385.1	Primary Assembly	Un			JADWOQ010000279.1	Chromosome		NW_024570487.1	unplaced-scaffold	4087			ctg1251
GCF_018345385.1	Primary Assembly	Un			JADWOQ010000280.1	Chromosome		NW_024570879.1	unplaced-scaffold	12784			ctg515
GCF_018345385.1	Primary Assembly	Un			JADWOQ010000281.1	Chromosome		NW_024570703.1	unplaced-scaffold	37047			ctg278
GCF_018345385.1	Primary Assembly	Un			JADWOQ010000282.1	Chromosome		NW_024570470.1	unplaced-scaffold	10359			ctg1230
GCF_018345385.1	Primary Assembly	Un			JADWOQ010000283.1	Chromosome		NW_024570344.1	unplaced-scaffold	8759			ctg1059
GCF_018345385.1	Primary Assembly	Un			JADWOQ010000284.1	Chromosome		NW_024570549.1	unplaced-scaffold	3558			ctg1334
GCF_018345385.1	Primary Assembly	Un			JADWOQ010000285.1	Chromosome		NW_024570381.1	unplaced-scaffold	6470			ctg1109
GCF_018345385.1	Primary Assembly	Un			JADWOQ010000286.1	Chromosome		NW_024570966.1	unplaced-scaffold	12568			ctg635
GCF_018345385.1	Primary Assembly	Un			JADWOQ010000287.1	Chromosome		NW_024570755.1	unplaced-scaffold	29242			ctg351
GCF_018345385.1	Primary Assembly	Un			JADWOQ010000288.1	Chromosome		NW_024570846.1	unplaced-scaffold	28261			ctg467
GCF_018345385.1	Primary Assembly	Un			JADWOQ010000289.1	Chromosome		NW_024570696.1	unplaced-scaffold	29836			ctg270
GCF_018345385.1	Primary Assembly	Un			JADWOQ010000290.1	Chromosome		NW_024571199.1	unplaced-scaffold	31229			ctg992
GCF_018345385.1	Primary Assembly	Un			JADWOQ010000291.1	Chromosome		NW_024570376.1	unplaced-scaffold	7922			ctg1101
GCF_018345385.1	Primary Assembly	Un			JADWOQ010000292.1	Chromosome		NW_024570483.1	unplaced-scaffold	6902			ctg1244
GCF_018345385.1	Primary Assembly	Un			JADWOQ010000293.1	Chromosome		NW_024571059.1	unplaced-scaffold	35300			ctg765
GCF_018345385.1	Primary Assembly	Un			JADWOQ010000294.1	Chromosome		NW_024570407.1	unplaced-scaffold	6897			ctg1145
GCF_018345385.1	Primary Assembly	Un			JADWOQ010000295.1	Chromosome		NW_024570832.1	unplaced-scaffold	21991			ctg453
GCF_018345385.1	Primary Assembly	Un			JADWOQ010000296.1	Chromosome		NW_024571119.1	unplaced-scaffold	17579			ctg865
GCF_018345385.1	Primary Assembly	Un			JADWOQ010000297.1	Chromosome		NW_024571074.1	unplaced-scaffold	25484			ctg785
GCF_018345385.1	Primary Assembly	Un			JADWOQ010000298.1	Chromosome		NW_024570489.1	unplaced-scaffold	6828			ctg1258
GCF_018345385.1	Primary Assembly	Un			JADWOQ010000299.1	Chromosome		NW_024570433.1	unplaced-scaffold	4378			ctg1182
GCF_018345385.1	Primary Assembly	Un			JADWOQ010000300.1	Chromosome		NW_024570875.1	unplaced-scaffold	18637			ctg508
GCF_018345385.1	Primary Assembly	Un			JADWOQ010000301.1	Chromosome		NW_024570671.1	unplaced-scaffold	62308			ctg237
GCF_018345385.1	Primary Assembly	Un			JADWOQ010000302.1	Chromosome		NW_024571086.1	unplaced-scaffold	12717			ctg807
GCF_018345385.1	Primary Assembly	Un			JADWOQ010000303.1	Chromosome		NW_024570971.1	unplaced-scaffold	32134			ctg641
GCF_018345385.1	Primary Assembly	Un			JADWOQ010000304.1	Chromosome		NW_024570663.1	unplaced-scaffold	43335			ctg215
GCF_018345385.1	Primary Assembly	Un			JADWOQ010000305.1	Chromosome		NW_024570533.1	unplaced-scaffold	26694			ctg1317
GCF_018345385.1	Primary Assembly	Un			JADWOQ010000306.1	Chromosome		NW_024570823.1	unplaced-scaffold	13879			ctg442
GCF_018345385.1	Primary Assembly	Un			JADWOQ010000307.1	Chromosome		NW_024570567.1	unplaced-scaffold	6536			ctg1365
GCF_018345385.1	Primary Assembly	Un			JADWOQ010000308.1	Chromosome		NW_024570589.1	unplaced-scaffold	6984			ctg1395
GCF_018345385.1	Primary Assembly	Un			JADWOQ010000309.1	Chromosome		NW_024570379.1	unplaced-scaffold	26120			ctg1106
GCF_018345385.1	Primary Assembly	Un			JADWOQ010000310.1	Chromosome		NW_024570743.1	unplaced-scaffold	13503			ctg337
GCF_018345385.1	Primary Assembly	Un			JADWOQ010000311.1	Chromosome		NW_024570408.1	unplaced-scaffold	6634			ctg1146
GCF_018345385.1	Primary Assembly	Un			JADWOQ010000312.1	Chromosome		NW_024570773.1	unplaced-scaffold	24397			ctg378
GCF_018345385.1	Primary Assembly	Un			JADWOQ010000313.1	Chromosome		NW_024570301.1	unplaced-scaffold	8819			ctg1001
GCF_018345385.1	Primary Assembly	Un			JADWOQ010000314.1	Chromosome		NW_024570695.1	unplaced-scaffold	71456			ctg269
GCF_018345385.1	Primary Assembly	Un			JADWOQ010000315.1	Chromosome		NW_024571045.1	unplaced-scaffold	13400			ctg741
GCF_018345385.1	Primary Assembly	Un			JADWOQ010000316.1	Chromosome		NW_024570949.1	unplaced-scaffold	27016			ctg615
GCF_018345385.1	Primary Assembly	Un			JADWOQ010000317.1	Chromosome		NW_024570415.1	unplaced-scaffold	6531			ctg1154
GCF_018345385.1	Primary Assembly	Un			JADWOQ010000318.1	Chromosome		NW_024570537.1	unplaced-scaffold	6000			ctg1321
GCF_018345385.1	Primary Assembly	Un			JADWOQ010000319.1	Chromosome		NW_024570697.1	unplaced-scaffold	44929			ctg271
GCF_018345385.1	Primary Assembly	Un			JADWOQ010000320.1	Chromosome		NW_024571003.1	unplaced-scaffold	12209			ctg682
GCF_018345385.1	Primary Assembly	Un			JADWOQ010000321.1	Chromosome		NW_024570828.1	unplaced-scaffold	19850			ctg449
GCF_018345385.1	Primary Assembly	Un			JADWOQ010000322.1	Chromosome		NW_024571031.1	unplaced-scaffold	8517			ctg721
GCF_018345385.1	Primary Assembly	Un			JADWOQ010000323.1	Chromosome		NW_024571154.1	unplaced-scaffold	9833			ctg930
GCF_018345385.1	Primary Assembly	Un			JADWOQ010000324.1	Chromosome		NW_024570423.1	unplaced-scaffold	6886			ctg1164
GCF_018345385.1	Primary Assembly	Un			JADWOQ010000325.1	Chromosome		NW_024570957.1	unplaced-scaffold	4288			ctg626
GCF_018345385.1	Primary Assembly	Un			JADWOQ010000326.1	Chromosome		NW_024571095.1	unplaced-scaffold	11591			ctg823
GCF_018345385.1	Primary Assembly	Un			JADWOQ010000327.1	Chromosome		NW_024570754.1	unplaced-scaffold	26109			ctg350
GCF_018345385.1	Primary Assembly	Un			JADWOQ010000328.1	Chromosome		NW_024571035.1	unplaced-scaffold	11631			ctg726
GCF_018345385.1	Primary Assembly	Un			JADWOQ010000329.1	Chromosome		NW_024570860.1	unplaced-scaffold	22663			ctg487
GCF_018345385.1	Primary Assembly	Un			JADWOQ010000330.1	Chromosome		NW_024570717.1	unplaced-scaffold	23799			ctg296
GCF_018345385.1	Primary Assembly	Un			JADWOQ010000331.1	Chromosome		NW_024570359.1	unplaced-scaffold	8812			ctg1079
GCF_018345385.1	Primary Assembly	Un			JADWOQ010000332.1	Chromosome		NW_024570310.1	unplaced-scaffold	11028			ctg1016
GCF_018345385.1	Primary Assembly	Un			JADWOQ010000333.1	Chromosome		NW_024570910.1	unplaced-scaffold	4935			ctg559
GCF_018345385.1	Primary Assembly	Un			JADWOQ010000334.1	Chromosome		NW_024570508.1	unplaced-scaffold	6684			ctg1286
GCF_018345385.1	Primary Assembly	Un			JADWOQ010000335.1	Chromosome		NW_024570477.1	unplaced-scaffold	5338			ctg1237
GCF_018345385.1	Primary Assembly	Un			JADWOQ010000336.1	Chromosome		NW_024570923.1	unplaced-scaffold	17525			ctg577
GCF_018345385.1	Primary Assembly	Un			JADWOQ010000337.1	Chromosome		NW_024570941.1	unplaced-scaffold	31266			ctg603
GCF_018345385.1	Primary Assembly	Un			JADWOQ010000338.1	Chromosome		NW_024570674.1	unplaced-scaffold	49458			ctg241
GCF_018345385.1	Primary Assembly	Un			JADWOQ010000339.1	Chromosome		NW_024570726.1	unplaced-scaffold	32167			ctg306
GCF_018345385.1	Primary Assembly	Un			JADWOQ010000340.1	Chromosome		NW_024570576.1	unplaced-scaffold	6667			ctg1379
GCF_018345385.1	Primary Assembly	Un			JADWOQ010000341.1	Chromosome		NW_024571010.1	unplaced-scaffold	7064			ctg692
GCF_018345385.1	Primary Assembly	Un			JADWOQ010000342.1	Chromosome		NW_024570586.1	unplaced-scaffold	6641			ctg1392
GCF_018345385.1	Primary Assembly	Un			JADWOQ010000343.1	Chromosome		NW_024570999.1	unplaced-scaffold	18254			ctg676
GCF_018345385.1	Primary Assembly	Un			JADWOQ010000344.1	Chromosome		NW_024571043.1	unplaced-scaffold	34889			ctg739
GCF_018345385.1	Primary Assembly	Un			JADWOQ010000345.1	Chromosome		NW_024570335.1	unplaced-scaffold	7050			ctg1048
GCF_018345385.1	Primary Assembly	Un			JADWOQ010000346.1	Chromosome		NW_024570356.1	unplaced-scaffold	13192			ctg1074
GCF_018345385.1	Primary Assembly	Un			JADWOQ010000347.1	Chromosome		NW_024570852.1	unplaced-scaffold	32443			ctg476
GCF_018345385.1	Primary Assembly	Un			JADWOQ010000348.1	Chromosome		NW_024571112.1	unplaced-scaffold	11193			ctg850
GCF_018345385.1	Primary Assembly	Un			JADWOQ010000349.1	Chromosome		NW_024570673.1	unplaced-scaffold	26069			ctg239
GCF_018345385.1	Primary Assembly	Un			JADWOQ010000350.1	Chromosome		NW_024570904.1	unplaced-scaffold	14893			ctg551
GCF_018345385.1	Primary Assembly	Un			JADWOQ010000351.1	Chromosome		NW_024570850.1	unplaced-scaffold	33936			ctg474
GCF_018345385.1	Primary Assembly	Un			JADWOQ010000352.1	Chromosome		NW_024571015.1	unplaced-scaffold	12326			ctg699
GCF_018345385.1	Primary Assembly	Un			JADWOQ010000353.1	Chromosome		NW_024570820.1	unplaced-scaffold	23008			ctg438
GCF_018345385.1	Primary Assembly	Un			JADWOQ010000354.1	Chromosome		NW_024570916.1	unplaced-scaffold	42166			ctg566
GCF_018345385.1	Primary Assembly	Un			JADWOQ010000355.1	Chromosome		NW_024570382.1	unplaced-scaffold	7845			ctg1110
GCF_018345385.1	Primary Assembly	Un			JADWOQ010000356.1	Chromosome		NW_024570419.1	unplaced-scaffold	6885			ctg1159
GCF_018345385.1	Primary Assembly	Un			JADWOQ010000357.1	Chromosome		NW_024570818.1	unplaced-scaffold	21587			ctg435
GCF_018345385.1	Primary Assembly	Un			JADWOQ010000358.1	Chromosome		NW_024571105.1	unplaced-scaffold	53046			ctg841
GCF_018345385.1	Primary Assembly	Un			JADWOQ010000359.1	Chromosome		NW_024570906.1	unplaced-scaffold	17439			ctg554
GCF_018345385.1	Primary Assembly	Un			JADWOQ010000360.1	Chromosome		NW_024570749.1	unplaced-scaffold	70373			ctg344
GCF_018345385.1	Primary Assembly	Un			JADWOQ010000361.1	Chromosome		NW_024570672.1	unplaced-scaffold	52982			ctg238
GCF_018345385.1	Primary Assembly	Un			JADWOQ010000362.1	Chromosome		NW_024570597.1	unplaced-scaffold	6901			ctg1408
GCF_018345385.1	Primary Assembly	Un			JADWOQ010000363.1	Chromosome		NW_024570524.1	unplaced-scaffold	9179			ctg1308
GCF_018345385.1	Primary Assembly	Un			JADWOQ010000364.1	Chromosome		NW_024570669.1	unplaced-scaffold	46717			ctg229
GCF_018345385.1	Primary Assembly	Un			JADWOQ010000365.1	Chromosome		NW_024570569.1	unplaced-scaffold	6294			ctg1367
GCF_018345385.1	Primary Assembly	Un			JADWOQ010000366.1	Chromosome		NW_024570568.1	unplaced-scaffold	6642			ctg1366
GCF_018345385.1	Primary Assembly	Un			JADWOQ010000367.1	Chromosome		NW_024570661.1	unplaced-scaffold	65669			ctg210
GCF_018345385.1	Primary Assembly	Un			JADWOQ010000368.1	Chromosome		NW_024570676.1	unplaced-scaffold	42141			ctg243
GCF_018345385.1	Primary Assembly	Un			JADWOQ010000369.1	Chromosome		NW_024570311.1	unplaced-scaffold	8715			ctg1017
GCF_018345385.1	Primary Assembly	Un			JADWOQ010000370.1	Chromosome		NW_024570866.1	unplaced-scaffold	19265			ctg495
GCF_018345385.1	Primary Assembly	Un			JADWOQ010000371.1	Chromosome		NW_024571145.1	unplaced-scaffold	9809			ctg916
GCF_018345385.1	Primary Assembly	Un			JADWOQ010000372.1	Chromosome		NW_024570667.1	unplaced-scaffold	134737			ctg226
GCF_018345385.1	Primary Assembly	Un			JADWOQ010000373.1	Chromosome		NW_024570546.1	unplaced-scaffold	6673			ctg1331
GCF_018345385.1	Primary Assembly	Un			JADWOQ010000374.1	Chromosome		NW_024570905.1	unplaced-scaffold	27911			ctg553
GCF_018345385.1	Primary Assembly	Un			JADWOQ010000375.1	Chromosome		NW_024570598.1	unplaced-scaffold	199709			ctg141
GCF_018345385.1	Primary Assembly	Un			JADWOQ010000376.1	Chromosome		NW_024571041.1	unplaced-scaffold	13394			ctg735
GCF_018345385.1	Primary Assembly	Un			JADWOQ010000377.1	Chromosome		NW_024570447.1	unplaced-scaffold	9658			ctg1196
GCF_018345385.1	Primary Assembly	Un			JADWOQ010000378.1	Chromosome		NW_024570746.1	unplaced-scaffold	32401			ctg340
GCF_018345385.1	Primary Assembly	Un			JADWOQ010000379.1	Chromosome		NW_024571071.1	unplaced-scaffold	13577			ctg782
GCF_018345385.1	Primary Assembly	Un			JADWOQ010000380.1	Chromosome		NW_024570666.1	unplaced-scaffold	45115			ctg225
GCF_018345385.1	Primary Assembly	Un			JADWOQ010000381.1	Chromosome		NW_024570604.1	unplaced-scaffold	23987			ctg1418
GCF_018345385.1	Primary Assembly	Un			JADWOQ010000382.1	Chromosome		NW_024571118.1	unplaced-scaffold	11173			ctg864
GCF_018345385.1	Primary Assembly	Un			JADWOQ010000383.1	Chromosome		NW_024570887.1	unplaced-scaffold	19244			ctg527
GCF_018345385.1	Primary Assembly	Un			JADWOQ010000384.1	Chromosome		NW_024570322.1	unplaced-scaffold	13612			ctg1032
GCF_018345385.1	Primary Assembly	Un			JADWOQ010000385.1	Chromosome		NW_024570622.1	unplaced-scaffold	7525			ctg1438
GCF_018345385.1	Primary Assembly	Un			JADWOQ010000386.1	Chromosome		NW_024570753.1	unplaced-scaffold	23487			ctg348
GCF_018345385.1	Primary Assembly	Un			JADWOQ010000387.1	Chromosome		NW_024570883.1	unplaced-scaffold	18717			ctg520
GCF_018345385.1	Primary Assembly	Un			JADWOQ010000388.1	Chromosome		NW_024571114.1	unplaced-scaffold	11672			ctg855
GCF_018345385.1	Primary Assembly	Un			JADWOQ010000389.1	Chromosome		NW_024570736.1	unplaced-scaffold	28053			ctg325
GCF_018345385.1	Primary Assembly	Un			JADWOQ010000390.1	Chromosome		NW_024570802.1	unplaced-scaffold	24349			ctg414
GCF_018345385.1	Primary Assembly	Un			JADWOQ010000391.1	Chromosome		NW_024570831.1	unplaced-scaffold	20376			ctg452
GCF_018345385.1	Primary Assembly	Un			JADWOQ010000392.1	Chromosome		NW_024570565.1	unplaced-scaffold	6522			ctg1360
GCF_018345385.1	Primary Assembly	Un			JADWOQ010000393.1	Chromosome		NW_024570556.1	unplaced-scaffold	15112			ctg1346
GCF_018345385.1	Primary Assembly	Un			JADWOQ010000394.1	Chromosome		NW_024571037.1	unplaced-scaffold	32160			ctg729
GCF_018345385.1	Primary Assembly	Un			JADWOQ010000395.1	Chromosome		NW_024570646.1	unplaced-scaffold	38232			ctg181
GCF_018345385.1	Primary Assembly	Un			JADWOQ010000396.1	Chromosome		NW_024570706.1	unplaced-scaffold	39572			ctg281
GCF_018345385.1	Primary Assembly	Un			JADWOQ010000397.1	Chromosome		NW_024570614.1	unplaced-scaffold	8262			ctg1428
GCF_018345385.1	Primary Assembly	Un			JADWOQ010000398.1	Chromosome		NW_024571129.1	unplaced-scaffold	29082			ctg881
GCF_018345385.1	Primary Assembly	Un			JADWOQ010000399.1	Chromosome		NW_024570390.1	unplaced-scaffold	6981			ctg1122
GCF_018345385.1	Primary Assembly	Un			JADWOQ010000400.1	Chromosome		NW_024570618.1	unplaced-scaffold	11088			ctg1433
GCF_018345385.1	Primary Assembly	Un			JADWOQ010000401.1	Chromosome		NW_024570499.1	unplaced-scaffold	7113			ctg1273
GCF_018345385.1	Primary Assembly	Un			JADWOQ010000402.1	Chromosome		NW_024570788.1	unplaced-scaffold	22529			ctg397
GCF_018345385.1	Primary Assembly	Un			JADWOQ010000403.1	Chromosome		NW_024571128.1	unplaced-scaffold	11127			ctg880
GCF_018345385.1	Primary Assembly	Un			JADWOQ010000404.1	Chromosome		NW_024570400.1	unplaced-scaffold	4721			ctg1134
GCF_018345385.1	Primary Assembly	Un			JADWOQ010000405.1	Chromosome		NW_024570323.1	unplaced-scaffold	7215			ctg1033
GCF_018345385.1	Primary Assembly	Un			JADWOQ010000406.1	Chromosome		NW_024571194.1	unplaced-scaffold	8772			ctg986
GCF_018345385.1	Primary Assembly	Un			JADWOQ010000407.1	Chromosome		NW_024570659.1	unplaced-scaffold	43999			ctg207
GCF_018345385.1	Primary Assembly	Un			JADWOQ010000408.1	Chromosome		NW_024571113.1	unplaced-scaffold	33052			ctg851
GCF_018345385.1	Primary Assembly	Un			JADWOQ010000409.1	Chromosome		NW_024570690.1	unplaced-scaffold	42010			ctg264
GCF_018345385.1	Primary Assembly	Un			JADWOQ010000410.1	Chromosome		NW_024571111.1	unplaced-scaffold	11303			ctg849
GCF_018345385.1	Primary Assembly	Un			JADWOQ010000411.1	Chromosome		NW_024570340.1	unplaced-scaffold	7374			ctg1054
GCF_018345385.1	Primary Assembly	Un			JADWOQ010000412.1	Chromosome		NW_024570662.1	unplaced-scaffold	72458			ctg212
GCF_018345385.1	Primary Assembly	Un			JADWOQ010000413.1	Chromosome		NW_024570808.1	unplaced-scaffold	23618			ctg421
GCF_018345385.1	Primary Assembly	Un			JADWOQ010000414.1	Chromosome		NW_024570790.1	unplaced-scaffold	12636			ctg399
GCF_018345385.1	Primary Assembly	Un			JADWOQ010000415.1	Chromosome		NW_024570530.1	unplaced-scaffold	6900			ctg1314
GCF_018345385.1	Primary Assembly	Un			JADWOQ010000416.1	Chromosome		NW_024570796.1	unplaced-scaffold	18901			ctg407
GCF_018345385.1	Primary Assembly	Un			JADWOQ010000417.1	Chromosome		NW_024570467.1	unplaced-scaffold	6235			ctg1225
GCF_018345385.1	Primary Assembly	Un			JADWOQ010000418.1	Chromosome		NW_024570789.1	unplaced-scaffold	22467			ctg398
GCF_018345385.1	Primary Assembly	Un			JADWOQ010000419.1	Chromosome		NW_024570523.1	unplaced-scaffold	25774			ctg1305
GCF_018345385.1	Primary Assembly	Un			JADWOQ010000420.1	Chromosome		NW_024570418.1	unplaced-scaffold	7191			ctg1158
GCF_018345385.1	Primary Assembly	Un			JADWOQ010000421.1	Chromosome		NW_024570940.1	unplaced-scaffold	12275			ctg602
GCF_018345385.1	Primary Assembly	Un			JADWOQ010000422.1	Chromosome		NW_024571061.1	unplaced-scaffold	34522			ctg769
GCF_018345385.1	Primary Assembly	Un			JADWOQ010000423.1	Chromosome		NW_024571169.1	unplaced-scaffold	9337			ctg955
GCF_018345385.1	Primary Assembly	Un			JADWOQ010000424.1	Chromosome		NW_024570683.1	unplaced-scaffold	29303			ctg253
GCF_018345385.1	Primary Assembly	Un			JADWOQ010000425.1	Chromosome		NW_024570959.1	unplaced-scaffold	13816			ctg628
GCF_018345385.1	Primary Assembly	Un			JADWOQ010000426.1	Chromosome		NW_024570833.1	unplaced-scaffold	14629			ctg455
GCF_018345385.1	Primary Assembly	Un			JADWOQ010000427.1	Chromosome		NW_024571136.1	unplaced-scaffold	10651			ctg896
GCF_018345385.1	Primary Assembly	Un			JADWOQ010000428.1	Chromosome		NW_024570495.1	unplaced-scaffold	6907			ctg1266
GCF_018345385.1	Primary Assembly	Un			JADWOQ010000429.1	Chromosome		NW_024571177.1	unplaced-scaffold	27804			ctg967
GCF_018345385.1	Primary Assembly	Un			JADWOQ010000430.1	Chromosome		NW_024570785.1	unplaced-scaffold	63375			ctg394
GCF_018345385.1	Primary Assembly	Un			JADWOQ010000431.1	Chromosome		NW_024570992.1	unplaced-scaffold	10402			ctg667
GCF_018345385.1	Primary Assembly	Un			JADWOQ010000432.1	Chromosome		NW_024571085.1	unplaced-scaffold	14562			ctg804
GCF_018345385.1	Primary Assembly	Un			JADWOQ010000433.1	Chromosome		NW_024570339.1	unplaced-scaffold	34066			ctg1052
GCF_018345385.1	Primary Assembly	Un			JADWOQ010000434.1	Chromosome		NW_024571078.1	unplaced-scaffold	12272			ctg789
GCF_018345385.1	Primary Assembly	Un			JADWOQ010000435.1	Chromosome		NW_024570611.1	unplaced-scaffold	8592			ctg1425
GCF_018345385.1	Primary Assembly	Un			JADWOQ010000436.1	Chromosome		NW_024570688.1	unplaced-scaffold	25220			ctg260
GCF_018345385.1	Primary Assembly	Un			JADWOQ010000437.1	Chromosome		NW_024570902.1	unplaced-scaffold	18243			ctg548
GCF_018345385.1	Primary Assembly	Un			JADWOQ010000438.1	Chromosome		NW_024570510.1	unplaced-scaffold	8907			ctg1289
GCF_018345385.1	Primary Assembly	Un			JADWOQ010000439.1	Chromosome		NW_024570455.1	unplaced-scaffold	4004			ctg1207
GCF_018345385.1	Primary Assembly	Un			JADWOQ010000440.1	Chromosome		NW_024570826.1	unplaced-scaffold	14703			ctg447
GCF_018345385.1	Primary Assembly	Un			JADWOQ010000441.1	Chromosome		NW_024570664.1	unplaced-scaffold	57436			ctg217
GCF_018345385.1	Primary Assembly	Un			JADWOQ010000442.1	Chromosome		NW_024570819.1	unplaced-scaffold	3954			ctg437
GCF_018345385.1	Primary Assembly	Un			JADWOQ010000443.1	Chromosome		NW_024570386.1	unplaced-scaffold	6217			ctg1116
GCF_018345385.1	Primary Assembly	Un			JADWOQ010000444.1	Chromosome		NW_024570980.1	unplaced-scaffold	13553			ctg653
GCF_018345385.1	Primary Assembly	Un			JADWOQ010000445.1	Chromosome		NW_024570911.1	unplaced-scaffold	17702			ctg561
GCF_018345385.1	Primary Assembly	Un			JADWOQ010000446.1	Chromosome		NW_024570715.1	unplaced-scaffold	34166			ctg292
GCF_018345385.1	Primary Assembly	Un			JADWOQ010000447.1	Chromosome		NW_024570900.1	unplaced-scaffold	17806			ctg546
GCF_018345385.1	Primary Assembly	Un			JADWOQ010000448.1	Chromosome		NW_024570452.1	unplaced-scaffold	6869			ctg1204
GCF_018345385.1	Primary Assembly	Un			JADWOQ010000449.1	Chromosome		NW_024570891.1	unplaced-scaffold	31297			ctg531
GCF_018345385.1	Primary Assembly	Un			JADWOQ010000450.1	Chromosome		NW_024570740.1	unplaced-scaffold	82345			ctg332
GCF_018345385.1	Primary Assembly	Un			JADWOQ010000451.1	Chromosome		NW_024571186.1	unplaced-scaffold	9540			ctg976
GCF_018345385.1	Primary Assembly	Un			JADWOQ010000452.1	Chromosome		NW_024570326.1	unplaced-scaffold	10013			ctg1037
GCF_018345385.1	Primary Assembly	Un			JADWOQ010000453.1	Chromosome		NW_024571024.1	unplaced-scaffold	13113			ctg712
GCF_018345385.1	Primary Assembly	Un			JADWOQ010000454.1	Chromosome		NW_024570752.1	unplaced-scaffold	38356			ctg347
GCF_018345385.1	Primary Assembly	Un			JADWOQ010000455.1	Chromosome		NW_024571133.1	unplaced-scaffold	8560			ctg892
GCF_018345385.1	Primary Assembly	Un			JADWOQ010000456.1	Chromosome		NW_024570457.1	unplaced-scaffold	6691			ctg1210
GCF_018345385.1	Primary Assembly	Un			JADWOQ010000457.1	Chromosome		NW_024570865.1	unplaced-scaffold	19744			ctg494
GCF_018345385.1	Primary Assembly	Un			JADWOQ010000458.1	Chromosome		NW_024570737.1	unplaced-scaffold	26634			ctg327
GCF_018345385.1	Primary Assembly	Un			JADWOQ010000459.1	Chromosome		NW_024571058.1	unplaced-scaffold	13692			ctg763
GCF_018345385.1	Primary Assembly	Un			JADWOQ010000460.1	Chromosome		NW_024571201.1	unplaced-scaffold	11333			ctg998
GCF_018345385.1	Primary Assembly	Un			JADWOQ010000461.1	Chromosome		NW_024571192.1	unplaced-scaffold	9461			ctg983
GCF_018345385.1	Primary Assembly	Un			JADWOQ010000462.1	Chromosome		NW_024570497.1	unplaced-scaffold	6742			ctg1269
GCF_018345385.1	Primary Assembly	Un			JADWOQ010000463.1	Chromosome		NW_024570365.1	unplaced-scaffold	9396			ctg1086
GCF_018345385.1	Primary Assembly	Un			JADWOQ010000464.1	Chromosome		NW_024570894.1	unplaced-scaffold	18130			ctg536
GCF_018345385.1	Primary Assembly	Un			JADWOQ010000465.1	Chromosome		NW_024570468.1	unplaced-scaffold	5490			ctg1227
GCF_018345385.1	Primary Assembly	Un			JADWOQ010000466.1	Chromosome		NW_024570712.1	unplaced-scaffold	38051			ctg289
GCF_018345385.1	Primary Assembly	Un			JADWOQ010000467.1	Chromosome		NW_024571181.1	unplaced-scaffold	9389			ctg971
GCF_018345385.1	Primary Assembly	Un			JADWOQ010000468.1	Chromosome		NW_024570473.1	unplaced-scaffold	4966			ctg1233
GCF_018345385.1	Primary Assembly	Un			JADWOQ010000469.1	Chromosome		NW_024570608.1	unplaced-scaffold	36114			ctg1422
GCF_018345385.1	Primary Assembly	Un			JADWOQ010000470.1	Chromosome		NW_024570577.1	unplaced-scaffold	433016			ctg138
GCF_018345385.1	Primary Assembly	Un			JADWOQ010000471.1	Chromosome		NW_024570843.1	unplaced-scaffold	27771			ctg464
GCF_018345385.1	Primary Assembly	Un			JADWOQ010000472.1	Chromosome		NW_024570401.1	unplaced-scaffold	6851			ctg1135
GCF_018345385.1	Primary Assembly	Un			JADWOQ010000473.1	Chromosome		NW_024570637.1	unplaced-scaffold	121431			ctg165
GCF_018345385.1	Primary Assembly	Un			JADWOQ010000474.1	Chromosome		NW_024570745.1	unplaced-scaffold	48590			ctg339
GCF_018345385.1	Primary Assembly	Un			JADWOQ010000475.1	Chromosome		NW_024570422.1	unplaced-scaffold	4787			ctg1163
GCF_018345385.1	Primary Assembly	Un			JADWOQ010000476.1	Chromosome		NW_024571150.1	unplaced-scaffold	5258			ctg923
GCF_018345385.1	Primary Assembly	Un			JADWOQ010000477.1	Chromosome		NW_024570640.1	unplaced-scaffold	73539			ctg171
GCF_018345385.1	Primary Assembly	Un			JADWOQ010000478.1	Chromosome		NW_024570389.1	unplaced-scaffold	7495			ctg1119
GCF_018345385.1	Primary Assembly	Un			JADWOQ010000479.1	Chromosome		NW_024570446.1	unplaced-scaffold	9551			ctg1195
GCF_018345385.1	Primary Assembly	Un			JADWOQ010000480.1	Chromosome		NW_024570349.1	unplaced-scaffold	25670			ctg1065
GCF_018345385.1	Primary Assembly	Un			JADWOQ010000481.1	Chromosome		NW_024570368.1	unplaced-scaffold	5947			ctg1090
GCF_018345385.1	Primary Assembly	Un			JADWOQ010000482.1	Chromosome		NW_024571164.1	unplaced-scaffold	18812			ctg941
GCF_018345385.1	Primary Assembly	Un			JADWOQ010000483.1	Chromosome		NW_024571139.1	unplaced-scaffold	20174			ctg905
GCF_018345385.1	Primary Assembly	Un			JADWOQ010000484.1	Chromosome		NW_024570981.1	unplaced-scaffold	18336			ctg655
GCF_018345385.1	Primary Assembly	Un			JADWOQ010000485.1	Chromosome		NW_024570343.1	unplaced-scaffold	10037			ctg1058
GCF_018345385.1	Primary Assembly	Un			JADWOQ010000486.1	Chromosome		NW_024570776.1	unplaced-scaffold	24578			ctg383
GCF_018345385.1	Primary Assembly	Un			JADWOQ010000487.1	Chromosome		NW_024570490.1	unplaced-scaffold	6146			ctg1259
GCF_018345385.1	Primary Assembly	Un			JADWOQ010000488.1	Chromosome		NW_024570578.1	unplaced-scaffold	6470			ctg1380
GCF_018345385.1	Primary Assembly	Un			JADWOQ010000489.1	Chromosome		NW_024570348.1	unplaced-scaffold	8796			ctg1064
GCF_018345385.1	Primary Assembly	Un			JADWOQ010000490.1	Chromosome		NW_024570635.1	unplaced-scaffold	143717			ctg162
GCF_018345385.1	Primary Assembly	Un			JADWOQ010000491.1	Chromosome		NW_024570619.1	unplaced-scaffold	10554			ctg1435
GCF_018345385.1	Primary Assembly	Un			JADWOQ010000492.1	Chromosome		NW_024571163.1	unplaced-scaffold	28245			ctg940
GCF_018345385.1	Primary Assembly	Un			JADWOQ010000493.1	Chromosome		NW_024570917.1	unplaced-scaffold	15012			ctg567
GCF_018345385.1	Primary Assembly	Un			JADWOQ010000494.1	Chromosome		NW_024571038.1	unplaced-scaffold	18303			ctg732
GCF_018345385.1	Primary Assembly	Un			JADWOQ010000495.1	Chromosome		NW_024570333.1	unplaced-scaffold	8978			ctg1046
GCF_018345385.1	Primary Assembly	Un			JADWOQ010000496.1	Chromosome		NW_024571066.1	unplaced-scaffold	9900			ctg776
GCF_018345385.1	Primary Assembly	Un			JADWOQ010000497.1	Chromosome		NW_024570882.1	unplaced-scaffold	19280			ctg519
GCF_018345385.1	Primary Assembly	Un			JADWOQ010000498.1	Chromosome		NW_024571132.1	unplaced-scaffold	32262			ctg891
GCF_018345385.1	Primary Assembly	Un			JADWOQ010000499.1	Chromosome		NW_024570371.1	unplaced-scaffold	8629			ctg1094
GCF_018345385.1	Primary Assembly	Un			JADWOQ010000500.1	Chromosome		NW_024570612.1	unplaced-scaffold	8913			ctg1426
GCF_018345385.1	Primary Assembly	Un			JADWOQ010000501.1	Chromosome		NW_024570520.1	unplaced-scaffold	6803			ctg1302
GCF_018345385.1	Primary Assembly	Un			JADWOQ010000502.1	Chromosome		NW_024571102.1	unplaced-scaffold	11195			ctg834
GCF_018345385.1	Primary Assembly	Un			JADWOQ010000503.1	Chromosome		NW_024571098.1	unplaced-scaffold	11619			ctg828
GCF_018345385.1	Primary Assembly	Un			JADWOQ010000504.1	Chromosome		NW_024571082.1	unplaced-scaffold	10781			ctg798
GCF_018345385.1	Primary Assembly	Un			JADWOQ010000505.1	Chromosome		NW_024571157.1	unplaced-scaffold	24528			ctg934
GCF_018345385.1	Primary Assembly	Un			JADWOQ010000506.1	Chromosome		NW_024570574.1	unplaced-scaffold	6536			ctg1377
GCF_018345385.1	Primary Assembly	Un			JADWOQ010000507.1	Chromosome		NW_024571161.1	unplaced-scaffold	9226			ctg938
GCF_018345385.1	Primary Assembly	Un			JADWOQ010000508.1	Chromosome		NW_024570488.1	unplaced-scaffold	3400			ctg1255
GCF_018345385.1	Primary Assembly	Un			JADWOQ010000509.1	Chromosome		NW_024571106.1	unplaced-scaffold	11470			ctg843
GCF_018345385.1	Primary Assembly	Un			JADWOQ010000510.1	Chromosome		NW_024570783.1	unplaced-scaffold	19633			ctg392
GCF_018345385.1	Primary Assembly	Un			JADWOQ010000511.1	Chromosome		NW_024570829.1	unplaced-scaffold	21947			ctg450
GCF_018345385.1	Primary Assembly	Un			JADWOQ010000512.1	Chromosome		NW_024570901.1	unplaced-scaffold	17901			ctg547
GCF_018345385.1	Primary Assembly	Un			JADWOQ010000513.1	Chromosome		NW_024570561.1	unplaced-scaffold	6639			ctg1356
GCF_018345385.1	Primary Assembly	Un			JADWOQ010000514.1	Chromosome		NW_024571096.1	unplaced-scaffold	9850			ctg824
GCF_018345385.1	Primary Assembly	Un			JADWOQ010000515.1	Chromosome		NW_024571042.1	unplaced-scaffold	14477			ctg736
GCF_018345385.1	Primary Assembly	Un			JADWOQ010000516.1	Chromosome		NW_024570616.1	unplaced-scaffold	19152			ctg1430
GCF_018345385.1	Primary Assembly	Un			JADWOQ010000517.1	Chromosome		NW_024570730.1	unplaced-scaffold	31057			ctg310
GCF_018345385.1	Primary Assembly	Un			JADWOQ010000518.1	Chromosome		NW_024570692.1	unplaced-scaffold	130588			ctg266
GCF_018345385.1	Primary Assembly	Un			JADWOQ010000519.1	Chromosome		NW_024570947.1	unplaced-scaffold	5004			ctg611
GCF_018345385.1	Primary Assembly	Un			JADWOQ010000520.1	Chromosome		NW_024570806.1	unplaced-scaffold	23658			ctg419
GCF_018345385.1	Primary Assembly	Un			JADWOQ010000521.1	Chromosome		NW_024570580.1	unplaced-scaffold	3344			ctg1382
GCF_018345385.1	Primary Assembly	Un			JADWOQ010000522.1	Chromosome		NW_024570535.1	unplaced-scaffold	6927			ctg1319
GCF_018345385.1	Primary Assembly	Un			JADWOQ010000523.1	Chromosome		NW_024570795.1	unplaced-scaffold	24652			ctg405
GCF_018345385.1	Primary Assembly	Un			JADWOQ010000524.1	Chromosome		NW_024570440.1	unplaced-scaffold	5180			ctg1189
GCF_018345385.1	Primary Assembly	Un			JADWOQ010000525.1	Chromosome		NW_024570963.1	unplaced-scaffold	15813			ctg632
GCF_018345385.1	Primary Assembly	Un			JADWOQ010000526.1	Chromosome		NW_024571167.1	unplaced-scaffold	9531			ctg949
GCF_018345385.1	Primary Assembly	Un			JADWOQ010000527.1	Chromosome		NW_024570486.1	unplaced-scaffold	21580			ctg1250
GCF_018345385.1	Primary Assembly	Un			JADWOQ010000528.1	Chromosome		NW_024570856.1	unplaced-scaffold	21910			ctg480
GCF_018345385.1	Primary Assembly	Un			JADWOQ010000529.1	Chromosome		NW_024570990.1	unplaced-scaffold	5991			ctg665
GCF_018345385.1	Primary Assembly	Un			JADWOQ010000530.1	Chromosome		NW_024570651.1	unplaced-scaffold	74604			ctg191
GCF_018345385.1	Primary Assembly	Un			JADWOQ010000531.1	Chromosome		NW_024570327.1	unplaced-scaffold	9090			ctg1038
GCF_018345385.1	Primary Assembly	Un			JADWOQ010000532.1	Chromosome		NW_024570633.1	unplaced-scaffold	125789			ctg154
GCF_018345385.1	Primary Assembly	Un			JADWOQ010000533.1	Chromosome		NW_024570733.1	unplaced-scaffold	11130			ctg319
GCF_018345385.1	Primary Assembly	Un			JADWOQ010000534.1	Chromosome		NW_024570682.1	unplaced-scaffold	53937			ctg252
GCF_018345385.1	Primary Assembly	Un			JADWOQ010000535.1	Chromosome		NW_024570478.1	unplaced-scaffold	5889			ctg1238
GCF_018345385.1	Primary Assembly	Un			JADWOQ010000536.1	Chromosome		NW_024570815.1	unplaced-scaffold	23017			ctg429
GCF_018345385.1	Primary Assembly	Un			JADWOQ010000537.1	Chromosome		NW_024570665.1	unplaced-scaffold	50094			ctg221
GCF_018345385.1	Primary Assembly	Un			JADWOQ010000538.1	Chromosome		NW_024570571.1	unplaced-scaffold	3214			ctg1374
GCF_018345385.1	Primary Assembly	Un			JADWOQ010000539.1	Chromosome		NW_024570729.1	unplaced-scaffold	33716			ctg309
GCF_018345385.1	Primary Assembly	Un			JADWOQ010000540.1	Chromosome		NW_024570474.1	unplaced-scaffold	6898			ctg1234
GCF_018345385.1	Primary Assembly	Un			JADWOQ010000541.1	Chromosome		NW_024570425.1	unplaced-scaffold	7005			ctg1167
GCF_018345385.1	Primary Assembly	Un			JADWOQ010000542.1	Chromosome		NW_024570362.1	unplaced-scaffold	9028			ctg1082
GCF_018345385.1	Primary Assembly	Un			JADWOQ010000543.1	Chromosome		NW_024570582.1	unplaced-scaffold	6898			ctg1386
GCF_018345385.1	Primary Assembly	Un			JADWOQ010000544.1	Chromosome		NW_024570950.1	unplaced-scaffold	11454			ctg617
GCF_018345385.1	Primary Assembly	Un			JADWOQ010000545.1	Chromosome		NW_024570465.1	unplaced-scaffold	5648			ctg1219
GCF_018345385.1	Primary Assembly	Un			JADWOQ010000546.1	Chromosome		NW_024570655.1	unplaced-scaffold	97675			ctg201
GCF_018345385.1	Primary Assembly	Un			JADWOQ010000547.1	Chromosome		NW_024570872.1	unplaced-scaffold	20628			ctg504
GCF_018345385.1	Primary Assembly	Un			JADWOQ010000548.1	Chromosome		NW_024570975.1	unplaced-scaffold	14240			ctg646
GCF_018345385.1	Primary Assembly	Un			JADWOQ010000549.1	Chromosome		NW_024570313.1	unplaced-scaffold	9108			ctg1020
GCF_018345385.1	Primary Assembly	Un			JADWOQ010000550.1	Chromosome		NW_024571048.1	unplaced-scaffold	20378			ctg746
GCF_018345385.1	Primary Assembly	Un			JADWOQ010000551.1	Chromosome		NW_024570346.1	unplaced-scaffold	6176			ctg1062
GCF_018345385.1	Primary Assembly	Un			JADWOQ010000552.1	Chromosome		NW_024570645.1	unplaced-scaffold	236944			ctg180
GCF_018345385.1	Primary Assembly	Un			JADWOQ010000553.1	Chromosome		NW_024570375.1	unplaced-scaffold	8056			ctg1098
GCF_018345385.1	Primary Assembly	Un			JADWOQ010000554.1	Chromosome		NW_024571025.1	unplaced-scaffold	13419			ctg713
GCF_018345385.1	Primary Assembly	Un			JADWOQ010000555.1	Chromosome		NW_024570606.1	unplaced-scaffold	26947			ctg1420
GCF_018345385.1	Primary Assembly	Un			JADWOQ010000556.1	Chromosome		NW_024570591.1	unplaced-scaffold	22280			ctg1400
GCF_018345385.1	Primary Assembly	Un			JADWOQ010000557.1	Chromosome		NW_024570816.1	unplaced-scaffold	25629			ctg433
GCF_018345385.1	Primary Assembly	Un			JADWOQ010000558.1	Chromosome		NW_024570543.1	unplaced-scaffold	6891			ctg1328
GCF_018345385.1	Primary Assembly	Un			JADWOQ010000559.1	Chromosome		NW_024570709.1	unplaced-scaffold	35927			ctg286
GCF_018345385.1	Primary Assembly	Un			JADWOQ010000560.1	Chromosome		NW_024571050.1	unplaced-scaffold	28024			ctg748
GCF_018345385.1	Primary Assembly	Un			JADWOQ010000561.1	Chromosome		NW_024570607.1	unplaced-scaffold	7600			ctg1421
GCF_018345385.1	Primary Assembly	Un			JADWOQ010000562.1	Chromosome		NW_024571062.1	unplaced-scaffold	13167			ctg770
GCF_018345385.1	Primary Assembly	Un			JADWOQ010000563.1	Chromosome		NW_024570691.1	unplaced-scaffold	62683			ctg265
GCF_018345385.1	Primary Assembly	Un			JADWOQ010000564.1	Chromosome		NW_024570986.1	unplaced-scaffold	12925			ctg661
GCF_018345385.1	Primary Assembly	Un			JADWOQ010000565.1	Chromosome		NW_024570926.1	unplaced-scaffold	15706			ctg580
GCF_018345385.1	Primary Assembly	Un			JADWOQ010000566.1	Chromosome		NW_024570610.1	unplaced-scaffold	10693			ctg1424
GCF_018345385.1	Primary Assembly	Un			JADWOQ010000567.1	Chromosome		NW_024570830.1	unplaced-scaffold	22872			ctg451
GCF_018345385.1	Primary Assembly	Un			JADWOQ010000568.1	Chromosome		NW_024570734.1	unplaced-scaffold	14976			ctg323
GCF_018345385.1	Primary Assembly	Un			JADWOQ010000569.1	Chromosome		NW_024570579.1	unplaced-scaffold	6261			ctg1381
GCF_018345385.1	Primary Assembly	Un			JADWOQ010000570.1	Chromosome		NW_024570644.1	unplaced-scaffold	104920			ctg179
GCF_018345385.1	Primary Assembly	Un			JADWOQ010000571.1	Chromosome		NW_024570442.1	unplaced-scaffold	6899			ctg1191
GCF_018345385.1	Primary Assembly	Un			JADWOQ010000572.1	Chromosome		NW_024570363.1	unplaced-scaffold	8291			ctg1083
GCF_018345385.1	Primary Assembly	Un			JADWOQ010000573.1	Chromosome		NW_024570722.1	unplaced-scaffold	46922			ctg302
GCF_018345385.1	Primary Assembly	Un			JADWOQ010000574.1	Chromosome		NW_024570454.1	unplaced-scaffold	6028			ctg1206
GCF_018345385.1	Primary Assembly	Un			JADWOQ010000575.1	Chromosome		NW_024570331.1	unplaced-scaffold	9011			ctg1043
GCF_018345385.1	Primary Assembly	Un			JADWOQ010000576.1	Chromosome		NW_024571138.1	unplaced-scaffold	10593			ctg899
GCF_018345385.1	Primary Assembly	Un			JADWOQ010000577.1	Chromosome		NW_024570807.1	unplaced-scaffold	22845			ctg420
GCF_018345385.1	Primary Assembly	Un			JADWOQ010000578.1	Chromosome		NW_024570693.1	unplaced-scaffold	42090			ctg267
GCF_018345385.1	Primary Assembly	Un			JADWOQ010000579.1	Chromosome		NW_024570864.1	unplaced-scaffold	9269			ctg493
GCF_018345385.1	Primary Assembly	Un			JADWOQ010000580.1	Chromosome		NW_024570827.1	unplaced-scaffold	22035			ctg448
GCF_018345385.1	Primary Assembly	Un			JADWOQ010000581.1	Chromosome		NW_024570403.1	unplaced-scaffold	4941			ctg1138
GCF_018345385.1	Primary Assembly	Un			JADWOQ010000582.1	Chromosome		NW_024570880.1	unplaced-scaffold	19082			ctg517
GCF_018345385.1	Primary Assembly	Un			JADWOQ010000583.1	Chromosome		NW_024570539.1	unplaced-scaffold	6897			ctg1323
GCF_018345385.1	Primary Assembly	Un			JADWOQ010000584.1	Chromosome		NW_024570747.1	unplaced-scaffold	62729			ctg341
GCF_018345385.1	Primary Assembly	Un			JADWOQ010000585.1	Chromosome		NW_024570732.1	unplaced-scaffold	29868			ctg313
GCF_018345385.1	Primary Assembly	Un			JADWOQ010000586.1	Chromosome		NW_024570694.1	unplaced-scaffold	6815			ctg268
GCF_018345385.1	Primary Assembly	Un			JADWOQ010000587.1	Chromosome		NW_024570417.1	unplaced-scaffold	6916			ctg1157
GCF_018345385.1	Primary Assembly	Un			JADWOQ010000588.1	Chromosome		NW_024570593.1	unplaced-scaffold	6032			ctg1402
GCF_018345385.1	Primary Assembly	Un			JADWOQ010000589.1	Chromosome		NW_024570436.1	unplaced-scaffold	8091			ctg1185
GCF_018345385.1	Primary Assembly	Un			JADWOQ010000590.1	Chromosome		NW_024570758.1	unplaced-scaffold	24631			ctg356
GCF_018345385.1	Primary Assembly	Un			JADWOQ010000591.1	Chromosome		NW_024570962.1	unplaced-scaffold	15766			ctg631
GCF_018345385.1	Primary Assembly	Un			JADWOQ010000592.1	Chromosome		NW_024571055.1	unplaced-scaffold	14839			ctg758
GCF_018345385.1	Primary Assembly	Un			JADWOQ010000593.1	Chromosome		NW_024571197.1	unplaced-scaffold	8510			ctg989
GCF_018345385.1	Primary Assembly	Un			JADWOQ010000594.1	Chromosome		NW_024570993.1	unplaced-scaffold	5372			ctg669
GCF_018345385.1	Primary Assembly	Un			JADWOQ010000595.1	Chromosome		NW_024571002.1	unplaced-scaffold	35111			ctg680
GCF_018345385.1	Primary Assembly	Un			JADWOQ010000596.1	Chromosome		NW_024571159.1	unplaced-scaffold	9794			ctg936
GCF_018345385.1	Primary Assembly	Un			JADWOQ010000597.1	Chromosome		NW_024570334.1	unplaced-scaffold	7350			ctg1047
GCF_018345385.1	Primary Assembly	Un			JADWOQ010000598.1	Chromosome		NW_024570392.1	unplaced-scaffold	6719			ctg1126
GCF_018345385.1	Primary Assembly	Un			JADWOQ010000599.1	Chromosome		NW_024570315.1	unplaced-scaffold	7355			ctg1022
GCF_018345385.1	Primary Assembly	Un			JADWOQ010000600.1	Chromosome		NW_024570414.1	unplaced-scaffold	6599			ctg1153
GCF_018345385.1	Primary Assembly	Un			JADWOQ010000601.1	Chromosome		NW_024570719.1	unplaced-scaffold	33029			ctg298
GCF_018345385.1	Primary Assembly	Un			JADWOQ010000602.1	Chromosome		NW_024570463.1	unplaced-scaffold	3922			ctg1217
GCF_018345385.1	Primary Assembly	Un			JADWOQ010000603.1	Chromosome		NW_024571077.1	unplaced-scaffold	7495			ctg788
GCF_018345385.1	Primary Assembly	Un			JADWOQ010000604.1	Chromosome		NW_024570439.1	unplaced-scaffold	5574			ctg1188
GCF_018345385.1	Primary Assembly	Un			JADWOQ010000605.1	Chromosome		NW_024570481.1	unplaced-scaffold	6898			ctg1242
GCF_018345385.1	Primary Assembly	Un			JADWOQ010000606.1	Chromosome		NW_024570643.1	unplaced-scaffold	85735			ctg178
GCF_018345385.1	Primary Assembly	Un			JADWOQ010000607.1	Chromosome		NW_024570350.1	unplaced-scaffold	4807			ctg1066
GCF_018345385.1	Primary Assembly	Un			JADWOQ010000608.1	Chromosome		NW_024570443.1	unplaced-scaffold	6898			ctg1192
GCF_018345385.1	Primary Assembly	Un			JADWOQ010000609.1	Chromosome		NW_024570725.1	unplaced-scaffold	22886			ctg305
GCF_018345385.1	Primary Assembly	Un			JADWOQ010000610.1	Chromosome		NW_024570654.1	unplaced-scaffold	54400			ctg196
GCF_018345385.1	Primary Assembly	Un			JADWOQ010000611.1	Chromosome		NW_024571176.1	unplaced-scaffold	8762			ctg964
GCF_018345385.1	Primary Assembly	Un			JADWOQ010000612.1	Chromosome		NW_024571052.1	unplaced-scaffold	25565			ctg752
GCF_018345385.1	Primary Assembly	Un			JADWOQ010000613.1	Chromosome		NW_024570328.1	unplaced-scaffold	9194			ctg1039
GCF_018345385.1	Primary Assembly	Un			JADWOQ010000614.1	Chromosome		NW_024570336.1	unplaced-scaffold	4511			ctg1049_1
GCF_018345385.1	Primary Assembly	Un			JADWOQ010000615.1	Chromosome		NW_024570337.1	unplaced-scaffold	3027			ctg1049_2
GCF_018345385.1	Primary Assembly	Un			JADWOQ010000616.1	Chromosome		NW_024570991.1	unplaced-scaffold	11402			ctg666
GCF_018345385.1	Primary Assembly	Un			JADWOQ010000617.1	Chromosome		NW_024571030.1	unplaced-scaffold	19636			ctg720
GCF_018345385.1	Primary Assembly	Un			JADWOQ010000618.1	Chromosome		NW_024571170.1	unplaced-scaffold	10170			ctg956
GCF_018345385.1	Primary Assembly	Un			JADWOQ010000619.1	Chromosome		NW_024570713.1	unplaced-scaffold	24847			ctg290
GCF_018345385.1	Primary Assembly	Un			JADWOQ010000620.1	Chromosome		NW_024571006.1	unplaced-scaffold	14002			ctg686
GCF_018345385.1	Primary Assembly	Un			JADWOQ010000621.1	Chromosome		NW_024570699.1	unplaced-scaffold	36980			ctg273
GCF_018345385.1	Primary Assembly	Un			JADWOQ010000622.1	Chromosome		NW_024570889.1	unplaced-scaffold	18119			ctg529
GCF_018345385.1	Primary Assembly	Un			JADWOQ010000623.1	Chromosome		NW_024570799.1	unplaced-scaffold	12423			ctg411
GCF_018345385.1	Primary Assembly	Un			JADWOQ010000624.1	Chromosome		NW_024570838.1	unplaced-scaffold	250000			ctg45_2
GCF_018345385.1	Primary Assembly	Un			JADWOQ010000625.1	Chromosome		NW_024570841.1	unplaced-scaffold	17745			ctg461
GCF_018345385.1	Primary Assembly	Un			JADWOQ010000626.1	Chromosome		NW_024570868.1	unplaced-scaffold	20157			ctg498
GCF_018345385.1	Primary Assembly	Un			JADWOQ010000627.1	Chromosome		NW_024570972.1	unplaced-scaffold	16086			ctg642
GCF_018345385.1	Primary Assembly	Un			JADWOQ010000628.1	Chromosome		NW_024571155.1	unplaced-scaffold	9945			ctg931
GCF_018345385.1	Primary Assembly	Un			JADWOQ010000629.1	Chromosome		NW_024570409.1	unplaced-scaffold	6970			ctg1147
GCF_018345385.1	Primary Assembly	Un			JADWOQ010000630.1	Chromosome		NW_024571063.1	unplaced-scaffold	12624			ctg772
GCF_018345385.1	Primary Assembly	Un			JADWOQ010000631.1	Chromosome		NW_024570321.1	unplaced-scaffold	8532			ctg1030
GCF_018345385.1	Primary Assembly	Un			JADWOQ010000632.1	Chromosome		NW_024570411.1	unplaced-scaffold	5260			ctg1150
GCF_018345385.1	Primary Assembly	Un			JADWOQ010000633.1	Chromosome		NW_024570965.1	unplaced-scaffold	15833			ctg634
GCF_018345385.1	Primary Assembly	Un			JADWOQ010000634.1	Chromosome		NW_024571080.1	unplaced-scaffold	12263			ctg792
GCF_018345385.1	Primary Assembly	Un			JADWOQ010000635.1	Chromosome		NW_024570432.1	unplaced-scaffold	6898			ctg1181
GCF_018345385.1	Primary Assembly	Un			JADWOQ010000636.1	Chromosome		NW_024571171.1	unplaced-scaffold	9765			ctg957
GCF_018345385.1	Primary Assembly	Un			JADWOQ010000637.1	Chromosome		NW_024570873.1	unplaced-scaffold	19634			ctg505
GCF_018345385.1	Primary Assembly	Un			JADWOQ010000638.1	Chromosome		NW_024570493.1	unplaced-scaffold	9113			ctg1262
GCF_018345385.1	Primary Assembly	Un			JADWOQ010000639.1	Chromosome		NW_024571092.1	unplaced-scaffold	9454			ctg817
GCF_018345385.1	Primary Assembly	Un			JADWOQ010000640.1	Chromosome		NW_024570396.1	unplaced-scaffold	5975			ctg1130
GCF_018345385.1	Primary Assembly	Un			JADWOQ010000641.1	Chromosome		NW_024570840.1	unplaced-scaffold	10015			ctg460
GCF_018345385.1	Primary Assembly	Un			JADWOQ010000642.1	Chromosome		NW_024570617.1	unplaced-scaffold	6814			ctg1432
GCF_018345385.1	Primary Assembly	Un			JADWOQ010000643.1	Chromosome		NW_024570519.1	unplaced-scaffold	6819			ctg1301
GCF_018345385.1	Primary Assembly	Un			JADWOQ010000644.1	Chromosome		NW_024570735.1	unplaced-scaffold	18832			ctg324
GCF_018345385.1	Primary Assembly	Un			JADWOQ010000645.1	Chromosome		NW_024570602.1	unplaced-scaffold	12412			ctg1416
GCF_018345385.1	Primary Assembly	Un			JADWOQ010000646.1	Chromosome		NW_024570711.1	unplaced-scaffold	34753			ctg288
GCF_018345385.1	Primary Assembly	Un			JADWOQ010000647.1	Chromosome		NW_024571011.1	unplaced-scaffold	10213			ctg693
GCF_018345385.1	Primary Assembly	Un			JADWOQ010000648.1	Chromosome		NW_024571196.1	unplaced-scaffold	9865			ctg988
GCF_018345385.1	Primary Assembly	Un			JADWOQ010000649.1	Chromosome		NW_024570681.1	unplaced-scaffold	40777			ctg251
GCF_018345385.1	Primary Assembly	Un			JADWOQ010000650.1	Chromosome		NW_024570716.1	unplaced-scaffold	29956			ctg293
GCF_018345385.1	Primary Assembly	Un			JADWOQ010000651.1	Chromosome		NW_024571089.1	unplaced-scaffold	21348			ctg811
GCF_018345385.1	Primary Assembly	Un			JADWOQ010000652.1	Chromosome		NW_024570367.1	unplaced-scaffold	13385			ctg1089
GCF_018345385.1	Primary Assembly	Un			JADWOQ010000653.1	Chromosome		NW_024570798.1	unplaced-scaffold	6141			ctg409
GCF_018345385.1	Primary Assembly	Un			JADWOQ010000654.1	Chromosome		NW_024571172.1	unplaced-scaffold	10798			ctg959
GCF_018345385.1	Primary Assembly	Un			JADWOQ010000655.1	Chromosome		NW_024570325.1	unplaced-scaffold	6556			ctg1036
GCF_018345385.1	Primary Assembly	Un			JADWOQ010000656.1	Chromosome		NW_024570534.1	unplaced-scaffold	6924			ctg1318
GCF_018345385.1	Primary Assembly	Un			JADWOQ010000657.1	Chromosome		NW_024570989.1	unplaced-scaffold	14947			ctg664
GCF_018345385.1	Primary Assembly	Un			JADWOQ010000658.1	Chromosome		NW_024570777.1	unplaced-scaffold	24914			ctg384
GCF_018345385.1	Primary Assembly	Un			JADWOQ010000659.1	Chromosome		NW_024570352.1	unplaced-scaffold	29045			ctg1069
GCF_018345385.1	Primary Assembly	Un			JADWOQ010000660.1	Chromosome		NW_024570767.1	unplaced-scaffold	44974			ctg370
GCF_018345385.1	Primary Assembly	Un			JADWOQ010000661.1	Chromosome		NW_024570932.1	unplaced-scaffold	15220			ctg588
GCF_018345385.1	Primary Assembly	Un			JADWOQ010000662.1	Chromosome		NW_024570842.1	unplaced-scaffold	19466			ctg463
GCF_018345385.1	Primary Assembly	Un			JADWOQ010000663.1	Chromosome		NW_024571103.1	unplaced-scaffold	27482			ctg837
GCF_018345385.1	Primary Assembly	Un			JADWOQ010000664.1	Chromosome		NW_024571034.1	unplaced-scaffold	13450			ctg725
GCF_018345385.1	Primary Assembly	Un			JADWOQ010000665.1	Chromosome		NW_024570744.1	unplaced-scaffold	20184			ctg338
GCF_018345385.1	Primary Assembly	Un			JADWOQ010000666.1	Chromosome		NW_024570460.1	unplaced-scaffold	4582			ctg1213
GCF_018345385.1	Primary Assembly	Un			JADWOQ010000667.1	Chromosome		NW_024571014.1	unplaced-scaffold	4753			ctg698
GCF_018345385.1	Primary Assembly	Un			JADWOQ010000668.1	Chromosome		NW_024570314.1	unplaced-scaffold	9209			ctg1021
GCF_018345385.1	Primary Assembly	Un			JADWOQ010000669.1	Chromosome		NW_024570701.1	unplaced-scaffold	73121			ctg276
GCF_018345385.1	Primary Assembly	Un			JADWOQ010000670.1	Chromosome		NW_024570849.1	unplaced-scaffold	18303			ctg473
GCF_018345385.1	Primary Assembly	Un			JADWOQ010000671.1	Chromosome		NW_024571013.1	unplaced-scaffold	22987			ctg695
GCF_018345385.1	Primary Assembly	Un			JADWOQ010000672.1	Chromosome		NW_024570532.1	unplaced-scaffold	4468			ctg1316
GCF_018345385.1	Primary Assembly	Un			JADWOQ010000673.1	Chromosome		NW_024571033.1	unplaced-scaffold	26706			ctg724
GCF_018345385.1	Primary Assembly	Un			JADWOQ010000674.1	Chromosome		NW_024570558.1	unplaced-scaffold	6746			ctg1349
GCF_018345385.1	Primary Assembly	Un			JADWOQ010000675.1	Chromosome		NW_024570485.1	unplaced-scaffold	3753			ctg1249
GCF_018345385.1	Primary Assembly	Un			JADWOQ010000676.1	Chromosome		NW_024570836.1	unplaced-scaffold	19074			ctg458
GCF_018345385.1	Primary Assembly	Un			JADWOQ010000677.1	Chromosome		NW_024570629.1	unplaced-scaffold	122992			ctg145
GCF_018345385.1	Primary Assembly	Un			JADWOQ010000678.1	Chromosome		NW_024570435.1	unplaced-scaffold	9667			ctg1184
GCF_018345385.1	Primary Assembly	Un			JADWOQ010000679.1	Chromosome		NW_024570886.1	unplaced-scaffold	19802			ctg526
GCF_018345385.1	Primary Assembly	Un			JADWOQ010000680.1	Chromosome		NW_024570595.1	unplaced-scaffold	18540			ctg1404
GCF_018345385.1	Primary Assembly	Un			JADWOQ010000681.1	Chromosome		NW_024570801.1	unplaced-scaffold	23060			ctg413
GCF_018345385.1	Primary Assembly	Un			JADWOQ010000682.1	Chromosome		NW_024570897.1	unplaced-scaffold	9912			ctg542
GCF_018345385.1	Primary Assembly	Un			JADWOQ010000683.1	Chromosome		NW_024570459.1	unplaced-scaffold	6786			ctg1212
GCF_018345385.1	Primary Assembly	Un			JADWOQ010000684.1	Chromosome		NW_024570987.1	unplaced-scaffold	13381			ctg662
GCF_018345385.1	Primary Assembly	Un			JADWOQ010000685.1	Chromosome		NW_024570853.1	unplaced-scaffold	20935			ctg478
GCF_018345385.1	Primary Assembly	Un			JADWOQ010000686.1	Chromosome		NW_024570496.1	unplaced-scaffold	6898			ctg1268
GCF_018345385.1	Primary Assembly	Un			JADWOQ010000687.1	Chromosome		NW_024570710.1	unplaced-scaffold	79762			ctg287
GCF_018345385.1	Primary Assembly	Un			JADWOQ010000688.1	Chromosome		NW_024570638.1	unplaced-scaffold	110128			ctg169
GCF_018345385.1	Primary Assembly	Un			JADWOQ010000689.1	Chromosome		NW_024571158.1	unplaced-scaffold	11166			ctg935
GCF_018345385.1	Primary Assembly	Un			JADWOQ010000690.1	Chromosome		NW_024570517.1	unplaced-scaffold	6142			ctg1299
GCF_018345385.1	Primary Assembly	Un			JADWOQ010000691.1	Chromosome		NW_024570983.1	unplaced-scaffold	5053			ctg657
GCF_018345385.1	Primary Assembly	Un			JADWOQ010000692.1	Chromosome		NW_024571060.1	unplaced-scaffold	10309			ctg768
GCF_018345385.1	Primary Assembly	Un			JADWOQ010000693.1	Chromosome		NW_024570307.1	unplaced-scaffold	4245			ctg1012
GCF_018345385.1	Primary Assembly	Un			JADWOQ010000694.1	Chromosome		NW_024570462.1	unplaced-scaffold	5618			ctg1216
GCF_018345385.1	Primary Assembly	Un			JADWOQ010000695.1	Chromosome		NW_024571144.1	unplaced-scaffold	9818			ctg915
GCF_018345385.1	Primary Assembly	Un			JADWOQ010000696.1	Chromosome		NW_024570782.1	unplaced-scaffold	9106			ctg391
GCF_018345385.1	Primary Assembly	Un			JADWOQ010000697.1	Chromosome		NW_024570502.1	unplaced-scaffold	6902			ctg1277
GCF_018345385.1	Primary Assembly	Un			JADWOQ010000698.1	Chromosome		NW_024570997.1	unplaced-scaffold	18871			ctg674
GCF_018345385.1	Primary Assembly	Un			JADWOQ010000699.1	Chromosome		NW_024570898.1	unplaced-scaffold	18322			ctg543
GCF_018345385.1	Primary Assembly	Un			JADWOQ010000700.1	Chromosome		NW_024571029.1	unplaced-scaffold	4494			ctg718
GCF_018345385.1	Primary Assembly	Un			JADWOQ010000701.1	Chromosome		NW_024570847.1	unplaced-scaffold	15769			ctg469
GCF_018345385.1	Primary Assembly	Un			JADWOQ010000702.1	Chromosome		NW_024570511.1	unplaced-scaffold	4985			ctg1290
GCF_018345385.1	Primary Assembly	Un			JADWOQ010000703.1	Chromosome		NW_024570822.1	unplaced-scaffold	22670			ctg441
GCF_018345385.1	Primary Assembly	Un			JADWOQ010000704.1	Chromosome		NW_024571051.1	unplaced-scaffold	20490			ctg750
GCF_018345385.1	Primary Assembly	Un			JADWOQ010000705.1	Chromosome		NW_024570764.1	unplaced-scaffold	18794			ctg366
GCF_018345385.1	Primary Assembly	Un			JADWOQ010000706.1	Chromosome		NW_024570968.1	unplaced-scaffold	15212			ctg637
GCF_018345385.1	Primary Assembly	Un			JADWOQ010000707.1	Chromosome		NW_024570871.1	unplaced-scaffold	20067			ctg502
GCF_018345385.1	Primary Assembly	Un			JADWOQ010000708.1	Chromosome		NW_024571124.1	unplaced-scaffold	11253			ctg871
GCF_018345385.1	Primary Assembly	Un			JADWOQ010000709.1	Chromosome		NW_024570884.1	unplaced-scaffold	9888			ctg523
GCF_018345385.1	Primary Assembly	Un			JADWOQ010000710.1	Chromosome		NW_024570921.1	unplaced-scaffold	15383			ctg573
GCF_018345385.1	Primary Assembly	Un			JADWOQ010000711.1	Chromosome		NW_024571173.1	unplaced-scaffold	7349			ctg960
GCF_018345385.1	Primary Assembly	Un			JADWOQ010000712.1	Chromosome		NW_024570912.1	unplaced-scaffold	17796			ctg562
GCF_018345385.1	Primary Assembly	Un			JADWOQ010000713.1	Chromosome		NW_024570620.1	unplaced-scaffold	5269			ctg1436
GCF_018345385.1	Primary Assembly	Un			JADWOQ010000714.1	Chromosome		NW_024570630.1	unplaced-scaffold	149443			ctg147
GCF_018345385.1	Primary Assembly	Un			JADWOQ010000715.1	Chromosome		NW_024571016.1	unplaced-scaffold	14625			ctg700
GCF_018345385.1	Primary Assembly	Un			JADWOQ010000716.1	Chromosome		NW_024570559.1	unplaced-scaffold	5065			ctg1353
GCF_018345385.1	Primary Assembly	Un			JADWOQ010000717.1	Chromosome		NW_024570793.1	unplaced-scaffold	24263			ctg403
GCF_018345385.1	Primary Assembly	Un			JADWOQ010000718.1	Chromosome		NW_024570718.1	unplaced-scaffold	34368			ctg297
GCF_018345385.1	Primary Assembly	Un			JADWOQ010000719.1	Chromosome		NW_024570587.1	unplaced-scaffold	6265			ctg1393
GCF_018345385.1	Primary Assembly	Un			JADWOQ010000720.1	Chromosome		NW_024570955.1	unplaced-scaffold	25704			ctg624
GCF_018345385.1	Primary Assembly	Un			JADWOQ010000721.1	Chromosome		NW_024570625.1	unplaced-scaffold	10423			ctg1442
GCF_018345385.1	Primary Assembly	Un			JADWOQ010000722.1	Chromosome		NW_024570915.1	unplaced-scaffold	17778			ctg565
GCF_018345385.1	Primary Assembly	Un			JADWOQ010000723.1	Chromosome		NW_024570512.1	unplaced-scaffold	6933			ctg1291
GCF_018345385.1	Primary Assembly	Un			JADWOQ010000724.1	Chromosome		NW_024570979.1	unplaced-scaffold	40461			ctg652
GCF_018345385.1	Primary Assembly	Un			JADWOQ010000725.1	Chromosome		NW_024571140.1	unplaced-scaffold	10481			ctg908
GCF_018345385.1	Primary Assembly	Un			JADWOQ010000726.1	Chromosome		NW_024571108.1	unplaced-scaffold	11474			ctg846
GCF_018345385.1	Primary Assembly	Un			JADWOQ010000727.1	Chromosome		NW_024570469.1	unplaced-scaffold	6882			ctg1228
GCF_018345385.1	Primary Assembly	Un			JADWOQ010000728.1	Chromosome		NW_024570300.1	unplaced-scaffold	6850			ctg1000
GCF_018345385.1	Primary Assembly	Un			JADWOQ010000729.1	Chromosome		NW_024570685.1	unplaced-scaffold	43925			ctg255
GCF_018345385.1	Primary Assembly	Un			JADWOQ010000730.1	Chromosome		NW_024570931.1	unplaced-scaffold	12530			ctg587
GCF_018345385.1	Primary Assembly	Un			JADWOQ010000731.1	Chromosome		NW_024570689.1	unplaced-scaffold	46336			ctg261
GCF_018345385.1	Primary Assembly	Un			JADWOQ010000732.1	Chromosome		NW_024570450.1	unplaced-scaffold	35083			ctg1200
GCF_018345385.1	Primary Assembly	Un			JADWOQ010000733.1	Chromosome		NW_024571009.1	unplaced-scaffold	11852			ctg690
GCF_018345385.1	Primary Assembly	Un			JADWOQ010000734.1	Chromosome		NW_024570857.1	unplaced-scaffold	21188			ctg483
GCF_018345385.1	Primary Assembly	Un			JADWOQ010000735.1	Chromosome		NW_024570491.1	unplaced-scaffold	22331			ctg1260
GCF_018345385.1	Primary Assembly	Un			JADWOQ010000736.1	Chromosome		NW_024570388.1	unplaced-scaffold	6898			ctg1118
GCF_018345385.1	Primary Assembly	Un			JADWOQ010000737.1	Chromosome		NW_024571120.1	unplaced-scaffold	11808			ctg867
GCF_018345385.1	Primary Assembly	Un			JADWOQ010000738.1	Chromosome		NW_024571057.1	unplaced-scaffold	11724			ctg760
GCF_018345385.1	Primary Assembly	Un			JADWOQ010000739.1	Chromosome		NW_024570751.1	unplaced-scaffold	27073			ctg346
GCF_018345385.1	Primary Assembly	Un			JADWOQ010000740.1	Chromosome		NW_024570920.1	unplaced-scaffold	4263			ctg572
GCF_018345385.1	Primary Assembly	Un			JADWOQ010000741.1	Chromosome		NW_024570357.1	unplaced-scaffold	9066			ctg1075
GCF_018345385.1	Primary Assembly	Un			JADWOQ010000742.1	Chromosome		NW_024570927.1	unplaced-scaffold	13941			ctg581
GCF_018345385.1	Primary Assembly	Un			JADWOQ010000743.1	Chromosome		NW_024571195.1	unplaced-scaffold	3268			ctg987
GCF_018345385.1	Primary Assembly	Un			JADWOQ010000744.1	Chromosome		NW_024571032.1	unplaced-scaffold	53022			ctg723
GCF_018345385.1	Primary Assembly	Un			JADWOQ010000745.1	Chromosome		NW_024571125.1	unplaced-scaffold	12795			ctg873
GCF_018345385.1	Primary Assembly	Un			JADWOQ010000746.1	Chromosome		NW_024570609.1	unplaced-scaffold	13276			ctg1423
GCF_018345385.1	Primary Assembly	Un			JADWOQ010000747.1	Chromosome		NW_024571200.1	unplaced-scaffold	8219			ctg996
GCF_018345385.1	Primary Assembly	Un			JADWOQ010000748.1	Chromosome		NW_024570518.1	unplaced-scaffold	6406			ctg1300
GCF_018345385.1	Primary Assembly	Un			JADWOQ010000749.1	Chromosome		NW_024570899.1	unplaced-scaffold	19926			ctg545
GCF_018345385.1	Primary Assembly	Un			JADWOQ010000750.1	Chromosome		NW_024570973.1	unplaced-scaffold	15704			ctg644
GCF_018345385.1	Primary Assembly	Un			JADWOQ010000751.1	Chromosome		NW_024571184.1	unplaced-scaffold	9497			ctg974
GCF_018345385.1	Primary Assembly	Un			JADWOQ010000752.1	Chromosome		NW_024570961.1	unplaced-scaffold	15857			ctg630
GCF_018345385.1	Primary Assembly	Un			JADWOQ010000753.1	Chromosome		NW_024570759.1	unplaced-scaffold	45501			ctg357
GCF_018345385.1	Primary Assembly	Un			JADWOQ010000754.1	Chromosome		NW_024571087.1	unplaced-scaffold	11987			ctg808
GCF_018345385.1	Primary Assembly	Un			JADWOQ010000755.1	Chromosome		NW_024570748.1	unplaced-scaffold	58340			ctg342
GCF_018345385.1	Primary Assembly	Un			JADWOQ010000756.1	Chromosome		NW_024570377.1	unplaced-scaffold	7922			ctg1102
GCF_018345385.1	Primary Assembly	Un			JADWOQ010000757.1	Chromosome		NW_024570410.1	unplaced-scaffold	6715			ctg1148
GCF_018345385.1	Primary Assembly	Un			JADWOQ010000758.1	Chromosome		NW_024570507.1	unplaced-scaffold	6900			ctg1283
GCF_018345385.1	Primary Assembly	Un			JADWOQ010000759.1	Chromosome		NW_024571068.1	unplaced-scaffold	11657			ctg779
GCF_018345385.1	Primary Assembly	Un			JADWOQ010000760.1	Chromosome		NW_024571007.1	unplaced-scaffold	14526			ctg688
GCF_018345385.1	Primary Assembly	Un			JADWOQ010000761.1	Chromosome		NW_024571093.1	unplaced-scaffold	11550			ctg818
GCF_018345385.1	Primary Assembly	Un			JADWOQ010000762.1	Chromosome		NW_024571079.1	unplaced-scaffold	5948			ctg790
GCF_018345385.1	Primary Assembly	Un			JADWOQ010000763.1	Chromosome		NW_024570952.1	unplaced-scaffold	4150			ctg621
GCF_018345385.1	Primary Assembly	Un			JADWOQ010000764.1	Chromosome		NW_024570525.1	unplaced-scaffold	5211			ctg1309
GCF_018345385.1	Primary Assembly	Un			JADWOQ010000765.1	Chromosome		NW_024571198.1	unplaced-scaffold	19834			ctg991
GCF_018345385.1	Primary Assembly	Un			JADWOQ010000766.1	Chromosome		NW_024571121.1	unplaced-scaffold	10940			ctg868
GCF_018345385.1	Primary Assembly	Un			JADWOQ010000767.1	Chromosome		NW_024570890.1	unplaced-scaffold	18517			ctg530
GCF_018345385.1	Primary Assembly	Un			JADWOQ010000768.1	Chromosome		NW_024570603.1	unplaced-scaffold	8877			ctg1417
GCF_018345385.1	Primary Assembly	Un			JADWOQ010000769.1	Chromosome		NW_024570505.1	unplaced-scaffold	8108			ctg1280
GCF_018345385.1	Primary Assembly	Un			JADWOQ010000770.1	Chromosome		NW_024571000.1	unplaced-scaffold	17626			ctg677
GCF_018345385.1	Primary Assembly	Un			JADWOQ010000771.1	Chromosome		NW_024571076.1	unplaced-scaffold	16207			ctg787
GCF_018345385.1	Primary Assembly	Un			JADWOQ010000772.1	Chromosome		NW_024571187.1	unplaced-scaffold	20171			ctg977_1
GCF_018345385.1	Primary Assembly	Un			JADWOQ010000773.1	Chromosome		NW_024571188.1	unplaced-scaffold	12622			ctg977_2
GCF_018345385.1	Primary Assembly	Un			JADWOQ010000774.1	Chromosome		NW_024571026.1	unplaced-scaffold	30593			ctg714
GCF_018345385.1	Primary Assembly	Un			JADWOQ010000775.1	Chromosome		NW_024571101.1	unplaced-scaffold	11505			ctg831
GCF_018345385.1	Primary Assembly	Un			JADWOQ010000776.1	Chromosome		NW_024570476.1	unplaced-scaffold	6888			ctg1236
GCF_018345385.1	Primary Assembly	Un			JADWOQ010000777.1	Chromosome		NW_024571100.1	unplaced-scaffold	10847			ctg830
GCF_018345385.1	Primary Assembly	Un			JADWOQ010000778.1	Chromosome		NW_024570581.1	unplaced-scaffold	6879			ctg1385
GCF_018345385.1	Primary Assembly	Un			JADWOQ010000779.1	Chromosome		NW_024570960.1	unplaced-scaffold	15979			ctg629
GCF_018345385.1	Primary Assembly	Un			JADWOQ010000780.1	Chromosome		NW_024571107.1	unplaced-scaffold	11264			ctg845
GCF_018345385.1	Primary Assembly	Un			JADWOQ010000781.1	Chromosome		NW_024571189.1	unplaced-scaffold	8313			ctg978
GCF_018345385.1	Primary Assembly	Un			JADWOQ010000782.1	Chromosome		NW_024570867.1	unplaced-scaffold	17396			ctg496
GCF_018345385.1	Primary Assembly	Un			JADWOQ010000783.1	Chromosome		NW_024570924.1	unplaced-scaffold	15351			ctg578
GCF_018345385.1	Primary Assembly	Un			JADWOQ010000784.1	Chromosome		NW_024570373.1	unplaced-scaffold	9055			ctg1096
GCF_018345385.1	Primary Assembly	Un			JADWOQ010000785.1	Chromosome		NW_024570347.1	unplaced-scaffold	9598			ctg1063
GCF_018345385.1	Primary Assembly	Un			JADWOQ010000786.1	Chromosome		NW_024570863.1	unplaced-scaffold	48613			ctg492
GCF_018345385.1	Primary Assembly	Un			JADWOQ010000787.1	Chromosome		NW_024570668.1	unplaced-scaffold	40962			ctg228
GCF_018345385.1	Primary Assembly	Un			JADWOQ010000788.1	Chromosome		NW_024570303.1	unplaced-scaffold	37418			ctg1005
GCF_018345385.1	Primary Assembly	Un			JADWOQ010000789.1	Chromosome		NW_024570358.1	unplaced-scaffold	8900			ctg1076
GCF_018345385.1	Primary Assembly	Un			JADWOQ010000790.1	Chromosome		NW_024570780.1	unplaced-scaffold	15696			ctg387
GCF_018345385.1	Primary Assembly	Un			JADWOQ010000791.1	Chromosome		NW_024570513.1	unplaced-scaffold	14723			ctg1293
GCF_018345385.1	Primary Assembly	Un			JADWOQ010000792.1	Chromosome		NW_024570985.1	unplaced-scaffold	15636			ctg660
GCF_018345385.1	Primary Assembly	Un			JADWOQ010000793.1	Chromosome		NW_024570757.1	unplaced-scaffold	7835			ctg353
GCF_018345385.1	Primary Assembly	Un			JADWOQ010000794.1	Chromosome		NW_024570967.1	unplaced-scaffold	15679			ctg636
GCF_018345385.1	Primary Assembly	Un			JADWOQ010000795.1	Chromosome		NW_024570763.1	unplaced-scaffold	27387			ctg365
GCF_018345385.1	Primary Assembly	Un			JADWOQ010000796.1	Chromosome		NW_024570686.1	unplaced-scaffold	83471			ctg256
GCF_018345385.1	Primary Assembly	Un			JADWOQ010000797.1	Chromosome		NW_024571153.1	unplaced-scaffold	9815			ctg929
GCF_018345385.1	Primary Assembly	Un			JADWOQ010000798.1	Chromosome		NW_024570792.1	unplaced-scaffold	21634			ctg401
GCF_018345385.1	Primary Assembly	Un			JADWOQ010000799.1	Chromosome		NW_024571156.1	unplaced-scaffold	9845			ctg933
GCF_018345385.1	Primary Assembly	Un			JADWOQ010000800.1	Chromosome		NW_024570978.1	unplaced-scaffold	15549			ctg650
GCF_018345385.1	Primary Assembly	Un			JADWOQ010000801.1	Chromosome		NW_024570914.1	unplaced-scaffold	7124			ctg564
GCF_018345385.1	Primary Assembly	Un			JADWOQ010000802.1	Chromosome		NW_024570762.1	unplaced-scaffold	19643			ctg364
GCF_018345385.1	Primary Assembly	Un			JADWOQ010000803.1	Chromosome		NW_024570988.1	unplaced-scaffold	15252			ctg663
GCF_018345385.1	Primary Assembly	Un			JADWOQ010000804.1	Chromosome		NW_024570594.1	unplaced-scaffold	6894			ctg1403
GCF_018345385.1	Primary Assembly	Un			JADWOQ010000805.1	Chromosome		NW_024570575.1	unplaced-scaffold	20915			ctg1378
GCF_018345385.1	Primary Assembly	Un			JADWOQ010000806.1	Chromosome		NW_024571047.1	unplaced-scaffold	15789			ctg744
GCF_018345385.1	Primary Assembly	Un			JADWOQ010000807.1	Chromosome		NW_024570876.1	unplaced-scaffold	18852			ctg509
GCF_018345385.1	Primary Assembly	Un			JADWOQ010000808.1	Chromosome		NW_024570787.1	unplaced-scaffold	33513			ctg396
GCF_018345385.1	Primary Assembly	Un			JADWOQ010000809.1	Chromosome		NW_024570984.1	unplaced-scaffold	15789			ctg659
GCF_018345385.1	Primary Assembly	Un			JADWOQ010000810.1	Chromosome		NW_024570642.1	unplaced-scaffold	231469			ctg175
GCF_018345385.1	Primary Assembly	Un			JADWOQ010000811.1	Chromosome		NW_024570395.1	unplaced-scaffold	4270			ctg1129
GCF_018345385.1	Primary Assembly	Un			JADWOQ010000812.1	Chromosome		NW_024570687.1	unplaced-scaffold	42886			ctg257
GCF_018345385.1	Primary Assembly	Un			JADWOQ010000813.1	Chromosome		NW_024570723.1	unplaced-scaffold	25393			ctg303
GCF_018345385.1	Primary Assembly	Un			JADWOQ010000814.1	Chromosome		NW_024571090.1	unplaced-scaffold	11028			ctg813
GCF_018345385.1	Primary Assembly	Un			JADWOQ010000815.1	Chromosome		NW_024570945.1	unplaced-scaffold	8730			ctg609
GCF_018345385.1	Primary Assembly	Un			JADWOQ010000816.1	Chromosome		NW_024570811.1	unplaced-scaffold	25453			ctg424
GCF_018345385.1	Primary Assembly	Un			JADWOQ010000817.1	Chromosome		NW_024570877.1	unplaced-scaffold	39895			ctg511
GCF_018345385.1	Primary Assembly	Un			JADWOQ010000818.1	Chromosome		NW_024570881.1	unplaced-scaffold	5518			ctg518
GCF_018345385.1	Primary Assembly	Un			JADWOQ010000819.1	Chromosome		NW_024570805.1	unplaced-scaffold	19001			ctg418
GCF_018345385.1	Primary Assembly	Un			JADWOQ010000820.1	Chromosome		NW_024570648.1	unplaced-scaffold	120186			ctg186
GCF_018345385.1	Primary Assembly	Un			JADWOQ010000821.1	Chromosome		NW_024570954.1	unplaced-scaffold	15273			ctg623
GCF_018345385.1	Primary Assembly	Un			JADWOQ010000822.1	Chromosome		NW_024570374.1	unplaced-scaffold	8497			ctg1097
GCF_018345385.1	Primary Assembly	Un			JADWOQ010000823.1	Chromosome		NW_024570870.1	unplaced-scaffold	8497			ctg500
GCF_018345385.1	Primary Assembly	Un			JADWOQ010000824.1	Chromosome		NW_024570621.1	unplaced-scaffold	24117			ctg1437
GCF_018345385.1	Primary Assembly	Un			JADWOQ010000825.1	Chromosome		NW_024570366.1	unplaced-scaffold	8972			ctg1088
GCF_018345385.1	Primary Assembly	Un			JADWOQ010000826.1	Chromosome		NW_024570878.1	unplaced-scaffold	16474			ctg512
GCF_018345385.1	Primary Assembly	Un			JADWOQ010000827.1	Chromosome		NW_024570404.1	unplaced-scaffold	6230			ctg1139
GCF_018345385.1	Primary Assembly	Un			JADWOQ010000828.1	Chromosome		NW_024570552.1	unplaced-scaffold	3660			ctg1341
GCF_018345385.1	Primary Assembly	Un			JADWOQ010000829.1	Chromosome		NW_024570761.1	unplaced-scaffold	33037			ctg360
GCF_018345385.1	Primary Assembly	Un			JADWOQ010000830.1	Chromosome		NW_024570951.1	unplaced-scaffold	12351			ctg619
GCF_018345385.1	Primary Assembly	Un			JADWOQ010000831.1	Chromosome		NW_024570977.1	unplaced-scaffold	67509			ctg649
GCF_018345385.1	Primary Assembly	Un			JADWOQ010000832.1	Chromosome		NW_024571142.1	unplaced-scaffold	9920			ctg911
GCF_018345385.1	Primary Assembly	Un			JADWOQ010000833.1	Chromosome		NW_024570925.1	unplaced-scaffold	17064			ctg579
GCF_018345385.1	Primary Assembly	Un			JADWOQ010000834.1	Chromosome		NW_024570566.1	unplaced-scaffold	4268			ctg1363
GCF_018345385.1	Primary Assembly	Un			JADWOQ010000835.1	Chromosome		NW_024570341.1	unplaced-scaffold	19592			ctg1056
GCF_018345385.1	Primary Assembly	Un			JADWOQ010000836.1	Chromosome		NW_024570922.1	unplaced-scaffold	13569			ctg576
GCF_018345385.1	Primary Assembly	Un			JADWOQ010000837.1	Chromosome		NW_024570996.1	unplaced-scaffold	3403			ctg673
GCF_018345385.1	Primary Assembly	Un			JADWOQ010000838.1	Chromosome		NW_024570958.1	unplaced-scaffold	15531			ctg627
GCF_018345385.1	Primary Assembly	Un			JADWOQ010000839.1	Chromosome		NW_024570572.1	unplaced-scaffold	6844			ctg1375
GCF_018345385.1	Primary Assembly	Un			JADWOQ010000840.1	Chromosome		NW_024570791.1	unplaced-scaffold	24197			ctg400
GCF_018345385.1	Primary Assembly	Un			JADWOQ010000841.1	Chromosome		NW_024571131.1	unplaced-scaffold	5366			ctg889
GCF_018345385.1	Primary Assembly	Un			JADWOQ010000842.1	Chromosome		NW_024570731.1	unplaced-scaffold	30410			ctg311
GCF_018345385.1	Primary Assembly	Un			JADWOQ010000843.1	Chromosome		NW_024570907.1	unplaced-scaffold	15173			ctg555
GCF_018345385.1	Primary Assembly	Un			JADWOQ010000844.1	Chromosome		NW_024570741.1	unplaced-scaffold	14943			ctg334
GCF_018345385.1	Primary Assembly	Un			JADWOQ010000845.1	Chromosome		NW_024570750.1	unplaced-scaffold	26218			ctg345
GCF_018345385.1	Primary Assembly	Un			JADWOQ010000846.1	Chromosome		NW_024570424.1	unplaced-scaffold	6898			ctg1165
GCF_018345385.1	Primary Assembly	Un			JADWOQ010000847.1	Chromosome		NW_024570308.1	unplaced-scaffold	14283			ctg1013
GCF_018345385.1	Primary Assembly	Un			JADWOQ010000848.1	Chromosome		NW_024570893.1	unplaced-scaffold	12644			ctg535
GCF_018345385.1	Primary Assembly	Un			JADWOQ010000849.1	Chromosome		NW_024570573.1	unplaced-scaffold	6758			ctg1376
GCF_018345385.1	Primary Assembly	Un			JADWOQ010000850.1	Chromosome		NW_024571193.1	unplaced-scaffold	5775			ctg984
GCF_018345385.1	Primary Assembly	Un			JADWOQ010000851.1	Chromosome		NW_024570935.1	unplaced-scaffold	17314			ctg593
GCF_018345385.1	Primary Assembly	Un			JADWOQ010000852.1	Chromosome		NW_024570538.1	unplaced-scaffold	7164			ctg1322
GCF_018345385.1	Primary Assembly	Un			JADWOQ010000853.1	Chromosome		NW_024570698.1	unplaced-scaffold	44024			ctg272
GCF_018345385.1	Primary Assembly	Un			JADWOQ010000854.1	Chromosome		NW_024570521.1	unplaced-scaffold	7313			ctg1303
GCF_018345385.1	Primary Assembly	Un			JADWOQ010000855.1	Chromosome		NW_024571168.1	unplaced-scaffold	4839			ctg952
GCF_018345385.1	Primary Assembly	Un			JADWOQ010000856.1	Chromosome		NW_024570953.1	unplaced-scaffold	14886			ctg622
GCF_018345385.1	Primary Assembly	Un			JADWOQ010000857.1	Chromosome		NW_024570929.1	unplaced-scaffold	21284			ctg585
GCF_018345385.1	Primary Assembly	Un			JADWOQ010000858.1	Chromosome		NW_024570494.1	unplaced-scaffold	6972			ctg1263
GCF_018345385.1	Primary Assembly	Un			JADWOQ010000859.1	Chromosome		NW_024570541.1	unplaced-scaffold	8403			ctg1325
GCF_018345385.1	Primary Assembly	Un			JADWOQ010000860.1	Chromosome		NW_024570859.1	unplaced-scaffold	20618			ctg486
GCF_018345385.1	Primary Assembly	Un			JADWOQ010000861.1	Chromosome		NW_024570933.1	unplaced-scaffold	19310			ctg589
GCF_018345385.1	Primary Assembly	Un			JADWOQ010000862.1	Chromosome		NW_024570479.1	unplaced-scaffold	7188			ctg1240
GCF_018345385.1	Primary Assembly	Un			JADWOQ010000863.1	Chromosome		NW_024571049.1	unplaced-scaffold	6984			ctg747
GCF_018345385.1	Primary Assembly	Un			JADWOQ010000864.1	Chromosome		NW_024570658.1	unplaced-scaffold	57884			ctg205
GCF_018345385.1	Primary Assembly	Un			JADWOQ010000865.1	Chromosome		NW_024571151.1	unplaced-scaffold	26772			ctg926
GCF_018345385.1	Primary Assembly	Un			JADWOQ010000866.1	Chromosome		NW_024571152.1	unplaced-scaffold	10226			ctg927
GCF_018345385.1	Primary Assembly	Un			JADWOQ010000867.1	Chromosome		NW_024571018.1	unplaced-scaffold	13425			ctg702
GCF_018345385.1	Primary Assembly	Un			JADWOQ010000868.1	Chromosome		NW_024571012.1	unplaced-scaffold	8239			ctg694
GCF_018345385.1	Primary Assembly	Un			JADWOQ010000869.1	Chromosome		NW_024571175.1	unplaced-scaffold	9263			ctg963
GCF_018345385.1	Primary Assembly	Un			JADWOQ010000870.1	Chromosome		NW_024570909.1	unplaced-scaffold	17123			ctg558
GCF_018345385.1	Primary Assembly	Un			JADWOQ010000871.1	Chromosome		NW_024570402.1	unplaced-scaffold	6486			ctg1137
GCF_018345385.1	Primary Assembly	Un			JADWOQ010000872.1	Chromosome		NW_024571056.1	unplaced-scaffold	15117			ctg759
GCF_018345385.1	Primary Assembly	Un			JADWOQ010000873.1	Chromosome		NW_024570944.1	unplaced-scaffold	11619			ctg608
GCF_018345385.1	Primary Assembly	Un			JADWOQ010000874.1	Chromosome		NW_024570657.1	unplaced-scaffold	89528			ctg203
GCF_018345385.1	Primary Assembly	Un			JADWOQ010000875.1	Chromosome		NW_024570329.1	unplaced-scaffold	27975			ctg1040
GCF_018345385.1	Primary Assembly	Un			JADWOQ010000876.1	Chromosome		NW_024571179.1	unplaced-scaffold	8805			ctg969
GCF_018345385.1	Primary Assembly	Un			JADWOQ010000877.1	Chromosome		NW_024570636.1	unplaced-scaffold	85661			ctg164
GCF_018345385.1	Primary Assembly	Un			JADWOQ010000878.1	Chromosome		NW_024570679.1	unplaced-scaffold	64482			ctg248
GCF_018345385.1	Primary Assembly	Un			JADWOQ010000879.1	Chromosome		NW_024571039.1	unplaced-scaffold	16625			ctg733
GCF_018345385.1	Primary Assembly	Un			JADWOQ010000880.1	Chromosome		NW_024571147.1	unplaced-scaffold	10314			ctg918
GCF_018345385.1	Primary Assembly	Un			JADWOQ010000881.1	Chromosome		NW_024571160.1	unplaced-scaffold	12938			ctg937
GCF_018345385.1	Primary Assembly	Un			JADWOQ010000882.1	Chromosome		NW_024570601.1	unplaced-scaffold	9708			ctg1415
GCF_018345385.1	Primary Assembly	Un			JADWOQ010000883.1	Chromosome		NW_024570372.1	unplaced-scaffold	7257			ctg1095
GCF_018345385.1	Primary Assembly	Un			JADWOQ010000884.1	Chromosome		NW_024570937.1	unplaced-scaffold	14607			ctg595
GCF_018345385.1	Primary Assembly	Un			JADWOQ010000885.1	Chromosome		NW_024571021.1	unplaced-scaffold	32910			ctg707
GCF_018345385.1	Primary Assembly	Un			JADWOQ010000886.1	Chromosome		NW_024570548.1	unplaced-scaffold	6892			ctg1333
GCF_018345385.1	Primary Assembly	Un			JADWOQ010000887.1	Chromosome		NW_024570302.1	unplaced-scaffold	9226			ctg1002
GCF_018345385.1	Primary Assembly	Un			JADWOQ010000888.1	Chromosome		NW_024571130.1	unplaced-scaffold	10839			ctg882
GCF_018345385.1	Primary Assembly	Un			JADWOQ010000889.1	Chromosome		NW_024570522.1	unplaced-scaffold	6582			ctg1304
GCF_018345385.1	Primary Assembly	Un			JADWOQ010000890.1	Chromosome		NW_024570938.1	unplaced-scaffold	15669			ctg596
GCF_018345385.1	Primary Assembly	Un			JADWOQ010000891.1	Chromosome		NW_024570599.1	unplaced-scaffold	6880			ctg1410
GCF_018345385.1	Primary Assembly	Un			JADWOQ010000892.1	Chromosome		NW_024570383.1	unplaced-scaffold	7662			ctg1111
GCF_018345385.1	Primary Assembly	Un			JADWOQ010000893.1	Chromosome		NW_024570903.1	unplaced-scaffold	18089			ctg549
GCF_018345385.1	Primary Assembly	Un			JADWOQ010000894.1	Chromosome		NW_024571109.1	unplaced-scaffold	11416			ctg847
GCF_018345385.1	Primary Assembly	Un			JADWOQ010000895.1	Chromosome		NW_024570560.1	unplaced-scaffold	6509			ctg1354
GCF_018345385.1	Primary Assembly	Un			JADWOQ010000896.1	Chromosome		NW_024570670.1	unplaced-scaffold	48011			ctg234
GCF_018345385.1	Primary Assembly	Un			JADWOQ010000897.1	Chromosome		NW_024570660.1	unplaced-scaffold	40988			ctg209
GCF_018345385.1	Primary Assembly	Un			JADWOQ010000898.1	Chromosome		NW_024571143.1	unplaced-scaffold	10346			ctg914
GCF_018345385.1	Primary Assembly	Un			JADWOQ010000899.1	Chromosome		NW_024571027.1	unplaced-scaffold	10279			ctg715
GCF_018345385.1	Primary Assembly	Un			JADWOQ010000900.1	Chromosome		NW_024570584.1	unplaced-scaffold	6705			ctg1388
GCF_018345385.1	Primary Assembly	Un			JADWOQ010000901.1	Chromosome		NW_024570600.1	unplaced-scaffold	3602			ctg1414
GCF_018345385.1	Primary Assembly	Un			JADWOQ010000902.1	Chromosome		NW_024570387.1	unplaced-scaffold	6916			ctg1117
GCF_018345385.1	Primary Assembly	Un			JADWOQ010000903.1	Chromosome		NW_024570969.1	unplaced-scaffold	16615			ctg638
GCF_018345385.1	Primary Assembly	Un			JADWOQ010000904.1	Chromosome		NW_024571094.1	unplaced-scaffold	3427			ctg821
GCF_018345385.1	Primary Assembly	Un			JADWOQ010000905.1	Chromosome		NW_024570426.1	unplaced-scaffold	6759			ctg1169
GCF_018345385.1	Primary Assembly	Un			JADWOQ010000906.1	Chromosome		NW_024570393.1	unplaced-scaffold	6895			ctg1127
GCF_018345385.1	Primary Assembly	Un			JADWOQ010000907.1	Chromosome		NW_024570869.1	unplaced-scaffold	20420			ctg499
GCF_018345385.1	Primary Assembly	Un			JADWOQ010000908.1	Chromosome		NW_024571070.1	unplaced-scaffold	13285			ctg781
GCF_018345385.1	Primary Assembly	Un			JADWOQ010000909.1	Chromosome		NW_024570812.1	unplaced-scaffold	22502			ctg425
GCF_018345385.1	Primary Assembly	Un			JADWOQ010000910.1	Chromosome		NW_024571023.1	unplaced-scaffold	13811			ctg711
GCF_018345385.1	Primary Assembly	Un			JADWOQ010000911.1	Chromosome		NW_024570998.1	unplaced-scaffold	12892			ctg675
GCF_018345385.1	Primary Assembly	Un			JADWOQ010000912.1	Chromosome		NW_024571141.1	unplaced-scaffold	9920			ctg910
GCF_018345385.1	Primary Assembly	Un			JADWOQ010000913.1	Chromosome		NW_024571004.1	unplaced-scaffold	7058			ctg683
GCF_018345385.1	Primary Assembly	Un			JADWOQ010000914.1	Chromosome		NW_024571116.1	unplaced-scaffold	10441			ctg858
GCF_018345385.1	Primary Assembly	Un			JADWOQ010000915.1	Chromosome		NW_024570338.1	unplaced-scaffold	15942			ctg1051
GCF_018345385.1	Primary Assembly	Un			JADWOQ010000916.1	Chromosome		NW_024570550.1	unplaced-scaffold	6130			ctg1335
GCF_018345385.1	Primary Assembly	Un			JADWOQ010000917.1	Chromosome		NW_024570332.1	unplaced-scaffold	9204			ctg1045
GCF_018345385.1	Primary Assembly	Un			JADWOQ010000918.1	Chromosome		NW_024570684.1	unplaced-scaffold	35143			ctg254
GCF_018345385.1	Primary Assembly	Un			JADWOQ010000919.1	Chromosome		NW_024571099.1	unplaced-scaffold	4180			ctg829
GCF_018345385.1	Primary Assembly	Un			JADWOQ010000920.1	Chromosome		NW_024570475.1	unplaced-scaffold	6413			ctg1235
GCF_018345385.1	Primary Assembly	Un			JADWOQ010000921.1	Chromosome		NW_024571019.1	unplaced-scaffold	14579			ctg704
GCF_018345385.1	Primary Assembly	Un			JADWOQ010000922.1	Chromosome		NW_024570484.1	unplaced-scaffold	6088			ctg1245
GCF_018345385.1	Primary Assembly	Un			JADWOQ010000923.1	Chromosome		NW_024570837.1	unplaced-scaffold	24559			ctg459
GCF_018345385.1	Primary Assembly	Un			JADWOQ010000924.1	Chromosome		NW_024570653.1	unplaced-scaffold	66204			ctg194
GCF_018345385.1	Primary Assembly	Un			JADWOQ010000925.1	Chromosome		NW_024570540.1	unplaced-scaffold	7100			ctg1324
GCF_018345385.1	Primary Assembly	Un			JADWOQ010000926.1	Chromosome		NW_024570557.1	unplaced-scaffold	6890			ctg1348
GCF_018345385.1	Primary Assembly	Un			JADWOQ010000927.1	Chromosome		NW_024570824.1	unplaced-scaffold	21695			ctg443
GCF_018345385.1	Primary Assembly	Un			JADWOQ010000928.1	Chromosome		NW_024570855.1	unplaced-scaffold	500000			ctg48
GCF_018345385.1	non-nuclear	MT	6820	41	KP200876.1	Mitochondrion		NC_026529.1	assembled-molecule	16656			MT
