"Number","Core.dna","Lake","Library.number","Extraction.number","Age.dna","Depth","Concentration.before.Genejet","Concentration.after.Genejet","Library.concentration","Average.read.length.of.sample","Total.concentration","Concentration.of.pool","Dilution.concentration.before.sequencing.2","Molecular.weight.nucleotide","DNA","Dry.Bulk.Density","Water.content","TOC","C_N","Sediment.Rate","PC1","PC2","Pann","TJul","Core_Match","join_Core","join_Age","Age.perc","Bacteria_aquatic","Bacteria_terrestrial","Bacteria_reads_unclassified_taxonomic_percentageonomic_pct","Bacteria_reads_unclassified_habitat_percentageitat_pct","Bacteria_na_count","Archaea_aquatic","Archaea_terrestrial","Archaea_reads_unclassified_taxonomic_percentageonomic_pct","Archaea_reads_unclassified_habitat_percentageitat_pct","Archaea_na_count","Fungi_aquatic_percentage","Fungi_terrestrial_percentage","Fungi_na_count","Viridiplantae_aquatic_percentage","Viridiplantae_woody_percentage","Viridiplantae_non_woody_percentage","Viridiplantae_na_count","Metazoa_aquatic_percentage","Metazoa_terrestrial_percentage","Metazoa_na_count","Viruses_percentage","Viruses_na_count","Aquatic_algae_percentage","Aquatic_algae_na_count","Core.perc","Core.x","Age","Total_concentration_calc","Final_DNA_in_Pool","Cumulated_Dilution_Factor","Cumulated_Concentration_Factor","Starting_DNA_ng","Starting_DNA_g","Dry_weight","Starting_DNA_wt","ARBULK","BRTOC","Bacteria_aquatic_Start_wt","Bacteria_terrestrial_Start_wt","Archaea_aquatic_Start_wt","Archaea_terrestrial_Start_wt","Fungi_aquatic_percentage_Start_wt","Fungi_terrestrial_percentage_Start_wt","Metazoa_aquatic_percentage_Start_wt","Metazoa_terrestrial_percentage_Start_wt","Viridiplantae_aquatic_percentage_Start_wt","Viridiplantae_woody_percentage_Start_wt","Viridiplantae_non_woody_percentage_Start_wt","Viruses_percentage_Start_wt","Aquatic_algae_percentage_Start_wt","Core.y","Bacteria_aquatic_mean_biomass","Bacteria_aquatic_median_biomass","Bacteria_aquatic_q1_biomass","Bacteria_aquatic_q3_biomass","Bacteria_terrestrial_mean_biomass","Bacteria_terrestrial_median_biomass","Bacteria_terrestrial_q1_biomass","Bacteria_terrestrial_q3_biomass","Archaea_aquatic_mean_biomass","Archaea_aquatic_median_biomass","Archaea_aquatic_q1_biomass","Archaea_aquatic_q3_biomass","Archaea_terrestrial_mean_biomass","Archaea_terrestrial_median_biomass","Archaea_terrestrial_q1_biomass","Archaea_terrestrial_q3_biomass","Fungi_aquatic_mean_biomass","Fungi_aquatic_median_biomass","Fungi_aquatic_q1_biomass","Fungi_aquatic_q3_biomass","Fungi_terrestrial_mean_biomass","Fungi_terrestrial_median_biomass","Fungi_terrestrial_q1_biomass","Fungi_terrestrial_q3_biomass","Metazoa_aquatic_mean_biomass","Metazoa_aquatic_median_biomass","Metazoa_aquatic_q1_biomass","Metazoa_aquatic_q3_biomass","Metazoa_terrestrial_mean_biomass","Metazoa_terrestrial_median_biomass","Metazoa_terrestrial_q1_biomass","Metazoa_terrestrial_q3_biomass","Viridiplantae_woody_mean_biomass","Viridiplantae_woody_median_biomass","Viridiplantae_woody_q1_biomass","Viridiplantae_woody_q3_biomass","Viridiplantae_non_woody_mean_biomass","Viridiplantae_non_woody_median_biomass","Viridiplantae_non_woody_q1_biomass","Viridiplantae_non_woody_q3_biomass","Viridiplantae_aquatic_mean_biomass","Viridiplantae_aquatic_median_biomass","Viridiplantae_aquatic_q1_biomass","Viridiplantae_aquatic_q3_biomass","Viruses_mean_biomass","Viruses_median_biomass","Viruses_q1_biomass","Viruses_q3_biomass","Aquatic_algae_mean_biomass","Aquatic_algae_median_biomass","Aquatic_algae_q1_biomass","Aquatic_algae_q3_biomass","Total_DNA_weight","Biomass_Aquatic","Biomass_Terrestrial","Total_median_biomass","Biomass_Aquatic_percentage","Biomass_Terrestrial_percentage","Aquatic_algae_median_biomass_percent","Archaea_aquatic_median_biomass_percent","Bacteria_aquatic_median_biomass_percent","Fungi_aquatic_median_biomass_percent","Metazoa_aquatic_median_biomass_percent","Viridiplantae_aquatic_median_biomass_percent","Viruses_median_biomass_percent","Archaea_terrestrial_median_biomass_percent","Bacteria_terrestrial_median_biomass_percent","Fungi_terrestrial_median_biomass_percent","Metazoa_terrestrial_median_biomass_percent","Viridiplantae_woody_median_biomass_percent","Viridiplantae_non_woody_median_biomass_percent","BR_Total_median_biomass","BR_Total_DNA_weight","BR_Biomass_Aquatic","BR_Biomass_Terrestrial"
1,"Ilirney Lake (EN18208)","Ilirney Lake","JK097L-3","ESH086",0.1,1,3.93042191,53.1,61.3,82,309.2055485,13,2,325,2.768,0.34635,70.02207123,2.205,13.64219083,0.015251179,0.418296121884063,0.296585498900819,210.0364622,11.79603839,"Ilirney","Ilirney",0.1,0.1,0.670658348655091,0.174681667550998,0.41581396058973,0.26315689439164,72603.7179718923,0.0203270597850252,0.00508570049319156,0.00990499213922811,0.0153129509108101,2182.6257420152,3.20821890685899e-06,0.00124158071695443,106.911187334318,0.00046804796657551,0.0468858940775029,0.0112354682669539,5032.06868338363,0.0146900585126101,0.0111113545703233,2216.0059654539,0.00023282502924062,19.9966432863894,0.0433787861566271,3725.67380663423,"Ilirney","Ilirney",0.1,309205.5485,53.3,154602.77425,15.5962900176282,528351.797652591,0.000528351797652591,0.8297890683536,0.000636730246038194,0.00528224584665,0.000116473520918632,0.000427028455346725,0.000111225101158109,1.29428537781522e-05,3.23821932630643e-06,2.04277001390871e-09,7.90551995382671e-07,9.35360457104969e-06,7.07493552937956e-06,2.98020296915301e-07,2.98536668716891e-05,7.15396247397188e-06,1.4824673815223e-07,2.76205851823474e-05,1,0.038131167431561,0.0237635484593595,0.0107439560493142,0.0499867781028569,0.00975109384336294,0.00608443076318766,0.00276008830722149,0.0126528932827641,0.00152126596955469,0.0010343563597813,0.000603173414171288,0.00179288624720736,0.00038356870851262,0.000261118381854993,0.000148875982500211,0.000450570819145346,1.73728333053849e-06,5.52264955485764e-07,2.77002741625489e-07,1.10304984108344e-06,0.000702443589063969,0.000218637629650575,0.000107660954708028,0.000444160765545272,0.00118000320443113,0.000312486600862999,0.000159089424679315,0.000618840612134068,0.000981966379562269,0.000240869686914063,0.000124433136572642,0.000465770804997185,0.122914321302243,0.0303797104460977,0.0175722522103461,0.0665000806435206,0.0288029447344844,0.00734463828167797,0.00421241559783191,0.0161032652519618,0.000456984249859831,0.000131115211071661,7.11682163117075e-05,0.000262129013383868,7.9007879427636e-07,3.93609343265368e-07,2.60777907131192e-07,7.65229981740679e-07,0.319874967033436,0.0713687388147508,0.0367859062197967,0.168270025234786,8.22956164289017e-05,0.0966107977107817,0.044529405189383,0.141140596509508,68.450042085711,31.5496790368059,50.5657058137366,0.732855312618447,16.836791856522,0.000391287106008909,0.221400935372941,0.0928968803549224,0.000278877483161872,0.185005865295038,4.31090055849225,0.154907684293262,0.170659394157965,21.5244310973641,5.20377443720326,0.000745539329706051,4.34705678079068e-07,0.00051032198494932,0.000235215265615413
1,"Ilirney Lake (EN18208)","Ilirney Lake","JK097L-2","ESH087",1.6,11.5,1.461880089,19.75,66.2,80,349.986783,13,2,325,2.253,0.369366667,69.34419653,1.563,9.961273197,0.015331291,0.274115684444312,0.572076579726706,223.9127459,12.82070996,"Ilirney","Ilirney",1.6,1.6,0.313558693028796,0.575945029471183,0.478546071188059,0.332201213651427,71178.0878744483,0.0347648785561724,0.00528863499808228,0.0128001530596128,0.0271170757599667,3205.08215461146,1.5812140526358e-05,0.00073789989123004,60.3120367811471,0.00044284642617469,0.0133750164667287,0.00432566062709929,1451.84475207061,0.00925551725073618,0.0113878178412586,1651.87967406142,0.00039779246120476,31.8313527456054,0.0305044008408076,2440.96215528143,"Ilirney","Ilirney",1.6,349986.783,52,174993.3915,45.2841518932542,200945.716714539,0.000200945716714539,0.6906752521791,0.000290940953915099,0.00566286785747709,8.8510624612367e-05,9.12270652581695e-05,0.000167565996277006,1.01145269298754e-05,1.53868051125083e-06,4.60039924817818e-09,2.14685298248315e-07,2.69280901790683e-06,3.31318258574716e-06,1.28842161669157e-07,3.8913400494602e-06,1.25851182916125e-06,1.15734118123148e-07,8.8749794792331e-06,1,0.00815247279459779,0.00518696078209979,0.00234543772674959,0.0107165981361174,0.0149053722021266,0.00944353865859818,0.00417005412570054,0.0194947200530134,0.00121123400354036,0.000821776488870258,0.000471484460697836,0.0014413654455014,0.000180135436438649,0.000122664993552053,7.05730238963866e-05,0.000212663155777688,4.05486431606741e-06,1.24664008616096e-06,6.14520245840056e-07,2.44201307823625e-06,0.000193344593696919,5.92485295070704e-05,2.94555321730401e-05,0.000116646519934956,0.0003379416746146,8.97603929907717e-05,4.54032633038723e-05,0.000180404568411207,0.000399423604927963,0.000108454417256312,5.55735507707852e-05,0.00021688748076792,0.0160679431831868,0.00405882604038484,0.00231643803070205,0.00901479362537047,0.00540659924854204,0.00130899746378518,0.000741147740699293,0.00288236232924166,0.000223362192788536,5.69530324550328e-05,2.98953712607619e-05,0.000113208660851119,6.08710320700306e-07,3.07217508898605e-07,2.00103271750326e-07,5.8466437334334e-07,0.112272307394356,0.022032582552815,0.0115595273836015,0.0519027576664774,2.04946849387973e-05,0.0281892798893171,0.0151017301030836,0.0432913172099096,65.1153203600476,34.8839699883901,50.8937680181551,1.89824782850948,11.981526819684,0.00287965385787707,0.207340406288735,0.13155763355243,0.00070965156224972,0.28334779687409,21.8139323708,0.136860075704761,0.250522331603914,9.37561225200085,3.02369516140651,0.000245153008735842,1.16058692589035e-07,0.000159632167010639,8.55191019930465e-05
1,"Ilirney Lake (EN18208)","Ilirney Lake","JK097L-4","ESH088",2.9,23,0.995558845,13.45,18.35,79,103.7895928,13,2,325,1.886,0.429950833,66.60698236,1.25615,8.824182289,0.016187376,0.491349832743001,0.225387257555862,204.6728804,12.0359177,"Ilirney","Ilirney",2.9,2.9,0.301464661107326,0.500305762449227,0.563753533078369,0.148042124751144,39521.6694883731,0.0355485288278145,0.00520653126964899,0.0147821457291445,0.0257510049327297,2008.93917738427,1.66944450452684e-05,0.00152754172164206,76.1200333645186,0.0006523900754374,0.076528192327397,0.0144140386957149,4514.97365781079,0.0170467102218319,0.0124403103041102,1453.50370278526,0.00117978140228667,58.1549646629169,0.0336688571525187,1659.6389756191,"Ilirney","Ilirney",2.9,103789.5928,51.35,51894.7964,18.4318587416096,144575.641149217,0.000144575641149217,0.6297923126904,0.000229560822252031,0.0069597757952842,8.74252236524626e-05,6.92044754837277e-05,0.000114850602205274,8.16054950756314e-06,1.19521559934153e-06,3.83239053163316e-09,3.50663733644435e-07,3.91325681521584e-06,2.85580786248196e-06,1.49763202146474e-07,1.75678747561388e-05,3.30889857496091e-06,2.70831588786583e-07,7.72905053221838e-06,1,0.00609652486775759,0.00381971480904472,0.00176758589566521,0.00795574140406845,0.0102522400330896,0.00642758675960328,0.00298574083685005,0.0132876935470636,0.000940875224083682,0.000643504832494086,0.000373333391328575,0.0011241023145687,0.000142016686259011,9.71163565949781e-05,5.68381047035378e-05,0.000168202714595019,3.54739537551639e-06,1.05335175741825e-06,5.26880003440686e-07,2.1027571125862e-06,0.000302628776194184,9.49227630440679e-05,4.79836292224379e-05,0.000192911918072558,0.000459785395828808,0.000131328265507487,6.62190276599745e-05,0.000263043269405926,0.000363033392220123,9.43896375320876e-05,4.82804967640496e-05,0.000191384707271438,0.0743727725985989,0.0181348468107728,0.0104881432838602,0.0393428546036293,0.0149267889112048,0.00340409481910229,0.00196369586026535,0.00737895110644285,0.000232942406376255,6.63306664921755e-05,3.55427664357752e-05,0.000130694545025016,1.4666277833587e-06,7.30946559276174e-07,4.69739661538112e-07,1.39459634025346e-06,0.0828641491675719,0.0194441667469994,0.0098887686311938,0.0468807162543414,3.61499794561251e-05,0.0241060986722953,0.0282529571466495,0.052359786765504,46.0393369825123,53.9592670099704,37.135687419968,1.22900583108953,7.295130566806,0.002011757156567,0.250818946409479,0.126682461082664,0.0013960075172761,0.185478900114545,12.275807746104,0.181289437768691,0.180271241276853,34.6350662045104,6.50135348019597,0.000364412376576797,2.5159575201876e-07,0.000167773042058173,0.000196634247294453
1,"Ilirney Lake (EN18208)","Ilirney Lake","JK098L-6","ESH102",6.3,58,1.813471503,24.5,103,87,240.6052963,13,2,325,3.104,0.499663333,63.8944805,1.0769,7.921189589,0.018183306,0.489297494485438,0.461519850527429,217.1467051,12.96063544,"Ilirney","Ilirney",6.3,6.3,0.258184209042836,0.611175205764545,0.632180031231346,0.113304672474262,34986.5002895082,0.0340911081147616,0.00636766591442087,0.0156620129217527,0.0246230181177573,1628.22290203042,2.36394310497643e-05,0.00150110387166003,61.3617694742531,0.00095305762239203,0.0508672307404641,0.0098739137524839,2482.82146992975,0.00850913587951469,0.00518942815970403,551.285011194318,0.00156816953601482,63.1094148073805,0.0116961321701536,470.699143055663,"Ilirney","Ilirney",6.3,240605.2963,56.55,120302.64815,56.7971428443229,119779.17219409,0.00011977917219409,1.12071532528,0.000106877428631722,0.00908553128091889,9.78420863642156e-05,2.75940643758133e-05,6.53208344355782e-05,3.64356997451175e-06,6.80559759319165e-07,2.5265216049157e-09,1.60434121912146e-07,9.09434562680456e-07,5.54632737778216e-07,1.01860348019123e-07,5.43655882315729e-06,1.05529851239688e-06,1.67601927667865e-07,1.25005253128278e-06,1,0.00243951549715934,0.00153519299486572,0.000684015288917447,0.00322020936349033,0.00588198378928226,0.00371417830593676,0.00167734649338837,0.00778971437257975,0.000427961221221844,0.000291371509154232,0.000169311919649984,0.000507146153310223,7.99764612840987e-05,5.45260557959037e-05,3.08147113636236e-05,9.48714918237213e-05,2.3114828430355e-06,6.9625238394231e-07,3.53723645091745e-07,1.41926160251673e-06,0.00014513023525003,4.35462910353903e-05,2.11916492200208e-05,8.77166942320664e-05,0.000111048881038243,3.0367583658617e-05,1.52708861831658e-05,6.11026342740171e-05,7.26262773990048e-05,1.85522335985891e-05,9.33388000372294e-06,3.67017723950784e-05,0.0228125115988715,0.00559810328204949,0.00323070182465544,0.012001692695423,0.00439633255368489,0.00108721130610394,0.000623227613031121,0.00239313752366704,0.000175030006394773,4.51523266275004e-05,2.45818743626562e-05,8.90762689337741e-05,9.15969799038535e-07,4.45455952252843e-07,2.93822547250459e-07,8.63070657369665e-07,0.0143493720856826,0.00313901282819725,0.00159094907373629,0.00737893465236575,9.63840008649966e-06,0.00504179349488726,0.0105161174745201,0.0155583564253596,32.4056947729344,67.5914420971817,20.1757354207464,1.87276535636699,9.86732115458809,0.00447510241382208,0.195185036442017,0.29021270237712,0.00286312988386591,0.350461541728328,23.8725621421217,0.27989004651167,0.119242888460568,35.9813281621751,6.98795731618427,0.00014135593398229,8.7569985483904e-08,4.58073725097316e-05,9.55445142685699e-05
1,"Ilirney Lake (EN18208)","Ilirney Lake","JK098L-7","ESH111",9.2,97,2.11,22.3,120.5,84,543.65,13,2,325,3.408,0.491174167,61.9108611,0.76085,6.521611296,0.019274091,0.435455441703582,0.26395012060521,216.5773932,13.2089112,"Ilirney","Ilirney",9.2,9.2,0.336602442629073,0.516554021460167,0.575208823356508,0.202417238603057,91802.1950053945,0.00666308175215229,0.0198234624352951,0.0137170328391432,0.0123724907427765,2850.0316142019,0,0.00103315631159384,111.170718596432,0.00029686085807867,0.00461157988153255,0.0041688477397428,976.743472243932,0.0237656415965687,0.0155152663610224,4226.74353896067,0.00038505087627667,41.4326294399988,0.0705805880984968,7594.68302116255,"Ilirney","Ilirney",9.2,543650,54.6,271825,57.1090047393365,259882.746473029,0.000259882746473029,1.298077853712,0.000200205824118996,0.00946693559160719,7.20291794487434e-05,6.73897694270208e-05,0.000103417123568415,1.3339877733619e-06,3.96877263375022e-06,0,2.06843910806387e-07,4.75801986155774e-06,3.10624668823423e-06,5.94332727403126e-08,9.23265150672808e-07,8.34627597361823e-07,7.70894280127124e-08,1.4130644807063e-05,1,0.00604042938454123,0.00373433196775579,0.00170305739492618,0.00787370531663304,0.00911377428729014,0.00588030547911739,0.00260867221911015,0.0119788791277167,0.000155356985282192,0.000107203377291345,6.22001084293452e-05,0.000183938726233798,0.000467944559168992,0.000318738483891691,0.000184700512526864,0.00055808614798799,0,0,0,0,0.000166370160944022,5.54541631811086e-05,2.74553004481156e-05,0.00010659316953147,0.000609176710336122,0.000158466448871676,8.05947290750717e-05,0.000311513311733801,0.000438819417520701,0.000104840637378901,5.26147681014079e-05,0.000201501360713411,0.00387863524970928,0.000944318397174736,0.000548922121018672,0.00208715471813837,0.00372463205216529,0.000850158862045849,0.000492491420999553,0.00187668855617468,0.000104715378093221,2.60693946626018e-05,1.40819221522592e-05,5.2391327188181e-05,4.26303675762535e-07,2.08939574126788e-07,1.34899494622727e-07,4.10614604334299e-07,0.176804591962359,0.036130245365638,0.0182265760682978,0.085388868184882,2.4096170716449e-05,0.0401563165542194,0.00815381602278968,0.0483103415165832,83.1215745813661,16.8779929241253,74.7878078097125,0.221905649858728,7.72988111970587,0,0.328017653978455,0.0539623481106072,0.000432494508562037,0.659772781325256,12.1719393705774,0.114787354922906,0.217014895957449,1.95469203390041,1.75978648744186,0.00045735089154604,2.28116896176994e-07,0.000380157262414985,7.71916511135646e-05
1,"Ilirney Lake (EN18208)","Ilirney Lake","JK098L-4","ESH093",10.2,109,0.866025167,11.7,98.5,82,464.84,13,2,325,2.73,0.462054167,63.83960193,0.8525,6.607832825,0.015063254,0.571607280301999,0.372586417108016,204.9452615,12.81293113,"Ilirney","Ilirney",10.2,10.2,0.465400379231817,0.427613975396071,0.614268393276061,0.171929091780199,58752.3074053233,0.0100062171854042,0.0317534995905781,0.0246297060881528,0.0161816193904252,2747.41352640865,2.15934867854191e-05,0.00087813512927371,59.1940453791462,0.00053452932437968,0.00667979842779236,0.00515620804061489,813.869920343245,0.00972550734340564,0.00605344662683005,1038.11316065578,0.00194892354944404,128.221629241473,0.0342277866676045,2251.88031264837,"Ilirney","Ilirney",10.2,464840,53.3,232420,113.738034128054,108916.828877601,0.000108916828877601,0.987178867311,0.000110331402427892,0.00696003927927941,5.93343348558571e-05,5.13482765311192e-05,4.71792496032147e-05,1.10399997506372e-06,3.50340814182198e-06,2.38243968034345e-09,9.68858803339668e-08,1.07302886452071e-06,6.67885255860552e-07,5.89753699976438e-08,7.3699152847396e-07,5.68891664331014e-07,2.15027468434906e-07,3.77639970503951e-06,1,0.00452674918895321,0.0028348377756443,0.00125049531794988,0.00591191258063802,0.00419930306941183,0.00266261900156373,0.00118393825527433,0.00549880187868117,0.000129989219918849,8.83948341967274e-05,5.07997711059463e-05,0.000154336007367397,0.000412546499576463,0.000279587757483967,0.000161874596178112,0.000490908717575554,2.04441025396599e-06,6.51388022165693e-07,3.23990921514173e-07,1.30135254530135e-06,8.54431683145995e-05,2.65100553756177e-05,1.35782352622879e-05,5.44198215453096e-05,0.000133586713092577,3.55852385047832e-05,1.77557726929341e-05,6.90918499087654e-05,7.94724787072274e-05,2.21382068066184e-05,1.14840932937358e-05,4.48478968229081e-05,0.00300680097602547,0.000744561644947439,0.000435391074186723,0.00161229160336348,0.00251696977530917,0.000587424809623564,0.000339850031627286,0.00128668790455004,9.92257210118445e-05,2.68321260845306e-05,1.42730333571551e-05,5.47775697413129e-05,1.18104860405123e-06,5.79269133567765e-07,3.77175714094263e-07,1.10085288114949e-06,0.0443680700760186,0.00944718003246564,0.0048369208130277,0.0220636613228963,7.19646817667261e-06,0.0124334813949181,0.00432284147580094,0.0167569021398527,74.1991645660316,25.7973785352604,56.3778433126823,0.527512982166909,16.9174334968649,0.00388728188975042,0.212361677640591,0.160125814787187,0.00345689870796643,1.66849310899195,15.8896852135412,0.158203796587015,0.13211395890394,4.44331320152942,3.50556925570689,0.000116628697092416,5.00877011817256e-08,8.65375188868201e-05,3.00871464696727e-05
1,"Ilirney Lake (EN18208)","Ilirney Lake","JK098L-5","ESH094",11.6,127,0.185048113,2.5,88.1,82,435.81,13,2,325,1.585,0.590234167,57.03401129,0.76455,6.158992242,0.015309229,0.390798274637806,-0.102347814525741,210.0771895,11.2190323,"Ilirney","Ilirney",11.6,11.6,0.301756784163011,0.394070735892797,0.466114448250934,0.137066206274267,36279.7510681897,0.0682333703919322,0.109936319179048,0.0761018314258357,0.100700180107212,9289.58944454133,3.35405351537197e-05,0.00153168443868653,81.6092649110569,0.00089940173168811,0.0100388313045906,0.0179072500470836,1503.97464248343,0.0256401078578758,0.0202615314863865,2393.26557377049,0.00066271363794907,34.5532263690269,0.0490277293337984,2556.25677973491,"Ilirney","Ilirney",11.6,435810,53.3,217905,476.092398737403,24395.1311358913,2.43951311358913e-05,0.6810109210535,3.58219382123166e-05,0.00903603002622724,6.90849675655204e-05,1.08095128774347e-05,1.41163775524339e-05,2.44425157819791e-06,3.93813203292138e-06,1.20148697788458e-09,5.48679053233958e-08,9.18478359441961e-07,7.25807328992245e-07,3.22183132605821e-08,3.59610394716915e-07,6.41472404739133e-07,2.37396869910712e-08,1.75626829088551e-06,1,0.000961733635801891,0.000598669315416958,0.000261375560697018,0.00124979274763199,0.00126199526809522,0.000783205886796263,0.000342400140446119,0.00164847040362041,0.000285524365481633,0.000194801341762359,0.00011388461817976,0.000337948102916393,0.000462395331754877,0.000315373821989754,0.000181068108532697,0.000547617079736023,1.0096005690048e-06,3.26656506839521e-07,1.62909836593276e-07,6.36693743850839e-07,4.90649257691376e-05,1.50534779829779e-05,7.44792646056052e-06,3.0492092603026e-05,0.0001301653711244,3.12601734036661e-05,1.59491112353289e-05,6.25180840293067e-05,8.80167714771563e-05,2.42796393641899e-05,1.24134351070204e-05,4.75890387430961e-05,0.00148172349028979,0.000370328804584904,0.000212352906415437,0.00079762271016801,0.00306263330956256,0.000662903522471535,0.000382042356329544,0.00149632619988204,5.95349194887901e-05,1.41574908147327e-05,7.44920724356689e-06,2.81031163541463e-05,1.26668421842053e-07,6.35276780081655e-08,4.17982477858954e-08,1.20856967447039e-07,0.0194342410785397,0.00444582398149175,0.0022879293157657,0.0104076160246514,4.5136641713287e-06,0.00528503895939631,0.00217114515318962,0.00745624764026394,70.880679054394,29.1184689395961,59.6254871885449,2.61259216647294,8.02909646112245,0.00438097716974376,0.419248057627007,0.189874203457003,0.000852006009901204,4.22965863267103,10.5040219233992,0.201890799625387,0.325628124702822,4.96669132319477,8.89057813600286,6.7374877560411e-05,4.07856049804322e-08,4.77557707268858e-05,1.96185327955192e-05
1,"Ilirney Lake (EN18208)","Ilirney Lake","JK097L-6","ESH076",13.2,150,0.629903775,8.51,47.7,75,240.6052963,13,2,325,4.806,0.577104167,55.81700295,0.7163,5.458054024,0.011344477,0.507432008403462,0.130088970177189,235.9515272,9.777405295,"Ilirney","Ilirney",13.2,13.2,0.276623097181307,0.495361908635402,0.605756110320952,0.0987724362236336,69837.6235512086,0.0147525581684141,0.0336580799461104,0.0267480026959857,0.0209718736533935,4379.46837703046,1.15851699053528e-05,0.00110059114100852,100.613029966823,0.00063880965266452,0.028961723810857,0.00749983708238741,3356.28502143565,0.029600048598947,0.0198069702299556,4469.60595835667,0.0015915162221552,143.97651503727,0.0903932741608859,8177.42754696454,"Ilirney","Ilirney",13.2,240605.2963,48.75,120302.64815,75.7258519366708,77447.1854369782,7.74471854369782e-05,2.123434838223,3.64725980957297e-05,0.00654694494913565,4.68957666706587e-05,1.00891630474898e-05,1.80671358055926e-05,5.38064124960441e-07,1.22759762254842e-06,4.22541245828675e-10,4.01414183537243e-08,1.07959067616346e-06,7.22411664691253e-07,2.32990477213057e-08,1.05630931271291e-06,2.73538543689366e-07,5.80467315335006e-08,3.2968775590271e-06,1,0.000895763552166396,0.000558341051396553,0.000251602408147134,0.00118069961684794,0.00159991028700656,0.00101588088379182,0.00044881172614561,0.00213300643029428,6.35963286321976e-05,4.29763904629241e-05,2.46553674414302e-05,7.55899984017742e-05,0.000143624195553368,9.93316445320837e-05,5.68483247189891e-05,0.000168352590394469,3.68843369107062e-07,1.16683913835833e-07,6.05584645838656e-08,2.39217247736414e-07,3.68829571286812e-05,1.09603857150611e-05,5.48006592376602e-06,2.22995660832472e-05,0.000144038000379979,3.60477807050597e-05,1.85206667192684e-05,7.2195790197296e-05,9.92583371766572e-05,2.41311795844304e-05,1.24939614911359e-05,4.80372774285441e-05,0.00445726976099207,0.00107760284870989,0.000630503105769743,0.00241097115436157,0.00115809437029455,0.000279539052485803,0.000160822987828819,0.000614535196718938,4.28643490145951e-05,1.0271612272036e-05,5.43852685913352e-06,2.08341262521346e-05,3.13647797272434e-07,1.56279226254915e-07,1.0246891900197e-07,3.02653108235094e-07,0.0380060217909887,0.0084378606905458,0.00426698069115419,0.0200178402867331,6.55063749513844e-06,0.00908561420929621,0.00250744599481909,0.0115932164833416,78.3700901501447,21.6285618268414,72.7827406886628,0.370702906520183,4.81610131406448,0.00100648438682654,0.310938562709126,0.0886001938012231,0.00134802301397092,0.856808329895457,8.76271813997052,0.094541370212574,0.20814913289254,9.29511538284748,2.41122947102279,7.59001500998492e-05,4.28866630624152e-08,5.94830160573469e-05,1.64161108910113e-05
1,"Ilirney Lake (EN18208)","Ilirney Lake","JK099L-1","ESH122",15.9,172.5,0.276,4.4,72.7,77,363.14,13,2,325,2.545,0.70659,51.79855527,0.5071,4.368518762,0.010083603,0.266944661716406,0.321782968956577,231.3486492,10.21786848,"Ilirney","Ilirney",15.9,15.9,0.375218703232155,0.485572212785246,0.606290705953736,0.116655355546219,49301.7997148966,0.019924970071594,0.0210635520607824,0.0216842099023621,0.0187829234398733,2347.61760513186,1.5474958331399e-05,0.00102908472903803,59.8271560940841,0.00130939792355569,0.0340696483877824,0.00889062213312815,2535.54526015681,0.0134646438162345,0.0101399473308149,1351.95295794726,0.00392262884950967,224.668567355666,0.0253791137218276,1453.58873841768,"Ilirney","Ilirney",15.9,363140,50.05,181570,263.405797101449,34500.2980192572,3.45002980192572e-05,1.2267267683785,2.81238649946965e-05,0.00712497304377,3.61307383049577e-05,1.05526001531862e-05,1.36561673575483e-05,5.60367168316877e-07,5.92388494466205e-07,4.35215638910819e-10,2.89418399875694e-08,3.78677824889454e-07,2.85174509785171e-07,3.68253304264161e-08,9.5817019167477e-07,2.50038656590956e-07,1.10319484187912e-07,7.13758767997728e-07,1,0.000951354872672086,0.000595432857511363,0.000269903542591881,0.00124626556322344,0.00121752154643666,0.000777391730305898,0.000350208492253791,0.00158114742892631,6.59540546946609e-05,4.44561386116207e-05,2.64602998056612e-05,7.77028972745487e-05,6.84990243628693e-05,4.71047289414233e-05,2.71563647145044e-05,8.19946212733975e-05,3.98029704499373e-07,1.18998138352083e-07,6.01798982213779e-08,2.34677873863165e-07,2.38649518582208e-05,7.92306134862305e-06,3.99145376595762e-06,1.55798882887183e-05,5.35758631432249e-05,1.29103639405047e-05,6.60273426746228e-06,2.59246497072586e-05,3.80426401456197e-05,9.62070251546154e-06,4.95412955107468e-06,1.92276351809418e-05,0.00383582550312755,0.000953584899640494,0.000557047357039986,0.00204487285358031,0.00104327044182175,0.000256352716183822,0.000146193499253311,0.00056453525281709,5.19728316181676e-05,1.63099693850908e-05,9.01737949583376e-06,3.18092184825484e-05,6.01304564296513e-07,2.99140049959717e-07,1.94531114713795e-07,5.86909405604716e-07,0.00740754994895319,0.00184873225002278,0.000949776347409612,0.00428379762703969,2.76234182117889e-06,0.00251796057760972,0.00205197783893572,0.0045702375565954,55.0947417159093,44.898712890197,40.4515569952123,0.972731462229248,13.0284881286331,0.00260376264643736,0.282487809017137,0.356873558171031,0.00654539389375991,1.03068447445244,17.0098757598285,0.173362133817073,0.210507712046122,20.8651057594229,5.60917705062999,3.25628193943675e-05,1.96816110135781e-08,1.79404012407448e-05,1.46202867888304e-05
1,"Ilirney Lake (EN18208)","Ilirney Lake","JK098L-3","ESH082",19.9,198.5,0.29311621,3.96,126,84,659.34,13,2,325,3.703,0.76091,46.99925934,0.09,1,0.008139706,-0.225680934342312,0.267253672912808,223.3582372,9.31772417,"Ilirney","Ilirney",19.9,19.9,0.407273226408433,0.339192305707247,0.509560402569266,0.118476198879428,24893.8790305258,0.0521276421309865,0.141027726562871,0.070661371756838,0.119264002420132,6441.53839057147,2.39118334668547e-05,0.00049019258607052,17.144868287152,0.00062747767537977,0.0115052200338865,0.0116851262205338,794.300610234903,0.0054634765511394,0.0184282939047585,796.76665293374,0.00042959410399698,14.3265337741955,0.0117258062812292,391.043913672713,"Ilirney","Ilirney",19.9,659340,54.6,329670,429.863636678436,41873.70241197,4.187370241197e-05,1.9626174266398,2.1335641803437e-05,0.00619358369246,5.574225323214e-06,8.68943567478041e-06,7.23688553705171e-06,1.11217670056448e-06,3.00891705829847e-06,5.10174313712248e-10,1.04585734311011e-08,1.16566778696587e-07,3.93179477800388e-07,1.33876389215561e-08,2.45471253512729e-07,2.49309667469258e-07,9.16566592374802e-09,2.50177602672797e-07,1,0.000762840294556168,0.000475648900224378,0.000216692802399276,0.000999775163243394,0.00062740381266953,0.000402939870563079,0.000185482782564906,0.000828601157092328,0.000131196675129125,8.90060843839837e-05,5.09368749992404e-05,0.00015771660522844,0.000355954854760728,0.000237712400179551,0.000136407520730148,0.000422561677294135,4.34194170573878e-07,1.39383927211772e-07,7.01718685039047e-08,2.7107874980144e-07,9.51180559966649e-06,2.91627674154345e-06,1.43644474096348e-06,5.85575878735789e-06,1.59651755223665e-05,3.92560038536197e-06,2.06872027971003e-06,7.73930892400572e-06,5.37283644052565e-05,1.32539452177421e-05,6.63963200883984e-06,2.68209694863786e-05,0.00102840058993301,0.000253031146690684,0.000147192601400979,0.000544892277975174,0.00101615095068729,0.000250525931076759,0.00014628097396405,0.000541338774286074,2.55973104891591e-05,6.02070570009371e-06,3.15702943221598e-06,1.20673741424523e-05,5.07534107909651e-08,2.44178087708779e-08,1.60672097529153e-08,4.6235070320335e-08,0.00296945743468346,0.000619957802751134,0.000321202799101058,0.00147054653852911,1.28822683274188e-06,0.00119469847737216,0.00116037957046936,0.00235510246565029,50.7280891085256,49.2708740869563,26.3240267374078,3.7792871300573,20.1965267822452,0.00591838059042946,0.166684908305169,0.255645169919657,0.00103680451814803,10.0935056392085,17.1092288526741,0.12382801954811,0.562775735283448,10.7439548971309,10.6375809431112,1.4586524225324e-05,7.97874070345949e-09,7.39946500685902e-06,7.18690798472276e-06
1,"Ilirney Lake (EN18208)","Ilirney Lake","JK098L-2","ESH067",28,367.5,0.182457439,2.465,79.4,83,436.26,13,2,325,3.377,1.226423333,33.227913,0.09,1,0.122938331,-0.288961219991112,0.334763171138713,252.2188456,11.48804942,"Ilirney","Ilirney",28,28,0.301945363535853,0.565281576989833,0.65826551539363,0.119401074418772,40150.8728924582,0.00561718483222466,0.00575767746833325,0.00426222799821143,0.00703627510869956,526.63337479123,1.08909236161288e-05,0.0003811823265645,18.1522073368632,0.0002014763202105,0.0178352632740592,0.0825578850933155,4657.32993378582,0.00104741855735368,0.0105750066111431,538.095040451062,0.00221266716416143,102.442064366346,0.00657640690333203,304.474486810466,"Ilirney","Ilirney",28,436260,53.95,218130,435.169979558904,27042.5673938454,2.70425673938454e-05,2.25489337799,1.19928364053963e-05,0.150774437658477,0.00013569699389263,3.62118134825339e-06,6.77932947582348e-06,6.73659787517436e-08,6.90508839527568e-08,1.30613065231899e-10,4.57145728311638e-09,1.25615194063188e-08,1.26824324273423e-07,2.41627254784576e-09,2.13895394692964e-07,9.90103209899636e-07,2.65361553193801e-08,7.88697721269797e-08,1,0.00031991118548252,0.000199464759665077,9.02475298837154e-05,0.000418632829316349,0.000602951619663398,0.000379215067217324,0.000172870464302511,0.000785617756468727,7.84946000749946e-06,5.34621351814014e-06,3.09783831761969e-06,9.21162770421189e-06,8.06190836482169e-06,5.52516111357008e-06,3.1748858043298e-06,9.52157428935333e-06,1.13489665711401e-07,3.58398644356508e-08,1.81889419386486e-08,7.15677941507445e-08,4.0089984067115e-06,1.25014815057412e-06,6.24881336212632e-07,2.48394786731086e-06,1.74253236323307e-06,4.18292909885015e-07,2.09434909160552e-07,8.5785643612618e-07,1.48524951205075e-05,4.22433637630824e-06,2.15825921585687e-06,8.52311005022928e-06,0.000948793238539465,0.000224929319453879,0.000127586535200267,0.000488433928009242,0.00414770197642073,0.0010102029982303,0.000582266231797048,0.00224737168571152,4.35886448896429e-06,1.05226399178241e-06,5.57535475003969e-07,2.11953098172674e-06,1.42716949210858e-07,7.03634969412786e-08,4.62866261072245e-08,1.3509496096313e-07,0.00094450613772548,0.000194905246736607,0.000102277187192131,0.000457787740638443,1.4559087186149e-06,0.000401222616685927,0.00162534703054196,0.00202664001072482,19.7974289741981,80.1990990970643,9.617161691528,0.263796899787253,9.84214061745178,0.00176843762315897,0.0206397242564758,0.0519216035513912,0.00347192873766038,0.272626667011968,18.7115158691503,0.0616857529683826,0.208440391680485,11.0986321331648,49.8461982830884,0.000305565507953206,2.19513818331235e-07,6.04941144066834e-05,0.000245060784529839
1,"Ilirney Lake (EN18208)","Ilirney Lake","JK099L-2","ESH129",31,750,0.009,1.7,78.3,77,447.81,13,2,325,3.7,0.92118,49.92231053,0.3845,4.272113368,0.134844098,0.46452602538275,-0.0615576552263803,277.0759315,10.97794181,"Ilirney","Ilirney",31,31,0.421975966796013,0.464851187753818,0.630311156190689,0.176549841041944,47117.1267212325,0.0141090178455787,0.0702544184292683,0.0549472225531774,0.0271664444672341,4482.22936928262,1.21341158571952e-05,0.00080085164657488,43.1939335580164,0.00012290693080293,0.0005530811886132,0.00106278346047244,92.38093403948,0.00356352233265969,0.0031618370455644,357.318343765046,8.25366256276223e-05,4.38517091959557,0.0194497558291492,1033.3655272027,"Ilirney","Ilirney",31,447810,50.05,223905,8700,1288.09715517241,1.28809715517241e-06,1.85287451039,6.95188555916445e-07,0.12421568619564,0.000477609313422236,2.93352862988366e-07,3.23159225930621e-07,9.80842774146721e-09,4.88400676945927e-08,8.43549848008637e-12,5.56742899685698e-10,2.47731994441769e-09,2.19807292974903e-09,8.54434917370113e-11,3.84495712816561e-10,7.38834899137718e-10,5.7378517580283e-11,1.35212476677937e-08,1,2.603892609092e-05,1.64358715622415e-05,7.57463086684925e-06,3.39395492774036e-05,2.87838190329762e-05,1.8192465623472e-05,8.15677461163751e-06,3.82250369618849e-05,1.15773189430184e-06,7.84489425940661e-07,4.47580668624264e-07,1.36739750880197e-06,5.73901226374031e-06,3.89994529539323e-06,2.25496838288855e-06,6.74700911586818e-06,7.61296001588693e-09,2.30350754154522e-09,1.18100603234229e-09,4.58090792989546e-09,4.64580163956849e-07,1.51657570905929e-07,7.59101479757344e-08,3.07150702494949e-07,3.0856761305385e-07,8.21950658327761e-08,4.13826424482663e-08,1.65427829631992e-07,2.94464532511557e-07,7.384882030187e-08,3.74159570142333e-08,1.47192955028237e-07,1.53370177048289e-06,3.89860814659864e-07,2.27988283578992e-07,8.53555306335986e-07,2.81083369190119e-06,7.41051950886757e-07,4.32932914583339e-07,1.66795502774448e-06,1.67091786458022e-07,3.76034401899235e-08,2.03802877659677e-08,7.52178590098813e-08,3.1114494341703e-10,1.55872718784227e-10,1.02787746077452e-10,2.96114174416089e-10,0.000194732189274959,3.44528613923181e-05,1.75767367454837e-05,8.12522647332366e-05,2.00279715613978e-08,5.17953243940646e-05,2.34488300756197e-05,7.5244310342403e-05,68.8362005822996,31.1635922622117,45.7879954451554,1.0425896953149,21.8433413602295,0.00306137106056657,0.109237582826852,0.0499751277123907,0.00020715548866741,5.18304344560583,24.1778621409198,0.201553539684002,0.098145387957996,0.518126636932125,0.984861111112007,9.34652364149929e-06,2.48778823060579e-09,6.4337917613345e-06,2.91271251832806e-06
1,"Ilirney Lake (EN18208)","Ilirney Lake","JK099L-3","ESH133",35.1,892,0.327,4.4,96.8,80,435.45,13,2,325,4.47,0.730188889,45.50893253,0.09,1,0.031081471,0.702049237021117,-0.00830552989322593,283.8497998,10.7489565,"Ilirney","Ilirney",35.1,35.1,0.315901896909305,0.396499322164149,0.527243750572712,0.112426693142961,20021.3238608404,0.0362453071805882,0.222460440411659,0.178061721614853,0.0717305049142916,7270.66633033252,8.9471901499707e-05,0.00335519630623901,96.8089553102889,0.0002371212800699,0.0004484685079583,0.00230420026502713,84.0250596510671,0.008907570450168,0.0106067023857492,548.429123780616,9.92461428400111e-05,2.78921359837567,0.00284505609474698,79.9574564867692,"Ilirney","Ilirney",35.1,435450,52,217725,296.024464831804,38245.8254132231,3.82458254132231e-05,2.435750715909,1.57018635624008e-05,0.0226953447779757,2.04258103001781e-05,4.9602484843735e-06,6.22577825920586e-06,5.69118868126901e-07,3.49304348337546e-06,1.40487559001696e-09,5.2682834625636e-08,1.39865455881011e-07,1.66544993708025e-07,3.72324598739939e-09,7.04179132399468e-09,3.61802381819037e-08,1.55834939396839e-09,4.46726826270939e-08,1,0.000443298598211046,0.000277920701285427,0.000124151327043013,0.000579307602825749,0.000560568317212537,0.00034704296842394,0.000157609867779857,0.000734079535225172,6.66226092107128e-05,4.54887461478335e-05,2.63291732926842e-05,8.04190587021181e-05,0.000413657217348622,0.000286221203196295,0.000162851505613365,0.000494296042896398,1.35495463598718e-06,3.82212881576686e-07,1.94034832896001e-07,7.61383668562364e-07,4.73590302060723e-05,1.43004693594637e-05,7.22756813195328e-06,2.91523183902671e-05,1.76871782363068e-05,4.73725924555631e-06,2.44589840439995e-06,9.39385075536249e-06,2.19079877653166e-05,5.6166955430225e-06,2.81398010356427e-06,1.12028146808592e-05,3.21943194552222e-05,7.24128447552542e-06,4.17038891017194e-06,1.59244781233777e-05,0.000167337662427964,3.71925315412993e-05,2.16045919045854e-05,8.24311075043366e-05,6.32539011594654e-06,1.65227014021802e-06,8.89924709158329e-07,3.24918662423527e-06,8.4003334598491e-09,4.22526780079606e-09,2.75016371368276e-09,8.11082255319476e-09,0.000478066085790701,0.000112754585531762,5.84314942103085e-05,0.000271716307340497,4.53674467319049e-07,0.000442935775232373,0.000697615152539546,0.00114055515303972,38.8351035942361,61.1645259486414,9.88593889837389,3.98829868302295,24.3671426624775,0.0335111266261909,0.415346792562458,0.144865431173102,0.000370457122528025,25.0949024633733,30.4275481548637,1.25381655778339,0.492452778636203,0.634891215582737,3.26091477840213,2.58852924365333e-05,1.02962984527703e-08,1.00525801333987e-05,1.58326164092251e-05
1,"Ilirney Lake (EN18208)","Ilirney Lake","JK099L-4","ESH139",42,982.5,0.12,1.9,37.3,82,197.88,13,2,325,6.27,1.604106667,30.69119973,0.09,1,0.03088665,-0.302799197473963,0.238058200945226,287.6965762,10.69329737,"Ilirney","Ilirney",42,42,0.555397542363216,0.431333611793913,0.74362632927789,0.172254357356464,678132.959156795,0.00216400172375657,0.0004394815791562,0.00090344120876552,0.00168914151681981,1789.24910689341,1.41948782712611e-06,0.00010291286746664,71.7026198403532,0.00018418257690337,0.00224168020211752,0.00196441610785438,3017.2279455628,0.00095293274277355,0.00223561046637987,2191.33269757711,3.17822645312757e-05,21.8424248636483,0.00295042582410497,2027.68604846779,"Ilirney","Ilirney",42,197880,53.3,98940,310.833333333333,16965.690080429,1.6965690080429e-05,4.345661776929,3.9040521217043e-06,0.0495454811862956,4.4590933067666e-05,2.16830095365247e-06,1.68394890228641e-06,8.44837552100361e-09,1.71575899155472e-09,5.54175446322512e-12,4.0177719858381e-10,3.72029909626658e-09,8.72793978457468e-09,7.19058380140568e-10,8.75163634925944e-09,7.669182873779e-09,1.24079617275894e-10,1.15186161985282e-08,1,0.000191763625645544,0.000121265688814093,5.48366596406187e-05,0.000252266989401993,0.000151613919475185,9.65197063527365e-05,4.26467551763973e-05,0.000197628327351515,9.9971729376183e-07,6.79983042482771e-07,3.88316989158667e-07,1.18346627034877e-06,1.99426499802134e-07,1.36694554420457e-07,7.86156577237011e-08,2.39244286325894e-07,4.96150654672998e-09,1.50157216955965e-09,7.43409140963237e-10,3.01278173769511e-09,3.69544856911147e-07,1.09149250165865e-07,5.31579729773484e-08,2.19952656852895e-07,5.17266878673195e-07,1.27027744547997e-07,6.49986311241874e-08,2.54824406847808e-07,1.08594002061518e-06,2.91692866963838e-07,1.46463989414388e-07,5.99868831307037e-07,3.81920886411189e-05,9.08462011956868e-06,5.21950361793727e-06,1.99247071948035e-05,3.17471835488031e-05,7.66148209693686e-06,4.53272381057558e-06,1.67664376564532e-05,1.43085948373986e-06,3.16250563099678e-07,1.73200700482455e-07,6.29705011206322e-07,6.69154497433691e-10,3.31949314437909e-10,2.17179339708441e-10,6.34442973552086e-10,0.00013221103959203,3.01392379782074e-05,1.51579569864976e-05,7.15117087059856e-05,4.16381312528714e-08,0.0001525296897146,0.000113803345240792,0.000266333366904707,57.270214200827,42.7296611623998,11.3163582650127,0.255312749726198,45.5315420006991,0.00056379423540157,0.0476950169722621,0.118742374181314,0.000124636773189849,0.051324607205287,36.240185551843,0.0409821913920827,0.109521713465292,3.41099586024425,2.87665123824989,1.31956148192599e-05,2.06298124862164e-09,7.55715687210621e-06,5.63844150056517e-06
1,"Ilirney Lake (EN18208)","Ilirney Lake","JK099L-5","ESH142",45.3,1006.5,0.009,1.6,23.4,78,126.32,13,2,325,5.3,1.615058333,32.63837787,0.09,1,0.030997091,-0.195760622430062,0.189224631989357,288.6653973,10.66227779,"Ilirney","Ilirney",45.3,45.3,0.511609391336436,0.425874380878629,0.679816563812178,0.173101988456022,277230.826151895,0.0122518064475509,0.00219473438629552,0.00479741544885126,0.00958557179131498,4272.1021623034,4.15827876326328e-06,0.00028969342050734,86.8972368049047,0.00022013935079674,0.0182667384987876,0.0183603942752231,10896.4016182038,0.0013499736468971,0.00639031914973856,2288.94390523551,0.00014053776921637,41.5595480371284,0.00304773256115866,901.269377520716,"Ilirney","Ilirney",45.3,126320,50.7,63160,2600,1231.62,1.23162e-06,3.57016597289,3.44975558378038e-07,0.0500621101183093,4.50558991064784e-05,1.76492735447735e-07,1.46916252342506e-07,4.22657377038352e-09,7.57129720403778e-10,1.43450453824829e-12,9.99371494979634e-11,4.65707912633964e-10,2.20450391689493e-09,7.59426954620842e-11,6.30157831336486e-09,6.33388726713603e-09,4.84820954086211e-11,1.05139324207264e-09,1,1.55851564668001e-05,9.82487524762272e-06,4.54235758193894e-06,2.01951770558915e-05,1.30233534478523e-05,8.10747770230905e-06,3.67353978308998e-06,1.69647366599034e-05,5.01747660190063e-07,3.38435852243529e-07,1.96522360204375e-07,5.88820169157827e-07,9.00305774006482e-08,6.11240172812098e-08,3.47223825006778e-08,1.06264610685266e-07,1.25829246423831e-09,3.96470003463015e-10,1.96097190507326e-10,7.99341824611157e-10,9.34140446653502e-08,2.75034836168428e-08,1.38714137334116e-08,5.58643339489358e-08,6.17773636272847e-08,1.59715891238361e-08,7.98649379342517e-09,3.19451246826195e-08,2.90609071937666e-07,7.41143761238179e-08,3.8310027982202e-08,1.50875841145135e-07,2.71752160878869e-05,6.45072911972496e-06,3.67599927363955e-06,1.38129138007107e-05,2.70127373840681e-05,6.53128783180539e-06,3.77657418162469e-06,1.44531283492928e-05,1.26851020623659e-07,3.36940348359047e-08,1.80930827300656e-08,6.74838065732442e-08,2.68525443710694e-10,1.30488184910742e-10,8.49538036068117e-11,2.53333477344008e-10,1.25045982082965e-05,2.70198787144711e-06,1.37789084110458e-06,6.36000118441061e-06,1.65828670970093e-08,1.29153610652766e-05,2.12522365308613e-05,3.41677280843227e-05,37.7998824897069,62.1997356055186,7.90801151536579,0.990513186619551,28.7548391376092,0.001160363962405,0.0467446623445951,0.0986136238053375,0.000381904774554249,0.178894005274104,23.7284658854126,0.0804955001660246,0.216913386634635,18.8795962781171,19.1153705499142,1.71050856584981e-06,8.30173318687769e-10,6.465702278676e-07,1.06393180546833e-06
1,"Ilirney Lake (EN18208)","Ilirney Lake","JK099L-6","ESH154",54.6,1075,0.638,6.1,60.3,83,265.05,13,2,325,6.52,1.906683333,15.58928347,0.09,1,0.031371321,-0.092172854322455,0.379948702140714,291.3251422,10.65453081,"Ilirney","Ilirney",54.6,54.6,0.556978197230229,0.409770810078565,0.551724076001686,0.286477075183234,85738.0692111949,0.00321206071953197,0.0100088035241911,0.00492364593414951,0.00809805623219595,1172.51878718307,7.1748436459404e-06,0.0004854977533753,43.6936546120228,0.00034313966625411,0.00657881567025121,0.00531748158671024,1085.47894240922,0.00190475659684471,0.00297495489094818,432.766972717888,0.00014398185240978,12.7693185446667,0.00227432558704438,201.703113338205,"Ilirney","Ilirney",54.6,265050,53.95,132525,94.5141065830721,75647.1600746269,7.56471600746269e-05,5.503578717756,1.37450855078295e-05,0.0598151748848929,5.38336573964036e-05,7.65571294692622e-06,5.63233482314244e-06,4.41500492463073e-08,1.37571860271072e-07,9.8618839418758e-11,6.67320813400262e-09,2.61810422952329e-08,4.08910093580183e-08,4.71648405379082e-09,9.04263839278515e-08,7.30892390956412e-08,1.97904287294811e-09,3.12607996665695e-08,1,0.000688126918802233,0.000429984433778933,0.000187630342535789,0.000912176241620914,0.000506331240823306,0.000312361239777881,0.000140986362954989,0.00066144440717735,5.14137513354368e-06,3.52052199035899e-06,2.05491411897147e-06,6.11428427819896e-06,1.61239382967446e-05,1.09615168741038e-05,6.31400651849754e-06,1.9033969624546e-05,7.83291925134593e-08,2.67418982254726e-08,1.3348011051097e-08,5.24599384081851e-08,6.10986804153248e-06,1.82483259768795e-06,9.42078398682359e-07,3.64283764300479e-06,3.14696768998808e-06,8.72571007185351e-07,4.50869097336209e-07,1.74845619269294e-06,5.41924797203579e-06,1.38823701231602e-06,7.01994934560351e-07,2.76639883495743e-06,0.000369399036608317,9.25314780527781e-05,5.38198063765001e-05,0.000199543297981713,0.000324116010797044,7.5025030873715e-05,4.3527245910907e-05,0.000164998094251761,8.88900519055674e-06,2.06876051407662e-06,1.08763632870171e-06,4.25840390541841e-06,1.06912896621426e-08,5.24237310883988e-09,3.43004797369007e-09,1.00754258885368e-08,0.000390606030450302,7.92905843482352e-05,4.04353124365844e-05,0.000190896438929064,2.75315828243474e-07,0.000515763613537014,0.000494092335188482,0.00100986119109861,51.0727234676606,48.9267574141522,7.85163199132118,0.348614445370367,42.5785679823147,0.0026480766328272,0.086405044067106,0.204855927954422,0.000519118187236883,1.08544787845337,30.9311064264258,0.180701329427538,0.137468102007741,9.16279176468948,7.42924191314818,6.04050237550293e-05,1.64680644149625e-08,3.08504907429808e-05,2.95542194385842e-05
2,"Salmon Lake (EN22502)","Salmon Lake","HS033L-6","EJF109",0.207,23,8.845299778,119.5,19,86,77.5351969,13,2,325,2.989,1.261941765,30.6002,2.032828694,9.236530928,0.055555556,0.162349846599485,0.189461074527521,324.386736,10.30021851,"Salmon","Salmon",0.207,0.207,0.1133698644658,0.179780702554493,0.183879378494261,0.0736259535276128,10821.06688042,0.00325893266136703,0.00066944321940927,0.00193343792598318,0.00185432558793546,145.008138887096,8.60751866755611e-05,0.00108072178825982,43.0699767357898,0.00214841257796853,0.591512664147528,0.0908996648600566,25269.1906541475,0.00301833337048654,0.00219160640079256,192.314506777225,0.00236945861098558,87.4638257073109,0.00961412015617864,354.886017325022,"Salmon","Salmon",0.207,77535.1969,55.9,38767.59845,2.14803347278933,1008880.34605015,0.00100888034605014,2.074360022,0.00048635739955952,0.0701078763941963,0.00142517302809527,5.51382724700017e-05,8.74376749853868e-05,1.58500601452206e-06,3.25588663344646e-07,4.18633039581262e-08,5.25617038585361e-07,1.46798876907356e-06,1.06590398994747e-06,1.04489635460174e-06,0.000287686561141316,4.4209724622169e-05,1.15240372840286e-06,4.67589847821181e-06,2,0.00492661539427669,0.00307195427984758,0.00136100960449855,0.00641614962642736,0.00788641297156763,0.00491185777190246,0.00218135994618233,0.0102317513980221,0.000184198425294834,0.000127870465119893,7.32227945186984e-05,0.000222850068458862,3.82483538277946e-05,2.59963618769538e-05,1.49725592427667e-05,4.50462433690019e-05,3.64703114664125e-05,1.14903478771913e-05,5.86008240881274e-06,2.33960662650629e-05,0.000457335741998523,0.000142731642307119,7.12285749436987e-05,0.000282377512538172,0.000189528482096866,4.90092807367151e-05,2.46794253889109e-05,9.78334960881267e-05,0.000146507506696604,3.55572468045453e-05,1.84763317669452e-05,7.16809235646218e-05,1.18843870144019,0.290478813740862,0.170552021248543,0.63083447455849,0.176111717121983,0.0454001845473882,0.0259045677014096,0.100981332189151,0.00173708296743304,0.000461397432059109,0.000246620349159873,0.000932292776100241,6.30701893080734e-06,3.08537870359786e-06,2.02225435684342e-06,5.8843958366579e-06,0.0599548018579685,0.0118817473504715,0.00602577532606637,0.0273355461079516,0.000341870857426266,0.015603469156112,0.340995141311141,0.356601695845957,4.37560150102379,95.6235332819176,3.33193798259561,0.0358580642238812,0.861452515687022,0.00322217981884047,0.0137434233509327,0.129387335347508,0.00086521705856684,0.00729002755168714,1.3774072947831,0.040025508563138,0.00997113788822395,81.4574964518233,12.7313428613082,0.0250005876143291,2.39678398152185e-05,0.00109392608691735,0.023906445218063
2,"Salmon Lake (EN22502)","Salmon Lake","HS034L-1","EJF107",0.573,43,8.327165063,112.5,26.3,81,115.6043956,13,2,325,3.394,1.324783686,32.4726,2.143803417,9.315719921,0.037037037,0.0762171841602825,0.186394947783864,289.2867824,10.3244676,"Salmon","Salmon",0.573,0.573,0.0433002307117038,0.109613062404847,0.105946013314446,0.0265507810312665,8879.8278445712,0.00118993240684051,0.00013290578471772,0.00064210523980133,0.00063791265317863,76.8185366219779,5.73818974731674e-05,0.00086790119928165,53.7321147116494,0.00078772182264268,0.642517992775245,0.193096259339385,48570.6990285114,0.0015043638598334,0.00105218512739793,148.46135623751,0.00082442841193744,47.8753823096192,0.00505563425869461,293.585737036655,"Salmon","Salmon",0.573,115604.3956,52.65,57802.1978,3.15833777774605,963571.957253362,0.000963571957253362,2.291879956,0.000420428633153665,0.0490660623953784,0.00105187992221947,1.820465681336e-05,4.60844700026572e-05,5.00281655353207e-07,5.58773974070863e-08,2.41249927224075e-08,3.64890514926411e-07,6.32477641355529e-07,4.42368754936527e-07,3.31180809198976e-07,0.000270132961479133,8.11831963811433e-05,3.46613310363905e-07,2.12553340110782e-06,2,0.00160063364891235,0.000986530404633104,0.000449187967780381,0.00209269946119973,0.00410658282797459,0.00257298766046465,0.00116572707382766,0.00536849082430848,5.9421347533069e-05,4.02997519857131e-05,2.32915376240944e-05,7.06949898395356e-05,6.65406440954818e-06,4.45770282723685e-06,2.57789881129053e-06,7.91062135497954e-06,1.99215797175879e-05,6.51024082930189e-06,3.22162905958403e-06,1.30824745019999e-05,0.000318418922015843,9.92717404493309e-05,4.96963372156537e-05,0.000197407669540328,7.84860874213475e-05,2.13159012406605e-05,1.08609632316191e-05,4.15702105185353e-05,5.94431270390976e-05,1.4736996993004e-05,7.43418083209016e-06,2.9566914813646e-05,1.12163716653251,0.272749620632714,0.15858211897068,0.595781133508938,0.380851979817545,0.0806686663239453,0.04783288870905,0.176972204523025,0.000590724149360134,0.000147779468318916,7.92110184208339e-05,0.000293558967261947,1.89624474605075e-06,9.35612128225263e-07,6.14966064789398e-07,1.78150748405176e-06,0.0257459987981918,0.005307883256477,0.00273861334036794,0.0127205465675854,0.000355583347284888,0.00651031902348469,0.356109741057393,0.362620995693006,1.79535082105293,98.2043911651698,1.46375508299873,0.0111134634961487,0.272055511498374,0.00179532925744141,0.00587828655644267,0.0407531472457886,0.000258013777287554,0.00122930080722925,0.709552864016438,0.027376170058662,0.00406402198660342,75.2161689125201,22.2459998957807,0.0177923844005473,1.74470747046378e-05,0.000319435719420119,0.0174729027743241
2,"Salmon Lake (EN22502)","Salmon Lake","JK157L-2","ESF036",1.18,63,2.37,30.4,74.8,87,263.937897,13,2,325,3.621,1.387625607,34.345,2.254778139,9.394908913,0.083333333,0.162332916387407,-0.0927015886640605,254.1868288,10.34871668,"Salmon","Salmon",1.18,1.18,0.119794979656279,0.226795528337619,0.241754300715207,0.056875858858992,12176.7643173496,0.00763807898744525,0.00161268295736324,0.00502850031973646,0.00402278469790328,325.007019406957,3.977766250986e-05,0.00170049507229652,61.1410019919524,0.003933480735939,0.516953390277399,0.0863639584552807,21334.543391721,0.00636751979641019,0.00404035470752,365.659854946579,0.0105582684439752,370.94364524218,0.0142014849099631,498.940769341735,"Salmon","Salmon",1.18,263937.897,56.55,131968.9485,31.5611814345992,236456.422049328,0.000236456422049328,2.37736755,9.94614493031708e-05,0.115635466787458,0.00260732322605421,1.19149822958574e-05,2.25574119439379e-05,7.596944059834e-07,1.60399784205871e-07,3.95634396312308e-09,1.69133704423512e-07,6.33322747417588e-07,4.01859534908828e-07,3.91229694802596e-07,5.14169334191778e-05,8.58988447552105e-06,1.05014068156971e-06,1.41250027140204e-06,2,0.00105976334201557,0.000674304588578133,0.000299585638274443,0.00139353837158485,0.00200546444115736,0.00125008000496403,0.00057537336638866,0.00262572035321594,8.831691727045e-05,6.06426885706464e-05,3.54552857404261e-05,0.000106186518275054,1.89047844466375e-05,1.2948135114006e-05,7.49042467777252e-06,2.23851617185584e-05,3.4511623027344e-06,1.08280924961421e-06,5.3864378237463e-07,2.18314633596386e-06,0.000151039234234582,4.67524440873844e-05,2.35658767367424e-05,9.19277983009755e-05,8.47502834455294e-05,2.13765052474131e-05,1.09759372047342e-05,4.29116358424488e-05,5.1780853229253e-05,1.35283690708006e-05,6.84552504440839e-06,2.74150881046442e-05,0.212867418695251,0.0532068663691571,0.0304935086658856,0.11705101556902,0.0347867991683125,0.00872331968615415,0.00508904395529747,0.0188233583927251,0.000554740767227346,0.000172411762388657,9.27735361887722e-05,0.00034833132272345,5.7205266491385e-06,2.81563530910936e-06,1.85036577364994e-06,5.45731438096979e-06,0.0180589502436416,0.00355721297978063,0.00186642730030177,0.00827191793829283,6.40689608731862e-05,0.0044870313338151,0.0632534950085475,0.0677433419776717,6.62357539917949,93.3722682730887,5.25101489819191,0.0895183006923903,0.995381345077993,0.00159839951499751,0.0315551382960393,0.254507317406165,0.00415632773186389,0.0191135168948024,1.84531788434066,0.0690140797936925,0.0199700349523051,78.541838675001,12.8770140821062,0.00783353297133047,7.40864419715828e-06,0.00051885996277566,0.00731434742125154
2,"Salmon Lake (EN22502)","Salmon Lake","JK157L-3","ESF034",2.498,158,3.82,40.4,107.5,88,388.2267967,13,2,325,6.196,1.435530885,34.5058,2.612795459,9.454551806,0.071428571,0.26815913864686,0.041561143729011,300.467103,10.54057111,"Salmon","Salmon",2.498,2.498,0.0622628850608423,0.112319017677762,0.119229681945124,0.0304122225425195,6970.18246683877,0.00502500909721593,0.00113715325212795,0.00290052881184804,0.00311749978137015,246.024331797554,4.8715632261004e-05,0.00084643411053494,35.7388534811283,0.00128227034909793,0.731348155203663,0.0673113983711119,31937.6773201606,0.00362366029737389,0.00196712987571725,223.212297660664,0.0063162596938484,252.176668276897,0.00651191137844403,259.988061784378,"Salmon","Salmon",2.498,388226.7967,57.2,194113.39835,28.1413612565445,394553.990633194,0.000394553990633194,4.058020632,9.72281874374646e-05,0.102537919741915,0.00267910611076982,6.05370745909289e-06,1.09205745035653e-05,4.88572526379075e-07,1.10563349543019e-07,4.73653262460749e-09,8.22972543525548e-08,3.52321922602767e-07,1.91260472270073e-07,1.24672821847597e-07,7.11076555161857e-05,6.54456525750432e-06,6.14118481417195e-07,6.33141340079515e-07,2,0.000547390445008958,0.000342911242754115,0.000153201367026361,0.000724571004639346,0.000971032197959719,0.00060999319906691,0.000275379971782051,0.00126128061865046,5.75050556950336e-05,3.9481372829611e-05,2.27069652162077e-05,6.87132077085153e-05,1.296461967498e-05,8.94225399622777e-06,5.18560790120914e-06,1.55416732197785e-05,4.30236414520693e-06,1.30970390986202e-06,6.50921598856906e-07,2.62706285830625e-06,7.48414943918714e-05,2.23096268485028e-05,1.09832462035184e-05,4.4694872125119e-05,4.37567388041635e-05,1.18741993483464e-05,5.99616661976928e-06,2.38442732566271e-05,2.4819525318505e-05,6.43131521744774e-06,3.25788714684511e-06,1.28488962583704e-05,0.280525944507109,0.0725170958117483,0.042070938508828,0.158609149133586,0.0289335362531861,0.00670791516730325,0.00386408193468642,0.0148197501506178,0.000200567823575063,5.5260028824515e-05,2.94138920573326e-05,0.000112460370889273,3.30260621046865e-06,1.66009414696401e-06,1.08158396457033e-06,3.1630586042513e-06,0.00689144408753272,0.00157540507539606,0.000833787571174651,0.00364088170743344,7.96547695988843e-05,0.00202624162306251,0.0798726873741807,0.0819005890913902,2.47402570059843,97.5239473370007,1.92355768483926,0.0482064576917206,0.418692034524283,0.00159913857078679,0.0144983076191263,0.0674720773532559,0.00202696240085839,0.0109184245137107,0.744797083676942,0.0272398856906978,0.00785258725095523,88.5428256576139,8.19031369825449,0.00839791603106855,8.16763437219116e-06,0.000207766600923312,0.00818997920754483
2,"Salmon Lake (EN22502)","Salmon Lake","HS034L-3","ESF033",3.655,208,2.69,29,36.3,87,139.2672166,13,2,325,4.617,1.410865159,34.0126,2.277940651,9.040108031,0.083333333,0.286658885614455,0.103699827092539,359.4436804,10.3277151,"Salmon","Salmon",3.655,3.655,0.0552936706735393,0.125072111664703,0.125669480553028,0.030110848147112,7210.66324631825,0.00428530229242961,0.00102312207070261,0.00260527207169081,0.00257461078387636,212.2201891893,5.24264118084641e-05,0.00093319013019066,39.402978116041,0.00244354987938013,0.716801888731,0.0679840791736596,31471.8616619703,0.00537818361293982,0.00238201301960515,310.237140975883,0.00732259924667814,292.742872683699,0.0110278630933637,440.871910746492,"Salmon","Salmon",3.655,139267.2166,56.55,69633.6083,13.4944237918216,291807.980104459,0.000291807980104459,3.046638258,9.57803176462503e-05,0.117572096113045,0.00267822257159184,5.29604534093875e-06,1.19794465839325e-05,4.10447614779113e-07,9.79949569227854e-08,5.02141837606782e-09,8.93812470940071e-08,5.15124134807234e-07,2.28149963655285e-07,2.34043983631486e-07,6.86555125920874e-05,6.51153669814095e-06,7.01360881843026e-07,1.05625223004174e-06,2,0.000471574270868123,0.00029729283169211,0.000134221270488277,0.000614880365224933,0.00107109431627717,0.000660337574684093,0.00029928040610354,0.00139236828489647,4.81293745063842e-05,3.28070071475375e-05,1.89412328916401e-05,5.76098745552692e-05,1.13508618556663e-05,7.8354399864097e-06,4.4758600790168e-06,1.327679708176e-05,4.03284557894701e-06,1.35072211668434e-06,6.58535201455441e-07,2.67155507205228e-06,7.53834654257868e-05,2.44925627889211e-05,1.23377194051614e-05,4.95016776379481e-05,7.09036982041416e-05,1.68410908629694e-05,8.4188794254681e-06,3.37542795606239e-05,2.87740738641332e-05,7.67124151913686e-06,3.86186004812987e-06,1.54035340262668e-05,0.322234046016965,0.0709876606252723,0.0410734616383098,0.158605953224242,0.0252302000278889,0.00662547585986279,0.00385141521558438,0.0148401213482993,0.000362168163568809,0.000103114048766965,5.53746396563231e-05,0.000205835992358985,3.92861100703959e-06,1.86503614978817e-06,1.23940180868477e-06,3.60624823113624e-06,0.0130601296639415,0.00268591015120504,0.00136768514160179,0.00645524236155269,7.79963831496772e-05,0.00313731585179131,0.0783134733041137,0.0814526541920548,3.85170487433587,96.146005407584,3.29751090108374,0.0402773948534357,0.364988513438902,0.00165829110184613,0.0206759264385176,0.126593847419429,0.0022897180801385,0.00961962512349168,0.810701113713376,0.030069692672225,0.00941803750317217,87.1520533362764,8.13414360229536,0.00957655928733088,9.17019825614372e-06,0.000368860800863788,0.00920747921025764
2,"Salmon Lake (EN22502)","Salmon Lake","JK157L-4","ESF031",3.773,308,4.32,40.5,140,89,499.7322863,13,2,325,6.711,1.284524156,29.1869,2.124432625,8.147299587,0.05,0.0941385433787823,0.0537455337415493,243.9625952,9.95336377,"Salmon","Salmon",3.773,3.773,0.129312411035155,0.785608753049415,0.853631357873187,0.0388646040865781,338250.014046722,0.00207818670686163,0.00030287894346617,0.0008768581544097,0.00147613289628898,880.28949518879,4.8897959232832e-06,0.00023960000024087,90.3888556010746,0.00019616420866396,0.0671315905531869,0.00978649483814331,28509.4465341163,0.00121927360182087,0.00120274107840635,895.428515338724,0.00210104654880974,776.765313281155,0.00081596963990747,301.667239752355,"Salmon","Salmon",3.773,499732.2863,57.85,249866.14315,32.4074074074074,446032.482620734,0.000446032482620734,4.752267141,9.38567781201958e-05,0.0642262078,0.00136444251230349,1.21368462707141e-05,7.37347064242427e-05,1.95051908638252e-07,2.84272417941837e-08,4.58940491024629e-10,2.24880840602062e-08,1.14437091913913e-07,1.1288540253203e-07,1.84113406076971e-08,6.3007547994063e-06,9.18528874598058e-07,1.97197459751839e-07,7.65842814456115e-08,2,0.00105046181946042,0.000657025610461873,0.00029810622321195,0.00137545232408833,0.00646437785370301,0.00407903171395708,0.00182330762155608,0.00854472821181181,2.2714537844423e-05,1.55641667553572e-05,8.93772712307452e-06,2.69379698978022e-05,3.33365067799595e-06,2.28244198396447e-06,1.29259811270194e-06,3.96374243621289e-06,3.89957627439369e-07,1.24602590429536e-07,6.18874737328701e-08,2.45583949512464e-07,2.04598461575533e-05,6.21748075611484e-06,3.10357612017244e-06,1.24588783993174e-05,1.47229138117065e-05,3.88147105942225e-06,1.94536034074159e-06,7.6348880977385e-06,1.28633102533698e-05,3.78371588047339e-06,1.8972930621033e-06,7.46543838200439e-06,0.0265861714166094,0.0064632372697973,0.00376436641513672,0.0143487556019832,0.00394262274276051,0.000968540170720024,0.00055956619537989,0.00210201009965269,3.14456925901364e-05,8.08661026122825e-06,4.37923618521433e-06,1.58235155240383e-05,1.10146714063809e-06,5.38448469513033e-07,3.47992657162951e-07,1.04916289363208e-06,0.000876031677628108,0.000194794220154782,0.000100050829132683,0.000462000659202448,7.76174627480668e-06,0.000879476681283092,0.011523092793095,0.0124031079228476,7.0907766565751,92.9048821051412,1.57052749493499,0.125486022150035,5.29726593164264,0.00100460780640316,0.0312943423823012,0.0651982576587279,0.00434123828368183,0.0184021778909141,32.8871742415719,0.0501284097081968,0.0305061917062212,52.109820457915,7.808850626349,0.000796604586818634,4.9850752913661e-07,5.64854520873423e-05,0.000740084552227999
2,"Salmon Lake (EN22502)","Salmon Lake","HS032L-3","ESF027",3.852,460,1.325,12.05,46.5,86,184.3774782,13,2,325,3.436,1.149355244,25.91884615,1.566670342,9.247376025,0.066666667,0.154887137872008,0.131245218842349,320.6603209,10.24346571,"Salmon","Salmon",3.852,3.852,0.176031921261014,0.393590076602602,0.485529885857298,0.0505658284955767,57980.6839185417,0.00965213856377658,0.00159529483637787,0.00427938359716527,0.00685043140747213,1144.85375093492,1.45766440157981e-05,0.00101307675909797,104.602784596144,0.0042219156309462,0.334634202601405,0.0560222355763514,40193.8778774802,0.00382532227573244,0.00245613314093339,639.376783951581,0.00869350186578887,884.894167914918,0.00824960424195866,839.710716580488,"Salmon","Salmon",3.852,184377.4782,55.9,92188.7391,35.0943396226415,146842.783511597,0.000146842783511597,2.545428446286,5.76888278772295e-05,0.0766236833164518,0.00120044052146685,1.01550752065247e-05,2.27057501833131e-05,5.56820560252876e-07,9.2030689229236e-08,8.40909507655024e-10,5.84432107820243e-08,2.20678358339661e-07,1.41691442010865e-07,2.4355736414584e-07,1.93046549157064e-05,3.23185710546174e-06,5.01517932785868e-07,4.75909999169616e-07,2,0.000897567012859135,0.000573269141567435,0.000253865193400286,0.00118074736857044,0.00207518270236985,0.00129578855542969,0.000573032642814142,0.00273139276395362,6.6987140755212e-05,4.49786102224542e-05,2.59765880155284e-05,7.88177369696228e-05,1.07482212913636e-05,7.32054239284234e-06,4.17733737992185e-06,1.27706488181155e-05,7.3604067662359e-07,2.29514371621627e-07,1.13296100861506e-07,4.5469304809395e-07,5.61224910043133e-05,1.62517057668918e-05,8.02821694210793e-06,3.34828761919526e-05,2.92524287248915e-05,7.46926240354649e-06,3.88523188713106e-06,1.45236054844644e-05,1.84446645730289e-05,4.76775165765039e-06,2.43478609301987e-06,9.55165292302701e-06,0.0826577176413521,0.0195423732227402,0.0113337082326572,0.0439942765585179,0.0135598624190065,0.00325423544756658,0.00189239882657882,0.00730083230099911,0.000423133763863059,0.000110738973169443,5.83217467147353e-05,0.00021542030055053,2.6877474909121e-06,1.34970715463737e-06,8.74506723062564e-07,2.57671508388126e-06,0.00609552536326214,0.00122063212862397,0.000620014179469605,0.00279485311010677,2.41791512379097e-05,0.00195731763035847,0.0241207372255539,0.026079404563067,7.50522361668631,92.489601007659,4.68044477653681,0.172467933896588,2.19816806085859,0.000880059861284792,0.0286404637248669,0.424622321808177,0.00517537565466041,0.0280702052653822,4.96862783924427,0.0623162454786528,0.0182816737480363,74.9341234976494,12.4781815462733,0.00199830003632207,1.85269562731418e-06,0.000149976886258295,0.00184821973053019
2,"Salmon Lake (EN22502)","Salmon Lake","JK157L-5","ESF026",6.859,510,0.92,10.75,131.5,89,520.0711885,13,2,325,2.983,1.448271123,30.83744,1.688134186,8.59187976,0.090909091,0.385151221487693,0.200919155089225,201.4240943,10.96872746,"Salmon","Salmon",6.859,6.859,0.120560615797545,0.262757894239701,0.271106220763259,0.0609388992757153,19003.3984536065,0.0101885698493358,0.00346930847696075,0.00467894699980279,0.00878411286901601,677.102975904477,6.28987682431679e-05,0.00110422282026895,57.8612198720767,0.00456236902128088,0.521668541383733,0.0531657303294041,28724.1678610495,0.0048423119807207,0.00344510321128358,410.856895558804,0.00630075275082891,312.366118375094,0.00787168137069486,390.246475633568,"Salmon","Salmon",6.859,520071.1885,57.85,260035.59425,142.934782608696,105244.215948087,0.000105244215948087,2.0631191648,5.10121847267557e-05,0.131661011313479,0.00222261454161617,6.15006040383578e-06,1.3403854239369e-05,5.19741207255771e-07,1.76977004900821e-07,3.20860358470587e-09,5.63288184870588e-08,2.47016913265106e-07,1.75742241416737e-07,2.32736411305208e-07,2.66114519992042e-05,2.71210005669644e-06,3.21415163242898e-07,4.01551664192047e-07,2,0.000544766399710473,0.000338135813805607,0.000155301043763616,0.000715329766136917,0.00118707328206829,0.000755364080311477,0.000335433018168075,0.00153216250413418,6.0868955159296e-05,4.18395651537736e-05,2.38061838771226e-05,7.31629311032725e-05,2.05153020307437e-05,1.38999545327467e-05,8.06062182361259e-06,2.4330811987608e-05,2.96482569757322e-06,8.71099988047645e-07,4.30440213992189e-07,1.73621160831861e-06,4.72671593300879e-05,1.52440366202015e-05,7.76685739501296e-06,3.03662149554683e-05,3.10506080184204e-05,8.32868748394765e-06,4.26566069992844e-06,1.67475344091801e-05,2.4649189236758e-05,5.95172090091585e-06,3.01894702835203e-06,1.20461025311382e-05,0.110258556044551,0.0273074872281498,0.0158601132355555,0.0601392464840901,0.0108020106580604,0.00283543673429518,0.00160148102924602,0.00623915909720842,0.000383314665304311,0.000103930913184529,5.55099670777323e-05,0.000209114486482045,1.80342270757623e-06,8.7214450350789e-07,5.6988207459259e-07,1.67944346335377e-06,0.00493498143259171,0.00102396555050499,0.000519590716612983,0.00240672255585649,3.07615518713944e-05,0.0015170716301209,0.0309333837548103,0.0324513275294347,4.6749139268489,95.3223985266934,3.155388788259,0.128930211301289,1.04197837052707,0.00268432774362627,0.0256651672459106,0.320267061771999,0.00268754645774296,0.0428332385482193,2.32768314216523,0.0469750786200487,0.0183404543173692,84.1490604764343,8.73750613660816,0.00427257460099033,4.05009702895983e-06,0.000199739185056706,0.00407272058850628
2,"Salmon Lake (EN22502)","Salmon Lake","HS032L-2","ESF025",7.576,555,1.925,21.6,64.4,83,271.4436249,13,2,325,6.945,1.897510031,30.32586,1.550055937,8.792097024,0.033333333,0.497800765064813,0.121420040802879,251.2883079,9.626172107,"Salmon","Salmon",7.576,7.576,0.0977976802297823,0.21975097514018,0.223897510198332,0.0513969345532956,10063.4344373295,0.0122003107199496,0.00468181894044443,0.00497467584606923,0.011746605280028,535.011571067549,3.52392746750435e-05,0.00140957098700174,45.787482002799,0.00445229209391712,0.593674718886556,0.0483400000242494,20487.1860457506,0.00439618123944701,0.00308461335585509,237.073861519719,0.00346100019129892,109.682557062454,0.00671559891664401,212.824045267365,"Salmon","Salmon",7.576,271443.6249,53.95,135721.81245,33.4545454545455,218869.863039273,0.000218869863039273,4.838869023,4.52316154867896e-05,0.0632503337341633,0.000980415553218712,4.42354706765352e-06,9.93969161038767e-06,5.51839763304117e-07,2.11766234092951e-07,1.59392932213493e-09,6.37571728853972e-08,1.98846379432905e-07,1.39522045237453e-07,2.01384364026932e-07,2.68528666089046e-05,2.18649629372825e-06,1.56546629852538e-07,3.03757387961142e-07,2,0.000393571150781587,0.000245279781989909,0.000110032615544709,0.000516840710263414,0.000891424832573793,0.000560683067385987,0.00025705497153291,0.00115799290026693,6.46921629953953e-05,4.48984568258091e-05,2.60575831763481e-05,7.80155266436111e-05,2.48689240988045e-05,1.70389580212919e-05,9.85331366159775e-06,2.98227986781567e-05,1.35699061034243e-06,4.35234271551219e-07,2.18610941060843e-07,8.75113476487629e-07,5.49937779891718e-05,1.74645534532075e-05,8.60009059622507e-06,3.48007176705626e-05,2.80055662255883e-05,6.81686954913619e-06,3.49572399542345e-06,1.3194898816696e-05,1.86792715912749e-05,4.70630716175668e-06,2.30103026348263e-06,9.40710010219414e-06,0.111351785774001,0.0272642041690671,0.0158440816892435,0.0616578282236158,0.00812093854794271,0.00221960270641157,0.00130185875412989,0.0048670518358689,0.000353388634957123,8.68848011966779e-05,4.77686821257788e-05,0.000175004787281396,8.57880283429666e-07,4.20719870000713e-07,2.74729961821712e-07,8.05172831863744e-07,0.00344550298730556,0.000762164605154435,0.000396888072764659,0.00184793741042474,3.01047708113513e-05,0.00114647974898752,0.0300836997615009,0.0312306002303584,3.67101413527447,96.327638724847,2.44044174473969,0.143764309666276,0.785382862259173,0.00139361481476792,0.021827532928777,0.27820407086579,0.00134713987850846,0.0545585352046125,1.79530032484282,0.0559212865727463,0.0150695379757121,87.2996483191645,7.10714072108661,0.00197534588728841,1.90413680080847e-06,7.25152267429203e-05,0.0019028040498733
2,"Salmon Lake (EN22502)","Salmon Lake","HS032L-1","ESF024",8.471,650,1.415,15.7,35.4,86,156.4986737,13,2,325,4.76,1.433768648,33.21352941,2.507723614,8.641412975,0.045454545,0.275629132612771,0.191148916122991,265.5597737,10.11243632,"Salmon","Salmon",8.471,8.471,0.111648063332998,0.215528243628273,0.230768276203227,0.052148969244819,8662.97425572052,0.0198102536495536,0.00484676291339459,0.00622623790692354,0.0182246562479424,652.868484553742,3.93696892762262e-05,0.00118109067828679,32.3153496123335,0.00476347827408453,0.553925531079636,0.0678841919386048,16590.4052238182,0.00444993022189813,0.00365033338515081,214.478779787442,0.00464332510400243,122.945962103776,0.00762942610484188,202.011944404003,"Salmon","Salmon",8.471,156498.6737,55.9,78249.33685,25.017667844523,174841.953978241,0.000174841953978241,3.179036000084,5.49984190092912e-05,0.0651713015301052,0.00163431611802159,6.1404669687641e-06,1.18537126514043e-05,1.08953263089849e-06,2.66564297549569e-07,2.16527066707949e-09,6.49581200123848e-08,2.44739126906061e-07,2.00762565040129e-07,2.61983774059756e-07,3.0465028458262e-05,3.73352323234653e-06,2.55375539666286e-07,4.19606373714518e-07,2,0.000534493594244778,0.000334090709874596,0.000153580689118667,0.000692411973748906,0.00104857425908577,0.0006591832959439,0.000287841017489861,0.0013922088087753,0.00012627411360762,8.72952664669655e-05,5.02785029720349e-05,0.000148338202600149,3.05906167203431e-05,2.09750138968817e-05,1.2353889035037e-05,3.65204441985244e-05,1.96574321466279e-06,5.91412677660375e-07,2.97521617759773e-07,1.1654377090181e-06,5.93833528620996e-05,1.78354733079771e-05,9.09769060164289e-06,3.57407837392687e-05,3.00086084716121e-05,8.08259440473581e-06,4.11973235590438e-06,1.63814750064474e-05,2.48156830795739e-05,6.76143940215712e-06,3.36588148556544e-06,1.35732551092254e-05,0.117155092132226,0.0307369634480214,0.0180337171656691,0.0666253568590078,0.0173170185737604,0.00382345230061144,0.00220478931476507,0.00847448871383319,0.000470332212048152,0.000116454605840356,6.26844706838953e-05,0.000229996446063517,1.41233442538355e-06,6.93113844588949e-07,4.53350645690536e-07,1.3602381811044e-06,0.00528605972072055,0.00107462838200773,0.000546369040101662,0.00258650853639779,3.56481424606747e-05,0.00162114297127205,0.0352651709711837,0.0368870070563004,4.39488887997258,95.6032321010994,2.91329784595301,0.236655867291503,0.905713790670726,0.00160330892869054,0.0219117652793012,0.315706301849355,0.00187901892807691,0.056862878207678,1.78703383263867,0.048351641218153,0.0183301382837517,83.3273445067196,10.3653091040315,0.00240397425940927,2.32323584129278e-06,0.000105651997404181,0.00229827709087373
2,"Salmon Lake (EN22502)","Salmon Lake","HS033L-4","EJF095",9.9,630,4.07,53.8,36.1,82,174.6492501,13,2,325,3.338,1.664841621,33.51156863,1.907860586,8.140447813,0.090909091,0.422691057907167,0.105413778924251,262.984213,10.24223379,"Salmon","Salmon",9.9,9.9,0.195972161374094,0.418993245551297,0.490459295913279,0.0673593914181604,46112.5660728935,0.0100152706285536,0.00264586727669594,0.00497193412905989,0.00755401798790292,949.382764687235,0.00012099711300888,0.0015608627578146,126.112580553828,0.0100333381760692,0.324272082662318,0.0204121356007157,26598.1412520297,0.00363862518240315,0.0024257501216021,454.731117795529,0.0038041492329993,285.25032608722,0.00610551432242827,457.815885952961,"Salmon","Salmon",9.9,174649.2501,53.3,87324.62505,8.86977886977887,524748.427610015,0.000524748427610015,2.2193838391306,0.000236438789162119,0.151349238424077,0.00288753246710412,4.63354205447743e-05,9.90662556452552e-05,2.36799846054615e-06,6.25585655185663e-07,2.86084108919317e-08,3.69048500505931e-07,8.60312132342197e-07,5.73541421561464e-07,2.37227032960387e-06,7.66704985837572e-05,4.82622062564621e-06,8.9944843844236e-07,1.44358041360692e-06,2,0.00407281987304473,0.00254465227545191,0.00112384290342232,0.00537808630379106,0.00898847489129893,0.00565751275538734,0.0026389039604949,0.0117344084198291,0.000276270255775707,0.000187867551394902,0.00010796265616866,0.000326527596566507,7.37148631852223e-05,4.97890022293983e-05,2.88991875789244e-05,8.72062859479292e-05,2.49064186465786e-05,7.753548236289e-06,3.90756881964134e-06,1.56447127771203e-05,0.000304426895938028,0.000100073269538058,5.07597457473709e-05,0.00019779186362827,0.000130889850986359,2.90110662926611e-05,1.45829366698983e-05,5.75847113686861e-05,7.13414529647887e-05,1.93354640719235e-05,9.78197952237237e-06,3.89389504277467e-05,0.321780934664057,0.0776718231119305,0.0447558748059335,0.175622085763662,0.0187357992204629,0.00481670975944992,0.002843531406418,0.0106872950783608,0.00398553004415894,0.00106296809286479,0.000569551777029019,0.00213704758928008,4.94474759915009e-06,2.44804626796965e-06,1.58552644200569e-06,4.67103892194208e-06,0.0166393689520793,0.00367667705877828,0.00189164831597364,0.00847541455705803,8.80435288563581e-05,0.00750892959301883,0.0883152433626071,0.0958266210018939,7.83595363638088,92.161491701624,3.83680131923425,0.196049437443056,2.65547532496384,0.00809122575253463,0.0302745374816959,1.10926179150549,0.00255466199514774,0.0519573806410374,5.90390509050249,0.104431595825632,0.0201775496931498,81.0545360984766,5.02648398648505,0.0145032861093893,1.3325321040578e-05,0.00113647077528341,0.0133664448241676
2,"Salmon Lake (EN22502)","Salmon Lake","JK157L-6","ESF023",10.248,655,2.67,40.6,125,88,521.1590577,13,2,325,4.513,1.376000405,33.13901961,2.657689371,8.766654265,0.045454545,0.420437204761115,0.0146493662309877,266.2036638,10.07998695,"Salmon","Salmon",10.248,10.248,0.132967304924733,0.32330885874166,0.323202179909114,0.0698456059555053,15711.8696958522,0.0170772714510616,0.00570784109814948,0.00745774330263589,0.015098531385351,784.605350632083,8.46393766232967e-05,0.00220062379220571,78.693037218627,0.0174941019653866,0.436902043125406,0.0385922520048454,16976.0554539883,0.00483246239721206,0.0030309204155314,270.775587156821,0.0074608648682338,256.914881737631,0.0103408158389513,356.085993414287,"Salmon","Salmon",10.248,521159.0577,57.2,260579.52885,46.8164794007491,318373.983712699,0.000318373983712699,3.0174360450007,0.000105511427239753,0.0625454723290907,0.00166226437013199,1.4029570118832e-05,3.41127791250882e-05,1.8018472841622e-06,6.0224246072347e-07,8.93042142820701e-09,2.32190957133382e-07,5.09880004612282e-07,3.19796738892823e-07,1.84582766664571e-06,4.60981581341257e-05,4.07192358942745e-06,7.87206500690279e-07,1.09107423799119e-06,2,0.00124356368138156,0.000789230221735934,0.000357319316851275,0.00165890862381006,0.00300636739652454,0.00191664918459896,0.000843361434262758,0.00395752686039008,0.00021237422109588,0.000144204908648295,8.25981285553956e-05,0.000251166812802422,6.97345316430105e-05,4.79800860314956e-05,2.75741526842807e-05,8.30145962482669e-05,7.50619284571596e-06,2.46708689757977e-06,1.22910023149181e-06,4.92573564123558e-06,0.00019635233735756,6.3519439798836e-05,3.22642454965422e-05,0.000124470463308059,6.25944615287643e-05,1.68441284937788e-05,8.57486164627563e-06,3.37957334660192e-05,3.7485622694381e-05,1.08339309584889e-05,5.57292216167487e-06,2.17902452434204e-05,0.196738800594243,0.0476732914335497,0.0275066359775514,0.104105041446838,0.0166826701114663,0.0041593062340335,0.00239005350732662,0.00905065171625422,0.00337657529190861,0.000807772178108896,0.000429224128253831,0.00160818671625094,4.41650058690294e-06,2.13337197467216e-06,1.38925690099811e-06,4.14269775950001e-06,0.0141052839061192,0.00275500507967071,0.00141348379834231,0.00659888778842645,5.4964988250947e-05,0.00451552360355519,0.053871580308971,0.0583892372845008,7.73348619293202,92.2628600995118,4.71834400961084,0.246971728617824,1.35167071611232,0.00422524254865485,0.0288480022640234,1.38342649377836,0.00365370755620137,0.0821728254433488,3.28253848437873,0.108786212584587,0.0185546711386221,81.6473953945693,7.12341251139714,0.00365198242489446,3.4378111517184e-06,0.000282425556597517,0.00336942343553913
2,"Salmon Lake (EN22502)","Salmon Lake","HS033L-5","EJF094",11.025,680,4.68,57.8,42.4,87,187.9849257,13,2,325,2.529,1.378793137,33.1265,2.571728361,8.734187777,0.019607843,0.409591748169862,-0.314472472897654,263.1917867,9.719487412,"Salmon","Salmon",11.025,11.025,0.211053953590472,0.50100228482378,0.569855953895536,0.106521172821393,69599.2249675626,0.00475832896073113,0.00114405178026475,0.00169367299633447,0.0041486663548388,576.922303147901,1.21278287614457e-05,0.0008489480133012,84.1649971065712,0.00883969160335864,0.246142058599024,0.0149275533744516,26382.0149688141,0.00201097691381543,0.00137235586686053,330.700479314391,0.00274795507858253,268.596121200971,0.00513971356659753,502.376162853509,"Salmon","Salmon",11.025,187984.9257,56.55,93992.46285,9.05982905982906,586685.87884679,0.00058668587884679,1.691230815,0.000346898763695238,0.0270351593597735,0.000695270860696841,7.32143555735269e-05,0.000173797073213859,1.65065843373288e-06,3.96870148177178e-07,4.20712880365307e-09,2.94499016255715e-07,6.97605405222238e-07,4.76068553563825e-07,3.06647808865229e-06,8.53863758214023e-05,5.17834981059194e-06,9.53262219450331e-07,1.78296028200033e-06,2,0.00658297140234356,0.00413455288575869,0.00180989365066323,0.00868702738650793,0.0156182133268771,0.00951839796107615,0.00429033649023355,0.0205181146725839,0.000193755564055013,0.000131271403403059,7.47805123219724e-05,0.000231426021383127,4.68303199328726e-05,3.21660430824683e-05,1.87196818375348e-05,5.61179777303322e-05,3.43550662462056e-06,1.14118089531193e-06,5.73477650761742e-07,2.19325037656096e-06,0.000246246622567566,8.06746805805065e-05,3.94110374629454e-05,0.000160427498919218,8.59666160785014e-05,2.36449054410103e-05,1.23819768571066e-05,4.5766505061337e-05,5.78479044191896e-05,1.58007271582712e-05,8.06029670101508e-06,3.13975649786401e-05,0.374100470439983,0.0872502359662825,0.0504494434842993,0.190561237354591,0.0212298092592951,0.00537326198625413,0.00310149943959305,0.0115108286060629,0.00530569990518638,0.00135772651544331,0.000727949896703331,0.00275091603400218,5.14199474306436e-06,2.54719597231583e-06,1.68607972694477e-06,4.90181556982078e-06,0.0204056056125763,0.00456221117049166,0.00232799625947883,0.0109219913052955,9.78398063259426e-05,0.010210548061433,0.102270537364434,0.112483632621839,9.07736336695318,90.9203721293915,4.05588890059182,0.116702670729334,3.6756928891679,0.00101453061988893,0.021020751988427,1.20704362385582,0.00226450365528227,0.0285961986937316,8.46202930970074,0.0717212617516791,0.0140471344941285,77.5670503633276,4.77692786142371,0.00304101293329764,2.64511475575123e-06,0.000276043793991469,0.00276490027545714
2,"Salmon Lake (EN22502)","Salmon Lake","JK157L-7","ESF022",11.878,705,1.03,13.45,133.5,90,591.8864997,13,2,325,5.576,1.576008503,33.354,1.928574153,8.262605996,0.034482759,0.48004242850874,-0.129898220720749,256.0256908,9.226819416,"Salmon","Salmon",11.878,11.878,0.062246299425693,0.178559319669707,0.167423361610382,0.0385014679230526,8037.36914854718,0.0110048405478596,0.0029238493219522,0.00332867756268142,0.0104948061924716,464.897881784709,3.76895897457983e-05,0.00142278201290388,48.7461606816385,0.0118244040710098,0.686276621158735,0.0257550449749338,24160.1440552216,0.00377852162827493,0.00341116535885931,239.97018256958,0.00612037517325828,204.279762157841,0.0066390870670669,221.592809037492,"Salmon","Salmon",11.878,591886.4997,58.5,295943.24985,129.611650485437,133573.487039039,0.000133573487039039,3.71618096,3.59437520607283e-05,0.0543451213908998,0.00104808596456136,2.23736555325496e-06,6.41809191434028e-06,3.95555260120115e-07,1.05094115091178e-07,1.35470526909354e-09,5.1140123908281e-08,1.35814244562814e-07,1.22610081896984e-07,4.25013448194243e-07,2.4667356716004e-05,9.25732950891927e-07,2.19989247746233e-07,2.38633699448241e-07,2,0.000199019656705084,0.000126565553332222,5.68901536975652e-05,0.00026024244511924,0.000570168659463852,0.00036080037091811,0.000158460822664613,0.000751554159819027,4.69933359233331e-05,3.18714515278385e-05,1.8250728902807e-05,5.63024822030789e-05,1.22843273383581e-05,8.36223695813191e-06,4.77353674802234e-06,1.46446249044222e-05,1.19787727767696e-06,3.67560570131601e-07,1.8082878113253e-07,7.26222518647318e-07,4.17843530213814e-05,1.39563633978933e-05,6.85683311351742e-06,2.75022593480222e-05,1.68746690900532e-05,4.49599759007966e-06,2.30559293680866e-06,9.04767837107423e-06,1.72607718394415e-05,4.19540183890331e-06,2.10698441295681e-06,8.43363852396325e-06,0.0997466674916288,0.0250522404937434,0.0145731775827363,0.0540003825064761,0.00385302999087926,0.000949156852526069,0.000548717565182975,0.00216778466824932,0.000743416700663964,0.000184891285582453,9.95004360465008e-05,0.00036454693775941,1.19157806321221e-06,5.84920165682326e-07,3.83027489154457e-07,1.11643790892883e-06,0.00281790414323006,0.000598146651918288,0.000316334696943195,0.0014302297067269,2.67876452179218e-05,0.000946338500521013,0.0263887117193825,0.0273356351400692,3.46192248935109,96.5359377390186,2.18815713940194,0.116593052857662,0.46300571647117,0.00134462055938412,0.0164473865964406,0.676374573464493,0.00213977163027369,0.0305909737062387,1.31989020584066,0.0510555665759371,0.0153477386473951,91.6468205892215,3.47223266502696,0.00148555840998441,1.45577783114431e-06,5.14288806876965e-05,0.0014340977417393
2,"Salmon Lake (EN22502)","Salmon Lake","HS033L-3","EJF092",12.549,751,3.15,35.3,26.6,86,111.2040134,13,2,325,2.417,1.647396607,28.98532,1.457368678,7.979794525,0.090909091,0.429762597628616,0.0330518492382048,236.6759183,8.187967474,"Salmon","Salmon",12.549,12.549,0.0950315649395976,0.134820966050175,0.157119460420874,0.0404650977394599,7301.03579435914,0.00493233031921392,0.00103128504026238,0.00232696183103138,0.00351472832955443,189.428278278405,6.91591126833608e-05,0.00076939512860238,26.6358369202005,0.00585333759599483,0.668698546755864,0.0731344912951069,23749.5100360502,0.00315717580811869,0.00235042818147411,174.943533125426,0.00364049076956986,115.636548804617,0.00651082900333648,206.80997246198,"Salmon","Salmon",12.549,111204.0134,55.9,55602.0067,8.44444444444444,368070.652246974,0.000368070652246974,1.7164248156,0.000214440299919755,0.149763328058854,0.00218260383426012,2.0378597287491e-05,2.89110483952706e-05,1.05769039295553e-06,2.21149073336621e-07,1.4830500866004e-08,1.64989322134293e-07,6.77025727192366e-07,5.04026524175152e-07,1.25519146961671e-06,0.000143395916922232,1.56829822478014e-05,7.8066793248166e-07,1.39618412420171e-06,2,0.00181522552239906,0.0011591186036123,0.000516733027966225,0.00235206065139963,0.00260494323948692,0.00164198426226515,0.000729663862949888,0.00346170673796615,0.000125982466330282,8.49437654539015e-05,4.81337494004239e-05,0.000148722155685496,2.5697932046693e-05,1.7626596871012e-05,1.00679652389046e-05,3.04426774241172e-05,1.2771050038611e-05,4.04416810510512e-06,2.0313523337633e-06,8.02434303082252e-06,0.000142320205894636,4.47475447239141e-05,2.21843296808219e-05,8.86921052521435e-05,8.69846693700498e-05,2.30723177838447e-05,1.18551234606649e-05,4.48831027775074e-05,6.47282574955606e-05,1.69133398733483e-05,8.67292245934456e-06,3.47680229806472e-05,0.558143878576722,0.148807752589602,0.0856068403514915,0.32597022354086,0.0701422377917958,0.0160180879308906,0.00931738287217038,0.0352331627479924,0.00202624826744518,0.000557834924576387,0.000302561743743709,0.00110324807825872,4.44562033814044e-06,2.14818410134282e-06,1.38742867200803e-06,4.21080901908439e-06,0.0156780093708428,0.00349697094227962,0.00179636014994288,0.00825609744001038,0.000163871814770701,0.00532598472181116,0.166547112264226,0.171875245170139,3.09875032704039,96.8999998221744,2.0345983732666,0.0494217566757888,0.674395316477884,0.00235296717750238,0.0134238748349161,0.324558038607705,0.00124985078521129,0.0102554599142904,0.955334935312967,0.0260348979747599,0.00984047461669411,86.5789325520949,9.31960150226074,0.0257406087276115,2.45419883551043e-05,0.00079763719712905,0.0249426498112822
2,"Salmon Lake (EN22502)","Salmon Lake","HS033L-2","EJF089",13.042,787,1.705,27,39,85,179.1044776,13,2,325,3.175,1.781033778,27.93784,1.437585393,8.287549242,0.038461538,0.416517825720506,0.0319584860029508,267.5757457,8.843790198,"Salmon","Salmon",13.042,13.042,0.0880854737601021,0.222355398065903,0.248002218865081,0.0333852490222545,23281.2027417195,0.00843887044509079,0.00271925422374169,0.00286130537004039,0.00822621396185927,836.792401414423,6.16634560474729e-05,0.0006782980165222,55.4926706738902,0.0021650764311668,0.628592118164881,0.0309614624742921,49624.928968333,0.00198396040011593,0.00157063531675844,266.573351191276,0.00769467243187797,577.054264356257,0.00469311681350036,351.955602311646,"Salmon","Salmon",13.042,179104.4776,55.25,89552.2388,22.8739002932551,216305.970134833,0.000216305970134833,2.28797358,9.45404142887146e-05,0.0685012983318306,0.000984764658833749,8.32763718209775e-06,2.10215714524825e-05,7.97814308007672e-07,2.57079420868876e-07,5.82968868120203e-09,6.41265754932221e-08,1.87564438159364e-07,1.48488513542829e-07,2.04687222769241e-07,5.94273592699285e-05,2.92710948930406e-06,7.27457519525694e-07,4.43689207853656e-07,2,0.000734711145525471,0.000470665544780583,0.000209857898408172,0.000976717090778057,0.00186067062268466,0.00116694647990496,0.000533617420327466,0.00245444923143476,9.52331025264223e-05,6.38809999104546e-05,3.68362169119447e-05,0.000112031359428752,3.03405478419996e-05,2.05084967667963e-05,1.17752031256679e-05,3.55319698555683e-05,5.07874432751427e-06,1.60672133136543e-06,8.05666153925407e-07,3.1807911637319e-06,5.96743332164182e-05,1.76339252865136e-05,9.00832476620844e-06,3.51407490445034e-05,2.29339375373485e-05,6.12519526100544e-06,3.06593892572138e-06,1.22184136421228e-05,1.77201568514942e-05,4.8814541556578e-06,2.45203844790057e-06,1.01112263374904e-05,0.262954030314998,0.0597726358306029,0.0347491187490911,0.133130005057766,0.0124705140005837,0.00295693488840238,0.00170865748700672,0.00632068409691805,0.000386396863829365,9.13461527930921e-05,4.84759875269546e-05,0.000184204058205909,4.03280705300996e-06,1.96243038875055e-06,1.28908922789997e-06,3.76981784416063e-06,0.00500435304463176,0.00110227139321654,0.000578222564715645,0.00257442411287141,6.41363119252577e-05,0.00173589600729304,0.0639395410751192,0.065677399512801,2.64306446383387,97.3539475518621,1.67831156743911,0.0972648131386563,0.7166324310524,0.00244638390570301,0.00932618420711312,0.13908308409088,0.00298798430404976,0.0312261096190312,1.77678545216686,0.0268493049623207,0.007432471735892,91.0094435437456,4.50221066963233,0.0044989871376852,4.39342063709542e-06,0.000118911130268614,0.00437994157838708
2,"Salmon Lake (EN22502)","Salmon Lake","HS033L-1","EJF088",13.85,821,2.47,38.9,13.15,86,61.12014873,13,2,325,3.095,1.875815636,28.04472,1.508939478,8.669219784,0.058823529,0.310669347085386,-0.0634622211305235,293.3521217,10.0234763,"Salmon","Salmon",13.85,13.85,0.127070229275707,0.498252216562412,0.55891549959006,0.0326178290428539,111266.749400206,0.024083358767428,0.00368456441079058,0.0139925558775286,0.0136558880734268,4940.88541071633,4.74430414240524e-05,0.00103188615097314,192.050439849195,0.00424966617366623,0.301302743562163,0.0220495553047284,58291.8556494916,0.00284555702106433,0.00271043280498027,988.605049697247,0.00583258672214639,1037.82131840512,0.00683976020251703,1217.03273163487,"Salmon","Salmon",13.85,61120.14873,55.9,30560.074365,5.32388663967611,320876.132912444,0.000320876132912445,2.227015916,0.000144083448441975,0.110342095462899,0.00166499543929213,1.83087168283563e-05,7.17898975561702e-05,3.47001338127631e-06,5.30884746313282e-07,6.83575701295296e-09,1.48677715031727e-07,4.09997668333223e-07,3.90528505311813e-07,6.12306557029045e-07,4.34127383174646e-05,3.17697596491732e-06,8.40379208263729e-07,9.85496236494837e-07,2,0.00160705522395688,0.00101639713375152,0.00045907597563097,0.00212558467333755,0.00650936083398518,0.00406566494925458,0.00182461992090928,0.00850202227067006,0.000407878114452067,0.000277844481941865,0.000160367424415577,0.000484343102434742,6.21812036210272e-05,4.26047386119268e-05,2.3871792067447e-05,7.44760018457793e-05,5.55220498042712e-06,1.85975274577638e-06,9.38732480422937e-07,3.75646274252468e-06,0.000126531635730344,4.02624898880694e-05,1.97984334139432e-05,7.95727452307438e-05,5.79290536375227e-05,1.38873906122944e-05,7.06488916826718e-06,2.83634187501592e-05,5.5361857136014e-05,1.31918405175155e-05,6.72813122499009e-06,2.61244045850429e-05,0.19463645342967,0.0439185196486091,0.0254740477462954,0.0992859359221206,0.0145001800994374,0.00323550078617506,0.00185234283327098,0.00732332474425326,0.0011590027256201,0.000273652697187297,0.000146158677589016,0.000553029353291996,4.54250465385845e-06,2.27639424989929e-06,1.49963120089209e-06,4.37981908340579e-06,0.0115649880606538,0.00244775283003987,0.001250343942999,0.00575181583699036,4.99839359298593e-05,0.00403139428627862,0.0513157444530563,0.0553494151335848,7.28353547467291,92.71235175513,4.42236439921228,0.501982688112047,1.8363285886553,0.00336002239822752,0.0250904017301312,0.494409374564918,0.00411277019712901,0.0769741441876143,7.34545241253619,0.0727423944605315,0.0238337487138341,79.3477574110089,5.84559164422286,0.00610737044848567,5.51533222998398e-06,0.000444832493185143,0.00566228677318889
2,"Salmon Lake (EN22502)","Salmon Lake","JK158L-1","ESF018",14.369,854,0.908,9.58,128,82,633.1931734,13,2,325,5.844,1.44124433,23.82468,1.457467397,8.357749232,0.0625,0.308142686290938,-0.0441002823407572,173.9520992,9.629465641,"Salmon","Salmon",14.369,14.369,0.069163570117676,0.13338654383223,0.140058953540232,0.0310912107737789,7760.09996564881,0.0152760128750675,0.00408254334083525,0.0045546140173371,0.0146745823401371,741.665005743666,2.05166915542082e-05,0.00110790134392724,43.2319517753654,0.00127106926788404,0.713116777947197,0.0430521397831797,29019.0407818773,0.00350414515193173,0.00422117832174898,295.972592923655,0.00537614550128725,205.970886445317,0.00642145582548119,246.018815585835,"Salmon","Salmon",14.369,633193.1734,53.3,316596.5867,140.969162995595,119704.180066937,0.000119704180066937,4.4516857008,2.68896297071073e-05,0.090077770625,0.00131285413880381,1.85978278968586e-06,3.5867147715595e-06,4.10766329611569e-07,1.09778078698277e-07,5.51686238707595e-10,2.979105689021e-08,9.42251655753996e-08,1.13505921999499e-07,3.41785819454858e-08,1.91754460969256e-05,1.15765609686833e-06,1.44562561781145e-07,1.72670569327736e-07,2,0.000163323362083166,0.000102806427791547,4.64109338685194e-05,0.000209794884613067,0.000318656610634541,0.000199143650968186,8.97136259018106e-05,0.000416772983024925,4.88381980692987e-05,3.26846246915159e-05,1.9200174767161e-05,5.88412271928932e-05,1.29634006200184e-05,8.80154845307582e-06,5.03992026100454e-06,1.55305656255423e-05,5.04370391058631e-07,1.50348821913887e-07,7.61461297406677e-08,2.92500532748025e-07,2.69341740171143e-05,8.10392853930216e-06,4.12461442865772e-06,1.62809060619733e-05,1.26325575763001e-05,3.17795287964837e-06,1.61381180616639e-06,6.29536219362654e-06,1.40937571475566e-05,3.78439400675172e-06,1.91582266554584e-06,7.54350262350549e-06,0.0805720816920683,0.01969326733115,0.011433196883385,0.0433209992166796,0.00495927124133786,0.00118251088951153,0.000683351938670223,0.00262382536132344,5.58963500013831e-05,1.47750232746601e-05,8.04714398746834e-06,2.90252160457603e-05,7.93949161488087e-07,3.84034589731888e-07,2.53370673170223e-07,7.36264185967927e-07,0.00200192650918792,0.000433277663830141,0.000223879609676279,0.00102934142329996,2.09225877375521e-05,0.000586872041289427,0.0210956117426289,0.021682867818508,2.70661633046753,97.2916125265594,1.99824888228256,0.150739399257957,0.474136671643562,0.000693399153526882,0.0146565154860914,0.0681414626438318,0.00177114297308996,0.0405921787041611,0.918437785237066,0.0373748002668947,0.0174533831891068,90.8240897651937,5.45366461396847,0.00195314439384776,1.88466005910466e-06,5.28641251214945e-05,0.00190024567574658
2,"Salmon Lake (EN22502)","Salmon Lake","HS032L-6","EJF085",15.568,929,1.715,22.7,121.25,86,617.2004198,13,2,325,3.114,1.481844346,22.6254,1.1138266,9.095167241,0.038461538,-0.00303829311803113,-0.035195806497391,220.7286875,8.068898283,"Salmon","Salmon",15.568,15.568,0.116788455859986,0.263580805610535,0.307137968754654,0.03834649766433,68866.9958970221,0.0056810518438012,0.00112629520012584,0.00197815204617793,0.00479353145115556,1232.49060434412,1.50660475910561e-05,0.00034651909459429,65.4660747480837,0.00062111750312147,0.551811947572575,0.0476504983622258,108646.929411126,0.00067495218661121,0.00779254797848869,1533.06630739183,0.00080424905043033,145.611703327564,0.00310649368991426,562.440002040046,"Salmon","Salmon",15.568,617200.4198,55.9,308600.2099,70.6997084548105,244000.323486995,0.000244000323486995,2.409445044,0.000101268266771473,0.0569940126237641,0.000634814473010843,1.18269645038574e-05,2.66923713384074e-05,5.75310273660627e-07,1.14057962789773e-07,1.52571252664277e-09,3.50913881127838e-08,6.83512380917329e-08,7.89137827515094e-07,6.28994930025361e-08,5.58810395144655e-05,4.82548337993951e-06,8.14449073896823e-08,3.14589231714134e-07,2,0.00104952677229973,0.00065549972120319,0.000295529484065547,0.00136482061544093,0.00235382627861741,0.00147360970705652,0.000659521744643799,0.00303803418433161,6.70016510651766e-05,4.55932503168384e-05,2.58759951894745e-05,7.81947537557375e-05,1.35424543534928e-05,9.21520045311618e-06,5.28160606716601e-06,1.61173199356425e-05,1.32031668910527e-06,4.14771966603804e-07,2.04534052642709e-07,8.33455022681597e-07,2.84124067958011e-05,9.48960059917317e-06,4.84093954561267e-06,1.83635405496017e-05,8.52763325706693e-06,2.2933258298196e-06,1.16911838971111e-06,4.67738206571863e-06,0.00010955240689426,2.66668865082669e-05,1.32837041325879e-05,5.30975666720175e-05,0.211216480916272,0.0557616785251749,0.0327035288100072,0.124594698337224,0.0212960898007458,0.00498196024194703,0.00285988667352928,0.010756507091654,0.000105833183866017,2.82749687826782e-05,1.52001012307776e-05,5.66026127761797e-05,4.5863362721332e-07,2.22353311856363e-07,1.43738991746257e-07,4.32790094799233e-07,0.0035246165320909,0.000788819142999991,0.000409068377891512,0.00181227639609784,6.20595626927576e-05,0.00152089518109912,0.062262620161739,0.0637837376961499,2.38445603226373,97.6151953627158,1.236708872029,0.0714809949426818,1.02769098343818,0.000650278553100283,0.00359547105995017,0.0443294322408217,0.000348605020476535,0.0144475704716696,2.31032197278315,0.0148777744013361,0.0418082844804446,87.4230337375489,7.81070602303029,0.00363529115144523,3.53702349953631e-06,8.66819191509853e-05,0.00354859655948678
2,"Salmon Lake (EN22502)","Salmon Lake","HS034L-7","ESF014",18.481,1053,0.438,6.43,73.6,90,338.0022962,13,2,325,6,1.68738639,22.82232,0.888273455,7.374297704,0.058823529,-0.223647170009352,0.0969847702491305,228.4003433,9.081463275,"Salmon","Salmon",18.481,18.481,0.0483553677101496,0.0978406079850999,0.0974960228105327,0.0271170338483403,5752.66544763237,0.0132681245006049,0.00356919340699532,0.00358453540256039,0.0132025776951615,662.53162234616,1.63540515745151e-05,0.00052332965038448,21.2360139883846,0.00082425043288096,0.653616244621038,0.164837332217465,32237.7632253017,0.0007523315148385,0.0122326210729991,510.944899378821,0.00057765139958425,22.7300049222408,0.0035865914363858,141.128786430345,"Salmon","Salmon",18.481,338002.2962,58.5,169001.1481,168.036529680365,58835.8208935639,5.88358208935639e-05,4.6306608,1.2705707335239e-05,0.0992580222463703,0.000881682663572502,6.14389150213029e-07,1.24313413056053e-06,1.68580906792201e-07,4.53491268521473e-08,2.07789793051194e-10,6.64927337763817e-09,9.55890404661503e-09,1.55424103296404e-07,1.04726847711296e-08,8.30465671371291e-06,2.09437490107668e-06,7.3394696249087e-09,4.55701811217926e-08,2,5.44947657305054e-05,3.37391373118846e-05,1.55673686165098e-05,7.20485081544518e-05,0.000109974061427261,6.92822096565575e-05,3.1891774816383e-05,0.000144322052542574,1.96043155843185e-05,1.33474119846534e-05,7.74372974076314e-06,2.33507063329726e-05,5.28710408272522e-06,3.63645565102164e-06,2.09719867211376e-06,6.36344195792656e-06,1.8405504188755e-07,5.713281773011e-08,2.81491037291367e-08,1.14432779856522e-07,5.76598567513103e-06,1.8351072179264e-06,9.28437706218872e-07,3.61170126573609e-06,1.09052433908446e-06,3.19566311153582e-07,1.62669050612144e-07,6.41063183594297e-07,2.07852259831431e-05,5.17610152481794e-06,2.62828952771222e-06,1.03546654078424e-05,0.03503232474176,0.00834499901079317,0.00489342326182351,0.0185622156824895,0.00906220094924608,0.00214799472589385,0.00124610890994055,0.00475293498605201,1.68733075273459e-05,4.60316484010499e-06,2.47232678812262e-06,9.10415585804935e-06,3.98599878431733e-08,1.95037000258066e-08,1.28117200477436e-08,3.78237841262103e-08,0.000538132523629521,0.000115705926095998,6.01551121130761e-05,0.000285475619057545,1.06342540208211e-05,0.000167772339361525,0.0105729236107373,0.0107407154537989,1.56202200945735,98.4377964039425,1.07726460675461,0.124269300700379,0.314123742100917,0.000531927486356625,0.00297527955682462,0.0428571528582567,0.000181586600163663,0.0338567357701992,0.645042780944848,0.0170855212189551,0.0481914035157425,77.6950012938069,19.9986186686858,0.0010661021734551,1.05553502217222e-06,1.66527505926719e-05,0.00104944748696374
2,"Salmon Lake (EN22502)","Salmon Lake","JK158L-2","ESF012",20.694,1154,0.389,3.76,114.5,85,601.2076661,13,2,325,6.057,1.843786913,21.55256,0.738062643,6.807521041,0.03030303,-0.516410679387832,0.387078654566408,151.9795175,8.301294105,"Salmon","Salmon",20.694,20.694,0.103406775820614,0.118485303468072,0.142393971143852,0.0415633977221183,7132.27710457623,0.0436058216547384,0.00274787766820804,0.0250523862204379,0.0209472481497714,1489.94695733747,0,0.0006015988253528,19.3371910433151,0.00128926305056182,0.468314445143111,0.224828953524249,22321.1490455992,0.00172474121955362,0.0237606164768327,819.175852434946,0.00088098539848274,28.3175136634309,0.0103536177502243,332.79633534546,"Salmon","Salmon",20.694,601207.6661,55.25,300603.83305,294.344473007712,56424.9146800774,5.64249146800774e-05,4.7515614408,1.18750257958524e-05,0.0558723301382464,0.000412372796524027,1.22795813033571e-06,1.40701603511275e-06,5.17820256999356e-07,3.26311181938171e-08,0,7.14400156981898e-09,2.04813464733691e-08,2.82157933587743e-07,1.53100319830609e-08,5.56124611664473e-06,2.66984962275495e-06,1.04617243327518e-08,1.22949477864308e-07,2,0.00010845014731703,6.7165741665494e-05,3.06716783269759e-05,0.000141529875092143,0.000125106414398051,7.81633644504787e-05,3.57016298141275e-05,0.000163519185345458,6.09461863888564e-05,4.16406252023833e-05,2.41855179558037e-05,7.30339109670678e-05,3.90360686647963e-06,2.63537349953085e-06,1.54928740552109e-06,4.60360850034387e-06,0,0,0,0,6.17959507929006e-06,1.93436419349386e-06,9.67573679407029e-07,3.88349143516739e-06,2.57999870989151e-06,6.85224167396393e-07,3.52852504255041e-07,1.38466655562207e-06,3.49563280298192e-05,9.57278048255963e-06,4.78661251580891e-06,1.8480096186774e-05,0.024348443440614,0.00564262395502406,0.00327640605331795,0.0123326638567753,0.0123937486789172,0.00273634155585902,0.00158513751315097,0.00627694702728084,2.83345664305439e-05,6.79112639418392e-06,3.65182482899981e-06,1.33972718589306e-05,5.78110157550504e-08,2.84546551089684e-08,1.83463120209463e-08,5.36169382569839e-08,0.00140546090289431,0.000309677834017751,0.000160380164185514,0.000755945077224731,8.68960025521073e-06,0.000425960551447209,0.00847127139350914,0.00889726039961146,4.78754731586602,95.2121328704629,3.4805976234131,0.468016258175401,0.754903629306243,0,0.00770151863180622,0.0763282863394724,0.000319813671073525,0.029620055850517,0.878510473335052,0.0217411214982349,0.107592450401673,63.4197910546765,30.754877714701,0.000497110670373037,4.85508214228524e-07,2.37994085563279e-05,0.000473309671988825
2,"Salmon Lake (EN22502)","Salmon Lake","JK158L-3","ESF009",22.357,1255,0.327,3.39,54.6,85,326.848249,13,2,325,8.323,1.799199839,21.1664,0.697252213,1.996241857,0.083333333,-0.463880215276128,0.56368127752198,234.2117052,7.288007673,"Salmon","Salmon",22.357,22.357,0.0753227433532015,0.0805037624521442,0.100624321589192,0.0301871403776625,8611.75184333243,0.0716575020140808,0.0116038513517114,0.0626985397452749,0.0200431173817256,4601.4386937605,4.39222429447394e-06,0.00087405263460031,48.5472551268205,0.00070468271657597,0.423831096635667,0.303868561607184,40255.2659031228,0.00277161099471715,0.0149000829219855,976.626164306569,0.00051398369403418,28.4053088507992,0.0134436773998032,742.964831500125,"Salmon","Salmon",22.357,326848.249,55.25,163424.1245,166.97247706422,54075.875481875,5.4075875481875e-05,6.561320528,8.24161466447338e-06,0.149933319316933,0.00104541338696167,6.2078102618811e-07,6.63480989170873e-07,5.90573519418779e-07,9.56344714646339e-08,3.61990201549927e-11,7.2036050108435e-09,2.28425498182765e-08,1.22800741911705e-07,5.80772341073345e-09,3.49305258129235e-06,2.5043675934142e-06,4.2360555500523e-09,1.10797608802667e-07,2,5.5731917306987e-05,3.46943349975457e-05,1.5671988678957e-05,7.22577982897665e-05,5.96099404689502e-05,3.78713390965772e-05,1.68671771401444e-05,7.83967206951187e-05,6.90857664686413e-05,4.72354625965343e-05,2.77077311690761e-05,8.08081096316633e-05,1.10630664336791e-05,7.63883995470696e-06,4.38438279337731e-06,1.31053204527373e-05,3.14915719873689e-08,9.94758258549197e-09,4.9663013295746e-09,1.95814188708297e-08,6.14083866337204e-06,1.94758267578441e-06,9.93674855219975e-07,3.88386007156371e-06,3.10729568440031e-06,7.68511620218425e-07,4.05061205867021e-07,1.53897830266496e-06,1.58864161749369e-05,4.08029722460164e-06,2.05202126376425e-06,8.19671416657357e-06,0.0155497396451277,0.00357111214417633,0.00207107115241209,0.00792591368893152,0.0110119888271757,0.00260914034760746,0.00150679252861027,0.00569941841885881,9.47677481124665e-06,2.60393746314624e-06,1.37082118233097e-06,5.20309672334739e-06,2.34720075656492e-08,1.13793628739261e-08,7.43456836204413e-09,2.19074588257079e-08,0.0013354142569546,0.000278847351641943,0.000143751240869954,0.000654668425926793,6.27114465823098e-06,0.000364159545901973,0.00623179055073546,0.00659596147600031,5.520947131468,94.4788803483784,4.22754669893906,0.716127023609864,0.525993596593651,0.000150813230515167,0.0116512448263182,0.0394777542685896,0.000172520153662667,0.115810863700481,0.574159494932979,0.029526895856969,0.0618605375341864,54.1408884386299,39.5566341177238,0.000988954398183345,9.40253534525226e-07,5.459964947803e-05,0.000934353042559668
2,"Salmon Lake (EN22502)","Salmon Lake","JK158L-4","ESF008",23.012,1305,0.32,2.98,107,90,590.0192997,13,2,325,5.745,1.517908873,17.5098,0.67316478,1,0.066666667,-0.478617224693274,0.3790037520951,182.9026554,7.759838232,"Salmon","Salmon",23.012,23.012,0.0812550857761915,0.0766736840364816,0.0978076743251594,0.0316482239631085,5901.95605666941,0.0157604273328531,0.0409128743962883,0.0386160945505574,0.0169134267118127,2117.93795891974,2.03250716198886e-05,0.00108400381972739,41.2698749985393,0.00085820201680588,0.438946883453672,0.287038092036271,27162.8563866047,0.00193155127605045,0.0435796536694732,1700.79924001917,0.00103421277126174,38.6495654748225,0.0109050043433041,407.530917313618,"Salmon","Salmon",23.012,590019.2997,58.5,295009.64985,334.375,51612.9032260935,5.16129032260935e-05,4.73906199,1.08909533859238e-05,0.101193925372636,0.000681201865108071,8.84945351557745e-07,8.35049518768374e-07,1.71646079424343e-07,4.45580207934133e-07,2.2135940757777e-10,1.18058350708144e-08,2.10364349099872e-08,4.74623976688937e-07,9.34663816073867e-09,4.78055004659049e-06,3.12611848035154e-06,1.12635630829387e-08,1.18765893976222e-07,2,8.00433465203624e-05,4.94005450471674e-05,2.23252441358142e-05,0.000106410915811369,7.44943096315565e-05,4.64861641965373e-05,2.11498988151556e-05,9.92129300759393e-05,2.04906402206688e-05,1.40172704211658e-05,8.00858470974887e-06,2.41795078756677e-05,5.25487486394569e-05,3.59717371894204e-05,2.05012364562762e-05,6.27070180594166e-05,1.88436106264743e-07,5.99749486880024e-08,2.93149997232976e-08,1.2048405515793e-07,1.01286627476838e-05,3.23719536564404e-06,1.58525866625702e-06,6.44448901666491e-06,2.52338128792791e-06,7.08635979052008e-07,3.66087260728435e-07,1.4390358841734e-06,6.37545914223081e-05,1.58993085759405e-05,8.15291587261283e-06,3.15281456576839e-05,0.0193835942641217,0.00482760038007982,0.00277534234812642,0.0106463147477337,0.0131465346926757,0.00314493873079016,0.00183453535165466,0.00706673733087361,1.60051033747806e-05,4.2104122142369e-06,2.21311538377636e-06,8.26701708066946e-06,6.15491941737048e-08,3.07744727557052e-08,2.01659653345452e-08,5.85619508909471e-08,0.00146390631011238,0.000304382045726369,0.000154300763995732,0.000698386560540324,8.55373222823925e-06,0.000372778884336679,0.00807413351619752,0.00844694317500696,4.41318091779838,95.5864547554609,3.60345795419795,0.165944888354884,0.58483340095545,0.000710019559092784,0.00838925945599752,0.0498453952750005,0.000364326740669471,0.425855086794648,0.550331205424488,0.0383238681564988,0.188225589382249,57.1520404489503,37.2316785567528,0.000854779337278554,8.65585740761956e-07,3.77229586020606e-05,0.000817053264486793
2,"Salmon Lake (EN22502)","Salmon Lake","JK158L-5","ESF006",24.698,1412,0.288,2.16,100,87,541.7118093,13,2,325,3.977,1.680150244,20.35262,0.690608426,5.028078878,0.052631579,-0.393955516145847,0.387292141134834,186.234678,7.975430278,"Salmon","Salmon",24.698,24.698,0.0786152522435507,0.0947206457486346,0.108835264868769,0.0340475021648396,4771.59059992888,0.0708438758237754,0.00440947743039645,0.0488918218750584,0.025984396299441,2071.57430838084,3.68271231492057e-05,0.00081756213391236,23.519627468391,0.00084382139339838,0.461085037489839,0.243322503778163,19414.159511343,0.00201402449144469,0.0358944663932061,1043.54493707267,0.00103331894440431,28.4452039015618,0.00636318700612611,175.165811904639,"Salmon","Salmon",24.698,541711.8093,56.55,270855.90465,347.222222222222,44112.6760549176,4.41126760549176e-05,3.1675763026,1.39263183711499e-05,0.0884289602989553,0.00061069785084878,1.09482103157195e-06,1.3191098690164e-06,9.86594369368109e-07,6.14077865461011e-08,5.12866241669385e-10,1.13856305650603e-08,2.80479462751521e-08,4.99877766754331e-07,1.17513253728532e-08,6.42121702825711e-06,3.38858665448003e-06,1.4390328598715e-08,8.86157681024767e-08,2,9.59295884695595e-05,5.97147141562801e-05,2.75696627436759e-05,0.00012600485446687,0.000117962113094406,7.37566523662502e-05,3.30492789699333e-05,0.000156807705501554,0.000117775506337803,7.92021032500426e-05,4.58521591068208e-05,0.000140100721564594,7.23120168773119e-06,4.8943511150025e-06,2.7781474052409e-06,8.59906222808564e-06,4.22752587373302e-07,1.42167328345981e-07,6.94112374247747e-08,2.78562326741554e-07,1.00936697992615e-05,3.10136403962333e-06,1.52755905414399e-06,6.27157532107266e-06,3.48317478245703e-06,9.42260914810653e-07,4.73978972704953e-07,1.86707203786737e-06,5.92936508901602e-05,1.67097415623745e-05,8.56875895709932e-06,3.36322754349949e-05,0.031179427670304,0.00660626142753427,0.00383708940380549,0.0146091013901026,0.0135000445405442,0.00342156653900945,0.0020034376058176,0.00753890672214175,2.08159961250746e-05,5.06616877839131e-06,2.69400193101167e-06,1.02871654294048e-05,7.74116361084219e-08,3.84381377771577e-08,2.56236489753927e-08,7.29357116886124e-08,0.00108722940418828,0.000226450989321743,0.000116693291526992,0.000520267853983909,1.04643853146474e-05,0.000371518403749614,0.010126290075627,0.0104978469175144,3.53899620244777,96.460637644968,2.1571184177199,0.754460451484615,0.568828204730758,0.00135425225251468,0.00897575400188593,0.0482591222580988,0.000366152584231614,0.0466224279460285,0.702588377843426,0.0295428583022018,0.159173035134437,62.9296795756522,32.5930313700897,0.000928313688293387,9.25354713541926e-07,3.28529861755058e-05,0.000895457303073322
2,"Salmon Lake (EN22502)","Salmon Lake","JK158L-6","ESF004",26.858,1513,0.325,3.15,94.3,89,562.3136553,13,2,325,6.262,1.451598547,18.15904,0.616164437,1.921650404,0.045454545,-0.441820853332586,0.590056652193226,248.2715479,8.203922919,"Salmon","Salmon",26.858,26.858,0.0730191807866496,0.0934012448035795,0.104386925558885,0.0352431815929805,4574.06539734745,0.0729246734462146,0.0131397946088235,0.0640486017477866,0.0214496458088561,2365.48190449272,1.67653498851072e-05,0.00077120609471493,21.6573951548321,0.00052434853907205,0.469857215772588,0.252646472911426,19872.4256030765,0.00158067040138151,0.0159688240549824,482.347855133163,0.00077726531084188,21.3631370684893,0.00537233791984104,147.658707726831,"Salmon","Salmon",26.858,562313.6553,57.85,281156.82765,290.153846153846,56056.201546708,5.6056201546708e-05,5.1248809152,1.09380495809082e-05,0.0659817514765461,0.0004065560875082,7.98687419801676e-07,1.0216274465801e-06,7.97653693826238e-07,1.43723724914262e-07,1.83380228284577e-10,8.43549050109052e-09,1.72894512213851e-08,1.74667789262198e-07,5.73535031804689e-09,5.13932152206807e-06,2.76345964714677e-06,8.50176650750854e-09,5.87628985326147e-08,2,7.21244348686215e-05,4.52450015629365e-05,2.01409796586314e-05,9.42523591927245e-05,9.02027460512709e-05,5.70977041757294e-05,2.63151214748425e-05,0.000119006762574839,9.29044656434271e-05,6.34878976223831e-05,3.70539415731328e-05,0.000111177492203999,1.67655887045932e-05,1.14350100416218e-05,6.47650782548332e-06,1.97656034755477e-05,1.78421212476004e-07,5.02221489737606e-08,2.53023867062899e-08,9.98680190093627e-08,7.3814924295793e-06,2.31881844001869e-06,1.17486244265267e-06,4.70839942905299e-06,2.1016921905714e-06,5.66218950064695e-07,2.90043712363543e-07,1.16270240626479e-06,2.166578540615e-05,5.93560497360142e-06,3.02237613895985e-06,1.16740647692276e-05,0.0211371507859708,0.00528726504776124,0.00303100774711852,0.0117978294261646,0.0122434864931426,0.00282080690311627,0.00161391908637646,0.0060256687049677,9.93622116541912e-06,2.53915243463489e-06,1.34348422365054e-06,5.21558777591345e-06,4.68749823969671e-08,2.27255797114614e-08,1.49602297528975e-08,4.44587936879261e-08,0.000699226874758721,0.000146261961182627,7.622337995458e-05,0.00034819609328951,8.17635729578597e-06,0.00025815045390162,0.00818485908850849,0.00844303226798982,3.05755616830163,96.9421746679786,1.73233924187584,0.75195611727182,0.535885688065821,0.000594835449867561,0.00670634592042729,0.0300739397178619,0.000269163719741084,0.135437241960752,0.676270116747092,0.0274642849442854,0.0703018155705168,62.6228217533519,33.4098794554041,0.000557086056814964,5.39490375073994e-07,1.70332190928943e-05,0.000540051338248517
2,"Salmon Lake (EN22502)","Salmon Lake","JK158L-7","ESF002",28.708,1618,0.448,3.48,41.2,88,239.1872279,13,2,325,5.928,1.378588398,20.41526,1.303653342,10.16054256,0.071428571,-0.0909394069304025,0.373697195765676,111.4686186,6.585795758,"Salmon","Salmon",28.708,28.708,0.101737905913507,0.170924176023835,0.177787578864098,0.0498063635963561,4766.40585434668,0.0522192258588362,0.00642220520368465,0.0172113088662146,0.0412650911704734,1025.11085640393,1.27491570240818e-05,0.00089244099168572,15.8236289895962,0.00136607726245186,0.4687509962104,0.16917444869647,11175.4550990419,0.00185603939845349,0.0181561081749708,349.832351731029,0.00034483434236564,6.02804913889379,0.00814279276631595,142.344160347969,"Salmon","Salmon",28.708,239187.2279,57.2,119593.61395,91.9642857142857,74384.9056708039,7.43849056708039e-05,4.7177833872,1.57669183949014e-05,0.0984705992663192,0.00128371525822279,1.60409326020642e-06,2.69494753508357e-06,8.23336272761195e-07,1.01258385361807e-07,2.01014918402482e-10,1.40710442881736e-08,2.9264021733138e-08,2.86265875963767e-07,2.15388287182088e-08,7.39075870477811e-06,2.66735972709967e-06,5.43697493583853e-09,1.28386749053097e-07,2,0.00014404673700416,8.87070472707494e-05,4.14480764238507e-05,0.000188112316062708,0.000243990356856013,0.000153784042481211,6.85191850169286e-05,0.000318782946291601,9.83880526577892e-05,6.70091807358115e-05,3.91891035733444e-05,0.000117617772032968,1.20034555601543e-05,8.15765083506579e-06,4.75391506266076e-06,1.43754716736666e-05,1.64228289673229e-07,5.52357806885087e-08,2.75294167261515e-08,1.12184207978016e-07,1.2319524865705e-05,3.93214556712938e-06,1.94977901132135e-06,7.80758772888861e-06,3.68513934813317e-06,9.85098164398489e-07,5.09780575962861e-07,1.97432534341437e-06,3.56532529624094e-05,9.59640262142273e-06,4.93008038663903e-06,1.91199616959702e-05,0.0290318238275695,0.0074512143125921,0.00431575073953914,0.0160903979235586,0.0101507526878358,0.00268069295724005,0.00155413929740462,0.00584711870748648,4.03759663885818e-05,9.6154731857917e-06,5.13095857890056e-06,1.94736569316277e-05,2.96079719588475e-08,1.43662330146031e-08,9.57334310231225e-09,2.75273232869806e-08,0.0016702085070283,0.000327405761174375,0.000170354843939517,0.000787107865049952,1.05432829414884e-05,0.000493777796311814,0.010307377511337,0.0108011696738818,4.57152152239412,95.4283454713348,3.03120653651124,0.620388187196481,0.821272602403894,0.000511387028962925,0.00912029154379959,0.0890225177097511,0.000133006271064715,0.0755256243663286,1.42377212028318,0.0364048124957953,0.0888459575320595,68.9852537971864,24.818543159471,0.00106359765056434,1.03820338948272e-06,4.86225955072269e-05,0.00101497364040554
2,"Salmon Lake (EN22502)","Salmon Lake","JK159L-1","ESF001",29.461,1668,0.305,3.49,101.6,83,558.2417582,13,2,325,5.277,1.58243413,26.48168627,1.115631028,9.355702013,0.076923077,-0.201963270879562,0.023239090160474,203.9451285,7.244667537,"Salmon","Salmon",29.461,29.461,0.0847071003223815,0.146737681104098,0.173232327358952,0.0314665255515606,5072.80671930558,0.0936900383110457,0.0233252304611777,0.024522229736422,0.0922210297775953,2564.74066094959,0,0.00053597573729345,11.7475162099979,0.00071481685848517,0.475185384325866,0.149222681057857,13701.4433329847,0.00158244687376859,0.0197467729547192,467.493840200795,0.00027975318970926,6.13163041204769,0.00427211880359757,93.6362999372516,"Salmon","Salmon",29.461,558241.7582,53.95,279120.8791,333.114754098361,45205.3571394757,4.52053571394756e-05,3.8795614155321,1.16521823725983e-05,0.121725702429418,0.00135800970535353,9.8702258121037e-07,1.70981422115712e-06,1.09169341289603e-06,2.71789839216528e-07,0,6.24528703823112e-09,1.84389595680997e-08,2.3009299973868e-07,8.32917639807699e-09,5.53694675895821e-06,1.73876989381422e-06,3.25973518580839e-09,4.97795074169253e-08,2,8.77108715319022e-05,5.4891567221336e-05,2.54093812696408e-05,0.000112437813927177,0.000153908854853052,9.77566590320823e-05,4.35265453495494e-05,0.000201410266872346,0.000127222107166675,8.67526802554931e-05,4.99326550335106e-05,0.0001485539489684,3.21065057602168e-05,2.19882064389588e-05,1.24762491045191e-05,3.83478159131087e-05,0,0,0,0,5.3300485569495e-06,1.74630861435158e-06,8.60763751659155e-07,3.45622401082564e-06,2.84222574837096e-06,6.24895207654059e-07,3.15930434680912e-07,1.24788315041584e-06,2.93639268126447e-05,7.82607295234646e-06,3.99591217742443e-06,1.56580314210655e-05,0.0225838651236714,0.00558920066236862,0.00323339918438705,0.0119588440928667,0.00784220572050861,0.00180764254544625,0.00103521759731981,0.00397312761687769,1.33868648697928e-05,3.67732258860764e-06,1.96436545157489e-06,7.29584730167305e-06,1.78814382770112e-08,8.69551751912211e-09,5.75775894396687e-09,1.69068407410032e-08,0.000654712570290518,0.000123734671542241,6.38261982111997e-05,0.00030295126867492,7.59186231811825e-06,0.000269681136815332,0.00752616045485261,0.00779585028718546,3.45929086476461,96.5405975949005,1.587186348943,1.11280587825159,0.704112639407209,0,0.00801574151162497,0.0471702566511865,0.000111540334906322,0.282050137303203,1.25395762400378,0.0224004893631949,0.100387676315574,71.6945612918702,23.1872403760446,0.00094895535224223,9.24124773420373e-07,3.28271258108103e-05,0.000916127167963442
3,"Lele Lake","Lele Lake","IE111L-4_S1","ELS171",0.9,127,2.416728349,32.65,65.5,80,276.0800843,13,2,325,6.02,0.5898626,35.444,3.308317152,12.25302649,0.044,-0.0660940397248153,0.177721082662568,281.8465928,10.1963377,"Lele","Lele",0.9,0.9,0.079828323363061,0.152213921707477,0.162318468901757,0.0405475193070942,25333.9082323112,0.00577534394937433,0.00169843640844667,0.00284361672593769,0.00452464964112136,815.972391906181,6.24966090340342e-05,0.0012334857046191,141.492757040022,0.00034025444414991,0.556291139091318,0.186873518632789,81174.379300706,0.00202290046252036,0.00286950335879219,534.142864403262,0.00419782506497558,458.310144943904,0.0065928512034424,719.794308689434,"Lele","Lele",0.9,276080.0843,52,138040.04215,27.1027565125815,264846.942356872,0.000264846942356872,3.8862712,6.81493721685898e-05,0.0259539544,0.000858639125037459,5.44025011846378e-06,1.03732831996834e-05,3.93586064207524e-07,1.15747374903915e-07,4.25910466833525e-09,8.40612763487222e-08,1.37859396480312e-07,1.95554852337347e-07,2.31881267463889e-08,3.7910891872023e-05,1.27353129697598e-05,2.86079142651655e-07,4.49298670315531e-07,3,0.000486598799219165,0.000308322107574741,0.00013850378104498,0.000644011235791094,0.000916522881364097,0.000578573204308138,0.000259119134986842,0.00121432683509476,4.54054798507512e-05,3.12399351921475e-05,1.82425056629423e-05,5.32225756132745e-05,1.36984609683073e-05,9.2491748069413e-06,5.21688915693806e-06,1.64868422068928e-05,3.77894170446138e-06,1.16611034084883e-06,5.79739589326566e-07,2.31445546191329e-06,7.13835883066001e-05,2.26555220769768e-05,1.16095568202544e-05,4.412392542749e-05,1.81365555043099e-05,4.65142635623964e-06,2.37218972022369e-06,9.50414492995328e-06,2.45627403193707e-05,6.54270786171463e-06,3.2807301429584e-06,1.30341201426563e-05,0.152862114823252,0.0386303975885066,0.0224497691742683,0.0860920488927504,0.0466790336426008,0.0130880631662642,0.00757811395723912,0.0278124337432245,3.68462149820682e-05,1.01150401806496e-05,5.40235151562133e-06,2.03657642802109e-05,1.56026273816435e-06,7.83384400697441e-07,5.13110943499655e-07,1.50736149413861e-06,0.00534276087399802,0.00110756668477794,0.00057181812239117,0.00258994559093801,5.18265054113311e-05,0.00146306130442257,0.0523354813638246,0.0537993260526479,2.71947887040596,97.2790650065193,2.05869992440812,0.0580675214436259,0.573096598409091,0.00216751849216043,0.00864588220247921,0.0188014254504807,0.00145612307472183,0.0171919900964746,1.0754283496822,0.0421111633532475,0.0121613193728709,71.8046124791657,24.3275597048489,0.00139630525512116,1.34510275815704e-06,3.79722263793878e-05,0.00135831269681875
3,"Lele Lake","Lele Lake","IE114L-2_S10","JCE124",2.9,135,2.63,40.95,34.2,79,157.0608496,13,2,325,5.911,0.8960144,37.54,4.142178218,13.22172217,0.044,-0.0183851885088585,0.0934706606292734,290.7996503,10.18846727,"Lele","Lele",2.9,2.9,0.0557091309154222,0.124805628360725,0.125592774978953,0.0314136093444122,34963.5426946784,0.00556630050502277,0.00126544989632539,0.00266949791863884,0.00406474054441807,1323.22807173632,6.20542040506332e-05,0.00092021844055573,190.254423988518,0.00034682676806562,0.604621411134896,0.193855913378147,154722.652213335,0.00182457927400675,0.00250095301113297,837.803697244141,0.00289742626903869,561.196699197565,0.00562410784261133,1089.3221998197,"Lele","Lele",2.9,157060.8496,51.35,78530.4248,13.0038022813688,310104.477615567,0.000310104477615567,3.6920106,8.39933876721717e-05,0.0394246336,0.0016330385855055,4.67919862985882e-06,1.04828475265714e-05,4.67532436218183e-07,1.06289423721768e-07,5.21214281751288e-09,7.72922642206787e-08,1.53252594300259e-07,2.10063515813977e-07,2.9131155185222e-08,5.07842005803488e-05,1.62826148849136e-05,2.43364647866901e-07,4.72387870334555e-07,3,0.000419247505873788,0.000263188903690589,0.000118861912209849,0.000555937130486392,0.00094335867702815,0.000598239552420265,0.000268479008256582,0.00123755242856006,5.44321513200673e-05,3.69375614511973e-05,2.12781486307194e-05,6.49766209922296e-05,1.24442981238927e-05,8.53094638427076e-06,4.87818123967994e-06,1.48047368746173e-05,4.66074736580805e-06,1.41539324770973e-06,7.08614786541238e-07,2.81590635690866e-06,7.4823371309019e-05,2.12102845957973e-05,1.06774064546916e-05,4.29954729469053e-05,1.96818396415708e-05,5.12199706956282e-06,2.54078614816131e-06,1.03638141151998e-05,2.94578973400063e-05,7.09695259685173e-06,3.64668681172229e-06,1.42084739624592e-05,0.22186812879758,0.052106753344272,0.0298006614662104,0.114251249182054,0.0614199237026213,0.0164607336886438,0.00957593754595219,0.034708389991646,4.63454646778594e-05,1.28734042278025e-05,6.91052776899754e-06,2.53922119454547e-05,1.34571522981235e-06,6.57343520254389e-07,4.29755647958626e-07,1.25603567282103e-06,0.00632529451365764,0.00122871422805737,0.000633414517428498,0.00289858469476059,6.82575196558016e-05,0.00154825148774423,0.069202564768913,0.0707514736001775,2.18829574701656,97.8107751648856,1.73666238388324,0.0522074800306416,0.371990702522879,0.00200051415990038,0.00723942104514692,0.0181952453747483,0.000929088097824071,0.012057623608633,0.845550660613752,0.0299785764402002,0.010030819480817,73.6475873827471,23.2655701019951,0.00278935092334707,2.69102770287477e-06,6.1039247624971e-05,0.00272828576019466
3,"Lele Lake","Lele Lake","ELS170S11","ELS170",4.5,214,3.160621762,42.7,145.5,92,578.4138342,13,2,325,11.535,0.811839611,40.88214286,3.42908046,11.82915747,0.04,-0.040247638095894,-0.00163972733117896,290.3424007,9.943063942,"Lele","Lele",4.5,4.5,0.0880025988431295,0.165228300076019,0.16463208779753,0.0554298971388013,41695.4804306335,0.00414239613282623,0.00109499538050618,0.00218119256403057,0.00300485329678731,862.357462236233,6.78357367665722e-05,0.00089751897875772,158.949515329938,0.00036315790201486,0.566854165448752,0.162922959033603,120220.518055716,0.00163466727826876,0.00222876441684662,636.129482327527,0.0014802374015775,243.727009119341,0.00508240337093171,836.83804463739,"Lele","Lele",4.5,578413.8342,59.8,289206.9171,46.0352458966585,375681.139651203,0.000375681139651203,6.819244821099,5.50913113558896e-05,0.03247358444,0.00111354533869364,4.8481785729943e-06,9.10264372429232e-06,2.28210035112963e-07,6.03247314407267e-08,3.7371596952634e-09,4.94454975065616e-08,9.00559639903889e-08,1.22785554427425e-07,2.00068450512523e-08,3.12287393221201e-05,8.97563946314307e-06,8.1548219570939e-08,2.79996266544222e-07,3,0.000434969217026304,0.000273947658524856,0.00012409234010439,0.000563400708903792,0.000821722208756417,0.000519673476438579,0.000235023562447071,0.00110251613816646,2.67991354646157e-05,1.83963369626455e-05,1.07225352168568e-05,3.18511588853089e-05,7.08224410766762e-06,4.83636421729788e-06,2.78331751116386e-06,8.4315609234062e-06,3.09018571299791e-06,1.02052737412074e-06,5.12878148370295e-07,2.07597282450142e-06,4.32361850174971e-05,1.34915641243816e-05,6.77717440666967e-06,2.74501888161441e-05,1.12579089993835e-05,3.01882729439994e-06,1.48597133212886e-06,6.0786193544074e-06,1.52483749450738e-05,4.11406012464324e-06,2.06266892775629e-06,8.1282370959117e-06,0.13541088853694,0.0324064804991287,0.0183807779958929,0.0722051747383274,0.0389583864012249,0.00905148261761697,0.00529850329566921,0.0199251818299936,2.97142630520007e-05,8.76098566911156e-06,4.653064586605e-06,1.74336571284841e-05,4.44402601846611e-07,2.20783470721166e-07,1.43650606960164e-07,4.21302789418681e-07,0.00361224841305348,0.00071856615320001,0.000365432556022745,0.00175221727219346,4.08519542920493e-05,0.00102371048902514,0.0420000785816506,0.0430240098541465,2.37939348864872,97.6200933479538,1.67015151687624,0.0427583040841847,0.636732046718918,0.00237199502691725,0.00701661073580523,0.0203630152066526,0.000513163397529967,0.0112410819765368,1.20786853247826,0.0313582210726491,0.00956224242833271,75.3218507735293,21.0382124964687,0.00139714381694602,1.32660938724188e-06,3.32435490074717e-05,0.00136389309830787
3,"Lele Lake","Lele Lake","IE113L-7_S7","JCE117",5.6,284,3.36,57.2,54.8,81,236.8193604,13,2,325,9.314,0.848715885,39.70375,3.634638158,12.17800377,0.04,0.0506804588205596,0.0619571293426678,338.4663828,10.87453084,"Lele","Lele",5.6,5.6,0.119575208099912,0.19195843779895,0.188110292329838,0.0985330103350572,65156.3274388092,0.00280035163185849,0.00102322797431778,0.00163396875748603,0.00214731718498596,799.690203892949,2.34311542888062e-05,0.00059818358596128,130.008858079086,0.00024365500609171,0.539045988215412,0.136423805362314,141323.44063096,0.00106464043289632,0.00241927407754134,728.650268114505,0.00094112085063186,196.832602547102,0.0038826758098251,812.049997597491,"Lele","Lele",5.6,236819.3604,52.65,118409.6802,16.3095238095238,382247.190987241,0.000382247190987241,5.615992725,6.80640466796974e-05,0.0339486354,0.00123391005636869,8.13877254584694e-06,1.30654680709095e-05,1.90603264190383e-07,6.96450366079376e-08,1.5948191792725e-09,4.07147955178973e-08,7.24637361217484e-08,1.64665583744756e-07,1.65841457083681e-08,3.66896513043974e-05,9.28555625640249e-06,6.40564935086434e-08,2.64270627562067e-07,3,0.00071817219441355,0.000449419561724991,0.000205864743089496,0.000934662046854384,0.00116379788368034,0.000729399941574256,0.000318405771213036,0.00151198064987627,2.22084178479865e-05,1.52890706780671e-05,8.8468765574614e-06,2.64758583405109e-05,8.35853200056308e-06,5.64729157201996e-06,3.26874477420819e-06,9.90885990627216e-06,1.38955646179706e-06,4.36358468609022e-07,2.16901604048721e-07,8.84012854550714e-07,3.70362745528954e-05,1.10860495222254e-05,5.5713675621812e-06,2.19798986013761e-05,8.45412512730095e-06,2.47097941786048e-06,1.23939830352109e-06,4.90153063961887e-06,2.02934560119365e-05,5.48380125793754e-06,2.82646797248805e-06,1.07120491410931e-05,0.150228689290686,0.0380556750544795,0.0216991939105473,0.0785652943776102,0.0402835618091895,0.00942477134400121,0.00544844192336259,0.0205712282626396,2.78638639559036e-05,7.33973549703436e-06,3.97852857272337e-06,1.51679847170431e-05,3.50925214168164e-07,1.72352120113412e-07,1.13144471985552e-07,3.34660267329866e-07,0.0030339772777431,0.000650584965065432,0.000332454916870504,0.00154498377955628,4.65995577621426e-05,0.00112554067085199,0.0482320634824071,0.0493577765053792,2.28037150484144,97.7192793057657,1.31810022883532,0.0309760118071786,0.910534455854207,0.000884072378263364,0.00500626161227336,0.0148704743541971,0.000349189392870297,0.0114415437077164,1.47778119927011,0.0224605934609255,0.0111103085394049,77.1016803204901,19.0948053402974,0.00167562915873581,1.58199139626822e-06,3.82105698626257e-05,0.00163741273775389
3,"Lele Lake","Lele Lake","IE113L-6_S6","JCE115",6.2,327,2.02,36.9,48.8,81,217.6142698,13,2,325,6.08,0.723388864,45.85058824,4.006666667,12.73431277,0.04,0.208658224820673,0.0267935787406477,323.2212355,10.55087214,"Lele","Lele",6.2,6.2,0.125206843135299,0.127820883435143,0.171233666145701,0.0449770682183639,52617.8748235031,0.00514543312873342,0.00098245291845056,0.00247211593088552,0.00359532727172387,1274.31228717005,3.3459440774816e-05,0.00062776284120369,137.503157204276,0.00030884629363115,0.597583962253172,0.132517820749043,151891.081593959,0.00138565724603893,0.00237836691484295,782.740116327869,0.00146016034718056,303.644724677238,0.00454835129648685,945.84329715833,"Lele","Lele",6.2,217614.2698,52.65,108807.1349,24.1584158415842,237130.434795486,0.000237130434795486,3.292284235008,7.20261125312315e-05,0.02893555456,0.00115935121946711,9.0181621733433e-06,9.20644133414103e-06,3.7060554555208e-07,7.07622644609568e-08,2.40995344647897e-09,4.52153170434626e-08,9.98035047329163e-08,1.71304523049036e-07,2.2244997899931e-08,4.30416497121062e-05,9.54474346966413e-06,1.05169673479669e-07,3.27600062312335e-07,3,0.000804154776195874,0.000511740089269514,0.000224672259623117,0.00106690312388632,0.00080914485292581,0.000509847421103716,0.00022460430279614,0.00106632748843176,4.34574212176643e-05,2.96272215939087e-05,1.7034664267865e-05,5.11314827927861e-05,8.37259433776657e-06,5.68957559072272e-06,3.26723306998552e-06,1.00441183308258e-05,2.0253749712202e-06,6.53753888100634e-07,3.21002029410012e-07,1.32089699410568e-06,4.15855734620367e-05,1.24423582400483e-05,6.16324063704384e-06,2.48295874889857e-05,1.23044698093686e-05,3.31669219888574e-06,1.69850605876694e-06,6.58916213315792e-06,2.06319327342707e-05,5.78819619370594e-06,2.92759028854474e-06,1.18995051720655e-05,0.169751924916328,0.0433980299408171,0.0255484626316626,0.0965682602600794,0.0445427233492434,0.0099943307181055,0.00578856292616426,0.0221076028862341,4.82732016633341e-05,9.78670908300446e-06,5.42435158170685e-06,1.99209486472502e-05,5.71130426266196e-07,2.82835249392811e-07,1.83998145854401e-07,5.47610379090195e-07,0.00420461596335275,0.000828459814094003,0.000425763117338379,0.00191478281981159,5.33601412137341e-05,0.00138358428012742,0.0539261282100508,0.0553099953254276,2.50150858264734,97.4979800536331,1.49784828080276,0.053565764053298,0.92522171853132,0.00118198145607162,0.00599655121894571,0.0176942865849515,0.000511363719574902,0.0102867041612406,0.921799790623603,0.0224956776200055,0.0104650093706389,78.4632681407329,18.0696647311247,0.00160042538745225,1.54400527741931e-06,4.00347784259852e-05,0.00156038242503148
3,"Lele Lake","Lele Lake","IE113L-5_S5","JCE113",6.8,365,1.715,41.2,42.6,81,177.6110069,13,2,325,6.968,1.005337294,39.07,3.537472924,12.39499564,0.04,0.264223797489722,-0.0269386012438916,312.5352147,10.48645141,"Lele","Lele",6.8,6.8,0.0847054043251822,0.116259703189781,0.140389377657833,0.033757249503604,39563.1968560408,0.00574654705116266,0.00093401158328646,0.00232513743302656,0.00430370119629035,1315.17485612946,2.05032598118797e-05,0.00079776319995313,161.0888448681,0.00026097459070381,0.633568816850395,0.147290846998271,153776.095607005,0.00151190557043527,0.00262021591038938,813.474227444026,0.00141378851695855,278.326890179561,0.00486951895366881,958.642718332964,"Lele","Lele",6.8,177611.0069,52.65,88805.50345,24.8396501457726,188231.707339011,0.000188231707339011,4.2456024,4.43356889328618e-05,0.04021349176,0.00142254138280497,3.75547245709356e-06,5.15445403604897e-06,2.54777122498402e-07,4.14100470162782e-08,9.09026149129145e-10,3.53693810752064e-08,6.70313750666791e-08,1.16169077539959e-07,1.1570488272825e-08,2.80897099814404e-05,6.53024117517308e-06,6.26812879047263e-08,2.15893477582535e-07,3,0.000332001555125594,0.000207422551257461,9.354878756719e-05,0.000439090867631862,0.00045809330623697,0.00028886793302055,0.000132581261155691,0.000593749553478443,3.03906019595572e-05,2.04051430919295e-05,1.16798988038074e-05,3.62490752305778e-05,4.82679876233276e-06,3.2991144757787e-06,1.92685007460336e-06,5.68360411586464e-06,7.84101338952787e-07,2.48839331847082e-07,1.25530859111146e-07,4.95036796344294e-07,3.11232981816896e-05,9.64570466019644e-06,4.81998015995874e-06,1.93952667986237e-05,8.88699850185097e-06,2.24214092463299e-06,1.14412447770345e-06,4.45509067639957e-06,1.36048072350851e-05,3.81523479428841e-06,1.91226348244351e-06,7.67873396781844e-06,0.113937376428775,0.0284717793733004,0.0164436890602964,0.0615292654965247,0.0261504819740512,0.00666688906559368,0.00379121690027336,0.0145518988064671,1.93760124676777e-05,5.08333833795679e-06,2.79987743428298e-06,9.8463618555641e-06,3.37280440038053e-07,1.6769364089373e-07,1.09778620445214e-07,3.15238283868344e-07,0.00219606857191116,0.000540153772031543,0.000280054166940935,0.00122936929514228,3.51295752702045e-05,0.00077555578497537,0.0354442964258449,0.0362200199044611,2.14123511533423,97.8583018986118,1.49131274211424,0.0563366424031596,0.572673763859288,0.000687021521532718,0.00619033598144663,0.0140346094545649,0.000462986053944922,0.00910853854989835,0.797536649020369,0.0266308651558979,0.0105334972326133,78.6078512612677,18.4066410873853,0.00145653347197508,1.41268288566067e-06,3.11878061685274e-05,0.00142533892225971
3,"Lele Lake","Lele Lake","IE113L-4_S4","JCE107",8.6,485,2.69,44.65,38.8,82,159.6051008,13,2,325,8.732,0.788822208,41.692,3.61862069,13.91777188,0.04,0.36869042825957,-0.0576947513995349,279.0635139,10.27509224,"Lele","Lele",8.6,8.6,0.09166029276106,0.0976510071704036,0.130665144547286,0.031200246416391,39569.8479116745,0.00469082967390987,0.00112931421621093,0.00180574528323803,0.0039907566834029,1216.52647591305,3.54391104852731e-05,0.00101840812236627,220.27514861063,0.00016756335988701,0.663489897046502,0.121636791910803,164142.204619339,0.00272771586271397,0.0047713156880186,1567.44757473412,0.00239514038335328,500.632242928503,0.00862628469428619,1803.0660267997,"Lele","Lele",8.6,159605.1008,53.3,79802.5504,14.4237918215613,294893.048162392,0.000294893048162392,5.09145456,5.791921437916e-05,0.03155288832,0.00114177934504011,5.3088921464844e-06,5.6558696186435e-06,2.71689169499311e-07,6.54089921901539e-08,2.05260543760327e-09,5.89853983648098e-08,1.57987159817966e-07,2.76350856204999e-07,9.70513816338808e-09,3.84288135854432e-05,7.04510742707508e-06,1.38724649331622e-07,4.99627632504029e-07,3,0.000476544802805021,0.000305860982800378,0.000134189233665275,0.000630040407350036,0.000508379525968388,0.000320119624146192,0.00014692523728057,0.000671577364463691,3.11535036170314e-05,2.17354930430299e-05,1.24299430674701e-05,3.72962352573138e-05,7.67257340608925e-06,5.27336815357166e-06,3.05014707569274e-06,9.01359208013551e-06,1.96725090370915e-06,5.6545225582399e-07,2.82258830421145e-07,1.12756419726626e-06,5.48295720282466e-05,1.62963497397074e-05,8.1519543355032e-06,3.2743015460085e-05,2.23000187494527e-05,5.26599575586777e-06,2.63115183195343e-06,1.04803445642673e-05,3.69681069146216e-05,9.19699347812321e-06,4.70257589445484e-06,1.82200186577777e-05,0.167644064195345,0.0395641757782428,0.0228285546222269,0.0885604218759652,0.0273118633921223,0.00715098254967696,0.0041722125732378,0.0154216263891283,1.71272872117591e-05,4.25764159778447e-06,2.30868347261079e-06,8.46852864825627e-06,7.41102382936457e-07,3.71854938739008e-07,2.44204847495463e-07,7.1331060617754e-07,0.00616136886403442,0.00127961870187984,0.000646494084800893,0.00297578386258699,4.66173544523427e-05,0.00161730426733273,0.0470660446634374,0.0486837207857088,3.32206380537679,96.6771723767951,2.62843242305234,0.0446463267232655,0.628261311715854,0.00116148118241197,0.0108167487424536,0.00874551396045782,0.000763817828090424,0.0108318921981815,0.657549626404404,0.0334739199812583,0.0188913117766935,81.267773168761,14.6886524576736,0.00153611200495353,1.47091217880862e-06,5.1030620926609e-05,0.00148506965092957
3,"Lele Lake","Lele Lake","IE113L-3_S3","JCE103",9.3,535,1.72,28.85,36,82,161.4711819,13,2,325,7.353,1.392113291,39.062,2.576307692,11.17324414,0.04,0.0242698030758537,-0.106452645442874,271.3589315,10.51613927,"Lele","Lele",9.3,9.3,0.049429347015061,0.0736167220956543,0.0857588376400798,0.0213464286438452,28563.5453451541,0.00604559529449545,0.00067679167099618,0.00188183398735055,0.00478863579696327,1560.51474300833,1.66131130805551e-05,0.00083563958795192,197.839385259576,0.00013196282069024,0.70430154571441,0.147935034951641,197866.276579381,0.00073888037237262,0.01083831581728,2687.4955918774,0.00170004088557209,394.642391054049,0.00373351066079544,866.68596426507,"Lele","Lele",9.3,161471.1819,53.3,80735.59095,20.9302325581395,205597.667664783,0.000205597667664783,4.48077114,4.58844384685051e-05,0.05568453164,0.00143460487189549,2.26803783165095e-06,3.37786195525109e-06,2.7739874529576e-07,3.1054205783821e-08,7.62283364915047e-10,3.83428532552268e-08,3.39031109817176e-08,4.97310035220209e-07,6.05503992609169e-09,3.23164809376059e-05,6.78791600857472e-06,7.80054214079755e-08,1.71310040186776e-07,3,0.000199353885047779,0.000127008506855124,5.62781609568357e-05,0.000258570572068307,0.000298779069418066,0.000187200276490635,8.63797522471997e-05,0.0003909673459493,3.23059834136625e-05,2.21046768501327e-05,1.26846225246362e-05,3.85400979927085e-05,3.61514827641236e-06,2.45725485293692e-06,1.43828438601525e-06,4.25141681391584e-06,6.21762168293063e-07,2.07387145055034e-07,1.01650386809338e-07,4.18605304802692e-07,3.353248208408e-05,1.03925338735223e-05,5.39533468838868e-06,2.13122035873859e-05,4.30464506173684e-06,1.13311452932916e-06,5.83838605630038e-07,2.28116127587094e-06,6.68215569099183e-05,1.69812535716368e-05,8.38769341393112e-06,3.36126830285799e-05,0.137112453029019,0.0333676368544125,0.0190679336392568,0.0706311009410894,0.0313776178900692,0.00688403670529331,0.00405267236838346,0.0153504001919273,1.04770902934498e-05,2.71473089570933e-06,1.4305255554193e-06,5.40553518641017e-06,4.20280388610643e-07,2.1079506454623e-07,1.37103188271888e-07,4.10432314981395e-07,0.0019544794735791,0.000424924999112193,0.000220483705307355,0.00101980459048432,3.99300857305235e-05,0.000578093415387542,0.0404687048784945,0.0410470090889466,1.40836915580096,98.5911172987076,1.03521549692306,0.0538521011414817,0.309422074041748,0.000505243011995436,0.00276052885332951,0.00661371182934829,0.00051354549143751,0.00598644068709656,0.456063135038615,0.0253186142040269,0.0413702580249863,81.2912745532973,16.7711042974556,0.00228568347634081,2.22348812224925e-06,3.21908610800233e-05,0.00225348087723635
3,"Lele Lake","Lele Lake","IE113L-2_S14","JCE099",10.5,615,4.11,57.3,65.7,80,312.9316504,13,2,325,8.345,1.393354347,29.12,2.433609467,11.16912951,0.037777778,-0.00993547940247097,0.0585502331868707,326.0041223,11.02780387,"Lele","Lele",10.5,10.5,0.0418417231546181,0.0935927736178888,0.0942182376563552,0.0234273749328954,34071.5272220531,0.00400942227666441,0.00078891040049287,0.00184015609183383,0.00289559495897035,1207.12614825781,6.33400999483913e-05,0.00098115056782802,262.764606273848,0.00026096757447642,0.654631037768658,0.194538400849558,213692.906146708,0.00108303618503941,0.00256749128636865,918.370497037069,0.00137519374493234,345.960240800118,0.00426655247352625,1073.34513886995,"Lele","Lele",10.5,312931.6504,52,156465.8252,15.985401459854,508978.32818484,0.00050897832818484,5.914936,8.60496763083895e-05,0.052637831196301,0.00128099924321665,3.60046673364013e-06,8.05362787462371e-06,3.45009489090619e-07,6.78854845987334e-08,5.45039509790011e-09,8.44276887713937e-08,9.31949131529143e-08,2.20931794116633e-07,2.24561753106815e-08,5.63307889014181e-05,1.67399664226562e-05,1.1833497661275e-07,3.67135459299693e-07,3,0.000324020141030167,0.000204445986827528,9.09642644755606e-05,0.000421879886544903,0.000720337155910663,0.00045380125329664,0.000203706138847522,0.000944707872486948,4.07323907016956e-05,2.75305997159504e-05,1.59632505952297e-05,4.87723074001492e-05,7.97628302066824e-06,5.42418730704725e-06,3.10586580448225e-06,9.4424837583845e-06,4.97649075183496e-06,1.49255497235036e-06,7.5710261042871e-07,3.01247449095473e-06,7.59465977036422e-05,2.31770476632753e-05,1.15139161824552e-05,4.68887329253667e-05,1.27648306223368e-05,3.11148403981752e-06,1.57333731834458e-06,6.29518663166517e-06,2.8244667625108e-05,7.469163768432e-06,3.87952562094244e-06,1.48697689507033e-05,0.239539565311782,0.0587543968943486,0.0338102256641561,0.128599142822618,0.0711198567004729,0.0169924576598014,0.0098421430340529,0.0369335673226788,3.6960380547559e-05,9.84968995681418e-06,5.19062463025983e-06,1.93406406786715e-05,6.41199982380838e-07,3.20494160691628e-07,2.09909417608863e-07,6.15857524812901e-07,0.00446318693088102,0.00092303091737514,0.000474315574833873,0.00219876111705548,7.39826867264363e-05,0.0011694612328876,0.0762367262061854,0.0774065079332337,1.51080479421228,98.488781165458,1.19244614182995,0.0355662598029829,0.264119894161704,0.00192820347048565,0.00401966723844628,0.0127246277087063,0.000414040329746005,0.00700740474137631,0.586257235228933,0.0299419884478789,0.00964927105983707,75.9036913860353,21.9522338799447,0.00407451069808468,3.89428817535497e-06,6.15579029673555e-05,0.0040129359249998
3,"Lele Lake","Lele Lake","IE113L-1_S13","JCE094",13.5,843,1.09,17.95,56.9,86,234.0600576,13,2,325,9.37,1.024924485,28.9675,1.379483395,7.994874949,0.055555556,-0.229163997087831,0.353007391295205,232.0232564,8.468861394,"Lele","Lele",13.5,13.5,0.0812368850406872,0.102445520408283,0.121869639883575,0.0389732092913065,25188.7356240282,0.0369599831048961,0.0120717846594101,0.0111878352138035,0.0378004988297025,6723.82437705484,4.07212180490876e-05,0.00229565866751731,320.392446467492,0.00026267039752565,0.211593362785791,0.527228918149494,101352.197546171,0.00432649641820004,0.00705851237881873,1561.24902635278,0.00590000107366109,809.078947233292,0.00857948569766731,1176.52203269251,"Lele","Lele",13.5,234060.0576,55.9,117030.0288,52.2018348623853,125320.855620612,0.000125320855620612,6.65574525,1.88289742039949e-05,0.0569402496221887,0.000785481288609643,1.529607212844e-06,1.92894406108239e-06,6.95918568462176e-07,2.27299321948214e-07,7.66738764201522e-10,4.32248978318608e-08,8.14634894519649e-08,1.32904547499357e-07,4.94581413916355e-09,3.98408596963019e-06,9.92717969943696e-06,1.11090968019507e-07,1.61542914884921e-07,3,0.000134729195642428,8.46180288838544e-05,3.81120603780515e-05,0.000177497151463978,0.000174084374175969,0.00010822038919815,4.89734562835427e-05,0.000227016609838899,8.13689780262183e-05,5.60586779387838e-05,3.18950599965982e-05,9.5822967916706e-05,2.64124066977068e-05,1.80222622817118e-05,1.02974157518185e-05,3.12237363055374e-05,6.92830671736047e-07,2.1133839772573e-07,1.03668914837736e-07,4.17843241437174e-07,3.59524370884004e-05,1.17279761772681e-05,5.9253260892303e-06,2.37555153001562e-05,9.51522276164585e-06,2.74533633218537e-06,1.36986978965e-06,5.45448633276171e-06,1.69423691873234e-05,4.44866361848935e-06,2.24970862013801e-06,8.77742109068533e-06,0.0165476339289785,0.00405467955442841,0.00235247931250294,0.00876414067766346,0.0429564994581385,0.0103299005405529,0.00589015113789281,0.0223756283804259,7.55970739901722e-06,2.15925597233442e-06,1.16362935298024e-06,4.22435307275378e-06,6.04915261522611e-07,2.95112835122926e-07,1.93335020176573e-07,5.68722247543864e-07,0.00207086163051017,0.000415509737001797,0.00021384289578342,0.000983940057220945,1.44472050396581e-05,0.00056130237452668,0.0145269993862569,0.0150885968736187,3.72004354830419,96.2780005850397,2.75379971035136,0.371530092614498,0.560807804679325,0.00140064977211525,0.0181947755326765,0.0143105153542124,0.00195586665608987,0.119442930530024,0.717232954824087,0.0777274141227382,0.0294836137233377,26.8724758729402,68.4616377988993,0.000859148472432425,8.22627461301076e-07,3.19606973190764e-05,0.00082717097131485
3,"Lele Lake","Lele Lake","ELS167S10","ELS166",14.4,969,1.04,20,56.8,105,244.0911044,13,2,325,7,1.130128357,29.36148148,1.490089686,8.829942627,0.055555556,-0.0871106094027137,-0.00448997961962184,250.3079863,8.716707143,"Lele","Lele",14.4,14.4,0.0671365623616088,0.106149007246848,0.116695038502312,0.0335931238640277,41055.3370083445,0.0320731601862726,0.0127253400254574,0.0104142171527801,0.0343451626303135,10613.7950656637,7.0345460362837e-05,0.0022286720851317,544.690133931202,0.00022790762001353,0.438587076840549,0.313398724404551,178216.728545449,0.00241113216394781,0.0109427940224595,3163.85225386219,0.00650977178386275,1542.31466034811,0.00753950579893464,1786.28233240099,"Lele","Lele",14.4,244091.1044,68.25,122045.5522,54.6153846153846,152513.966464014,0.000152513966464014,4.9446962964,3.08439502290671e-05,0.0627849092245015,0.000935551456718759,2.07075678803212e-06,3.27405469638666e-06,9.89262956474289e-07,3.92499754393164e-07,2.16973187827216e-09,6.87410508707134e-08,7.43688404605092e-08,3.37518994195674e-07,7.02957128852246e-09,1.35277579691819e-05,9.66645465738709e-06,2.00787076904048e-07,2.32548141614103e-07,3,0.000181966498978093,0.00011587975691815,5.19044837159586e-05,0.000236334800968598,0.000289468640238382,0.000184197480816354,8.12242962988455e-05,0.000382165874302187,0.000116324464591952,7.99475501373144e-05,4.59740052408159e-05,0.000137981430882673,4.64739743533481e-05,3.16124942570846e-05,1.82811024054424e-05,5.52598593747709e-05,1.90129987144347e-06,5.92927443939963e-07,2.96307758637152e-07,1.1908048713441e-06,6.1794495648819e-05,1.86776745684183e-05,9.4526330752532e-06,3.65784188868341e-05,9.67361340230586e-06,2.46539151625429e-06,1.25108197580686e-06,4.97964873805196e-06,4.20446911517865e-05,1.13410438436445e-05,5.71645221092659e-06,2.23857812222811e-05,0.0612448591392472,0.0139804904359552,0.00804242860879516,0.0302255786611081,0.0388992071498708,0.00978810867960423,0.00566144702405366,0.0212642939504605,1.31142339060187e-05,3.18183486001965e-06,1.7352514485368e-06,6.37768399233616e-06,1.0855248229825e-06,5.39325810396573e-07,3.53273902315154e-07,1.0234486516299e-06,0.00254670037145994,0.000602368501257971,0.000305185161924438,0.00137264283511929,2.41173760337809e-05,0.000804435962133649,0.0240144278090449,0.024819403096989,3.24115756930207,96.7566694299683,2.42700639859888,0.322117134827523,0.466891796169782,0.00238896738016998,0.00993332316099651,0.0128199491647148,0.00217300072966704,0.127370082727412,0.742151131099121,0.075254326203696,0.0456942650849666,56.3288745556144,39.4373250692387,0.00155828397045076,1.5142072650141e-06,5.05064388594857e-05,0.00150774367006923
3,"Lele Lake","Lele Lake","IE112L-7_S12","JCE092",16.1,1026,0.009,76.05,26.4,83,130.596092,13,2,325,9.739,0.888101234,33.62625,1.484127907,8.245700606,0.1,-0.352266337002176,0.403415196605267,244.3434214,8.168352956,"Lele","Lele",16.1,16.1,0.476155124467725,0.196010531796935,0.469049802991558,0.0931155692808308,66036.9148997215,0.0180080619598738,0.0202660734266125,0.00970909336937166,0.0285036630422535,3760.24243104535,0.00014955875642312,0.00166554069653026,178.324445755406,0.00014394797817686,0.0507130000993007,0.208339857830706,25464.7901964495,0.00574176762711759,0.00620386193957397,1173.59837677961,0.00144865674586796,142.323281997797,0.0151540166751566,1488.80636825076,"Lele","Lele",16.1,130596.092,53.95,65298.046,2933.33333333333,1200.964630125,1.200964630125e-06,6.4641395125,1.85788785622996e-07,0.0888101234,0.00131805582562053,8.84642823430251e-08,3.64165586718702e-08,3.34569596294862e-09,3.7652091712768e-09,2.77863397351369e-11,3.09438783414036e-10,1.06675603477161e-09,1.15260797592617e-09,2.67439200583643e-11,9.42190670374795e-09,3.87072091832345e-08,2.69144177599369e-10,2.81544635538797e-09,3,7.80629679631645e-06,4.89570408670337e-06,2.2001383330965e-06,1.0231006965937e-05,3.24727686808586e-06,2.03960748139368e-06,9.29044579072112e-07,4.32786483487512e-06,3.91808772536757e-07,2.66900836143934e-07,1.55846338365091e-07,4.60984869137874e-07,4.41106499522699e-07,3.02857979172634e-07,1.77637650467389e-07,5.23920249109272e-07,2.46078661821417e-08,7.57558480061457e-09,3.81325947403746e-09,1.48276434584423e-08,2.80891104338585e-07,8.44285072296244e-08,4.25883106635484e-08,1.67735817211071e-07,1.54170472190429e-07,3.55608822348448e-08,1.84584083559815e-08,7.08686598129725e-08,1.53182135652609e-07,3.84443593506125e-08,1.97343703492377e-08,7.61951050239064e-08,3.89258255621551e-05,9.68875002987254e-06,5.61160252084395e-06,2.09152976722789e-05,0.00017532995584303,3.90370441900595e-05,2.26683452301082e-05,8.71201154675621e-05,4.2922599127309e-08,1.19526814526329e-08,6.44110775171135e-09,2.35972773497693e-08,1.43431237744303e-09,7.24661335701298e-10,4.75358005111576e-10,1.37396536538929e-09,3.69987198782599e-05,7.21551417340851e-06,3.71445072926914e-06,1.71823867928142e-05,5.37970394738751e-08,1.24332082447439e-05,5.11911325470786e-05,6.36250654531582e-05,19.541368101063,80.457492943196,11.3406785863673,0.419490077130735,7.69461540327635,0.0119066043337776,0.0558913094730336,0.0187861204817662,0.00113895574101186,0.476004192711759,3.20566661404109,0.132696927898301,0.060423292419111,15.2278822204207,61.354819695705,5.65054991422805e-06,4.77772171422952e-09,1.1041947584736e-06,4.5462907984918e-06
3,"Lele Lake","Lele Lake","IE112L-6_S19","JCE089",18.5,1175,0.009,16.5,58.6,87,243.6590437,13,2,325,10.7,1.069258316,29.10928571,1.163232323,6.594837261,0.1,-0.34522339586137,0.376777307462585,236.7520867,7.913524349,"Lele","Lele",18.5,18.5,0.0869085437634386,0.106895743582121,0.132255171805943,0.0377727021799318,15755.707148332,0.0550969500896751,0.0738370086398381,0.0285867204119334,0.100154094026855,10481.9440428332,4.47808126930967e-05,0.00259728713619961,214.79219804113,0.00030673753283327,0.0947828187792125,0.563171952549347,53514.6858859047,0.00244218487355675,0.00380060381538314,507.519992044746,0.0033169237599152,269.655950909826,0.00679846466578623,552.694781934423,"Lele","Lele",18.5,243659.0437,56.55,121829.52185,6511.11111111111,1058.10810828596,1.05810810828596e-06,7.58530642903,1.39494444711744e-07,0.1069258316,0.00124379583480774,1.21232590529872e-08,1.4911362393037e-08,7.68571845806992e-09,1.02998525193905e-08,6.24667460036416e-12,3.62307126821121e-10,3.4067122282022e-10,5.30163118796208e-10,4.27881818148274e-11,1.32216766738201e-08,7.85593587981e-08,4.62692438040562e-10,9.48348053446264e-10,3,1.06686152163961e-06,6.74710549951078e-07,2.98116574546839e-07,1.39808751324965e-06,1.32774710661368e-06,8.15418614878203e-07,3.72106262603678e-07,1.75782911994539e-06,8.99791670594107e-07,6.09391947726156e-07,3.50552296396187e-07,1.05848054558207e-06,1.21475611685661e-06,8.24989802474044e-07,4.80318297493084e-07,1.46511794430288e-06,5.25805344246903e-09,1.69526171886318e-09,8.52657333191756e-10,3.31387749791426e-09,3.26817555778613e-07,9.9708622904307e-08,5.03285356093706e-08,2.01085575602242e-07,4.22614530868889e-08,1.14032915296711e-08,5.89409977287769e-09,2.29387012078257e-08,6.40168848074639e-08,1.77978021910224e-08,8.98767091938632e-09,3.51955606157391e-08,5.93520817306681e-05,1.34832949888219e-05,7.93576833924918e-06,3.01803033822671e-05,0.000358056074723346,8.16437442222598e-05,4.6460924081018e-05,0.000176111167966643,8.25385987468765e-08,1.8920986460114e-08,1.01369976096607e-08,3.69684507877368e-08,2.51461916863779e-09,1.2483088042307e-09,8.16439017511007e-10,2.40559823853406e-09,1.10794261947912e-05,2.36431331661487e-06,1.22881183132549e-06,5.6892458081648e-06,9.44742522882597e-08,3.68043535400075e-06,9.68849540535293e-05,0.000100566637716334,3.65969812412548,96.3390606006041,2.35099171087317,0.605958359118113,0.670908926928846,0.00168570985105911,0.011339040250939,0.018814377103353,0.00124127527038517,0.820341438480892,0.810824179265328,0.099146819629739,0.0176975213601395,13.4073240340936,81.1837266077744,1.0753171369035e-05,1.01017379907104e-08,3.93533610876571e-07,1.03595042817014e-05
3,"Lele Lake","Lele Lake","ELS165S9","ELS165",21.8,1294,0.555,8.93,56.9,105,231.5832316,13,2,325,4.68,1.09434816,27.16,1.8,9,0.077777778,-0.198352539196797,0.264600973217492,253.406634,8.613935023,"Lele","Lele",21.8,21.8,0.0868718954222954,0.427611878627675,0.264407477400206,0.207723528208785,67738.9916265153,0.0661878765402816,0.0112778403879462,0.0169354683217559,0.0604589335249052,10199.4461536382,5.53022972062201e-05,0.00146551087596483,200.236345632394,0.00020503498655133,0.0863134097666106,0.303426501809969,51341.7114442881,0.00219418964355612,0.00228657657591637,589.955603520626,0.00685379803375755,902.398464316654,0.0052501850322694,691.260362088719,"Lele","Lele",21.8,231583.2316,68.25,115791.6158,102.522522522523,77083.3333389148,7.70833333389148e-05,3.408912,2.26122978061372e-05,0.0851159682431885,0.00153208742837739,1.96437317027255e-06,9.66928714497078e-06,1.49665997548469e-06,2.55017885462321e-07,1.25051201379056e-09,3.31385683654497e-08,4.9615669663233e-08,5.17047504911585e-08,4.63631217657601e-09,1.95174452630575e-06,6.86117042120145e-06,1.54980122242443e-07,1.18718747487e-07,3,0.000178716734440505,0.000114289807984595,5.09553158353586e-05,0.000233751190561452,0.000848313894886071,0.00053537173054239,0.000238520267528773,0.00110805102288666,0.000177393618649165,0.000119604325403484,6.9297261826452e-05,0.000209862602071849,3.0061096868507e-05,2.04940050968331e-05,1.16867531800842e-05,3.55375852283402e-05,1.06469812129578e-06,3.38946083232804e-07,1.66873201812738e-07,6.77282066773813e-07,2.90747850412764e-05,8.92871718224845e-06,4.39635149623512e-06,1.81045399191445e-05,6.38632763179207e-06,1.67380073001685e-06,8.24843992988442e-07,3.36211550118179e-06,7.15520779339605e-06,1.74558192082116e-06,8.93682804220961e-07,3.48806000312464e-06,0.00760501126671687,0.00197717766844823,0.00114672929364907,0.00436987882701635,0.0289567320021534,0.00702992829574732,0.00408257232719604,0.0159827481428626,8.97502729128627e-06,2.06828599691797e-06,1.09572944216138e-06,4.12629602555633e-06,8.41285922651391e-07,4.15592383492144e-07,2.7593907418546e-07,8.01839148464469e-07,0.001428225028698,0.000301330161260422,0.000157526310275851,0.000720927460784569,9.22695962994685e-06,0.000539305327458669,0.00957364599893784,0.01011336691878,5.3325992400929,94.6632914223657,2.97952367080509,1.18263607326839,1.13008663585976,0.00335146629164021,0.0165503807333311,0.020451013134679,0.00410933754139198,0.202642752521682,5.29370421188054,0.0882862972732482,0.017260146248424,19.5501427400672,69.5112552743746,0.000860809017490591,7.85361602843738e-07,4.59034951253544e-05,0.000814870148817122
3,"Lele Lake","Lele Lake","IE112L-5_S18","JCE086",23,1385,1.295,17.15,49.1,86,209.2478159,13,2,325,8.6,1.053489145,29.18380952,1.554583333,8.701883385,0.083333334,-0.169554957314452,0.296112511536112,261.1006772,9.031730433,"Lele","Lele",23,23,0.0946276496574713,0.339993630582026,0.311016325825422,0.0856954879188993,137404.213883876,0.0627529941663073,0.0322687549333038,0.0221323228510409,0.0728559071860124,30040.8409125948,4.32936844863948e-05,0.00107615730009039,353.911070420995,0.00013770998986341,0.0437917767765648,0.407319241167376,142660.931590088,0.00418814280862191,0.00476419181949942,2830.25373567667,0.00394033653577055,1245.72557477425,0.00509612057861868,1611.12323256856,"Lele","Lele",23,209247.8159,55.9,104623.90795,37.9150579150579,154252.077565264,0.000154252077565264,6.09019238128,2.5327948266364e-05,0.0877907627856594,0.00136478056617942,2.39672421509205e-06,8.61134108627484e-06,1.58940458980368e-06,8.17301355570698e-07,1.09654020093169e-09,2.72568564231594e-08,1.0607706438892e-07,1.20667203935316e-07,3.48791149902197e-09,1.109155856689e-06,1.0316560668182e-05,9.98006399300606e-08,1.29074278374407e-07,3,0.000213951628000251,0.000133835512111201,5.99759075491941e-05,0.000281327569314295,0.000767153106498414,0.00048524007590201,0.000217189230862971,0.00100483383771166,0.000187724372809759,0.000126653745640482,7.20172410971617e-05,0.000220036707312053,9.42641998594296e-05,6.4822018246114e-05,3.70470162523334e-05,0.00011069800157775,9.03462447657418e-07,3.01896661020104e-07,1.53958896697617e-07,5.92300342898145e-07,2.58226327215434e-05,7.5093690710664e-06,3.73264001500748e-06,1.49258512246466e-05,1.22501309234154e-05,3.56466131450922e-06,1.78849888866202e-06,7.28250659722518e-06,1.54866842797662e-05,4.02358596240142e-06,2.03118111743955e-06,7.83964366925629e-06,0.00418603600150803,0.00112538046191355,0.000647233144595203,0.00239120481836828,0.0444432788619451,0.0104083933102175,0.00603845809156175,0.0224995693022604,6.23382061716362e-06,1.56193809453574e-06,8.10251313552463e-07,3.10038044096628e-06,5.53219190492598e-07,2.71533011998544e-07,1.78127445237713e-07,5.21061487600044e-07,0.00164824363332162,0.00032558069044155,0.000167439266192356,0.000767244607540007,1.19131770196228e-05,0.000591498444263299,0.0120953688213126,0.0126871387985879,4.66218943178215,95.3356703456168,2.56622628324826,0.998284543514091,1.0548912109805,0.00237954881563766,0.0280966526109573,0.0123111926127078,0.00214022260108612,0.510927004702816,3.82466120695407,0.0591888304390759,0.0317138956724368,8.87024631620495,82.0389330916434,0.00111381359269557,1.04586689775327e-06,5.19280996084058e-05,0.00106186165499692
3,"Lele Lake","Lele Lake","IE112L-4_S17","JCE083",24.7,1565,0.575,9.005,75.6,86,328.5528031,13,2,325,10,0.991675736,31.38571429,1.718122867,8.025604689,0.077777778,-0.369416332077254,0.188433065154017,220.8328886,7.783828669,"Lele","Lele",24.7,24.7,0.0510019397442548,0.0951833134655994,0.0989125370743243,0.029594642673926,15130.3198924731,0.0691183015836048,0.0260213238399924,0.0191425921873695,0.0759117872709908,9847.04637096774,4.95528598661602e-05,0.0020118461105661,213.35685483871,0.00022787159003679,0.158771835417571,0.578934776613298,76376.9569892473,0.00255687999129983,0.00268149856885745,542.177419354839,0.00517801864259168,535.930107526882,0.00826284157246208,855.212365591398,"Lele","Lele",24.7,328552.8031,55.9,164276.40155,131.478260869565,69844.6327621809,6.98446327621809e-05,6.861428571,1.01793135408246e-05,0.0771303352425946,0.00132519392719677,5.19164735847012e-07,9.68900791620926e-07,7.03576863228785e-07,2.64879214114616e-07,5.04414097422187e-10,2.04792123553408e-08,2.60272831177018e-08,2.72958146916724e-08,2.31957636203072e-09,1.61618829416765e-06,5.89315861083399e-06,5.27086752831756e-08,8.41100551042514e-08,3,4.5615004683226e-05,2.85107405091426e-05,1.31247086276205e-05,5.96710513531279e-05,8.68358822941555e-05,5.43240829517992e-05,2.50359856300338e-05,0.000113626371461842,8.30776363834352e-05,5.63144032885188e-05,3.27179214979033e-05,9.72309460614609e-05,3.09072581376124e-05,2.12033887971818e-05,1.21616194737968e-05,3.64271258278635e-05,4.49037794400095e-07,1.35742497623035e-07,6.89237140501281e-08,2.68696319156225e-07,1.73289615387241e-05,5.65201236273496e-06,2.82034097684585e-06,1.13595799615772e-05,3.74166929179824e-06,8.83420205260034e-07,4.40842211299349e-07,1.78711220378119e-06,3.38613617940661e-06,9.26181927027481e-07,4.76179331436308e-07,1.83884069998107e-06,0.00616021155556726,0.00164447557350647,0.00094855677315559,0.00358012827288519,0.0252275132906556,0.0061029765704441,0.0035049633224227,0.0134432961038735,3.98337360720732e-06,1.0309513001506e-06,5.48853914510818e-07,2.03863761139203e-06,2.83398491463911e-07,1.39890468399892e-07,9.35957311208222e-08,2.7343719334814e-07,0.00108540125700897,0.000213495912789065,0.000108189841332755,0.000493614712796208,7.72279193601324e-06,0.00030037117058976,0.00782955780998931,0.00813006887104747,3.69457104674023,96.3037082978678,2.62600374210063,0.692668219442319,0.350682644407528,0.00166963527340385,0.010866085137434,0.0126807203789132,0.00172065539196187,0.260802080935508,0.668187241872652,0.0695198583478513,0.0113920551193086,20.2270804785274,75.0667265830651,0.000627074937569274,5.95661531033507e-07,2.31677290847988e-05,0.000603896418685751
3,"Lele Lake","Lele Lake","IE111L-2_S2","ELS164",28.5,1878,0.933,17.25,71.7,83,330.2625518,13,2,325,5.49,1.3539,30.49900592,1.507088493,8.325964122,0.066666667,-0.319745158452291,0.331223218372147,236.0992169,8.513739649,"Lele","Lele",28.5,28.5,0.191890808432637,0.119146288729718,0.191456377657596,0.0588744432157584,45264.2956387461,0.0747440198876953,0.0422761156074971,0.0238037127038376,0.0931617962963236,17029.5892582089,4.11216204770582e-05,0.00151517355450084,226.482967929008,0.0002096236552642,0.144313666436315,0.412932280411518,81124.8368086042,0.00202589976773937,0.00211407942705145,602.478752280324,0.00181684785088898,264.400417196321,0.00697407461869793,1014.91615703525,"Lele","Lele",28.5,330262.5518,53.95,165131.2759,76.8488745980707,115926.646699764,0.000115926646699764,3.815604574992,3.03822485850769e-05,0.0902600004513,0.00136029808058329,5.83007424299176e-06,3.61993216217564e-06,2.27089139247589e-06,1.28444345359843e-06,1.24936729555517e-09,4.60343795823791e-08,6.15513903519072e-08,6.42304866812742e-08,6.3688380035494e-09,4.384573687892e-06,1.25458111922654e-05,5.51999230469718e-08,2.11888068716156e-07,3,0.000511437572791914,0.000323420705876757,0.000147814264994101,0.00066305096496889,0.000327670568131752,0.000201003504033253,9.25890937959826e-05,0.000423579424237093,0.000263621427745457,0.000180306625137682,0.000101445269276917,0.000312367258802862,0.000150696759340592,0.000103128289256916,5.89760376810825e-05,0.000180775809086415,1.08072876895353e-06,3.4594128735792e-07,1.74013385419756e-07,6.83861485715244e-07,4.27164700327775e-05,1.25646755857407e-05,6.25394977951014e-06,2.51406401096545e-05,7.83679296290794e-06,2.05316149198478e-06,1.0494331464992e-06,4.09979948569623e-06,7.13438404023465e-06,2.1404035804565e-06,1.0727749849012e-06,4.14198710262447e-06,0.0187294343967088,0.00451173402924259,0.00260833006076827,0.00986498154424926,0.0541735113359224,0.0125384238009869,0.00730428888700076,0.028047264351403,9.13264079047479e-06,2.81980394144185e-06,1.51016823800257e-06,5.5684145141772e-06,3.02331529551505e-07,1.48018677940192e-07,9.60809227732782e-08,2.89588686590854e-07,0.00244749825331043,0.000530336705048626,0.000271816319261099,0.00124150516169696,1.73769073338352e-05,0.00103928294278385,0.0173689947026858,0.0184084256641476,5.64569160744671,94.3535043114187,2.88094546879972,0.979478791001929,1.7569167063898,0.00187925515016571,0.0111533790528515,0.0153180070522474,0.00080408113458868,0.560223297409782,1.09191034421118,0.0682550252529836,0.0116273038200391,24.5090705286638,68.1124178120609,0.00166154450875369,1.56843966379417e-06,9.38056788846986e-05,0.00156772546970305
3,"Lele Lake","Lele Lake","IE112L-3_S11","JCE077",30,1895,1.265,18.85,45.1,84,208.3622084,13,2,325,9.605,1.3839,30.29814138,1.459129262,8.228779537,0.066666667,-0.242791558366955,0.285483903848316,293.6744638,9.199229068,"Lele","Lele",30,30,0.0788629959554903,0.107449852202318,0.118416104264489,0.0376276912873853,25899.7216481132,0.0542429089177526,0.040803835677544,0.021358424689498,0.0735994985399459,13212.6380596814,4.0074590457356e-06,0.00669760905372297,931.605114673004,0.00019332074042614,0.2386785514593,0.459412930998428,97069.9670621817,0.00202483289374437,0.0026280563554481,646.807440308743,0.00150497644345621,209.209785357734,0.00749612184332427,1042.05088968419,"Lele","Lele",30,208362.2084,54.6,104181.1042,35.6521739130435,159549.549578488,0.000159549549578488,6.694863520451,2.38316358639884e-05,0.0922600004613,0.00134619266385216,1.87943420275444e-06,2.56070575132502e-06,1.29269725353137e-06,9.72422153721248e-07,9.55043047178173e-11,1.59614980127678e-07,4.82550802091418e-08,6.26308820930796e-08,4.60714949079239e-09,5.68810032692226e-06,1.09485616827622e-05,3.58660505843287e-08,1.78644846162194e-07,3,0.000164215643528244,0.000102823916210811,4.75713158518862e-05,0.00021774984444997,0.000228375514876766,0.000144246064943544,6.46974843271518e-05,0.000300465535672036,0.000153799160871488,0.000104482939757622,6.14863393843059e-05,0.000184658550765917,0.000114557409432112,7.80780241393431e-05,4.44783269220188e-05,0.00013616172958912,8.34331052408056e-08,2.58953313942156e-08,1.33675827733801e-08,4.95966562000172e-08,0.000149007846725155,4.31533588382113e-05,2.22498106814631e-05,8.42831795909736e-05,6.21768289763909e-06,1.61229984427791e-06,8.28356871342142e-07,3.2194856213971e-06,8.83045288845124e-06,2.08892411663232e-06,1.05447579362346e-06,4.17449707230114e-06,0.0226375078067632,0.00571036054952608,0.00333905213707425,0.0124651774267274,0.0461296898009502,0.0112072084374928,0.00659378333377746,0.02374173639074,7.32384762457621e-06,2.02560200345376e-06,1.0650044760779e-06,4.01518638642055e-06,1.95060925145841e-07,9.55953270214325e-08,6.28813344965169e-08,1.83262608965461e-07,0.00212063290180924,0.000460216784840866,0.000226818404627955,0.00107903820246927,1.71263765026564e-05,0.000671187437988426,0.0171851353590566,0.017856418392372,3.75880214744042,96.2406624970089,2.57731855699272,0.585128201309707,0.575837292515145,0.000145019739262369,0.00902924544468925,0.0113438314388907,0.000535355550709258,0.437254674614349,0.807810736587372,0.241668613996219,0.0116984496595615,31.9793164790844,62.762913543067,0.00164743316911741,1.58007950403547e-06,6.19237533384309e-05,0.00158550059615406
3,"Lele Lake","Lele Lake","IE112L-2_S10","JCE073",34.2,2107,2.83,31.4,39.2,84,177.8987974,13,2,325,6.032,1.4679,29.78503471,1.336617837,7.980522385,0.066666667,-0.156398907600796,0.137330731121781,202.9657028,7.590605028,"Lele","Lele",34.2,34.2,0.119379090638854,0.185015076836799,0.17918859808069,0.0922101974808264,29380.4294389175,0.0240637456523472,0.045354072110874,0.0170362066359937,0.0521803002319721,6700.27718832387,1.2781487195775e-05,0.00082653617199345,81.0117797826031,0.00011713809820032,0.308335302851222,0.309106084480816,59607.3664330521,0.00133887553758073,0.00228078372661202,349.373131839149,0.00072143291352963,69.6334262467942,0.00344907949397565,332.908601838024,"Lele","Lele",34.2,177898.7974,54.6,88949.3987,13.8515901060071,350619.469089964,0.000350619469089964,4.2353667062928,8.27837335947848e-05,0.0978600004893,0.00130801422182827,9.88264683623456e-06,1.53162388318762e-05,1.99208670937657e-06,3.75457942306525e-06,1.05809923096019e-09,6.8423750268759e-08,1.10837115819657e-07,1.8881179241117e-07,9.69712911521503e-09,2.55251475691029e-05,2.55889557501869e-05,5.97229101201463e-08,2.85527677976515e-07,3,0.000879117367439947,0.000549082155893075,0.000251289114534741,0.00114702044504107,0.00135019236112783,0.000844296122781197,0.000378070060110968,0.00178789550977231,0.000231254016075169,0.00015888803307582,9.15800595558105e-05,0.000274812164652972,0.000440740575439179,0.000301635412446501,0.00017765770096196,0.000522094243401217,9.37145050926617e-07,2.87490001311088e-07,1.44814557945443e-07,5.74538723332666e-07,6.6494927251946e-05,1.88211643627404e-05,9.41709820938181e-06,3.79129688465101e-05,1.31999686042699e-05,3.72738045553964e-06,1.88875045061779e-06,7.42271248455202e-06,2.43425900918151e-05,6.39407652360171e-06,3.26256365359752e-06,1.29228619107491e-05,0.1088813662168,0.0260830387877935,0.0149813316686206,0.057023448874257,0.102746315132839,0.0264027045105203,0.0149729596549806,0.0564406876541777,1.98854248663486e-05,4.29870103731282e-06,2.27651847391177e-06,8.63775561365702e-06,3.23881572179739e-07,1.60371910073184e-07,1.05572209455313e-07,3.12079576058293e-07,0.00322991633531288,0.000707369621448717,0.000366645460278481,0.0016260538220021,5.18381817942322e-05,0.00142365338191178,0.0536568900744278,0.0550807038282497,2.58466810146608,97.4150407404714,1.28424216156425,0.288464057342582,0.99686844526388,0.000521943223905648,0.006767125683728,0.0078043683877331,0.000291158062491809,0.547624470063142,1.53283466640849,0.0341701595197979,0.011608559947853,47.3542220323193,47.9345808522129,0.0053901977035835,5.07288449574799e-06,0.00013931872065048,0.00525086328893783
3,"Lele Lake","Lele Lake","ELS163S8","ELS163",38,2315,0.536639526,7.25,132.5,105,599.5475113,13,2,325,8,1.5439,29.37244293,1.238105755,7.780897502,0.055555556,-0.141443991106075,0.0992264053689557,237.7440566,8.305119229,"Lele","Lele",38,38,0.0305464413233348,0.0644471471078244,0.0606714173268519,0.0198483561226616,14203.2513550501,0.0311893749233139,0.00854585152898729,0.0097347455520559,0.0299536732763734,5941.13158869517,1.74385169138057e-05,0.00077020116369308,117.766309764981,8.23527989466578e-05,0.563434042237887,0.286328973008769,127067.179739442,0.00081128470239743,0.00897578655761054,1463.34332065387,0.00039701888988265,59.3614703774744,0.00445408724043922,665.966216015991,"Lele","Lele",38,599547.5113,68.25,299773.75565,246.906896679094,82863.4562188997,8.28634562188997e-05,5.6502045656,1.46655674598749e-05,0.0857722229084,0.00106195082802032,4.47980895886475e-07,9.45153983506277e-07,4.57409881969189e-07,1.25329762100438e-07,2.55745746199586e-10,1.1295437123815e-08,1.1897950532174e-08,1.31635003266075e-07,1.20775052846172e-09,8.26307995562971e-06,4.19917686937679e-06,5.82250731241863e-09,6.53217168968292e-08,3,3.93704877353177e-05,2.50706089486763e-05,1.13334125668788e-05,5.10135033486879e-05,8.42945985384107e-05,5.32422247828804e-05,2.39160181161086e-05,0.000112192354610185,5.44404930744439e-05,3.70501286166444e-05,2.13097442807592e-05,6.54478500198591e-05,1.47336039447069e-05,1.00722418119651e-05,5.78473413974136e-06,1.74173084498506e-05,2.25849752153462e-07,6.965884204043e-08,3.47198893805117e-08,1.35825698310438e-07,1.01741922685701e-05,3.09349509942181e-06,1.56893604840681e-06,6.09138665921975e-06,1.5011354076387e-06,3.99865631891583e-07,2.04784036420271e-07,7.98867785329653e-07,1.65144050763267e-05,4.41515354155667e-06,2.21367747351057e-06,8.79501371369624e-06,0.0338486318478293,0.00832474571854826,0.00478438237475872,0.0179784562984838,0.0192315572722297,0.00428499476521967,0.00249603254664236,0.0091026450370674,2.1207991917975e-06,5.38363656932516e-07,2.85563143494267e-07,1.08139194858937e-06,3.22444646887961e-08,1.58956343720431e-08,1.03833015178131e-08,3.02176799965856e-08,0.000884909643363653,0.000170145286472054,8.44727677066034e-05,0.00039764760018177,1.26896929364125e-05,0.00023327391216824,0.0126805635990038,0.0129138534068064,1.80638501011085,98.1934919001043,1.3175407921417,0.286902192935819,0.194137320278567,0.000539411745248058,0.00309640832441872,0.00416888468509923,0.00012308978483266,0.0779956337947618,0.412287665855171,0.0239548568655066,0.0341892803214695,64.4636845123286,33.1813799509388,0.001107649913015,1.08842317118112e-06,2.00084219932088e-05,0.00108764012761789
3,"Lele Lake","Lele Lake","IE112L-1_S9","JCE068",39.5,2405,1.42,17.65,40.2,83,185.1681253,13,2,325,4.961,1.5739,29.2208369,1.201907686,7.707545735,0.066666667,-0.0810076684534614,0.106429700479922,212.194764,7.640450866,"Lele","Lele",39.5,39.5,0.12551045095325,0.118922172349954,0.159595545723203,0.0573015125061481,46673.6761218768,0.0265881016098604,0.0183627632499737,0.00971611513228197,0.0351889779424974,8583.23279239073,1.35639770370124e-05,0.00058777233827053,114.82336539903,0.00011644312023342,0.447199967260878,0.257267789799791,134538.239271943,0.0010100965394628,0.00169842476952207,517.184018386736,0.00031487953489227,60.1253025490752,0.00240757449687545,459.719127454876,"Lele","Lele",39.5,185168.1253,53.95,92584.06265,28.3098591549296,176437.125760046,0.000176437125760046,3.511354281391,5.02476001054931e-05,0.1049266671913,0.00126112167763587,6.30659894855901e-06,5.97555375991702e-06,1.33598829725648e-06,9.22684784616523e-07,6.8155729399589e-10,2.95341494064882e-08,5.07549269828692e-08,8.53417686282092e-08,5.85098734052474e-09,2.24707251221142e-05,1.2927089021884e-05,1.58219409506704e-08,1.20974840543181e-07,3,0.000559617810156785,0.000354057151847011,0.000156847343639158,0.000732907830149439,0.000533666163347719,0.000337509667613072,0.000152050363360393,0.000688962477935436,0.000158085561255836,0.000107157701329719,6.19485993580732e-05,0.000189420926698139,0.000107148253526625,7.32509730449173e-05,4.184409707349e-05,0.000126898392493534,5.64876403563484e-07,1.87501458058506e-07,9.50708778119883e-08,3.67064235305462e-07,2.54481365770107e-05,8.07388478282491e-06,4.01878423878632e-06,1.59822733540476e-05,6.8227139982095e-06,1.74200329604292e-06,8.9187512911023e-07,3.45263919504301e-06,1.05901061211881e-05,2.84431431565637e-06,1.43006127309122e-06,5.64033447795171e-06,0.0988438044742383,0.0226520409845805,0.013046754738632,0.0502642427070068,0.0551064253066325,0.0130761787649757,0.00766106867525466,0.0283119588790475,1.03465827637758e-05,2.58190829061584e-06,1.40927557718372e-06,5.28184517313502e-06,8.65340127089511e-08,4.26576901896899e-08,2.78749301045286e-08,8.27023725457516e-08,0.00146443494613062,0.000304713554924146,0.000160014559421182,0.000730657127559126,3.57067743151441e-05,0.000770439821145593,0.0361498985893126,0.0369203810681484,2.08676020901166,97.9131242513082,0.825326137240294,0.290239965649122,0.958974803628069,0.000507853528684906,0.00471827008726562,0.00699317887821934,0.000115539680132097,0.1984025379091,0.914155428109179,0.0218683679562298,0.00770391375540321,61.3537572723556,35.4172367312227,0.00387393253691358,3.74659282503998e-06,8.08396827042683e-05,0.00379308837828005
3,"Lele Lake","Lele Lake","IE111L-7_S7","JCE063",44.2,2705,1.12,13.7,63.8,84,317.6499876,13,2,325,11.43,1.6679,28.78058405,1.096791136,7.494537558,0.066666667,0.0302399362778129,-0.0763017451360777,222.636025,8.407603457,"Lele","Lele",44.2,44.2,0.0587495888219246,0.150223825142249,0.17838635499736,0.0141647892341581,49276.5579329941,0.0381791697926612,0.0138659499187785,0.0102171854315368,0.0417880972831624,12272.3953633166,2.01626665978177e-05,0.00062137672515092,151.276913192529,4.94698819793536e-05,0.478566909529548,0.253671187939858,172675.605244159,0.00093434842865829,0.00260531520157783,834.663303000569,0.00031824643376326,75.0434638206793,0.00219444951725265,517.457779516726,"Lele","Lele",44.2,317649.9876,54.6,158824.9938,56.9642857142857,152233.00973131,0.00015223300973131,8.140379243085,1.87009726679046e-05,0.1111933338893,0.00121955862992072,1.09867445480944e-06,2.80933164805328e-06,7.13987610775845e-07,2.5930675044561e-07,3.77061476957861e-10,1.16203491535194e-08,1.74732244266383e-08,4.87219283759833e-08,9.25134910780357e-10,8.94966669487564e-06,4.74389795229817e-06,5.95151785946483e-09,4.10383404432382e-08,3,9.71282540000963e-05,6.09286819785886e-05,2.7537039691918e-05,0.000127537094200482,0.000250319786254183,0.000156378584875583,7.02787667956046e-05,0.000326552703227459,8.21931819097356e-05,5.66233446294066e-05,3.27754064421214e-05,9.66752340171393e-05,3.08389046229598e-05,2.10343249829978e-05,1.20081268456855e-05,3.61385027099622e-05,3.31745187332617e-07,1.02714229950321e-07,5.09961831801904e-08,2.03476767066119e-07,1.04526362535851e-05,3.1811782136837e-06,1.60326439087364e-06,6.31969019714567e-06,2.21875666813319e-06,5.8411011296817e-07,2.97822870316098e-07,1.18102880377055e-06,6.35641826310302e-06,1.61273052097348e-06,8.34582067401903e-07,3.22568738869407e-06,0.0390882812954214,0.00923502350711808,0.00531512883858007,0.0204250997736587,0.0196848620902279,0.00486815141146821,0.00277309133338066,0.0106248995499068,1.55074946040981e-06,4.04173723017851e-07,2.125880036643e-07,7.9760914272775e-07,3.19425018104922e-08,1.58367142274139e-08,1.04192156124144e-08,3.06139056789776e-08,0.00052246164542637,0.000102348420084854,5.28135635633119e-05,0.00024504073049101,1.38196722038204e-05,0.000220991444758786,0.0142853817371795,0.0145063890186525,1.52340768246758,98.4764831469166,0.705540296439402,0.390333835364538,0.420012739905469,0.000708062011974515,0.00402657141082534,0.00278617733536691,0.000109170615837275,0.145000419856048,1.07799800952883,0.0219294974758591,0.0111173808926522,63.6617665171087,33.5586713220545,0.00161301375767911,1.53665542560008e-06,2.45727755037424e-05,0.00158843922123831
3,"Lele Lake","Lele Lake","ELS162S7","ELS162",46.6,2880,0.185,58.8,135.5,98,697.1957808,13,2,325,7.3,1.7159,28.57352261,1.047352308,7.394354717,0.066666667,-0.0685542007108427,0.205623482217943,207.0145776,7.499174107,"Lele","Lele",46.6,46.6,0.0494167788842065,0.103694934108879,0.0984264545710376,0.0282621845706967,19460.0393862821,0.0508748947378366,0.0580745367009653,0.028013769994904,0.0806934785888171,13847.1458875774,1.59430368884027e-05,0.00094701639117111,122.389254428081,0.00016987961715235,0.434083065066015,0.292734090282502,92397.8711830317,0.00247783741568097,0.0030535536261581,703.023207244621,0.0002839993156082,36.0954610158562,0.00417347081693645,530.435620420172,"Lele","Lele",46.6,697195.7808,63.7,348597.8904,732.432432432432,30317.7257521683,3.03177257521683e-05,5.21413284947,5.81452882529642e-06,0.1143933339053,0.0011981012228553,2.87335285275518e-07,6.0293718341329e-07,2.95813541937072e-07,3.37676067663498e-07,9.27012475503816e-11,5.50645410449261e-09,1.4407457077875e-08,1.77549755788847e-08,9.87769930762659e-10,2.52398849439937e-06,1.70211080609453e-06,1.65132220696833e-09,2.42667663666104e-08,3,2.5762385391884e-05,1.6151232835087e-05,7.38790951221207e-06,3.39886808780987e-05,5.31521198496662e-05,3.3331406454385e-05,1.48340431685111e-05,7.01250193113071e-05,3.47417908618081e-05,2.3453131209672e-05,1.36893031554246e-05,4.10123625492943e-05,3.96210042953227e-05,2.72420780693282e-05,1.58911331027709e-05,4.7320523243913e-05,7.99774976438033e-08,2.52322069344566e-08,1.25041403788031e-08,5.05534058656179e-08,4.5488063778065e-06,1.52128513072428e-06,7.60318032677699e-07,3.01171231167671e-06,1.82200050266385e-06,4.80626844799423e-07,2.38031150432759e-07,9.43865525944247e-07,2.35668397315492e-06,5.95486892199095e-07,3.06523408929349e-07,1.21601150503325e-06,0.00967470101695642,0.00255645655059514,0.00148227305738217,0.00546545098815539,0.00785571645693437,0.0017437058889515,0.00100433721951026,0.00391509788449251,1.64405645740267e-06,4.39800980051899e-07,2.36138513968682e-07,8.7391459271157e-07,9.062441065014e-09,4.46129864063814e-09,2.87042191381977e-09,8.70549360355734e-09,0.000291931789498389,6.00776781590468e-05,3.17853648591686e-05,0.000142857892098467,4.29076674700704e-06,0.000100627702235591,0.00436285269609327,0.0044634848596275,2.25446496180093,97.7454350871792,1.3459814483175,0.525444399325894,0.361852528753394,0.000565302845825322,0.0107679730057275,0.00985330955258584,9.99510199080289e-05,0.610332037098065,0.746757466478036,0.0340829011090505,0.0133412997002703,57.274901360559,39.0660200222347,0.00051059291392862,4.90835113200135e-07,1.15111383419591e-05,0.000499081265243836
3,"Lele Lake","Lele Lake","IE111L-6_S6","JCE058",48.3,2974,0.781,10.6,41.2,83,203.1558185,13,2,325,8.294,1.7499,28.43320834,1.013850305,7.326466258,0.0625,0.135659841667202,-0.128782853276123,271.9827677,9.253315825,"Lele","Lele",48.3,48.3,0.0349741503334649,0.12659245781835,0.127208582232091,0.0174172573611187,53466.4298026394,0.0161705667627353,0.00606019671496599,0.00547482390894786,0.0167249402972363,7356.71540385831,7.64189076792359e-06,0.00051200668145088,171.964703761508,6.79089869929443e-05,0.635697040807921,0.174268042421294,268060.167949149,0.00114163181918482,0.00179316551434419,971.197807598088,0.00010618752222529,35.1401057924059,0.0026090027263029,863.384227201786,"Lele","Lele",48.3,203155.8185,53.95,101577.90925,52.752880921895,103883.012799837,0.000103883012799837,5.9357497002804,1.75012455115703e-05,0.10936875,0.00110883540544968,6.12091191544537e-07,2.21552568419205e-06,2.83005058975869e-07,1.06060990557032e-07,1.33742606502033e-10,8.96075463563622e-09,1.99799787513742e-08,3.13826299094189e-08,1.18849185380555e-09,1.11254899821581e-05,3.04990779523581e-06,1.85841389673013e-09,4.56607972533833e-08,3,5.40439443172377e-05,3.45368926459324e-05,1.56849092123162e-05,7.1650690974264e-05,0.000199655070622076,0.000125814360697495,5.72076487367644e-05,0.000258831104949305,3.35345304383503e-05,2.25878947554128e-05,1.30015481356676e-05,3.93397508787605e-05,1.25349780268102e-05,8.55235952026988e-06,4.95630811303095e-06,1.47540448142111e-05,1.13216776772612e-07,3.65518377061053e-08,1.81803706128662e-08,7.29961229216395e-08,8.10083197841049e-06,2.38391820570935e-06,1.19794760781096e-06,4.8341304089113e-06,2.30915586770719e-06,6.82516675876625e-07,3.46206236191135e-07,1.35349113902601e-06,4.16663076382022e-06,1.05741991776077e-06,5.42454904693398e-07,2.07915223759228e-06,0.0475163847859572,0.011280287699799,0.00657200491173769,0.0242292893738262,0.0134337399217362,0.00313638000381696,0.00181152511117025,0.00702903175132143,1.94933355136093e-06,5.27471208616932e-07,2.78050105185489e-07,1.05311942269542e-06,1.0231975288588e-08,5.00615673702024e-09,3.2907681666661e-09,9.7068068633153e-09,0.000546952416790253,0.000116294007904098,5.87222625997502e-05,0.000274140769952479,1.42845625863008e-05,0.000174665335027643,0.0145544757619572,0.0147291461031416,1.18584834317305,98.8141176687281,0.789550236583595,0.153355086555866,0.234479937968474,0.000248159923529505,0.00463378305230505,0.00358113908928113,3.39880988481231e-05,0.0580641909611157,0.854186385391748,0.0161850401171653,0.00717909857337369,76.5848041753964,21.2936987782883,0.00161090829786797,1.56228475436049e-06,1.91029293603045e-05,0.00159180482099056
3,"Lele Lake","Lele Lake","IE111L-5_S5","JCE051",55.5,3455,0.135,2.63,73.8,80,387.5032817,13,2,325,8.972,1.8939,27.88907442,0.88393069,7.06319715,0.066666667,0.0576837772230088,0.0546518774916662,196.2599637,7.453444599,"Lele","Lele",55.5,55.5,0.0637897903006212,0.0936873124099667,0.108493533821839,0.0306492700650312,19128.4287120497,0.143508851630554,0.0634200090242253,0.0590003828897401,0.147550845793815,25135.2348460147,1.47896838703463e-05,0.00116838502575736,143.717865629058,0.00026029054832095,0.224442486548597,0.395470325947451,75331.1864805935,0.00321062567274794,0.00192539306025068,623.861923459877,0.00140569603072443,170.747085460034,0.00769604411691229,934.823086793102,"Lele","Lele",55.5,387503.2817,52,193751.64085,546.666666666667,18430.0341296342,1.84300341296342e-05,6.4697922430376,2.84862843153386e-06,0.1262600006313,0.00111605089477425,1.81713410291933e-07,2.66880341805026e-07,4.08803394931571e-07,1.80660040834542e-07,4.21303139664662e-11,3.32829480335084e-09,9.14587957440232e-09,5.48472941330808e-09,7.41471056406597e-10,6.3935324842649e-07,1.12654801432187e-06,4.00430567921591e-09,2.19231700817753e-08,3,1.64630323754469e-05,1.03629066332889e-05,4.67545916665633e-06,2.11841897801743e-05,2.36609228719019e-05,1.49950583997944e-05,6.72979361197118e-06,3.13854545756748e-05,4.85029927224051e-05,3.2624222973324e-05,1.89630624784013e-05,5.82593610323383e-05,2.11591132271351e-05,1.44389756641405e-05,8.31689707829222e-06,2.4942657468479e-05,3.59593446568973e-08,1.14572879772176e-08,5.6415683553534e-09,2.29347550858807e-08,2.92211327847079e-06,9.13025179165294e-07,4.53358684267758e-07,1.77449238378442e-06,1.15533419083262e-06,3.05214544516458e-07,1.55206871808725e-07,6.12390110649837e-07,7.11787675349115e-07,1.82300161848042e-07,9.24040778760675e-08,3.63501765021101e-07,0.00263602032317601,0.000658934010403047,0.000377807001530702,0.00143488239179021,0.00469606515851899,0.00115174235442959,0.000661425607451611,0.00252956606940876,1.20813736816749e-06,3.27751952433495e-07,1.75097533160375e-07,6.48706600611115e-07,2.25334953462684e-08,1.08113459380229e-08,7.11403849455294e-09,2.07664167258698e-08,0.000260814186530359,5.58470001662886e-05,2.90421468055927e-05,0.000129936644980891,1.81057124367079e-06,9.94785535578287e-05,0.00184120572423758,0.00194069508914135,5.1259239081108,94.8735190056164,2.87768029500182,1.68105866582877,0.533979123834127,0.000590370328720048,0.01572707357401,0.0168883795433577,0.000557086272774889,0.744010522051094,0.772664314126177,0.0470462971887694,0.00939354991250583,33.9535053234245,59.3468989989134,0.000245032163180148,2.28602726368887e-07,1.25601622350123e-05,0.000232470635904591
3,"Lele Lake","Lele Lake","IE111L-1_S1","ELS161",58.2,3511,0.137,7.265,33.8,84,165.0793651,13,2,325,5.95,1.9479,27.70305528,0.839516007,6.973195237,0.058333334,0.0880108012575532,0.175480940081838,308.3025379,10.09956765,"Lele","Lele",58.2,58.2,0.151649094056066,0.165292447570556,0.239966247509599,0.0418767186372113,29151.0152326502,0.136380767347616,0.250289086167196,0.0890657606020381,0.297124454697029,35564.3464468784,4.59468637028476e-06,0.00408544196424487,376.185210976979,0.00024043795493969,0.0402182850716591,0.240611231454711,25851.6901333729,0.00363058778414687,0.00196724501019588,514.866269092469,0.00048081943694424,44.2238485323838,0.00514996149535403,473.672858496683,"Lele","Lele",58.2,165079.3651,54.6,82539.68255,246.715328467153,18266.66666895,1.826666666895e-05,4.30166821084,4.24641459397516e-06,0.1136275012986,0.00095392106175588,6.43964926162791e-07,7.01900261637483e-07,5.79129280802448e-07,1.06283122821309e-06,1.9510943257516e-11,1.7348480379808e-08,1.54169809513092e-08,8.3537379212206e-09,1.02099924080144e-09,1.70783512672947e-07,1.02173504472362e-06,2.04175867410694e-09,2.18688716522815e-08,3,5.7172881256369e-05,3.58724824938678e-05,1.65806520595729e-05,7.45503110057337e-05,6.18786758611627e-05,3.8628036660331e-05,1.74694697857234e-05,8.09716731106031e-05,6.73272637543765e-05,4.63681382564201e-05,2.66182624838312e-05,7.98096234777285e-05,0.000124018742822455,8.45413602657152e-05,4.89630330851974e-05,0.000146660625238034,1.7582244904838e-08,5.40758157019379e-09,2.73852939750443e-09,1.08609663246882e-08,1.6489085887601e-05,4.74942329048964e-06,2.41191543022844e-06,9.66799359432538e-06,2.11473521173281e-06,5.21363563238611e-07,2.70151531117722e-07,1.04325202911029e-06,1.1387912010069e-06,2.78406167514007e-07,1.40181788631359e-07,5.66447779954015e-07,0.000757582953037873,0.000177200973827994,0.000102022670022904,0.000397857370279027,0.00430367801833111,0.00104856415951446,0.000607869395112517,0.00224944908126867,1.63182029594671e-06,4.58753672628071e-07,2.43709782672892e-07,9.29578390447914e-07,1.10283896034602e-08,5.48480365959538e-09,3.6014095427308e-09,1.04147627250559e-08,0.000285032235806169,5.45444259705524e-05,2.81779248833176e-05,0.000129048645201514,1.25858889715935e-06,0.000137770571538277,0.0013539623597265,0.00149173841606844,9.23557173659036,90.7640605847603,3.65643368723502,3.10832903121353,2.40474349305905,0.000362501998470066,0.0349500661525293,0.0307529569317618,0.000367678649320495,5.66730462627146,2.5894644962042,0.318381777886167,0.0186632029124626,11.8788235202132,70.2914229612728,0.000169502508808988,1.43010311546378e-07,1.56545257963745e-05,0.000153847359788078
4,"Lama Lake (PG1341)","Lama Lake","210810_A00902_B_L002_APMG-38-1_BH194L-3_S25","EBH011",0.08,11,2.35,41.2,17,82,86.88985433,13,2,325,3.725,0.464790039,48.15,0.895,9.078125,0.090909091,-0.0148451583215294,0.877789105645548,326.5790589,10.88321916,"Lama","Lama",0.08,0.08,0.264821551275111,0.434449393587773,0.499941755242511,0.109572833518034,35257.2410399866,0.0214096481357907,0.00240842228177598,0.010610654563314,0.0129959472988238,1200.90711045371,0.00013076767615115,0.00239740739610452,127.470587143131,0.000632853002326,0.182962323351037,0.0611983921177876,12342.4917223154,0.00613136725535695,0.00406178903351722,513.938940085036,0.00054153076823102,27.303981334208,0.0188545541190377,950.646618681883,"Lama","Lama",0.08,86889.85433,53.3,43444.927165,7.23404255319149,320099.667767769,0.000320099667767769,1.9314125,0.000165733455576046,0.0422536399513445,0.000378170077564534,4.38897908038331e-05,7.20027992722191e-05,3.54829496821184e-06,3.99156147245078e-07,2.16725788461793e-08,3.97330612179972e-07,1.01617268263612e-06,6.73174332345695e-07,1.04884914947163e-07,3.03229780891892e-05,1.01426210013788e-05,8.97497655196776e-08,3.12483040749368e-06,4,0.00389105019497491,0.00243810881600636,0.00107645931597088,0.00509626874995112,0.0064229932204145,0.00403680347752854,0.00180640808845572,0.00840091030907645,0.00041641579480456,0.000285270276176363,0.000161434761501236,0.000500650839925935,4.70698234162641e-05,3.22812239635127e-05,1.86711827128143e-05,5.5696945086106e-05,1.86948476125117e-05,5.94726698709727e-06,2.9491169758998e-06,1.19822608781553e-05,0.000362077106168922,0.000108485672094603,5.49059574070509e-05,0.000218185458448294,0.000129108485806133,3.4035418750058e-05,1.7717613511892e-05,6.7448902876982e-05,8.54021787488324e-05,2.26557318210813e-05,1.16018777740057e-05,4.61420333190258e-05,0.124915247022344,0.0317243559589458,0.0179532804343848,0.0704761786752577,0.0437543345590312,0.0102978546342038,0.00599549651877133,0.0221881724555421,0.000183672007077976,4.60677936645904e-05,2.46390814377555e-05,9.51546423054405e-05,4.99516199154251e-07,2.43488270679877e-07,1.57683600981947e-07,4.81798890090657e-07,0.037077503042184,0.00771583954871432,0.00398353582668066,0.018487687615839,4.58934143845364e-05,0.0105252691202988,0.0462224366985573,0.0567479493071268,18.5473999480312,81.4521709822427,13.596684361148,0.502697065989902,4.29638224072384,0.0104801443218854,0.0599764734507924,0.0811796623967255,0.000429069726135987,0.0568852696135376,7.11356714527404,0.191171087976176,0.0399234370540259,55.9039689474058,18.1466550949191,0.00239780741800049,1.93916380754206e-06,0.00044473093180011,0.00195306619793465
4,"Lama Lake (PG1341)","Lama Lake","BH194L-4_S16_BH194L-7_S17","EBH012",0.26,27.5,1.44,17.35,12.65,84,64.01821862,13,2,325,2.237,0.476252167,46.9525,0.75625,8.751302084,0.076923077,-0.119483704809038,0.791667019471427,309.9105423,10.0744,"Lama","Lama",0.26,0.26,0.67836490645024,0.245105235643384,0.587673550490329,0.186922542183649,70448.7667298963,0.00786751458139673,0.00096418453370319,0.00370295384605847,0.00503746146770309,673.743830393628,7.96012061634311e-06,0.00090745375026311,69.8341779677812,0.00029206058112857,0.0350336402416425,0.00990864198242197,3450.79230957976,0.00485948588480172,0.0038731220380896,666.18446061361,0.00044040529870489,33.5971990223002,0.0123753888936075,944.081292526637,"Lama","Lama",0.26,64018.21862,54.6,32009.10931,8.78472222222222,198947.368410232,0.000198947368410232,1.186672575,0.000167651442024968,0.0366347821135579,0.000277050539733781,0.000113728854785515,4.1092246203483e-05,1.31900016472363e-06,1.61646927453511e-07,1.3345257000226e-09,1.52135929802576e-07,8.14699816086988e-07,6.49334494824406e-07,4.8964377584855e-08,5.87344030589533e-06,1.66119811686218e-06,7.38345834033117e-08,2.07475179363307e-06,4,0.0100805089524967,0.00626473586998448,0.00289674961045686,0.0130909956779677,0.00360154638672837,0.00227226851030729,0.00102903063073168,0.0046770245615817,0.00015623456545911,0.000106324504095893,6.15384886188804e-05,0.000184676580404217,1.8521270665502e-05,1.29280886183329e-05,7.40411987500263e-06,2.21377636815791e-05,1.15907511534029e-06,3.63253323090348e-07,1.79874236141105e-07,7.28477366597907e-07,0.000135180188424274,4.24837845224305e-05,2.10820709882644e-05,8.76732669138367e-05,0.000111234406257372,2.75810135745137e-05,1.40680363923028e-05,5.46488021507097e-05,7.60925661791224e-05,2.18744389168546e-05,1.08466803351408e-05,4.39952388863193e-05,0.0249865800696052,0.00588185146466122,0.00343444646918079,0.0132272716041779,0.00645040620900955,0.00168847935344907,0.000987692377024939,0.00370378514109629,9.64456314370326e-05,2.18418384906775e-05,1.1269218209012e-05,4.34557715556807e-05,4.08205264099921e-07,1.96905695799283e-07,1.29162839141267e-07,3.82432468838236e-07,0.023490998883589,0.00515399688630358,0.00270669926459057,0.0122126739320379,1.13496939437927e-05,0.0115748433657722,0.00991988564047521,0.0214949259119432,53.8491894002803,46.149894543081,23.9777373851745,0.4946493164548,29.1451847549919,0.00168994917488184,0.128314066712781,0.101613927771398,0.000916056638696651,0.0601448391648082,10.5711855887103,0.197645642959975,0.101765593454316,27.3639066668896,7.85524621190205,0.00078746192733111,4.15793564686414e-07,0.000424041864703627,0.000363412849030221
4,"Lama Lake (PG1341)","Lama Lake","210810_A00902_B_L002_APMG-38-2_BH194L-6_S26","EBH014",0.72,57,1.35,18.6,23.2,87,128.8530964,13,2,325,4.536,0.494810128,47.3,0.71,8.375,0.05,-0.0171947626624348,0.765902652958084,312.655372,10.9506,"Lama","Lama",0.72,0.72,0.37553279393383,0.487945134805188,0.619881074150291,0.15306889073981,69851.9105232717,0.0109731145005019,0.00168362146283086,0.00460213833148095,0.00798596103296226,1023.87931248977,2.00628748672618e-05,0.00102320661823035,84.3963289136247,0.00038952988408573,0.0568766991023264,0.0173821040740997,6038.75155126316,0.0123855159348303,0.00691496968747561,1561.33208490206,0.00047580073116167,38.4903759480548,0.0283974463905713,2297.23982321165,"Lama","Lama",0.72,128853.0964,56.55,64426.5482,17.1851851851852,212003.610170625,0.000212003610170625,2.390472,8.86869246620019e-05,0.0247405064,0.00017565759544,3.33048486037207e-05,4.32743534096581e-05,9.73171779013533e-07,1.4931520983341e-07,1.77931467185602e-09,9.07450482646568e-08,1.09843331861232e-06,6.13267395713176e-07,3.45462074835095e-08,5.04421952831137e-06,1.54156535448676e-06,4.21973035986605e-08,2.51848218863384e-06,4,0.00295657154351558,0.00185649564367197,0.000832016322012645,0.00388667809125845,0.003857634999065,0.00238494181187623,0.00110310335143364,0.00508697116462349,0.000116211311849389,7.82537018871853e-05,4.47456757696954e-05,0.000138000877356301,1.75241836782554e-05,1.18169838256016e-05,6.78627230246357e-06,2.10941977629465e-05,1.53021127335769e-06,4.82863335134147e-07,2.35840169784787e-07,9.68908937992592e-07,7.93619141589362e-05,2.47976832987727e-05,1.23179183057149e-05,4.8363596287007e-05,0.000141650962851508,3.63438440700586e-05,1.86509033389956e-05,7.26672406247231e-05,7.1309087803167e-05,2.05269758700781e-05,1.03431437960151e-05,4.0449036053382e-05,0.0204858186872188,0.00516280623942893,0.0029858077851989,0.01135711259504,0.00600720145033568,0.0015672977171742,0.000923609448651798,0.00337858588388132,5.94413620692849e-05,1.51944657727716e-05,8.10126456777752e-06,2.98573598888085e-05,2.31352614718652e-07,1.12633071099222e-07,7.3919447646077e-08,2.19874652549638e-07,0.0290206823578818,0.00623402761644811,0.00323339673377344,0.014588354358348,1.09852356597761e-05,0.00822079813518523,0.0091721874114738,0.0173930981797301,47.2647141425656,52.7346382840697,35.8419618634317,0.449912379488445,10.6737490037026,0.00277617782723077,0.208955550612677,0.0873591675028846,0.000647573364649227,0.0679406492362185,13.7120010893495,0.142571973334066,0.118017938253233,29.6830742060989,9.01103242779783,0.000430314056831442,2.717802931462e-07,0.000203386708876658,0.000226924561355567
4,"Lama Lake (PG1341)","Lama Lake","BH194L-7_S18_BH194L-4_S17","EBH015",1.21,80.5,0.503,7.415,17.9,83,87.70210681,13,2,325,2.007,0.510183601,48.92,0.6328125,7.87890625,0.039136303,0.37512876082831,0.569496023786369,315.9949561,11.0591,"Lama","Lama",1.21,1.21,0.304201479603534,0.569716640774372,0.607751127781706,0.178538871852624,80291.2273097201,0.0048625879009694,0.00176138152686401,0.00265041918015233,0.00391571994917021,608.577191182194,7.20725418514263e-05,0.00084084632159997,83.8744205795973,0.00026479855032476,0.0485618474749754,0.011452537301546,5538.14996815399,0.0149939162816582,0.00794228555125638,2107.26354339903,0.00038038285977141,34.9476752414989,0.034949223311277,3210.95989172358,"Lama","Lama",1.21,87702.10681,53.95,43851.053405,35.5864811133201,66479.2993627639,6.64792993627639e-05,1.0251756,6.48467436825105e-05,0.0199666999943671,0.000126351773401854,1.97264753756908e-05,3.69442689759566e-05,3.1532299124784e-07,1.14219856399659e-07,4.67366964798645e-09,5.45261458931751e-08,9.72306645913711e-07,5.15031355395629e-07,1.71713237204101e-08,3.1490776759589e-06,7.42659750907744e-07,2.4666589808817e-08,2.2663433259692e-06,4,0.00170796281584504,0.00107157413582942,0.00048669678533886,0.00222306857424955,0.00324097593948956,0.00203868307370931,0.00092900780262599,0.00423423336454088,3.66862542069944e-05,2.50519300627413e-05,1.41176962307401e-05,4.33083359413136e-05,1.33597424110481e-05,9.121606314696e-06,5.2261502914256e-06,1.59066995975626e-05,3.98034694488705e-06,1.27527894577301e-06,6.42309742072938e-07,2.62166839516332e-06,5.15839336513466e-05,1.49269605639429e-05,7.55418357679626e-06,2.95037246335704e-05,0.000122170296641542,3.25434903325164e-05,1.6486984490936e-05,6.49699010323311e-05,6.86912457765751e-05,1.72582575099289e-05,8.71687950679327e-06,3.46365814785139e-05,0.0134967342733067,0.00317225217577804,0.00185081038190191,0.00706634483423882,0.00307320547185923,0.000747731030002589,0.000439537964359671,0.00165628920824265,2.68965882107923e-05,7.50826490870437e-06,4.05969164661184e-06,1.51765671173365e-05,1.32848626716201e-07,6.5379029415331e-08,4.29717390987341e-08,1.27078888549078e-07,0.026959114942447,0.00577661330197242,0.00295880514318736,0.0135104558806724,7.74645648321558e-06,0.00691456640205158,0.00599997310387851,0.0129146048849595,53.5406732427746,46.4588205161905,44.7293072721097,0.193981389952681,8.29738226894877,0.00987470354016185,0.251989825646288,0.0581377825770619,0.000506241034841664,0.0706301617118703,15.7858725982673,0.115582015066733,0.133633647050465,24.5632925206445,5.78980957344971,0.000257862041283774,1.54671172619785e-07,0.000138061072940894,0.000119799662939414
4,"Lama Lake (PG1341)","Lama Lake","BH195L-1_S27_210810_A00902_B_L002_APMG-38-3","EBH016",1.86,100,1.385,19.2,31.55,85,172.7347386,13,2,325,4.95,0.518849755,49.55,0.8125,10.15625,0.03030303,0.286848102465294,0.474186409594566,306.6387089,10.6946,"Lama","Lama",1.86,1.86,0.359518160018429,0.515225855169901,0.567562546842516,0.230081842826017,97572.4464301671,0.00609376081908656,0.00108299447473442,0.0027135802574446,0.00441470909124199,800.523992493968,1.68975654679543e-05,0.00076039044605794,86.7018139576445,0.00024526707889583,0.0645250459236772,0.0129915381914515,8673.86792958627,0.00892102499782483,0.00517910193881579,1572.78455902064,0.00051533583126362,57.4826199624698,0.0249246275443942,2780.1926548119,"Lama","Lama",1.86,172734.7386,55.25,86367.3693,22.7797833935018,209475.089003094,0.000209475089003094,2.497275,8.38814663996133e-05,0.0157227196912577,0.000127747097491468,3.01569104596367e-05,4.32179002586461e-05,5.11153593393489e-07,9.08431646434021e-08,1.41739257003547e-09,6.37826656515961e-08,7.48308658605154e-07,4.34430665260949e-07,2.05733622373319e-08,5.41245547158043e-06,1.08974927428553e-06,4.32271252146561e-08,2.09071430788798e-06,4,0.00270082676862647,0.00171671803720193,0.000770259003312997,0.0035407517471581,0.00395959794739812,0.00245320200045551,0.00108425091186593,0.00517778139039771,5.98369143937622e-05,4.10705564703887e-05,2.40757498660046e-05,7.08920100667823e-05,1.07708795023231e-05,7.27154886503922e-06,4.20540002167609e-06,1.2783694397125e-05,1.22205774768252e-06,3.86961882045338e-07,1.97984529365959e-07,7.51120955441381e-07,5.39610964776433e-05,1.72146359457875e-05,8.80906470755442e-06,3.30673126820498e-05,0.00010454209396089,2.47088111367634e-05,1.23858206223072e-05,4.93423923032509e-05,5.67876775851647e-05,1.458464927128e-05,7.38955547814999e-06,2.88075200868294e-05,0.0223289218217021,0.0056568073063128,0.00324712563806555,0.0124327650427781,0.00486298549010326,0.0011277378005469,0.000649301639088533,0.00245921668818855,3.01066144469027e-05,9.01743350959548e-06,4.87325998688437e-06,1.77077293414342e-05,2.32377192005147e-07,1.16912018187583e-07,7.57047193511894e-08,2.19529758994253e-07,0.0265509881467737,0.00533075063936176,0.00275938216830988,0.0127856518070934,9.90465892329367e-06,0.00712265243956248,0.00927681794139731,0.016399587292978,43.4319005247911,56.5673865791091,32.5053950695716,0.250436524631168,10.468056339058,0.00235958305006266,0.150667274092582,0.0549857343876976,0.000712896099755159,0.0443398284062476,14.9589252255508,0.104969933927292,0.0889330262446596,34.4935955109977,6.87662305398243,0.000257846114059804,1.5572817588846e-07,0.000111987467765493,0.00014585680811942
4,"Lama Lake (PG1341)","Lama Lake","BH195L-2_S19_BH195L-2_S18","EBH017",2.5,120.5,1.009,17.95,31.6,86,167.6392573,13,2,325,3.038,0.533542915,48.6375,0.6734375,7.59765625,0.036472149,0.303143668488689,0.122839963419167,324.2558503,11.0783,"Lama","Lama",2.5,2.5,0.306217396821911,0.602851270884968,0.611800916522445,0.209042332990908,123113.351530207,0.00253933086130527,0.00103982109183043,0.00139350622553262,0.00214961438800386,484.717390709261,1.66152351111701e-05,0.00041538087777925,58.504369576524,0.00017959490984517,0.0368073353623763,0.00710575812940999,5971.38460485615,0.0116056918265709,0.00542864202686869,2306.92576510361,0.00031651200350387,42.8645876105226,0.0254766499685199,3450.25175193671,"Lama","Lama",2.5,167639.2573,55.9,83819.62865,31.3181367690783,149610.344832557,0.000149610344832557,1.56039275,9.58799281992033e-05,0.0194594566937743,0.000131047278672137,2.93601020206318e-05,5.78013365672492e-05,2.4347086065597e-07,9.96979716247189e-08,1.59306754947187e-09,3.98266887367965e-08,1.1127528990337e-06,5.20497807755348e-07,1.72195470608973e-08,3.52908467174864e-06,6.81299579248735e-07,3.03471481701371e-08,2.44269936973792e-06,4,0.00265092571704576,0.00168227199196776,0.000748649318438452,0.00341861752725388,0.00515005393601869,0.0032221492312323,0.00147261293188482,0.00684646986701138,2.86565764335517e-05,1.91976959681464e-05,1.10647486132839e-05,3.33015892031282e-05,1.1914377852878e-05,8.10768714160602e-06,4.70670862168806e-06,1.4117835019628e-05,1.35075809290441e-06,4.32015034209517e-07,2.15305445942999e-07,8.51883608066207e-07,3.39879532475322e-05,1.0960684519732e-05,5.41994732748952e-06,2.15041113499727e-05,0.000155287938560104,3.76683284099051e-05,1.90407218100897e-05,7.47671226720455e-05,6.1854470531358e-05,1.70703859600154e-05,8.67860448140243e-06,3.34168705996415e-05,0.0142300726290998,0.00363372739673525,0.00210872287253658,0.00782268591477176,0.00295566567049906,0.000680021132022505,0.000394699351034277,0.00149545877900703,3.13673520507976e-05,7.70733397752193e-06,4.05879797696612e-06,1.51603161568502e-05,1.65500014591469e-07,8.15392429872328e-08,5.23977383239518e-08,1.57737901669377e-07,0.0259533285839232,0.00607594297988601,0.00313289821457754,0.0140243867224543,8.37532077904165e-06,0.00782322034524355,0.00757203651761141,0.0153953384020979,50.8155140271387,49.1839563369361,39.4661216349621,0.124698109692284,10.9271517652286,0.00280614185233269,0.244673598111828,0.0500627772915446,0.000529635925223451,0.0526632603314597,20.9293823044072,0.0711948268590083,0.110880225651222,23.6027770343786,4.41705868530852,0.000299584920921626,1.62979191996229e-07,0.000152235617514121,0.000147347716698137
4,"Lama Lake (PG1341)","Lama Lake","JK109L-6_S31_210810_A00902_B_L002_APMG-38-10","ELS125",3.02,141,1.015,15.4,99.7,83,521.7163789,13,2,325,2.95,0.545639638,48.4,0.715,8.5,0.021276596,0.391795713108637,0.336351581890687,328.5844015,10.9632,"Lama","Lama",3.02,3.02,0.447059660358289,0.429402214766423,0.586208009922364,0.209412448263952,139156.728375426,0.00194786781848768,0.00077448002437456,0.00103196211293758,0.00165160198806924,432.229889359081,1.13115461359279e-05,0.00051279009149539,83.2121411083632,0.00031761041296385,0.03996925307637,0.00751402094252925,7589.39422213133,0.021200301575874,0.00763356814057289,4577.98232875,0.0002732283418931,43.3807370707107,0.0433836929045911,6888.07230615484,"Lama","Lama",3.02,521716.3789,53.95,260858.18945,98.2266009852217,143273.809535004,0.000143273809535004,1.5222,9.41228547727001e-05,0.0116093541393122,8.30068820960826e-05,4.20785314866359e-05,4.04165622995358e-05,1.83338879795932e-07,7.2896270858564e-08,1.06467501420664e-09,4.82652673107002e-08,1.99543290636343e-06,7.18493225492653e-07,2.98943987736938e-08,3.76202020268047e-06,7.07241101932708e-07,2.57170315437899e-08,4.08339702676225e-06,4,0.00373266272918394,0.00232142213929477,0.00105263102493824,0.00495752775720752,0.00349538773881141,0.00221391591524614,0.000995477830787271,0.00456133980709593,2.15024716668072e-05,1.46242237158272e-05,8.42822315967116e-06,2.55409274110072e-05,8.77805303902176e-06,5.88683110285444e-06,3.37483256861072e-06,1.04529786231684e-05,9.83193907462562e-07,2.88325238389447e-07,1.44491010711489e-07,5.8651349898012e-07,3.86722488042801e-05,1.33778924686757e-05,6.93476796995352e-06,2.6302018243845e-05,0.000254239127424577,6.73934431131335e-05,3.51709156890523e-05,0.000135640385621088,9.77656147915643e-05,2.43546391177712e-05,1.27625278159709e-05,4.87671596176101e-05,0.0155871833635094,0.00378492519405091,0.00221085558676462,0.00827577408410268,0.00286272185576033,0.000714993121324706,0.000419689903820974,0.00153383305464007,4.76141416688867e-05,1.32071358191449e-05,7.08360477179574e-06,2.61102753277953e-05,1.44419754231029e-07,6.94074355230977e-08,4.5437172134517e-08,1.3457434245572e-07,0.0487821651567023,0.0103605159711953,0.00534865838116424,0.0240411974661808,1.13715258358739e-05,0.0127774512383765,0.00675745359331105,0.0195349742391231,65.4080782598979,34.5915664417809,53.0357288644182,0.0748617507083218,11.883415411143,0.00147594378605328,0.344988645944376,0.0676076438979618,0.000355298321223756,0.030134829105967,11.3330884809271,0.0684817512678541,0.124671979699853,19.3751225249673,3.66006687581279,0.000226788434044322,1.32016070532999e-07,0.000148337956424107,7.8449671844716e-05
4,"Lama Lake (PG1341)","Lama Lake","BH195L-3_S28_210810_A00902_B_L002_APMG-38-4","EBH018",4.38,171,1.3,20.5,34.5,90,165.8653846,13,2,325,4.218,0.566247842,50.53,0.69375,8.307291667,0.023255814,0.496200056615579,0.0996289063470108,302.8253609,9.8403,"Lama","Lama",4.38,4.38,0.597239438044824,0.317035071649639,0.550282394968453,0.277400975888865,121480.568377613,0.00153570736124107,0.00076352659959589,0.00101439663771762,0.00126120959898643,305.501515610368,1.88962839634188e-05,0.00045351081512205,62.7692036625855,0.0001868654186161,0.0401056645424266,0.00682536805763862,6260.60222764021,0.00809600125536491,0.00478668687360991,1711.73565438501,0.00037471582305597,49.7888661252709,0.0225785472749019,3000.03415496348,"Lama","Lama",4.38,165865.3846,58.5,82932.6923,26.5384615384615,182812.499983043,0.000182812499983044,2.0866446,8.7610750763711e-05,0.0131685544914534,9.13568467844579e-05,5.23245955528039e-05,2.77756806456518e-05,1.34544474871688e-07,6.68931386186593e-08,1.65551762467939e-09,3.97324229923054e-08,7.09296748166467e-07,4.19365230667765e-07,1.63714196167317e-08,3.51368738043954e-06,5.97975619768372e-07,3.28291345809754e-08,1.9781234779081e-06,4,0.00469208512622296,0.00297341478559966,0.00133585589584558,0.00613454037624208,0.00247997055239648,0.00154053463089311,0.000701908036671351,0.00323610535233049,1.56525430599825e-05,1.07590315349005e-05,6.33309033491645e-06,1.84550558960469e-05,7.81156179872309e-06,5.34877879921039e-06,3.0707219555373e-06,9.2460514488907e-06,1.61777572757231e-06,4.54310165509006e-07,2.27911534975902e-07,9.227786376815e-07,3.60157680896691e-05,1.08810352230366e-05,5.37456197753897e-06,2.21345979286378e-05,9.10162903123188e-05,2.35965340477874e-05,1.21112092249294e-05,4.5542506614001e-05,5.75507066850544e-05,1.40806806765645e-05,7.14698180744545e-06,2.78800161130472e-05,0.0150285933000469,0.00352079291920891,0.00202991928719355,0.00766282777413225,0.00262740177092308,0.000615109929690277,0.000356478124291971,0.00135553744780547,2.66947633479636e-05,7.19807105160815e-06,3.82889421049797e-06,1.40394546374329e-05,1.79047537213702e-07,8.88559266161433e-08,5.82365800391106e-08,1.69965596509271e-07,0.0243207772490542,0.00509489579473349,0.00257297274240211,0.012030366604658,7.30903695176493e-06,0.00811031852713295,0.00570674797449111,0.0138171553575507,58.6974548469624,41.3019020689561,36.8736955103373,0.0778671966586886,21.5197318742947,0.00328801517933819,0.170777077026152,0.0520951734661839,0.000643084081468232,0.0387111432186904,11.1494340986132,0.0787501836772096,0.101907232800056,25.4813152787263,4.45178413192073,0.000181951963242783,9.62494513793628e-08,0.000106801171467594,7.51496216710774e-05
4,"Lama Lake (PG1341)","Lama Lake","BH195L-4_S29_210810_A00902_B_L002_APMG-38-5","EBH019",5.17,191,1.265,16.45,35.65,89,185.2910603,13,2,325,4.24,0.580484669,48.65,0.69,7.786458334,0.026315789,0.586573802015633,0.362746746355278,360.0722106,10.972,"Lama","Lama",5.17,5.17,0.496058193865326,0.386265670704091,0.54645717220767,0.250649399182105,134919.671426768,0.0021663664030595,0.00193328956582668,0.00163029039066995,0.0024239351135725,626.894792826262,7.01167864459185e-06,0.00054340509495586,84.1664305183408,0.00020449943266278,0.0527209762376282,0.00868406840802499,9420.96182319161,0.0122239443260997,0.00617251914297833,2813.0768149106,0.00034989012294841,53.5030982605345,0.0326701650177545,4995.7256135249,"Lama","Lama",5.17,185291.0603,57.85,92645.53015,28.1818181818182,190177.36487404,0.00019017736487404,2.17724,8.73479105996768e-05,0.0152759120671388,0.000105403793263258,4.33296467699856e-05,3.37394992723851e-05,1.89227578900585e-07,1.68868804159117e-07,6.12455479401472e-10,4.74652996536133e-08,1.06773599617158e-06,5.39156650275665e-07,1.78625981619131e-08,4.60506711913203e-06,7.58535230945644e-07,3.05621711790076e-08,2.85367065324751e-06,4,0.00388394174319256,0.00243765297470469,0.00112523696300603,0.00509711320129325,0.00299807015686613,0.00186662513594099,0.000858494479407183,0.00391633605846427,2.21884108451746e-05,1.52258756044153e-05,8.8728017401714e-06,2.59202328708828e-05,1.97273983888016e-05,1.34067778112618e-05,7.69122642481655e-06,2.33509028814553e-05,5.21634180584578e-07,1.67083936436708e-07,8.38772426886346e-08,3.36589659736573e-07,4.48175382002964e-05,1.28797113852715e-05,6.59505701172693e-06,2.57309279749363e-05,0.000155395402493038,3.58031999252498e-05,1.78802664802479e-05,7.1991076035499e-05,6.94959863675896e-05,1.80130765517488e-05,9.20916045667289e-06,3.68162657236346e-05,0.0211197113796608,0.00470647642079132,0.00273130261159345,0.0103076590634862,0.00338488557110764,0.000776040374541295,0.000447256778489867,0.00170404020055761,2.61626317449996e-05,7.88607727320238e-06,4.20490970691274e-06,1.58357667112188e-05,1.72550254225483e-07,8.30240754782541e-08,5.4416195605871e-08,1.61022537841108e-07,0.0346049340455844,0.00723256086024884,0.00374326948593846,0.0169646638654186,9.92066817424637e-06,0.00972929607169284,0.00739344149702189,0.0171228205927902,56.8206389769072,43.1788761492659,42.239307601542,0.0889215390764907,14.2362817007561,0.00097579680597168,0.209096391165397,0.0460559475611332,0.000484873826881142,0.0782977181744632,10.9013881552141,0.0752195662827575,0.105199236621877,27.4865720591212,4.53219941385158,0.000261566701716857,1.5154725467705e-07,0.000148623871266339,0.000112941562182042
4,"Lama Lake (PG1341)","Lama Lake","BH193L-1_S22_210810_A00902_B_L001_APMG-37-1","EBH001",6.4,226,2.22,31.95,46.85,93,205.3473592,13,2,325,5.09,0.604461202,50.545,0.6725,8.40625,0.04,0.542507150431039,0.161077544305358,412.0236711,11.221,"Lama","Lama",6.4,6.4,0.37616990185074,0.499318179361763,0.601212035160484,0.153315813832334,101066.344095171,0.00657938528809956,0.00115096141075642,0.00246493741086517,0.00523673232363866,892.391222915934,1.53765560372415e-05,0.00044079460640092,52.6603989918617,0.00036526414881484,0.0945661203056273,0.0119714502107062,12340.8632337447,0.00148255627792404,0.00148255627792404,342.292593447101,0.00096146845006197,110.991917875155,0.00549598525514443,634.456537853873,"Lama","Lama",6.4,205347.3592,60.45,102673.6796,21.1036036036036,294102.564111855,0.000294102564111855,2.5172595,0.000116834424147314,0.02417844808,0.000162600063338,4.39495938642827e-05,5.83375519520167e-05,7.6869869137842e-07,1.34471913641506e-07,1.79651106998001e-09,5.14999840060933e-08,1.7321360899724e-07,1.7321360899724e-07,4.26754264884406e-08,1.10485782097536e-05,1.3986774915761e-06,1.12332612698801e-07,6.42120272406927e-07,4,0.00398287295560704,0.00248420486679803,0.00111554178135213,0.00525181744688016,0.00513526428145768,0.00326344300412395,0.00146331482313811,0.00674381312168509,8.94191549650035e-05,6.10249766823568e-05,3.4947166138031e-05,0.000106166296653393,1.57623109817249e-05,1.07529714548217e-05,6.27012358534309e-06,1.86138997849848e-05,1.54626467655789e-06,4.9260504153899e-07,2.47519255943082e-07,9.74225591061112e-07,4.5441727148357e-05,1.41189180898785e-05,7.24820205392432e-06,2.763426913681e-05,2.49762326011273e-05,5.85203505508069e-06,2.90555201829501e-06,1.20004300245413e-05,2.34493748338377e-05,5.88161130429605e-06,2.98081412788735e-06,1.1356889583358e-05,0.0468350095396013,0.0115172022916617,0.00658086355287437,0.0249339124257977,0.00622869816923056,0.00144211754239798,0.0008372457282709,0.00308923759049838,7.02036900147393e-05,1.87851429667667e-05,9.93992079639471e-06,3.72874152658767e-05,6.19195865644582e-07,2.97768870045951e-07,1.95439021664813e-07,5.74126113971497e-07,0.00748124305670009,0.00162171777036671,0.000836585013058377,0.00377245540206612,1.36441077259944e-05,0.00419207739691049,0.0162535163390326,0.0204458915048132,20.5032751735165,79.4952684513972,7.93175377060445,0.298470607984939,12.1501420772639,0.00240931065012756,0.0286220586356093,0.0918773483775189,0.00145637508628985,0.0525923335369864,15.9613632076435,0.069055037715302,0.0287667148332048,56.330154588517,7.05333656915128,0.000494349926198438,3.29893350250882e-07,0.000101357925688542,0.000392984800920732
4,"Lama Lake (PG1341)","Lama Lake","BH193L-2_S20_BH193L-2_S19","EBH002",6.89,245.5,1.505,24.2,96.4,94,429.877369,13,2,325,5.09,0.619019214,48.3775,0.655625,8.858258929,0.040833334,0.386361584011195,0.288346741440557,399.0371757,11.6705,"Lama","Lama",6.89,6.89,0.303862395664867,0.609657844894009,0.583838314306237,0.238132448528825,106109.943542116,0.00212055831344316,0.00046564646180801,0.00102795977021875,0.0015433170867823,300.4006156693,1.12045859199542e-05,0.00027731350151886,33.5128184464562,0.00020213459404954,0.0654193626475633,0.00787556344192276,8537.05108369608,0.00147854027359607,0.00125469184258875,317.478576455448,0.00261880916466324,304.187778521459,0.00475593461405015,552.425585094996,"Lama","Lama",6.89,429877.369,61.1,214938.6845,64.0531561461794,205028.985503524,0.000205028985503524,2.62758525,7.80294323480178e-05,0.0252766183176795,0.000165719828845286,2.37102102456384e-05,4.75712555635954e-05,1.6546596145884e-07,3.6334129089742e-08,8.74287479028619e-10,2.16386151059578e-08,1.15369658252384e-07,9.79028922488886e-08,1.57724476315826e-08,5.10463573195848e-06,6.14525744794034e-07,2.04344192546459e-07,3.71102878218622e-07,4,0.00214127739586557,0.00134481056160117,0.000599103816458264,0.00282869414118687,0.00415098953679605,0.00263450762241326,0.00115728923938521,0.00545023873695404,1.93957243319693e-05,1.34346344205058e-05,7.66361215582307e-06,2.31892499449266e-05,4.24066722170064e-06,2.91125048730561e-06,1.67806030861897e-06,5.03309283674867e-06,7.81773489066979e-07,2.39295983332702e-07,1.19399069244509e-07,4.72827060777256e-07,1.79739854753612e-05,5.89656546240396e-06,2.92933808012886e-06,1.16972364796463e-05,1.48485833370028e-05,3.83353080284705e-06,1.97222555877765e-06,7.74332538522107e-06,1.26036149302129e-05,3.25880485787262e-06,1.61005910645561e-06,6.52566118775357e-06,0.022327115598899,0.00518638099540441,0.00300306863170884,0.0115436871291305,0.00251500373416886,0.000632675453718275,0.000366609510167895,0.00139465481551826,2.57424171185443e-05,7.00200137848245e-06,3.80390851511897e-06,1.41014268872601e-05,1.12187578315534e-06,5.47274187853825e-07,3.56674275618965e-07,1.06021372630352e-06,0.00469428044820301,0.00092117065310481,0.000473770099262804,0.00223031316971877,6.54616644823544e-06,0.00229049067729115,0.00846563069234353,0.0107566686438225,21.2936807215546,78.7012315119075,8.56371692395517,0.124895865675115,12.5021101433062,0.00222462912316377,0.0356386436152666,0.0650945158797249,0.00508776653790595,0.0270646106494832,24.4918543988639,0.0548177661472384,0.0302956702096064,48.2154946585893,5.88170440744789,0.000271892207679653,1.65464950756047e-07,5.78958586100916e-05,0.0002139825158288
4,"Lama Lake (PG1341)","Lama Lake","210810_A00902_B_L002_APMG-38-9_JK109L-5_S30","ELS124",7.56,261,0.555,9.52,112.5,82,519.7505198,13,2,325,2.87,0.629994116,48.14,0.645,8.0625,0.058823529,0.422690884764947,0.233685956115147,430.4036381,11.3308,"Lama","Lama",7.56,7.56,0.475469346442129,0.386278667178756,0.531922683429216,0.246646426523339,124694.075822928,0.00182974924430218,0.00045008140914527,0.00125068774183146,0.00100368884348194,329.889215723193,2.63424555079342e-06,0.00032928069384917,48.0277598162364,0.00061861234155744,0.113782007926462,0.0127475472064687,18398.2126853909,0.00191371468425673,0.00125480880531511,458.482180417557,0.00036419191892022,52.698206475838,0.00495935790328741,717.614129247785,"Lama","Lama",7.56,519750.5198,53.3,259875.2599,202.702702702703,68333.3333398387,6.83333333398387e-05,1.488382,4.59111527415937e-05,0.0370584771523554,0.000239027177632692,2.18293457884503e-05,1.77344988896631e-05,8.4005897033973e-08,2.06637563214202e-08,1.2094124984134e-10,1.51176562301672e-08,8.78608471727415e-08,5.76097187223187e-08,2.84012057010786e-08,5.22386314515702e-06,5.8525458687686e-07,1.67204708168003e-08,2.27689838198058e-07,4,0.0019272610555094,0.00121093828619387,0.000537849251219541,0.00250942624359085,0.00158539460558179,0.00100239573331632,0.000454835548744142,0.00206630271308668,9.87256396576155e-06,6.77384301549406e-06,3.96149269095164e-06,1.18264276158634e-05,2.40841762985163e-06,1.63890294760174e-06,9.48303283037013e-07,2.87566891136005e-06,1.0394124428296e-07,3.2738592298645e-08,1.65976581440184e-08,6.55188726289686e-08,1.38693624927941e-05,4.16782725133268e-06,2.14755237457542e-06,8.36941347515979e-06,1.07021115823941e-05,2.87998363879071e-06,1.46263827487957e-06,5.89381559489999e-06,7.49388619605317e-06,1.95227521262326e-06,1.00277942667528e-06,3.86757750490764e-06,0.023172914131921,0.00524940513373955,0.00307893962211003,0.0114781139916311,0.00253960946651504,0.00060586135709666,0.0003467548458183,0.00135875605680333,4.6261417303853e-05,1.26110595740952e-05,6.73976193255648e-06,2.55904250040416e-05,9.16724728268795e-08,4.42753265945495e-08,2.95030212641185e-08,8.62444221691554e-08,0.00252521393283131,0.000567804466941131,0.000296088007070146,0.00133376074341796,6.24263841012489e-06,0.00180104037795568,0.00686542122956409,0.00866650588284637,20.7816206704537,79.2178684509155,6.55171155038372,0.0781611771463923,13.9726240605304,0.000377759996256906,0.0332311969520619,0.145514925444824,0.000510878630823798,0.0189107694583768,11.5663191933022,0.0480912066255222,0.0225266703676669,60.5711829507865,6.99083766037525,0.000321167510250216,2.31342672892029e-07,6.67438136969401e-05,0.000254422055777096
4,"Lama Lake (PG1341)","Lama Lake","BH193L-3_S20","EBH003",8.51,304.5,0.742,8.42,62.1,96,248.7980769,13,2,325,2.15,0.666410498,48.755,0.5365625,8.234375,0.054093568,0.415958103483015,0.21349752571057,382.3738643,9.7961,"Lama","Lama",8.51,8.51,0.319374031434009,0.244316294072406,0.361025434321878,0.132409174498109,42581.1671887546,0.0051818398869905,0.00867458567704305,0.00670353069880015,0.00698053595281814,1046.71438710709,5.0546439365009e-05,0.00104125665091919,82.4748054400681,0.00061976356198625,0.340263342030256,0.0531475425474216,29765.0751604702,0.00464855564569956,0.00367430745648109,628.709078738727,0.00129214818081999,97.6088735791417,0.0177157864166029,1338.25050591018,"Lama","Lama",8.51,248798.0769,62.4,124399.03845,83.6927223719677,92749.9999913971,9.27499999913971e-05,1.1017675,8.41829151716647e-05,0.0360485215894769,0.000193422848653537,2.68858369962418e-05,2.05672578589528e-05,4.3622238763967e-07,7.30251910199853e-07,4.25514661729425e-09,8.76560203162619e-08,3.91328965592689e-07,3.09313912923563e-07,5.21735033651773e-08,2.86443600581602e-05,4.47411506585203e-06,1.0877680069519e-07,1.49136654510821e-06,4,0.00238790457118098,0.00149859027406017,0.000663981487336425,0.00311762081718569,0.00181453428606057,0.00113304763223585,0.000509044222700665,0.00235711742044397,5.19142282956789e-05,3.58834860725204e-05,2.07166929567083e-05,6.26529075211983e-05,8.48297484994763e-05,5.85383270167922e-05,3.29173449474484e-05,0.000101121322281795,4.08730467073401e-06,1.15326234572825e-06,5.71532244035514e-07,2.30399185433928e-06,7.82660076521587e-05,2.35786809755738e-05,1.17686753569616e-05,4.65581886623492e-05,5.3397478096963e-05,1.3319092539472e-05,6.63901346392864e-06,2.63025641218943e-05,3.33457663612043e-05,1.0360667459863e-05,5.31028535544304e-06,2.04033255227542e-05,0.127551713276487,0.0288578930564776,0.016875517099299,0.0636167754333334,0.0183389004285932,0.00460760116100051,0.00269431724474892,0.0100229358479414,9.197952558244e-05,2.24544806540268e-05,1.19164294396718e-05,4.47339460388531e-05,5.9697907186135e-07,2.94972761244471e-07,1.91853756284344e-07,5.63265745499072e-07,0.0187397340847805,0.00381016734846359,0.00194688701671253,0.00893578015581293,3.55633460186306e-05,0.00538156794413551,0.0346910195251662,0.040072882442063,13.4294505814902,86.5698133278089,9.50809404332792,0.0895455577082593,3.73966179305125,0.00287791213271376,0.0332371711935838,0.0560341040764693,0.000736090700914614,0.146079651498557,2.82746726261582,0.0588394932899165,0.0258545600627615,72.0135196119224,11.4980527484194,0.00144456816786528,1.28200604674664e-06,0.000193997568219405,0.00125055996631392
4,"Lama Lake (PG1341)","Lama Lake","BH193L-4_S23_210810_A00902_B_L001_APMG-37-2","EBH004",9.19,337,0.467,4.96,76.9,95,308.0929487,13,2,325,2.54,0.695510128,49.02,0.475,8.683333334,0.052631579,0.27286978845988,0.0365988853923756,384.6864726,10.9468,"Lama","Lama",9.19,9.19,0.436875887175273,0.120272944010921,0.286324389523323,0.0922268568497843,59936.3998125172,0.0176171837967013,0.0219842831085422,0.00900455636471358,0.0304656425853331,4260.20700526538,3.09714313110297e-05,0.00090333341323836,100.50971226209,0.00043127813114437,0.322725707416467,0.046795086634822,39798.3340691697,0.00695767672064107,0.00545256549905581,1335.05662726833,0.00168283692882649,181.034548292367,0.0182702457330562,1965.45822522499,"Lama","Lama",9.19,308092.9487,61.75,154046.47435,164.668094218415,57766.927079968,5.7766927079968e-05,1.294892,4.4611386185078e-05,0.0366057962471321,0.000173877532173878,1.94896389177247e-05,5.36554275288746e-06,7.8592698984814e-07,9.80749343757262e-07,1.38167848292096e-09,4.02989557518611e-08,3.10391603135446e-07,2.43246505177811e-07,1.92399152616602e-08,1.43972411654085e-05,2.08759368143022e-06,7.50736881183891e-08,8.15060988093643e-07,4,0.00170350626591475,0.00106756577398238,0.000486208768133146,0.00221030332449548,0.00047154902961238,0.000303254988337118,0.000132669474384315,0.000621010681412004,9.34226364016327e-05,6.3044661374798e-05,3.57335764262602e-05,0.00011115376004088,0.000115706908420934,7.92026689882503e-05,4.59614768858739e-05,0.000137629090570302,1.2497619856298e-06,3.81455704042308e-07,1.89543851544218e-07,7.56871550695239e-07,3.65205404588714e-05,1.09201723183214e-05,5.43012608078693e-06,2.15468165820633e-05,4.2241586473246e-05,1.05763536172579e-05,5.26791592759169e-06,2.14162497339868e-05,3.07886822956642e-05,8.17671219780927e-06,4.18896760673217e-06,1.64939900686459e-05,0.0622961337864004,0.0147375037891711,0.00851281801211181,0.0329441923784517,0.00839387636048927,0.00215736803747779,0.00123158292563979,0.0047144118920958,3.24858048780722e-05,8.67415014286467e-06,4.62565463092636e-06,1.71191672207014e-05,4.18525054026242e-07,2.0522362944585e-07,1.32302348258847e-07,3.96888228771502e-07,0.0117637704168791,0.00203819341860001,0.0010644356463371,0.00504089924655516,1.79895281808604e-05,0.00318843581342135,0.0172964263684904,0.0204850674055411,15.5646830459483,84.4343151334309,9.94965443974415,0.307759111194062,5.2114340306911,0.00186211593298993,0.0516295768418954,0.0423437715441363,0.0010018206207627,0.38663611605606,1.48037095672474,0.0533079638066874,0.0399154761658119,71.9426668090172,10.5314178116604,0.000749872203556006,6.58521003170619e-07,0.000116715231733161,0.000633149459448481
4,"Lama Lake (PG1341)","Lama Lake","JK081L-1_S1","EBH021",9.82,366.5,1.235,17.95,52.4,85,222.6944326,13,2,325,2.995,0.709744857,49.655,0.81,8.690625,0.05131579,0.365518162018939,0.146546685069337,379.7766199,10.7964,"Lama","Lama",9.82,9.82,0.260720082826122,0.161653003183691,0.258806201401226,0.0901918772456853,47551.1843960708,0.00366504236111907,0.00099640225547711,0.00195097604146512,0.00266076898156329,524.790096381015,5.86064765229009e-05,0.00101229368539556,120.563011128942,0.00107568528022169,0.48198965275352,0.0596941755742885,61104.4088015056,0.00647759720358127,0.00475607362244931,1264.69789526535,0.0005647124535524,63.5758927333828,0.0173366723240587,1951.77990691485,"Lama","Lama",9.82,222694.4326,55.25,111347.2163,42.4291497975709,144993.09389714,0.00014499309389714,1.50783275,9.61599314626505e-05,0.036421118035392,0.000295011056086675,2.50708252954965e-05,1.55445417068753e-05,3.52430222252921e-07,9.58139725959093e-08,5.63559476570959e-09,9.73420914077109e-08,6.22885303139031e-07,4.57343713566046e-07,1.034378228215e-07,4.63480919744852e-05,5.74018783194301e-06,5.4302710829704e-08,1.66709322247191e-06,4,0.00221254337329027,0.00140067053920653,0.00063014806363663,0.00288594236328242,0.0013898176192748,0.00085779093755762,0.000384617413108172,0.00179971372729296,4.2165852410686e-05,2.86028516928155e-05,1.64605695377977e-05,4.98171771237417e-05,1.12009272034245e-05,7.67647572476893e-06,4.50685800392738e-06,1.32608207618275e-05,4.82243952452966e-06,1.55482848467045e-06,7.73278908347283e-07,3.10701096294733e-06,9.34861502503686e-05,2.61770643373754e-05,1.31508005497638e-05,5.17926713897298e-05,7.65835952122131e-05,2.10255902267897e-05,1.06093421752202e-05,4.19168875895083e-05,5.45379746345062e-05,1.55319109715575e-05,7.81768529428664e-06,3.11534894786009e-05,0.195447632219174,0.0473101902554257,0.0272986852035579,0.101145261398903,0.0244274330417016,0.00591213692026539,0.00342498392176192,0.0128373013414355,0.00017401237421968,4.65058107227758e-05,2.43204896846861e-05,9.18045999050577e-05,3.03847366896091e-07,1.45127605695927e-07,9.55178002173981e-08,2.8568479792392e-07,0.0204921799608992,0.00431440375033509,0.00219517504981001,0.0103049166490382,5.50963202654298e-05,0.00581276337066868,0.0541295035642824,0.0599424120625568,9.69724635805845,90.3025115302202,7.19758114810682,0.0477172184245191,2.33669365481118,0.00259387040189142,0.0350763165900749,0.0775841497239745,0.00024211172140432,0.0128064177943951,1.43102505895561,0.0436703553238008,0.0259113880091248,78.926070252315,9.86302805782223,0.00218316966505649,2.00666958370298e-06,0.000211707340834927,0.0019714570385119
4,"Lama Lake (PG1341)","Lama Lake","JK105L-6_S21","ELS123",10.09,380.5,0.656,15.5,59.5,88,233.5164835,13,2,325,3.45,0.72225741,49.405,0.823125,8.23125,0.073232324,0.441028508599226,0.0814396131430517,336.4123899,8.4061,"Lama","Lama",10.09,10.09,0.306244971521133,0.104406396957601,0.223608942462791,0.0641470631269204,72659.8318358903,0.00327893250617053,0.0006330957300073,0.00230391478221567,0.00158034064367891,692.186452052834,2.10404054599551e-05,0.00091175090326472,165.046228583127,0.00145608273744992,0.499043738051209,0.0485994814649709,97156.5323421528,0.00661399491781809,0.00526831945132407,2102.43293984727,0.00082658239733523,146.253836219702,0.0226956129562558,4015.71636525399,"Lama","Lama",10.09,233516.4835,57.2,116758.24175,90.7012195121951,73632.6530560269,7.36326530560269e-05,1.7455275,4.21836110035659e-05,0.0528925886605208,0.000435372120411912,1.29185187504456e-05,4.40423883554333e-06,1.38317213347245e-07,2.67062640026465e-08,8.8756027928005e-10,3.84609454354688e-08,2.790021887928e-07,2.22236738377174e-07,6.14228277855948e-08,2.10514669197176e-05,2.05010162109334e-06,3.48682303115843e-08,9.57382908434185e-07,4,0.00113659510685439,0.00072246832485991,0.000318221153036855,0.00149541639600376,0.000386759661830954,0.000244254854005409,0.000110311808892318,0.000512427436449003,1.60017494146111e-05,1.09797951622208e-05,6.40957176147347e-06,1.90130772346727e-05,3.1921208683153e-06,2.15579310259093e-06,1.24202850407337e-06,3.76615935713051e-06,8.05312085245058e-07,2.4355336721087e-07,1.2065773085191e-07,4.90747405162918e-07,3.53820045146152e-05,1.03134542566985e-05,5.09539421626316e-06,2.04884827623203e-05,3.56324179001283e-05,9.41456787999672e-06,4.78329144708685e-06,1.87911654827101e-05,2.72717948090968e-05,7.44655728529945e-06,3.7005370339501e-06,1.47047912360937e-05,0.0817902441351057,0.0216438183620299,0.0124557044040184,0.0472780188327802,0.00906213741677791,0.00205711341511906,0.00119056500986334,0.00450265573548677,0.000108271469467547,2.71231974775102e-05,1.44473361836336e-05,5.44386025128371e-05,1.88225065527083e-07,9.23003807851792e-08,6.13693540045291e-08,1.8049266932365e-07,0.0107134920632636,0.00244599691934569,0.00125691461832023,0.0056107144975586,2.46958299402271e-05,0.00321622635809254,0.023965102435799,0.0271814210942723,11.8324437377201,88.167216690701,8.99878233320596,0.040394485351373,2.65794905407705,0.000896028821915392,0.0346360399897582,0.0997857962740058,0.000339571578929068,0.00793112727665738,0.898609580265394,0.0379430281475306,0.0273957614632173,79.6272508599292,7.56808633361902,0.00143769572514775,1.30622637465861e-06,0.000170114537797714,0.00126757630534396
4,"Lama Lake (PG1341)","Lama Lake","JK081L-3_S3","EBH023",10.43,388.5,0.168,1.465,48.6,87,213.6263736,13,2,325,3.45,0.728592554,47.9475,0.853125,8.53125,0.105555556,-0.344645712613135,0.186656200996064,336.3408131,8.7019,"Lama","Lama",10.43,10.43,0.233730267147469,0.388109126818587,0.407575252116446,0.18819077902426,44000.1118382502,0.00632065949752967,0.00223314713118655,0.00312694176985696,0.00530011282495857,605.250249434703,0.00020253126052409,0.00267630594263981,203.700762821472,0.00021479668885687,0.228055318434144,0.100334370302446,23251.3961797338,0.00682903123056518,0.00957119048917051,1160.44688844506,0.0006546011244358,46.3182663628285,0.0210686539324459,1490.775814952,"Lama","Lama",10.43,213626.3736,56.55,106813.1868,289.285714285714,20879.9999974222,2.08799999974222e-05,1.79581125,1.16270571294295e-05,0.07690699213493,0.000656112776651122,2.71759516900044e-06,4.51256698997272e-06,7.34906690734487e-08,2.59649292727276e-08,2.35484253660897e-09,3.11175620909048e-08,7.94015362564397e-08,1.11284778614238e-07,2.49745337255112e-09,2.65161221610403e-06,1.16659345555188e-06,7.61108467080384e-09,2.44966442912728e-07,4,0.000242432368508525,0.000153771965591467,6.92821794995385e-05,0.000317038773704325,0.000400525616663184,0.000257445939236165,0.000116053601837307,0.000527669613808359,8.53748797018776e-06,5.8313269665524e-06,3.39235152712558e-06,1.00611013582444e-05,3.03232861069581e-06,2.06703675306246e-06,1.18783124807325e-06,3.57034880923674e-06,2.13021551295403e-06,6.32065315007723e-07,3.10616615190965e-07,1.29762787834741e-06,2.79800621296206e-05,8.40922784758122e-06,4.14427722040688e-06,1.68977542349379e-05,9.86618215331902e-06,2.61730031840409e-06,1.33240885733789e-06,5.18855942079778e-06,1.31573670475305e-05,3.6845683989103e-06,1.85769996287726e-06,7.26997214271442e-06,0.0111689940788777,0.00269041914492153,0.00157164890608398,0.0059506085626218,0.00493571139221764,0.00119830684941155,0.000695720887874413,0.00262287983485621,4.19192829217779e-06,1.12902236726211e-06,5.99641659221113e-07,2.26591527869906e-06,4.23708446663637e-08,2.05160198095762e-08,1.34993797976537e-08,3.9671926404316e-08,0.00307430884719794,0.000618284358459086,0.000324493329857354,0.00144628899109853,4.29743937211018e-06,0.000782266039017779,0.00416033276656879,0.00494261932160638,15.826953040833,84.172631875211,12.5092449615994,0.117980499551343,3.11114321346298,0.0127880638560345,0.0529537103325499,0.0228425920306396,0.000415083955988509,0.0418206747994231,5.2086944691604,0.170137073086344,0.0745468780653088,54.4330641277695,24.2443686523301,0.000380121985292735,3.30503135991216e-07,6.01617281101632e-05,0.000319958679357198
4,"Lama Lake (PG1341)","Lama Lake","BH193L-5_S24_210810_A00902_B_L001_APMG-37-3","EBH005",11.54,418,0.989,14.6,103.5,95,398.0769231,13,2,325,3.15,0.756128268,50.315,0.719375,8.524305556,0.083333333,0.109342878896716,0.191323609088559,275.2708899,7.9708,"Lama","Lama",11.54,11.54,0.381204380866921,0.209080348763013,0.381977091805331,0.100851767952765,51747.3108230081,0.00643248782028706,0.00857393979383728,0.00651683505839307,0.00831862837883219,1315.53847679221,4.62750051999748e-05,0.00061700006933299,58.146009408933,0.00058905256446915,0.296870435861016,0.0492255037793228,30392.1398416345,0.00424904613113384,0.00416018775196564,737.195488361916,0.00067695084926561,59.3448962008698,0.0382743907442357,3355.32446459342,"Lama","Lama",11.54,398076.9231,61.75,199038.46155,104.651162790698,117443.750006808,0.000117443750006808,1.5650775,7.50402136678908e-05,0.0630106887479572,0.000453283142180617,2.86056581913898e-05,1.56894340449336e-05,4.82695260450446e-07,6.43390274105181e-07,3.47248627768887e-09,4.6299817035851e-08,3.18849329565008e-07,3.12181377806044e-07,4.4202630299384e-08,2.22772209386905e-05,3.69389232150995e-06,5.07985363715515e-08,2.87211845945579e-06,4,0.00255333939687377,0.00160435431856255,0.000717873957613095,0.00333665367652167,0.00137429763101305,0.000853982155556649,0.00038734720745082,0.00182263476616826,5.60625158117553e-05,3.82075107282793e-05,2.18194489638025e-05,6.71696984300935e-05,7.56085894715718e-05,5.16627094776254e-05,2.90881556128536e-05,9.12689538255698e-05,3.24423746985646e-06,9.43780021672853e-07,4.67797797867402e-07,1.89862038085013e-06,4.17408913219029e-05,1.25836048381951e-05,6.24983138723236e-06,2.5293964412513e-05,4.02653761981528e-05,1.07153531711792e-05,5.28185555084594e-06,2.13973281051639e-05,3.4920520466386e-05,1.03847479331051e-05,5.1588446197547e-06,2.09098126194236e-05,0.0948532149781491,0.0229067853215284,0.0132053223022513,0.0491384252770828,0.0157978898514265,0.00373095146765141,0.00219758555038762,0.00807195975967405,8.02905353265817e-05,1.94881714184225e-05,1.04711083022197e-05,3.8225399109923e-05,2.74132372703893e-07,1.37760951185241e-07,8.95247291818522e-08,2.61967894539149e-07,0.0390753914727481,0.00731188164011666,0.0037394182999441,0.0175175285447348,2.96190358970118e-05,0.00898559077401876,0.0275663500069854,0.0365520785419553,24.5829816865404,75.4166414239455,20.0040105290426,0.104528968672531,4.38922869111543,0.00258201464682661,0.0293153046245507,0.0533161784385353,0.000376889514031646,0.141340004559045,2.33634362154379,0.0344265096272197,0.0284108273656318,62.66889937664,10.2072210842099,0.00230317164409803,1.86631585192118e-06,0.000566188263478212,0.0017369747002074
4,"Lama Lake (PG1341)","Lama Lake","JK081L-4_S4","EBH024",11.79,425.5,0.009,0,47.4,78,264.2140468,13,2,325,2.75,0.764520352,48.075,0.68,8.537946429,0.1,-0.533988841543406,0.319972568502813,296.2530843,9.569,"Lama","Lama",11.79,11.79,0.219601265528923,0.282750570594704,0.34619338056637,0.097471212128697,25896.7395040091,0.00402315947312378,0.00369633323564442,0.00330971611220018,0.00399646295738259,397.947568629709,3.45142135122648e-05,0.00240909210315608,125.97034923057,0.00069724139313836,0.319303056969413,0.139869136045153,23706.7292131516,0.00952046775207412,0.0130280085028383,1162.39649941699,0.0002753105791239,14.1925356644162,0.00479184360919573,247.024329897649,"Lama","Lama",11.79,264214.0468,50.7,132107.0234,5266.66666666667,1271.73913032532,1.27173913032532e-06,1.4279375,8.90612600569224e-07,0.0764520352,0.00051987383936,1.95579654181007e-07,2.51821220989781e-07,3.58307652086348e-09,3.29200095556773e-09,3.07387934527596e-11,2.14556778300262e-09,8.47904854331017e-09,1.16029085329508e-08,6.20971970367464e-10,2.84375325937232e-07,1.24569214992544e-07,2.45195070837756e-10,4.26767629830683e-09,4,1.76952352903604e-05,1.1081466797128e-05,5.01078829739497e-06,2.30518268774999e-05,2.2254520856367e-05,1.38381944856431e-05,6.16068536041159e-06,2.90525508510975e-05,4.15912614179437e-07,2.8589613013414e-07,1.63195788187084e-07,4.98060618722163e-07,3.90985647591235e-07,2.67023655451939e-07,1.54052915443575e-07,4.67096723207145e-07,2.88835895824418e-08,8.34638594724159e-09,4.23077773335867e-09,1.64691156660301e-08,2.03727451066313e-06,5.77062653218105e-07,2.85924683073829e-07,1.13963084789442e-06,1.10083703572693e-06,2.85261298476174e-07,1.44262010705473e-07,5.55171763472952e-07,1.53044611433694e-06,3.92118090052696e-07,2.0141787410737e-07,7.98793816276037e-07,0.00123129408742045,0.000288076420097335,0.000168025129341612,0.000625797599053068,0.000546074461465832,0.000127047782701337,7.31478752563204e-05,0.000280298186029184,1.08046915170249e-06,2.7695273238311e-07,1.48338059980443e-07,5.55506617002205e-07,1.34014904151925e-09,6.63898214473287e-10,4.33086625150685e-10,1.24746048317141e-09,5.2388240259152e-05,1.06598044642168e-05,5.44920309841485e-06,2.53133403015625e-05,4.36336647922005e-07,2.25977278082855e-05,0.000430198601683038,0.000452796993389538,4.99069740704856,95.0091559713475,2.35421273105634,0.0631400239639368,2.44733665614133,0.0018432953551132,0.0629998216950981,0.0611648788367394,0.000146621603978306,0.0589720469327896,3.05615865115477,0.127444011696796,0.0865990931426878,63.6215399622818,28.0584422061386,3.46172516770711e-05,3.33588247659831e-08,1.72764228183906e-06,3.28895586388624e-05
4,"Lama Lake (PG1341)","Lama Lake","JK081L-2_S2","EBH022",12.99,457.5,0.708,6.925,29.9,76,178.2945736,13,2,325,4.4,0.7965297,45.92,0.618125,10.30208333,0.105555556,-0.0264511228710231,0.0285783153729184,278.6611386,7.8177,"Lama","Lama",12.99,12.99,0.291800477660035,0.272618178190664,0.399822433570642,0.0577725344933127,213152.140963361,0.00296818580323373,0.00589910125740286,0.00574163573118535,0.00295153762115412,3348.72209116235,1.02748090511496e-05,0.00074418974127612,284.922782966544,0.00016565822641326,0.330973590497311,0.0547274540714358,145722.174443889,0.00629011486077565,0.00586260705426029,4589.46327849141,0.00072144084947119,272.451415361948,0.0272187269786701,10279.1250247678,"Lama","Lama",12.99,178294.5736,49.4,89147.2868,42.2316384180791,104279.069742052,0.000104279069742052,2.37952,4.38235735535117e-05,0.0840781353540132,0.000519707974156994,1.27877396956844e-05,1.19471027839629e-05,1.30076508868503e-07,2.58519697853408e-07,4.50278850201342e-10,3.26130538645829e-08,2.75655311261239e-07,2.56920391457712e-07,7.2597354699658e-09,1.45044454874288e-05,2.398352608896e-06,3.16161161313087e-08,1.1928218837827e-06,4,0.00115393805727494,0.000720173150736142,0.000319627482725578,0.00150666759194641,0.0010817900306676,0.00067894741450845,0.000306921765303217,0.00141992621520877,1.53619213340356e-05,1.03675930206276e-05,5.94189514204651e-06,1.83020545004752e-05,3.1047331642673e-05,2.0813282938742e-05,1.18267878670625e-05,3.70530239116901e-05,4.07648214807686e-07,1.24813784147335e-07,6.21104156566953e-08,2.49003997632927e-07,2.82648353208257e-05,9.04248760665319e-06,4.54680570599245e-06,1.80470193431908e-05,3.68617266340484e-05,9.1991104936722e-06,4.69064259335161e-06,1.82366959880801e-05,3.43227439596417e-05,8.58730222840751e-06,4.42230534579672e-06,1.73132773345929e-05,0.0604820251963756,0.0148168028911761,0.00858903082465292,0.0323968909617072,0.00993994473136176,0.00251221937876865,0.0014331998831992,0.00548053099452505,1.32733210795089e-05,3.2524756161833e-06,1.71214281047392e-06,6.52315447060334e-06,1.70265414790416e-07,8.48598305998219e-08,5.59092664929356e-08,1.62015196705921e-07,0.0137371341900337,0.00299364675246862,0.00155014997541589,0.00704573422269994,1.87001348671425e-05,0.00373676389611939,0.018046412757227,0.021783261513177,17.1542902051604,82.8453202304461,13.7428766149538,0.0475943100364291,3.30608504286881,0.000572980240226349,0.0422301797557154,0.0149310773054615,0.000389564393506864,0.0955471379992925,3.11683084784042,0.0415111740782402,0.0394215633100348,68.0192122846857,11.5327972225324,0.00183149600995676,1.57227247049791e-06,0.000314180140643916,0.00151730873445652
4,"Lama Lake (PG1341)","Lama Lake","JK115L-4_S23","ELS121",13.59,475,0.043301258,0.585,51,73,290.5982906,13,2,325,3.57,0.817352645,45.46,0.4875,9.75,0.1,-0.502172086150389,0.22738549467342,247.2910147,8.7498,"Lama","Lama",13.59,13.59,0.225427929755952,0.257599331494071,0.32261877774257,0.107521452561808,41038.9621703245,0.00414156188585471,0.00133694948505071,0.00197547983784649,0.00342960482405228,465.465283094867,2.7333371325463e-05,0.00085189007297693,74.7005822748199,0.00039252202877544,0.371821872281434,0.121822234972457,41974.3400971138,0.0057265330319863,0.00611858523731869,1006.38493839669,0.00032205661986051,27.3625745365889,0.00441119976293794,374.784354258733,"Lama","Lama",13.59,290598.2906,47.45,145299.1453,1177.79488069377,5853.68858151592,5.85368858151592e-06,1.947078,3.00639654986391e-06,0.0817352645,0.0003984594144375,6.77725750261257e-07,7.74445741451024e-07,1.24511773646815e-08,4.01940031919878e-09,8.2174953249021e-11,2.56111937626115e-09,1.72162291500453e-08,1.83948935475231e-08,1.18007687305606e-09,1.11784399399084e-06,3.66245946917905e-07,9.68229910809469e-10,1.32618157480571e-08,4,5.98028470644495e-05,3.79328943297009e-05,1.72778908577483e-05,7.77860634594752e-05,6.90070316521772e-05,4.35814693918396e-05,1.9616068795843e-05,9.21684903898819e-05,1.45608393822015e-06,9.81739688486527e-07,5.7238790555582e-07,1.71360138408934e-06,4.7754872254898e-07,3.21319577440712e-07,1.84164944735487e-07,5.66355294378311e-07,7.18873657524979e-08,2.23472457166759e-08,1.0978064533425e-08,4.48207774025334e-08,2.40941809795958e-06,6.9461151969111e-07,3.38561552213272e-07,1.36612422924601e-06,2.25768623002599e-06,5.79632122293377e-07,2.90807167718782e-07,1.1513883100483e-06,2.51830947719581e-06,6.22556180411542e-07,3.13569868264517e-07,1.28516672341942e-06,0.00435128246616087,0.00114899233301141,0.000667142744254057,0.00251088488270847,0.00171336940309137,0.00036758732592404,0.000212270483451454,0.000814708984031547,2.18416236865666e-06,5.22491679992487e-07,2.71323744488995e-07,1.05781050776084e-06,5.28405845695536e-09,2.58789180111937e-09,1.68874421840789e-09,4.9942483190182e-09,0.000141136715126918,3.22801563947506e-05,1.70238547239139e-05,7.74417834113797e-05,1.53775448046775e-06,7.23192614609406e-05,0.00156179961560483,0.00163412146495757,4.42557441486262,95.5742672191984,1.97538292513579,0.0600775223592095,2.32130200496973,0.00136753883942502,0.0354705653602333,0.031973858198237,0.000158365938922818,0.0196631391442529,2.66696633796259,0.042506725147824,0.0380973014406677,70.3125414879266,22.4944922275765,0.000133565350163435,1.25688769197091e-07,5.91103396395464e-06,0.000127654104677459
4,"Lama Lake (PG1341)","Lama Lake","210810_A00902_B_L001_APMG-37-4","EBH007",13.75,484.5,0.268,2.93,90.4,91,371.8634307,13,2,325,1.66,0.825363634,46.9525,0.514375,10.2875,0.1,-0.417372637599962,0.375130936961218,249.4601377,8.107,"Lama","Lama",13.75,13.75,0.60567524737678,0.237057848345762,0.538375058765592,0.100377275177112,51371.3240490547,0.00302955363117822,0.00198645960581305,0.0020214050468948,0.00288313560477665,305.766134900514,4.33652160214144e-05,0.00044328887488557,29.6654600735079,0.00017140277508628,0.074065929392518,0.0480472538751564,7454.22379599461,0.00265260888639598,0.00584529850101312,518.015438521684,0.0003846884718598,23.4498398676301,0.0205970550475299,1255.55528158733,"Lama","Lama",13.75,371863.4307,59.15,185931.71535,337.313432835821,32604.2780760096,3.26042780760096e-05,0.8805885,3.70255551554553e-05,0.0825363634,0.00042454641923875,2.2425462278043e-05,8.77719843895956e-06,1.12170905067599e-07,7.3549769699115e-08,1.60562119762911e-09,1.64130166868754e-08,9.82143166291052e-08,2.16425422049361e-07,6.34628290275516e-09,2.74233215386273e-06,1.77897624842277e-06,1.42433042325128e-08,7.62617397702267e-07,4,0.00198459718011774,0.0012668186214588,0.000561144888550613,0.00261693518242473,0.000772621210537762,0.000481668379577618,0.000220033192229241,0.00101427618195024,1.30831481914258e-05,8.91218132923345e-06,5.11648320240624e-06,1.56153583175254e-05,8.63707973211604e-06,5.93605451934247e-06,3.37296537977349e-06,1.02302886083027e-05,1.47248955012573e-06,4.37973776011512e-07,2.18609201300325e-07,8.88453694765648e-07,1.40446995660201e-05,4.53481286255961e-06,2.27420066126354e-06,9.10275025581226e-06,1.20772424670983e-05,3.25617749290487e-06,1.64882956400888e-06,6.59684266721246e-06,3.03423791559838e-05,7.17728027611115e-06,3.63434732177133e-06,1.4089457371309e-05,0.0114177296853676,0.00277598041623717,0.00162695519985536,0.00615761801603184,0.00781605774021654,0.0018243787605414,0.00105687384359344,0.00405157084306064,1.05710272787494e-05,2.7572849967252e-06,1.46340775040409e-06,5.55675143272372e-06,7.82182334133425e-08,3.81763341798418e-08,2.51368895375473e-08,7.33700412536558e-08,0.00894281264626603,0.00192381075418004,0.000985203917391337,0.00454107096890393,5.637173763686e-06,0.00320599299323371,0.0050996757040142,0.00830570687358209,38.5998812868173,61.3996590733861,23.1625168509027,0.107301900547205,15.2523877948084,0.00527316678372761,0.0392040983683373,0.033197475406883,0.000459639796598999,0.0714695884371171,5.79924607151327,0.0545987588002107,0.0864138403311568,33.4225666579531,21.9653641563512,0.00068552284081185,4.65271822308534e-07,0.000264611002747392,0.000420908687128667
4,"Lama Lake (PG1341)","Lama Lake","JK109L-4_S22","ELS122",13.93,503,0.009,0,85.2,84,362.0909477,13,2,325,3.43,0.842068967,44.24,0.54,9,0.111111111,-0.36973644647993,0.272687482361071,266.5228313,9.0859,"Lama","Lama",13.93,13.93,0.418156132582884,0.27419809644122,0.312809087581759,0.307540034421938,147554.533289617,0.00441194492523943,0.00142714380124102,0.0025331079631827,0.00323884440080796,1244.42658938751,1.42169224867085e-05,0.00056664591054166,123.793486975008,0.00017900871408169,0.158002409310335,0.115308095349601,58286.0850902707,0.00323885024498907,0.00717945137639244,2220.34844154883,0.00042263799722895,90.0726099694338,0.0168953664237591,3600.74049223154,"Lama","Lama",13.93,362090.9477,54.6,181045.47385,9466.66666666667,1044.19889495176,1.04419889495176e-06,1.912568,5.45966938143774e-07,0.0935632184619923,0.000505241379694759,2.28299423372319e-07,1.49703095158864e-07,2.40877606209193e-09,7.79173331454426e-10,7.7619696398956e-12,3.09369932790121e-10,1.76830515136289e-09,3.91974308552108e-09,9.77328395282345e-11,8.62640916305029e-08,6.2954407761212e-08,2.30746373290306e-10,9.22431147519687e-09,4,1.99734596506172e-05,1.25541704364549e-05,5.62490225892911e-06,2.55722131282703e-05,1.33911392327688e-05,8.48556086759314e-06,3.84344569261883e-06,1.74798196606255e-05,2.82524253068344e-07,1.90660324332906e-07,1.10370293571296e-07,3.33504662620909e-07,9.08403576464558e-08,6.23283534948025e-08,3.53754406061757e-08,1.07449941735836e-07,6.91847028007837e-09,2.08468380125878e-09,1.05709250451672e-09,4.24862046987115e-09,2.76754073621876e-07,8.42336404269983e-08,4.1591987663456e-08,1.69483904516293e-07,2.24291357834308e-07,5.93139646754903e-08,3.02415260746868e-08,1.18544052042952e-07,4.65635275993039e-07,1.30866666194174e-07,6.69278885901945e-08,2.57607853163626e-07,0.000359649002023387,8.77323730524157e-05,5.06523684511692e-05,0.000191390673149115,0.000274418156932619,6.55187625706643e-05,3.72312319499473e-05,0.000143894925644035,1.80704192843408e-07,4.34050089362189e-08,2.2906052632042e-08,8.65032471847056e-08,1.24693382260519e-09,6.10242128682291e-10,4.00517428359631e-10,1.16497077812538e-09,0.000118335683787906,2.33906556184097e-05,1.21676790634742e-05,5.50460960432372e-05,1.64776470219044e-07,3.62402900366105e-05,0.000162014125150789,0.000198255025429528,18.2796324875469,81.720059705815,11.7982661815169,0.0961692264394469,6.33233402747583,0.0010515162461795,0.0299180131989007,0.0218935226696928,0.000307806638121871,0.0314384734307569,4.28012397123795,0.0424875184094337,0.0660092554580374,44.2522820606134,33.0477184266653,1.85493782554508e-05,1.54170168805004e-08,3.39075817382135e-06,1.51585629854119e-05
4,"Lama Lake (PG1341)","Lama Lake","JK109L-4_S21","ELS122",14.02,503.5,0.27646188,3.735,85.2,79,362.0909477,13,2,325,3.43,0.842573505,44.0875,0.54,9,0.118055556,-0.193084996361909,-0.0479539581170012,267.0307034,9.144,"Lama","Lama",14.02,14.02,0.135016951574702,0.223131315351646,0.242757409553102,0.0777850311738348,33129.4309872211,0.00237463596851406,0.00192244721168643,0.00170041590948847,0.00248677468162079,397.488788334906,2.25520999113016e-05,0.00131253221483775,123.497969282917,0.00029041179397777,0.513600255524254,0.0950232638301204,56325.7564590849,0.0204740824436062,0.0022161085491394,2098.88804721095,0.00024969431953226,23.0972239453731,0.00436574911807186,403.840524919883,"Lama","Lama",14.02,362090.9477,51.35,181045.47385,308.179919777729,30166.4206055431,3.01664206055431e-05,1.91779875,1.57297112669112e-05,0.0994704836036438,0.000537140611459676,2.12377766440859e-06,3.50979116508749e-06,3.73523381487481e-08,3.0239539565706e-08,3.54738020067307e-10,2.06457527679172e-08,3.2205140529286e-07,3.48587476140962e-08,4.56809366777601e-09,8.07878372600831e-06,1.49468850368732e-06,3.92761955123031e-09,6.86719730910424e-08,4,0.000190103512930262,0.000116392884098495,5.24671838728979e-05,0.000247064268129956,0.000306102546982642,0.000191193087067781,8.54885366580343e-05,0.000400224393384475,4.33555342298925e-06,2.96783287061126e-06,1.67265005777775e-06,5.1046126340784e-06,3.5185133815772e-06,2.43006837229439e-06,1.39125804000863e-06,4.21001191340189e-06,3.27530670020964e-07,9.42358321418157e-08,4.68019918685806e-08,1.84532031853954e-07,1.83030902478054e-05,5.60267484907442e-06,2.79299990530516e-06,1.13338688263669e-05,4.31314419322076e-05,1.0953503763178e-05,5.50986972868178e-06,2.21247513489582e-05,4.45898760053411e-06,1.16540874800268e-06,5.91640287250488e-07,2.36110655194415e-06,0.0344492156751294,0.00810001337998684,0.00480217766078197,0.0176832528066516,0.00680008368702352,0.00156637403947527,0.000887928661191816,0.00340775998920706,7.93450890490357e-06,2.00811742721902e-06,1.06949374249245e-06,4.10144640165171e-06,2.15728730251633e-08,1.06316161436617e-08,6.87787983328063e-09,2.07002438473912e-08,0.000884962886543749,0.000172700081802447,8.97833310819864e-05,0.000416919576343749,1.00285505597006e-05,0.000305116655794092,0.00986677865849927,0.0101719059459095,2.99960162251392,97.0002938580755,1.69781437933857,0.0291767628052512,1.14425835942084,0.000926432397654163,0.107683887576476,0.0197418009751315,0.000104519410621734,0.0238900004110991,1.87961910073173,0.0550798923905452,0.0114571325590298,79.6312256823821,15.3990220496009,0.0010118044036104,9.97544774017013e-07,3.03501013073648e-05,0.000981453244771033
4,"Lama Lake (PG1341)","Lama Lake","JK081L-6_S6","EBH026",14.32,551.5,0.009,0,37.9,76,211.2597547,13,2,325,3.2,0.896271657,48.15,0.423125,10.30416667,0.1125,-0.297453150113007,0.184618367250942,262.8959771,9.0602,"Lama","Lama",14.32,14.32,0.246270508522983,0.4789865527367,0.514427562999497,0.123347625996184,64100.3948453146,0.00080647118407051,0.0008204617741969,0.00069035197274715,0.00087013132787069,143.793215650549,5.43900296508449e-05,0.00393783814672117,352.845102912288,0.00027797630777676,0.201274134982346,0.036228822382122,21015.792260754,0.00878219469662424,0.00628546737730562,1331.72517708014,0.00026140169833073,23.1034663035654,0.0160137801611717,1415.34593198484,"Lama","Lama",14.32,211259.7547,49.4,105629.87735,4211.11111111111,1239.13043455963,1.23913043455963e-06,1.6592,7.46824032400934e-07,0.1008305614125,0.000426639312976641,1.83920734236563e-07,3.57718668780645e-07,6.02292061702694e-10,6.12740570636554e-10,4.06197812662504e-11,2.94087216367653e-09,6.55875405666302e-09,4.69413809224391e-09,2.07599387085763e-10,1.50316361105526e-07,2.70565552205536e-08,1.95221070423808e-10,1.19594758739483e-08,4,1.63677482010126e-05,1.01218490736357e-05,4.62967564858779e-06,2.10847714822819e-05,3.18572272249867e-05,2.00651960077492e-05,8.95729335536415e-06,4.20295298353471e-05,7.12070585017367e-08,4.93319854162783e-08,2.81742708402014e-08,8.45079555726056e-08,7.21711813802145e-08,4.91657154322474e-08,2.81483822186977e-08,8.57047777315121e-08,3.85469513064361e-08,1.1241912490352e-08,5.57631669622056e-09,2.24337134708214e-08,2.33397995749312e-06,7.95427331533025e-07,3.86302792748608e-07,1.57125255462373e-06,7.68836077155491e-07,2.206796247461e-07,1.09030021437573e-07,4.42308109746207e-07,5.42002496697064e-07,1.58995444492959e-07,8.07572917614741e-08,3.08834140070185e-07,0.000603067419218558,0.000153717325167121,8.82781588622195e-05,0.00034108006039405,0.00011075493261734,2.66830412339705e-05,1.5758441608386e-05,5.89097585147885e-05,3.38321707196301e-07,9.27551423423139e-08,4.88543515362428e-08,1.81122988486729e-07,1.08479009213194e-09,5.24342006209526e-10,3.38685186052454e-10,1.0198386299077e-09,0.000137259540291657,3.05185936089438e-05,1.58734660044655e-05,7.0677768440854e-05,2.03969596751387e-07,4.10144513475746e-05,0.000201469150900299,0.00024248412658988,16.9142829777652,83.0855007845727,12.5858108892055,0.0203444184615494,4.17423161506779,0.0046361436719385,0.0910078642464469,0.038252047112013,0.000216237662062046,0.020275849031307,8.27484928186085,0.328032742893045,0.0655694237511359,63.3927372190871,11.0040362679493,2.44498106176773e-05,2.05663689515236e-08,4.13551015540162e-06,2.03142475925768e-05
4,"Lama Lake (PG1341)","Lama Lake","210810_A00902_B_L002_APMG-38-8","ELS120",14.67,595,0.110658771,1.495,68.2,77,381.5384615,13,2,325,2.5,0.954433106,45.22,0.14625,13.4375,0.111111111,0.216570599734296,-0.245607797257765,237.9831154,8.7618,"Lama","Lama",14.67,14.67,0.102397915961042,0.109130620224017,0.146187513533298,0.0427861379703755,39952.0292148807,0.00149448574535846,0.00053747230453986,0.0012475384663085,0.00075620305180602,383.782012758446,4.4994935423004e-06,0.00025872087868227,49.7152213631719,0.00016704608617738,0.736221300288578,0.0389148731716801,146433.844985394,0.00333598574639404,0.00471546093341644,1520.70088875584,5.47085479525584e-05,10.3329675774436,0.00276691061861949,522.594709270518,"Lama","Lama",14.67,381538.4615,50.05,190769.23075,616.30903166275,15492.2279384383,1.54922279384383e-05,1.3695,1.13123241609626e-05,0.106048122782841,0.000155095379569905,1.15835841875831e-06,1.23452095186098e-06,1.69061072054327e-08,6.08006093649451e-09,5.089972951066e-11,2.92673444686292e-09,3.77377521595602e-08,5.33428226471621e-08,1.88967947665862e-09,8.32837400306978e-06,4.40217660000792e-07,6.18880828814908e-10,3.13001898422332e-08,4,0.00010492574537013,6.57340615372025e-05,2.92205423036961e-05,0.000137537081716678,0.00011065442409156,6.95935636145909e-05,3.13129068038945e-05,0.000145335739518029,1.98392144479303e-06,1.35715564752735e-06,7.8148580479336e-07,2.35836060490221e-06,7.13899229254845e-07,4.88711923666446e-07,2.80887709722398e-07,8.50955582235487e-07,4.67055610722238e-08,1.40156621348395e-08,6.88221680223674e-09,2.78311707024983e-08,2.77747917757205e-06,8.01590226270927e-07,3.92408855554723e-07,1.6473408347141e-06,4.72843314044245e-06,1.26437924977079e-06,6.48188294278286e-07,2.56965258753238e-06,6.05460103563577e-06,1.77419035137355e-06,9.07746908039175e-07,3.52545397558187e-06,0.0362698927446474,0.00867440454373286,0.00497362231806686,0.0193497731917677,0.00182417104264012,0.000444787761078914,0.000257906692035298,0.000972449382417217,3.49440772847452e-06,8.24697710612999e-07,4.38574623459033e-07,1.63938559253433e-06,3.40300734357272e-09,1.69505436247719e-09,1.08948919076896e-09,3.26707321752224e-09,0.000363003962743685,7.94889048285041e-05,4.03516416629798e-05,0.00018876070751795,8.89645862220138e-06,0.000148683214635753,0.00919185036092767,0.00934053527061779,1.59180614737852,98.4081757053279,0.851010167249726,0.0145297416926042,0.703750477169975,0.000150052023024077,0.0135364752997412,0.00882923394344672,1.81472936332596e-05,0.00523216185697377,0.745070401195411,0.00858184464858736,0.0189945254738726,92.8683880785681,4.76190869358492,0.00099054623123593,9.43452736299674e-07,1.57675758014398e-05,0.000974778475677157
4,"Lama Lake (PG1341)","Lama Lake","JK081L-7_S7","EBH027",15.12,654.5,0.009,0,21.6,76,123.5344581,13,2,325,3.2,1.025051019,53.0525,0.123125,12.3125,0.183333334,-0.0836246069188899,-0.00161094460546367,228.50431,7.9782,"Lama","Lama",15.12,15.12,0.0691729672713069,0.332112333931223,0.248939838596357,0.115515942006441,50878.9633394688,0.00386880450919586,0.00348126347342787,0.00180934726728742,0.00547645081121309,931.915119516864,1.49853479133017e-05,0.001521693965378,194.835570132205,0.00021217336778924,0.524310627815417,0.0570423146851775,73736.6410409524,0.00211728335183805,0.00330491918154554,687.481059207706,2.80652305040559e-05,3.55839057560924,0.00281256786928338,356.60548014644,"Lama","Lama",15.12,123534.4581,49.4,61767.22905,2400,1271.3754646125,1.2713754646125e-06,1.50232,8.46274738146666e-07,0.187926020833367,0.000231383913151084,5.85393347643532e-08,2.81058278432924e-07,3.27407152296037e-09,2.94610533439472e-09,1.26817213813661e-11,1.28777116208963e-09,1.79180341415904e-09,2.79686961495835e-09,1.79556961267535e-10,4.43710839262006e-07,4.82734699234783e-08,2.37508955958457e-11,2.38020513709752e-09,4,5.11389692040839e-06,3.20049716176478e-06,1.4550613507854e-06,6.68877211703322e-06,2.50902469099293e-05,1.54876585407136e-05,6.93255613623365e-06,3.28059953388415e-05,3.77822539315002e-07,2.58414719957757e-07,1.48295601925179e-07,4.43042597486106e-07,3.46560991219792e-07,2.37848794995533e-07,1.37085360411438e-07,4.10610866608117e-07,1.17351326236246e-08,3.47013728972119e-09,1.70869456541075e-09,6.80694442338255e-09,1.13273036396665e-06,3.50106179343699e-07,1.71967312379897e-07,6.89427189732511e-07,2.29181282175279e-07,6.02241724255985e-08,3.09054384927873e-08,1.22233974744492e-07,3.62957159937278e-07,9.42991149126863e-08,4.70870204394906e-08,1.87568435045574e-07,0.00172894548719801,0.000459141232805201,0.000262463480305587,0.000978810008049591,0.00020352547639267,4.85995013564961e-05,2.86393292746408e-05,0.000111074342634755,2.82656855842024e-07,7.99109263906615e-08,4.30967515208314e-08,1.57361236432706e-07,1.34160268764929e-10,6.47757457107173e-11,4.20607107442883e-11,1.25302977377008e-10,2.89569333840402e-05,6.08873724512691e-06,3.14350277097696e-06,1.38523245448025e-05,5.00456948092034e-07,9.69125436295543e-06,0.000523910646791663,0.000533601965930364,1.81619540064066,98.1837924600214,1.14106349561716,0.0484283672956857,0.599791111373539,0.000650323183062269,0.0112863475531981,0.0149757556180162,1.21393379047578e-05,0.0445741976570178,2.90247404049758,0.0656118608433665,0.0176721828129457,86.0456411558874,9.10781902232317,0.000100277694166155,9.4048882853347e-08,1.82123886931422e-06,9.8456443123793e-05
4,"Lama Lake (PG1341)","Lama Lake","210810_A00902_B_L002_APMG-38-7","ELS118",15.6,715.5,0.009,0,62.5,80,332.7122704,13,2,325,3.4,1.099281729,56.6825,0.145833333,7.708333333,0.154761905,-0.266987484631874,0.0767578516000951,223.9355597,7.7892,"Lama","Lama",15.6,15.6,0.160332389160816,0.407120452856617,0.317872799972648,0.206735802626837,70213.7774070272,0.00210753307903281,0.00219088578066464,0.00140652432947517,0.00282838825053989,531.864857604664,9.48141928006594e-06,0.0004039084613308,51.1507968773866,0.00021705824452671,0.351731855873196,0.071877161208905,52442.1194305402,0.00073936960380915,0.0014419459334951,269.905078008342,7.02914778612241e-05,8.69751601315857,0.00175766690046499,217.484913929035,"Lama","Lama",15.6,332712.2704,52,166356.1352,6944.44444444445,1245.6747403776,1.2456747403776e-06,1.472795,8.45789631535686e-07,0.170126934511734,0.000248101778929189,1.35607472351563e-07,3.4433825781224e-07,1.78252962636443e-09,1.85302847716512e-09,8.01928611932232e-12,3.41621588683123e-10,6.25351144774427e-10,1.2195829197852e-09,1.83585612660029e-10,2.97491156778353e-07,6.07929576947108e-08,5.94518031603435e-11,1.48661644010675e-09,4,1.21468397493865e-05,7.64630011814316e-06,3.41868854991199e-06,1.60249276747318e-05,3.10092370984118e-05,1.93165620332734e-05,8.689835124764e-06,4.1499929808731e-05,2.11557155806738e-07,1.43308691578648e-07,8.30713688828923e-08,2.50717520800094e-07,2.15793584035126e-07,1.46601966102167e-07,8.46520477060237e-08,2.56011043253801e-07,6.6380341817599e-09,2.18321174546194e-09,1.10370258292699e-09,4.29588635670905e-09,3.00258694611176e-07,9.48280126698663e-08,4.9271443238214e-08,1.84327639533746e-07,8.62943519863308e-08,2.11840117580096e-08,1.09596334166863e-08,4.32118943390139e-08,1.62427625541856e-07,4.09053290891114e-08,2.05571571805124e-08,8.15951772344947e-08,0.00123877083226251,0.00030471509677211,0.000177119830496545,0.000663332967324903,0.000292097496892214,6.17658067912669e-05,3.6110820788704e-05,0.000142279000438727,3.44059174342028e-07,8.08440482194501e-08,4.35514156219552e-08,1.61888925841412e-07,3.23383253926262e-10,1.62017594720613e-10,1.06099180068864e-10,3.12084061069236e-10,1.68816258229662e-05,3.65079101639981e-06,1.92252967028639e-06,8.7337767835232e-06,3.62208343268353e-07,1.15446110978445e-05,0.000386079800904511,0.000397624574019951,2.90339477289583,97.0965644807305,0.918150248987538,0.0360412059369998,1.92299485940713,0.000549063586133487,0.00532764148448902,0.0203317534935338,4.07463736666548e-05,0.0368694431081141,4.85798999744522,0.0238486298045322,0.0102874248126976,76.6338694038616,15.5336995816983,6.76466498645482e-05,6.16213950948187e-08,1.96404929620643e-06,6.5682573004785e-05
4,"Lama Lake (PG1341)","Lama Lake","JK081L-8_S8","EBH028",16.08,776.5,0.009,0,19.5,75,103.8062284,13,2,325,3.5,1.182758654,57.285,0.0996875,9.96875,0.142857143,-0.221625796786695,0.0282166630962668,240.111143,8.5288,"Lama","Lama",16.08,16.08,0.12574224005344,0.320157436233617,0.376822664176657,0.0352873719553987,106924.958774931,0.00051288708230598,0.00033822669190168,0.00028217481869069,0.00055773796983023,204.093678599902,4.32947018361383e-05,0.00078219094650623,197.948156529907,0.00012343333145952,0.456267338406871,0.0870582800117268,130316.908813457,0.00260829074407177,0.00492489257186972,1806.42722642951,3.04566133471651e-05,7.3033740541968,0.00141103261104732,338.359975998703,"Lama","Lama",16.08,103806.2284,48.75,51903.1142,2166.66666666667,1167.8200695,1.1678200695e-06,1.495025,7.81137485660775e-07,0.168965522168965,0.000168437504912187,9.82219772366977e-08,2.50086974755127e-07,4.00635325900384e-10,2.6420154769544e-10,3.3819114534714e-11,6.10998669260498e-10,2.03743367369649e-09,3.84701820073974e-09,9.64184021830225e-11,3.56407521512277e-07,6.8004485954312e-08,2.37908023717469e-11,1.10221046597886e-09,4,8.92902551020457e-06,5.63139742956778e-06,2.49155626785688e-06,1.1926110916011e-05,2.24917439874045e-05,1.42492575850278e-05,6.51311007423807e-06,2.93426276519694e-05,4.69306543052574e-08,3.19270456795489e-08,1.85422040459083e-08,5.55647570391967e-08,3.1279726846397e-08,2.10608181433721e-08,1.21062715807238e-08,3.72478003383635e-08,3.04508839445718e-08,9.39793298174762e-09,4.80507158080207e-09,1.89053398037145e-08,5.09661616042212e-07,1.65586848591419e-07,8.31010698245064e-08,3.34617758275404e-07,2.49267310315481e-07,6.83702361562209e-08,3.52039442517234e-08,1.37729031696211e-07,4.84537310317235e-07,1.29052896719881e-07,6.67703269215735e-08,2.54646331767214e-07,0.00152111267193386,0.000366978163441231,0.000212711694137583,0.000787180932342347,0.000312854389280507,6.8781525937969e-05,4.07569683698786e-05,0.000149952827365007,1.55796093398162e-07,4.2033461109348e-08,2.27759994787251e-08,8.40896627010571e-08,1.28819252195405e-10,6.37525740603815e-11,4.19687978622207e-11,1.23974802450127e-10,1.33118614835373e-05,2.7838184772353e-06,1.44892490363792e-06,6.46594317848754e-06,4.32163696795354e-07,8.56694458272994e-06,0.000450324647527682,0.000458891655862986,1.8668773932311,98.1331087140399,0.606639593827454,0.00695742563013208,1.22717363839999,0.00204796336165101,0.0148989931027716,0.0091597789090979,1.38927289798916e-05,0.00458949686146838,3.10514636798763,0.0360840835687061,0.0281227377031264,79.9705461523583,14.9886198755607,7.75368682518707e-05,7.30207646914975e-08,1.44751826481356e-06,7.60893392150702e-05
4,"Lama Lake (PG1341)","Lama Lake","JK115L-2_S24","ELS117",16.54,835,0.009,0,41.35,77,238.2598675,13,2,325,5.29,1.267631327,43.29,0.105,11.25,0.142857143,-0.244509430781647,0.118755086228587,235.3468859,8.6172,"Lama","Lama",16.54,16.54,0.216133330911684,0.34799425340252,0.327627868260015,0.188441083922952,90211.3343904373,0.00227629226384364,0.0016567859352058,0.00209653812340199,0.00177975091344832,628.950334044593,1.17382749421957e-05,0.0005250210246873,85.8347898816516,0.00035434942786283,0.344138477250801,0.07112667954066,66462.9620980508,0.00560492124924188,0.00824134740238618,2214.1983588878,8.21995540011296e-05,13.1447772789826,0.00185460376216373,296.575251418889,"Lama","Lama",16.54,238259.8675,50.05,119129.93375,4594.44444444445,1297.75280913392,1.29775280913392e-06,2.999959,4.32590181777124e-07,0.181090189752519,0.000190144699240145,9.34971569071806e-08,1.50538897336791e-07,9.8470168419398e-10,7.16709328876459e-10,5.07786249099429e-12,2.27118940506291e-10,2.42463390205601e-09,3.56512597088666e-09,1.53288083411801e-10,1.48870926430426e-07,3.07687032316973e-08,3.55587200073471e-11,8.02283378598945e-10,4,8.28914223308518e-06,5.21420273643842e-06,2.3801417651232e-06,1.0933771045416e-05,1.33430711057817e-05,8.60832260667154e-06,3.85709269021471e-06,1.7334011763243e-05,1.15861292082208e-07,7.96990292161682e-08,4.56129521774129e-08,1.39396675097311e-07,8.54992856670978e-08,5.7789387577024e-08,3.35462780337094e-08,1.00449464634967e-07,4.25335382514316e-09,1.3745624087387e-09,6.66429249120197e-10,2.7335207299784e-09,1.96692417159477e-07,6.25094161800638e-08,3.08028961644712e-08,1.25754016462125e-07,2.83018565985125e-07,8.14000257019542e-08,4.15953228498881e-08,1.61661150669898e-07,4.53597799499987e-07,1.20278914721312e-07,6.07015929504548e-08,2.44298179023593e-07,0.000615183690613959,0.000151225806950627,8.89961361912809e-05,0.000332687574236144,0.000125689129814067,3.14000226726568e-05,1.82021756862457e-05,6.82873529241723e-05,2.43416173613146e-07,6.83365838367275e-08,3.67535932357889e-08,1.34713882150062e-07,1.93962734957114e-10,9.54856563482478e-11,6.25187986972559e-11,1.84005655290673e-10,1.05619562681026e-05,2.03801451592605e-06,1.05972047762006e-06,4.8021419450092e-06,1.86852716520082e-07,7.48302745352806e-06,0.000191474729948433,0.000198957852887618,3.76111188622189,96.2388401208716,1.02434484809063,0.0400582475431048,2.62075744222254,0.000690881203626142,0.0409132007209252,0.0343472664410626,4.79929065188411e-05,0.0290460450483785,4.32670662742525,0.0314184211745452,0.0604544696153574,76.0089660979842,15.7822484596239,3.60293153321724e-05,3.38371938903952e-08,1.3551028614827e-06,3.46741951791741e-05
4,"Lama Lake (PG1341)","Lama Lake","210810_A00902_B_L002_APMG-38-15","ELS116",16.95,901.5,0.009,0,46.5,83,246.6843501,13,2,325,2.83,1.375081895,51.17,0.084375,9.724264706,0.142857143,-0.218091859662304,0.0312146000062852,226.8425475,8.4649,"Lama","Lama",16.95,16.95,0.482011233052629,0.256216876699227,0.162675577111897,0.566511844135966,54755.8553565147,0.00510525726735685,0.00284171521517765,0.00155006949946254,0.00637219109854752,589.44284297455,6.6033729708756e-06,0.00014087195671201,10.9385401532392,0.00014267632116076,0.198392112723498,0.036934816528398,17465.2515845648,0.00583549933128078,0.0115753347390979,1291.39638466813,4.29308237351804e-05,3.1842650580858,0.0007540719687559,55.9310260665627,"Lama","Lama",16.95,246684.3501,53.95,123342.17505,5166.66666666667,1287.93103431242,1.28793103431242e-06,1.381889,9.3200758838982e-07,0.196440270910726,0.000165746478580925,4.49238126894184e-07,2.38796073357218e-07,4.75813851385886e-09,2.64850014458838e-09,6.15439371782429e-12,1.31293732646915e-10,5.4387296587974e-09,1.07882998149915e-08,1.32975414005371e-10,1.84902954534989e-07,3.44235292802527e-08,4.00118534970139e-11,7.0280079707255e-10,4,3.99631616740987e-05,2.50832707015736e-05,1.12737760004942e-05,5.28858987498551e-05,2.10064992343138e-05,1.31905395987018e-05,6.09526693380922e-06,2.76119664836437e-05,5.51760470379288e-07,3.8175871402855e-07,2.2376290036503e-07,6.59857762910167e-07,3.14418478191922e-07,2.11034743185714e-07,1.22537996349855e-07,3.72141477187908e-07,5.45249312439198e-09,1.64172000481301e-09,8.26091657494935e-10,3.24676888799918e-09,1.21086682086253e-07,3.524930643089e-08,1.78013130116303e-08,7.0471189634458e-08,7.37378317752301e-07,1.82331139751967e-07,9.18587480863647e-08,3.66955681641328e-07,1.50686860297146e-06,3.60544293920623e-07,1.85372273467621e-07,7.21410060972521e-07,0.000745953432683057,0.000186850646849241,0.000110260131980049,0.000411344479374348,0.000136358913970342,3.49441232917055e-05,2.01862356753441e-05,7.78519428744238e-05,2.31010579470672e-07,5.95341170975448e-08,3.12820677026848e-08,1.18217245143154e-07,2.18920541334682e-10,1.08263422426871e-10,7.0954025148372e-11,2.07799583439737e-10,7.84100330412582e-06,1.81538852073995e-06,9.34131972173668e-07,4.20750748372612e-06,2.3656674947997e-07,2.75239249131964e-05,0.000235592138083186,0.000263116171259804,10.4607500106935,89.5392088426822,0.689957030025118,0.145091315444689,9.53315434071364,0.000623952529011207,0.069296820062014,0.0226265519190609,4.11466242870986e-05,0.0802059189958854,5.013199886402,0.0133968605054246,0.137028557459745,71.014505096588,13.2808725227311,5.1686611963269e-05,4.64712363563151e-08,5.40680726647478e-06,4.62797834294982e-05
4,"Lama Lake (PG1341)","Lama Lake","JK081L-11_S11","EBH031",17.22,949.5,0.009,0,24.9,75,141.3567982,13,2,325,4.2,1.453699362,46.315,0.08,8.665441176,0.138888889,-0.231915834369906,0.0489462495237822,227.8799861,8.508,"Lama","Lama",17.22,17.22,0.0435638360787294,0.035920547778426,0.0568272405237194,0.0141601141715008,15879.0722694471,0.00158549970813538,0.00139042964094221,0.00091503317286786,0.00203179385839377,594.519261641325,2.34343732594513e-05,0.00199365760655406,402.966567359224,0.00023542894404762,0.765059341514151,0.1383603403516,180528.603417138,0.00341027591782717,0.00466647658804129,1613.54130861238,4.13240340282459e-05,8.25555022202685,0.00374940746425845,749.041625579697,"Lama","Lama",17.22,141356.7982,48.75,70678.3991,2766.66666666667,1245.38745402108,1.24538745402108e-06,2.25477,5.52334585798589e-07,0.201902689328189,0.000161522151462551,2.40618133563426e-08,1.98401608788554e-08,8.75726324576739e-10,7.67982379811896e-10,1.29436148477086e-11,1.10116604834024e-09,1.88361333653197e-09,2.5774564133946e-09,1.30035548295541e-10,4.2256873450656e-07,7.64212012790528e-08,2.2824693218518e-11,2.07092741876133e-09,4,2.14426844950134e-06,1.3264468604057e-06,5.95506395822654e-07,2.84893650451582e-06,1.78690567775894e-06,1.12921055833745e-06,5.03102189436984e-07,2.35400391975945e-06,1.02840833733767e-07,6.98951514458024e-08,4.01360096994789e-08,1.23629176113191e-07,9.09969932981191e-08,6.14249134760979e-08,3.62304573194531e-08,1.0934632942874e-07,1.1731183347553e-08,3.56003585413622e-09,1.77293162988785e-09,6.88133471224212e-09,1.03953583652945e-06,3.00302316235088e-07,1.52320193035664e-07,5.8730856401237e-07,2.77332936919936e-07,6.39910051901522e-08,3.28937029618237e-08,1.26288619353836e-07,3.12555265469529e-07,8.74008913319007e-08,4.42662190872361e-08,1.72740534858942e-07,0.001557757309626,0.000423985879828527,0.000248760690540354,0.000919134142232345,0.000331204209772261,7.74830542947617e-05,4.49129795564189e-05,0.000171317389451814,2.66207187835976e-07,5.83337320076241e-08,3.11223273513995e-08,1.15943438924424e-07,1.22796886086652e-10,6.03582166712927e-11,3.9795966907651e-11,1.16401362458892e-10,2.38399847452134e-05,5.26663911772034e-06,2.74174440902517e-06,1.21848742951925e-05,5.06788902859003e-07,6.78886590262376e-06,0.00050304727280267,0.00050983619906351,1.33157785090463,98.6684103103486,1.03300611596319,0.0137093347969777,0.260171181026805,0.000698270515250869,0.0125512871207838,0.0114416614816237,1.1838746794002e-05,0.0120479702282666,0.221484971136147,0.0589017250612445,0.0171429356119559,83.161195812954,15.197636895357,0.000102937299707784,1.02322042408915e-07,1.37069028322818e-06,0.00010156659723807
4,"Lama Lake (PG1341)","Lama Lake","JK081L-9_S9","EBH029",17.95,1147.5,0.009,0,24.1,81,129.6395912,13,2,325,5.5,1.836798283,28.4525,0.0734375,7.017241379,0.183333334,0.262607102455804,-0.273447434028766,214.8576642,7.8384,"Lama","Lama",17.95,17.95,0.08097174984569,0.0510375516213164,0.075154718898033,0.0144710035732955,89698.6042259118,0.00025620952435932,0.00021245314619748,0.0001549984796754,0.00030776824744378,318.450192028633,9.66045338604531e-06,0.00090164231603089,619.218384882809,5.02891029265351e-05,0.826108433179021,0.0363127554411925,586038.156983663,0.00052583199588424,0.00129036404253174,1234.08159755516,1.0639770693713e-05,7.229585869359,0.00231241956076976,1571.25903008876,"Lama","Lama",17.95,129639.5912,52.65,64819.7956,2677.77777777778,1274.47552469129,1.27447552469129e-06,3.9351125,3.2387270368796e-07,0.336746353107865,0.000247298103063589,2.62245395448688e-08,1.65296698332096e-08,8.29792713648591e-11,6.88077748659912e-11,3.12875715699e-12,2.92017334652398e-10,1.70302630192665e-10,4.1791369119648e-10,1.6287267730859e-11,2.67553971793114e-07,1.17607102830987e-08,3.44593130119275e-12,7.48929575207426e-10,4,2.34321101904117e-06,1.4853267340001e-06,6.48551957994594e-07,3.08285842620682e-06,1.48904400226999e-06,9.46072174052553e-07,4.18567029928533e-07,1.9770261964313e-06,9.66160395845243e-09,6.58654253940648e-09,3.87983948393479e-09,1.14700761733147e-08,7.97647780193436e-09,5.47199987431099e-09,3.14089312045998e-09,9.43938399211069e-09,2.66976554246284e-09,8.59266684208945e-10,4.20946754396091e-10,1.71004026807367e-09,2.64245122857186e-07,8.03522896033324e-08,3.90275985250482e-08,1.60261705466393e-07,2.03550083094489e-08,5.70315444727037e-09,2.91984346733594e-09,1.12698117140133e-08,5.30126128855938e-08,1.35948258585969e-08,6.97132541917714e-09,2.71626070825011e-08,0.00120379931344695,0.000270130964325556,0.000157434988512789,0.000592451508607118,4.43833076620834e-05,1.1730826652634e-05,6.84784578250006e-06,2.64948461506724e-05,3.05215376497309e-08,7.17979556903737e-09,3.84783166625855e-09,1.43251237009762e-08,1.90154998035177e-11,9.21855865405905e-12,6.09282813577637e-12,1.76635705648954e-11,9.627881675541e-06,1.92639719508247e-06,9.77874764130121e-07,4.57705654859698e-06,2.8096670726365e-07,3.4320526883225e-06,0.000282907282267578,0.00028633934417446,1.19859626633476,98.8014005142129,0.672767202368379,0.00230025760462504,0.518729529915781,0.000300086838113806,0.0019917467030991,0.0025074429047595,3.21945231824042e-06,0.00191101921047114,0.330402437981465,0.0280619101908593,0.00474780226161095,94.3394506627673,4.09682668180124,9.64237299020472e-05,9.46145140157595e-08,1.15573122646665e-06,9.52679955712646e-05
4,"Lama Lake (PG1341)","Lama Lake","210810_A00902_B_L001_APMG-37-10","ELS114",18.72,1195.5,0.009,0,60.2,74,345.5797933,13,2,325,5.06,1.942616111,43.2775,0.076875,7.568965517,0.166666667,-0.234100235404632,0.0711424958590696,211.8265261,7.9538,"Lama","Lama",18.72,18.72,0.275789464747412,0.517218495773014,0.486669745600991,0.272804333039613,100607.333935305,0.00046645396093187,0.00036943074013177,0.00027558320209818,0.00054696467944954,106.047020254543,8.09941269766443e-06,0.00017413737299978,23.120016527864,9.15020637680818e-05,0.168574816009157,0.0355379098837796,25906.9819924112,0.00040330809971736,0.00061418062042672,129.086758947241,1.70846986591359e-05,2.16750154948725,0.00073511661730559,93.2627750043265,"Lama","Lama",18.72,345579.7933,48.1,172789.89665,6688.88888888889,1242.53731328547,1.24253731328547e-06,2.8701585,4.32915921990185e-07,0.323769352480872,0.00024889768971967,1.19393650406305e-07,2.23912121967951e-07,2.01935346562794e-10,1.59932449475662e-10,3.50636471558841e-12,7.53868413851484e-11,1.7459849783525e-10,2.65888569560537e-10,3.96127003001638e-11,7.297872189693e-08,1.53849270229405e-08,7.39623807194429e-12,3.18243688151155e-10,4,1.06462996650193e-05,6.71066352507029e-06,3.01310665743283e-06,1.37598529655316e-05,1.99342206282446e-05,1.25336610181244e-05,5.63187285687144e-06,2.60454356082484e-05,2.34603868726829e-08,1.58727255754095e-08,9.28922443499112e-09,2.79608239358739e-08,1.87486146852e-08,1.27410881812141e-08,7.24669789003818e-09,2.21187892483564e-08,3.09198321429354e-09,9.5842755440158e-10,4.89118587848184e-10,1.91485351331722e-09,7.16517442274683e-08,2.05786525075324e-08,1.01974237243607e-08,4.08156750787315e-08,2.65619949116407e-08,5.77765160404415e-09,2.88344982926482e-09,1.14761701399619e-08,3.32095453566417e-08,8.96189396670524e-09,4.47770787946998e-09,1.79569291009103e-08,0.000299079336417517,7.50871084721932e-05,4.36313445896439e-05,0.000162155993932593,6.20981104638572e-05,1.5516789410732e-05,8.98687321531325e-06,3.47918526987251e-05,7.12378388249956e-08,1.71846512010554e-08,9.18377673161111e-09,3.4442910778257e-08,3.95275885798334e-11,1.97162217584756e-11,1.29234623030408e-11,3.8760692117293e-11,3.75179895867923e-06,7.95132303071317e-07,4.15339334797313e-07,1.92341719126829e-06,8.92482818198903e-08,7.54558928407652e-06,0.000103179840535705,0.000110725449536003,6.81468381090023,93.185298382695,0.718111605239203,0.0143352098744457,6.06063335320961,0.000865589219477442,0.00521799787515471,0.0155200554823376,1.78064047977197e-05,0.0115069193528731,11.3195846760134,0.018585295967429,0.00809379777120815,67.813776134436,14.013751559154,3.58495070994253e-05,2.88958584148563e-08,2.44303055659206e-06,3.34064701593248e-05
4,"Lama Lake (PG1341)","Lama Lake","JK081L-12_S12","EBH032",19.19,1261.5,0.009,0,28.9,78,148.2051282,13,2,325,3.83,2.101163773,27.8375,0.0715625,7.834302326,0.166666667,-0.248602039948406,0.0790446804769587,220.6389022,9.6241,"Lama","Lama",19.19,19.19,0.192681415410427,0.258576973886821,0.288109774051534,0.0705142674045288,77249.569888628,0.00189202771912215,0.00117528429058085,0.00129986802019638,0.00169641476018954,525.083941005027,1.17841140423442e-05,0.00057349355006075,100.191927484817,0.00037698707319823,0.434561404072148,0.0920408778373496,90212.0001193408,0.00380190911788454,0.00872887297473491,2145.10699408925,7.19430245101421e-05,12.3157105368177,0.00550702692912046,942.731418915345,"Lama","Lama",19.19,148205.1282,50.7,74102.5641,3211.11111111111,1169.99999995952,1.16999999995952e-06,2.76382375,4.23326559792214e-07,0.350193962867055,0.000250607554676736,8.15671607215905e-08,1.09462500796989e-07,8.00945585367489e-10,4.97529055509424e-10,4.98852845774469e-12,2.42775051610241e-10,1.60944910751671e-09,3.69516376725776e-09,1.59588640783142e-10,1.83961384204337e-07,3.89633481751406e-08,3.04553930669254e-11,2.33127076458764e-09,4,7.17297454129751e-06,4.5824329384979e-06,2.02398861545803e-06,9.44682896813923e-06,9.80711046070305e-06,6.14452638277301e-06,2.78834595143826e-06,1.29524074825017e-05,9.40780717998867e-08,6.49270747124518e-08,3.73087567892289e-08,1.13323257576722e-07,5.80692304324705e-08,3.94418763618822e-08,2.25835421348705e-08,6.79847997337498e-08,4.42569199484936e-09,1.36397964137338e-09,6.92549933576835e-10,2.71454036791766e-09,2.21875795934993e-07,6.60682055637504e-08,3.33680136671578e-08,1.3238285267784e-07,1.80513635280757e-07,5.28385815921478e-08,2.72013220656557e-08,1.07334674001489e-07,4.84811117946564e-07,1.23878340114365e-07,6.22795479119241e-08,2.37302483232716e-07,0.00082485502604565,0.000184139600288467,0.000108585309393968,0.000403810906655565,0.000164464906609499,4.00206684056145e-05,2.29357934429711e-05,8.79542262964953e-05,2.89817902965215e-07,6.9417300491725e-08,3.66050647976478e-08,1.38890186613524e-07,1.62429382877179e-10,8.10709324384719e-11,5.31631328722532e-11,1.57271540700109e-10,2.89249508457146e-05,5.92579181930603e-06,3.07308668123469e-06,1.39333449122571e-05,2.30998423632757e-07,1.06967716942416e-05,0.000230534183498895,0.000241231036264069,4.43424356165024,95.5657228311765,2.45647985892629,0.0269148927592294,1.8996033882977,0.000565424608084125,0.0219037245001538,0.028776272558783,3.36071733115327e-05,0.0163502495253995,2.54715416305171,0.0273879375502195,0.0513525713908384,76.333295723563,16.5901821860952,8.44776525558403e-05,8.0894253387998e-08,3.74594486949061e-06,8.07316792957986e-05
4,"Lama Lake (PG1341)","Lama Lake","210810_A00902_B_L001_APMG-37-9","ELS113",19.59,1315.5,0.009,0,66.8,73,392.2489724,13,2,325,3.83,2.238924953,30.045,0.06875,7.520348837,0.142857143,-0.284890561155414,0.0568614883807104,213.3803205,9.16,"Lama","Lama",19.59,19.59,0.115281654184539,0.216422956914879,0.189704213674353,0.0511197214018668,36733.3003377607,0.00417507208909082,0.00246706951738272,0.00281653003834703,0.00373864189208065,735.557403642486,2.14443789819799e-05,0.00054223643997292,62.4225775718847,0.00040897716582747,0.535090792856263,0.120578802717924,72654.797223802,0.00088534518455598,0.00156585472229954,271.448328885088,6.99703101979768e-05,7.74858212163415,0.00248982351808481,275.72554621623,"Lama","Lama",19.59,392248.9724,47.45,196124.4862,7422.22222222222,1253.81679388787,1.25381679388787e-06,2.6792765,4.67968421283833e-07,0.319846422176989,0.00021989441524668,5.39481737117276e-08,1.01279109477035e-07,1.95380189427803e-09,1.15451062724706e-09,1.00352921776094e-11,2.53749530776693e-10,4.14313588307906e-10,7.32770562354351e-10,1.91388398633418e-10,2.5040559357646e-07,5.64270719482017e-08,3.27438956000873e-11,1.16515878103351e-09,4,4.6929710466164e-06,2.98595779372271e-06,1.36210979034401e-06,6.12303897092333e-06,9.00010554180838e-06,5.68614995409658e-06,2.51470308285217e-06,1.1750665343972e-05,2.31470966804779e-07,1.56138082916742e-07,8.94833220315425e-08,2.74699571681466e-07,1.33702692319347e-07,9.2765766269517e-08,5.30333687725841e-08,1.57888955912169e-07,8.81776894754665e-09,2.74238741205303e-09,1.37271963245903e-09,5.48480723831131e-09,2.02630934535489e-07,6.91003686679394e-08,3.47718582978384e-08,1.34084321519682e-07,5.37983413863362e-08,1.37816675964597e-08,7.06252283998469e-09,2.8000392547059e-08,8.96897940168248e-08,2.42468213167243e-08,1.24249216971928e-08,4.85062515860999e-08,0.00108866836884391,0.000257178826502316,0.000148366822912793,0.00057033530699266,0.000261388915244863,5.85332917625763e-05,3.35712092672126e-05,0.000125766335979225,3.39721894975659e-07,8.4904830099276e-08,4.46165171487661e-08,1.68551558291617e-07,1.78660784810218e-10,8.75858748278430e-11,5.78851895172676e-11,1.69628922719335e-10,1.29306998653104e-05,2.95980616978808e-06,1.52567636323672e-06,6.88975808394741e-06,3.09632825573545e-07,6.20333093153533e-06,0.000321584381175243,0.000327787799692653,1.89248377680677,98.1074895028959,0.902964104388056,0.0476338909084301,0.910942321990771,0.000836634985995329,0.00420444800245219,0.0259023765310625,2.67202973722533e-05,0.0283005549189133,1.73470457394331,0.0210808238539478,0.00739710914788746,78.4589379908151,17.8570684502167,0.000104841754964963,9.90349514482503e-08,1.98411320403142e-06,0.000102857613746903
4,"Lama Lake (PG1341)","Lama Lake","BH194L-1_S25","EBH008",20.06,1369.5,0.126,1.365,17.65,82,82.03578898,13,2,325,5.12,2.386694164,42.2,0.07,7.206395349,0.145833334,-0.223705035561178,0.0223005183560688,217.0632527,7.6903,"Lama","Lama",20.06,20.06,0.353975535174394,0.0567844279968277,0.199878602585523,0.0833971211672808,88972.2510627392,0.000338168657854,0.0004024913320385,0.00022485175358572,0.00049739618377719,160.429916450677,6.81078465046786e-06,0.00107383371322377,234.071920817551,0.00020712123145625,0.491442468405802,0.0932089040357792,126682.689163555,0.0004965401008522,0.00072303207667953,264.164211942085,8.34141347840106e-06,1.80678352507558,0.00133232507696392,288.586940970693,"Lama","Lama",20.06,82035.78898,53.3,41017.89449,140.079365079365,15607.2507544443,1.56072507544443e-05,2.95936,5.27386014355952e-06,0.348059567174463,0.000243641697022124,1.86681746675139e-06,2.99473131587295e-07,1.78345420645723e-09,2.12268299416603e-09,3.59191257144694e-11,5.66324882098137e-09,2.61868304756344e-09,3.81317005171525e-09,1.09232840746208e-09,2.59179884697787e-06,4.9157072401916e-07,4.39914480846896e-11,7.02649612166489e-09,4,0.000166394696951922,0.000102985655441556,4.57183956256967e-05,0.000215604857782914,2.66937902788308e-05,1.66948312122213e-05,7.38336912073818e-06,3.4790666487098e-05,2.0917439202589e-07,1.41723390909584e-07,8.02452995396488e-08,2.49853292937808e-07,2.47609023265163e-07,1.70261529881218e-07,9.82093874931679e-08,2.90612600591041e-07,3.11326541804236e-08,9.74909295784074e-09,4.90047040866231e-09,1.94624301557442e-08,5.12630196296998e-06,1.55245123613473e-06,7.68844802318788e-07,3.06903548048373e-06,3.15066162847285e-07,8.71981339784748e-08,4.34263364132966e-08,1.68581050450806e-07,4.5895305389981e-07,1.27685944113364e-07,6.36303439308627e-08,2.56253186198244e-07,0.0103307705784391,0.00267543810149446,0.00155256420337711,0.00595011536536265,0.00204884201157095,0.000507954420731354,0.000287755605943218,0.00111161604491108,2.00611268668348e-06,4.80836714154648e-07,2.59799812392149e-07,9.78913833212589e-07,2.36290554642743e-10,1.15116066341945e-10,7.63461138624768e-11,2.28899606022282e-10,8.40869510722609e-05,1.80336339981431e-05,9.1781230326921e-06,4.29136842020515e-05,3.10366340802022e-06,0.000121738796771699,0.00320193775214816,0.00332367666403593,3.66277496511566,96.3372215713685,0.542580877173682,0.00426405469711034,3.09854615389996,0.000293322544377781,0.00262354442963746,0.0144670123708956,3.46351579825938e-06,0.00512268632275649,0.50230010015321,0.0467088526670821,0.00384170775379563,80.4963410082641,15.2829072162076,0.00115683746111221,1.08025974245073e-06,4.23723529126975e-05,0.00111446506813226
4,"Lama Lake (PG1341)","Lama Lake","210810_A00902_B_L001_APMG-37-8","ELS112",20.63,1435.5,0.009,0,74.6,79,397.125366,13,2,325,5.98,2.584654008,27.7275,0.0609375,8.326086957,0.126984127,-0.212128364016614,0.0403807531533676,222.8638405,7.5885,"Lama","Lama",20.63,20.63,0.229247779726533,0.0605181650791754,0.130848339799086,0.061108927785093,70489.0432653261,0.0004737744581123,0.00038971514821637,0.00025268442391143,0.00060198100606802,210.054208614728,2.6416822610328e-05,0.00053273925597494,136.021425988811,0.0002268586324877,0.576835258644047,0.128442731165368,171622.520441674,0.00033711406842755,0.00148911421260584,444.251944100744,9.08458291771366e-06,2.20993380972886,0.00147124820352373,357.898780485589,"Lama","Lama",20.63,397125.366,51.35,198562.683,8288.88888888889,1230.10380627949,1.23010380627949e-06,4.3218955,2.84621367240252e-07,0.328210032802931,0.000200002988739286,6.52488165025578e-08,1.72247628877061e-08,1.34846334031432e-10,1.1092125831958e-10,7.51879216949474e-12,1.51628975418142e-10,9.5949867071773e-11,4.23833723168765e-10,6.45688141489029e-11,1.64179639987653e-07,3.65575457563591e-08,2.5856664108471e-12,4.18748675236688e-10,4,5.75953182913378e-06,3.62745160563149e-06,1.66660075171121e-06,7.57036978440469e-06,1.53970122230985e-06,9.73088024080433e-07,4.3569559082064e-07,2.01680478674849e-06,1.5693023984859e-08,1.06917412966145e-08,6.13166177649065e-09,1.85360556310245e-08,1.31159535890378e-08,8.99536936408301e-09,5.16109550722006e-09,1.54354746374766e-08,6.58973258655709e-09,2.05306284607431e-09,1.02571978074789e-09,4.09445189794298e-09,1.31633776705176e-07,4.13563623163978e-08,2.07996456273533e-08,8.2315715789616e-08,1.00059572828815e-08,3.18129707267397e-09,1.58845887718662e-09,6.30035953509998e-09,5.19451534234381e-08,1.42342344923314e-08,7.14186737134302e-09,2.81197974649696e-08,0.000724002175684124,0.00016772830482582,9.81657754033108e-05,0.000370764153367362,0.000152616422842586,3.7842856069964e-05,2.15544549740657e-05,8.39741682611943e-05,1.0363282638908e-07,2.85661105399034e-08,1.55835820212768e-08,5.6298263039307e-08,1.4601658591769e-11,7.10071834382543e-12,4.64477912402277e-12,1.37131528126964e-11,4.26809763505207e-06,1.06380156015828e-06,5.54211912259723e-07,2.43582686425984e-06,2.01902020257636e-07,4.73574537754503e-06,0.000206608834886037,0.0002113445873643,2.24076965329701,97.7592269869205,0.50334932795065,0.00505891417894931,1.7163683493719,0.000971429110950163,0.00150526545881692,0.0135163672257493,3.35978244457509e-06,0.00425625726982894,0.460427227503629,0.0195682145600023,0.0067350835286808,79.3624795021137,17.9057607019447,6.93654139515589e-05,6.62662686917369e-08,1.55431914571038e-06,6.78110924753216e-05
4,"Lama Lake (PG1341)","Lama Lake","JK081L-13_S13","EBH033",21.07,1482.5,0.009,0,25.4,83,115.9552614,13,2,325,3.31,2.724775779,30.59,0.079166667,7.425,0.118055556,-0.20007843459039,0.0618418775173433,228.9927926,7.5101,"Lama","Lama",21.07,21.07,0.270531635011933,0.084548563568205,0.194198656495543,0.0498875352429269,61935.2187175391,0.00043178244136027,0.00026350275292556,0.00022376683819161,0.00046109806093193,121.275815298503,0.00056063203364045,0.0149433920239437,2704.30490026816,0.00014727031516334,0.478489998140676,0.127397106571523,105708.151898523,0.00474659112367868,0.00836154462846708,2286.39968670378,1.59195236241751e-05,2.77677882767036,0.00956206186486076,1667.8722028402,"Lama","Lama",21.07,115955.2614,53.95,57977.6307,2822.22222222222,1108.30860576319,1.10830860576319e-06,2.297471,4.82403741228155e-07,0.321674919565178,0.000254659312394682,1.30505472850326e-07,4.07865433807685e-08,2.0829346510882e-10,1.27114713835208e-10,2.70450990480502e-10,7.2087482189894e-09,2.28977331614294e-09,4.0336404112187e-09,7.10437510066446e-11,2.30825365243315e-07,6.14568408317446e-08,7.67963775487206e-12,4.61277441746389e-09,4,1.14865697544456e-05,7.20814190502673e-06,3.25425207011005e-06,1.5003220051524e-05,3.65935136371711e-06,2.29558256693187e-06,1.05329735373708e-06,4.78057929697199e-06,2.48792078188309e-08,1.65136085707547e-08,9.62103319014191e-09,2.90387172642418e-08,1.4958603579004e-08,1.01100952895393e-08,5.89219986935287e-09,1.7598685694471e-08,2.37798669025181e-07,7.41906110591977e-08,3.62827852429145e-08,1.51636693691668e-07,6.02129887503661e-06,1.96559821307257e-06,9.70222430663431e-07,3.80768349380672e-06,3.25721848785621e-07,7.78698347821413e-08,4.03910148180229e-08,1.55099377500358e-07,4.69358288082329e-07,1.3822039554554e-07,7.07346791307581e-08,2.74161781970066e-07,0.000905295353184839,0.000231711720927686,0.0001340149713821,0.00050580849321585,0.000261760584918687,6.21185058246156e-05,3.58298268352125e-05,0.000135329986653444,1.30690607637252e-07,3.18253835436665e-08,1.67631186053161e-08,6.29616735416167e-08,4.25632679081694e-11,2.05814372122717e-11,1.35336446911865e-11,4.01970808886445e-11,5.30648347441083e-05,1.14685114569167e-05,5.88018281807285e-06,2.75710686838142e-05,3.10776316818116e-07,1.88770527998992e-05,0.000298239738023141,0.000317116811404477,5.95271272951272,94.0472807803119,3.616494315178,0.00520742135922016,2.27302421246689,0.0233953572914079,0.024555568163436,0.0100358550537624,6.49017537768454e-06,0.00318812971307411,0.723891791408022,0.619834124960811,0.0435865872053191,73.0682551648583,19.5885249821664,0.000102008524801301,9.99689467152299e-08,6.07227444103518e-06,9.59362437397336e-05
4,"Lama Lake (PG1341)","Lama Lake","210810_A00902_B_L001_APMG-37-7","ELS111",21.75,1555.5,0.009,0,67.2,80,369.2307692,13,2,325,4.076,2.968928809,26.1175,0.078928571,7,0.133928572,-0.258456171837052,0.076535326733235,241.6580395,7.3875,"Lama","Lama",21.75,21.75,0.23630177830321,0.146283004401956,0.215381138276812,0.146478010211857,55897.9322619209,0.0017266129459841,0.00102838079296981,0.00110381495955999,0.00160345684935364,402.521115223601,1.33201253708989e-05,0.00038406361486091,58.0601487503099,0.00025320054148983,0.506552074128262,0.102956218345336,89089.8126984625,0.00054199095278066,0.002143268779701,392.332558473966,4.2040597203366e-05,6.142383494995,0.00177404647087538,259.198833673718,"Lama","Lama",21.75,369230.7692,52,184615.3846,7466.66666666667,1285.71428560714,1.28571428560714e-06,3.0114507,4.26941834248571e-07,0.397624395759031,0.000313839253519988,1.00887114664972e-07,6.24543342187629e-08,7.3716329819578e-10,4.3905878205653e-10,5.6869187582725e-12,1.63972824196854e-10,2.31398611526306e-10,9.15051104093241e-10,1.08101903616399e-10,2.16268271670738e-07,4.39563167076541e-08,1.79488896829104e-11,7.57414654317739e-10,4,8.88398323254741e-06,5.59109450893657e-06,2.5031906338514e-06,1.16740482175364e-05,5.59509790671735e-06,3.54321087692263e-06,1.62761973861869e-06,7.39473378296161e-06,8.68772310361914e-08,5.91256007887934e-08,3.43491519540223e-08,1.03078792977508e-07,5.11873472935223e-08,3.5366513275122e-08,1.99950131725004e-08,6.11544435922431e-08,5.15124880688396e-09,1.53043044789323e-09,7.65573002367127e-10,3.05766589787744e-09,1.40687668437642e-07,4.50809787138027e-08,2.26592259864558e-08,8.9143419965352e-08,2.62207896962848e-08,7.73288235591581e-09,3.84367055368422e-09,1.53551785770885e-08,1.18661438095802e-07,3.04095367073027e-08,1.53089221839639e-08,6.19819787194286e-08,0.00090005334609881,0.000219548312976798,0.000127834793255109,0.000490636713778442,0.000192839718601262,4.53786315335552e-05,2.59456878966881e-05,0.000100329525559905,1.74267713577121e-07,4.7904311545592e-08,2.52870038562688e-08,9.26175409850482e-08,9.88312166601191e-11,4.84715592124761e-11,3.14725770035834e-11,9.21795177645034e-11,9.04056684639961e-06,1.91845845913311e-06,9.90497018613653e-07,4.54364425155305e-06,2.62424163284584e-07,7.62584619320788e-06,0.000268581012415972,0.000276206907080739,2.76091799216981,97.2390644588269,0.694572948739591,0.0214062716293732,2.02424138050328,0.000554088405705897,0.00279967015946324,0.0173436327323954,1.75490032906046e-05,0.0128043551296072,1.28281038094638,0.0163214523453698,0.0110096945180352,79.4869017930174,16.4292167828701,0.00010982660453245,1.04346249358602e-07,3.03222248472559e-06,0.00010679436277425
4,"Lama Lake (PG1341)","Lama Lake","BH194L-2_S26","EBH009",22.52,1629.5,0.009,0,4.12,82,20.25067584,13,2,325,3.44,3.244259458,22.91,0.0653125,9.987704918,0.1,-0.204155636834552,0.0104138976757217,260.6281025,7.2502,"Lama","Lama",22.52,22.52,0.46580025862078,0.0450840860709147,0.328414392589501,0.0495244008495361,79886.9849794404,0.00021256470812241,0.00025088194276396,0.00015329574520737,0.00030513419264709,72.4691527991033,0.00026241282112694,0.00600247014312486,979.639749120055,0.00018263325923119,0.395245443123419,0.0798132608310953,74313.4879001133,0.00043995885004618,0.00131080523364275,273.766979766439,5.56878485711272e-06,0.870790888106715,0.00538965561087559,842.780447872616,"Lama","Lama",22.52,20250.67584,53.3,10125.33792,457.777777777778,1178.91373791845,1.17891373791845e-06,2.651896,4.44555042097596e-07,0.3244259458,0.000211890695850625,2.07073853580232e-07,2.00423577811871e-08,9.44967127678212e-11,1.11530832626959e-10,1.16656942743036e-10,2.66842836716643e-09,1.95585925103489e-10,5.82725075823802e-10,8.11905362459428e-11,1.75708354606615e-07,3.5481387528714e-08,2.4756313865862e-12,2.39599857698434e-09,4,1.84021590956049e-05,1.1473298217704e-05,5.10808100950864e-06,2.4110893047915e-05,1.79263747341855e-06,1.12574876316133e-06,5.10948158823234e-07,2.3365405518376e-06,1.09664918687777e-08,7.48654189829724e-09,4.24658269013657e-09,1.30755912207136e-08,1.321892985828e-08,9.0093652814254e-09,5.2769028121945e-09,1.58274367583928e-08,1.01078104011008e-07,3.19320949311904e-08,1.6054379787183e-08,6.48307860394719e-08,2.29197570389317e-06,7.27185907791216e-07,3.69698470001398e-07,1.42051563854748e-06,2.52085999391965e-08,6.59101864500076e-09,3.35361778306753e-09,1.3214870267388e-08,7.6994726511548e-08,1.94204998431983e-08,9.82494874490557e-09,3.84398950871685e-08,0.000785824869399257,0.000180417179320675,0.000104210610489704,0.000398622303906062,0.000156441074263614,3.60745339456923e-05,2.08192699688287e-05,8.00455465910665e-05,1.64963750227214e-07,3.64174799729697e-08,1.9425645163095e-08,7.20744513405094e-08,1.37308217937597e-11,6.65028723672783e-12,4.31017670969529e-12,1.25015392007268e-11,2.99764350967568e-05,6.07759202112785e-06,3.09825613945891e-06,1.43471105084974e-05,2.17232803190782e-07,1.76333173742794e-05,0.000218373077802444,0.000236006401827011,7.47154197418946,92.5284552079687,2.57518100105718,0.00317217746651837,4.86143516823488,0.0135301816747311,0.00279272875395638,0.0154307170021867,2.8178418827818e-06,0.00381742410870241,0.476999248514661,0.308121263729207,0.00822880213962722,76.4458836387489,15.2854048307276,7.65666001275829e-05,7.04759576339548e-08,5.72070566674216e-06,7.0845892303315e-05
4,"Lama Lake (PG1341)","Lama Lake","210810_A00902_B_L001_APMG-37-6","ELS110",22.98,1675.5,0.009,0,38.6,78,201.303781,13,2,325,2.99,3.423555148,21.625,0.051875,13.38114754,0.101010101,-0.195849398918541,0.0341944793473951,274.9252481,7.166,"Lama","Lama",22.98,22.98,0.243948314605095,0.0710013006268542,0.133018678051108,0.0893661227884841,67017.1837763608,0.0003228127520246,0.00022949413262968,0.00019385501301843,0.00034605112150746,117.523725064932,1.14366142609258e-05,0.0003682589792018,80.794286246155,0.00017813890890735,0.557878702379547,0.122287238759847,144768.375761238,0.00055763482307672,0.0018424254554455,510.70162648591,1.18193180844431e-05,2.5149972372344,0.0013624226450255,289.90582736704,"Lama","Lama",22.98,201303.781,50.7,100651.8905,4288.88888888889,1189.83050868264,1.18983050868264e-06,2.3434125,5.07734130752756e-07,0.34581365127855,0.000179390831600748,1.23860885464618e-07,3.60497836560909e-08,1.63903052045115e-10,1.16522003943588e-10,5.80675940052573e-12,1.86977652696923e-10,2.83130232172325e-10,9.35462287097371e-10,9.04472040673177e-11,2.83254058018155e-07,6.20894048738856e-08,6.00107119369504e-12,6.91748477389893e-10,4,1.10822520012816e-05,6.93222843563357e-06,3.16186887107494e-06,1.45820878238363e-05,3.2112583851408e-06,2.02814398526849e-06,9.13444681177614e-07,4.20968868888271e-06,1.91699825860544e-08,1.31540373141653e-08,7.49242452392821e-09,2.28386282017265e-08,1.36530183902223e-08,9.24876299194571e-09,5.3372326118522e-09,1.59169327852986e-08,4.95975830954906e-09,1.58632083948966e-09,8.00966863062194e-10,3.2185868950263e-09,1.71367052064684e-07,5.18141683266157e-08,2.53514116653335e-08,1.02280724582623e-07,3.3009457572078e-08,9.47094119710404e-09,4.87262770927928e-09,1.86217079471661e-08,1.09622656668124e-07,3.14856840017707e-08,1.62680756001363e-08,6.26816661220196e-08,0.00119626879325753,0.000288485049018769,0.000168032366018044,0.000637697369495748,0.000257773562720706,6.35277389908179e-05,3.66963202138441e-05,0.000138297673146647,1.37168609693097e-07,3.92512065378477e-08,2.08662597191803e-08,7.7037442997212e-08,3.39262995243044e-11,1.62072947496168e-11,1.07421290394141e-11,3.18096693727701e-11,8.13874571619278e-06,1.70668049897558e-06,8.887848124796e-07,4.01275382398426e-06,3.47543036576058e-07,8.70237144049775e-06,0.000354133480610175,0.000362835868257968,2.39843196381857,97.6015635693422,0.470372597717424,0.00362534095025388,1.91056867363094,0.000437200667923444,0.00261025494601058,0.0108178959060191,4.46683918749009e-06,0.00254902114180455,0.558970091630115,0.0142803324752274,0.00867766578672015,79.5084153074035,17.5086711509048,0.000125473596417111,1.20185126454801e-07,3.0093988426207e-06,0.000122464191969786
5,"Btoko Lake","Btoko Lake","JK080L-14","EJK083",1.43,4,2.17,18.2,49.2,85,237.2799614,13,2,325,1.625,0.341732092,67.53828045,5.485,12.4067675,0.008092727,0.186948136440009,-0.524529638709272,454.396658,16.89303384,"Btoko","Btoko",1.43,1.43,0.36258322120349,0.495870233214753,0.602942886048759,0.141748723945525,23064.0689598549,0.0196436081764449,0.00443772432871333,0.00677194263346402,0.0171725824997313,646.993160416087,6.15265151313618e-05,0.00154841729747261,43.2543604132308,0.00058308124527194,0.070940132818925,0.00929525138448118,2171.34971120964,0.00554712720090282,0.00488359523907234,280.242219794813,0.0156853505822214,421.418314092541,0.00892073079312044,239.673274218767,"Btoko","Btoko",1.43,237279.9614,55.25,118639.9807,22.6728110599078,289106.5830503,0.0002891065830503,0.5275029426875,0.000548066294336429,0.00276554452769488,0.000151690117344064,0.000198719642433562,0.00027176976118975,1.07659995406609e-05,2.43216712812453e-06,3.37206091514797e-08,8.48635330312241e-07,3.04019344921162e-06,2.6765339457174e-06,3.19567177393263e-07,3.88798957138023e-05,5.09441398121816e-06,8.59661196896583e-06,4.88915186855839e-06,5,0.0174993357174288,0.0109851836739645,0.00484116625746889,0.0232943804953527,0.0236533879603112,0.0149842375919862,0.00668291739742065,0.0311581918875202,0.00126594308527469,0.000854542356116511,0.000482155342336273,0.00149264069683994,0.000279263877090428,0.000193172307655585,0.00011079931311195,0.000333047467663311,2.81948177592885e-05,9.12847289195799e-06,4.58474299500448e-06,1.8454081292205e-05,0.00080527720809643,0.000234466496829308,0.0001167388848596,0.000472722149393207,0.00039818956533289,0.000102410020649503,5.27664066814614e-05,0.000202069886451673,0.000324775336487989,8.94658038596067e-05,4.4831866484185e-05,0.000176718336015761,0.167974344666661,0.0397468682844266,0.0231793055977304,0.0871851634149022,0.0225831058565091,0.00518753226436754,0.00303097242246924,0.0116588721485124,0.000601333288009393,0.000140641749421585,7.56512721602102e-05,0.000280215605254243,4.73596810774212e-05,2.31738313035811e-05,1.51472720990538e-05,4.4335797772232e-05,0.0640916569838777,0.0122717025699204,0.00644476756241393,0.029033459618976,6.43787240443307e-05,0.0243636088429645,0.0604357427491248,0.0848225254233928,28.7230411041798,71.2496385216768,14.4675043671078,1.00744743433546,12.950785913449,0.0107618499288875,0.120734463090225,0.165807076268443,0.0273203741434349,0.227737038824726,17.6653990401631,0.276420084946734,0.10547411010582,46.8588598205837,6.11574842705272,0.000234580471009924,1.78042227980778e-07,6.7378645110559e-05,0.000167137737637018
5,"Btoko Lake","Btoko Lake","JK080L-13","EJK082",2.95,18,2.22,25.3,36.9,84,191.7879418,13,2,325,1.557,0.374727471,65.1879538,6.752,13.61337343,0.008483542,0.202321411400158,-0.480577756118956,472.2452387,17.27206806,"Btoko","Btoko",2.95,2.95,0.301361307293252,0.613676727524392,0.663464983996001,0.141992587452825,26877.4121966986,0.0130495745265735,0.00295737096186577,0.00561584054504874,0.010242177054951,470.172009831925,1.96438056866813e-05,0.00145364162081442,43.2748128326167,0.00076056573683565,0.0264749311250888,0.00496631317445664,945.863766198623,0.00574248623758335,0.00357078235137001,273.558638263327,0.0173937881475691,510.907739258547,0.00857286749451276,251.810836916323,"Btoko","Btoko",2.95,191787.9418,54.6,95893.9709,16.6216216216216,315000.000019805,0.000315000000019805,0.542023559334,0.000581155550520451,0.00317901623878228,0.00021464717644258,0.000175137796445573,0.000356641636426027,7.58383266804847e-06,1.7186925494363e-06,1.141610670816e-08,8.44791896403844e-07,3.33727775075886e-06,2.07517998319915e-06,4.42006999497714e-07,1.5386053172992e-05,2.88620046695832e-06,1.01084965265366e-05,4.98216952831244e-06,5,0.0155280818448273,0.00966893647322611,0.00446821343517017,0.0198513536658285,0.0317599895830446,0.0199129044422786,0.00912805137353085,0.041579798234904,0.000891423231180509,0.000609297937893413,0.000349076035764337,0.00105394009489838,0.000202600064057226,0.000137912158345313,8.06093416653601e-05,0.00024397206847494,9.71886957300981e-06,3.11047323742313e-06,1.56530532819382e-06,6.03602551028133e-06,0.000705643124825413,0.000229370303234975,0.000115463202023366,0.000453338123198409,0.000417054302645879,0.000112354724526083,5.74736660157673e-05,0.0002224022383434,0.000270350075193941,6.90519540365617e-05,3.54338774276524e-05,0.000141240484949314,0.0698985000388075,0.0158282555487625,0.00915065619326825,0.0347809333223296,0.012177960172624,0.0029723864242935,0.00170243196195314,0.00641080824601963,0.000710579495282241,0.00019563714246976,0.00010542770927046,0.000384000774144881,5.55156985535346e-05,2.75488240196956e-05,1.79625831012844e-05,5.34122110519728e-05,0.0612115786009122,0.0124402784629205,0.00651852610563955,0.0294417666744071,4.00735924313671e-05,0.0230296152142733,0.0391498808309514,0.0622070448692444,37.020911799749,62.9348025022603,19.9981826641487,0.979467742237429,15.5431535022274,0.0050001945020233,0.180614148706543,0.314493547926891,0.0442856979906401,0.221698617311265,32.0106902427761,0.368720783501447,0.111003430852092,25.4444743067808,4.7782151210386,0.000197757205805986,1.27394601085659e-07,7.32115207390821e-05,0.000124458106907986
5,"Btoko Lake","Btoko Lake","JK080L-12","EJK081",5.63,30,1.57,19.15,48.7,82,261.0560172,13,2,325,2.056,0.370989371,65.18933052,4.9286,12.31448384,0.009940933,0.36602792360546,-0.470846652463005,510.6971167,17.16424855,"Btoko","Btoko",5.63,5.63,0.258189398687004,0.575171504710866,0.601719822237885,0.130008636629039,27181.7325861283,0.0421721344663252,0.0131052822748932,0.0141165808128416,0.0409935772674192,1802.98350184832,2.80201880390932e-05,0.00109278733352464,36.5573789308441,0.00066470692971663,0.0366981909699842,0.00361409516277068,1336.54658271863,0.00978992507373112,0.00651917473552905,531.953908478639,0.0352750535928295,1150.56642303732,0.0176797258747869,576.659618857924,"Btoko","Btoko",5.63,261056.0172,53.3,130528.0086,31.0191082802548,224285.714325598,0.000224285714325598,0.7157073645088,0.000313376284006143,0.00368798048082314,0.000181765805977849,8.09104343303138e-05,0.000180245108812513,1.32157467876644e-05,4.1068846601576e-06,8.78086240484439e-09,3.42453633788933e-07,3.06793034030442e-06,2.04295475340682e-06,2.0830338758773e-07,1.15003427159214e-05,1.13257171215365e-06,1.10543652130384e-05,5.54040679688797e-06,5,0.00712466399642552,0.00454023444025188,0.00203670745798687,0.00920685242205293,0.0161405577732368,0.010092153522744,0.00451618972540961,0.0210901840580766,0.00152104965888002,0.00103884171612634,0.000594818363694328,0.00180473598599678,0.000481477536409191,0.0003270964509882,0.000192373032009391,0.000571085388589932,7.58374859697709e-06,2.3911800862307e-06,1.15912642939719e-06,4.85770217226982e-06,0.000303126549213384,9.4159700331728e-05,4.78586433359996e-05,0.000186996865223001,0.000411329882861198,0.000101567351374081,5.07729708261894e-05,0.000207466259497069,0.000257823768156865,6.78516722613163e-05,3.39589363969281e-05,0.000136531404314022,0.0444929503967197,0.0118122656521826,0.00675754442192029,0.0258748746587261,0.00423084246615804,0.00116363035695485,0.000670974511115591,0.00253325280149983,0.0003489808539322,9.29551538593434e-05,4.95004751052534e-05,0.000184307749478746,6.07843402626914e-05,2.99289026355503e-05,1.9659580141713e-05,5.77049934178039e-05,0.0695517080801141,0.0139366032235866,0.00718364732145412,0.0323490537907484,3.48981094154942e-05,0.0197125930652845,0.0235571573554626,0.0432996793233827,45.5259562503025,54.4049233702784,32.1863890018709,2.39919032279147,10.485607540747,0.0055223967558102,0.234568368545012,0.21467861959233,0.0691203794190414,0.755424650019432,23.3076865243526,0.21746050271758,0.156702482146733,27.2802612785257,2.68738793251633,0.000159688372170537,1.28703546341973e-07,7.26996584511788e-05,8.68783365106254e-05
5,"Btoko Lake","Btoko Lake","JK080L-11","EJK080",7.72,42,2.4,22.9,60.2,74,311.8363118,13,2,325,2.52,0.38254871,65.35313345,3.9934,11.89019328,0.014044015,0.686575051193739,-0.25450094787615,475.5460318,17.15579698,"Btoko","Btoko",7.72,7.72,0.036101392270549,0.0509980929766733,0.0592129747746438,0.014842552815409,27452.886755072,0.00084583714221302,0.00022570112998729,0.00058290504943264,0.00045591604176496,337.738148014819,7.33575282180867e-06,0.00110678170699038,351.158682158205,8.35833787279964e-05,0.780220770795694,0.122504437721961,284556.303117821,0.00053503351090783,0.00343166182270921,1250.26270220276,5.71517437998897e-05,18.0136581282872,0.00388222004696462,1223.63693660278,"Btoko","Btoko",7.72,311836.3118,48.1,155918.1559,25.0833333333333,298989.898955083,0.000298989898955083,0.87310103706,0.000342445932674498,0.00537251982147065,0.000214546206550609,1.23627749469361e-05,1.74640895140176e-05,2.8965348905587e-07,7.72904339641856e-08,2.51209871693385e-09,3.79012893917393e-07,1.83220049654943e-07,1.17515863350112e-06,2.86227880845945e-08,0.000267183429547147,4.19511464324619e-05,1.95713822095272e-08,1.32945046483043e-06,5,0.00107891344374121,0.000675178651767924,0.000309547902639842,0.00142066204603677,0.00156617420278246,0.000971843504283234,0.000436601532011859,0.00205197163838094,3.39785117209584e-05,2.31040986520535e-05,1.32892126176705e-05,4.02420730848646e-05,9.00968426420564e-06,6.19399687634025e-06,3.48245387236823e-06,1.08856679362427e-05,2.15602006178614e-06,6.75366597555172e-07,3.34200382854211e-07,1.36023660821601e-06,0.000310067859698346,0.000103115376775825,5.29414809205231e-05,0.000203637992968777,2.21115858608847e-05,6.04643851120541e-06,3.0990407685342e-06,1.21752601463606e-05,0.000138259386840089,3.95904393238444e-05,2.00269317445646e-05,7.8520061302813e-05,1.10822384797993,0.280240082529844,0.158244754709888,0.622245593459742,0.188965666309215,0.0440015005922595,0.0247747314568806,0.0941810881600346,4.96976985642736e-05,1.27061050261242e-05,6.73678522033387e-06,2.59988264734452e-05,1.08463254698731e-07,5.34285454299732e-08,3.50940641963382e-08,1.02931803453539e-07,0.0160316400172154,0.00331847068435223,0.00172927671061509,0.00780565275541543,0.000312252124290524,0.0040361813449071,0.325362326439362,0.329398561212815,1.22531845010077,98.7746653298693,1.00743326629416,0.00701402537005211,0.20497316359913,0.00020503022085723,0.00183559955117684,0.00385736506539115,1.62200299944402e-05,0.00188039585040521,0.295035746575515,0.0313041369689545,0.0120190079695783,85.0762922272719,13.3581338152328,0.00176970029927976,1.67758072704716e-06,2.16844642785634e-05,0.00174801554795528
5,"Btoko Lake","Btoko Lake","JK080L-10","EJK079",9.38,54,1.643227239,22.2,37,86,177.3304577,13,2,325,2.523,0.384687087,65.75207853,3.9034,12.32957261,0.011941292,0.417785663367696,-0.465162046879071,479.5124066,17.07030228,"Btoko","Btoko",9.38,9.38,0.217545231652122,0.614255685412555,0.634590155595611,0.10394042071059,32278.8663876119,0.0274316717456398,0.00708048919980741,0.00892588107029219,0.0254980973962119,1339.27891764902,3.32675544704394e-05,0.0008760456010549,35.2868063133165,0.00051061477844093,0.074326813171649,0.00445169785711183,3076.89381607427,0.00644577635000121,0.00440039171492077,420.896397927362,0.0319839722376259,1241.17002665331,0.0106583427246003,413.607647770841,"Btoko","Btoko",9.38,177330.4577,55.9,88665.22885,22.5166666677925,220120.782789068,0.000220120782789068,0.8640750586881,0.00025474729374005,0.0045936608344964,0.000179308957013733,5.54190590294303e-05,0.000156479973523288,6.98814413996712e-06,1.80373546200659e-06,8.47481947069413e-09,2.23170246061611e-07,1.64204408121642e-06,1.1209878807722e-06,1.30077732951502e-07,1.89345545077999e-05,1.13405798164762e-06,8.14783037059208e-06,2.71518396484587e-06,5,0.00492159673319861,0.00307680823218625,0.00135043117376144,0.00648870174516259,0.013704689865746,0.00876111283635473,0.0039081641703487,0.0181561999966765,0.000827762592833281,0.000564288652288887,0.000323768409540929,0.000978393949110572,0.00021072099033583,0.000144280271873387,8.43103585050673e-05,0.000249321707287663,6.88756356941418e-06,2.294978550678e-06,1.16483271965418e-06,4.62966430974207e-06,0.000192297098086823,6.21831522755225e-05,3.07197442327632e-05,0.000119675492877873,0.000186314004489677,5.47609045323266e-05,2.75122181077128e-05,0.000109747814894987,0.000131535250311335,3.7796549306466e-05,1.96355060290757e-05,7.6567148808232e-05,0.0726797576366094,0.0193824792534881,0.0113033986495745,0.0419547921865488,0.00507652258219323,0.00115436598401435,0.000661188168608608,0.00259234329988674,0.000239577207443781,5.73720816409004e-05,3.13505356050109e-05,0.000113935366795572,4.36554727566473e-05,2.21748266857939e-05,1.44842070146019e-05,4.17562524037253e-05,0.0363781405687023,0.00678934907650793,0.00354388047705488,0.0162462714659883,3.40563815853579e-05,0.010544873925707,0.0295422180473125,0.0401092667997053,26.2903682043484,73.6543457521632,16.927133349039,1.40687850293248,7.67106576031665,0.00572181626290625,0.136529308316174,0.143039467481171,0.0552860434884758,0.359718048684068,21.8431139120676,0.155034377930786,0.0942339571930138,48.3241923874572,2.87805306883056,0.000184248367998173,1.56443466253323e-07,4.84395743572224e-05,0.000135706930008092
5,"Btoko Lake","Btoko Lake","JK080L-9","EJK078",10.17,66,1.89,16.8,53.9,85,262.4148004,13,2,325,2.213,0.392503578,63.53687378,2.901444444,10.85148638,0.010704073,0.328604373613612,-0.42720939122894,474.9466811,17.26038663,"Btoko","Btoko",10.17,10.17,0.15735321839324,0.667658842092173,0.541599985399709,0.10807368810164,28281.41343344,0.0291770631815321,0.00517175378188721,0.0108756727115672,0.0233516135729513,1177.47744550601,0,0.00124486389672897,42.6739343798693,0.00055828321659995,0.0963155554099484,0.00843776550118739,3610.08178949878,0.00591400440707338,0.00442474274415679,354.41225234417,0.0149466843368951,512.372339068764,0.00879722303857692,301.568805762417,"Btoko","Btoko",10.17,262414.8004,55.25,131207.4002,28.5185185185185,254193.03798487,0.00025419303798487,0.8069289832486,0.000315012898609143,0.00420138695167319,0.000121900908280263,4.95682934315321e-05,0.00021032114712948,9.19115124571654e-06,1.62916914972509e-06,0,3.92148184482466e-07,1.86298767065943e-06,1.3938510374366e-06,1.75866414305986e-07,3.03406422908374e-05,2.65800496831327e-06,4.7083983575612e-06,2.77123872909325e-06,5,0.00442682215539805,0.00283157618307352,0.00126758449498807,0.00584561509697336,0.0185542389581585,0.0115238039305769,0.00526924843002907,0.0245172056565568,0.00106678965065178,0.000730090988243581,0.000408616182274729,0.00126135879310687,0.00019465012946556,0.000130860699045055,7.71550734504748e-05,0.000232344343366995,0,0,0,0,0.00034356553153743,0.000106252622296546,5.31738736389672e-05,0.000208307167167493,0.000249464340712535,6.32527183389482e-05,3.20448856270702e-05,0.000127248772655646,0.000172280498634947,4.62441576845894e-05,2.33201458791132e-05,9.17683352218988e-05,0.125702969572539,0.0315062991934469,0.0178027011652217,0.0690806732715014,0.0105680768180753,0.00275150605223762,0.00155833727687383,0.00600002453913065,0.000325353258217826,7.75573230357247e-05,4.17515146181094e-05,0.000154368614876176,2.55526708691234e-05,1.2765482908608e-05,8.32370419706637e-06,2.41103026256887e-05,0.0313301277507909,0.00706883124965823,0.00361402548507523,0.016386508190576,4.43031376526896e-05,0.01077130846235,0.0460649666552876,0.0568490406005463,18.9472123866352,81.0303325591127,12.4343897011875,1.28426263755903,4.98086889974061,0,0.111264354984278,0.136426793163822,0.0224550542520242,0.230189810879232,20.2708855045588,0.186903105442248,0.0813455375782455,55.4209866351627,4.84002196549149,0.000238844817394274,1.86134624452191e-07,4.52544348261643e-05,0.000193536749834786
5,"Btoko Lake","Btoko Lake","JK080L-8","EJK077",10.8,74,1.29,12.65,15.6,76,86.02150538,13,2,325,2.528,0.385651551,61.60991643,1.655111111,8.640065922,0.010627796,-0.0759181476935323,-0.423880603647298,437.7177767,16.54298173,"Btoko","Btoko",10.8,10.8,0.212246616423251,0.771823304501844,0.785244917814936,0.102761821824312,56945.1741141725,0.00172964325785374,0.00019763917595868,0.00097707501833369,0.00089443903443483,111.526052597423,0,0.00050937070677634,29.4757546890267,0.00055306439163011,0.00283571197163078,0.0010290349589724,255.645487783674,0.00285021799132036,0.00171942498389435,264.431530046749,0.00210605196070989,121.870908810399,0.00239991967615778,138.876151900222,"Btoko","Btoko",10.8,86021.50538,49.4,43010.75269,12.093023255814,175698.92473865,0.00017569892473865,0.9705013126496,0.000181039347859271,0.00409862601111159,6.78368145082441e-05,3.84249890226022e-05,0.000139730387709601,3.13133487431026e-07,3.57804675270031e-08,0,9.22161405734045e-08,5.16001606405399e-07,3.11283577777171e-07,1.001264167849e-07,5.13375446060764e-07,1.86295817896755e-07,3.81278273524657e-07,4.34479893086237e-07,5,0.00339282060053751,0.00213865805615706,0.000976285641014071,0.00446269100684736,0.012254680464703,0.00778711311440761,0.00348092812509134,0.0160004348706646,3.61458255586698e-05,2.45387072219852e-05,1.42690087206589e-05,4.27081859042235e-05,4.13075849457576e-06,2.85871949992834e-06,1.61624313397109e-06,4.86920847016611e-06,0,0,0,0,7.98222646078373e-05,2.49337213806437e-05,1.220593552122e-05,4.98948536045066e-05,6.56888867498426e-05,1.7349220988848e-05,8.67659084254617e-06,3.52418567924986e-05,4.43074522707911e-05,1.019383659954e-05,5.10509836522964e-06,2.04948579466255e-05,0.00221353989378013,0.00052574632513758,0.000302900781019535,0.00114971836681802,0.000742929050592121,0.00019420247936191,0.000110373138075304,0.000431395260777563,0.000151060372163657,4.46123381832937e-05,2.41356894159099e-05,8.8580970457679e-05,2.1139418132599e-06,1.04555152483601e-06,6.71049999267971e-07,1.9728804371141e-06,0.0058835071093001,0.00111731587593187,0.000574997382884913,0.0026634719544516,2.53505717210929e-06,0.00334247419848306,0.00854504819638721,0.0118885679463951,28.1150279289658,71.8761774750025,9.39823771012444,0.206405913080775,17.9891982432212,0,0.145931966466228,0.375254096073205,0.00879459603166965,0.024045953329435,65.5008504768553,0.20972855177401,0.0857448655338759,4.4222847319218,1.63352289558808,4.87267938199625e-05,1.03902512652621e-08,1.3699551691372e-05,3.50229568039148e-05
5,"Btoko Lake","Btoko Lake","JK080L-7","EJK076",11.58,84,0.009,0,7.66,80,48.69675779,13,2,325,1.703,0.38933182,55.38661427,0.09,1,0.021886441,-0.330518979194967,0.157025050418863,408.1876615,17.24779361,"Btoko","Btoko",11.58,11.58,0.13581285354365,0.662307110646145,0.549994693217183,0.101018589390185,36119.7170993733,0.00162554257405294,0.00151698569956626,0.00168663592401235,0.00139166180477126,142.218259550911,0,0.00087089446342547,39.4131998367834,0.00027193777957729,0.00045074618258702,0.00112872804399893,83.7875017509242,0.0793556780727713,0.111714304083028,8647.06311244283,0.00100792331256585,45.6145774334801,0.00393729559863337,178.186249611752,"Btoko","Btoko",11.58,48696.75779,52,24348.378895,851.111111111111,1487.6033058564,1.4876033058564e-06,0.7597659589819,1.95797572695914e-06,0.00852108790785262,7.66897911706736e-06,2.65918270647524e-07,1.2967812464376e-06,3.18277290313434e-09,2.97022117789487e-09,0,1.70519022013018e-09,1.5537649146287e-07,2.18733895748702e-07,5.324475716555e-10,8.82550084524879e-10,2.21002211248798e-09,1.97348938064019e-09,7.70912921198721e-09,5,2.37209590077519e-05,1.47789057838953e-05,6.69030074857129e-06,3.04185888824221e-05,0.000117347035375621,7.38995435635699e-05,3.25100482668087e-05,0.000157100213354115,3.73519720623237e-07,2.54306283423292e-07,1.47337981164612e-07,4.43128660765866e-07,3.47457283791214e-07,2.37420586245462e-07,1.3467370754664e-07,4.13753578985643e-07,0,0,0,0,1.44706556626053e-06,4.62677177898581e-07,2.34460678775459e-07,9.17865670810978e-07,2.05790342107258e-05,5.26996885904452e-06,2.64290227677976e-06,1.03764545992904e-05,2.97337597688423e-05,7.37527160679833e-06,3.78051478017619e-06,1.47755288027128e-05,3.58322694581394e-06,9.02558980241974e-07,5.25299914739042e-07,1.94294839441787e-06,9.08814109227252e-06,2.26775526310493e-06,1.3091090576084e-06,4.93585469412682e-06,8.00849819375085e-07,2.39592825178182e-07,1.2865404889683e-07,4.788110061486e-07,1.09479534714253e-08,5.28197821330408e-09,3.44865760181724e-09,1.03210568546653e-08,9.23566647078851e-05,1.91274642253531e-05,9.96433947204783e-06,4.43415259511617e-05,3.89123215792998e-07,3.96702379768943e-05,8.51452271778591e-05,0.000124820747132967,31.7817661631485,68.2140021859965,15.3239462707087,0.203737190542842,11.8401036072568,0,4.22202957448302,0.191949520157056,0.00423165085502764,0.190209233399754,59.2045355127121,0.37067329632766,5.90869048311475,0.723084103382679,1.8168095570596,1.06360855904385e-06,3.31575312875844e-09,3.3803358512655e-07,7.2552996571662e-07
5,"Btoko Lake","Btoko Lake","JK080L-6","EJK075",12.33,94,0.797,6.98,20.7,79,107.2261072,13,2,325,2.671,0.402680897,55.82175966,0.703272727,7.813584563,0.024676697,-0.416371665900196,-0.324217546305605,364.6348728,16.97245404,"Btoko","Btoko",12.33,12.33,0.409174704185698,0.578437542491483,0.723225158811155,0.170633081179174,53435.7482187156,0.00033096382928618,0.00011947591085895,0.0002174354893586,0.00021697750337794,24.3714925802932,4.81591853161048e-06,0.00022634817098569,12.5073642274232,0.00058550023689532,0.00080854794618878,0.00162693623249345,163.453382789239,0.00247510893132381,0.00154846716393165,217.699608209892,0.00010567501235076,5.7176522182506,0.00455591396997245,246.502281259329,"Btoko","Btoko",12.33,107226.1072,51.35,53613.0536,25.9723964868256,105998.316472508,0.000105998316472508,1.1800007994814,8.98290208948109e-05,0.00993683448295721,6.98830468457695e-05,3.67557630519251e-05,5.19604780908105e-05,2.97301567363749e-08,1.07324040929752e-08,4.32609246403745e-10,2.03326345809758e-08,2.2233661190882e-07,1.39097289223745e-07,5.25949130139864e-08,7.26310703526483e-08,1.46146088823179e-07,9.49268289251582e-09,4.09253291203616e-07,5,0.00323514278696242,0.00204193799036194,0.000917015416184091,0.00429064623742603,0.00460299844616728,0.00289453940224883,0.00125354437946029,0.00604585552253986,3.54412321645604e-06,2.41261854052464e-06,1.38675046022845e-06,4.13555792218675e-06,1.25151105744585e-06,8.53269319965465e-07,4.96183013009127e-07,1.47334347024032e-06,3.98119752849266e-07,1.18686491853537e-07,5.85546252954224e-08,2.32944389892778e-07,1.92801108204184e-05,5.6411099033053e-06,2.82947348519907e-06,1.12728528799824e-05,3.1267792554543e-05,7.48210273609194e-06,3.75924997616375e-06,1.48926129806668e-05,1.84321259910545e-05,4.64523965957619e-06,2.33657314832608e-06,9.43633713732751e-06,0.000291358403321878,7.30329866900945e-05,4.2712559058577e-05,0.000160104349462627,0.000614150160775879,0.000151655579393631,8.63736423409978e-05,0.000333666249949469,9.03991875624016e-05,2.32978898760092e-05,1.27419290458909e-05,4.74505007375338e-05,5.26569667282273e-08,2.53906365009822e-08,1.68547486173848e-08,4.98063953240191e-08,0.00514120407484718,0.0010513689681579,0.00054646491198083,0.00243207281914037,1.07231719124589e-06,0.00312661825616432,0.0031303675872154,0.00625701123401622,49.9698360643253,50.0297581407105,16.8030538676699,0.0385586416627869,32.6343986608327,0.0018968559814676,0.119579499800408,0.372348538378041,0.000405794964262586,0.0136370111552089,46.2607352614723,0.0901566209860297,0.0742405516921938,1.16721840442048,2.42377029098423,6.21748849904231e-05,1.065543844264e-08,3.10686881028972e-05,3.11059445849736e-05
5,"Btoko Lake","Btoko Lake","JK080L-4","EJK073",13.32,108,0.319,4.01,29.7,85,136.8033164,13,2,325,5.054,0.426063267,45.82376369,0.3573,3.974973207,0.021912905,-0.280054915196018,-0.44435510581631,356.6766776,17.19273094,"Btoko","Btoko",13.32,13.32,0.386159274456121,0.510144559125515,0.733718184428099,0.103830389162223,104344.10709024,0.00393735624819014,0.00255475545743837,0.00234819976731727,0.00406440389138489,755.785676322449,0,0.00125436134969832,146.02773088648,0.00049507693160155,0.0320176802486579,0.033467200576265,7681.12276218355,0.00558080375182254,0.00630327177973202,1383.49653708146,0.00043785610230962,50.973456006477,0.0176478039726491,2054.48674727992,"Btoko","Btoko",13.32,136803.3164,55.25,68401.6582,93.1034482758621,40591.3173522037,4.05913173522037e-05,2.7380669831074,1.48248080133296e-05,0.00933628389376063,3.33585423524068e-05,5.72473710637864e-06,7.56279514808042e-06,5.83705504595025e-08,3.78737591775298e-08,0,1.85956661886186e-08,8.27343441808386e-08,9.34447939903654e-08,7.33942046282128e-09,4.74655962718528e-07,4.96144823286721e-07,6.49113265420491e-09,2.61625305751398e-07,5,0.000495630072704665,0.000310566890988775,0.000140444666203716,0.000652918586922112,0.000666931836005543,0.000412991759202302,0.000187293857965429,0.000876347289100907,6.85407963571964e-06,4.65791583013952e-06,2.71424804970823e-06,8.26567592547149e-06,4.40382566836305e-06,3.01475270145854e-06,1.75104744441152e-06,5.24360805766241e-06,0,0,0,0,1.64042469221835e-05,5.06534814512075e-06,2.5650022005583e-06,1.01481385226722e-05,1.09237116728324e-05,2.793273872006e-06,1.43194154777838e-06,5.58682263113185e-06,1.15881141316226e-05,3.13725762478819e-06,1.63971531706877e-06,6.24042896588033e-06,0.00202664848567606,0.000480343553414122,0.000278476631466266,0.00106557835305601,0.00197690864034279,0.000513902334768265,0.000293267734351056,0.00114738243736915,1.23066730393197e-05,3.24256983558998e-06,1.76067116720475e-06,6.40570693052736e-06,3.51766940488418e-08,1.75456905766898e-08,1.14051449140276e-08,3.41763363255342e-08,0.00324461222600447,0.000667614624523349,0.0003437507158733,0.00156927600787037,1.4410314492335e-06,0.000988875275049859,0.00141845500585606,0.00240734782659649,41.0773742009658,58.921896960003,27.7323707503964,0.193487446171203,12.9007901374956,0,0.116031170948617,0.134694695954025,0.000728839031187939,0.125231288480684,17.1554668851568,0.210411976580972,0.130320080468955,19.9532260401785,21.3472406891371,2.24756827401325e-05,1.34538787098812e-08,9.23242030338611e-06,1.3243098625198e-05
5,"Btoko Lake","Btoko Lake","JK080L-3","EJK072",14.2,120,0.895,11.9,9.94,82,48.85721307,13,2,325,3.775,0.409552894,48.41516972,0.09,1,0.038023029,-0.291621468122993,-0.521667745760527,323.8969004,17.20702254,"Btoko","Btoko",14.2,14.2,0.140232025902778,0.853876764385234,0.94199803877266,0.0352193238237138,750144.552063431,0.00020767374773672,0.00012404336218872,0.00014329112038689,0.00018260760981408,250.310413978645,0,5.46579328854434e-05,41.2443295760268,4.14920125446934e-05,0.00199226491484129,0.0018369940241467,2920.82996051705,0.00063041840390052,0.00024895503848301,663.566405888194,1.05007851356271e-05,7.92378745549283,0.00074420949012495,561.573039153389,"Btoko","Btoko",14.2,48857.21307,53.3,24428.606535,11.1061452513966,117236.421714524,0.000117236421714524,1.94732734307,6.02037567703943e-05,0.0155724415655959,1.40151974090363e-05,8.44249477887048e-06,5.14065890349399e-05,1.25027397963377e-08,7.46787640619162e-09,0,3.29061289700777e-09,3.79535562520071e-08,1.49880285835953e-08,2.49797503115487e-09,1.19941832355295e-07,1.10593941418396e-07,6.32186714203466e-10,4.48042071297016e-08,5,0.000773830291281547,0.000488497604255205,0.000215327176040337,0.00101890003957261,0.00466586169493922,0.00292512232526207,0.00133291098410849,0.00612981538112713,1.46144454280355e-06,1.0131902505265e-06,5.75236230156072e-07,1.74292659208371e-06,8.79675716263824e-07,6.05073016799697e-07,3.514456415056e-07,1.04306955716837e-06,0,0,0,0,2.79459663794582e-06,8.93472527145314e-07,4.3637362427461e-07,1.77661010474115e-06,5.33898074475862e-06,1.26963299621487e-06,6.46357175733711e-07,2.58564778252055e-06,1.83373634744432e-06,5.03340994024683e-07,2.54587794511005e-07,9.89267271476911e-07,0.000497238259845369,0.000125177939102042,7.15177290580779e-05,0.000277317437833611,0.00044298729034085,0.00011267368970476,6.57930310103204e-05,0.000244317233526315,3.75974154609833e-06,1.09128731746036e-06,5.83962408252746e-07,2.23682552851196e-06,3.50400527417772e-09,1.70984591569317e-09,1.11055337847238e-09,3.28625828615012e-09,0.000562469653033324,0.000112011023378416,5.77509772160784e-05,0.000263908590023176,3.34702340381361e-07,0.000603882738197823,0.00316497584060684,0.00376886028865058,16.0229536769069,83.9770009553749,2.97201314985654,0.0268832000373585,12.9614145084192,0,0.0336874518813606,0.0289553667124947,4.53677182155611e-05,0.0160545356011682,77.6129148132841,0.0237067033191941,0.0133552574379164,3.32137382430966,2.98959582142278,5.86903566139061e-05,5.21213263745694e-09,9.40392865305765e-06,4.92864013343728e-05
5,"Btoko Lake","Btoko Lake","JK080L-2","EJK071",15.12,132,0.281,3.82,6.11,77,31.22923588,13,2,325,3.776,0.44429929,51.00657574,0.09,1,0.038322378,-0.210802889681364,-0.552185838797706,363.6424819,17.22698602,"Btoko","Btoko",15.12,15.12,0.234348224839048,0.644911649479747,0.626063237701482,0.206255297822711,65656.0933351331,0.0018713562175832,0.00083096693499989,0.00104909310487948,0.00162724364725318,201.787874449685,4.39886370102882e-06,0.00083138523949444,62.4096705538126,0.00023424315756638,0.0616272452724657,0.0391824918111046,7545.15609256616,0.00200091617451314,0.00946418745317163,856.122218086477,6.27178935513735e-05,4.68327054726816,0.00463021666305357,345.747538663536,"Btoko","Btoko",15.12,31229.23588,50.05,15614.61794,21.7437722419929,35941.8604646575,3.59418604646575e-05,1.8499917000576,1.94281198469909e-05,0.0170266053365116,1.53239448028605e-05,4.55294539810259e-06,1.25294208168131e-05,3.6356932871618e-08,1.61441252020645e-08,8.54616511741658e-11,1.61522520719172e-08,3.88740392422238e-08,1.83871368094606e-07,4.5509041385372e-09,1.19730150699337e-06,7.61242146809879e-07,1.2184907524669e-09,8.9956404247339e-08,5,0.000404018721073684,0.000250426914707851,0.000113053296132553,0.000525560751630707,0.00112446494090217,0.000707762851436698,0.000314859770811098,0.00145766988640869,4.20638210900682e-06,2.87256906095149e-06,1.61260630767527e-06,5.00835373371572e-06,1.91814724203822e-06,1.29726173314443e-06,7.4267562856195e-07,2.29195924762107e-06,7.82951062602426e-08,2.35534907682876e-08,1.18169971231216e-08,4.75995387851059e-08,1.44693936410676e-05,4.39938966365382e-06,2.21253294220948e-06,8.71665047091832e-06,4.72773288803177e-06,1.30190500136791e-06,6.66892993386594e-07,2.60973345294968e-06,2.24733691460334e-05,6.25828802434637e-06,3.12169695808994e-06,1.23518730012465e-05,0.00471756095706438,0.00121850124927088,0.000706923039630169,0.00262051999491302,0.00359416733435174,0.000776837060037217,0.000449414995203811,0.00173948930648001,7.05845137635332e-06,2.01554973012639e-06,1.07069617164436e-06,4.11395536723637e-06,6.72989726275231e-09,3.27584097889214e-09,2.1424739151789e-09,6.38842995506005e-09,0.00106006717822659,0.000222588341534627,0.000117343413573346,0.000530029216083101,2.29325257400151e-06,0.000479228833525691,0.00271505610016594,0.00319428820953261,15.0026798488484,84.9972175980704,6.9683236744375,0.0899282992805399,7.83983467617322,0.000737362730701557,0.040757280369463,0.0630985558570279,0.00010255308112512,0.0406119187765542,22.1571381481653,0.137726760238004,0.195921207287118,38.1462526028349,24.3195669607685,5.43878846747841e-05,3.90463065144631e-08,8.15964021431878e-06,4.62281886840139e-05
5,"Btoko Lake","Btoko Lake","JK080L-1","EJK070",16.03,144,0.246,5.52,16,82,69.73196775,13,2,325,3.545,0.432372648,53.59798176,0.4722,5.247862327,0.038061246,-0.227850041188699,-0.525175318002592,343.2810787,17.48511436,"Btoko","Btoko",16.03,16.03,0.10914131986328,0.83522141479199,0.725581913382257,0.160031985708234,63056.0441556671,0.00122191402331903,0.00030283040872219,0.00054393695163274,0.00095946178189512,101.808710471824,4.68518732823589e-06,0.0004310372341977,29.0936218077084,6.82090256085613e-05,0.0310578429937649,0.0171686940317145,3224.6884885772,0.00165703120143995,0.00241899014725444,272.160021473673,3.97660619384819e-05,2.65521972169438,0.00126626502944109,84.5497822808109,"Btoko","Btoko",16.03,69731.96775,53.3,34865.983875,65.0406504065041,28572.2379607641,2.85722379607641e-05,1.644951546608,1.73696532397455e-05,0.0164566417191994,7.77082621980596e-05,1.89574688015332e-06,1.45075063533465e-05,2.12242228738339e-08,5.26005918995485e-09,8.13800792547072e-11,7.48696729143303e-09,2.87820573764509e-08,4.20170200481706e-08,1.18476712264163e-09,5.39463963176157e-07,2.9821426191017e-07,6.90722706581674e-10,2.19945844710079e-08,5,0.000168932678268465,0.000106253559903924,4.80126366641704e-05,0.000222154440770466,0.00130962137958685,0.000827225655800036,0.000374847264046386,0.00172787781929556,2.47513100847057e-06,1.66171263519854e-06,9.58767853966543e-07,2.91001856245255e-06,6.12255229829269e-07,4.21391247845968e-07,2.39780055350021e-07,7.31612920004105e-07,7.37095645615367e-08,2.23597543369165e-08,1.12523814395243e-08,4.44115676650976e-08,6.68811292672504e-06,2.07101022416919e-06,1.00309201385592e-06,4.08772452203117e-06,3.82758874736305e-06,9.63862565804031e-07,4.84767576238503e-07,1.9318053564574e-06,5.32927166576545e-06,1.39649751578337e-06,7.12043883633362e-07,2.79418537041646e-06,0.00215206286748519,0.000554484420644925,0.000322466996997272,0.00121972014967949,0.00118404181367398,0.000306683873228636,0.000176985671425922,0.000652159191673514,2.10696106795608e-06,5.3187050710478e-07,2.83910563975426e-07,1.07981990328695e-06,3.67628372715095e-09,1.86815913601877e-09,1.23195402649461e-09,3.53537707445632e-09,0.00026438483192365,5.60072526261772e-05,2.87017866344801e-05,0.000132389604173803,9.39915724181866e-07,0.000165440617992545,0.0016922828486614,0.00185772533481308,8.90554781658247,91.0943516217736,3.01482956477054,0.089448779324837,5.71955164268754,0.00120360926978295,0.0518840190065564,0.0286302015232137,0.000100561643909902,0.0226831835659047,44.5289537854782,0.111480970052959,0.0751724428586685,29.8474919975572,16.5085692422607,3.05719202476986e-05,1.54678563191028e-08,2.72259697610626e-06,2.78492925279668e-05
5,"Btoko Lake","Btoko Lake","JK079L-14 WDH","EJK069",16.91,154,0.145,8.12,56.4,84,251.5050167,13,2,325,3.145,0.428151997,54.09323647,0.2538,2.820512426,0.011571355,-0.121957418868838,-0.604423285693589,349.9992771,17.00970799,"Btoko","Btoko",16.91,16.91,0.220468179130665,0.56423710411751,0.556156197888046,0.161834445793753,79334.4888416737,0.00211719310045678,0.00105217809629779,0.00095223157582505,0.00218110919907417,320.426597363083,1.67567286156126e-05,0.00048873791795536,51.1060142629728,0.00024102186931607,0.153923901193443,0.0485560824062118,20495.2963739184,0.00155873831784751,0.00364972874422831,526.581228442927,8.98657149459522e-05,9.08551364675071,0.00360051266250717,364.015430692137,"Btoko","Btoko",16.91,251505.0167,54.6,125752.50835,388.965517241379,17652.1739114707,1.76521739114707e-05,1.4437677130185,1.22264639611348e-05,0.00495429875124593,1.25740102306622e-05,2.69554624671809e-06,6.89862461902782e-06,2.58857851414981e-08,1.28644175750804e-08,2.04875538525304e-10,5.97553654032128e-09,1.90578578680025e-08,4.46232769592253e-08,2.94684519903828e-09,1.88194503069891e-06,5.93669191633442e-07,1.0987399251283e-09,4.40215383097535e-08,5,0.000240559269616581,0.000153064104472814,7.04862346229344e-05,0.000314530900371154,0.000617288400715207,0.0003825054264273,0.000171504470461051,0.000821965603293292,3.03272555865659e-06,2.07430870017948e-06,1.17958597305734e-06,3.62478613591053e-06,1.50470749864584e-06,1.02476509396129e-06,5.98079002329291e-07,1.792874271011e-06,1.83076190752851e-07,5.59163325876068e-08,2.79022781784675e-08,1.1483122247048e-07,4.83156054205551e-06,1.6438726064773e-06,8.26851946171142e-07,3.22403620500068e-06,2.24056091292818e-06,6.27069929489098e-07,3.18874324490778e-07,1.23990011907762e-06,5.43952366396074e-06,1.51887899893013e-06,7.70361878747749e-07,3.01551784987685e-06,0.00822492240381211,0.00194056976063062,0.00110530735890169,0.00436597201013689,0.00256376444398944,0.000606862244585542,0.000353832654854212,0.00132424141224768,4.77026368023707e-06,1.31314571200082e-06,7.11679016200828e-07,2.64012481961608e-06,5.97438132556486e-09,2.96058791004223e-09,1.93884764975483e-09,5.67804665362195e-09,0.000534664068978168,0.000112638320903678,5.68846430885379e-05,0.000259224753955928,2.59354289267235e-06,0.000269772866050749,0.00293412494834283,0.00320390077498149,8.42013798171723,91.5797696125525,3.51566196379253,0.0647432253950332,4.77742961542553,0.00174525793758172,0.0195720770875846,0.0409858420789703,9.24057303260065e-05,0.031984919819098,11.9387413434959,0.0513084743233599,0.0474071797351124,60.5689719164861,18.9413557786929,1.58730816086067e-05,1.28491863144694e-08,1.33653537339526e-06,1.45365315675744e-05
5,"Btoko Lake","Btoko Lake","JK079L-13 WDH","EJK068",17.91,164,0.15,3.94,84.1,81,355.4522401,13,2,325,4.196,0.428584292,53.87524105,0.503,5.59063993,0.011473332,-0.142548384501461,-0.584786515682728,344.9489843,16.71800001,"Btoko","Btoko",17.91,17.91,0.125746309185225,0.365405964527713,0.351994361547296,0.0472018670857951,63939.1852964977,0.00241331758602282,0.00096300596983361,0.00113742763955876,0.00219628506416586,439.536553148503,2.16928953742979e-05,0.00151540369114738,200.102307826565,0.00028802264978228,0.374338785777062,0.11654728214087,63942.0254582862,0.00241750436740194,0.00699283232616777,1225.05645144229,0.00015404021705787,20.0532635370278,0.00319583866634228,416.040669261771,"Btoko","Btoko",17.91,355452.2401,52.65,177726.12005,560.666666666667,16689.5604410806,1.66895604410806e-05,1.935394885542,8.62333602602588e-06,0.00491728987210094,2.47339680566677e-05,1.08435267813674e-06,3.15101841803656e-06,2.08108484817924e-08,8.30432407294416e-09,1.87065126189993e-10,1.30678352438438e-08,2.08469525044921e-08,6.03015429222009e-08,2.48371609217897e-09,3.22804913733012e-06,1.00502637682077e-06,1.32834055321198e-09,2.75587907048359e-08,5,9.60498138225907e-05,6.12509115820445e-05,2.7022221410719e-05,0.000126603033201597,0.000283570889081387,0.000176482389823384,7.93971476920397e-05,0.000374231242966658,2.40512569396817e-06,1.64562590324307e-06,9.49408829624817e-07,2.90220383564386e-06,9.72450574057849e-07,6.63731868943819e-07,3.79587672765239e-07,1.16440196345757e-06,1.79364874648742e-07,5.14755240104896e-08,2.5619419115393e-08,1.03677912979159e-07,1.14001445003899e-05,3.59101949724507e-06,1.77863977642345e-06,7.05001161067513e-06,2.36929616795167e-06,6.88927088062981e-07,3.44758146591972e-07,1.37889707875833e-06,6.90908216228017e-06,1.99121540766353e-06,1.00283090331051e-06,3.96550952413633e-06,0.0126886367616514,0.0032567234608157,0.00188285654191197,0.00700106434744212,0.00415427407109446,0.00103295300457223,0.000594111662450103,0.00227085575960229,4.7740247345091e-06,1.1021173235284e-06,6.0109080166094e-07,2.24751739494172e-06,7.21214453308733e-09,3.57090180324837e-09,2.35495839304056e-09,6.77574415821751e-09,0.000299868833578188,6.95885641020717e-05,3.59949293355627e-05,0.000165424558784181,4.35884975729784e-06,0.000134327621522961,0.00447240482198517,0.00460673601440994,2.91589579048555,97.0840266947232,1.51058284834203,0.0357221663688895,1.32959456305833,0.00111739686948576,0.014954776785733,0.0239240390610827,7.75147912117938e-05,0.0144078555156548,3.83096381627567,0.0779514929010976,0.0432239963704232,70.6948140859086,22.4226654477518,2.26526563471006e-05,2.14337277655703e-08,6.60527852858265e-07,2.19921109350831e-05
5,"Btoko Lake","Btoko Lake","JK079L-12 WDH","EJK067",19.32,178,0.401,7.08,45.6,82,188.5856079,13,2,325,3.927,0.449186576,55.74407652,0.741,8.231153091,0.01152193,-0.128019492741927,-0.586159687703506,372.1371971,16.5635685,"Btoko","Btoko",19.32,19.32,0.329868377191873,0.346681486078462,0.412170388250786,0.0462076263029252,88184.8919279718,0.00188650100287106,0.00126667473707878,0.00102893134032105,0.00209171690725947,411.000691823762,1.10368417954571e-05,0.0008719105018411,115.087771506308,0.00014350502456703,0.236713766362218,0.0719744548370414,40254.6713546447,0.00260062540759398,0.00534662739076774,1035.88466600246,8.57512646494772e-05,11.1772485907361,0.00254928335924039,332.286339460189,"Btoko","Btoko",19.32,188585.6079,53.3,94292.80395,113.715710723192,44196.2365496609,4.41962365496609e-05,1.7379301150596,2.54303876586805e-05,0.00517549628561168,3.83504274763825e-05,8.38868070832918e-06,8.81624458506274e-06,4.79744518215006e-08,3.22120296013706e-08,2.80671165386002e-10,2.21730220654938e-08,6.61349122701289e-08,1.35966807213743e-07,3.64938840570804e-09,6.01972284273753e-06,1.83033828802816e-06,2.18068790225831e-09,6.48292640773064e-08,5,0.000750919777217094,0.000469388067477602,0.000213360357575076,0.00100484219288686,0.000779952846744831,0.000490975834085039,0.000221531854590968,0.00101259946053167,5.52967960829767e-06,3.78991367036632e-06,2.15863082782867e-06,6.52382751075591e-06,3.81078418255011e-06,2.5903254283498e-06,1.51167000286918e-06,4.52108871868832e-06,2.38155689706996e-07,7.58837081308639e-08,3.71756618930287e-08,1.53516376727255e-07,2.00439005944835e-05,6.06935720485931e-06,3.05485762393291e-06,1.22440521791724e-05,8.31219886175042e-06,2.22304902390024e-06,1.12594015067222e-06,4.52783050815392e-06,1.6222133584985e-05,4.60017057502069e-06,2.31707375089327e-06,9.31066365622969e-06,0.0256965895219181,0.00609162160751337,0.00356421487637852,0.0133327177489273,0.00753676600991942,0.00186214634433823,0.00109049102951444,0.00419447048118719,6.41559300649544e-06,1.59442625371119e-06,8.60789083492167e-07,3.10976408173421e-06,1.18180404254043e-08,5.7649730453554e-09,3.81158522496232e-09,1.13256178586924e-08,0.000791947374944674,0.00016470185999401,8.33665972051772e-05,0.000386131573064106,8.14527588386571e-06,0.000641773200127721,0.00845800363914487,0.00909978260424564,7.05262123326212,92.9473154138723,1.80995378853519,0.0416483979364307,5.15823385998917,0.000833906824273574,0.0244296937694209,0.017521586207645,6.33528656241267e-05,0.0284657946349317,5.39546773189908,0.0666978264077162,0.050552532682203,66.9424960182151,20.4636355100332,4.70958910681471e-05,4.21558450822294e-08,3.32149481346614e-06,4.37743664180843e-05
5,"Btoko Lake","Btoko Lake","JK079L-11 WDH","EJK066",20.5,190,0.309,5.63,65.5,84,276.0800843,13,2,325,3.656,0.452729462,55.09874906,0.70125,7.791248461,0.016405035,-0.109629454727923,-0.59665052911634,356.8807901,17.12200035,"Btoko","Btoko",20.5,20.5,0.240321755138782,0.289738437414445,0.444090128566209,0.02355073071535,129121.602785581,0.00179059740563431,0.00090946700305646,0.00101543878618207,0.00164580494671263,657.730289828256,1.77992346764566e-05,0.00109999270300502,272.291880435331,0.00013223128820498,0.336178920353989,0.0918020752549185,104287.525845683,0.00971428316202511,0.0248390531484693,8417.12361856381,0.00010146946230409,24.7177580783529,0.00335391843048989,817.007821830476,"Btoko","Btoko",20.5,276080.0843,54.6,138040.04215,211.974110032362,35556.1643836566,3.55561643836566e-05,1.6415897343664,2.1659592308172e-05,0.00742704266964117,5.20821367208587e-05,5.20527123909037e-06,6.2756164304037e-06,3.87836097941097e-08,1.9698684503938e-08,3.85524166489528e-10,2.38253934890529e-08,2.10407412855604e-07,5.38003764516862e-07,2.86407579290426e-09,7.28149835746884e-06,1.98839552306566e-06,2.19778718523602e-09,7.26445058392752e-08,5,0.000451852628619932,0.000287905799486109,0.000133055083204023,0.000586030304443977,0.000562742726112746,0.000351278872061217,0.000160810560442833,0.000745724369759237,4.615129015359e-06,3.09605567641554e-06,1.79681799640758e-06,5.56187722165756e-06,2.26112291775168e-06,1.54720515521266e-06,8.87614375276133e-07,2.68530733158681e-06,3.23660238194809e-07,1.03236470588333e-07,5.19418792198616e-08,2.08892421912459e-07,2.19341483160673e-05,6.54214117392218e-06,3.27774749458549e-06,1.33925629639797e-05,2.59641701122429e-05,7.0948589491081e-06,3.6161027161962e-06,1.39206795250301e-05,6.27626226220957e-05,1.7986128512196e-05,9.3135923203355e-06,3.53390550736364e-05,0.0305078033505715,0.00727818437449657,0.00426492631657321,0.0162012265168342,0.00829069364684025,0.00208473780121089,0.00118657064935849,0.00461315150522036,5.04827274620726e-06,1.27509596949985e-06,6.66062742076792e-07,2.58936907911802e-06,1.21232634683745e-08,5.83482681647908e-09,3.82422744816553e-09,1.15816037718033e-08,0.000882127845125452,0.000181967211008147,9.43955675892977e-05,0.000432898497032628,1.01202223443799e-05,0.000481442257559868,0.00974027652261001,0.0102217246149967,4.70999049273471,95.289952424659,1.78020067906326,0.0302889756183922,2.81660688709722,0.00100997115923932,0.0694096076380198,0.0124743721585798,5.70826062748607e-05,0.0151364394315877,3.43659103812915,0.0640023227031958,0.175959822727056,71.2030958437137,20.3951669579544,7.59171848729019e-05,7.51633231779657e-08,3.57569218986551e-06,7.23414493475287e-05
5,"Btoko Lake","Btoko Lake","JK079L-10 WDH","EJK065",22.78,214,0.139,3.17,80.2,79,369.4150161,13,2,325,2.7,0.499116928,54.93770022,0.675,7.501138581,0.022007842,-0.113747114164667,-0.602325891298197,384.6276784,16.93363407,"Btoko","Btoko",22.78,22.78,0.0980544716098555,0.330532809693366,0.3138911699288,0.0991725424648393,102396.35889984,0.00184148489085832,0.00092059497420322,0.00089191431602457,0.00182790317091747,659.905073041044,2.63848542424722e-05,0.00100107241096439,245.475979974162,0.00012048733074396,0.448109268434682,0.112683414984515,134011.131102893,0.00075640869262394,0.00335318674899812,981.848104530577,7.98977682357311e-05,19.0888551958079,0.00252051760671141,602.191984525064,"Btoko","Btoko",22.78,369415.0161,51.35,184707.50805,576.978417266187,16438.6227535297,1.64386227535297e-05,1.21668209406,1.35110254632539e-05,0.0109844864909494,7.41452838139083e-05,1.32481646270666e-06,4.46583720820792e-06,2.48803492505841e-08,1.24381821378033e-08,3.56486437514284e-10,1.35255148351008e-08,1.02198571066686e-08,4.53049915487591e-08,1.62790739368114e-09,6.05441573614106e-06,1.52246848914219e-06,1.07950078109012e-09,3.40547775648576e-08,5,0.000119920150934779,7.63474758378069e-05,3.37969107203869e-05,0.000158044810573508,0.000402218080015512,0.000251093701658652,0.000115936258719883,0.000525952373080146,2.92983143820779e-06,2.007143012281e-06,1.14809468240316e-06,3.43542546735611e-06,1.47778883730325e-06,1.00279313169942e-06,5.81035804865636e-07,1.76488161595683e-06,3.25109320452106e-07,9.68757525899611e-08,4.77157283593938e-08,1.9472388188434e-07,1.14022384839022e-05,3.66223622653691e-06,1.83411204481969e-06,7.29941370976687e-06,1.26663474270812e-06,3.44482694343317e-07,1.74328669257593e-07,6.94676020639586e-07,5.39048193709202e-06,1.51621836370932e-06,7.50078227551141e-07,2.98056584358836e-06,0.0260122833350738,0.00615540061051913,0.00353340578331916,0.0135978271432405,0.00632330261658264,0.00151695924553358,0.00088306128211089,0.00340520943792893,2.83503825135011e-06,7.13531330936827e-07,3.78897377857174e-07,1.36660356502936e-06,5.82951759359980e-09,2.92240597779558e-09,1.90599125634015e-09,5.51125595134699e-09,0.000407193170780239,8.50839214372502e-05,4.46343496135597e-05,0.000204515171291279,7.68305326095092e-06,0.000164593430065208,0.00792963480543331,0.0080942311579045,2.03346589508347,97.9664980001165,1.0511674274852,0.0247972039978239,0.943233203356801,0.00119684934492334,0.004255903835992,0.00881530706273469,3.61048000827315e-05,0.0123889855890777,3.10213158927941,0.0452450165444129,0.0187320862739217,76.0467608403798,18.7412394820499,8.89109728086234e-05,8.43943947541598e-08,1.8079743090503e-06,8.71029663984441e-05
5,"Btoko Lake","Btoko Lake","JK079L-9","EJK063",24.19,228,0.536,2.16,58,80,283.2722833,13,2,325,2.827,0.492827206,55.25281953,0.7218,8.01931262,0.019414268,-0.0982038137358133,-0.583194305485188,365.093009,17.27605458,"Btoko","Btoko",24.19,24.19,0.130778263867971,0.5698867316368,0.627973031460153,0.0585756689337598,154733.456277283,0.00062103169695451,0.00048492605322158,0.00036047627031503,0.00072463124131382,244.237497633389,4.29586527740234e-06,0.00047684104579165,106.253313166669,5.8711046774871e-05,0.238899815741699,0.0557061284216045,65073.1531272834,0.00020952291164322,0.00128326252118641,329.663749415229,2.27336746463049e-05,5.02045924154068,0.00156773551642916,346.215575977184,"Btoko","Btoko",24.19,283272.2833,52,141636.14165,108.208955223881,68063.4920701517,6.80634920701517e-05,1.2650027918869,5.3805013322245e-05,0.0095678794549752,6.90609539060111e-05,7.03652622967625e-06,3.06627631878887e-05,3.34146187281738e-08,2.60914527538908e-08,2.31139088481202e-10,2.5656438821413e-08,1.1273383052279e-08,6.90459570483725e-08,3.15894865388488e-09,1.2854007768664e-05,2.99726898185512e-06,1.22318566720802e-09,8.43520303472275e-08,5,0.000620739011395367,0.000391656486661888,0.000176419059650925,0.00081012876546239,0.00274464802135023,0.00174356469328854,0.000791250373523298,0.00360958590763806,3.94381156153137e-06,2.63780760124e-06,1.52311391953341e-06,4.62996986072182e-06,3.07432753265398e-06,2.07560116239503e-06,1.22533582820794e-06,3.60367775752336e-06,2.06906479670069e-07,6.30178850453791e-08,3.15694896872528e-08,1.25594641036323e-07,2.35512491734397e-05,7.12973384973098e-06,3.59127445562864e-06,1.40153750624184e-05,1.31599422536943e-06,3.78923012606582e-07,1.93589358905198e-07,7.55883870450823e-07,8.58389740506792e-06,2.34469594554235e-06,1.16151404705319e-06,4.66276423153882e-06,0.0514751178560212,0.0131839339127953,0.00762839779515793,0.0285200289858674,0.0132530098394362,0.00309863322319872,0.00177951766422394,0.00679237080404125,4.64621872025639e-06,1.37912028857035e-06,7.45942031853328e-07,2.7314082404429e-06,6.65480985143064e-09,3.36151422614494e-09,2.17719972639938e-09,6.4819770973361e-09,0.00096038179399018,0.000214484884880976,0.000110138753405962,0.00050546889650898,1.6046217833198e-05,0.000610600240330326,0.0180376818602402,0.0186482854620847,3.27429694044412,96.7256850336938,1.15015873881308,0.0141450408757584,2.10022785986516,0.000337928573506157,0.00203194558221987,0.00739542673440058,1.80258621253921e-05,0.0111302519827632,9.34973189269069,0.0382326507400746,0.012573252111083,70.697834069521,16.6161829166482,0.000178424547343193,1.53528277936311e-07,5.84214949465945e-06,0.000172582365685971
5,"Btoko Lake","Btoko Lake","JK079L-8","EJK062",25.41,240,0.637,3.57,46.5,84,213.5476464,13,2,325,4.09,0.512501827,56.45387654,0.892,9.915374054,0.023767154,-0.143018451819628,-0.596851511699766,382.9758857,16.84328043,"Btoko","Btoko",25.41,25.41,0.165568115400228,0.619269145432597,0.694370889988384,0.0732817255866816,134014.101636248,0.00116187676670512,0.00048125348442393,0.00049289556544796,0.00112763846216186,280.571062901291,1.21486724158572e-05,0.00038723893325544,68.1970312187978,6.90359775088789e-05,0.163659249294617,0.0456325027624919,35749.1920000632,0.00036362247559316,0.00101212115817969,234.913728441249,9.74776529096064e-05,16.6446991449269,0.00228621198907438,390.379841982407,"Btoko","Btoko",25.41,213547.6464,54.6,106773.8232,72.9984301412873,79862.6865733471,7.98626865733471e-05,1.781036449514,4.48405683079308e-05,0.0121807098475903,0.000108651931840506,7.4241683882193e-06,2.77683804167643e-05,5.20992145228387e-08,2.1579679741741e-08,5.4475337531392e-10,1.73640138381308e-08,1.6305038455134e-08,4.53840879292585e-08,3.09561246519166e-09,7.33857374721995e-06,2.04618735718336e-06,4.37095335378998e-09,1.025150448625e-07,5,0.000657807041244904,0.000411804365666881,0.000184822283455174,0.000847517305040748,0.00248020631142676,0.00155793521526383,0.000697585892844488,0.0032676960983084,6.24044808388837e-06,4.21093147413794e-06,2.46186853031281e-06,7.39399830725459e-06,2.548863943143e-06,1.71430436362932e-06,9.82183391549697e-07,3.04397809650282e-06,5.06638373235129e-07,1.51684561214514e-07,7.55001483442564e-08,3.02939441426437e-07,1.44191259287621e-05,4.72451991038698e-06,2.37603118499518e-06,9.3062520863048e-06,1.90728668203235e-06,5.5053261570592e-07,2.78684681188045e-07,1.09293250714352e-06,5.63204431059644e-06,1.52812199236072e-06,7.74564879509413e-07,3.03665720993999e-06,0.0332972327048754,0.00752241348450461,0.0044531578019273,0.0166684051454712,0.00831415773497857,0.00209626102968726,0.00120738163695481,0.0045887966339951,5.43033720654304e-06,1.38747816214826e-06,7.51300327829564e-07,2.76078699210141e-06,2.42075894273216e-08,1.16915775136318e-08,7.66462108796691e-09,2.26701599529221e-08,0.00130826429930017,0.000251869421800858,0.000134452215361846,0.000605857053013724,9.57434060868263e-06,0.000669974414280945,0.0111845766757221,0.0118545627815805,5.65161639973718,94.3482849751365,2.12466226246833,0.0355216092885419,3.47380475564005,0.00127954580872607,0.00464405668812459,0.0117041698433966,9.86251262830036e-05,0.0144611353047367,13.1420723308711,0.039854020746576,0.0128905807874677,63.4558492211357,17.6831576862911,0.000144396989612476,1.16622264936365e-07,8.16076394566549e-06,0.000136236083255097
5,"Btoko Lake","Btoko Lake","JK079L-7 WDH","EJK061",27.32,264,0.572,3.27,14.8,81,65.99777035,13,2,325,4.878,0.524289805,55.86119614,0.8662,9.625889061,0.017657346,-0.1519979079182,-0.61406530392994,344.9115678,17.10791624,"Btoko","Btoko",27.32,27.32,0.144437523498334,0.309133266104884,0.275384128426298,0.153308447417123,60446.9255596312,0.00266921828057368,0.0009957889337271,0.00120302405745859,0.00239728257558729,488.431846442651,2.90544887188008e-05,0.00090333046743907,124.258010722204,0.00021186042810244,0.41206417563246,0.121927582572183,71192.7820515673,0.00092326214490956,0.0025659493378006,465.0037250893,0.00016288920952447,21.7080820641178,0.00397609890134344,529.890724483138,"Btoko","Btoko",27.32,65997.77035,52.65,32998.885175,25.8741258741259,67147.8260914368,6.71478260914368e-05,2.1530908522908,3.11867128226356e-05,0.00925756649115753,8.01890409464065e-05,4.50453156615522e-06,9.6408503939364e-06,8.32441439771804e-08,3.10553835081056e-08,9.06113995881745e-10,2.81719078719594e-08,2.8793511373305e-08,8.00235251154192e-08,6.60723032971142e-09,1.28509271099456e-05,3.80252050283686e-06,5.07997899934576e-09,1.24001454590595e-07,5,0.000395895121387559,0.000254382725411785,0.000110237571370085,0.000520726301099498,0.000862716727738388,0.000544099664006126,0.000246232028414381,0.00116028794321776,9.82200461834234e-06,6.65741678924972e-06,3.90638526997258e-06,1.15174702340157e-05,3.67399690847455e-06,2.51036340987473e-06,1.41720551622802e-06,4.32886295656393e-06,8.67940810272083e-07,2.45422286361212e-07,1.22745845102089e-07,5.00652154649892e-07,2.34621410164016e-05,7.70194889886431e-06,3.84729387850819e-06,1.5437887968208e-05,4.06268352815827e-06,9.71417743226382e-07,4.9618298273224e-07,1.9293469342623e-06,1.07794660208826e-05,2.69592178296607e-06,1.35758715440291e-06,5.39183102445394e-06,0.0535329668546178,0.0132203605982548,0.00765827703365584,0.0290052410465526,0.0145686253744673,0.00385413354111157,0.00224151202452232,0.0082069702456768,1.19197056132578e-05,2.89952624328373e-06,1.5497417178665e-06,5.81280292053463e-06,2.76002299193944e-08,1.366734633087e-08,8.86573965325208e-09,2.68348581367643e-08,0.00150852535082934,0.000305524180976866,0.000161101428388569,0.000725592324601618,1.69270313350587e-05,0.000570680689450772,0.0176315020374642,0.0182021963942613,3.13522982111486,96.8646950926371,1.67850172780902,0.036574799244275,1.39753862611869,0.00134831138531495,0.00533681607529873,0.0159295404822568,7.50862480265241e-05,0.0137915411717357,2.98919785404397,0.0423132941324189,0.0148109696465863,72.6305788153283,21.1740026183142,0.000168508043404982,1.56703118082213e-07,5.28311442781015e-06,0.000163224802450804
5,"Btoko Lake","Btoko Lake","JK079L-6 WDH","EJK060",28.16,278,0.544,2.93,34.2,84,159.9251812,13,2,325,3.987,0.562707344,55.07780666,0.759,8.433557483,0.018937998,-0.18678273679987,-0.632890869426879,385.9383786,17.28133222,"Btoko","Btoko",28.16,28.16,0.104141570288095,0.348713035086765,0.334031125992601,0.0753064772619387,83662.1712153732,0.00236922491077936,0.00126487885110031,0.0012838513804752,0.00229783774803,671.378865384699,1.86409961811683e-05,0.00100661379378309,189.409670917157,0.00055288161580773,0.388642938095653,0.127132614456734,95388.5802419688,0.00362514710681917,0.00452301635928212,1505.32431138142,0.0001763177027327,32.5736376736512,0.0178331207362679,3294.56205730108,"Btoko","Btoko",28.16,159925.1812,54.6,79962.5906,62.8676470588235,69446.8085098667,6.94468085098667e-05,1.7910478484658,3.87744015713228e-05,0.0106565505552573,8.0883218714403e-05,4.03802706661874e-06,1.3521139255609e-05,9.18652781033404e-08,4.90449205116369e-08,7.22793471618115e-10,3.90308474673783e-08,1.40562909674926e-07,1.75377252628467e-07,2.14376537927307e-08,1.50693973495796e-05,4.92949104575756e-06,6.83661340989083e-09,6.91468584697936e-07,5,0.000358743922368325,0.000225205785872213,0.000102674225235345,0.000469871587742543,0.00119455368269705,0.000751461028635983,0.000336888914680954,0.00154523618033178,1.0862069026482e-05,7.32417587750875e-06,4.23081075553889e-06,1.28425102060236e-05,5.78476850613668e-06,3.97952138336082e-06,2.27166964423642e-06,6.94748099819593e-06,6.78338902761159e-07,1.99720361655557e-07,9.94650211162859e-08,3.96803300045926e-07,3.55411679061546e-05,1.07494550998784e-05,5.36193812569122e-06,2.13718753596504e-05,2.07746532658635e-05,4.74359321587716e-06,2.35275134488597e-06,9.51191750638692e-06,2.20519788923249e-05,5.81723225959123e-06,3.04000015311669e-06,1.14190002046531e-05,0.0604114974028233,0.0155802635276142,0.00896944252838591,0.0332536154351922,0.0198126544482026,0.00505445831610371,0.00288535517489789,0.0108353917847343,3.48239680905253e-05,9.47672824176155e-06,5.07783834882803e-06,1.89562158191123e-05,3.86415369740964e-08,1.81388901623599e-08,1.18369941221413e-08,3.57081322336749e-08,0.00811720540285887,0.00176438714629828,0.000913967026635848,0.00419309799324486,2.10743250504801e-05,0.0020113371498673,0.0214067290810967,0.0234180843698542,8.58882015326783,91.4111023899689,7.53429323437555,0.0312757258955693,0.961674671230229,0.000852846708130638,0.0202561112213924,0.04046756383695,7.74567632257314e-05,0.0169933685459072,3.20889196899184,0.0459023672906229,0.0248407690728098,66.5309052676848,21.5835686483829,0.000249555999994632,2.24579610318367e-07,2.1433916021228e-05,0.000228121890675404
5,"Btoko Lake","Btoko Lake","JK079L-5","EJK059",29.02,292,0.68,3.535,24.7,83,130.1369863,13,2,325,3.743,0.640527682,55.44842258,0.8532,9.476853079,0.016218038,-0.114292300067004,-0.588998032141089,374.5212465,17.41203394,"Btoko","Btoko",29.02,29.02,0.0849799981084841,0.435048182943224,0.407256332745246,0.067168148549269,65162.1312266842,0.00112569862874181,0.00057579011616192,0.0005450962701889,0.00112931682009538,213.205047180162,3.17522648696205e-05,0.00076840480984481,100.263682247092,0.00017886179533145,0.371481278850826,0.0983813224586093,58898.5455343428,0.00097802905483954,0.00352400945156471,564.127935044986,0.0001339754917247,16.787798990564,0.00279269602577873,349.938775510204,"Btoko","Btoko",29.02,130136.9863,53.95,65068.49315,36.3235294117647,96643.835615421,9.66438356154211e-05,1.6675655428306,5.79550447242832e-05,0.0103881022867279,8.86312887103626e-05,4.9250195910467e-06,2.52132368996927e-05,6.52399143747959e-08,3.33699419339643e-08,1.84020393061614e-09,4.45329351209103e-08,5.6681717614874e-08,2.0423412537423e-07,1.03659433478998e-08,2.15292141300335e-05,5.70169394312283e-06,7.76455561486283e-09,1.61850823075334e-07,5,0.000431030870352876,0.000270720176111952,0.000124422536880076,0.000563930573230672,0.00221126129281648,0.00142448956213223,0.000642290625183829,0.00291031275117412,7.69520129904094e-06,5.22999188764805e-06,3.02098168404118e-06,9.02552309635221e-06,3.97666188561537e-06,2.70025033884659e-06,1.5669768129774e-06,4.64441597245655e-06,1.60826897767241e-06,5.04904685399423e-07,2.50526968436159e-07,9.99707165392241e-07,4.07500650759268e-05,1.20158442295577e-05,6.01557478414072e-06,2.34235040448745e-05,7.79684832770352e-06,1.87319676973658e-06,9.32054094744405e-07,3.73064300065127e-06,2.60403918128213e-05,6.96330228618496e-06,3.49365707372919e-06,1.4096772715243e-05,0.0886677937208366,0.021897256077922,0.0127591272366973,0.0480981013067383,0.0234146453673168,0.00566790992814499,0.00333349435770245,0.0125167593727319,1.73354335824704e-05,4.62711990818991e-06,2.47444860873247e-06,9.16928296040174e-06,4.38520285163639e-08,2.09826647872847e-08,1.3781513434743e-08,4.09489632774564e-08,0.00202146165793289,0.000399776902220075,0.000211718855703686,0.000943539240020283,2.77181783772351e-05,0.000682732291583001,0.0290113349650538,0.0296940882393016,2.29921958229844,97.7007097549332,1.34631815935318,0.0176129061296649,0.911697217069762,0.0017003542298738,0.00630831549580064,0.015582630020159,7.06627683537127e-05,0.0090935620487336,4.79721603388667,0.0404654425915462,0.0234501299722303,73.7428133891644,19.0876711972696,0.000308465225940989,2.87939272184488e-07,7.09229287941636e-06,0.000301372715091505
5,"Btoko Lake","Btoko Lake","JK079L-4","EJK058",29.72,304,0.556,2.705,18.85,83,93.5483871,13,2,325,3.979,0.658724384,55.21721148,0.9184,10.20535191,0.031615797,-0.127320743130589,-0.574998869710727,385.9698245,17.78294343,"Btoko","Btoko",29.72,29.72,0.0769645596985747,0.244236490660848,0.221312492846859,0.0663006848120139,43491.9070228673,0.00265388521321233,0.00138093629294104,0.00131849718411817,0.00266246735784638,546.33097121919,2.14709697370882e-05,0.00124263237353398,171.164649092276,0.00023457184641632,0.525151029229042,0.139585285274533,90039.7178953342,0.00093238020293874,0.0038677761040533,649.96036459195,0.00013009218872498,17.6150027221177,0.00359888994544474,487.304094172999,"Btoko","Btoko",29.72,93548.3871,53.95,46774.19355,33.9028776978417,74432.2580670828,7.44322580670828e-05,1.7819071552108,4.17711202569796e-05,0.020826096403494,0.000191266869369689,3.21489587869465e-06,1.0202031822537e-05,1.10855758389312e-07,5.76832559596678e-08,8.96866458921881e-10,5.19061463101039e-08,3.89465655821812e-08,1.61561340769483e-07,9.79832880555786e-09,2.19361467950029e-05,5.83063373730732e-06,5.43409645972483e-09,1.50329664702807e-07,5,0.000285732409126194,0.000179587194761375,8.00591527745731e-05,0.00037704430973385,0.000922864897498217,0.000586075834450828,0.000265208312023083,0.00121573294261325,1.30804355733845e-05,8.9088585493015e-06,5.07124054111099e-06,1.54968826499392e-05,6.79649063797932e-06,4.60969401612324e-06,2.6626360329707e-06,8.08375854793153e-06,7.79077738096998e-07,2.49230995167476e-07,1.22393890109757e-07,4.87226673282959e-07,4.64950661773069e-05,1.40543392144676e-05,7.21304695533841e-06,2.80612737879836e-05,4.89104632538113e-06,1.29361031433963e-06,6.59733596566329e-07,2.60754605889979e-06,2.17853900780202e-05,5.43727594653514e-06,2.76759812466237e-06,1.0917740778261e-05,0.100501721628827,0.0226691981832898,0.013025140770752,0.050279452150723,0.0246577673411058,0.00598650594219479,0.00348496049835599,0.0134702549735451,1.48841302139127e-05,4.38423284894261e-06,2.37342487977483e-06,8.82508472495704e-06,3.00052395798415e-08,1.4628875575187e-08,9.6631437561419e-09,2.82925898355663e-08,0.00170322110426737,0.000374185661958065,0.000195959176152759,0.000895826896531986,2.8185653541399e-05,0.000568608789427191,0.0292658812691125,0.0298345046874153,1.90587641854514,98.094074548043,1.2542043713429,0.0298609232586302,0.601944616285614,0.000835378357303872,0.00433595371497921,0.0146951755857102,4.90334119116706e-05,0.0154508816701344,1.96442287408929,0.0471076673191628,0.0182247904012587,75.9831558150588,20.0657125195043,0.000621336270770605,5.8699713784866e-07,1.18419014644847e-05,0.000609494064643748
5,"Btoko Lake","Btoko Lake","JK079L-3","EJK057",31.24,330,0.799,5.15,25.5,85,130.3347815,13,2,325,3.983,0.692548069,54.86925777,0.729,8.097163174,0.034860704,-0.20827022259699,-0.605008032691373,369.8918713,17.26361234,"Btoko","Btoko",31.24,31.24,0.185427449100882,0.306043379368564,0.358488897219984,0.0827794703905889,66377.5586222548,0.00225117515253904,0.00088231090406594,0.00176025057282665,0.0012755947858823,423.205493319012,6.86969105706596e-06,0.0005633146666794,77.0085291715306,0.00025585784513949,0.393681302296481,0.105124142260569,67402.7204411373,0.00079881209768888,0.00177909530886548,348.169596421826,7.07815064776314e-05,9.55967948336241,0.00311550980099162,420.777638212127,"Btoko","Btoko",31.24,130334.7815,55.25,65167.39075,31.9148936170213,112815.614620042,0.000112815614620042,1.7975574630209,6.27605052638754e-05,0.0241427132391806,0.000176000379513626,1.16375203953629e-05,1.9207437121835e-05,1.41284890010832e-07,5.53742781390051e-08,4.31145281748186e-10,3.53539131033507e-08,5.01338508618503e-08,1.11656920496988e-07,1.60577676366808e-08,2.47076374450676e-05,6.59764428370483e-06,4.44228310987442e-09,1.9553096926479e-07,5,0.00103748528489135,0.000649822521968632,0.000284956602543575,0.00137834028384977,0.00169533439708868,0.00107370395257637,0.000491394813986496,0.00221350725303673,1.65722746875763e-05,1.12968942963209e-05,6.4946842877549e-06,1.95399498629576e-05,6.46631959222573e-06,4.41417597569823e-06,2.56669592655005e-06,7.65254245351231e-06,3.51971289498546e-07,1.16535578830916e-07,5.8301757390457e-08,2.30242565117202e-07,3.11224150016107e-05,9.54929272406699e-06,4.6485604010975e-06,1.91686267572993e-05,6.08464216319489e-06,1.67589130734403e-06,8.51726318085474e-07,3.36491973681922e-06,1.34795805076593e-05,3.75365741872137e-06,1.86391359877445e-06,7.41421261259807e-06,0.102845653896582,0.0252777040769897,0.0145977384578532,0.0560609381046374,0.0286496127534116,0.00660629902540162,0.00385674622126646,0.0144563700708821,2.2724677298666e-05,7.10113404578669e-06,3.75439754467194e-06,1.38618547598783e-05,2.41509659304239e-08,1.1831347630278e-08,7.80035012603587e-09,2.28316519447027e-08,0.0023280234191379,0.000502364972111364,0.000256007985734887,0.00116240682266879,3.17188885785277e-05,0.00117237794930828,0.0329754241810862,0.0341478139617421,3.43324451346071,96.5667208390868,1.47114826347067,0.0330823352527853,1.90296960940653,0.00034126805001772,0.00490775576211596,0.0207952815185843,3.4647452523706e-05,0.012926672204094,3.14428312681833,0.0279645799135654,0.0109923798428995,74.0243697746212,19.3461843056867,0.000824420880223225,7.65780031216915e-07,2.83043846380883e-05,0.000796116209944304
5,"Btoko Lake","Btoko Lake","JK079L-2","EJK056",32.76,354,0.655,4.12,37.5,82,209.0301003,13,2,325,4.534,0.692940525,52.28500024,0.438,4.867941324,0.038330687,-0.123950911732573,-0.602460417876371,422.08611,17.08996621,"Btoko","Btoko",32.76,32.76,0.245634030267232,0.32845790859597,0.440123140134185,0.078911464101595,88568.6079600594,0.00102738889411876,0.00039271328577099,0.0007137429741841,0.0006614864412687,219.087683904672,1.51077718222579e-05,0.00059826776416141,94.6291241894166,0.00020873205379069,0.336741913471608,0.0825648988752147,64721.1801279491,0.00040018150181487,0.00178756571506048,337.516889630662,0.00028591280852357,44.1094844477831,0.00188537899491157,290.868729818978,"Btoko","Btoko",32.76,209030.1003,53.3,104515.05015,57.2519083969466,97300.724621646,9.7300724621646e-05,2.1633980891184,4.49758761972914e-05,0.0265608863733907,0.000116336682315451,1.10476057351408e-05,1.47726822330336e-05,4.62077157083575e-08,1.76626241218676e-08,6.79485275094799e-10,2.69076168937539e-08,1.79985136820718e-08,8.03973342950829e-08,9.38790700969645e-09,1.51452626107381e-05,3.71342867005354e-06,1.2859179079376e-08,8.47965722601165e-08,5,0.000987574081304914,0.000629761559765895,0.000281914014953926,0.00126253587270996,0.00134573265880982,0.000842198606187082,0.000375503371719599,0.00177803373319209,5.36257789902751e-06,3.6521109073099e-06,2.11312314346332e-06,6.28534728451201e-06,2.10903781126927e-06,1.41450212207408e-06,8.0985419023157e-07,2.5138051913108e-06,6.13060506721367e-07,1.86362781976801e-07,9.16495456374111e-08,3.61443569823375e-07,2.33813152229759e-05,7.29915348082536e-06,3.70300780053684e-06,1.44145785069e-05,2.25909233530813e-06,6.01639943026392e-07,3.05450623878634e-07,1.20288699207262e-06,1.03516738796898e-05,2.68887848227917e-06,1.3515122779466e-06,5.39024279193969e-06,0.0644635575394814,0.0154781921289849,0.00892626426930212,0.0343476380494866,0.0161624529867381,0.00377343036621163,0.00222052594643641,0.00810237122902636,1.64570254902009e-05,4.10268533887539e-06,2.17742649602941e-06,8.04647705807803e-06,7.11830855222487e-08,3.46144474563885e-08,2.28880444131105e-08,6.82113681497117e-08,0.00107196506378294,0.000219182206311184,0.000113076570221765,0.000508135950201468,1.90917178892868e-05,0.000857486565048268,0.0201052236354688,0.0209627448149645,4.09052618164841,95.9093086947108,1.04557970936477,0.0174219117751355,3.00419418031713,0.000889018988790837,0.00287004372918237,0.0195713174734,0.000165123640830082,0.00674769518285753,4.01759699705865,0.034819645734631,0.0128269389624954,73.8366672189588,18.0006501988133,0.000556789083104657,5.07092949530177e-07,2.27756032209561e-05,0.000534012560493295
5,"Btoko Lake","Btoko Lake","JK079L-1","EJK055",33.65,368,0.755,4.035,50.5,82,256.4102564,13,2,325,3.525,0.692940525,53.90311627,0.5668,6.295789803,0.038279226,-0.00715377712131638,-0.510060935655184,389.0418075,17.10188516,"Btoko","Btoko",33.65,33.65,0.0321403557271666,0.338954708519598,0.207649109474302,0.0510299148305152,71132.6152000126,0.00096749304001129,0.00044111453502162,0.00055590786170654,0.0008261425673726,270.006125805036,1.46679025515403e-05,0.00064049841141726,125.584244560482,0.00014538507026558,0.537191492329616,0.0855752135402862,119401.658327684,0.00040027196574207,0.00151396984689501,366.927613371713,6.12773199535526e-05,11.7458205206568,0.00195355179147521,374.462668045342,"Btoko","Btoko",33.65,256410.2564,53.3,128205.1282,66.887417218543,102161.716167531,0.000102161716167531,1.6249151514825,6.28720312407223e-05,0.0265252269610337,0.000150344986415139,2.02072944936634e-06,2.13107710232341e-05,6.08282526367712e-08,2.7733766826616e-08,9.22200827456311e-10,4.0269436132259e-08,2.51659115349207e-08,9.51863595114946e-08,9.14065467967214e-09,3.37743202879978e-05,5.38028749913635e-06,3.85262957446749e-09,1.22823769263998e-07,5,0.000178787916068716,0.000108904685748028,4.83058027658709e-05,0.000233938875080253,0.00187593628728973,0.00117952808135358,0.000526874119730948,0.00246274659437291,7.11265992984784e-06,4.87259290281602e-06,2.80241928101626e-06,8.4535702037468e-06,3.22849166381003e-06,2.23878665974367e-06,1.27002306282e-06,3.79816029192177e-06,8.36777589981094e-07,2.532033261049e-07,1.27659385986099e-07,5.06332329264991e-07,3.62122047185449e-05,1.11970266637388e-05,5.39828788693894e-06,2.24596787401119e-05,3.42593958670673e-06,8.52722860901051e-07,4.26376577247623e-07,1.77969699645173e-06,1.22941033561618e-05,3.1853238880361e-06,1.59242874907637e-06,6.32815121224275e-06,0.151065817137499,0.034101025723921,0.0201283534413959,0.0737258777474872,0.0233421113481939,0.00554452657444624,0.00318412790035396,0.0121942306452158,1.35871760609093e-05,4.07829308997686e-06,2.19046874044664e-06,7.97216844445404e-06,2.10472176578027e-08,1.03970768667742e-08,6.85436243014758e-09,2.0092777437122e-08,0.00143423473927197,0.000309085314721507,0.000159916233452881,0.000726767461667256,3.94519687486585e-05,0.000428046812649334,0.0408417015169323,0.0412697587266585,1.03719242820006,98.9627823788325,0.748938991305155,0.0118066910327453,0.263884958643289,0.000613532363447866,0.00206621721863915,0.00988203763678042,2.51929674114091e-05,0.00542476314090372,2.85809299047743,0.027131311180906,0.00771830024288103,82.629573751041,13.4348412627494,0.00109468971685172,1.04647242511777e-06,1.13540388554706e-05,0.00108333540221142
6,"Ulu Lake","Ulu Lake","WJ196L-4","EWJ175",2.74,15,5.74,115,27.4,87,103.5721036,13,2,325,4.64,1.088888889,33.33333333,5.52152,10.27259535,0.003649635,0.685193502446931,-0.373223107390917,201.3507448,15.35408087,"Ulu","Ulu",2.74,2.74,0.237687629707411,0.530763768022133,0.560404749435054,0.114430675451244,11172.5148715898,0.0196396605646057,0.00398023275133274,0.00870922954501879,0.0147829102257588,343.409628920429,0,0.00312476985070544,45.4310288594064,0.0110152383407072,0.0999642726175739,0.040240411816767,2198.58645722642,0.0105982859285519,0.00677206768597565,252.547571201616,0.0131198249287195,190.749134638652,0.0230938377855166,335.761307563626,"Ulu","Ulu",2.74,103572.1036,56.55,51786.0518,4.77351916376307,613488.943654183,0.000613488943654183,3.093333333488,0.000198326167119669,0.00397404700040551,0.000219427799936791,4.71396765716299e-05,0.000105264343757823,3.89505860330956e-06,7.89384305815995e-07,0,6.19723627621509e-07,2.10191742624802e-06,1.34307822763451e-06,2.18461000002208e-06,1.98255310371491e-05,7.98072663893642e-06,2.60200459139402e-06,4.58011233208488e-06,6,0.00418753430176728,0.00263571629474414,0.00119825705416005,0.00548016515523489,0.00927709820903371,0.00576921797910507,0.00256727606137781,0.0122561883260201,0.000451342450638916,0.000309477619781443,0.000180366453435406,0.000527081299189662,9.07873320893978e-05,6.24104340638687e-05,3.58961390279604e-05,0.000107582172275191,0,0,0,0,0.000539996092861121,0.000168146773693784,8.30970479247791e-05,0.00033750126119704,0.000244015966382143,7.21177942001251e-05,3.73088552816284e-05,0.000142769994190273,0.000173112576264297,4.53988817803402e-05,2.33570610783061e-05,9.28788417983645e-05,0.0877657597736902,0.0203943602329949,0.0116786669489915,0.0450683390110261,0.035037350409086,0.00813640273713685,0.00470354286848685,0.0177309730141533,0.00362788467659,0.000954772886758501,0.000520740456116114,0.00186889539580065,1.43693876329179e-05,7.01555733610359e-06,4.57342095506104e-06,1.37631000838307e-05,0.0565651565978155,0.0113972300911864,0.00587527275986947,0.0270132175736933,4.12377038810905e-05,0.0153693146866706,0.0345759370387748,0.0499522672827815,30.7680021802901,69.2179532973734,22.8162418067357,0.619546692504426,5.27646979430034,0,0.144373415108195,1.91137047164146,0.0140445223364703,0.124940142777826,11.5494617019991,0.336614898262574,0.0908845268690921,40.8276968041145,16.2883552233503,0.000198512657958592,1.63880573412258e-07,6.10783789288515e-05,0.000137406398875153
6,"Ulu Lake","Ulu Lake","WJ196L-5","EWJ229",7.48,35,3.15,25.8,11.35,90,44.43139558,13,2,325,3.89,1.13,28.14327485,3.611926,9.492578187,0.002590674,0.698975813659446,-0.295200534309378,212.0710038,15.31768486,"Ulu","Ulu",7.48,7.48,0.229608958093217,0.453136470596865,0.468470086606865,0.122267523038257,6869.78450347961,0.0619491074239767,0.00752976953762805,0.0191800777435093,0.0500195476123988,699.096459987667,0,0.00269307728125039,27.0977436039415,0.016418184497231,0.116243844011056,0.0334404342731338,1671.32298050665,0.00997156571380126,0.0054066606305351,154.735713476712,0.0458200672010873,461.04151617734,0.0177818607402187,178.921082768081,"Ulu","Ulu",7.48,44431.39558,58.5,22215.69779,3.6031746031746,360687.022929714,0.000360687022929714,2.795226608335,0.00012903677356755,0.00292746161999999,0.000105737747392801,2.96279991345555e-05,5.84712681516064e-05,7.9937129473795e-06,9.71617166842745e-07,0,3.47506003340619e-07,1.28669866712572e-06,6.97658043538944e-07,2.11854955535945e-06,1.49997305782762e-05,4.3150457453029e-06,5.91247363627662e-06,2.2945139379453e-06,6,0.00261730305283212,0.00165912859793482,0.000741111386269362,0.00343084878426778,0.00524790632720242,0.00327361875460444,0.00148305910855034,0.00683568266892879,0.000922817787007174,0.000631544495180325,0.000359671416153587,0.00109764496689171,0.000111983498876924,7.76221101493274e-05,4.36555977529874e-05,0.000133348731101501,0,0,0,0,0.000319676292884581,9.64491769205518e-05,4.69950313193561e-05,0.000193464412268739,0.00016080064683012,4.31007769584738e-05,2.22404725557077e-05,8.83786802997746e-05,8.62823945514471e-05,2.34110756855064e-05,1.17938403835532e-05,4.65383572308936e-05,0.0580177038202092,0.0151383834949222,0.00873195311600551,0.0334225569238239,0.0182471269518981,0.00446376043144265,0.00257035620325132,0.00986517631794426,0.00381088525806373,0.000935560567357731,0.000497135784396651,0.00185633644549285,3.26726880432001e-05,1.59576988287441e-05,1.04703413634816e-05,3.11366347397899e-05,0.0273496218705486,0.0057541477372284,0.00292503296730639,0.0137879632849855,3.19721761671658e-05,0.00902348217465975,0.0230732450437247,0.0321126849172132,28.0994323518023,71.8508748278375,17.9186130093533,1.96665117478795,5.16658324338831,0,0.13421729472197,2.9133676295508,0.0496928203601885,0.241717907890411,10.1941608527716,0.300346038237533,0.0729028910097689,47.1414443667639,13.9003027711643,9.40086526102942e-05,9.35973186372562e-08,2.64158977450705e-05,6.75460393143591e-05
6,"Ulu Lake","Ulu Lake","WJ196L-6","EWJ230",12.16,55,2.02,18.5,45.4,90,203.6331016,13,2,325,4.84,1.463333334,24.59518895,2.791824,8.919565495,0.002631579,0.644928192990243,-0.187378934338425,222.7912628,15.28128885,"Ulu","Ulu",12.16,12.16,0.254997324907816,0.462178096860508,0.480263822957945,0.133806789047277,10206.8406026068,0.0404063737953431,0.0048173467937219,0.0128616551598783,0.0322274638498616,643.623991423574,5.87363091213326e-05,0.00173272111907931,25.4960221181516,0.0118544411448397,0.0989833033821818,0.0223860324858995,1896.04079444789,0.00893252759973963,0.00523691323984735,201.659482029002,0.0765389606725724,1089.30248829205,0.0118772216893302,169.036619082548,"Ulu","Ulu",12.16,203633.1016,58.5,101816.5508,22.4752475247525,265014.577269515,0.000265014577269515,3.64959285482,7.26148334380675e-05,0.00385087727175438,0.000107509715883384,1.85165882753338e-05,3.35609855222488e-05,2.93410210298513e-06,3.49810835039524e-07,4.26512730361241e-09,1.25821255456566e-07,6.48634003836034e-07,3.80277582641125e-07,8.60808269233908e-07,7.18765608824683e-06,1.62555802030276e-06,5.55786388076164e-06,8.62462474677715e-07,6,0.00164166496482331,0.00104462031691628,0.000470480319970951,0.00216832099297627,0.00291764700627466,0.00185214006804403,0.000831215531606334,0.00383704474190221,0.000343954505933318,0.000235923621064747,0.00013600307342812,0.000410485395151913,4.10331824213206e-05,2.81462177987929e-05,1.60764929228346e-05,4.8869652502387e-05,3.6417179798006e-06,1.16118596815444e-06,5.84518334670256e-07,2.30962183250979e-06,0.000106925902269337,3.41698586734675e-05,1.69669484055345e-05,6.783045927105e-05,8.38093844900002e-05,2.1758785539097e-05,1.09036232081353e-05,4.28816123923028e-05,4.65039123968974e-05,1.26363248794423e-05,6.41987830606915e-06,2.49489957447652e-05,0.0292580683077271,0.00726122910381031,0.00426421883157275,0.0157035339189158,0.00664381369328552,0.00164301582811862,0.000957169667018423,0.0035595857834503,0.00146546506681222,0.000372216730489503,0.000200103470320583,0.000754626887224036,3.08163640453432e-05,1.49956102470226e-05,9.70442589768756e-06,2.88678741788191e-05,0.0101885462559066,0.00216669205459504,0.00113125439346784,0.00488570455520812,1.72533467024602e-05,0.00384237269457282,0.0108313374013247,0.0146887057061445,26.1586879840985,73.7392226245894,14.7507350064797,1.60615663343338,7.11172473473478,0.00790529806631433,0.14813276250742,2.53403354887694,0.102089391312059,0.191618093260721,12.6092802531217,0.232626749810732,0.0860274903196974,49.4340975241462,11.1855725139304,5.65644029552808e-05,6.64405206782023e-08,1.47965056791401e-05,4.17101510214643e-05
6,"Ulu Lake","Ulu Lake","WJ196L-7","EWJ231",17.59,75,2.88,18.4,43.8,90,185.1225697,13,2,325,2.83,1.654444445,23.804745,2.03087,8.156104418,0.004587156,0.505811748725086,-0.208215589381598,218.6684944,15.31469958,"Ulu","Ulu",17.59,17.59,0.222358133582471,0.469938351295757,0.468502098957058,0.129471489815565,9677.61256211275,0.0409243688310657,0.0182284438798109,0.0180826332625884,0.0407723687035536,826.897168885345,0,0.00268388442426845,37.5180203668487,0.0151670439214274,0.127045729051396,0.0483123481853876,2663.35066867063,0.013486748269257,0.0082680520497418,304.110353659285,0.0181123857432059,253.193040304276,0.0154745107662107,216.318186000859,"Ulu","Ulu",17.59,185122.5697,58.5,92561.28485,15.2083333333333,356043.955970959,0.000356043955970959,2.1563257165,0.000165116036620323,0.00758919476254842,0.000154126679674167,3.671489372743e-05,7.75943580218446e-05,6.75726958257386e-06,3.00980840719037e-06,0,4.43152358882225e-07,2.22687842111572e-06,1.36518798502391e-06,2.50432217955246e-06,2.0977287250506e-05,7.97714345219227e-06,2.99064534765661e-06,2.55508988635523e-06,6,0.00325904261764187,0.0020495392048533,0.000925610784658181,0.00433256930080945,0.00675763804653562,0.00428246286586979,0.00187470520657262,0.00895199126786922,0.000781405275826322,0.000543948326750142,0.000310226222279346,0.00092769011831906,0.000344640408865048,0.000239477599392269,0.000137372146944578,0.00041084177578444,0,0,0,0,0.000372387737009463,0.000119600981283875,5.97751714099034e-05,0.000240024263674513,0.000299649186258088,7.49840068590051e-05,3.89311159056313e-05,0.000150113288372515,0.000161726780650228,4.5897296049592e-05,2.33840279756766e-05,9.19118390853546e-05,0.0929979952141481,0.0214429555802827,0.0123148280714337,0.0478221720054601,0.0311537396509175,0.00810933586765861,0.004710841564329,0.0184428541826821,0.0039392718029011,0.0010932649030686,0.000574092430897157,0.00217665343924456,1.6250898723389e-05,7.97950737490799e-06,5.28359711804242e-06,1.5460614473749e-05,0.0294832890981104,0.00645783402473409,0.00333266949006836,0.0152676012017739,4.10397068812844e-05,0.0102195704662651,0.0342397301905369,0.0444672801641769,22.9822251968945,76.9998301315505,14.5226647568532,1.22325522213601,4.60909504086203,0,0.168627374065061,2.45858280297823,0.0179446715550108,0.538547890736959,9.63059321383854,0.268964013185196,0.103215883409409,48.221873478912,18.2366356514684,0.000337470849726745,3.11458328519966e-07,7.75583106580739e-05,0.000259851981033093
6,"Ulu Lake","Ulu Lake","WJ196L-8","EWJ232",18.56,95,1.71,16.7,49.9,92,210.9044801,13,2,325,6.06,1.448571428,22.91366594,1.975699,8.03783157,0.019230769,-0.319394137821014,-0.403933828050348,204.6503744,15.39464813,"Ulu","Ulu",18.56,18.56,0.171524613949133,0.428823547324143,0.41002702693488,0.104186515720451,10557.1224159906,0.0972212909441434,0.0168761320407179,0.0246954165958011,0.0891834332791571,2006.40318318878,2.50570613342226e-05,0.00162870898672447,29.0814759551121,0.0015985628503747,0.12571668040125,0.0863065665652797,3756.53952563027,0.0165704500006474,0.0109156390913356,483.34287668252,0.0257888028847648,453.49609872859,0.0170039479001523,299.014423824179,"Ulu","Ulu",18.56,210904.4801,59.8,105452.24005,29.1812865497076,216098.901062784,0.000216098901062784,4.671431844036,4.62596711838312e-05,0.0278571425118681,0.000550373286035554,7.93467224122048e-06,1.98372362950989e-05,4.49742495114366e-06,7.80684319058528e-07,1.15913141815423e-09,7.53435421800249e-08,7.66543568398064e-07,5.04953875126559e-07,7.39489918250216e-08,5.81561229768462e-06,3.99251339031528e-06,1.19298154167386e-06,7.86597038688042e-07,6,0.000706495583842512,0.00044359695945618,0.000201602271657481,0.000920889085588104,0.00174313934976538,0.00111275303830201,0.00049850725902739,0.00233379928513033,0.000518884959866638,0.000358605962752951,0.000206449498647717,0.000614131915519905,9.21576511808492e-05,6.2753283640515e-05,3.61007336748617e-05,0.000109683465562799,1.03314871893401e-06,3.13749691884173e-07,1.54357522569822e-07,6.26388402938434e-07,6.60713541800549e-05,2.03815834475474e-05,1.02580022231878e-05,4.02256485137843e-05,8.54375859723518e-05,2.56540137022358e-05,1.26533777301155e-05,5.05447525434717e-05,7.38490907797933e-05,1.70678894647665e-05,8.75304243747585e-06,3.45977114730839e-05,0.0224617273575361,0.00595050571770275,0.00344901352167828,0.012667462131689,0.0162213738621958,0.00407884402521842,0.00234363410800132,0.00869663527022996,0.000120244357022628,3.30302008305671e-05,1.73319498253521e-05,6.59063941548544e-05,6.53911646434203e-06,3.20947109657028e-06,2.12977131716189e-06,6.1921046295389e-06,0.00979633478059653,0.00198774949007048,0.00102115000989207,0.00465241316338192,1.32096533773096e-05,0.0028489503765043,0.011242305537776,0.0140944653853769,20.2132560448877,79.7639728104905,14.1030499257729,2.54430340525727,3.14731312843136,0.00222604890150492,0.182014805108196,0.23434873141649,0.0227711446217756,0.445233514891754,7.89496449759987,0.144606999203343,0.121096394918779,42.2187401579378,28.9393312459389,0.000392631530869036,3.67983196664094e-07,7.93636166475206e-05,0.00031317850752779
6,"Ulu Lake","Ulu Lake","WJ196L-9","EWJ226",20,118,3.36,31,27.4,87,115.174443,13,2,325,4.51,1.269009009,25.47918679,2.336047,8.328153298,0.012195122,-0.614042009996914,0.167943399264783,191.5335304,15.46296418,"Ulu","Ulu",20,20,0.234539825459432,0.50505849922909,0.510876436014461,0.11570163834334,19453.6547342822,0.0285558871992418,0.0090916277358193,0.0137490718700362,0.0236440419253078,990.242585336913,0.00014323922170042,0.00171887066040511,48.9790762290219,0.00513626402808356,0.0391101652848105,0.0862892356718038,3433.47959609251,0.0158178351549166,0.00941169779033037,663.61240505883,0.0265629680974171,698.685749866363,0.038563884466949,1014.34585313416,"Ulu","Ulu",20,115174.443,56.55,57587.2215,8.15476190476191,399344.262144963,0.000399344262144963,3.360888675771,0.000118821032372741,0.0154757196838541,0.000361520085403083,2.78682641936121e-05,6.00115722870275e-05,3.39303999733344e-06,1.08027659351869e-06,1.70198321987118e-08,2.0423798638455e-07,1.87949150300902e-06,1.1183076478273e-06,6.1029619435586e-07,4.64711021540971e-06,1.02529760651784e-05,3.15623929221927e-06,4.58220056466598e-06,6,0.00251864752117033,0.00159029199031413,0.000713596649469391,0.00329626163142065,0.00539509856168483,0.00341232341734676,0.00154113114516642,0.00710403423089464,0.000396787870657713,0.000272024221864629,0.000156493217818506,0.000475160069956527,0.000126732855064803,8.59749086881637e-05,4.9462368039226e-05,0.000150931411731698,1.60752757971583e-05,4.61462495955327e-06,2.30331755681239e-06,9.23672023051147e-06,0.00018296047558125,5.5574320588614e-05,2.78174807569811e-05,0.000112996403355643,0.000218638420849112,6.39646218874827e-05,3.2368397188084e-05,0.000130294792251202,0.000152575568604861,3.81138149788982e-05,1.96413942028474e-05,7.76742152342384e-05,0.0193016069327594,0.00478277361206983,0.0027289629482672,0.0104853966057712,0.045231532567367,0.0102954764580031,0.00596192932420449,0.0226327290908092,0.000965349485131098,0.000272942510087468,0.000148777090206811,0.000540406259802169,1.71209964816768e-05,8.47363785452873e-06,5.58317850103423e-06,1.59304456455111e-05,0.0539457853220281,0.0115608693424138,0.00589516103083839,0.0266288740323658,2.64678793012488e-05,0.0137647073115271,0.0186702365316753,0.032443417481057,42.4268106760455,57.5470711202866,35.6339443869129,0.83845736049064,4.90174005633861,0.0142236093415487,0.197157472466735,0.841287790495048,0.0261182036678975,0.264999544941166,10.5177681091677,0.171296136176353,0.117477805786496,14.7418921414872,31.7336373827276,0.000502085234523089,4.09609480692211e-07,0.00021301875188349,0.00028893534699546
6,"Ulu Lake","Ulu Lake","WJ196L-10","EWJ176",23.56,138,0.945,19.4,36.1,91,145.3886428,13,2,325,5.12,1.305045045,24.64364041,1.584536,8.361667546,0.0188,-0.613406122915477,0.172057554255002,189.5313864,15.4484136,"Ulu","Ulu",23.56,23.56,0.188005344714736,0.404604710671054,0.400062394162867,0.0991017035569175,13450.4704270913,0.0364614185976322,0.0119354969867833,0.0137686126761217,0.0344495897481721,1098.46479301948,0.00011190555767761,0.00141001002673797,34.5429180194805,0.00167984207926952,0.0961631819915168,0.150485852934561,5636.32052139037,0.0157649617449961,0.0437210485682201,1350.15397607907,0.0156070951107716,354.234237729183,0.0340491310160428,772.813126671123,"Ulu","Ulu",23.56,145388.6428,59.15,72694.3214,38.2010582010582,112558.900546134,0.000112558900546134,3.858245611008,2.91735964721871e-05,0.024534846846,0.000388763480819735,5.48479206132214e-06,1.18037745598633e-05,1.06371071297082e-06,3.48201372787421e-07,3.26468758268165e-09,4.11350635417913e-08,4.59920632347983e-07,1.27550022827015e-06,4.90070349576087e-08,2.805425866902e-06,4.39021354828577e-06,4.55315094864695e-07,9.93335608490663e-07,6,0.000480441368100367,0.000308515584758021,0.000138459513010635,0.000628582630023682,0.00105497033190225,0.000663252281248755,0.000299968156109474,0.00138173808320571,0.000125297544560756,8.62930956882333e-05,4.95260388901573e-05,0.000148246863038576,4.02611442163047e-05,2.77721507303749e-05,1.62577437856791e-05,4.75600548230483e-05,3.1531016947833e-06,9.00172444148678e-07,4.48349570661908e-07,1.84026840532773e-06,3.6467753858002e-05,1.132727142752e-05,5.71869315773449e-06,2.22338259610038e-05,5.5787994011807e-05,1.53353896588187e-05,7.78639913842967e-06,2.96305200772813e-05,0.000160184825804966,4.22011675929463e-05,2.15653424153739e-05,8.31274340235624e-05,0.0127099464343438,0.00286662700414823,0.00167311914517551,0.00639635667516914,0.0203484264641849,0.00453535189765523,0.00259493617726702,0.00982115666905532,8.37495263133382e-05,2.16984235451358e-05,1.17479424035708e-05,4.3420825334235e-05,2.41233051813171e-06,1.24199173661906e-06,8.02057131670142e-07,2.37085206661794e-06,0.0126279986072132,0.00256618303758649,0.00131664844980066,0.00608387465221392,1.04731177652433e-05,0.00299892570368085,0.00814653177280305,0.0111466994682205,26.9041586007665,73.0846991616576,23.0219092647356,0.774158269308836,2.76777521128658,0.00807568596170633,0.137577851655014,0.194662317818817,0.0111422375758851,0.249151336766133,5.9502122860646,0.101619958982606,0.378597877454781,25.7172718464425,40.687845855947,0.00027348256429118,2.56956340370367e-07,7.35781828423424e-05,0.000199873909371796
6,"Ulu Lake","Ulu Lake","WJ196L-11","EWJ227",24.1,158,0.009,0,36.5,84,167.6234214,13,2,325,6.02,1.358370371,22.32952139,0.749026,1,0.033333333,-0.314513396212601,-0.192645507696046,187.5292424,15.43386302,"Ulu","Ulu",24.1,24.1,0.0587912566058487,0.124098903696012,0.120249316550125,0.0417711089673804,15493.3570398118,0.00865484540667065,0.00369361646596765,0.00363148468787325,0.00867952646797124,1046.08759907868,4.40480591094423e-05,0.00094503108634803,83.7888507282847,0.00073944692229522,0.451846884487373,0.330478830326631,66336.5821113288,0.0029840549229854,0.0147640413728859,1503.51222960844,0.00047131533865031,39.9270075984229,0.00248772530922385,210.745161845589,"Ulu","Ulu",24.1,167623.4214,54.6,83811.7107,4055.55555555556,1128.35820925973,1.12835820925973e-06,4.675762812322,2.41320668851331e-07,0.0452790119138765,0.000339151571778033,1.41875453667337e-08,2.99476304436386e-08,2.08859308234263e-09,8.91345996047603e-10,1.06297070858936e-11,2.28055533842807e-10,7.20114129903944e-10,3.56286833905355e-09,1.78443825868341e-10,1.09039992382883e-07,7.97513723756282e-08,1.13738132762984e-10,6.00339535540284e-10,6,1.25624084205541e-06,7.91169764408966e-07,3.56538371068459e-07,1.62691663211672e-06,2.64582696652898e-06,1.67003686981015e-06,7.61198208397325e-07,3.48089465932685e-06,2.49996163661657e-07,1.69600197730815e-07,9.68007749367308e-08,3.00188756875162e-07,1.03710222233389e-07,7.19325577799357e-08,4.14629393334418e-08,1.2304726416505e-07,9.38999767161329e-09,2.92092712036598e-09,1.44988367838846e-09,5.83844242582749e-09,1.93585602347665e-07,6.25841701981455e-08,3.18231440536564e-08,1.24263445413606e-07,9.67651161732255e-08,2.39426681821817e-08,1.22864426333988e-08,4.75275379974671e-08,4.51375435288538e-07,1.18947598467304e-07,6.03201839836766e-08,2.4188251266949e-07,0.000454092557860244,0.000110598225649807,6.383273034743e-05,0.000243520214574535,0.00036549872343734,8.16378568564556e-05,4.7295647450978e-05,0.000177154670097687,3.39057155466702e-07,7.81441148930622e-08,4.21220449572656e-08,1.60299661034985e-07,6.39494329381249e-10,3.0792349498559e-10,2.02941071748668e-10,5.86326870044304e-10,6.79112192886562e-06,1.52744046674188e-06,7.84516691938903e-07,3.62439771477348e-06,1.94205553962569e-07,2.59321813907727e-06,0.000194159583702518,0.00019675310976509,1.3180061764581,98.6818373210625,0.776323417996056,0.0861995004466796,0.402112965509704,0.00148456465255028,0.0121688893307799,0.0397168385223294,0.00015650247935254,0.0365598072964734,0.848798207969399,0.0318084782867558,0.0604552571541661,56.2116785761879,41.4925369941678,8.90878640114577e-06,8.79343559161216e-09,1.1741835501456e-07,8.79135410365961e-06
6,"Ulu Lake","Ulu Lake","WJ196L-12","EWJ221",25.87,216.5,0.111,0,14.6,83,67.65523633,13,2,325,7.76,1.565551298,10.47157672,0.795789,7.267479452,0.033333333,-0.283708669750415,-0.201769433547648,240.283227,14.64902931,"Ulu","Ulu",25.87,25.87,0.0673984731441394,0.169697651587885,0.157432933634526,0.0527573757982632,12299.3614704738,0.0127572402769182,0.00444267784013393,0.00486024827309671,0.0123003478403187,892.245752322079,2.85449814335424e-05,0.00096237365975942,51.4039045118854,0.00103752050998873,0.449765824558713,0.278408171632945,37827.8474288979,0.00193524116050139,0.00775799022406277,502.836378074266,0.00171076873241148,88.7461279938453,0.00409752169110783,212.558937726219,"Ulu","Ulu",25.87,67655.23633,53.95,33827.618165,131.531531531532,13875.0000000133,1.38750000000133e-05,6.947405646528,1.99714838976581e-06,0.0521850427448162,0.000415282829808546,1.34604752112492e-07,3.38911391615784e-07,2.54781018769027e-08,8.87268689467173e-09,5.70085637058942e-11,1.92200300494156e-09,3.86496376750387e-09,1.54938576838059e-08,2.072082415873e-09,8.98249092289126e-07,5.5602243167438e-07,3.41665901919729e-09,8.18335884742649e-09,6,1.21963045315692e-05,7.7212857880171e-06,3.49464498085417e-06,1.61011839975993e-05,3.01060496843454e-05,1.88176548860165e-05,8.43094878885544e-06,3.9944134050331e-05,2.93764839529504e-06,2.02530349253288e-06,1.19445359137306e-06,3.49826197341555e-06,1.03383293158368e-06,7.07910111164713e-07,4.10966404308079e-07,1.22190009132901e-06,5.16540968055464e-08,1.57056033857885e-08,7.69234684095824e-09,3.18472600255873e-08,1.81288828429347e-06,5.25627370166772e-07,2.63945337312218e-07,1.08825949782302e-06,4.72688346252799e-07,1.31099411725198e-07,6.57134291718931e-08,2.68435319668602e-07,1.87468784775669e-06,5.23744091086571e-07,2.6172519123541e-07,1.03402334153841e-06,0.00392498487607862,0.000914497818163381,0.000532837897950303,0.00195166645763901,0.00213149012570088,0.000565595274517966,0.000328407356477956,0.00123410437689198,3.45105783277904e-06,9.20640643457316e-07,5.00612233040872e-07,1.79856310689985e-06,1.88120553942765e-08,9.15388837585617e-09,5.97950368995684e-09,1.76808230714518e-08,9.77206587705003e-05,2.07186414845583e-05,1.05707897347011e-05,5.01918893140544e-05,1.48928145726596e-06,3.15326764236766e-05,0.00150066802913978,0.00153220985945183,2.05798678484929,97.941415784693,1.35220651118709,0.132181860078714,0.503931347288124,0.00102502952117847,0.008556230787609,0.0600858059865694,0.000597430457674452,0.04620190287889,1.22813821944395,0.0343051812990436,0.0341822686922238,59.6848931967161,36.9136950156628,7.99584370095228e-05,7.77182165064864e-08,1.64553406702802e-06,7.83124252464386e-05
6,"Ulu Lake","Ulu Lake","WJ196L-13","EWJ225",27.7,276.5,0.009,0,10.8,84,48.02134282,13,2,325,3.33,1.575768412,9.781097331,1.08995,5.828609626,0.033333333,-0.276597123124268,-0.273448567622872,230.9471549,14.49779283,"Ulu","Ulu",27.7,27.7,0.0624348735640019,0.171837742008014,0.15394000120035,0.0480843455556817,10466.5976459109,0.0126260730858324,0.0044516021565382,0.00526447283574099,0.0117181291860597,762.97929680339,1.71604473736244e-05,0.001690304066302,76.2843920774859,0.0007537216720559,0.48501061368137,0.23460236802802,32183.8232069729,0.00297691386642319,0.0162521363621225,859.096277060737,0.00117719603116767,52.5935870844778,0.0061692950307783,275.625594090082,"Ulu","Ulu",27.7,48021.34282,54.6,24010.67141,1200,1092.485549155,1.092485549155e-06,3.0042894588777,3.63641907382358e-07,0.0525256132080772,0.000572502921161437,2.270393650999e-08,6.24874042640718e-08,4.59136929968115e-09,1.61878909911097e-09,6.24025781447936e-12,6.14665394726215e-10,1.08253063649912e-09,5.90995786576041e-09,2.74084786461828e-10,1.76370184659782e-07,8.53112525861272e-08,4.28077810136753e-10,2.24341421219673e-09,6,2.0204870462212e-06,1.27310391955237e-06,5.73714745745492e-07,2.64411946137838e-06,5.58084404185913e-06,3.44686486276759e-06,1.61003519847664e-06,7.32691912916847e-06,5.40935710901489e-07,3.71819271170287e-07,2.12670990612361e-07,6.38783593249065e-07,1.89200121703404e-07,1.28852315185331e-07,7.5341255336874e-08,2.2536218043806e-07,5.21580423472037e-09,1.6824609674367e-09,8.51627161193711e-10,3.29421275992647e-09,5.30435685373562e-07,1.66612057789035e-07,8.06786515924179e-08,3.33467383751401e-07,1.25927985007031e-07,3.61015392995478e-08,1.85234633112879e-08,7.15998289547429e-08,7.80643588413573e-07,1.99314940242521e-07,9.99015526016999e-08,3.88746760153233e-07,0.000719514115558952,0.000178027038538981,0.000103550962786535,0.000378354133119641,0.000370687364105804,8.85544586944579e-05,5.11202097283771e-05,0.000190820914703312,4.43029333077933e-07,1.20625464264402e-07,6.47539438903052e-08,2.47791577669846e-07,2.33061830458138e-09,1.14651401901808e-09,7.47636199613166e-10,2.21029072080544e-09,2.45396302049495e-05,5.58718634417998e-06,2.90174498946755e-06,1.31305048183784e-05,2.72240408209504e-07,7.39051899943402e-06,0.000270523141409423,0.000277914806922876,2.65927500634572,97.3403124521162,2.01039534598474,0.133788938879198,0.458091432280421,0.000605387307738375,0.0129901460448512,0.0434037558487759,0.000412541538075102,0.046363961896096,1.24025952446791,0.0599507667956932,0.0717179996450613,64.0581336813712,31.8638865179402,1.45976456532284e-05,1.42995943812215e-08,3.88191542371217e-07,1.42093938895053e-05
6,"Ulu Lake","Ulu Lake","WJ196L-14","EWJ217",29.1,322.5,0.009,0,12.75,85,63.27543424,13,2,325,4.08,1.583601533,9.251729803,0.841893,7.868158879,0.033333333,-0.30362247839756,-0.152658317345517,227.0782879,14.46206687,"Ulu","Ulu",29.1,29.1,0.0543722088924293,0.157179876868466,0.14000322355171,0.0443413460271735,11146.25629457,0.0172288592616177,0.0064253006078766,0.0065027647473717,0.0170855253335207,1246.29037520392,2.10832172235803e-05,0.00121755579466176,65.2614122582149,0.00070624330449634,0.461794483316965,0.273706451192568,38789.2837846656,0.00253079604598773,0.0149138555503768,919.123803309252,0.0062584479142391,329.74510370543,0.00364483803309252,192.039226287579,"Ulu","Ulu",29.1,63275.43424,55.25,31637.71712,1416.66666666667,1233.87096768,1.23387096768e-06,3.7025294240376,3.33250820282332e-07,0.0527867172387995,0.000444407677363246,1.81195832139644e-08,5.23803228982922e-08,5.74153148146295e-09,2.14123669813544e-09,7.02599943394872e-12,4.05751467310538e-10,8.43389858292693e-10,4.97005459573528e-09,2.3535616054231e-10,1.53893390367234e-07,9.12128993764893e-08,2.08563290111443e-09,1.21464526432432e-09,6,1.6016748162464e-06,1.00493428325685e-06,4.57991851623965e-07,2.0934822651506e-06,4.68017563842976e-06,2.98764758835543e-06,1.30632772908552e-06,6.24302975736783e-06,6.7454480392416e-07,4.60395097770051e-07,2.67359299507081e-07,8.10287132959147e-07,2.51297192926543e-07,1.71538259885431e-07,9.88808430389141e-08,2.97023182131679e-07,5.65941270178672e-09,1.90936206943399e-09,9.54139771968276e-10,3.77735630931373e-09,3.40040931687516e-07,1.10388194807475e-07,5.53245155689073e-08,2.18333684163788e-07,1.07541279693935e-07,2.81712192836684e-08,1.41279814224543e-08,5.66656194987154e-08,6.08867067441536e-07,1.66710122588454e-07,8.54169288742426e-08,3.32346607819614e-07,0.000649246733257707,0.000153448262322546,9.05065722160308e-05,0.000328267402645205,0.000379451424748313,9.39501620397629e-05,5.44674102973466e-05,0.000208889831299725,4.26591931543217e-07,1.03715401330634e-07,5.62807584351993e-08,2.08404221952449e-07,1.12339027426859e-08,5.57485931140436e-09,3.6093963157283e-09,1.07655287802656e-08,1.47940398331078e-05,3.08984948731804e-06,1.59492378429146e-06,7.05351100913414e-06,2.54868145990477e-07,4.68897485102868e-06,0.000250834708527945,0.000255529258238286,1.83500507274831,98.162813236063,1.20919596785927,0.180173143750421,0.393275623380761,0.000747218570036889,0.0110246550543337,0.0405884641334955,0.00218169118864882,0.0671305748187428,1.1691998047321,0.043199825948908,0.0652411092717196,60.0511516295533,36.7668902917382,1.34885507008645e-05,1.34536527555764e-08,2.47515589601093e-07,1.32407408327413e-05
6,"Ulu Lake","Ulu Lake","WJ196L-15","EWJ218",30.33,362.5,0.009,0,4.58,78,28.41191067,13,2,325,3.29,1.381604938,15.82624364,1.49035,6.638530067,0.033333333,-0.22445955026906,-0.45803628132779,215.8873648,13.9652368,"Ulu","Ulu",30.33,30.33,0.0424015184573848,0.079232968307119,0.0813110267097078,0.024252688685032,6147.65023005155,0.00456665432697687,0.00186129217669745,0.00197293057829867,0.00440390024035731,324.881272188707,3.25019681944317e-05,0.00091469824775757,47.8733933146464,0.00021911631840975,0.648781795490375,0.202338062949414,43028.3744622289,0.00184969592671759,0.012316129185898,715.969132841818,0.00042057617731202,21.2567611537043,0.00506499046774337,255.994748220686,"Ulu","Ulu",30.33,28411.91067,50.7,14205.955335,508.888888888889,1415.3225806464,1.4153225806464e-06,2.769316584244,5.11072872165957e-07,0.0460534974727983,0.00068635829958585,2.16702658222135e-08,4.04938206829535e-08,2.33389314307716e-09,9.51255938684791e-10,1.66108742361748e-11,4.67477460646629e-10,9.4532940990123e-10,6.29443951700386e-09,1.11984406188101e-10,3.31574775630252e-07,1.03409494980053e-07,2.14945074903433e-10,2.5885792258428e-09,6,1.92018950745525e-06,1.19352256922368e-06,5.42214261013225e-07,2.52971798988241e-06,3.56884523885513e-06,2.25099552307123e-06,9.90343303916416e-07,4.67405454364678e-06,2.76708200117449e-07,1.87853733684671e-07,1.0781737332925e-07,3.27533743191287e-07,1.13229502909291e-07,7.63459740792514e-08,4.3856333132995e-08,1.35003937642614e-07,1.41175497339012e-08,4.501956411901e-09,2.23506360076119e-09,8.76244886619645e-09,3.83843263391979e-07,1.24073870717737e-07,6.22953963194664e-08,2.43564879869069e-07,1.05296501350418e-07,3.07762762471227e-08,1.54397634904534e-08,6.07796846877505e-08,7.92315283843722e-07,2.09621820803341e-07,1.06256797350283e-07,4.15490198532143e-07,0.00140681495647181,0.000339106551919231,0.000196527994764029,0.00074285317554821,0.000396432589190601,0.000105612623582017,6.07566646751874e-05,0.000228147718612637,1.84134211937071e-07,4.95512435327989e-08,2.62363765277389e-08,9.94867467961105e-08,1.19804849214333e-09,5.91030660835691e-10,3.78718396984368e-10,1.15492101630289e-09,3.237241871378e-05,6.67937524707894e-06,3.40851922804358e-06,1.62241992023561e-05,4.45623636579028e-07,8.14558102617911e-06,0.000447380212689919,0.000455526384746759,1.78816887428101,98.2117013789731,1.46629821471092,0.0412388261086357,0.262009536481008,0.00098829761845821,0.00675620057973857,0.0108777987822475,0.000129746745880431,0.0167599455565443,0.494152610791717,0.0272374718287094,0.0460174926903249,74.4427904231608,23.184743434945,2.09785832087278e-05,2.05225270210115e-08,3.75132495203614e-07,2.06034234944952e-05
6,"Ulu Lake","Ulu Lake","WJ195L-1","EWJ210",31.27,403.5,0.171,2.72,12,89,50.44136192,13,2,325,6.65,1.546783626,21.43031903,0.896014,1,0.055555556,-0.455014907771985,-0.0821724841295799,259.7664181,13.80012588,"Ulu","Ulu",31.27,31.27,0.058942363372553,0.183172694271976,0.158433112671885,0.051342502034094,9136.6959303316,0.0282762406718275,0.0063056556997973,0.0114727704487067,0.0229621560032667,1305.01702337601,1.40943370644043e-05,0.00093727341478288,35.9017648514613,0.00055822317901734,0.42443436607328,0.284282603512165,26765.9179493525,0.00118883216947252,0.00835859319154904,360.291190848871,0.00016231105225773,6.12513217904998,0.00336674905425689,127.051009060492,"Ulu","Ulu",31.27,50441.36192,57.85,25220.68096,70.1754385964912,20790.983607888,2.0790983607888e-05,5.224883784505,3.97922412543339e-06,0.0859324243541261,0.000769966552752379,2.34544874342124e-07,7.28885204167681e-07,1.12517499057897e-07,2.509161728731e-08,5.60845260786676e-11,3.72962098423137e-09,4.73062964985637e-09,3.32607156824952e-08,2.22129514132192e-09,1.68891946914182e-06,1.13122419433662e-06,6.45872054968438e-10,1.33970490609791e-08,6,2.09237385892969e-05,1.32243244231366e-05,6.02722549538544e-06,2.75947052388969e-05,6.58454922992655e-05,4.13778066370754e-05,1.86874279495376e-05,8.57155362415619e-05,1.30941000550438e-05,8.93020591321965e-06,5.17552168496269e-06,1.55570788737282e-05,2.94488266229368e-06,1.98580998986466e-06,1.12927379851024e-06,3.50774953263797e-06,5.2503166030746e-08,1.56739662475075e-08,7.99822556316762e-09,3.16541321990074e-08,3.36409033645876e-06,1.00295115702723e-06,4.89966276801382e-07,2.03997946549164e-06,5.93516436329655e-07,1.58081084015203e-07,8.11928958144372e-08,3.24182230410171e-07,4.7765377259025e-06,1.12470607281027e-06,5.72512726904166e-07,2.25965833018934e-06,0.00647572119972028,0.00175043283457695,0.00100612305122201,0.00371050217995322,0.00535020941310111,0.00114631758218072,0.000665866428948829,0.00254874563325738,3.84193792360414e-06,9.96341450582603e-07,5.43884596141528e-07,2.03975491026038e-06,3.61042637508448e-09,1.73561499955933e-09,1.14953851466702e-09,3.36382032272962e-09,0.000155823781892945,3.46865023069396e-05,1.74734686578963e-05,7.90763133209397e-05,2.87818493057837e-06,5.80111291441412e-05,0.00294224169061445,0.00300025455537359,1.93354024045195,98.0664019106233,1.15611864482681,0.297648274451421,0.44077341369089,0.000522421213207883,0.005268922389671,0.0332085638799585,5.78489247337621e-05,0.0661880501542105,1.37914319846514,0.0334288687348513,0.037487021586081,58.3428106605772,38.2073441111059,0.000257819147622763,2.47329408824112e-07,4.98503696687635e-06,0.000252833961510282
6,"Ulu Lake","Ulu Lake","WJ195L-5","EWJ209",34.43,580,0.135,2,2.16,75,15.31371854,13,2,325,5.92,1.833650794,13.88586166,0.866949,1,0.055555556,-0.225275117419167,-0.224381900105275,209.8435676,15.04080972,"Ulu","Ulu",34.43,34.43,0.0667287047009935,0.189066248695561,0.171523130288499,0.0534314833093508,4728.62550848871,0.00437310301602562,0.00148708237115298,0.00239163817331392,0.00340908640448414,108.331387067384,1.8630921912198e-05,0.00081976056413671,15.4985050111001,0.00098645161952721,0.459561850284585,0.25708486760068,13266.1667714656,0.00506748437317751,0.00714907728067803,225.835358733173,0.00041491823544257,7.67017850039139,0.00724182033612655,133.872290733635,"Ulu","Ulu",34.43,15313.71854,48.75,7656.85927,16,23329.4930882813,2.33294930882813e-05,5.097956989728,4.57624360803522e-06,0.101869489370511,0.000883156519402755,3.05366808360392e-07,8.65213212088259e-07,2.00123847243668e-08,6.80525119561069e-09,8.52596373124995e-11,3.75142404174997e-09,2.3190042971572e-08,3.27159192090527e-08,4.51424291849739e-09,2.10306697986167e-06,1.17648298208019e-06,1.89876692280131e-09,3.31403340237386e-08,6,2.71815691681622e-05,1.72351984110606e-05,7.73687085007571e-06,3.60795284928426e-05,7.65093333722869e-05,4.77378500552609e-05,2.13963631650663e-05,9.96897728539679e-05,2.34553815232444e-06,1.58970917903384e-06,9.14240336947646e-07,2.80733802905472e-06,8.11013408979693e-07,5.52762237179614e-07,3.20683991710208e-07,9.59803598130796e-07,6.86318227985906e-08,2.26884699208145e-08,1.14530241670384e-08,4.51797245189914e-08,3.15120961774487e-06,1.02289752214681e-06,5.06626543903829e-07,2.03563392046523e-06,2.93189333853402e-06,7.86397115305786e-07,3.9468193801151e-07,1.58095116323802e-06,4.82049956067978e-06,1.09043055553679e-06,5.5702095841606e-07,2.16160158269939e-06,0.00882870837379803,0.0021274610657535,0.00123771748591355,0.00463536583366358,0.00474645810683827,0.00119511763580217,0.000688767484405073,0.00259158803030072,7.29824154098174e-06,1.98635912299707e-06,1.04615663658427e-06,3.9158812407779e-06,1.05705688714204e-08,5.10202632218762e-09,3.34451965252728e-09,9.83221151917742e-09,0.000398079671760739,8.31587752551885e-05,4.29425090129282e-05,0.000197594704889323,3.37884595166659e-06,0.000104779127553507,0.00337298264192579,0.00347776687150562,3.01282781235261,96.9870254835551,2.3911543909551,0.0457106309240795,0.495582339123238,0.000652386165004558,0.0226121285399827,0.0571159366452047,0.000146704092329766,0.0158941716797799,1.37265814009534,0.029412481052934,0.0313543315531301,61.173193729126,34.3645126300479,0.000354278335349959,3.44201311757895e-07,1.06737962205634e-05,0.000343604019388579
6,"Ulu Lake","Ulu Lake","WJ194L-2","EWJ197",36.52,701.5,0.31,10.1,7.52,83,34.33006163,13,2,325,2.44,1.816619183,11.18682945,1.044154,6.445395062,0.055555556,-0.584719765760758,0.0782415064027471,224.9578566,13.49182617,"Ulu","Ulu",36.52,36.52,0.154327853588791,0.243362170266089,0.289723719144216,0.0626975867418069,31746.7992242874,0.0352906905556863,0.0042157365324738,0.0252310918043224,0.0139807960413926,3153.71906159364,6.67402716519743e-05,0.00133480543303949,111.88259051411,0.00089972053999363,0.0866476628515905,0.22371017494418,24847.0683668274,0.0490479460014484,0.0314293804214065,6424.34401368366,0.00137294273112633,109.599272340352,0.168294175862523,13434.5874707535,"Ulu","Ulu",36.52,34330.06163,53.95,17165.030815,24.258064516129,38175.0741842377,3.81750741842377e-05,2.16704136142,1.76162185290375e-05,0.100923288751831,0.00105379455643379,2.71867319393745e-06,4.28712117310826e-06,6.21688516869611e-07,7.42653360169054e-08,1.17571121010851e-09,2.35142242021702e-08,8.64039335161947e-07,5.5366683373575e-07,1.58496736475914e-08,1.52640416382398e-06,3.94092732898589e-06,2.4186059179375e-08,2.96470697915848e-06,6,0.000238192942057309,0.000151349049657207,6.74298452082536e-05,0.00031468840715667,0.00039038888816664,0.00024503746165023,0.00010946641398068,0.000515822409473371,7.54851820924945e-05,5.07849779721795e-05,2.94302173979579e-05,8.96600412178299e-05,8.80805268251011e-06,5.96962371956177e-06,3.40619588712719e-06,1.06066406445825e-05,1.05738803992799e-06,3.2154955998105e-07,1.6174453857906e-07,6.44138404251351e-07,1.91154709967393e-05,6.39519626907293e-06,3.18462945220227e-06,1.26791576937744e-05,0.000111473460109518,2.93339350822666e-05,1.49010149458973e-05,5.83070279870849e-05,6.57259643754498e-05,1.90374153336221e-05,9.63628816673693e-06,3.86508919895005e-05,0.00600542770902447,0.00155011779788546,0.000905839736032776,0.00345808352742396,0.0155908013337174,0.00398652062290848,0.00233564328513613,0.00886183353347727,2.6834034782892e-05,7.0689738074919e-06,3.8178132913591e-06,1.38589730576088e-05,1.33983564384217e-07,6.50584804338455e-08,4.24932175587496e-08,1.26762777471019e-07,0.0355664525650659,0.00739637891950862,0.00382129212241582,0.0173307617484364,9.91447030910529e-06,0.00763523740558774,0.00581307811776643,0.0134483805818346,56.7744001526922,43.2251160828869,54.9982867788503,0.377628946943822,1.1254072468892,0.00239099093027887,0.218122434175379,0.0525637549032506,0.000483764420838322,0.0443891640576059,1.82205924467377,0.0475536532458878,0.141559165564788,11.5264272040254,29.6431276513194,0.00135725479670501,1.00060094982729e-06,0.000770573269372911,0.00058667496141629
6,"Ulu Lake","Ulu Lake","WJ194L-3","EWJ180",37.26,741.5,0.009,0,3.46,79,19.93661769,13,2,325,4.19,1.882171137,12.66314418,0.812827,7.130061404,0.055555556,-0.25429082328263,-0.266389703791376,255.572538,12.70096065,"Ulu","Ulu",37.26,37.26,0.0527892206664327,0.143685110956082,0.131302313116767,0.0398750450997675,5458.64635546832,0.00515146160804904,0.0016048503380175,0.00221893280202587,0.00449627555843788,187.710614797567,0,0.0009387153010594,26.0803272093335,0.00079248080424743,0.501590079783877,0.275907514631011,21623.2331598132,0.00242095944929144,0.00981891278789875,340.060370365855,0.00017555195240591,4.87735989369354,0.00512514172162824,142.391812451998,"Ulu","Ulu",37.26,19936.61769,51.35,9968.308845,384.444444444444,1331.46067419559,1.33146067419559e-06,3.659414258858,3.63845298731252e-07,0.104565064003187,0.000849933072785186,1.92071097631682e-08,5.22791521190488e-08,1.87433508768318e-09,5.83917250654928e-10,0,3.41547149137555e-10,8.80854714043691e-10,3.57256525652913e-09,2.88340414960189e-10,1.82501192419597e-07,1.00387652083117e-07,6.38737525659829e-11,1.86475872074583e-09,6,1.72815425723361e-06,1.0879977203491e-06,4.74509733744537e-07,2.29677378844078e-06,4.59806308284853e-06,2.87606140488967e-06,1.30162815570002e-06,6.04435183622888e-06,2.2311608354344e-07,1.51313932020838e-07,8.48601693382662e-08,2.62665939631901e-07,6.90518096381458e-08,4.70408447781889e-08,2.73568020633695e-08,8.20398252257528e-08,0,0,0,0,3.00842578484105e-07,9.17744954147163e-08,4.66086769593289e-08,1.82680260072334e-07,1.02865859513184e-07,2.94447036349685e-08,1.46413603345268e-08,5.84620549743553e-08,4.47792084673503e-07,1.1739428885477e-07,5.91902523465363e-08,2.33008837707471e-07,0.000815698581862875,0.000184989519606109,0.00010822737738993,0.000408352111230966,0.000455845835961593,0.000102581216824861,5.97365137933084e-05,0.000226369416673114,4.57798804646055e-07,1.28630410498744e-07,7.06361430678092e-08,2.62843317527086e-07,3.52679665204051e-10,1.72195665194831e-10,1.12665378142747e-10,3.29314336430221e-10,2.43708723749571e-05,4.69987767876999e-06,2.39896823586054e-06,1.12966574808996e-05,2.89900784510697e-07,6.09726444527364e-06,0.000290703007464907,0.000296800444105846,2.05433130790708,97.9456106747723,1.58351436869613,0.050981706741273,0.366575502818686,0,0.00992070740449021,0.0433390222465,5.80173205985575e-05,0.0158493175169957,0.969021934436188,0.0309212796804264,0.0395532726402877,62.3279119960269,34.5623528744716,3.10349574341022e-05,3.03134940869352e-08,6.37560846964396e-07,3.0397378581487e-05
6,"Ulu Lake","Ulu Lake","WJ194L-4","EWJ200",38,781.5,0.009,0,5.3,70,37.06293706,13,2,325,5.31,1.948582375,14.91414696,0.92107,7.906180258,0.05,-0.188247116889963,-0.28975018089708,266.5397662,12.75983713,"Ulu","Ulu",38,38,0.0536953135336159,0.157573425002064,0.142457743898401,0.0412966997511737,8830.61073331433,0.00607372559932282,0.00170583770296104,0.00255698023388187,0.00518347480205514,325.170186908861,3.10327924361829e-05,0.00064393044305079,28.2121133168847,0.0010106662692927,0.492666964923433,0.254122181006622,31256.5365503084,0.00479974234756396,0.0221148538198339,1124.9762906049,0.00025179975624384,10.5247262114803,0.00531052680355947,221.969399335179,"Ulu","Ulu",38,37062.93706,45.5,18531.46853,588.888888888889,1431.81818170472,1.43181818170472e-06,4.518058796424,3.16910037301415e-07,0.09742911875,0.000897390384070625,1.70165838148494e-08,4.99365999951159e-08,1.92482460623996e-09,5.40597090075544e-10,9.8346034085178e-12,2.04068020726743e-10,1.52108652640368e-09,7.00841914895891e-09,3.20290285100832e-10,1.5613110623106e-07,8.05338698619256e-08,7.97978701437226e-11,1.6829592474062e-09,6,1.51348266123299e-06,9.50276995313066e-07,4.24721465693653e-07,1.98535205098528e-06,4.47878489857967e-06,2.79398154785609e-06,1.2568279624039e-06,6.00347084341902e-06,2.24643776452581e-07,1.55646918273605e-07,9.03991391496907e-08,2.68524731631313e-07,6.28139491809191e-08,4.33440518949191e-08,2.47772225190755e-08,7.42390198140559e-08,9.28409685221715e-09,2.71641651271138e-09,1.35861406943603e-09,5.28927298002332e-09,1.73688410962672e-07,5.65838908338962e-08,2.82294501117223e-08,1.11916139668641e-07,1.85078404878094e-07,5.06408439445723e-08,2.61855991702962e-08,9.93764648735956e-08,8.52261342379474e-07,2.40255725365104e-07,1.24435520319576e-07,4.77038375970755e-07,0.000639933337605003,0.000159010637756547,9.23057896725263e-05,0.000347111189615014,0.000351334680407677,8.20893341779668e-05,4.79216863911241e-05,0.000181409053412974,5.31112249638999e-07,1.43986184596056e-07,7.75128392832893e-08,2.86266350627784e-07,4.35623728344102e-10,2.15264003181711e-10,1.40947457773363e-10,4.07833779801544e-10,2.05267827255198e-05,4.28582039786515e-06,2.18785923568523e-06,9.79178252095535e-06,2.47491431795134e-07,5.58908775650516e-06,0.000244234137150464,0.000249823440170972,2.23721511187267,97.7626987216719,1.71553974075934,0.0623027679736875,0.380379437038704,0.00108733452347479,0.0202706535103012,0.0576351780671646,8.6166455411226e-05,0.0173498739210603,1.11838246480953,0.0226495523379119,0.0961702093289084,63.6492066748118,32.8589399464627,2.43400776189511e-05,2.41128720979757e-08,5.44539894732713e-07,2.37955167512363e-05
6,"Ulu Lake","Ulu Lake","WJ194L-5","EWJ193",38.76,822.5,0.114,0,5.28,76,30.30998852,13,2,325,5.48,2.010555555,17.05367142,0.869624,7.307764706,0.05,-0.200900609155621,-0.212493242954205,236.896373,14.30060231,"Ulu","Ulu",38.76,38.76,0.0593495595655515,0.222521228422923,0.186087546884921,0.0579857194034102,8312.65140856809,0.00660601672985711,0.00215734859293478,0.00282906318737766,0.005880900091451,258.440406734456,9.68723636093764e-06,0.00098809810881563,29.4256876146024,0.00088001312502036,0.413477100167901,0.275238771735536,20336.8722453742,0.00259015406778129,0.00913799109927036,345.87472912152,0.00021908413306979,6.46101016836139,0.00682494701497869,201.274512418736,"Ulu","Ulu",38.76,30309.98852,49.4,15154.99426,46.3157894736842,16164.1791050409,1.61641791050409e-05,4.545458806184,3.55611606974633e-06,0.10052777775,0.00087421368198066,2.11053922503425e-07,7.91311316254451e-07,2.3491762250058e-08,7.67178199938001e-09,3.44489368945613e-11,3.51379156324522e-09,9.21088850355588e-09,3.24957569933143e-08,3.12942881547259e-09,1.47037256037919e-06,9.78781019185983e-07,7.79088606235924e-10,2.4270303755133e-08,6,1.87435456189014e-05,1.18607285020872e-05,5.27543200133052e-06,2.44949665740537e-05,7.04538593476002e-05,4.54567222966719e-05,2.02066287184368e-05,9.18460740156084e-05,2.77509081821192e-06,1.92808239459236e-06,1.11009201025996e-06,3.33338326095266e-06,8.82409643982789e-07,6.06630582217153e-07,3.47323352194462e-07,1.0543991920066e-06,3.05827258864674e-08,9.28564668466805e-09,4.74798184769344e-09,1.87749105665691e-08,2.97378476601264e-06,9.60033785499611e-07,4.79197036467272e-07,1.92479310816623e-06,1.17886272904547e-06,3.02516640075243e-07,1.53712912590412e-07,6.12837948378803e-07,4.35805961994698e-06,1.088605042963e-06,5.4967860795542e-07,2.21858893238111e-06,0.00622528912598204,0.0015396106885039,0.000887909967587611,0.0033686272648372,0.00409170607105833,0.00100703277524367,0.000583700407946828,0.00222970298285795,5.45154325963386e-06,1.3623783634064e-06,7.23389805252091e-07,2.61356543981613e-06,4.35540798437076e-09,2.11701063026342e-09,1.39032720773404e-09,4.12353539352608e-09,0.000267810907342544,6.15583553237921e-05,3.15781084484308e-05,0.000146174724475787,2.52258728673902e-06,7.7021346870638e-05,0.00259475545545491,0.00267177891933618,2.88277395682777,97.1171468071765,2.3040212975064,0.0721647431469142,0.443926270105988,0.000347545473072866,0.0113226673766258,0.0509914332187668,7.92359957233812e-05,0.0227051189687459,1.70136540743296,0.0359323811768878,0.0407445778946961,57.624928371185,37.6914709505182,0.000268587997400163,2.53590094116276e-07,7.74278484021715e-06,0.000260844999741572
6,"Ulu Lake","Ulu Lake","WJ194L-6","EWJ195",39.53,862.5,0.009,0,6.1,78,31.81225554,13,2,325,5.33,1.955,15.9496067,0.769748,7.366009569,0.055555556,-0.216197719746074,-0.218884950695725,252.2199947,14.05346982,"Ulu","Ulu",39.53,39.53,0.0597638958374405,0.253544426710674,0.205316803815812,0.0627382378566761,11995.0091287546,0.004655446952691,0.00213423491521784,0.00237377302451959,0.00436145447614899,259.94297031289,2.62037101829015e-05,0.00110055582768186,43.1379889071525,0.00083363829944538,0.410943344289505,0.250275248813601,25346.6696792467,0.00191015214841723,0.00996542010526567,454.65628373225,0.00017474784432151,6.69022121984917,0.00467268454555549,178.893727826592,"Ulu","Ulu",39.53,31812.25554,50.7,15906.12777,677.777777777778,1189.83050843459,1.18983050843459e-06,4.47988596289,2.65593927678245e-07,0.10861111198,0.000836031862243811,1.58729278288193e-08,6.73398601310168e-08,1.23645844126292e-09,5.66839833720752e-10,6.95954630721923e-12,2.92300944903207e-10,5.07324811561169e-10,2.64675506672126e-09,2.21409270212711e-10,1.09144056863083e-07,6.64715863330542e-08,4.64119663266563e-11,1.24103664125552e-09,6,1.42293914662649e-06,8.83353068725681e-07,4.00285092015317e-07,1.86398268177688e-06,6.00915532316689e-06,3.76277856326224e-06,1.6985567331592e-06,7.88275514147827e-06,1.43578314806728e-07,9.82404223232452e-08,5.59023057289067e-08,1.71316196786751e-07,6.6688400607573e-08,4.52118598206444e-08,2.57567047622646e-08,7.8496126598793e-08,6.02563659020567e-09,1.90576198405266e-09,9.60503870220719e-10,3.71469006219578e-09,2.77713241661161e-07,7.98853204330791e-08,4.0813659448103e-08,1.61878385385655e-07,7.15502065815967e-08,1.71266099810389e-08,8.74039127546982e-09,3.46901885319469e-08,3.45039369395891e-07,8.79698810575557e-08,4.49213369798785e-08,1.73470971117693e-07,0.000459309476668584,0.000110394872991254,6.35470863542687e-05,0.000242270548415131,0.000289857768287752,6.85317518136293e-05,3.97571452597776e-05,0.000149324843505874,3.65732636291303e-07,9.78775893790156e-08,5.23418643709714e-08,1.92819652306634e-07,2.57866083049183e-10,1.23877020434672e-10,8.12459419011929e-11,2.39033359583592e-10,1.54554102074658e-05,3.16336923984712e-06,1.64098287227396e-06,7.44216213023693e-06,1.80577841443425e-07,4.26187269224015e-06,0.000182902470429457,0.000187164466998717,2.27707361369472,97.7228602001203,1.69015480906897,0.0524888211414181,0.471966224620903,0.00101822852094341,0.00915056701502872,0.0522949633274602,6.61861850281236e-05,0.0241562196850935,2.01041288637764,0.0426818838608006,0.0470013793046297,58.9828158952898,36.6157919356023,2.03281408838747e-05,1.96127601581185e-08,4.62886732221399e-07,1.98652406972324e-05
6,"Ulu Lake","Ulu Lake","WJ192L-1","EWJ189",40.42,910.5,0.578,9.76,11.2,85,48.81237742,13,2,325,5.58,1.888333334,14.62472904,0.854491,7.430356522,0.055555556,-0.177818140820619,-0.279757225350311,233.824047,14.34398497,"Ulu","Ulu",40.42,40.42,0.192275942261157,0.183602154674556,0.24726808953939,0.0653599830285934,9652.5495293091,0.00943133113788507,0.00416950069456011,0.00480264823164018,0.00872364701767664,349.269361457192,0,0.00100574979420812,25.8276547152645,0.00109994776742367,0.375622712852095,0.213541062449597,15157.9724084149,0.00276019870950499,0.00896529658358597,301.110719126576,0.00158753736747312,40.7679595967098,0.00593856570795502,152.502367380285,"Ulu","Ulu",40.42,48812.37742,55.25,24406.18871,19.3771626297578,69589.2351213835,6.95892351213835e-05,4.763940119568,1.46074957650169e-05,0.104907408283704,0.000896424362117502,2.80867001229448e-06,2.68196769685655e-06,1.37768129655128e-07,6.09059637380217e-08,0,1.46914858595617e-08,4.03195909596992e-08,1.30960531876852e-07,1.6067482354381e-08,5.48690718723112e-06,3.11930016538969e-06,2.31899453721696e-08,8.67475734292273e-08,6,0.000245869517048858,0.000153267992786146,6.89383010650446e-05,0.000325605378461273,0.000229731575008238,0.000144682155879798,6.66114107274218e-05,0.00030022229009916,1.57397330664052e-05,1.08890081903176e-05,6.26572872485108e-06,1.86481793979461e-05,7.03609103483039e-06,4.81528663930631e-06,2.78459410282163e-06,8.39175669723027e-06,0,0,0,0,1.34349571394105e-05,4.06860992632347e-06,1.99385045262187e-06,8.00751318507657e-06,4.69648636067175e-06,1.3546448021164e-06,6.84397500059651e-07,2.66785117299993e-06,1.46932019537079e-05,4.27101356647376e-06,2.14125117652594e-06,8.60412938455776e-06,0.0205115418513175,0.00563490223116109,0.00321963240721623,0.0122117996636887,0.0130762359797406,0.0031783247369082,0.00184118072298476,0.00687265424110179,2.51850531334456e-05,7.201111951531e-06,3.85129519489322e-06,1.44196350403371e-05,1.26089016386582e-07,6.22629790031124e-08,4.0759264693273e-08,1.20686379578817e-07,0.00106968368174164,0.000221572432671136,0.000111268600402499,0.000532427985129473,8.91818396247271e-06,0.000394285190401247,0.00897106403408119,0.00936541148746144,4.21001459390355,95.7893205876943,2.3658590225083,0.116268337006826,1.63653239359897,0,0.0144643383147662,0.0768905024746853,0.000664818402122224,0.0514156441044058,1.54485636934907,0.0434429382176169,0.0456041207820058,60.1671612475883,33.9368402676529,0.000982501046660006,9.35583566100302e-07,4.13634374496414e-05,0.000941131077362605
6,"Ulu Lake","Ulu Lake","WJ192L-3","EWJ185",42.01,1000,0.161,2.22,8.9,84,38.35380306,13,2,325,4.92,1.846666667,13.7966805,1.194472,8.750710623,0.055555556,-0.153994075476706,-0.269085176631841,230.0573137,14.91805055,"Ulu","Ulu",42.01,42.01,0.077679649513274,0.211218142697257,0.189910949124287,0.0578543204353985,10245.4713029543,0.0190423243817685,0.00361545770709136,0.0086474150843434,0.0138691057771918,803.535583999325,3.73103635233825e-05,0.00099805222425048,36.7180988128123,0.00091399326096006,0.41588770631094,0.248658098416418,23599.8662758577,0.00293088806811819,0.0112752988032312,503.808211205533,0.00181979208400987,64.537106467326,0.00592328616915842,210.063420703034,"Ulu","Ulu",42.01,38353.80306,54.6,19176.90153,55.2795031055901,18941.1764707436,1.89411764707436e-05,4.2412033194,4.46599114550896e-06,0.102592593431852,0.0012254398026173,3.46916626912521e-07,9.43298355056798e-07,8.50428520788875e-08,1.61466021068321e-08,1.66627753131147e-10,4.45729239625817e-09,1.30893201606937e-08,5.03553846181983e-08,4.08188581050249e-09,1.85735081391069e-06,1.11050486578682e-06,8.12717533385537e-09,2.64533435837772e-08,6,3.13230474582002e-05,1.96588854894234e-05,8.73174824411443e-06,4.10113679260888e-05,8.26928052374464e-05,5.25270538832894e-05,2.36927365547814e-05,0.000108899518088632,9.85844375253513e-06,6.74543559477959e-06,3.90014700760035e-06,1.16580574869111e-05,1.90449765829917e-06,1.29988456828976e-06,7.47461889311167e-07,2.25349013027479e-06,1.30740786275532e-07,4.51834354885173e-08,2.33294462370378e-08,8.91120733344674e-08,3.70280604362492e-06,1.21928485928054e-06,5.90726191759136e-07,2.45459222497975e-06,1.62421781887167e-06,4.42098342366693e-07,2.30256348810003e-07,9.21332299134062e-07,7.62323684301707e-06,1.71089134770286e-06,8.63299445032717e-07,3.42390662000385e-06,0.00803127724179921,0.00188941548940341,0.00110060925739774,0.00428171418409166,0.00488909928312395,0.00114687700429188,0.000667138681479521,0.00255635081309134,6.03275338703483e-06,1.81208274797961e-06,9.81803792814458e-07,3.53337143224235e-06,4.5121494355452e-08,2.20222970528759e-08,1.44317379345543e-08,4.14624982092787e-08,0.000333702228186853,6.67128497004476e-05,3.42299360270638e-05,0.000155330798412002,3.07458670935392e-06,9.54165353104854e-05,0.00309304960835386,0.0031884881659614,2.99253220786897,97.0067771106573,2.09230350649058,0.211555923800824,0.616558207720237,0.0014170802316556,0.0138654534486375,0.0568320361770335,0.000690681473683178,0.0407680537179542,1.64739685861281,0.0382402190573255,0.0536583878832428,59.2574095012743,35.9693040901118,0.000327115270072749,3.15429824243722e-07,9.78902981378457e-06,0.000317323980934396
6,"Ulu Lake","Ulu Lake","WJ192L-4","EWJ187",42.54,1040,0.009,0,10.5,86,44.01592957,13,2,325,3.62,1.846666667,13.7966805,0.920571,6.552106762,0.0625,-0.202214574492198,-0.289378925370987,211.947183,15.07927873,"Ulu","Ulu",42.54,42.54,0.0564192790154877,0.182225458883584,0.155872219433415,0.0471329445597556,9476.82118671002,0.0181151705566773,0.00223785978339558,0.0113288237141561,0.00883150731685809,808.239187834633,1.21408854963152e-05,0.00088021419848285,35.4363127398968,0.0007599825287666,0.439425740741141,0.275790401429294,28432.12788793,0.002347775147454,0.0154189971116538,705.536293181429,0.00144592956856116,57.4193090971322,0.00492105015000646,195.419822506907,"Ulu","Ulu",42.54,44015.92957,55.9,22007.964785,1166.66666666667,1054.49591269843,1.05449591269843e-06,3.1205601659,3.37918789139674e-07,0.1154166666875,0.00106249236269178,1.9065134449047e-08,6.15774064163622e-08,6.12145649957107e-09,7.56214868269408e-10,4.10263332599826e-12,2.97440916134873e-10,7.93357334999876e-10,5.21036883371818e-09,2.56812375888117e-10,1.48490214228051e-07,9.31947585073317e-08,4.88606768989439e-10,1.66291530798579e-09,6,1.67446712975714e-06,1.05056320877974e-06,4.76361513303231e-07,2.19352399071591e-06,5.49062015556475e-06,3.50929704349349e-06,1.57706217250596e-06,7.07818793167378e-06,7.12846013202344e-07,4.93523547671279e-07,2.83113320959302e-07,8.44292653579759e-07,8.93038815519687e-08,6.02936460781445e-08,3.43453132453743e-08,1.05436615365006e-07,3.23598557350747e-09,1.11949667046487e-09,5.50587451875496e-10,2.24823179445457e-09,2.82193148525471e-07,8.19665566302066e-08,4.10036147860487e-08,1.63494601337032e-07,1.04818620729789e-07,2.73346124555478e-08,1.3940482255338e-08,5.52804052407451e-08,6.61534945270649e-07,1.76545517736853e-07,9.01537966092026e-08,3.562826956208e-07,0.000636859601847532,0.00015072871973026,8.71410821806423e-05,0.000339524528375476,0.000376566706872586,9.47566055892698e-05,5.47072855087772e-05,0.000206767035598254,4.68607707374027e-07,1.12650739015383e-07,6.03048245703267e-08,2.29305694212055e-07,2.64059174190198e-09,1.31031697191211e-09,8.67802989094304e-10,2.50395206095208e-09,2.18732060103149e-05,4.19362117663082e-06,2.18278014204157e-06,9.92081438356075e-06,2.50398576906425e-07,5.87881278122324e-06,0.000249313428083469,0.000255193551181664,2.30366823691336,97.6958183030224,1.64331001203299,0.193391857037937,0.411673102206209,0.000438685329343582,0.0107113257090455,0.0441432545978369,0.000513460064270723,0.0236266339015845,1.3751511459611,0.0321193683189342,0.0691810262913644,59.0644704900719,37.1312696384775,2.94535890375336e-05,2.89001690898332e-08,6.78512975288657e-07,2.87749248298277e-05
6,"Ulu Lake","Ulu Lake","WJ192L-5","EWJ183",43.16,1080,0.009,0,10.7,79,51.44230769,13,2,325,6.06,1.846666667,13.7966805,0.920571,7.970311688,0.055555556,-0.200549339482933,-0.236297417454867,201.9356828,15.04935179,"Ulu","Ulu",43.16,43.16,0.0569920777356683,0.17087427817063,0.154083016632623,0.0442476736046996,17086.3308312779,0.00581780696912845,0.00173058563541124,0.00283848883807671,0.00465923193527747,566.008671058804,2.24992220281245e-05,0.00072747484557602,56.2360554852295,0.00088016841160241,0.455073875958191,0.282459223470088,55369.1804757057,0.00230966681619228,0.0118608958295914,1062.56546943144,0.00482572053047125,361.851828256856,0.00642572640542111,481.826668784097,"Ulu","Ulu",43.16,51442.30769,51.35,25721.153845,1188.88888888889,1110.93749995016,1.11093749995016e-06,5.2239211617,2.12663527178621e-07,0.102592593431852,0.000944437663281533,1.21201362725054e-08,3.63387266998671e-08,1.23723535049922e-09,3.6803244531121e-10,4.78476391527589e-12,1.54707366593919e-10,4.91181891738867e-10,2.52237994261911e-09,1.87179718922573e-10,9.67776155881154e-08,6.00687747472834e-08,1.0262547491883e-09,1.36651764206166e-09,6,1.07471261062791e-06,6.61276058509025e-07,2.94848977977942e-07,1.39846863365031e-06,3.23731556657017e-06,2.06077004005157e-06,9.32278638417625e-07,4.26291382620801e-06,1.43819349848479e-07,9.87420224735301e-08,5.61508562632267e-08,1.70917007266054e-07,4.24267257637206e-08,2.92878645992102e-08,1.66371188533842e-08,5.0067194640762e-08,4.31553200291185e-09,1.31897810211621e-09,6.54105721888765e-10,2.64418942747809e-09,1.34059638925041e-07,4.25271020377339e-08,2.11763273964989e-08,8.59156083374886e-08,6.64041670844789e-08,1.64074097422139e-08,8.3890178039993e-09,3.32101491124258e-08,3.03428725591758e-07,8.42319836565278e-08,4.3895746969593e-08,1.6713375959351e-07,0.000448349295442696,9.7972287612102e-05,5.70064016747192e-05,0.000219963011481342,0.000293552985825519,6.27487351605444e-05,3.57272970912263e-05,0.000136250274481249,3.11529090290696e-07,8.17665231555744e-08,4.37640233929757e-08,1.66744854863708e-07,5.74549247535737e-09,2.77666092508644e-09,1.80851928923593e-09,5.32092472402269e-09,1.55396830851361e-05,3.41608690618821e-06,1.74839242187989e-06,8.20305200737595e-06,1.62599396410438e-07,4.27559789817067e-06,0.000162937839762991,0.000167216214322087,2.55692781678165,97.441411661877,2.04291606530946,0.059050507077822,0.395461684855091,0.000788786008260918,0.00981209257052694,0.0488986809604947,0.00166052134139224,0.0175149669055399,1.23239845394548,0.0254324033169531,0.0503730956941069,58.5901839778471,37.5255087641678,1.71551450911593e-05,1.66814937682006e-08,4.38644676845104e-07,1.67162155494688e-05
