Assembly Accession	Assembly-unit name	Chromosome name	GC Count	GC Percent	GenBank seq accession	Molecule type	Ordering	RefSeq seq accession	Role	Seq length	UCSC style name	Unlocalized Count	Sequence name
GCA_030435755.1	Primary Assembly	1	75088435	43.5	CM059647.1	Chromosome		NC_080832.1	assembled-molecule	172484232			SUPER_1
GCA_030435755.1	Primary Assembly	2	75892094	45.5	CM059648.1	Chromosome		NC_080833.1	assembled-molecule	166922408			SUPER_2
GCA_030435755.1	Primary Assembly	3	50467688	41.5	CM059649.1	Chromosome		NC_080834.1	assembled-molecule	121990123			SUPER_3
GCA_030435755.1	Primary Assembly	4	49941346	44	CM059650.1	Chromosome		NC_080835.1	assembled-molecule	113894790			SUPER_4
GCA_030435755.1	Primary Assembly	5	45047276	41.5	CM059651.1	Chromosome		NC_080836.1	assembled-molecule	108359821			SUPER_5
GCA_030435755.1	Primary Assembly	6	38856831	44	CM059652.1	Chromosome		NC_080837.1	assembled-molecule	88549462			SUPER_6
GCA_030435755.1	Primary Assembly	7	35575059	40.5	CM059653.1	Chromosome		NC_080838.1	assembled-molecule	87485032			SUPER_7
GCA_030435755.1	Primary Assembly	8	35987153	43.5	CM059654.1	Chromosome		NC_080839.1	assembled-molecule	83052879			SUPER_8
GCA_030435755.1	Primary Assembly	9	33847714	41.5	CM059655.1	Chromosome		NC_080840.1	assembled-molecule	81548301			SUPER_9
GCA_030435755.1	Primary Assembly	10	33789724	43	CM059656.1	Chromosome		NC_080841.1	assembled-molecule	78426614			SUPER_10
GCA_030435755.1	Primary Assembly	11	30955522	42	CM059657.1	Chromosome		NC_080842.1	assembled-molecule	73962893			SUPER_11
GCA_030435755.1	Primary Assembly	12	29295213	41	CM059658.1	Chromosome		NC_080843.1	assembled-molecule	71253731			SUPER_12
GCA_030435755.1	Primary Assembly	13	30933187	44.5	CM059659.1	Chromosome		NC_080844.1	assembled-molecule	69303236			SUPER_13
GCA_030435755.1	Primary Assembly	14	28703782	44	CM059660.1	Chromosome		NC_080845.1	assembled-molecule	65340785			SUPER_14
GCA_030435755.1	Primary Assembly	15	25939930	44.5	CM059661.1	Chromosome		NC_080846.1	assembled-molecule	58492975			SUPER_15
GCA_030435755.1	Primary Assembly	16	27997476	48	CM059662.1	Chromosome		NC_080847.1	assembled-molecule	58268677			SUPER_16
GCA_030435755.1	Primary Assembly	17	26878938	48.5	CM059663.1	Chromosome		NC_080848.1	assembled-molecule	55625438			SUPER_17
GCA_030435755.1	Primary Assembly	18	22696400	42.5	CM059664.1	Chromosome		NC_080849.1	assembled-molecule	53301842			SUPER_18
GCA_030435755.1	Primary Assembly	19	22749361	44.5	CM059665.1	Chromosome		NC_080850.1	assembled-molecule	51035984			SUPER_19
GCA_030435755.1	Primary Assembly	20	18896608	43.5	CM059666.1	Chromosome		NC_080851.1	assembled-molecule	43452923			SUPER_20
GCA_030435755.1	Primary Assembly	21	19895343	46.5	CM059667.1	Chromosome		NC_080852.1	assembled-molecule	42977327			SUPER_21
GCA_030435755.1	Primary Assembly	22	19194721	47.5	CM059668.1	Chromosome		NC_080853.1	assembled-molecule	40580158			SUPER_22
GCA_030435755.1	Primary Assembly	23	16541897	42	CM059669.1	Chromosome		NC_080854.1	assembled-molecule	39250794			SUPER_23
GCA_030435755.1	Primary Assembly	24	18490028	48.5	CM059670.1	Chromosome		NC_080855.1	assembled-molecule	38047451			SUPER_24
GCA_030435755.1	Primary Assembly	25	14817456	43.5	CM059671.1	Chromosome		NC_080856.1	assembled-molecule	34228997			SUPER_25
GCA_030435755.1	Primary Assembly	26	14975137	46	CM059672.1	Chromosome		NC_080857.1	assembled-molecule	32464865			SUPER_26
GCA_030435755.1	Primary Assembly	27	12622945	45	CM059673.1	Chromosome		NC_080858.1	assembled-molecule	28022759			SUPER_27
GCA_030435755.1	Primary Assembly	28	11244523	43	CM059674.1	Chromosome		NC_080859.1	assembled-molecule	26227757			SUPER_28
GCA_030435755.1	Primary Assembly	29	12701161	50	CM059675.1	Chromosome		NC_080860.1	assembled-molecule	25448729			SUPER_29
GCA_030435755.1	Primary Assembly	30	9820937	44	CM059676.1	Chromosome		NC_080861.1	assembled-molecule	22204154			SUPER_30
GCA_030435755.1	Primary Assembly	31	7631451	45.5	CM059677.1	Chromosome		NC_080862.1	assembled-molecule	16862309			SUPER_31
GCA_030435755.1	Primary Assembly	32	6965084	44.5	CM059678.1	Chromosome		NC_080863.1	assembled-molecule	15668086			SUPER_32
GCA_030435755.1	Primary Assembly	33	4724640	58	CM059679.1	Chromosome		NC_080864.1	assembled-molecule	8116937			SUPER_33
GCA_030435755.1	Primary Assembly	X	44028367	41	CM059680.1	Chromosome		NC_080865.1	assembled-molecule	107801096			SUPER_X
GCA_030435755.1	Primary Assembly	Y	14500283	42	CM059681.1	Chromosome		NC_080866.1	assembled-molecule	34419860			SUPER_Y
GCA_030435755.1	Primary Assembly	Un			JAUDYK010000037.1	Chromosome		NW_026696054.1	unplaced-scaffold	49659			HAP1_SCAFFOLD_2361
GCA_030435755.1	Primary Assembly	Un			JAUDYK010000038.1	Chromosome		NW_026696055.1	unplaced-scaffold	73213			HAP1_SCAFFOLD_1229
GCA_030435755.1	Primary Assembly	Un			JAUDYK010000039.1	Chromosome		NW_026696056.1	unplaced-scaffold	26593			HAP1_SCAFFOLD_5312
GCA_030435755.1	Primary Assembly	Un			JAUDYK010000040.1	Chromosome		NW_026696057.1	unplaced-scaffold	35353			HAP1_SCAFFOLD_4011
GCA_030435755.1	Primary Assembly	Un			JAUDYK010000041.1	Chromosome		NW_026696058.1	unplaced-scaffold	72254			HAP1_SCAFFOLD_1255
GCA_030435755.1	Primary Assembly	Un			JAUDYK010000042.1	Chromosome		NW_026696059.1	unplaced-scaffold	28640			HAP1_SCAFFOLD_5056
GCA_030435755.1	Primary Assembly	Un			JAUDYK010000043.1	Chromosome		NW_026696060.1	unplaced-scaffold	163344			HAP1_SCAFFOLD_346
GCA_030435755.1	Primary Assembly	Un			JAUDYK010000044.1	Chromosome		NW_026696061.1	unplaced-scaffold	54665			HAP1_SCAFFOLD_1993
GCA_030435755.1	Primary Assembly	Un			JAUDYK010000045.1	Chromosome		NW_026696062.1	unplaced-scaffold	25919			HAP1_SCAFFOLD_5396
GCA_030435755.1	Primary Assembly	Un			JAUDYK010000046.1	Chromosome		NW_026696063.1	unplaced-scaffold	13148			HAP1_SCAFFOLD_5947
GCA_030435755.1	Primary Assembly	Un			JAUDYK010000047.1	Chromosome		NW_026696064.1	unplaced-scaffold	511998			HAP1_SCAFFOLD_112
GCA_030435755.1	Primary Assembly	Un			JAUDYK010000048.1	Chromosome		NW_026696065.1	unplaced-scaffold	29927			HAP1_SCAFFOLD_4856
GCA_030435755.1	Primary Assembly	Un			JAUDYK010000049.1	Chromosome		NW_026696066.1	unplaced-scaffold	30713			HAP1_SCAFFOLD_4749
GCA_030435755.1	Primary Assembly	Un			JAUDYK010000050.1	Chromosome		NW_026696067.1	unplaced-scaffold	31422			HAP1_SCAFFOLD_4632
GCA_030435755.1	Primary Assembly	Un			JAUDYK010000051.1	Chromosome		NW_026696068.1	unplaced-scaffold	34461			HAP1_SCAFFOLD_4138
GCA_030435755.1	Primary Assembly	Un			JAUDYK010000052.1	Chromosome		NW_026696069.1	unplaced-scaffold	21022			HAP1_SCAFFOLD_5799
GCA_030435755.1	Primary Assembly	Un			JAUDYK010000053.1	Chromosome		NW_026696070.1	unplaced-scaffold	20761			HAP1_SCAFFOLD_5811
GCA_030435755.1	Primary Assembly	Un			JAUDYK010000054.1	Chromosome		NW_026696071.1	unplaced-scaffold	27623			HAP1_SCAFFOLD_5182
GCA_030435755.1	Primary Assembly	Un			JAUDYK010000055.1	Chromosome		NW_026696072.1	unplaced-scaffold	23093			HAP1_SCAFFOLD_5688
GCA_030435755.1	Primary Assembly	Un			JAUDYK010000056.1	Chromosome		NW_026696073.1	unplaced-scaffold	38427			HAP1_SCAFFOLD_3549
GCA_030435755.1	Primary Assembly	Un			JAUDYK010000057.1	Chromosome		NW_026696074.1	unplaced-scaffold	96124			HAP1_SCAFFOLD_795
GCA_030435755.1	Primary Assembly	Un			JAUDYK010000058.1	Chromosome		NW_026696075.1	unplaced-scaffold	25818			HAP1_SCAFFOLD_5402
GCA_030435755.1	Primary Assembly	Un			JAUDYK010000059.1	Chromosome		NW_026696076.1	unplaced-scaffold	95112			HAP1_SCAFFOLD_808
GCA_030435755.1	Primary Assembly	Un			JAUDYK010000060.1	Chromosome		NW_026696077.1	unplaced-scaffold	33089			HAP1_SCAFFOLD_4346
GCA_030435755.1	Primary Assembly	Un			JAUDYK010000061.1	Chromosome		NW_026696078.1	unplaced-scaffold	29052			HAP1_SCAFFOLD_4997
GCA_030435755.1	Primary Assembly	Un			JAUDYK010000062.1	Chromosome		NW_026696079.1	unplaced-scaffold	35697			HAP1_SCAFFOLD_3972
GCA_030435755.1	Primary Assembly	Un			JAUDYK010000063.1	Chromosome		NW_026696080.1	unplaced-scaffold	44293			HAP1_SCAFFOLD_2862
GCA_030435755.1	Primary Assembly	Un			JAUDYK010000064.1	Chromosome		NW_026696081.1	unplaced-scaffold	32230			HAP1_SCAFFOLD_4487
GCA_030435755.1	Primary Assembly	Un			JAUDYK010000065.1	Chromosome		NW_026696082.1	unplaced-scaffold	81496			HAP1_SCAFFOLD_1042
GCA_030435755.1	Primary Assembly	Un			JAUDYK010000066.1	Chromosome		NW_026696083.1	unplaced-scaffold	34684			HAP1_SCAFFOLD_4107
GCA_030435755.1	Primary Assembly	Un			JAUDYK010000067.1	Chromosome		NW_026696084.1	unplaced-scaffold	37532			HAP1_SCAFFOLD_3691
GCA_030435755.1	Primary Assembly	Un			JAUDYK010000068.1	Chromosome		NW_026696085.1	unplaced-scaffold	54479			HAP1_SCAFFOLD_2004
GCA_030435755.1	Primary Assembly	Un			JAUDYK010000069.1	Chromosome		NW_026696086.1	unplaced-scaffold	57715			HAP1_SCAFFOLD_1816
GCA_030435755.1	Primary Assembly	Un			JAUDYK010000070.1	Chromosome		NW_026696087.1	unplaced-scaffold	40520			HAP1_SCAFFOLD_3280
GCA_030435755.1	Primary Assembly	Un			JAUDYK010000071.1	Chromosome		NW_026696088.1	unplaced-scaffold	42530			HAP1_SCAFFOLD_3036
GCA_030435755.1	Primary Assembly	Un			JAUDYK010000072.1	Chromosome		NW_026696089.1	unplaced-scaffold	36812			HAP1_SCAFFOLD_3805
GCA_030435755.1	Primary Assembly	Un			JAUDYK010000073.1	Chromosome		NW_026696090.1	unplaced-scaffold	78492			HAP1_SCAFFOLD_1103
GCA_030435755.1	Primary Assembly	Un			JAUDYK010000074.1	Chromosome		NW_026696091.1	unplaced-scaffold	67976			HAP1_SCAFFOLD_1391
GCA_030435755.1	Primary Assembly	Un			JAUDYK010000075.1	Chromosome		NW_026696092.1	unplaced-scaffold	65306			HAP1_SCAFFOLD_1483
GCA_030435755.1	Primary Assembly	Un			JAUDYK010000076.1	Chromosome		NW_026696093.1	unplaced-scaffold	56253			HAP1_SCAFFOLD_1892
GCA_030435755.1	Primary Assembly	Un			JAUDYK010000077.1	Chromosome		NW_026696094.1	unplaced-scaffold	81069			HAP1_SCAFFOLD_1051
GCA_030435755.1	Primary Assembly	Un			JAUDYK010000078.1	Chromosome		NW_026696095.1	unplaced-scaffold	33949			HAP1_SCAFFOLD_4215
GCA_030435755.1	Primary Assembly	Un			JAUDYK010000079.1	Chromosome		NW_026696096.1	unplaced-scaffold	75116			HAP1_SCAFFOLD_1175
GCA_030435755.1	Primary Assembly	Un			JAUDYK010000080.1	Chromosome		NW_026696097.1	unplaced-scaffold	31227			HAP1_SCAFFOLD_4670
GCA_030435755.1	Primary Assembly	Un			JAUDYK010000081.1	Chromosome		NW_026696098.1	unplaced-scaffold	24454			HAP1_SCAFFOLD_5568
GCA_030435755.1	Primary Assembly	Un			JAUDYK010000082.1	Chromosome		NW_026696099.1	unplaced-scaffold	35986			HAP1_SCAFFOLD_3930
GCA_030435755.1	Primary Assembly	Un			JAUDYK010000083.1	Chromosome		NW_026696100.1	unplaced-scaffold	36410			HAP1_SCAFFOLD_3873
GCA_030435755.1	Primary Assembly	Un			JAUDYK010000084.1	Chromosome		NW_026696101.1	unplaced-scaffold	43186			HAP1_SCAFFOLD_2963
GCA_030435755.1	Primary Assembly	Un			JAUDYK010000085.1	Chromosome		NW_026696102.1	unplaced-scaffold	105663			HAP1_SCAFFOLD_683
GCA_030435755.1	Primary Assembly	Un			JAUDYK010000086.1	Chromosome		NW_026696103.1	unplaced-scaffold	32342			HAP1_SCAFFOLD_4464
GCA_030435755.1	Primary Assembly	Un			JAUDYK010000087.1	Chromosome		NW_026696104.1	unplaced-scaffold	50929			HAP1_SCAFFOLD_2253
GCA_030435755.1	Primary Assembly	Un			JAUDYK010000088.1	Chromosome		NW_026696105.1	unplaced-scaffold	120766			HAP1_SCAFFOLD_548
GCA_030435755.1	Primary Assembly	Un			JAUDYK010000089.1	Chromosome		NW_026696106.1	unplaced-scaffold	31909			HAP1_SCAFFOLD_4541
GCA_030435755.1	Primary Assembly	Un			JAUDYK010000090.1	Chromosome		NW_026696107.1	unplaced-scaffold	35892			HAP1_SCAFFOLD_3944
GCA_030435755.1	Primary Assembly	Un			JAUDYK010000091.1	Chromosome		NW_026696108.1	unplaced-scaffold	124970			HAP1_SCAFFOLD_510
GCA_030435755.1	Primary Assembly	Un			JAUDYK010000092.1	Chromosome		NW_026696109.1	unplaced-scaffold	37184			HAP1_SCAFFOLD_3741
GCA_030435755.1	Primary Assembly	Un			JAUDYK010000093.1	Chromosome		NW_026696110.1	unplaced-scaffold	24245			HAP1_SCAFFOLD_5591
GCA_030435755.1	Primary Assembly	Un			JAUDYK010000094.1	Chromosome		NW_026696111.1	unplaced-scaffold	66957			HAP1_SCAFFOLD_1422
GCA_030435755.1	Primary Assembly	Un			JAUDYK010000095.1	Chromosome		NW_026696112.1	unplaced-scaffold	41507			HAP1_SCAFFOLD_3162
GCA_030435755.1	Primary Assembly	Un			JAUDYK010000096.1	Chromosome		NW_026696113.1	unplaced-scaffold	37684			HAP1_SCAFFOLD_3668
GCA_030435755.1	Primary Assembly	Un			JAUDYK010000097.1	Chromosome		NW_026696114.1	unplaced-scaffold	31799			HAP1_SCAFFOLD_4552
GCA_030435755.1	Primary Assembly	Un			JAUDYK010000098.1	Chromosome		NW_026696115.1	unplaced-scaffold	57271			HAP1_SCAFFOLD_1839
GCA_030435755.1	Primary Assembly	Un			JAUDYK010000099.1	Chromosome		NW_026696116.1	unplaced-scaffold	45555			HAP1_SCAFFOLD_2720
GCA_030435755.1	Primary Assembly	Un			JAUDYK010000100.1	Chromosome		NW_026696117.1	unplaced-scaffold	27405			HAP1_SCAFFOLD_5209
GCA_030435755.1	Primary Assembly	Un			JAUDYK010000101.1	Chromosome		NW_026696118.1	unplaced-scaffold	42676			HAP1_SCAFFOLD_3019
GCA_030435755.1	Primary Assembly	Un			JAUDYK010000102.1	Chromosome		NW_026696119.1	unplaced-scaffold	42879			HAP1_SCAFFOLD_2995
GCA_030435755.1	Primary Assembly	Un			JAUDYK010000103.1	Chromosome		NW_026696120.1	unplaced-scaffold	47051			HAP1_SCAFFOLD_2566
GCA_030435755.1	Primary Assembly	Un			JAUDYK010000104.1	Chromosome		NW_026696121.1	unplaced-scaffold	97426			HAP1_SCAFFOLD_777
GCA_030435755.1	Primary Assembly	Un			JAUDYK010000105.1	Chromosome		NW_026696122.1	unplaced-scaffold	37094			HAP1_SCAFFOLD_3752
GCA_030435755.1	Primary Assembly	Un			JAUDYK010000106.1	Chromosome		NW_026696123.1	unplaced-scaffold	21768			HAP1_SCAFFOLD_5770
GCA_030435755.1	Primary Assembly	Un			JAUDYK010000107.1	Chromosome		NW_026696124.1	unplaced-scaffold	68554			HAP1_SCAFFOLD_1368
GCA_030435755.1	Primary Assembly	Un			JAUDYK010000108.1	Chromosome		NW_026696125.1	unplaced-scaffold	27002			HAP1_SCAFFOLD_5260
GCA_030435755.1	Primary Assembly	Un			JAUDYK010000109.1	Chromosome		NW_026696126.1	unplaced-scaffold	64446			HAP1_SCAFFOLD_1512
GCA_030435755.1	Primary Assembly	Un			JAUDYK010000110.1	Chromosome		NW_026696127.1	unplaced-scaffold	48218			HAP1_SCAFFOLD_2485
GCA_030435755.1	Primary Assembly	Un			JAUDYK010000111.1	Chromosome		NW_026696128.1	unplaced-scaffold	52925			HAP1_SCAFFOLD_2105
GCA_030435755.1	Primary Assembly	Un			JAUDYK010000112.1	Chromosome		NW_026696129.1	unplaced-scaffold	100813			HAP1_SCAFFOLD_726
GCA_030435755.1	Primary Assembly	Un			JAUDYK010000113.1	Chromosome		NW_026696130.1	unplaced-scaffold	53589			HAP1_SCAFFOLD_2058
GCA_030435755.1	Primary Assembly	Un			JAUDYK010000114.1	Chromosome		NW_026696131.1	unplaced-scaffold	111436			HAP1_SCAFFOLD_622
GCA_030435755.1	Primary Assembly	Un			JAUDYK010000115.1	Chromosome		NW_026696132.1	unplaced-scaffold	49177			HAP1_SCAFFOLD_2398
GCA_030435755.1	Primary Assembly	Un			JAUDYK010000116.1	Chromosome		NW_026696133.1	unplaced-scaffold	38214			HAP1_SCAFFOLD_3588
GCA_030435755.1	Primary Assembly	Un			JAUDYK010000117.1	Chromosome		NW_026696134.1	unplaced-scaffold	23584			HAP1_SCAFFOLD_5649
GCA_030435755.1	Primary Assembly	Un			JAUDYK010000118.1	Chromosome		NW_026696135.1	unplaced-scaffold	52064			HAP1_SCAFFOLD_2173
GCA_030435755.1	Primary Assembly	Un			JAUDYK010000119.1	Chromosome		NW_026696136.1	unplaced-scaffold	62293			HAP1_SCAFFOLD_1596
GCA_030435755.1	Primary Assembly	Un			JAUDYK010000120.1	Chromosome		NW_026696137.1	unplaced-scaffold	55022			HAP1_SCAFFOLD_1965
GCA_030435755.1	Primary Assembly	Un			JAUDYK010000121.1	Chromosome		NW_026696138.1	unplaced-scaffold	127245			HAP1_SCAFFOLD_494
GCA_030435755.1	Primary Assembly	Un			JAUDYK010000122.1	Chromosome		NW_026696139.1	unplaced-scaffold	28086			HAP1_SCAFFOLD_5123
GCA_030435755.1	Primary Assembly	Un			JAUDYK010000123.1	Chromosome		NW_026696140.1	unplaced-scaffold	45849			HAP1_SCAFFOLD_2686
GCA_030435755.1	Primary Assembly	Un			JAUDYK010000124.1	Chromosome		NW_026696141.1	unplaced-scaffold	113933			HAP1_SCAFFOLD_599
GCA_030435755.1	Primary Assembly	Un			JAUDYK010000125.1	Chromosome		NW_026696142.1	unplaced-scaffold	79707			HAP1_SCAFFOLD_1074
GCA_030435755.1	Primary Assembly	Un			JAUDYK010000126.1	Chromosome		NW_026696143.1	unplaced-scaffold	30417			HAP1_SCAFFOLD_4788
GCA_030435755.1	Primary Assembly	Un			JAUDYK010000127.1	Chromosome		NW_026696144.1	unplaced-scaffold	31046			HAP1_SCAFFOLD_4699
GCA_030435755.1	Primary Assembly	Un			JAUDYK010000128.1	Chromosome		NW_026696145.1	unplaced-scaffold	51403			HAP1_SCAFFOLD_2217
GCA_030435755.1	Primary Assembly	Un			JAUDYK010000129.1	Chromosome		NW_026696146.1	unplaced-scaffold	22383			HAP1_SCAFFOLD_5732
GCA_030435755.1	Primary Assembly	Un			JAUDYK010000130.1	Chromosome		NW_026696147.1	unplaced-scaffold	35086			HAP1_SCAFFOLD_4038
GCA_030435755.1	Primary Assembly	Un			JAUDYK010000131.1	Chromosome		NW_026696148.1	unplaced-scaffold	42882			HAP1_SCAFFOLD_2994
GCA_030435755.1	Primary Assembly	Un			JAUDYK010000132.1	Chromosome		NW_026696149.1	unplaced-scaffold	32211			HAP1_SCAFFOLD_4493
GCA_030435755.1	Primary Assembly	Un			JAUDYK010000133.1	Chromosome		NW_026696150.1	unplaced-scaffold	32910			HAP1_SCAFFOLD_4381
GCA_030435755.1	Primary Assembly	Un			JAUDYK010000134.1	Chromosome		NW_026696151.1	unplaced-scaffold	28382			HAP1_SCAFFOLD_5082
GCA_030435755.1	Primary Assembly	Un			JAUDYK010000135.1	Chromosome		NW_026696152.1	unplaced-scaffold	94018			HAP1_SCAFFOLD_818
GCA_030435755.1	Primary Assembly	Un			JAUDYK010000136.1	Chromosome		NW_026696153.1	unplaced-scaffold	92306			HAP1_SCAFFOLD_840
GCA_030435755.1	Primary Assembly	Un			JAUDYK010000137.1	Chromosome		NW_026696154.1	unplaced-scaffold	44852			HAP1_SCAFFOLD_2791
GCA_030435755.1	Primary Assembly	Un			JAUDYK010000138.1	Chromosome		NW_026696155.1	unplaced-scaffold	44658			HAP1_SCAFFOLD_2819
GCA_030435755.1	Primary Assembly	Un			JAUDYK010000139.1	Chromosome		NW_026696156.1	unplaced-scaffold	25533			HAP1_SCAFFOLD_5443
GCA_030435755.1	Primary Assembly	Un			JAUDYK010000140.1	Chromosome		NW_026696157.1	unplaced-scaffold	64928			HAP1_SCAFFOLD_1497
GCA_030435755.1	Primary Assembly	Un			JAUDYK010000141.1	Chromosome		NW_026696158.1	unplaced-scaffold	27886			HAP1_SCAFFOLD_5156
GCA_030435755.1	Primary Assembly	Un			JAUDYK010000142.1	Chromosome		NW_026696159.1	unplaced-scaffold	24970			HAP1_SCAFFOLD_5520
GCA_030435755.1	Primary Assembly	Un			JAUDYK010000143.1	Chromosome		NW_026696160.1	unplaced-scaffold	26175			HAP1_SCAFFOLD_5369
GCA_030435755.1	Primary Assembly	Un			JAUDYK010000144.1	Chromosome		NW_026696161.1	unplaced-scaffold	98928			HAP1_SCAFFOLD_752
GCA_030435755.1	Primary Assembly	Un			JAUDYK010000145.1	Chromosome		NW_026696162.1	unplaced-scaffold	85739			HAP1_SCAFFOLD_961
GCA_030435755.1	Primary Assembly	Un			JAUDYK010000146.1	Chromosome		NW_026696163.1	unplaced-scaffold	47016			HAP1_SCAFFOLD_2570
GCA_030435755.1	Primary Assembly	Un			JAUDYK010000147.1	Chromosome		NW_026696164.1	unplaced-scaffold	107651			HAP1_SCAFFOLD_656
GCA_030435755.1	Primary Assembly	Un			JAUDYK010000148.1	Chromosome		NW_026696165.1	unplaced-scaffold	92792			HAP1_SCAFFOLD_831
GCA_030435755.1	Primary Assembly	Un			JAUDYK010000149.1	Chromosome		NW_026696166.1	unplaced-scaffold	21835			HAP1_SCAFFOLD_5766
GCA_030435755.1	Primary Assembly	Un			JAUDYK010000150.1	Chromosome		NW_026696167.1	unplaced-scaffold	71810			HAP1_SCAFFOLD_1271
GCA_030435755.1	Primary Assembly	Un			JAUDYK010000151.1	Chromosome		NW_026696168.1	unplaced-scaffold	34666			HAP1_SCAFFOLD_4111
GCA_030435755.1	Primary Assembly	Un			JAUDYK010000152.1	Chromosome		NW_026696169.1	unplaced-scaffold	73749			HAP1_SCAFFOLD_1208
GCA_030435755.1	Primary Assembly	Un			JAUDYK010000153.1	Chromosome		NW_026696170.1	unplaced-scaffold	29755			HAP1_SCAFFOLD_4882
GCA_030435755.1	Primary Assembly	Un			JAUDYK010000154.1	Chromosome		NW_026696171.1	unplaced-scaffold	20164			HAP1_SCAFFOLD_5838
GCA_030435755.1	Primary Assembly	Un			JAUDYK010000155.1	Chromosome		NW_026696172.1	unplaced-scaffold	35874			HAP1_SCAFFOLD_3945
GCA_030435755.1	Primary Assembly	Un			JAUDYK010000156.1	Chromosome		NW_026696173.1	unplaced-scaffold	48444			HAP1_SCAFFOLD_2467
GCA_030435755.1	Primary Assembly	Un			JAUDYK010000157.1	Chromosome		NW_026696174.1	unplaced-scaffold	26900			HAP1_SCAFFOLD_5276
GCA_030435755.1	Primary Assembly	Un			JAUDYK010000158.1	Chromosome		NW_026696175.1	unplaced-scaffold	79405			HAP1_SCAFFOLD_1075
GCA_030435755.1	Primary Assembly	Un			JAUDYK010000159.1	Chromosome		NW_026696176.1	unplaced-scaffold	26685			HAP1_SCAFFOLD_5300
GCA_030435755.1	Primary Assembly	Un			JAUDYK010000160.1	Chromosome		NW_026696177.1	unplaced-scaffold	58728			HAP1_SCAFFOLD_1761
GCA_030435755.1	Primary Assembly	Un			JAUDYK010000161.1	Chromosome		NW_026696178.1	unplaced-scaffold	72885			HAP1_SCAFFOLD_1237
GCA_030435755.1	Primary Assembly	Un			JAUDYK010000162.1	Chromosome		NW_026696179.1	unplaced-scaffold	20845			HAP1_SCAFFOLD_5807
GCA_030435755.1	Primary Assembly	Un			JAUDYK010000163.1	Chromosome		NW_026696180.1	unplaced-scaffold	100607			HAP1_SCAFFOLD_730
GCA_030435755.1	Primary Assembly	Un			JAUDYK010000164.1	Chromosome		NW_026696181.1	unplaced-scaffold	51314			HAP1_SCAFFOLD_2226
GCA_030435755.1	Primary Assembly	Un			JAUDYK010000165.1	Chromosome		NW_026696182.1	unplaced-scaffold	33808			HAP1_SCAFFOLD_4233
GCA_030435755.1	Primary Assembly	Un			JAUDYK010000166.1	Chromosome		NW_026696183.1	unplaced-scaffold	55030			HAP1_SCAFFOLD_1964
GCA_030435755.1	Primary Assembly	Un			JAUDYK010000167.1	Chromosome		NW_026696184.1	unplaced-scaffold	76526			HAP1_SCAFFOLD_1151
GCA_030435755.1	Primary Assembly	Un			JAUDYK010000168.1	Chromosome		NW_026696185.1	unplaced-scaffold	54724			HAP1_SCAFFOLD_1987
GCA_030435755.1	Primary Assembly	Un			JAUDYK010000169.1	Chromosome		NW_026696186.1	unplaced-scaffold	41681			HAP1_SCAFFOLD_3136
GCA_030435755.1	Primary Assembly	Un			JAUDYK010000170.1	Chromosome		NW_026696187.1	unplaced-scaffold	39925			HAP1_SCAFFOLD_3348
GCA_030435755.1	Primary Assembly	Un			JAUDYK010000171.1	Chromosome		NW_026696188.1	unplaced-scaffold	83111			HAP1_SCAFFOLD_1003
GCA_030435755.1	Primary Assembly	Un			JAUDYK010000172.1	Chromosome		NW_026696189.1	unplaced-scaffold	106724			HAP1_SCAFFOLD_668
GCA_030435755.1	Primary Assembly	Un			JAUDYK010000173.1	Chromosome		NW_026696190.1	unplaced-scaffold	61281			HAP1_SCAFFOLD_1648
GCA_030435755.1	Primary Assembly	Un			JAUDYK010000174.1	Chromosome		NW_026696191.1	unplaced-scaffold	76862			HAP1_SCAFFOLD_1142
GCA_030435755.1	Primary Assembly	Un			JAUDYK010000175.1	Chromosome		NW_026696192.1	unplaced-scaffold	35406			HAP1_SCAFFOLD_4007
GCA_030435755.1	Primary Assembly	Un			JAUDYK010000176.1	Chromosome		NW_026696193.1	unplaced-scaffold	47536			HAP1_SCAFFOLD_2532
GCA_030435755.1	Primary Assembly	Un			JAUDYK010000177.1	Chromosome		NW_026696194.1	unplaced-scaffold	99540			HAP1_SCAFFOLD_741
GCA_030435755.1	Primary Assembly	Un			JAUDYK010000178.1	Chromosome		NW_026696195.1	unplaced-scaffold	52938			HAP1_SCAFFOLD_2104
GCA_030435755.1	Primary Assembly	Un			JAUDYK010000179.1	Chromosome		NW_026696196.1	unplaced-scaffold	36516			HAP1_SCAFFOLD_3858
GCA_030435755.1	Primary Assembly	Un			JAUDYK010000180.1	Chromosome		NW_026696197.1	unplaced-scaffold	48218			HAP1_SCAFFOLD_2484
GCA_030435755.1	Primary Assembly	Un			JAUDYK010000181.1	Chromosome		NW_026696198.1	unplaced-scaffold	25766			HAP1_SCAFFOLD_5410
GCA_030435755.1	Primary Assembly	Un			JAUDYK010000182.1	Chromosome		NW_026696199.1	unplaced-scaffold	29143			HAP1_SCAFFOLD_4983
GCA_030435755.1	Primary Assembly	Un			JAUDYK010000183.1	Chromosome		NW_026696200.1	unplaced-scaffold	41852			HAP1_SCAFFOLD_3119
GCA_030435755.1	Primary Assembly	Un			JAUDYK010000184.1	Chromosome		NW_026696201.1	unplaced-scaffold	130273			HAP1_SCAFFOLD_480
GCA_030435755.1	Primary Assembly	Un			JAUDYK010000185.1	Chromosome		NW_026696202.1	unplaced-scaffold	51596			HAP1_SCAFFOLD_2201
GCA_030435755.1	Primary Assembly	Un			JAUDYK010000186.1	Chromosome		NW_026696203.1	unplaced-scaffold	50694			HAP1_SCAFFOLD_2278
GCA_030435755.1	Primary Assembly	Un			JAUDYK010000187.1	Chromosome		NW_026696204.1	unplaced-scaffold	64868			HAP1_SCAFFOLD_1500
GCA_030435755.1	Primary Assembly	Un			JAUDYK010000188.1	Chromosome		NW_026696205.1	unplaced-scaffold	42291			HAP1_SCAFFOLD_3062
GCA_030435755.1	Primary Assembly	Un			JAUDYK010000189.1	Chromosome		NW_026696206.1	unplaced-scaffold	27245			HAP1_SCAFFOLD_5228
GCA_030435755.1	Primary Assembly	Un			JAUDYK010000190.1	Chromosome		NW_026696207.1	unplaced-scaffold	60453			HAP1_SCAFFOLD_1689
GCA_030435755.1	Primary Assembly	Un			JAUDYK010000191.1	Chromosome		NW_026696208.1	unplaced-scaffold	72300			HAP1_SCAFFOLD_1254
GCA_030435755.1	Primary Assembly	Un			JAUDYK010000192.1	Chromosome		NW_026696209.1	unplaced-scaffold	172679			HAP1_SCAFFOLD_321
GCA_030435755.1	Primary Assembly	Un			JAUDYK010000193.1	Chromosome		NW_026696210.1	unplaced-scaffold	58129			HAP1_SCAFFOLD_1798
GCA_030435755.1	Primary Assembly	Un			JAUDYK010000194.1	Chromosome		NW_026696211.1	unplaced-scaffold	36928			HAP1_SCAFFOLD_3786
GCA_030435755.1	Primary Assembly	Un			JAUDYK010000195.1	Chromosome		NW_026696212.1	unplaced-scaffold	31623			HAP1_SCAFFOLD_4586
GCA_030435755.1	Primary Assembly	Un			JAUDYK010000196.1	Chromosome		NW_026696213.1	unplaced-scaffold	29482			HAP1_SCAFFOLD_4922
GCA_030435755.1	Primary Assembly	Un			JAUDYK010000197.1	Chromosome		NW_026696214.1	unplaced-scaffold	126054			HAP1_SCAFFOLD_500
GCA_030435755.1	Primary Assembly	Un			JAUDYK010000198.1	Chromosome		NW_026696215.1	unplaced-scaffold	46712			HAP1_SCAFFOLD_2599
GCA_030435755.1	Primary Assembly	Un			JAUDYK010000199.1	Chromosome		NW_026696216.1	unplaced-scaffold	39621			HAP1_SCAFFOLD_3389
GCA_030435755.1	Primary Assembly	Un			JAUDYK010000200.1	Chromosome		NW_026696217.1	unplaced-scaffold	90182			HAP1_SCAFFOLD_873
GCA_030435755.1	Primary Assembly	Un			JAUDYK010000201.1	Chromosome		NW_026696218.1	unplaced-scaffold	28852			HAP1_SCAFFOLD_5023
GCA_030435755.1	Primary Assembly	Un			JAUDYK010000202.1	Chromosome		NW_026696219.1	unplaced-scaffold	33955			HAP1_SCAFFOLD_4214
GCA_030435755.1	Primary Assembly	Un			JAUDYK010000203.1	Chromosome		NW_026696220.1	unplaced-scaffold	75251			HAP1_SCAFFOLD_1174
GCA_030435755.1	Primary Assembly	Un			JAUDYK010000204.1	Chromosome		NW_026696221.1	unplaced-scaffold	367803			HAP1_SCAFFOLD_144
GCA_030435755.1	Primary Assembly	Un			JAUDYK010000205.1	Chromosome		NW_026696222.1	unplaced-scaffold	32338			HAP1_SCAFFOLD_4465
GCA_030435755.1	Primary Assembly	Un			JAUDYK010000206.1	Chromosome		NW_026696223.1	unplaced-scaffold	46311			HAP1_SCAFFOLD_2641
GCA_030435755.1	Primary Assembly	Un			JAUDYK010000207.1	Chromosome		NW_026696224.1	unplaced-scaffold	53388			HAP1_SCAFFOLD_2073
GCA_030435755.1	Primary Assembly	Un			JAUDYK010000208.1	Chromosome		NW_026696225.1	unplaced-scaffold	46135			HAP1_SCAFFOLD_2652
GCA_030435755.1	Primary Assembly	Un			JAUDYK010000209.1	Chromosome		NW_026696226.1	unplaced-scaffold	52345			HAP1_SCAFFOLD_2158
GCA_030435755.1	Primary Assembly	Un			JAUDYK010000210.1	Chromosome		NW_026696227.1	unplaced-scaffold	57520			HAP1_SCAFFOLD_1827
GCA_030435755.1	Primary Assembly	Un			JAUDYK010000211.1	Chromosome		NW_026696228.1	unplaced-scaffold	63062			HAP1_SCAFFOLD_1569
GCA_030435755.1	Primary Assembly	Un			JAUDYK010000212.1	Chromosome		NW_026696229.1	unplaced-scaffold	36813			HAP1_SCAFFOLD_3804
GCA_030435755.1	Primary Assembly	Un			JAUDYK010000213.1	Chromosome		NW_026696230.1	unplaced-scaffold	70296			HAP1_SCAFFOLD_1320
GCA_030435755.1	Primary Assembly	Un			JAUDYK010000214.1	Chromosome		NW_026696231.1	unplaced-scaffold	31275			HAP1_SCAFFOLD_4666
GCA_030435755.1	Primary Assembly	Un			JAUDYK010000215.1	Chromosome		NW_026696232.1	unplaced-scaffold	37973			HAP1_SCAFFOLD_3620
GCA_030435755.1	Primary Assembly	Un			JAUDYK010000216.1	Chromosome		NW_026696233.1	unplaced-scaffold	45110			HAP1_SCAFFOLD_2768
GCA_030435755.1	Primary Assembly	Un			JAUDYK010000217.1	Chromosome		NW_026696234.1	unplaced-scaffold	54471			HAP1_SCAFFOLD_2005
GCA_030435755.1	Primary Assembly	Un			JAUDYK010000218.1	Chromosome		NW_026696235.1	unplaced-scaffold	30176			HAP1_SCAFFOLD_4823
GCA_030435755.1	Primary Assembly	Un			JAUDYK010000219.1	Chromosome		NW_026696236.1	unplaced-scaffold	44507			HAP1_SCAFFOLD_2836
GCA_030435755.1	Primary Assembly	Un			JAUDYK010000220.1	Chromosome		NW_026696237.1	unplaced-scaffold	33903			HAP1_SCAFFOLD_4220
GCA_030435755.1	Primary Assembly	Un			JAUDYK010000221.1	Chromosome		NW_026696238.1	unplaced-scaffold	53240			HAP1_SCAFFOLD_2083
GCA_030435755.1	Primary Assembly	Un			JAUDYK010000222.1	Chromosome		NW_026696239.1	unplaced-scaffold	40625			HAP1_SCAFFOLD_3266
GCA_030435755.1	Primary Assembly	Un			JAUDYK010000223.1	Chromosome		NW_026696240.1	unplaced-scaffold	43752			HAP1_SCAFFOLD_2907
GCA_030435755.1	Primary Assembly	Un			JAUDYK010000224.1	Chromosome		NW_026696241.1	unplaced-scaffold	67671			HAP1_SCAFFOLD_1404
GCA_030435755.1	Primary Assembly	Un			JAUDYK010000225.1	Chromosome		NW_026696242.1	unplaced-scaffold	39297			HAP1_SCAFFOLD_3427
GCA_030435755.1	Primary Assembly	Un			JAUDYK010000226.1	Chromosome		NW_026696243.1	unplaced-scaffold	74779			HAP1_SCAFFOLD_1184
GCA_030435755.1	Primary Assembly	Un			JAUDYK010000227.1	Chromosome		NW_026696244.1	unplaced-scaffold	175536			HAP1_SCAFFOLD_309
GCA_030435755.1	Primary Assembly	Un			JAUDYK010000228.1	Chromosome		NW_026696245.1	unplaced-scaffold	48775			HAP1_SCAFFOLD_2442
GCA_030435755.1	Primary Assembly	Un			JAUDYK010000229.1	Chromosome		NW_026696246.1	unplaced-scaffold	166490			HAP1_SCAFFOLD_335
GCA_030435755.1	Primary Assembly	Un			JAUDYK010000230.1	Chromosome		NW_026696247.1	unplaced-scaffold	75659			HAP1_SCAFFOLD_1167
GCA_030435755.1	Primary Assembly	Un			JAUDYK010000231.1	Chromosome		NW_026696248.1	unplaced-scaffold	70545			HAP1_SCAFFOLD_1314
GCA_030435755.1	Primary Assembly	Un			JAUDYK010000232.1	Chromosome		NW_026696249.1	unplaced-scaffold	59088			HAP1_SCAFFOLD_1740
GCA_030435755.1	Primary Assembly	Un			JAUDYK010000233.1	Chromosome		NW_026696250.1	unplaced-scaffold	50010			HAP1_SCAFFOLD_2335
GCA_030435755.1	Primary Assembly	Un			JAUDYK010000234.1	Chromosome		NW_026696251.1	unplaced-scaffold	30698			HAP1_SCAFFOLD_4753
GCA_030435755.1	Primary Assembly	Un			JAUDYK010000235.1	Chromosome		NW_026696252.1	unplaced-scaffold	58813			HAP1_SCAFFOLD_1757
GCA_030435755.1	Primary Assembly	Un			JAUDYK010000236.1	Chromosome		NW_026696253.1	unplaced-scaffold	38002			HAP1_SCAFFOLD_3614
GCA_030435755.1	Primary Assembly	Un			JAUDYK010000237.1	Chromosome		NW_026696254.1	unplaced-scaffold	309675			HAP1_SCAFFOLD_165
GCA_030435755.1	Primary Assembly	Un			JAUDYK010000238.1	Chromosome		NW_026696255.1	unplaced-scaffold	34285			HAP1_SCAFFOLD_4163
GCA_030435755.1	Primary Assembly	Un			JAUDYK010000239.1	Chromosome		NW_026696256.1	unplaced-scaffold	38420			HAP1_SCAFFOLD_3553
GCA_030435755.1	Primary Assembly	Un			JAUDYK010000240.1	Chromosome		NW_026696257.1	unplaced-scaffold	48641			HAP1_SCAFFOLD_2451
GCA_030435755.1	Primary Assembly	Un			JAUDYK010000241.1	Chromosome		NW_026696258.1	unplaced-scaffold	152906			HAP1_SCAFFOLD_384
GCA_030435755.1	Primary Assembly	Un			JAUDYK010000242.1	Chromosome		NW_026696259.1	unplaced-scaffold	89286			HAP1_SCAFFOLD_896
GCA_030435755.1	Primary Assembly	Un			JAUDYK010000243.1	Chromosome		NW_026696260.1	unplaced-scaffold	18730			HAP1_SCAFFOLD_5894
GCA_030435755.1	Primary Assembly	Un			JAUDYK010000244.1	Chromosome		NW_026696261.1	unplaced-scaffold	33029			HAP1_SCAFFOLD_4354
GCA_030435755.1	Primary Assembly	Un			JAUDYK010000245.1	Chromosome		NW_026696262.1	unplaced-scaffold	38617			HAP1_SCAFFOLD_3517
GCA_030435755.1	Primary Assembly	Un			JAUDYK010000246.1	Chromosome		NW_026696263.1	unplaced-scaffold	59809			HAP1_SCAFFOLD_1713
GCA_030435755.1	Primary Assembly	Un			JAUDYK010000247.1	Chromosome		NW_026696264.1	unplaced-scaffold	133973			HAP1_SCAFFOLD_461
GCA_030435755.1	Primary Assembly	Un			JAUDYK010000248.1	Chromosome		NW_026696265.1	unplaced-scaffold	50584			HAP1_SCAFFOLD_2288
GCA_030435755.1	Primary Assembly	Un			JAUDYK010000249.1	Chromosome		NW_026696266.1	unplaced-scaffold	30932			HAP1_SCAFFOLD_4717
GCA_030435755.1	Primary Assembly	Un			JAUDYK010000250.1	Chromosome		NW_026696267.1	unplaced-scaffold	29988			HAP1_SCAFFOLD_4844
GCA_030435755.1	Primary Assembly	Un			JAUDYK010000251.1	Chromosome		NW_026696268.1	unplaced-scaffold	17659			HAP1_SCAFFOLD_5919
GCA_030435755.1	Primary Assembly	Un			JAUDYK010000252.1	Chromosome		NW_026696269.1	unplaced-scaffold	31697			HAP1_SCAFFOLD_4576
GCA_030435755.1	Primary Assembly	Un			JAUDYK010000253.1	Chromosome		NW_026696270.1	unplaced-scaffold	28718			HAP1_SCAFFOLD_5044
GCA_030435755.1	Primary Assembly	Un			JAUDYK010000254.1	Chromosome		NW_026696271.1	unplaced-scaffold	39735			HAP1_SCAFFOLD_3379
GCA_030435755.1	Primary Assembly	Un			JAUDYK010000255.1	Chromosome		NW_026696272.1	unplaced-scaffold	122841			HAP1_SCAFFOLD_533
GCA_030435755.1	Primary Assembly	Un			JAUDYK010000256.1	Chromosome		NW_026696273.1	unplaced-scaffold	24872			HAP1_SCAFFOLD_5533
GCA_030435755.1	Primary Assembly	Un			JAUDYK010000257.1	Chromosome		NW_026696274.1	unplaced-scaffold	51709			HAP1_SCAFFOLD_2197
GCA_030435755.1	Primary Assembly	Un			JAUDYK010000258.1	Chromosome		NW_026696275.1	unplaced-scaffold	60627			HAP1_SCAFFOLD_1679
GCA_030435755.1	Primary Assembly	Un			JAUDYK010000259.1	Chromosome		NW_026696276.1	unplaced-scaffold	34762			HAP1_SCAFFOLD_4094
GCA_030435755.1	Primary Assembly	Un			JAUDYK010000260.1	Chromosome		NW_026696277.1	unplaced-scaffold	43407			HAP1_SCAFFOLD_2938
GCA_030435755.1	Primary Assembly	Un			JAUDYK010000261.1	Chromosome		NW_026696278.1	unplaced-scaffold	36974			HAP1_SCAFFOLD_3776
GCA_030435755.1	Primary Assembly	Un			JAUDYK010000262.1	Chromosome		NW_026696279.1	unplaced-scaffold	50962			HAP1_SCAFFOLD_2249
GCA_030435755.1	Primary Assembly	Un			JAUDYK010000263.1	Chromosome		NW_026696280.1	unplaced-scaffold	29623			HAP1_SCAFFOLD_4905
GCA_030435755.1	Primary Assembly	Un			JAUDYK010000264.1	Chromosome		NW_026696281.1	unplaced-scaffold	66249			HAP1_SCAFFOLD_1458
GCA_030435755.1	Primary Assembly	Un			JAUDYK010000265.1	Chromosome		NW_026696282.1	unplaced-scaffold	26804			HAP1_SCAFFOLD_5286
GCA_030435755.1	Primary Assembly	Un			JAUDYK010000266.1	Chromosome		NW_026696283.1	unplaced-scaffold	79001			HAP1_SCAFFOLD_1085
GCA_030435755.1	Primary Assembly	Un			JAUDYK010000267.1	Chromosome		NW_026696284.1	unplaced-scaffold	28798			HAP1_SCAFFOLD_5030
GCA_030435755.1	Primary Assembly	Un			JAUDYK010000268.1	Chromosome		NW_026696285.1	unplaced-scaffold	23950			HAP1_SCAFFOLD_5617
GCA_030435755.1	Primary Assembly	Un			JAUDYK010000269.1	Chromosome		NW_026696286.1	unplaced-scaffold	116811			HAP1_SCAFFOLD_571
GCA_030435755.1	Primary Assembly	Un			JAUDYK010000270.1	Chromosome		NW_026696287.1	unplaced-scaffold	103767			HAP1_SCAFFOLD_703
GCA_030435755.1	Primary Assembly	Un			JAUDYK010000271.1	Chromosome		NW_026696288.1	unplaced-scaffold	242691			HAP1_SCAFFOLD_214
GCA_030435755.1	Primary Assembly	Un			JAUDYK010000272.1	Chromosome		NW_026696289.1	unplaced-scaffold	106730			HAP1_SCAFFOLD_667
GCA_030435755.1	Primary Assembly	Un			JAUDYK010000273.1	Chromosome		NW_026696290.1	unplaced-scaffold	37911			HAP1_SCAFFOLD_3633
GCA_030435755.1	Primary Assembly	Un			JAUDYK010000274.1	Chromosome		NW_026696291.1	unplaced-scaffold	46103			HAP1_SCAFFOLD_2660
GCA_030435755.1	Primary Assembly	Un			JAUDYK010000275.1	Chromosome		NW_026696292.1	unplaced-scaffold	33146			HAP1_SCAFFOLD_4337
GCA_030435755.1	Primary Assembly	Un			JAUDYK010000276.1	Chromosome		NW_026696293.1	unplaced-scaffold	352174			HAP1_SCAFFOLD_153
GCA_030435755.1	Primary Assembly	Un			JAUDYK010000277.1	Chromosome		NW_026696294.1	unplaced-scaffold	37295			HAP1_SCAFFOLD_3728
GCA_030435755.1	Primary Assembly	Un			JAUDYK010000278.1	Chromosome		NW_026696295.1	unplaced-scaffold	30100			HAP1_SCAFFOLD_4830
GCA_030435755.1	Primary Assembly	Un			JAUDYK010000279.1	Chromosome		NW_026696296.1	unplaced-scaffold	29187			HAP1_SCAFFOLD_4973
GCA_030435755.1	Primary Assembly	Un			JAUDYK010000280.1	Chromosome		NW_026696297.1	unplaced-scaffold	48347			HAP1_SCAFFOLD_2474
GCA_030435755.1	Primary Assembly	Un			JAUDYK010000281.1	Chromosome		NW_026696298.1	unplaced-scaffold	54805			HAP1_SCAFFOLD_1977
GCA_030435755.1	Primary Assembly	Un			JAUDYK010000282.1	Chromosome		NW_026696299.1	unplaced-scaffold	31995			HAP1_SCAFFOLD_4528
GCA_030435755.1	Primary Assembly	Un			JAUDYK010000283.1	Chromosome		NW_026696300.1	unplaced-scaffold	25693			HAP1_SCAFFOLD_5424
GCA_030435755.1	Primary Assembly	Un			JAUDYK010000284.1	Chromosome		NW_026696301.1	unplaced-scaffold	69973			HAP1_SCAFFOLD_1333
GCA_030435755.1	Primary Assembly	Un			JAUDYK010000285.1	Chromosome		NW_026696302.1	unplaced-scaffold	93337			HAP1_SCAFFOLD_825
GCA_030435755.1	Primary Assembly	Un			JAUDYK010000286.1	Chromosome		NW_026696303.1	unplaced-scaffold	16384			HAP1_SCAFFOLD_5936
GCA_030435755.1	Primary Assembly	Un			JAUDYK010000287.1	Chromosome		NW_026696304.1	unplaced-scaffold	55484			HAP1_SCAFFOLD_1931
GCA_030435755.1	Primary Assembly	Un			JAUDYK010000288.1	Chromosome		NW_026696305.1	unplaced-scaffold	54214			HAP1_SCAFFOLD_2022
GCA_030435755.1	Primary Assembly	Un			JAUDYK010000289.1	Chromosome		NW_026696306.1	unplaced-scaffold	46620			HAP1_SCAFFOLD_2609
GCA_030435755.1	Primary Assembly	Un			JAUDYK010000290.1	Chromosome		NW_026696307.1	unplaced-scaffold	42443			HAP1_SCAFFOLD_3047
GCA_030435755.1	Primary Assembly	Un			JAUDYK010000291.1	Chromosome		NW_026696308.1	unplaced-scaffold	28514			HAP1_SCAFFOLD_5072
GCA_030435755.1	Primary Assembly	Un			JAUDYK010000292.1	Chromosome		NW_026696309.1	unplaced-scaffold	32946			HAP1_SCAFFOLD_4371
GCA_030435755.1	Primary Assembly	Un			JAUDYK010000293.1	Chromosome		NW_026696310.1	unplaced-scaffold	33329			HAP1_SCAFFOLD_4308
GCA_030435755.1	Primary Assembly	Un			JAUDYK010000294.1	Chromosome		NW_026696311.1	unplaced-scaffold	42390			HAP1_SCAFFOLD_3050
GCA_030435755.1	Primary Assembly	Un			JAUDYK010000295.1	Chromosome		NW_026696312.1	unplaced-scaffold	45590			HAP1_SCAFFOLD_2715
GCA_030435755.1	Primary Assembly	Un			JAUDYK010000296.1	Chromosome		NW_026696313.1	unplaced-scaffold	94207			HAP1_SCAFFOLD_817
GCA_030435755.1	Primary Assembly	Un			JAUDYK010000297.1	Chromosome		NW_026696314.1	unplaced-scaffold	59222			HAP1_SCAFFOLD_1734
GCA_030435755.1	Primary Assembly	Un			JAUDYK010000298.1	Chromosome		NW_026696315.1	unplaced-scaffold	25043			HAP1_SCAFFOLD_5514
GCA_030435755.1	Primary Assembly	Un			JAUDYK010000299.1	Chromosome		NW_026696316.1	unplaced-scaffold	27947			HAP1_SCAFFOLD_5145
GCA_030435755.1	Primary Assembly	Un			JAUDYK010000300.1	Chromosome		NW_026696317.1	unplaced-scaffold	46916			HAP1_SCAFFOLD_2580
GCA_030435755.1	Primary Assembly	Un			JAUDYK010000301.1	Chromosome		NW_026696318.1	unplaced-scaffold	84448			HAP1_SCAFFOLD_980
GCA_030435755.1	Primary Assembly	Un			JAUDYK010000302.1	Chromosome		NW_026696319.1	unplaced-scaffold	39620			HAP1_SCAFFOLD_3390
GCA_030435755.1	Primary Assembly	Un			JAUDYK010000303.1	Chromosome		NW_026696320.1	unplaced-scaffold	23547			HAP1_SCAFFOLD_5653
GCA_030435755.1	Primary Assembly	Un			JAUDYK010000304.1	Chromosome		NW_026696321.1	unplaced-scaffold	32641			HAP1_SCAFFOLD_4418
GCA_030435755.1	Primary Assembly	Un			JAUDYK010000305.1	Chromosome		NW_026696322.1	unplaced-scaffold	36198			HAP1_SCAFFOLD_3897
GCA_030435755.1	Primary Assembly	Un			JAUDYK010000306.1	Chromosome		NW_026696323.1	unplaced-scaffold	71610			HAP1_SCAFFOLD_1281
GCA_030435755.1	Primary Assembly	Un			JAUDYK010000307.1	Chromosome		NW_026696324.1	unplaced-scaffold	29829			HAP1_SCAFFOLD_4872
GCA_030435755.1	Primary Assembly	Un			JAUDYK010000308.1	Chromosome		NW_026696325.1	unplaced-scaffold	60443			HAP1_SCAFFOLD_1690
GCA_030435755.1	Primary Assembly	Un			JAUDYK010000309.1	Chromosome		NW_026696326.1	unplaced-scaffold	34113			HAP1_SCAFFOLD_4195
GCA_030435755.1	Primary Assembly	Un			JAUDYK010000310.1	Chromosome		NW_026696327.1	unplaced-scaffold	35774			HAP1_SCAFFOLD_3956
GCA_030435755.1	Primary Assembly	Un			JAUDYK010000311.1	Chromosome		NW_026696328.1	unplaced-scaffold	34955			HAP1_SCAFFOLD_4063
GCA_030435755.1	Primary Assembly	Un			JAUDYK010000312.1	Chromosome		NW_026696329.1	unplaced-scaffold	50289			HAP1_SCAFFOLD_2313
GCA_030435755.1	Primary Assembly	Un			JAUDYK010000313.1	Chromosome		NW_026696330.1	unplaced-scaffold	40382			HAP1_SCAFFOLD_3299
GCA_030435755.1	Primary Assembly	Un			JAUDYK010000314.1	Chromosome		NW_026696331.1	unplaced-scaffold	25678			HAP1_SCAFFOLD_5425
GCA_030435755.1	Primary Assembly	Un			JAUDYK010000315.1	Chromosome		NW_026696332.1	unplaced-scaffold	204889			HAP1_SCAFFOLD_251
GCA_030435755.1	Primary Assembly	Un			JAUDYK010000316.1	Chromosome		NW_026696333.1	unplaced-scaffold	80001			HAP1_SCAFFOLD_1067
GCA_030435755.1	Primary Assembly	Un			JAUDYK010000317.1	Chromosome		NW_026696334.1	unplaced-scaffold	48325			HAP1_SCAFFOLD_2475
GCA_030435755.1	Primary Assembly	Un			JAUDYK010000318.1	Chromosome		NW_026696335.1	unplaced-scaffold	25446			HAP1_SCAFFOLD_5459
GCA_030435755.1	Primary Assembly	Un			JAUDYK010000319.1	Chromosome		NW_026696336.1	unplaced-scaffold	45970			HAP1_SCAFFOLD_2676
GCA_030435755.1	Primary Assembly	Un			JAUDYK010000320.1	Chromosome		NW_026696337.1	unplaced-scaffold	79022			HAP1_SCAFFOLD_1084
GCA_030435755.1	Primary Assembly	Un			JAUDYK010000321.1	Chromosome		NW_026696338.1	unplaced-scaffold	30516			HAP1_SCAFFOLD_4778
GCA_030435755.1	Primary Assembly	Un			JAUDYK010000322.1	Chromosome		NW_026696339.1	unplaced-scaffold	172918			HAP1_SCAFFOLD_319
GCA_030435755.1	Primary Assembly	Un			JAUDYK010000323.1	Chromosome		NW_026696340.1	unplaced-scaffold	31038			HAP1_SCAFFOLD_4701
GCA_030435755.1	Primary Assembly	Un			JAUDYK010000324.1	Chromosome		NW_026696341.1	unplaced-scaffold	36016			HAP1_SCAFFOLD_3923
GCA_030435755.1	Primary Assembly	Un			JAUDYK010000325.1	Chromosome		NW_026696342.1	unplaced-scaffold	38786			HAP1_SCAFFOLD_3501
GCA_030435755.1	Primary Assembly	Un			JAUDYK010000326.1	Chromosome		NW_026696343.1	unplaced-scaffold	38268			HAP1_SCAFFOLD_3578
GCA_030435755.1	Primary Assembly	Un			JAUDYK010000327.1	Chromosome		NW_026696344.1	unplaced-scaffold	49159			HAP1_SCAFFOLD_2403
GCA_030435755.1	Primary Assembly	Un			JAUDYK010000328.1	Chromosome		NW_026696345.1	unplaced-scaffold	29625			HAP1_SCAFFOLD_4904
GCA_030435755.1	Primary Assembly	Un			JAUDYK010000329.1	Chromosome		NW_026696346.1	unplaced-scaffold	51971			HAP1_SCAFFOLD_2183
GCA_030435755.1	Primary Assembly	Un			JAUDYK010000330.1	Chromosome		NW_026696347.1	unplaced-scaffold	23818			HAP1_SCAFFOLD_5626
GCA_030435755.1	Primary Assembly	Un			JAUDYK010000331.1	Chromosome		NW_026696348.1	unplaced-scaffold	19640			HAP1_SCAFFOLD_5863
GCA_030435755.1	Primary Assembly	Un			JAUDYK010000332.1	Chromosome		NW_026696349.1	unplaced-scaffold	53019			HAP1_SCAFFOLD_2097
GCA_030435755.1	Primary Assembly	Un			JAUDYK010000333.1	Chromosome		NW_026696350.1	unplaced-scaffold	61804			HAP1_SCAFFOLD_1621
GCA_030435755.1	Primary Assembly	Un			JAUDYK010000334.1	Chromosome		NW_026696351.1	unplaced-scaffold	34114			HAP1_SCAFFOLD_4194
GCA_030435755.1	Primary Assembly	Un			JAUDYK010000335.1	Chromosome		NW_026696352.1	unplaced-scaffold	213249			HAP1_SCAFFOLD_242
GCA_030435755.1	Primary Assembly	Un			JAUDYK010000336.1	Chromosome		NW_026696353.1	unplaced-scaffold	40215			HAP1_SCAFFOLD_3321
GCA_030435755.1	Primary Assembly	Un			JAUDYK010000337.1	Chromosome		NW_026696354.1	unplaced-scaffold	33606			HAP1_SCAFFOLD_4268
GCA_030435755.1	Primary Assembly	Un			JAUDYK010000338.1	Chromosome		NW_026696355.1	unplaced-scaffold	150436			HAP1_SCAFFOLD_390
GCA_030435755.1	Primary Assembly	Un			JAUDYK010000339.1	Chromosome		NW_026696356.1	unplaced-scaffold	27952			HAP1_SCAFFOLD_5144
GCA_030435755.1	Primary Assembly	Un			JAUDYK010000340.1	Chromosome		NW_026696357.1	unplaced-scaffold	25041			HAP1_SCAFFOLD_5515
GCA_030435755.1	Primary Assembly	Un			JAUDYK010000341.1	Chromosome		NW_026696358.1	unplaced-scaffold	120786			HAP1_SCAFFOLD_547
GCA_030435755.1	Primary Assembly	Un			JAUDYK010000342.1	Chromosome		NW_026696359.1	unplaced-scaffold	39218			HAP1_SCAFFOLD_3439
GCA_030435755.1	Primary Assembly	Un			JAUDYK010000343.1	Chromosome		NW_026696360.1	unplaced-scaffold	97376			HAP1_SCAFFOLD_778
GCA_030435755.1	Primary Assembly	Un			JAUDYK010000344.1	Chromosome		NW_026696361.1	unplaced-scaffold	44384			HAP1_SCAFFOLD_2847
GCA_030435755.1	Primary Assembly	Un			JAUDYK010000345.1	Chromosome		NW_026696362.1	unplaced-scaffold	59199			HAP1_SCAFFOLD_1735
GCA_030435755.1	Primary Assembly	Un			JAUDYK010000346.1	Chromosome		NW_026696363.1	unplaced-scaffold	49970			HAP1_SCAFFOLD_2340
GCA_030435755.1	Primary Assembly	Un			JAUDYK010000347.1	Chromosome		NW_026696364.1	unplaced-scaffold	36703			HAP1_SCAFFOLD_3822
GCA_030435755.1	Primary Assembly	Un			JAUDYK010000348.1	Chromosome		NW_026696365.1	unplaced-scaffold	21491			HAP1_SCAFFOLD_5780
GCA_030435755.1	Primary Assembly	Un			JAUDYK010000349.1	Chromosome		NW_026696366.1	unplaced-scaffold	45592			HAP1_SCAFFOLD_2714
GCA_030435755.1	Primary Assembly	Un			JAUDYK010000350.1	Chromosome		NW_026696367.1	unplaced-scaffold	49688			HAP1_SCAFFOLD_2357
GCA_030435755.1	Primary Assembly	Un			JAUDYK010000351.1	Chromosome		NW_026696368.1	unplaced-scaffold	43733			HAP1_SCAFFOLD_2911
GCA_030435755.1	Primary Assembly	Un			JAUDYK010000352.1	Chromosome		NW_026696369.1	unplaced-scaffold	44372			HAP1_SCAFFOLD_2850
GCA_030435755.1	Primary Assembly	Un			JAUDYK010000353.1	Chromosome		NW_026696370.1	unplaced-scaffold	40580			HAP1_SCAFFOLD_3270
GCA_030435755.1	Primary Assembly	Un			JAUDYK010000354.1	Chromosome		NW_026696371.1	unplaced-scaffold	27098			HAP1_SCAFFOLD_5252
GCA_030435755.1	Primary Assembly	Un			JAUDYK010000355.1	Chromosome		NW_026696372.1	unplaced-scaffold	37994			HAP1_SCAFFOLD_3615
GCA_030435755.1	Primary Assembly	Un			JAUDYK010000356.1	Chromosome		NW_026696373.1	unplaced-scaffold	40314			HAP1_SCAFFOLD_3306
GCA_030435755.1	Primary Assembly	Un			JAUDYK010000357.1	Chromosome		NW_026696374.1	unplaced-scaffold	83641			HAP1_SCAFFOLD_994
GCA_030435755.1	Primary Assembly	Un			JAUDYK010000358.1	Chromosome		NW_026696375.1	unplaced-scaffold	32104			HAP1_SCAFFOLD_4509
GCA_030435755.1	Primary Assembly	Un			JAUDYK010000359.1	Chromosome		NW_026696376.1	unplaced-scaffold	65676			HAP1_SCAFFOLD_1473
GCA_030435755.1	Primary Assembly	Un			JAUDYK010000360.1	Chromosome		NW_026696377.1	unplaced-scaffold	249807			HAP1_SCAFFOLD_204
GCA_030435755.1	Primary Assembly	Un			JAUDYK010000361.1	Chromosome		NW_026696378.1	unplaced-scaffold	38862			HAP1_SCAFFOLD_3492
GCA_030435755.1	Primary Assembly	Un			JAUDYK010000362.1	Chromosome		NW_026696379.1	unplaced-scaffold	32264			HAP1_SCAFFOLD_4477
GCA_030435755.1	Primary Assembly	Un			JAUDYK010000363.1	Chromosome		NW_026696380.1	unplaced-scaffold	37415			HAP1_SCAFFOLD_3709
GCA_030435755.1	Primary Assembly	Un			JAUDYK010000364.1	Chromosome		NW_026696381.1	unplaced-scaffold	50032			HAP1_SCAFFOLD_2334
GCA_030435755.1	Primary Assembly	Un			JAUDYK010000365.1	Chromosome		NW_026696382.1	unplaced-scaffold	62045			HAP1_SCAFFOLD_1606
GCA_030435755.1	Primary Assembly	Un			JAUDYK010000366.1	Chromosome		NW_026696383.1	unplaced-scaffold	70482			HAP1_SCAFFOLD_1315
GCA_030435755.1	Primary Assembly	Un			JAUDYK010000367.1	Chromosome		NW_026696384.1	unplaced-scaffold	74757			HAP1_SCAFFOLD_1185
GCA_030435755.1	Primary Assembly	Un			JAUDYK010000368.1	Chromosome		NW_026696385.1	unplaced-scaffold	67665			HAP1_SCAFFOLD_1405
GCA_030435755.1	Primary Assembly	Un			JAUDYK010000369.1	Chromosome		NW_026696386.1	unplaced-scaffold	28060			HAP1_SCAFFOLD_5130
GCA_030435755.1	Primary Assembly	Un			JAUDYK010000370.1	Chromosome		NW_026696387.1	unplaced-scaffold	31180			HAP1_SCAFFOLD_4680
GCA_030435755.1	Primary Assembly	Un			JAUDYK010000371.1	Chromosome		NW_026696388.1	unplaced-scaffold	29292			HAP1_SCAFFOLD_4958
GCA_030435755.1	Primary Assembly	Un			JAUDYK010000372.1	Chromosome		NW_026696389.1	unplaced-scaffold	102987			HAP1_SCAFFOLD_713
GCA_030435755.1	Primary Assembly	Un			JAUDYK010000373.1	Chromosome		NW_026696390.1	unplaced-scaffold	36311			HAP1_SCAFFOLD_3883
GCA_030435755.1	Primary Assembly	Un			JAUDYK010000374.1	Chromosome		NW_026696391.1	unplaced-scaffold	27171			HAP1_SCAFFOLD_5241
GCA_030435755.1	Primary Assembly	Un			JAUDYK010000375.1	Chromosome		NW_026696392.1	unplaced-scaffold	33399			HAP1_SCAFFOLD_4291
GCA_030435755.1	Primary Assembly	Un			JAUDYK010000376.1	Chromosome		NW_026696393.1	unplaced-scaffold	185733			HAP1_SCAFFOLD_289
GCA_030435755.1	Primary Assembly	Un			JAUDYK010000377.1	Chromosome		NW_026696394.1	unplaced-scaffold	39419			HAP1_SCAFFOLD_3416
GCA_030435755.1	Primary Assembly	Un			JAUDYK010000378.1	Chromosome		NW_026696395.1	unplaced-scaffold	40895			HAP1_SCAFFOLD_3232
GCA_030435755.1	Primary Assembly	Un			JAUDYK010000379.1	Chromosome		NW_026696396.1	unplaced-scaffold	55804			HAP1_SCAFFOLD_1918
GCA_030435755.1	Primary Assembly	Un			JAUDYK010000380.1	Chromosome		NW_026696397.1	unplaced-scaffold	34758			HAP1_SCAFFOLD_4095
GCA_030435755.1	Primary Assembly	Un			JAUDYK010000381.1	Chromosome		NW_026696398.1	unplaced-scaffold	28713			HAP1_SCAFFOLD_5045
GCA_030435755.1	Primary Assembly	Un			JAUDYK010000382.1	Chromosome		NW_026696399.1	unplaced-scaffold	72564			HAP1_SCAFFOLD_1246
GCA_030435755.1	Primary Assembly	Un			JAUDYK010000383.1	Chromosome		NW_026696400.1	unplaced-scaffold	24099			HAP1_SCAFFOLD_5601
GCA_030435755.1	Primary Assembly	Un			JAUDYK010000384.1	Chromosome		NW_026696401.1	unplaced-scaffold	41604			HAP1_SCAFFOLD_3150
GCA_030435755.1	Primary Assembly	Un			JAUDYK010000385.1	Chromosome		NW_026696402.1	unplaced-scaffold	31755			HAP1_SCAFFOLD_4560
GCA_030435755.1	Primary Assembly	Un			JAUDYK010000386.1	Chromosome		NW_026696403.1	unplaced-scaffold	23291			HAP1_SCAFFOLD_5678
GCA_030435755.1	Primary Assembly	Un			JAUDYK010000387.1	Chromosome		NW_026696404.1	unplaced-scaffold	27735			HAP1_SCAFFOLD_5172
GCA_030435755.1	Primary Assembly	Un			JAUDYK010000388.1	Chromosome		NW_026696405.1	unplaced-scaffold	38540			HAP1_SCAFFOLD_3526
GCA_030435755.1	Primary Assembly	Un			JAUDYK010000389.1	Chromosome		NW_026696406.1	unplaced-scaffold	32576			HAP1_SCAFFOLD_4431
GCA_030435755.1	Primary Assembly	Un			JAUDYK010000390.1	Chromosome		NW_026696407.1	unplaced-scaffold	95166			HAP1_SCAFFOLD_807
GCA_030435755.1	Primary Assembly	Un			JAUDYK010000391.1	Chromosome		NW_026696408.1	unplaced-scaffold	35574			HAP1_SCAFFOLD_3982
GCA_030435755.1	Primary Assembly	Un			JAUDYK010000392.1	Chromosome		NW_026696409.1	unplaced-scaffold	267369			HAP1_SCAFFOLD_186
GCA_030435755.1	Primary Assembly	Un			JAUDYK010000393.1	Chromosome		NW_026696410.1	unplaced-scaffold	29983			HAP1_SCAFFOLD_4845
GCA_030435755.1	Primary Assembly	Un			JAUDYK010000394.1	Chromosome		NW_026696411.1	unplaced-scaffold	33191			HAP1_SCAFFOLD_4329
GCA_030435755.1	Primary Assembly	Un			JAUDYK010000395.1	Chromosome		NW_026696412.1	unplaced-scaffold	18686			HAP1_SCAFFOLD_5895
GCA_030435755.1	Primary Assembly	Un			JAUDYK010000396.1	Chromosome		NW_026696413.1	unplaced-scaffold	46469			HAP1_SCAFFOLD_2628
GCA_030435755.1	Primary Assembly	Un			JAUDYK010000397.1	Chromosome		NW_026696414.1	unplaced-scaffold	52823			HAP1_SCAFFOLD_2122
GCA_030435755.1	Primary Assembly	Un			JAUDYK010000398.1	Chromosome		NW_026696415.1	unplaced-scaffold	37052			HAP1_SCAFFOLD_3760
GCA_030435755.1	Primary Assembly	Un			JAUDYK010000399.1	Chromosome		NW_026696416.1	unplaced-scaffold	45450			HAP1_SCAFFOLD_2733
GCA_030435755.1	Primary Assembly	Un			JAUDYK010000400.1	Chromosome		NW_026696417.1	unplaced-scaffold	33027			HAP1_SCAFFOLD_4355
GCA_030435755.1	Primary Assembly	Un			JAUDYK010000401.1	Chromosome		NW_026696418.1	unplaced-scaffold	41622			HAP1_SCAFFOLD_3147
GCA_030435755.1	Primary Assembly	Un			JAUDYK010000402.1	Chromosome		NW_026696419.1	unplaced-scaffold	30891			HAP1_SCAFFOLD_4726
GCA_030435755.1	Primary Assembly	Un			JAUDYK010000403.1	Chromosome		NW_026696420.1	unplaced-scaffold	140277			HAP1_SCAFFOLD_431
GCA_030435755.1	Primary Assembly	Un			JAUDYK010000404.1	Chromosome		NW_026696421.1	unplaced-scaffold	64398			HAP1_SCAFFOLD_1517
GCA_030435755.1	Primary Assembly	Un			JAUDYK010000405.1	Chromosome		NW_026696422.1	unplaced-scaffold	37399			HAP1_SCAFFOLD_3713
GCA_030435755.1	Primary Assembly	Un			JAUDYK010000406.1	Chromosome		NW_026696423.1	unplaced-scaffold	248697			HAP1_SCAFFOLD_206
GCA_030435755.1	Primary Assembly	Un			JAUDYK010000407.1	Chromosome		NW_026696424.1	unplaced-scaffold	50468			HAP1_SCAFFOLD_2296
GCA_030435755.1	Primary Assembly	Un			JAUDYK010000408.1	Chromosome		NW_026696425.1	unplaced-scaffold	83614			HAP1_SCAFFOLD_996
GCA_030435755.1	Primary Assembly	Un			JAUDYK010000409.1	Chromosome		NW_026696426.1	unplaced-scaffold	33416			HAP1_SCAFFOLD_4289
GCA_030435755.1	Primary Assembly	Un			JAUDYK010000410.1	Chromosome		NW_026696427.1	unplaced-scaffold	31333			HAP1_SCAFFOLD_4654
GCA_030435755.1	Primary Assembly	Un			JAUDYK010000411.1	Chromosome		NW_026696428.1	unplaced-scaffold	32078			HAP1_SCAFFOLD_4513
GCA_030435755.1	Primary Assembly	Un			JAUDYK010000412.1	Chromosome		NW_026696429.1	unplaced-scaffold	68251			HAP1_SCAFFOLD_1379
GCA_030435755.1	Primary Assembly	Un			JAUDYK010000413.1	Chromosome		NW_026696430.1	unplaced-scaffold	26996			HAP1_SCAFFOLD_5261
GCA_030435755.1	Primary Assembly	Un			JAUDYK010000414.1	Chromosome		NW_026696431.1	unplaced-scaffold	29374			HAP1_SCAFFOLD_4939
GCA_030435755.1	Primary Assembly	Un			JAUDYK010000415.1	Chromosome		NW_026696432.1	unplaced-scaffold	58463			HAP1_SCAFFOLD_1776
GCA_030435755.1	Primary Assembly	Un			JAUDYK010000416.1	Chromosome		NW_026696433.1	unplaced-scaffold	138167			HAP1_SCAFFOLD_440
GCA_030435755.1	Primary Assembly	Un			JAUDYK010000417.1	Chromosome		NW_026696434.1	unplaced-scaffold	37619			HAP1_SCAFFOLD_3679
GCA_030435755.1	Primary Assembly	Un			JAUDYK010000418.1	Chromosome		NW_026696435.1	unplaced-scaffold	117825			HAP1_SCAFFOLD_563
GCA_030435755.1	Primary Assembly	Un			JAUDYK010000419.1	Chromosome		NW_026696436.1	unplaced-scaffold	144032			HAP1_SCAFFOLD_418
GCA_030435755.1	Primary Assembly	Un			JAUDYK010000420.1	Chromosome		NW_026696437.1	unplaced-scaffold	51427			HAP1_SCAFFOLD_2212
GCA_030435755.1	Primary Assembly	Un			JAUDYK010000421.1	Chromosome		NW_026696438.1	unplaced-scaffold	22336			HAP1_SCAFFOLD_5737
GCA_030435755.1	Primary Assembly	Un			JAUDYK010000422.1	Chromosome		NW_026696439.1	unplaced-scaffold	43561			HAP1_SCAFFOLD_2924
GCA_030435755.1	Primary Assembly	Un			JAUDYK010000423.1	Chromosome		NW_026696440.1	unplaced-scaffold	48831			HAP1_SCAFFOLD_2436
GCA_030435755.1	Primary Assembly	Un			JAUDYK010000424.1	Chromosome		NW_026696441.1	unplaced-scaffold	32630			HAP1_SCAFFOLD_4423
GCA_030435755.1	Primary Assembly	Un			JAUDYK010000425.1	Chromosome		NW_026696442.1	unplaced-scaffold	22858			HAP1_SCAFFOLD_5708
GCA_030435755.1	Primary Assembly	Un			JAUDYK010000426.1	Chromosome		NW_026696443.1	unplaced-scaffold	21767			HAP1_SCAFFOLD_5771
GCA_030435755.1	Primary Assembly	Un			JAUDYK010000427.1	Chromosome		NW_026696444.1	unplaced-scaffold	71935			HAP1_SCAFFOLD_1266
GCA_030435755.1	Primary Assembly	Un			JAUDYK010000428.1	Chromosome		NW_026696445.1	unplaced-scaffold	28573			HAP1_SCAFFOLD_5065
GCA_030435755.1	Primary Assembly	Un			JAUDYK010000429.1	Chromosome		NW_026696446.1	unplaced-scaffold	39533			HAP1_SCAFFOLD_3404
GCA_030435755.1	Primary Assembly	Un			JAUDYK010000430.1	Chromosome		NW_026696447.1	unplaced-scaffold	66826			HAP1_SCAFFOLD_1427
GCA_030435755.1	Primary Assembly	Un			JAUDYK010000431.1	Chromosome		NW_026696448.1	unplaced-scaffold	45541			HAP1_SCAFFOLD_2721
GCA_030435755.1	Primary Assembly	Un			JAUDYK010000432.1	Chromosome		NW_026696449.1	unplaced-scaffold	41299			HAP1_SCAFFOLD_3184
GCA_030435755.1	Primary Assembly	Un			JAUDYK010000433.1	Chromosome		NW_026696450.1	unplaced-scaffold	31769			HAP1_SCAFFOLD_4557
GCA_030435755.1	Primary Assembly	Un			JAUDYK010000434.1	Chromosome		NW_026696451.1	unplaced-scaffold	40250			HAP1_SCAFFOLD_3314
GCA_030435755.1	Primary Assembly	Un			JAUDYK010000435.1	Chromosome		NW_026696452.1	unplaced-scaffold	41422			HAP1_SCAFFOLD_3167
GCA_030435755.1	Primary Assembly	Un			JAUDYK010000436.1	Chromosome		NW_026696453.1	unplaced-scaffold	393980			HAP1_SCAFFOLD_135
GCA_030435755.1	Primary Assembly	Un			JAUDYK010000437.1	Chromosome		NW_026696454.1	unplaced-scaffold	24248			HAP1_SCAFFOLD_5590
GCA_030435755.1	Primary Assembly	Un			JAUDYK010000438.1	Chromosome		NW_026696455.1	unplaced-scaffold	37189			HAP1_SCAFFOLD_3740
GCA_030435755.1	Primary Assembly	Un			JAUDYK010000439.1	Chromosome		NW_026696456.1	unplaced-scaffold	98488			HAP1_SCAFFOLD_759
GCA_030435755.1	Primary Assembly	Un			JAUDYK010000440.1	Chromosome		NW_026696457.1	unplaced-scaffold	271270			HAP1_SCAFFOLD_184
GCA_030435755.1	Primary Assembly	Un			JAUDYK010000441.1	Chromosome		NW_026696458.1	unplaced-scaffold	29842			HAP1_SCAFFOLD_4865
GCA_030435755.1	Primary Assembly	Un			JAUDYK010000442.1	Chromosome		NW_026696459.1	unplaced-scaffold	157554			HAP1_SCAFFOLD_365
GCA_030435755.1	Primary Assembly	Un			JAUDYK010000443.1	Chromosome		NW_026696460.1	unplaced-scaffold	37053			HAP1_SCAFFOLD_3757
GCA_030435755.1	Primary Assembly	Un			JAUDYK010000444.1	Chromosome		NW_026696461.1	unplaced-scaffold	61899			HAP1_SCAFFOLD_1614
GCA_030435755.1	Primary Assembly	Un			JAUDYK010000445.1	Chromosome		NW_026696462.1	unplaced-scaffold	63554			HAP1_SCAFFOLD_1553
GCA_030435755.1	Primary Assembly	Un			JAUDYK010000446.1	Chromosome		NW_026696463.1	unplaced-scaffold	31934			HAP1_SCAFFOLD_4540
GCA_030435755.1	Primary Assembly	Un			JAUDYK010000447.1	Chromosome		NW_026696464.1	unplaced-scaffold	46356			HAP1_SCAFFOLD_2635
GCA_030435755.1	Primary Assembly	Un			JAUDYK010000448.1	Chromosome		NW_026696465.1	unplaced-scaffold	31226			HAP1_SCAFFOLD_4671
GCA_030435755.1	Primary Assembly	Un			JAUDYK010000449.1	Chromosome		NW_026696466.1	unplaced-scaffold	34726			HAP1_SCAFFOLD_4102
GCA_030435755.1	Primary Assembly	Un			JAUDYK010000450.1	Chromosome		NW_026696467.1	unplaced-scaffold	31506			HAP1_SCAFFOLD_4608
GCA_030435755.1	Primary Assembly	Un			JAUDYK010000451.1	Chromosome		NW_026696468.1	unplaced-scaffold	32246			HAP1_SCAFFOLD_4482
GCA_030435755.1	Primary Assembly	Un			JAUDYK010000452.1	Chromosome		NW_026696469.1	unplaced-scaffold	28300			HAP1_SCAFFOLD_5093
GCA_030435755.1	Primary Assembly	Un			JAUDYK010000453.1	Chromosome		NW_026696470.1	unplaced-scaffold	25571			HAP1_SCAFFOLD_5438
GCA_030435755.1	Primary Assembly	Un			JAUDYK010000454.1	Chromosome		NW_026696471.1	unplaced-scaffold	81207			HAP1_SCAFFOLD_1047
GCA_030435755.1	Primary Assembly	Un			JAUDYK010000455.1	Chromosome		NW_026696472.1	unplaced-scaffold	45649			HAP1_SCAFFOLD_2706
GCA_030435755.1	Primary Assembly	Un			JAUDYK010000456.1	Chromosome		NW_026696473.1	unplaced-scaffold	88292			HAP1_SCAFFOLD_917
GCA_030435755.1	Primary Assembly	Un			JAUDYK010000457.1	Chromosome		NW_026696474.1	unplaced-scaffold	31957			HAP1_SCAFFOLD_4534
GCA_030435755.1	Primary Assembly	Un			JAUDYK010000458.1	Chromosome		NW_026696475.1	unplaced-scaffold	35985			HAP1_SCAFFOLD_3931
GCA_030435755.1	Primary Assembly	Un			JAUDYK010000459.1	Chromosome		NW_026696476.1	unplaced-scaffold	37228			HAP1_SCAFFOLD_3734
GCA_030435755.1	Primary Assembly	Un			JAUDYK010000460.1	Chromosome		NW_026696477.1	unplaced-scaffold	50315			HAP1_SCAFFOLD_2309
GCA_030435755.1	Primary Assembly	Un			JAUDYK010000461.1	Chromosome		NW_026696478.1	unplaced-scaffold	35079			HAP1_SCAFFOLD_4043
GCA_030435755.1	Primary Assembly	Un			JAUDYK010000462.1	Chromosome		NW_026696479.1	unplaced-scaffold	81081			HAP1_SCAFFOLD_1050
GCA_030435755.1	Primary Assembly	Un			JAUDYK010000463.1	Chromosome		NW_026696480.1	unplaced-scaffold	48999			HAP1_SCAFFOLD_2419
GCA_030435755.1	Primary Assembly	Un			JAUDYK010000464.1	Chromosome		NW_026696481.1	unplaced-scaffold	40517			HAP1_SCAFFOLD_3281
GCA_030435755.1	Primary Assembly	Un			JAUDYK010000465.1	Chromosome		NW_026696482.1	unplaced-scaffold	20071			HAP1_SCAFFOLD_5843
GCA_030435755.1	Primary Assembly	Un			JAUDYK010000466.1	Chromosome		NW_026696483.1	unplaced-scaffold	56146			HAP1_SCAFFOLD_1897
GCA_030435755.1	Primary Assembly	Un			JAUDYK010000467.1	Chromosome		NW_026696484.1	unplaced-scaffold	118844			HAP1_SCAFFOLD_555
GCA_030435755.1	Primary Assembly	Un			JAUDYK010000468.1	Chromosome		NW_026696485.1	unplaced-scaffold	67993			HAP1_SCAFFOLD_1390
GCA_030435755.1	Primary Assembly	Un			JAUDYK010000469.1	Chromosome		NW_026696486.1	unplaced-scaffold	37540			HAP1_SCAFFOLD_3690
GCA_030435755.1	Primary Assembly	Un			JAUDYK010000470.1	Chromosome		NW_026696487.1	unplaced-scaffold	55155			HAP1_SCAFFOLD_1956
GCA_030435755.1	Primary Assembly	Un			JAUDYK010000471.1	Chromosome		NW_026696488.1	unplaced-scaffold	89842			HAP1_SCAFFOLD_880
GCA_030435755.1	Primary Assembly	Un			JAUDYK010000472.1	Chromosome		NW_026696489.1	unplaced-scaffold	26316			HAP1_SCAFFOLD_5353
GCA_030435755.1	Primary Assembly	Un			JAUDYK010000473.1	Chromosome		NW_026696490.1	unplaced-scaffold	29684			HAP1_SCAFFOLD_4893
GCA_030435755.1	Primary Assembly	Un			JAUDYK010000474.1	Chromosome		NW_026696491.1	unplaced-scaffold	39070			HAP1_SCAFFOLD_3458
GCA_030435755.1	Primary Assembly	Un			JAUDYK010000475.1	Chromosome		NW_026696492.1	unplaced-scaffold	44030			HAP1_SCAFFOLD_2884
GCA_030435755.1	Primary Assembly	Un			JAUDYK010000476.1	Chromosome		NW_026696493.1	unplaced-scaffold	20817			HAP1_SCAFFOLD_5810
GCA_030435755.1	Primary Assembly	Un			JAUDYK010000477.1	Chromosome		NW_026696494.1	unplaced-scaffold	26562			HAP1_SCAFFOLD_5317
GCA_030435755.1	Primary Assembly	Un			JAUDYK010000478.1	Chromosome		NW_026696495.1	unplaced-scaffold	27790			HAP1_SCAFFOLD_5164
GCA_030435755.1	Primary Assembly	Un			JAUDYK010000479.1	Chromosome		NW_026696496.1	unplaced-scaffold	33747			HAP1_SCAFFOLD_4248
GCA_030435755.1	Primary Assembly	Un			JAUDYK010000480.1	Chromosome		NW_026696497.1	unplaced-scaffold	97052			HAP1_SCAFFOLD_781
GCA_030435755.1	Primary Assembly	Un			JAUDYK010000481.1	Chromosome		NW_026696498.1	unplaced-scaffold	26705			HAP1_SCAFFOLD_5298
GCA_030435755.1	Primary Assembly	Un			JAUDYK010000482.1	Chromosome		NW_026696499.1	unplaced-scaffold	22107			HAP1_SCAFFOLD_5754
GCA_030435755.1	Primary Assembly	Un			JAUDYK010000483.1	Chromosome		NW_026696500.1	unplaced-scaffold	29521			HAP1_SCAFFOLD_4916
GCA_030435755.1	Primary Assembly	Un			JAUDYK010000484.1	Chromosome		NW_026696501.1	unplaced-scaffold	42135			HAP1_SCAFFOLD_3085
GCA_030435755.1	Primary Assembly	Un			JAUDYK010000485.1	Chromosome		NW_026696502.1	unplaced-scaffold	59495			HAP1_SCAFFOLD_1728
GCA_030435755.1	Primary Assembly	Un			JAUDYK010000486.1	Chromosome		NW_026696503.1	unplaced-scaffold	15353			HAP1_SCAFFOLD_5942
GCA_030435755.1	Primary Assembly	Un			JAUDYK010000487.1	Chromosome		NW_026696504.1	unplaced-scaffold	47284			HAP1_SCAFFOLD_2555
GCA_030435755.1	Primary Assembly	Un			JAUDYK010000488.1	Chromosome		NW_026696505.1	unplaced-scaffold	61513			HAP1_SCAFFOLD_1633
GCA_030435755.1	Primary Assembly	Un			JAUDYK010000489.1	Chromosome		NW_026696506.1	unplaced-scaffold	24324			HAP1_SCAFFOLD_5579
GCA_030435755.1	Primary Assembly	Un			JAUDYK010000490.1	Chromosome		NW_026696507.1	unplaced-scaffold	161578			HAP1_SCAFFOLD_353
GCA_030435755.1	Primary Assembly	Un			JAUDYK010000491.1	Chromosome		NW_026696508.1	unplaced-scaffold	87744			HAP1_SCAFFOLD_925
GCA_030435755.1	Primary Assembly	Un			JAUDYK010000492.1	Chromosome		NW_026696509.1	unplaced-scaffold	110072			HAP1_SCAFFOLD_637
GCA_030435755.1	Primary Assembly	Un			JAUDYK010000493.1	Chromosome		NW_026696510.1	unplaced-scaffold	25779			HAP1_SCAFFOLD_5407
GCA_030435755.1	Primary Assembly	Un			JAUDYK010000494.1	Chromosome		NW_026696511.1	unplaced-scaffold	40118			HAP1_SCAFFOLD_3333
GCA_030435755.1	Primary Assembly	Un			JAUDYK010000495.1	Chromosome		NW_026696512.1	unplaced-scaffold	31409			HAP1_SCAFFOLD_4637
GCA_030435755.1	Primary Assembly	Un			JAUDYK010000496.1	Chromosome		NW_026696513.1	unplaced-scaffold	49672			HAP1_SCAFFOLD_2360
GCA_030435755.1	Primary Assembly	Un			JAUDYK010000497.1	Chromosome		NW_026696514.1	unplaced-scaffold	132078			HAP1_SCAFFOLD_473
GCA_030435755.1	Primary Assembly	Un			JAUDYK010000498.1	Chromosome		NW_026696515.1	unplaced-scaffold	27568			HAP1_SCAFFOLD_5187
GCA_030435755.1	Primary Assembly	Un			JAUDYK010000499.1	Chromosome		NW_026696516.1	unplaced-scaffold	35356			HAP1_SCAFFOLD_4010
GCA_030435755.1	Primary Assembly	Un			JAUDYK010000500.1	Chromosome		NW_026696517.1	unplaced-scaffold	29089			HAP1_SCAFFOLD_4992
GCA_030435755.1	Primary Assembly	Un			JAUDYK010000501.1	Chromosome		NW_026696518.1	unplaced-scaffold	35621			HAP1_SCAFFOLD_3977
GCA_030435755.1	Primary Assembly	Un			JAUDYK010000502.1	Chromosome		NW_026696519.1	unplaced-scaffold	47563			HAP1_SCAFFOLD_2529
GCA_030435755.1	Primary Assembly	Un			JAUDYK010000503.1	Chromosome		NW_026696520.1	unplaced-scaffold	44267			HAP1_SCAFFOLD_2867
GCA_030435755.1	Primary Assembly	Un			JAUDYK010000504.1	Chromosome		NW_026696521.1	unplaced-scaffold	37972			HAP1_SCAFFOLD_3621
GCA_030435755.1	Primary Assembly	Un			JAUDYK010000505.1	Chromosome		NW_026696522.1	unplaced-scaffold	25070			HAP1_SCAFFOLD_5506
GCA_030435755.1	Primary Assembly	Un			JAUDYK010000506.1	Chromosome		NW_026696523.1	unplaced-scaffold	106395			HAP1_SCAFFOLD_670
GCA_030435755.1	Primary Assembly	Un			JAUDYK010000507.1	Chromosome		NW_026696524.1	unplaced-scaffold	146171			HAP1_SCAFFOLD_408
GCA_030435755.1	Primary Assembly	Un			JAUDYK010000508.1	Chromosome		NW_026696525.1	unplaced-scaffold	66545			HAP1_SCAFFOLD_1439
GCA_030435755.1	Primary Assembly	Un			JAUDYK010000509.1	Chromosome		NW_026696526.1	unplaced-scaffold	70247			HAP1_SCAFFOLD_1321
GCA_030435755.1	Primary Assembly	Un			JAUDYK010000510.1	Chromosome		NW_026696527.1	unplaced-scaffold	261521			HAP1_SCAFFOLD_190
GCA_030435755.1	Primary Assembly	Un			JAUDYK010000511.1	Chromosome		NW_026696528.1	unplaced-scaffold	50783			HAP1_SCAFFOLD_2269
GCA_030435755.1	Primary Assembly	Un			JAUDYK010000512.1	Chromosome		NW_026696529.1	unplaced-scaffold	37227			HAP1_SCAFFOLD_3735
GCA_030435755.1	Primary Assembly	Un			JAUDYK010000513.1	Chromosome		NW_026696530.1	unplaced-scaffold	46106			HAP1_SCAFFOLD_2657
GCA_030435755.1	Primary Assembly	Un			JAUDYK010000514.1	Chromosome		NW_026696531.1	unplaced-scaffold	190756			HAP1_SCAFFOLD_275
GCA_030435755.1	Primary Assembly	Un			JAUDYK010000515.1	Chromosome		NW_026696532.1	unplaced-scaffold	57584			HAP1_SCAFFOLD_1822
GCA_030435755.1	Primary Assembly	Un			JAUDYK010000516.1	Chromosome		NW_026696533.1	unplaced-scaffold	115225			HAP1_SCAFFOLD_588
GCA_030435755.1	Primary Assembly	Un			JAUDYK010000517.1	Chromosome		NW_026696534.1	unplaced-scaffold	31942			HAP1_SCAFFOLD_4535
GCA_030435755.1	Primary Assembly	Un			JAUDYK010000518.1	Chromosome		NW_026696535.1	unplaced-scaffold	46317			HAP1_SCAFFOLD_2640
GCA_030435755.1	Primary Assembly	Un			JAUDYK010000519.1	Chromosome		NW_026696536.1	unplaced-scaffold	238054			HAP1_SCAFFOLD_216
GCA_030435755.1	Primary Assembly	Un			JAUDYK010000520.1	Chromosome		NW_026696537.1	unplaced-scaffold	71126			HAP1_SCAFFOLD_1299
GCA_030435755.1	Primary Assembly	Un			JAUDYK010000521.1	Chromosome		NW_026696538.1	unplaced-scaffold	42246			HAP1_SCAFFOLD_3067
GCA_030435755.1	Primary Assembly	Un			JAUDYK010000522.1	Chromosome		NW_026696539.1	unplaced-scaffold	46583			HAP1_SCAFFOLD_2613
GCA_030435755.1	Primary Assembly	Un			JAUDYK010000523.1	Chromosome		NW_026696540.1	unplaced-scaffold	47289			HAP1_SCAFFOLD_2554
GCA_030435755.1	Primary Assembly	Un			JAUDYK010000524.1	Chromosome		NW_026696541.1	unplaced-scaffold	44984			HAP1_SCAFFOLD_2779
GCA_030435755.1	Primary Assembly	Un			JAUDYK010000525.1	Chromosome		NW_026696542.1	unplaced-scaffold	55665			HAP1_SCAFFOLD_1923
GCA_030435755.1	Primary Assembly	Un			JAUDYK010000526.1	Chromosome		NW_026696543.1	unplaced-scaffold	26501			HAP1_SCAFFOLD_5326
GCA_030435755.1	Primary Assembly	Un			JAUDYK010000527.1	Chromosome		NW_026696544.1	unplaced-scaffold	22051			HAP1_SCAFFOLD_5755
GCA_030435755.1	Primary Assembly	Un			JAUDYK010000528.1	Chromosome		NW_026696545.1	unplaced-scaffold	42136			HAP1_SCAFFOLD_3084
GCA_030435755.1	Primary Assembly	Un			JAUDYK010000529.1	Chromosome		NW_026696546.1	unplaced-scaffold	44020			HAP1_SCAFFOLD_2885
GCA_030435755.1	Primary Assembly	Un			JAUDYK010000530.1	Chromosome		NW_026696547.1	unplaced-scaffold	49380			HAP1_SCAFFOLD_2376
GCA_030435755.1	Primary Assembly	Un			JAUDYK010000531.1	Chromosome		NW_026696548.1	unplaced-scaffold	22442			HAP1_SCAFFOLD_5729
GCA_030435755.1	Primary Assembly	Un			JAUDYK010000532.1	Chromosome		NW_026696549.1	unplaced-scaffold	51615			HAP1_SCAFFOLD_2200
GCA_030435755.1	Primary Assembly	Un			JAUDYK010000533.1	Chromosome		NW_026696550.1	unplaced-scaffold	29457			HAP1_SCAFFOLD_4927
GCA_030435755.1	Primary Assembly	Un			JAUDYK010000534.1	Chromosome		NW_026696551.1	unplaced-scaffold	64868			HAP1_SCAFFOLD_1501
GCA_030435755.1	Primary Assembly	Un			JAUDYK010000535.1	Chromosome		NW_026696552.1	unplaced-scaffold	62790			HAP1_SCAFFOLD_1578
GCA_030435755.1	Primary Assembly	Un			JAUDYK010000536.1	Chromosome		NW_026696553.1	unplaced-scaffold	27779			HAP1_SCAFFOLD_5165
GCA_030435755.1	Primary Assembly	Un			JAUDYK010000537.1	Chromosome		NW_026696554.1	unplaced-scaffold	36054			HAP1_SCAFFOLD_3918
GCA_030435755.1	Primary Assembly	Un			JAUDYK010000538.1	Chromosome		NW_026696555.1	unplaced-scaffold	48531			HAP1_SCAFFOLD_2462
GCA_030435755.1	Primary Assembly	Un			JAUDYK010000539.1	Chromosome		NW_026696556.1	unplaced-scaffold	25759			HAP1_SCAFFOLD_5411
GCA_030435755.1	Primary Assembly	Un			JAUDYK010000540.1	Chromosome		NW_026696557.1	unplaced-scaffold	73039			HAP1_SCAFFOLD_1232
GCA_030435755.1	Primary Assembly	Un			JAUDYK010000541.1	Chromosome		NW_026696558.1	unplaced-scaffold	20992			HAP1_SCAFFOLD_5802
GCA_030435755.1	Primary Assembly	Un			JAUDYK010000542.1	Chromosome		NW_026696559.1	unplaced-scaffold	111115			HAP1_SCAFFOLD_629
GCA_030435755.1	Primary Assembly	Un			JAUDYK010000543.1	Chromosome		NW_026696560.1	unplaced-scaffold	32384			HAP1_SCAFFOLD_4456
GCA_030435755.1	Primary Assembly	Un			JAUDYK010000544.1	Chromosome		NW_026696561.1	unplaced-scaffold	40815			HAP1_SCAFFOLD_3246
GCA_030435755.1	Primary Assembly	Un			JAUDYK010000545.1	Chromosome		NW_026696562.1	unplaced-scaffold	152593			HAP1_SCAFFOLD_386
GCA_030435755.1	Primary Assembly	Un			JAUDYK010000546.1	Chromosome		NW_026696563.1	unplaced-scaffold	54760			HAP1_SCAFFOLD_1982
GCA_030435755.1	Primary Assembly	Un			JAUDYK010000547.1	Chromosome		NW_026696564.1	unplaced-scaffold	50093			HAP1_SCAFFOLD_2328
GCA_030435755.1	Primary Assembly	Un			JAUDYK010000548.1	Chromosome		NW_026696565.1	unplaced-scaffold	183052			HAP1_SCAFFOLD_297
GCA_030435755.1	Primary Assembly	Un			JAUDYK010000549.1	Chromosome		NW_026696566.1	unplaced-scaffold	76532			HAP1_SCAFFOLD_1150
GCA_030435755.1	Primary Assembly	Un			JAUDYK010000550.1	Chromosome		NW_026696567.1	unplaced-scaffold	34435			HAP1_SCAFFOLD_4143
GCA_030435755.1	Primary Assembly	Un			JAUDYK010000551.1	Chromosome		NW_026696568.1	unplaced-scaffold	64145			HAP1_SCAFFOLD_1526
GCA_030435755.1	Primary Assembly	Un			JAUDYK010000552.1	Chromosome		NW_026696569.1	unplaced-scaffold	31331			HAP1_SCAFFOLD_4655
GCA_030435755.1	Primary Assembly	Un			JAUDYK010000553.1	Chromosome		NW_026696570.1	unplaced-scaffold	35431			HAP1_SCAFFOLD_4002
GCA_030435755.1	Primary Assembly	Un			JAUDYK010000554.1	Chromosome		NW_026696571.1	unplaced-scaffold	26679			HAP1_SCAFFOLD_5301
GCA_030435755.1	Primary Assembly	Un			JAUDYK010000555.1	Chromosome		NW_026696572.1	unplaced-scaffold	47493			HAP1_SCAFFOLD_2537
GCA_030435755.1	Primary Assembly	Un			JAUDYK010000556.1	Chromosome		NW_026696573.1	unplaced-scaffold	114757			HAP1_SCAFFOLD_592
GCA_030435755.1	Primary Assembly	Un			JAUDYK010000557.1	Chromosome		NW_026696574.1	unplaced-scaffold	58732			HAP1_SCAFFOLD_1760
GCA_030435755.1	Primary Assembly	Un			JAUDYK010000558.1	Chromosome		NW_026696575.1	unplaced-scaffold	26080			HAP1_SCAFFOLD_5378
GCA_030435755.1	Primary Assembly	Un			JAUDYK010000559.1	Chromosome		NW_026696576.1	unplaced-scaffold	27537			HAP1_SCAFFOLD_5193
GCA_030435755.1	Primary Assembly	Un			JAUDYK010000560.1	Chromosome		NW_026696577.1	unplaced-scaffold	76600			HAP1_SCAFFOLD_1147
GCA_030435755.1	Primary Assembly	Un			JAUDYK010000561.1	Chromosome		NW_026696578.1	unplaced-scaffold	88838			HAP1_SCAFFOLD_907
GCA_030435755.1	Primary Assembly	Un			JAUDYK010000562.1	Chromosome		NW_026696579.1	unplaced-scaffold	31433			HAP1_SCAFFOLD_4629
GCA_030435755.1	Primary Assembly	Un			JAUDYK010000563.1	Chromosome		NW_026696580.1	unplaced-scaffold	47003			HAP1_SCAFFOLD_2571
GCA_030435755.1	Primary Assembly	Un			JAUDYK010000564.1	Chromosome		NW_026696581.1	unplaced-scaffold	109601			HAP1_SCAFFOLD_643
GCA_030435755.1	Primary Assembly	Un			JAUDYK010000565.1	Chromosome		NW_026696582.1	unplaced-scaffold	38965			HAP1_SCAFFOLD_3473
GCA_030435755.1	Primary Assembly	Un			JAUDYK010000566.1	Chromosome		NW_026696583.1	unplaced-scaffold	47905			HAP1_SCAFFOLD_2508
GCA_030435755.1	Primary Assembly	Un			JAUDYK010000567.1	Chromosome		NW_026696584.1	unplaced-scaffold	28347			HAP1_SCAFFOLD_5087
GCA_030435755.1	Primary Assembly	Un			JAUDYK010000568.1	Chromosome		NW_026696585.1	unplaced-scaffold	29843			HAP1_SCAFFOLD_4864
GCA_030435755.1	Primary Assembly	Un			JAUDYK010000569.1	Chromosome		NW_026696586.1	unplaced-scaffold	71837			HAP1_SCAFFOLD_1270
GCA_030435755.1	Primary Assembly	Un			JAUDYK010000570.1	Chromosome		NW_026696587.1	unplaced-scaffold	34672			HAP1_SCAFFOLD_4110
GCA_030435755.1	Primary Assembly	Un			JAUDYK010000571.1	Chromosome		NW_026696588.1	unplaced-scaffold	46362			HAP1_SCAFFOLD_2634
GCA_030435755.1	Primary Assembly	Un			JAUDYK010000572.1	Chromosome		NW_026696589.1	unplaced-scaffold	18350			HAP1_SCAFFOLD_5903
GCA_030435755.1	Primary Assembly	Un			JAUDYK010000573.1	Chromosome		NW_026696590.1	unplaced-scaffold	70992			HAP1_SCAFFOLD_1306
GCA_030435755.1	Primary Assembly	Un			JAUDYK010000574.1	Chromosome		NW_026696591.1	unplaced-scaffold	61891			HAP1_SCAFFOLD_1615
GCA_030435755.1	Primary Assembly	Un			JAUDYK010000575.1	Chromosome		NW_026696592.1	unplaced-scaffold	24957			HAP1_SCAFFOLD_5521
GCA_030435755.1	Primary Assembly	Un			JAUDYK010000576.1	Chromosome		NW_026696593.1	unplaced-scaffold	38075			HAP1_SCAFFOLD_3606
GCA_030435755.1	Primary Assembly	Un			JAUDYK010000577.1	Chromosome		NW_026696594.1	unplaced-scaffold	40249			HAP1_SCAFFOLD_3315
GCA_030435755.1	Primary Assembly	Un			JAUDYK010000578.1	Chromosome		NW_026696595.1	unplaced-scaffold	65004			HAP1_SCAFFOLD_1492
GCA_030435755.1	Primary Assembly	Un			JAUDYK010000579.1	Chromosome		NW_026696596.1	unplaced-scaffold	59885			HAP1_SCAFFOLD_1709
GCA_030435755.1	Primary Assembly	Un			JAUDYK010000580.1	Chromosome		NW_026696597.1	unplaced-scaffold	89335			HAP1_SCAFFOLD_894
GCA_030435755.1	Primary Assembly	Un			JAUDYK010000581.1	Chromosome		NW_026696598.1	unplaced-scaffold	43199			HAP1_SCAFFOLD_2959
GCA_030435755.1	Primary Assembly	Un			JAUDYK010000582.1	Chromosome		NW_026696599.1	unplaced-scaffold	56477			HAP1_SCAFFOLD_1883
GCA_030435755.1	Primary Assembly	Un			JAUDYK010000583.1	Chromosome		NW_026696600.1	unplaced-scaffold	41293			HAP1_SCAFFOLD_3185
GCA_030435755.1	Primary Assembly	Un			JAUDYK010000584.1	Chromosome		NW_026696601.1	unplaced-scaffold	44862			HAP1_SCAFFOLD_2790
GCA_030435755.1	Primary Assembly	Un			JAUDYK010000585.1	Chromosome		NW_026696602.1	unplaced-scaffold	39516			HAP1_SCAFFOLD_3405
GCA_030435755.1	Primary Assembly	Un			JAUDYK010000586.1	Chromosome		NW_026696603.1	unplaced-scaffold	43542			HAP1_SCAFFOLD_2925
GCA_030435755.1	Primary Assembly	Un			JAUDYK010000587.1	Chromosome		NW_026696604.1	unplaced-scaffold	67264			HAP1_SCAFFOLD_1416
GCA_030435755.1	Primary Assembly	Un			JAUDYK010000588.1	Chromosome		NW_026696605.1	unplaced-scaffold	32913			HAP1_SCAFFOLD_4380
GCA_030435755.1	Primary Assembly	Un			JAUDYK010000589.1	Chromosome		NW_026696606.1	unplaced-scaffold	28574			HAP1_SCAFFOLD_5064
GCA_030435755.1	Primary Assembly	Un			JAUDYK010000590.1	Chromosome		NW_026696607.1	unplaced-scaffold	29735			HAP1_SCAFFOLD_4887
GCA_030435755.1	Primary Assembly	Un			JAUDYK010000591.1	Chromosome		NW_026696608.1	unplaced-scaffold	54131			HAP1_SCAFFOLD_2027
GCA_030435755.1	Primary Assembly	Un			JAUDYK010000592.1	Chromosome		NW_026696609.1	unplaced-scaffold	36756			HAP1_SCAFFOLD_3816
GCA_030435755.1	Primary Assembly	Un			JAUDYK010000593.1	Chromosome		NW_026696610.1	unplaced-scaffold	209483			HAP1_SCAFFOLD_249
GCA_030435755.1	Primary Assembly	Un			JAUDYK010000594.1	Chromosome		NW_026696611.1	unplaced-scaffold	42470			HAP1_SCAFFOLD_3042
GCA_030435755.1	Primary Assembly	Un			JAUDYK010000595.1	Chromosome		NW_026696612.1	unplaced-scaffold	60419			HAP1_SCAFFOLD_1691
GCA_030435755.1	Primary Assembly	Un			JAUDYK010000596.1	Chromosome		NW_026696613.1	unplaced-scaffold	34572			HAP1_SCAFFOLD_4124
GCA_030435755.1	Primary Assembly	Un			JAUDYK010000597.1	Chromosome		NW_026696614.1	unplaced-scaffold	41952			HAP1_SCAFFOLD_3103
GCA_030435755.1	Primary Assembly	Un			JAUDYK010000598.1	Chromosome		NW_026696615.1	unplaced-scaffold	28419			HAP1_SCAFFOLD_5077
GCA_030435755.1	Primary Assembly	Un			JAUDYK010000599.1	Chromosome		NW_026696616.1	unplaced-scaffold	46875			HAP1_SCAFFOLD_2581
GCA_030435755.1	Primary Assembly	Un			JAUDYK010000600.1	Chromosome		NW_026696617.1	unplaced-scaffold	38927			HAP1_SCAFFOLD_3483
GCA_030435755.1	Primary Assembly	Un			JAUDYK010000601.1	Chromosome		NW_026696618.1	unplaced-scaffold	39616			HAP1_SCAFFOLD_3391
GCA_030435755.1	Primary Assembly	Un			JAUDYK010000602.1	Chromosome		NW_026696619.1	unplaced-scaffold	71628			HAP1_SCAFFOLD_1280
GCA_030435755.1	Primary Assembly	Un			JAUDYK010000603.1	Chromosome		NW_026696620.1	unplaced-scaffold	57942			HAP1_SCAFFOLD_1805
GCA_030435755.1	Primary Assembly	Un			JAUDYK010000604.1	Chromosome		NW_026696621.1	unplaced-scaffold	81645			HAP1_SCAFFOLD_1036
GCA_030435755.1	Primary Assembly	Un			JAUDYK010000605.1	Chromosome		NW_026696622.1	unplaced-scaffold	27205			HAP1_SCAFFOLD_5235
GCA_030435755.1	Primary Assembly	Un			JAUDYK010000606.1	Chromosome		NW_026696623.1	unplaced-scaffold	34000			HAP1_SCAFFOLD_4206
GCA_030435755.1	Primary Assembly	Un			JAUDYK010000607.1	Chromosome		NW_026696624.1	unplaced-scaffold	32960			HAP1_SCAFFOLD_4370
GCA_030435755.1	Primary Assembly	Un			JAUDYK010000608.1	Chromosome		NW_026696625.1	unplaced-scaffold	42390			HAP1_SCAFFOLD_3051
GCA_030435755.1	Primary Assembly	Un			JAUDYK010000609.1	Chromosome		NW_026696626.1	unplaced-scaffold	36243			HAP1_SCAFFOLD_3892
GCA_030435755.1	Primary Assembly	Un			JAUDYK010000610.1	Chromosome		NW_026696627.1	unplaced-scaffold	29799			HAP1_SCAFFOLD_4877
GCA_030435755.1	Primary Assembly	Un			JAUDYK010000611.1	Chromosome		NW_026696628.1	unplaced-scaffold	113523			HAP1_SCAFFOLD_601
GCA_030435755.1	Primary Assembly	Un			JAUDYK010000612.1	Chromosome		NW_026696629.1	unplaced-scaffold	55533			HAP1_SCAFFOLD_1930
GCA_030435755.1	Primary Assembly	Un			JAUDYK010000613.1	Chromosome		NW_026696630.1	unplaced-scaffold	56683			HAP1_SCAFFOLD_1873
GCA_030435755.1	Primary Assembly	Un			JAUDYK010000614.1	Chromosome		NW_026696631.1	unplaced-scaffold	41369			HAP1_SCAFFOLD_3175
GCA_030435755.1	Primary Assembly	Un			JAUDYK010000615.1	Chromosome		NW_026696632.1	unplaced-scaffold	25171			HAP1_SCAFFOLD_5495
GCA_030435755.1	Primary Assembly	Un			JAUDYK010000616.1	Chromosome		NW_026696633.1	unplaced-scaffold	40900			HAP1_SCAFFOLD_3229
GCA_030435755.1	Primary Assembly	Un			JAUDYK010000617.1	Chromosome		NW_026696634.1	unplaced-scaffold	46101			HAP1_SCAFFOLD_2661
GCA_030435755.1	Primary Assembly	Un			JAUDYK010000618.1	Chromosome		NW_026696635.1	unplaced-scaffold	32467			HAP1_SCAFFOLD_4445
GCA_030435755.1	Primary Assembly	Un			JAUDYK010000619.1	Chromosome		NW_026696636.1	unplaced-scaffold	40716			HAP1_SCAFFOLD_3255
GCA_030435755.1	Primary Assembly	Un			JAUDYK010000620.1	Chromosome		NW_026696637.1	unplaced-scaffold	24004			HAP1_SCAFFOLD_5612
GCA_030435755.1	Primary Assembly	Un			JAUDYK010000621.1	Chromosome		NW_026696638.1	unplaced-scaffold	28122			HAP1_SCAFFOLD_5118
GCA_030435755.1	Primary Assembly	Un			JAUDYK010000622.1	Chromosome		NW_026696639.1	unplaced-scaffold	233298			HAP1_SCAFFOLD_223
GCA_030435755.1	Primary Assembly	Un			JAUDYK010000623.1	Chromosome		NW_026696640.1	unplaced-scaffold	30083			HAP1_SCAFFOLD_4831
GCA_030435755.1	Primary Assembly	Un			JAUDYK010000624.1	Chromosome		NW_026696641.1	unplaced-scaffold	33174			HAP1_SCAFFOLD_4332
GCA_030435755.1	Primary Assembly	Un			JAUDYK010000625.1	Chromosome		NW_026696642.1	unplaced-scaffold	28789			HAP1_SCAFFOLD_5031
GCA_030435755.1	Primary Assembly	Un			JAUDYK010000626.1	Chromosome		NW_026696643.1	unplaced-scaffold	25978			HAP1_SCAFFOLD_5388
GCA_030435755.1	Primary Assembly	Un			JAUDYK010000627.1	Chromosome		NW_026696644.1	unplaced-scaffold	45313			HAP1_SCAFFOLD_2748
GCA_030435755.1	Primary Assembly	Un			JAUDYK010000628.1	Chromosome		NW_026696645.1	unplaced-scaffold	35508			HAP1_SCAFFOLD_3993
GCA_030435755.1	Primary Assembly	Un			JAUDYK010000629.1	Chromosome		NW_026696646.1	unplaced-scaffold	31378			HAP1_SCAFFOLD_4646
GCA_030435755.1	Primary Assembly	Un			JAUDYK010000630.1	Chromosome		NW_026696647.1	unplaced-scaffold	175054			HAP1_SCAFFOLD_312
GCA_030435755.1	Primary Assembly	Un			JAUDYK010000631.1	Chromosome		NW_026696648.1	unplaced-scaffold	88830			HAP1_SCAFFOLD_908
GCA_030435755.1	Primary Assembly	Un			JAUDYK010000632.1	Chromosome		NW_026696649.1	unplaced-scaffold	23011			HAP1_SCAFFOLD_5696
GCA_030435755.1	Primary Assembly	Un			JAUDYK010000633.1	Chromosome		NW_026696650.1	unplaced-scaffold	54894			HAP1_SCAFFOLD_1972
GCA_030435755.1	Primary Assembly	Un			JAUDYK010000634.1	Chromosome		NW_026696651.1	unplaced-scaffold	182597			HAP1_SCAFFOLD_298
GCA_030435755.1	Primary Assembly	Un			JAUDYK010000635.1	Chromosome		NW_026696652.1	unplaced-scaffold	52566			HAP1_SCAFFOLD_2139
GCA_030435755.1	Primary Assembly	Un			JAUDYK010000636.1	Chromosome		NW_026696653.1	unplaced-scaffold	63668			HAP1_SCAFFOLD_1549
GCA_030435755.1	Primary Assembly	Un			JAUDYK010000637.1	Chromosome		NW_026696654.1	unplaced-scaffold	25402			HAP1_SCAFFOLD_5463
GCA_030435755.1	Primary Assembly	Un			JAUDYK010000638.1	Chromosome		NW_026696655.1	unplaced-scaffold	44777			HAP1_SCAFFOLD_2803
GCA_030435755.1	Primary Assembly	Un			JAUDYK010000639.1	Chromosome		NW_026696656.1	unplaced-scaffold	35259			HAP1_SCAFFOLD_4025
GCA_030435755.1	Primary Assembly	Un			JAUDYK010000640.1	Chromosome		NW_026696657.1	unplaced-scaffold	38664			HAP1_SCAFFOLD_3512
GCA_030435755.1	Primary Assembly	Un			JAUDYK010000641.1	Chromosome		NW_026696658.1	unplaced-scaffold	30980			HAP1_SCAFFOLD_4712
GCA_030435755.1	Primary Assembly	Un			JAUDYK010000642.1	Chromosome		NW_026696659.1	unplaced-scaffold	34981			HAP1_SCAFFOLD_4059
GCA_030435755.1	Primary Assembly	Un			JAUDYK010000643.1	Chromosome		NW_026696660.1	unplaced-scaffold	52845			HAP1_SCAFFOLD_2116
GCA_030435755.1	Primary Assembly	Un			JAUDYK010000644.1	Chromosome		NW_026696661.1	unplaced-scaffold	49339			HAP1_SCAFFOLD_2386
GCA_030435755.1	Primary Assembly	Un			JAUDYK010000645.1	Chromosome		NW_026696662.1	unplaced-scaffold	44150			HAP1_SCAFFOLD_2875
GCA_030435755.1	Primary Assembly	Un			JAUDYK010000646.1	Chromosome		NW_026696663.1	unplaced-scaffold	35723			HAP1_SCAFFOLD_3965
GCA_030435755.1	Primary Assembly	Un			JAUDYK010000647.1	Chromosome		NW_026696664.1	unplaced-scaffold	38136			HAP1_SCAFFOLD_3596
GCA_030435755.1	Primary Assembly	Un			JAUDYK010000648.1	Chromosome		NW_026696665.1	unplaced-scaffold	22242			HAP1_SCAFFOLD_5746
GCA_030435755.1	Primary Assembly	Un			JAUDYK010000649.1	Chromosome		NW_026696666.1	unplaced-scaffold	19684			HAP1_SCAFFOLD_5859
GCA_030435755.1	Primary Assembly	Un			JAUDYK010000650.1	Chromosome		NW_026696667.1	unplaced-scaffold	62513			HAP1_SCAFFOLD_1588
GCA_030435755.1	Primary Assembly	Un			JAUDYK010000651.1	Chromosome		NW_026696668.1	unplaced-scaffold	32770			HAP1_SCAFFOLD_4399
GCA_030435755.1	Primary Assembly	Un			JAUDYK010000652.1	Chromosome		NW_026696669.1	unplaced-scaffold	107784			HAP1_SCAFFOLD_654
GCA_030435755.1	Primary Assembly	Un			JAUDYK010000653.1	Chromosome		NW_026696670.1	unplaced-scaffold	44869			HAP1_SCAFFOLD_2789
GCA_030435755.1	Primary Assembly	Un			JAUDYK010000654.1	Chromosome		NW_026696671.1	unplaced-scaffold	45703			HAP1_SCAFFOLD_2698
GCA_030435755.1	Primary Assembly	Un			JAUDYK010000655.1	Chromosome		NW_026696672.1	unplaced-scaffold	51809			HAP1_SCAFFOLD_2192
GCA_030435755.1	Primary Assembly	Un			JAUDYK010000656.1	Chromosome		NW_026696673.1	unplaced-scaffold	26321			HAP1_SCAFFOLD_5349
GCA_030435755.1	Primary Assembly	Un			JAUDYK010000657.1	Chromosome		NW_026696674.1	unplaced-scaffold	20457			HAP1_SCAFFOLD_5825
GCA_030435755.1	Primary Assembly	Un			JAUDYK010000658.1	Chromosome		NW_026696675.1	unplaced-scaffold	30364			HAP1_SCAFFOLD_4796
GCA_030435755.1	Primary Assembly	Un			JAUDYK010000659.1	Chromosome		NW_026696676.1	unplaced-scaffold	42193			HAP1_SCAFFOLD_3074
GCA_030435755.1	Primary Assembly	Un			JAUDYK010000660.1	Chromosome		NW_026696677.1	unplaced-scaffold	55311			HAP1_SCAFFOLD_1944
GCA_030435755.1	Primary Assembly	Un			JAUDYK010000661.1	Chromosome		NW_026696678.1	unplaced-scaffold	48665			HAP1_SCAFFOLD_2450
GCA_030435755.1	Primary Assembly	Un			JAUDYK010000662.1	Chromosome		NW_026696679.1	unplaced-scaffold	43837			HAP1_SCAFFOLD_2902
GCA_030435755.1	Primary Assembly	Un			JAUDYK010000663.1	Chromosome		NW_026696680.1	unplaced-scaffold	39377			HAP1_SCAFFOLD_3422
GCA_030435755.1	Primary Assembly	Un			JAUDYK010000664.1	Chromosome		NW_026696681.1	unplaced-scaffold	59086			HAP1_SCAFFOLD_1741
GCA_030435755.1	Primary Assembly	Un			JAUDYK010000665.1	Chromosome		NW_026696682.1	unplaced-scaffold	146477			HAP1_SCAFFOLD_407
GCA_030435755.1	Primary Assembly	Un			JAUDYK010000666.1	Chromosome		NW_026696683.1	unplaced-scaffold	48678			HAP1_SCAFFOLD_2447
GCA_030435755.1	Primary Assembly	Un			JAUDYK010000667.1	Chromosome		NW_026696684.1	unplaced-scaffold	115300			HAP1_SCAFFOLD_587
GCA_030435755.1	Primary Assembly	Un			JAUDYK010000668.1	Chromosome		NW_026696685.1	unplaced-scaffold	36658			HAP1_SCAFFOLD_3839
GCA_030435755.1	Primary Assembly	Un			JAUDYK010000669.1	Chromosome		NW_026696686.1	unplaced-scaffold	60813			HAP1_SCAFFOLD_1668
GCA_030435755.1	Primary Assembly	Un			JAUDYK010000670.1	Chromosome		NW_026696687.1	unplaced-scaffold	75848			HAP1_SCAFFOLD_1162
GCA_030435755.1	Primary Assembly	Un			JAUDYK010000671.1	Chromosome		NW_026696688.1	unplaced-scaffold	188637			HAP1_SCAFFOLD_282
GCA_030435755.1	Primary Assembly	Un			JAUDYK010000672.1	Chromosome		NW_026696689.1	unplaced-scaffold	58902			HAP1_SCAFFOLD_1752
GCA_030435755.1	Primary Assembly	Un			JAUDYK010000673.1	Chromosome		NW_026696690.1	unplaced-scaffold	33898			HAP1_SCAFFOLD_4221
GCA_030435755.1	Primary Assembly	Un			JAUDYK010000674.1	Chromosome		NW_026696691.1	unplaced-scaffold	39820			HAP1_SCAFFOLD_3368
GCA_030435755.1	Primary Assembly	Un			JAUDYK010000675.1	Chromosome		NW_026696692.1	unplaced-scaffold	82330			HAP1_SCAFFOLD_1019
GCA_030435755.1	Primary Assembly	Un			JAUDYK010000676.1	Chromosome		NW_026696693.1	unplaced-scaffold	20516			HAP1_SCAFFOLD_5824
GCA_030435755.1	Primary Assembly	Un			JAUDYK010000677.1	Chromosome		NW_026696694.1	unplaced-scaffold	40866			HAP1_SCAFFOLD_3237
GCA_030435755.1	Primary Assembly	Un			JAUDYK010000678.1	Chromosome		NW_026696695.1	unplaced-scaffold	42185			HAP1_SCAFFOLD_3075
GCA_030435755.1	Primary Assembly	Un			JAUDYK010000679.1	Chromosome		NW_026696696.1	unplaced-scaffold	37044			HAP1_SCAFFOLD_3761
GCA_030435755.1	Primary Assembly	Un			JAUDYK010000680.1	Chromosome		NW_026696697.1	unplaced-scaffold	32579			HAP1_SCAFFOLD_4430
GCA_030435755.1	Primary Assembly	Un			JAUDYK010000681.1	Chromosome		NW_026696698.1	unplaced-scaffold	41602			HAP1_SCAFFOLD_3151
GCA_030435755.1	Primary Assembly	Un			JAUDYK010000682.1	Chromosome		NW_026696699.1	unplaced-scaffold	24107			HAP1_SCAFFOLD_5600
GCA_030435755.1	Primary Assembly	Un			JAUDYK010000683.1	Chromosome		NW_026696700.1	unplaced-scaffold	31753			HAP1_SCAFFOLD_4561
GCA_030435755.1	Primary Assembly	Un			JAUDYK010000684.1	Chromosome		NW_026696701.1	unplaced-scaffold	35726			HAP1_SCAFFOLD_3964
GCA_030435755.1	Primary Assembly	Un			JAUDYK010000685.1	Chromosome		NW_026696702.1	unplaced-scaffold	44180			HAP1_SCAFFOLD_2874
GCA_030435755.1	Primary Assembly	Un			JAUDYK010000686.1	Chromosome		NW_026696703.1	unplaced-scaffold	98398			HAP1_SCAFFOLD_760
GCA_030435755.1	Primary Assembly	Un			JAUDYK010000687.1	Chromosome		NW_026696704.1	unplaced-scaffold	112709			HAP1_SCAFFOLD_611
GCA_030435755.1	Primary Assembly	Un			JAUDYK010000688.1	Chromosome		NW_026696705.1	unplaced-scaffold	109973			HAP1_SCAFFOLD_638
GCA_030435755.1	Primary Assembly	Un			JAUDYK010000689.1	Chromosome		NW_026696706.1	unplaced-scaffold	69034			HAP1_SCAFFOLD_1348
GCA_030435755.1	Primary Assembly	Un			JAUDYK010000690.1	Chromosome		NW_026696707.1	unplaced-scaffold	42778			HAP1_SCAFFOLD_3003
GCA_030435755.1	Primary Assembly	Un			JAUDYK010000691.1	Chromosome		NW_026696708.1	unplaced-scaffold	27704			HAP1_SCAFFOLD_5177
GCA_030435755.1	Primary Assembly	Un			JAUDYK010000692.1	Chromosome		NW_026696709.1	unplaced-scaffold	35560			HAP1_SCAFFOLD_3987
GCA_030435755.1	Primary Assembly	Un			JAUDYK010000693.1	Chromosome		NW_026696710.1	unplaced-scaffold	47405			HAP1_SCAFFOLD_2546
GCA_030435755.1	Primary Assembly	Un			JAUDYK010000694.1	Chromosome		NW_026696711.1	unplaced-scaffold	77120			HAP1_SCAFFOLD_1136
GCA_030435755.1	Primary Assembly	Un			JAUDYK010000695.1	Chromosome		NW_026696712.1	unplaced-scaffold	56952			HAP1_SCAFFOLD_1858
GCA_030435755.1	Primary Assembly	Un			JAUDYK010000696.1	Chromosome		NW_026696713.1	unplaced-scaffold	52749			HAP1_SCAFFOLD_2127
GCA_030435755.1	Primary Assembly	Un			JAUDYK010000697.1	Chromosome		NW_026696714.1	unplaced-scaffold	27393			HAP1_SCAFFOLD_5213
GCA_030435755.1	Primary Assembly	Un			JAUDYK010000698.1	Chromosome		NW_026696715.1	unplaced-scaffold	41648			HAP1_SCAFFOLD_3142
GCA_030435755.1	Primary Assembly	Un			JAUDYK010000699.1	Chromosome		NW_026696716.1	unplaced-scaffold	37802			HAP1_SCAFFOLD_3648
GCA_030435755.1	Primary Assembly	Un			JAUDYK010000700.1	Chromosome		NW_026696717.1	unplaced-scaffold	35260			HAP1_SCAFFOLD_4024
GCA_030435755.1	Primary Assembly	Un			JAUDYK010000701.1	Chromosome		NW_026696718.1	unplaced-scaffold	24251			HAP1_SCAFFOLD_5589
GCA_030435755.1	Primary Assembly	Un			JAUDYK010000702.1	Chromosome		NW_026696719.1	unplaced-scaffold	33402			HAP1_SCAFFOLD_4290
GCA_030435755.1	Primary Assembly	Un			JAUDYK010000703.1	Chromosome		NW_026696720.1	unplaced-scaffold	27061			HAP1_SCAFFOLD_5257
GCA_030435755.1	Primary Assembly	Un			JAUDYK010000704.1	Chromosome		NW_026696721.1	unplaced-scaffold	53943			HAP1_SCAFFOLD_2039
GCA_030435755.1	Primary Assembly	Un			JAUDYK010000705.1	Chromosome		NW_026696722.1	unplaced-scaffold	28032			HAP1_SCAFFOLD_5131
GCA_030435755.1	Primary Assembly	Un			JAUDYK010000706.1	Chromosome		NW_026696723.1	unplaced-scaffold	31157			HAP1_SCAFFOLD_4681
GCA_030435755.1	Primary Assembly	Un			JAUDYK010000707.1	Chromosome		NW_026696724.1	unplaced-scaffold	101134			HAP1_SCAFFOLD_724
GCA_030435755.1	Primary Assembly	Un			JAUDYK010000708.1	Chromosome		NW_026696725.1	unplaced-scaffold	30198			HAP1_SCAFFOLD_4818
GCA_030435755.1	Primary Assembly	Un			JAUDYK010000709.1	Chromosome		NW_026696726.1	unplaced-scaffold	38821			HAP1_SCAFFOLD_3497
GCA_030435755.1	Primary Assembly	Un			JAUDYK010000710.1	Chromosome		NW_026696727.1	unplaced-scaffold	32281			HAP1_SCAFFOLD_4472
GCA_030435755.1	Primary Assembly	Un			JAUDYK010000711.1	Chromosome		NW_026696728.1	unplaced-scaffold	27171			HAP1_SCAFFOLD_5240
GCA_030435755.1	Primary Assembly	Un			JAUDYK010000712.1	Chromosome		NW_026696729.1	unplaced-scaffold	87030			HAP1_SCAFFOLD_940
GCA_030435755.1	Primary Assembly	Un			JAUDYK010000713.1	Chromosome		NW_026696730.1	unplaced-scaffold	88258			HAP1_SCAFFOLD_918
GCA_030435755.1	Primary Assembly	Un			JAUDYK010000714.1	Chromosome		NW_026696731.1	unplaced-scaffold	180090			HAP1_SCAFFOLD_302
GCA_030435755.1	Primary Assembly	Un			JAUDYK010000715.1	Chromosome		NW_026696732.1	unplaced-scaffold	87419			HAP1_SCAFFOLD_931
GCA_030435755.1	Primary Assembly	Un			JAUDYK010000716.1	Chromosome		NW_026696733.1	unplaced-scaffold	90799			HAP1_SCAFFOLD_861
GCA_030435755.1	Primary Assembly	Un			JAUDYK010000717.1	Chromosome		NW_026696734.1	unplaced-scaffold	28877			HAP1_SCAFFOLD_5018
GCA_030435755.1	Primary Assembly	Un			JAUDYK010000718.1	Chromosome		NW_026696735.1	unplaced-scaffold	55294			HAP1_SCAFFOLD_1945
GCA_030435755.1	Primary Assembly	Un			JAUDYK010000719.1	Chromosome		NW_026696736.1	unplaced-scaffold	40579			HAP1_SCAFFOLD_3271
GCA_030435755.1	Primary Assembly	Un			JAUDYK010000720.1	Chromosome		NW_026696737.1	unplaced-scaffold	126981			HAP1_SCAFFOLD_496
GCA_030435755.1	Primary Assembly	Un			JAUDYK010000721.1	Chromosome		NW_026696738.1	unplaced-scaffold	41142			HAP1_SCAFFOLD_3208
GCA_030435755.1	Primary Assembly	Un			JAUDYK010000722.1	Chromosome		NW_026696739.1	unplaced-scaffold	23388			HAP1_SCAFFOLD_5669
GCA_030435755.1	Primary Assembly	Un			JAUDYK010000723.1	Chromosome		NW_026696740.1	unplaced-scaffold	163535			HAP1_SCAFFOLD_344
GCA_030435755.1	Primary Assembly	Un			JAUDYK010000724.1	Chromosome		NW_026696741.1	unplaced-scaffold	43739			HAP1_SCAFFOLD_2910
GCA_030435755.1	Primary Assembly	Un			JAUDYK010000725.1	Chromosome		NW_026696742.1	unplaced-scaffold	53108			HAP1_SCAFFOLD_2092
GCA_030435755.1	Primary Assembly	Un			JAUDYK010000726.1	Chromosome		NW_026696743.1	unplaced-scaffold	41373			HAP1_SCAFFOLD_3174
GCA_030435755.1	Primary Assembly	Un			JAUDYK010000727.1	Chromosome		NW_026696744.1	unplaced-scaffold	141560			HAP1_SCAFFOLD_425
GCA_030435755.1	Primary Assembly	Un			JAUDYK010000728.1	Chromosome		NW_026696745.1	unplaced-scaffold	44371			HAP1_SCAFFOLD_2851
GCA_030435755.1	Primary Assembly	Un			JAUDYK010000729.1	Chromosome		NW_026696746.1	unplaced-scaffold	85125			HAP1_SCAFFOLD_973
GCA_030435755.1	Primary Assembly	Un			JAUDYK010000730.1	Chromosome		NW_026696747.1	unplaced-scaffold	21453			HAP1_SCAFFOLD_5781
GCA_030435755.1	Primary Assembly	Un			JAUDYK010000731.1	Chromosome		NW_026696748.1	unplaced-scaffold	49964			HAP1_SCAFFOLD_2341
GCA_030435755.1	Primary Assembly	Un			JAUDYK010000732.1	Chromosome		NW_026696749.1	unplaced-scaffold	32979			HAP1_SCAFFOLD_4366
GCA_030435755.1	Primary Assembly	Un			JAUDYK010000733.1	Chromosome		NW_026696750.1	unplaced-scaffold	44413			HAP1_SCAFFOLD_2842
GCA_030435755.1	Primary Assembly	Un			JAUDYK010000734.1	Chromosome		NW_026696751.1	unplaced-scaffold	40221			HAP1_SCAFFOLD_3320
GCA_030435755.1	Primary Assembly	Un			JAUDYK010000735.1	Chromosome		NW_026696752.1	unplaced-scaffold	36695			HAP1_SCAFFOLD_3827
GCA_030435755.1	Primary Assembly	Un			JAUDYK010000736.1	Chromosome		NW_026696753.1	unplaced-scaffold	57957			HAP1_SCAFFOLD_1804
GCA_030435755.1	Primary Assembly	Un			JAUDYK010000737.1	Chromosome		NW_026696754.1	unplaced-scaffold	38311			HAP1_SCAFFOLD_3569
GCA_030435755.1	Primary Assembly	Un			JAUDYK010000738.1	Chromosome		NW_026696755.1	unplaced-scaffold	34338			HAP1_SCAFFOLD_4159
GCA_030435755.1	Primary Assembly	Un			JAUDYK010000739.1	Chromosome		NW_026696756.1	unplaced-scaffold	27208			HAP1_SCAFFOLD_5234
GCA_030435755.1	Primary Assembly	Un			JAUDYK010000740.1	Chromosome		NW_026696757.1	unplaced-scaffold	54297			HAP1_SCAFFOLD_2016
GCA_030435755.1	Primary Assembly	Un			JAUDYK010000741.1	Chromosome		NW_026696758.1	unplaced-scaffold	49780			HAP1_SCAFFOLD_2352
GCA_030435755.1	Primary Assembly	Un			JAUDYK010000742.1	Chromosome		NW_026696759.1	unplaced-scaffold	30580			HAP1_SCAFFOLD_4769
GCA_030435755.1	Primary Assembly	Un			JAUDYK010000743.1	Chromosome		NW_026696760.1	unplaced-scaffold	34564			HAP1_SCAFFOLD_4125
GCA_030435755.1	Primary Assembly	Un			JAUDYK010000744.1	Chromosome		NW_026696761.1	unplaced-scaffold	61828			HAP1_SCAFFOLD_1620
GCA_030435755.1	Primary Assembly	Un			JAUDYK010000745.1	Chromosome		NW_026696762.1	unplaced-scaffold	38798			HAP1_SCAFFOLD_3500
GCA_030435755.1	Primary Assembly	Un			JAUDYK010000746.1	Chromosome		NW_026696763.1	unplaced-scaffold	77827			HAP1_SCAFFOLD_1119
GCA_030435755.1	Primary Assembly	Un			JAUDYK010000747.1	Chromosome		NW_026696764.1	unplaced-scaffold	33498			HAP1_SCAFFOLD_4279
GCA_030435755.1	Primary Assembly	Un			JAUDYK010000748.1	Chromosome		NW_026696765.1	unplaced-scaffold	80245			HAP1_SCAFFOLD_1062
GCA_030435755.1	Primary Assembly	Un			JAUDYK010000749.1	Chromosome		NW_026696766.1	unplaced-scaffold	31046			HAP1_SCAFFOLD_4700
GCA_030435755.1	Primary Assembly	Un			JAUDYK010000750.1	Chromosome		NW_026696767.1	unplaced-scaffold	43348			HAP1_SCAFFOLD_2943
GCA_030435755.1	Primary Assembly	Un			JAUDYK010000751.1	Chromosome		NW_026696768.1	unplaced-scaffold	32471			HAP1_SCAFFOLD_4444
GCA_030435755.1	Primary Assembly	Un			JAUDYK010000752.1	Chromosome		NW_026696769.1	unplaced-scaffold	58338			HAP1_SCAFFOLD_1786
GCA_030435755.1	Primary Assembly	Un			JAUDYK010000753.1	Chromosome		NW_026696770.1	unplaced-scaffold	24722			HAP1_SCAFFOLD_5548
GCA_030435755.1	Primary Assembly	Un			JAUDYK010000754.1	Chromosome		NW_026696771.1	unplaced-scaffold	144224			HAP1_SCAFFOLD_417
GCA_030435755.1	Primary Assembly	Un			JAUDYK010000755.1	Chromosome		NW_026696772.1	unplaced-scaffold	479769			HAP1_SCAFFOLD_121
GCA_030435755.1	Primary Assembly	Un			JAUDYK010000756.1	Chromosome		NW_026696773.1	unplaced-scaffold	36858			HAP1_SCAFFOLD_3798
GCA_030435755.1	Primary Assembly	Un			JAUDYK010000757.1	Chromosome		NW_026696774.1	unplaced-scaffold	37550			HAP1_SCAFFOLD_3689
GCA_030435755.1	Primary Assembly	Un			JAUDYK010000758.1	Chromosome		NW_026696775.1	unplaced-scaffold	40736			HAP1_SCAFFOLD_3254
GCA_030435755.1	Primary Assembly	Un			JAUDYK010000759.1	Chromosome		NW_026696776.1	unplaced-scaffold	68020			HAP1_SCAFFOLD_1389
GCA_030435755.1	Primary Assembly	Un			JAUDYK010000760.1	Chromosome		NW_026696777.1	unplaced-scaffold	31556			HAP1_SCAFFOLD_4598
GCA_030435755.1	Primary Assembly	Un			JAUDYK010000761.1	Chromosome		NW_026696778.1	unplaced-scaffold	25172			HAP1_SCAFFOLD_5494
GCA_030435755.1	Primary Assembly	Un			JAUDYK010000762.1	Chromosome		NW_026696779.1	unplaced-scaffold	120847			HAP1_SCAFFOLD_546
GCA_030435755.1	Primary Assembly	Un			JAUDYK010000763.1	Chromosome		NW_026696780.1	unplaced-scaffold	77952			HAP1_SCAFFOLD_1118
GCA_030435755.1	Primary Assembly	Un			JAUDYK010000764.1	Chromosome		NW_026696781.1	unplaced-scaffold	61906			HAP1_SCAFFOLD_1612
GCA_030435755.1	Primary Assembly	Un			JAUDYK010000765.1	Chromosome		NW_026696782.1	unplaced-scaffold	33515			HAP1_SCAFFOLD_4278
GCA_030435755.1	Primary Assembly	Un			JAUDYK010000766.1	Chromosome		NW_026696783.1	unplaced-scaffold	34047			HAP1_SCAFFOLD_4201
GCA_030435755.1	Primary Assembly	Un			JAUDYK010000767.1	Chromosome		NW_026696784.1	unplaced-scaffold	188859			HAP1_SCAFFOLD_280
GCA_030435755.1	Primary Assembly	Un			JAUDYK010000768.1	Chromosome		NW_026696785.1	unplaced-scaffold	42334			HAP1_SCAFFOLD_3056
GCA_030435755.1	Primary Assembly	Un			JAUDYK010000769.1	Chromosome		NW_026696786.1	unplaced-scaffold	40261			HAP1_SCAFFOLD_3312
GCA_030435755.1	Primary Assembly	Un			JAUDYK010000770.1	Chromosome		NW_026696787.1	unplaced-scaffold	64970			HAP1_SCAFFOLD_1495
GCA_030435755.1	Primary Assembly	Un			JAUDYK010000771.1	Chromosome		NW_026696788.1	unplaced-scaffold	35820			HAP1_SCAFFOLD_3950
GCA_030435755.1	Primary Assembly	Un			JAUDYK010000772.1	Chromosome		NW_026696789.1	unplaced-scaffold	60357			HAP1_SCAFFOLD_1696
GCA_030435755.1	Primary Assembly	Un			JAUDYK010000773.1	Chromosome		NW_026696790.1	unplaced-scaffold	105524			HAP1_SCAFFOLD_685
GCA_030435755.1	Primary Assembly	Un			JAUDYK010000774.1	Chromosome		NW_026696791.1	unplaced-scaffold	24709			HAP1_SCAFFOLD_5549
GCA_030435755.1	Primary Assembly	Un			JAUDYK010000775.1	Chromosome		NW_026696792.1	unplaced-scaffold	39547			HAP1_SCAFFOLD_3402
GCA_030435755.1	Primary Assembly	Un			JAUDYK010000776.1	Chromosome		NW_026696793.1	unplaced-scaffold	36856			HAP1_SCAFFOLD_3799
GCA_030435755.1	Primary Assembly	Un			JAUDYK010000777.1	Chromosome		NW_026696794.1	unplaced-scaffold	41308			HAP1_SCAFFOLD_3182
GCA_030435755.1	Primary Assembly	Un			JAUDYK010000778.1	Chromosome		NW_026696795.1	unplaced-scaffold	37560			HAP1_SCAFFOLD_3688
GCA_030435755.1	Primary Assembly	Un			JAUDYK010000779.1	Chromosome		NW_026696796.1	unplaced-scaffold	36765			HAP1_SCAFFOLD_3811
GCA_030435755.1	Primary Assembly	Un			JAUDYK010000780.1	Chromosome		NW_026696797.1	unplaced-scaffold	68026			HAP1_SCAFFOLD_1388
GCA_030435755.1	Primary Assembly	Un			JAUDYK010000781.1	Chromosome		NW_026696798.1	unplaced-scaffold	43624			HAP1_SCAFFOLD_2922
GCA_030435755.1	Primary Assembly	Un			JAUDYK010000782.1	Chromosome		NW_026696799.1	unplaced-scaffold	110339			HAP1_SCAFFOLD_634
GCA_030435755.1	Primary Assembly	Un			JAUDYK010000783.1	Chromosome		NW_026696800.1	unplaced-scaffold	31554			HAP1_SCAFFOLD_4599
GCA_030435755.1	Primary Assembly	Un			JAUDYK010000784.1	Chromosome		NW_026696801.1	unplaced-scaffold	81821			HAP1_SCAFFOLD_1031
GCA_030435755.1	Primary Assembly	Un			JAUDYK010000785.1	Chromosome		NW_026696802.1	unplaced-scaffold	39596			HAP1_SCAFFOLD_3396
GCA_030435755.1	Primary Assembly	Un			JAUDYK010000786.1	Chromosome		NW_026696803.1	unplaced-scaffold	35854			HAP1_SCAFFOLD_3947
GCA_030435755.1	Primary Assembly	Un			JAUDYK010000787.1	Chromosome		NW_026696804.1	unplaced-scaffold	46844			HAP1_SCAFFOLD_2586
GCA_030435755.1	Primary Assembly	Un			JAUDYK010000788.1	Chromosome		NW_026696805.1	unplaced-scaffold	48500			HAP1_SCAFFOLD_2465
GCA_030435755.1	Primary Assembly	Un			JAUDYK010000789.1	Chromosome		NW_026696806.1	unplaced-scaffold	79330			HAP1_SCAFFOLD_1077
GCA_030435755.1	Primary Assembly	Un			JAUDYK010000790.1	Chromosome		NW_026696807.1	unplaced-scaffold	100670			HAP1_SCAFFOLD_728
GCA_030435755.1	Primary Assembly	Un			JAUDYK010000791.1	Chromosome		NW_026696808.1	unplaced-scaffold	31392			HAP1_SCAFFOLD_4641
GCA_030435755.1	Primary Assembly	Un			JAUDYK010000792.1	Chromosome		NW_026696809.1	unplaced-scaffold	88690			HAP1_SCAFFOLD_914
GCA_030435755.1	Primary Assembly	Un			JAUDYK010000793.1	Chromosome		NW_026696810.1	unplaced-scaffold	72925			HAP1_SCAFFOLD_1235
GCA_030435755.1	Primary Assembly	Un			JAUDYK010000794.1	Chromosome		NW_026696811.1	unplaced-scaffold	28758			HAP1_SCAFFOLD_5036
GCA_030435755.1	Primary Assembly	Un			JAUDYK010000795.1	Chromosome		NW_026696812.1	unplaced-scaffold	20869			HAP1_SCAFFOLD_5805
GCA_030435755.1	Primary Assembly	Un			JAUDYK010000796.1	Chromosome		NW_026696813.1	unplaced-scaffold	26850			HAP1_SCAFFOLD_5280
GCA_030435755.1	Primary Assembly	Un			JAUDYK010000797.1	Chromosome		NW_026696814.1	unplaced-scaffold	51424			HAP1_SCAFFOLD_2214
GCA_030435755.1	Primary Assembly	Un			JAUDYK010000798.1	Chromosome		NW_026696815.1	unplaced-scaffold	23041			HAP1_SCAFFOLD_5691
GCA_030435755.1	Primary Assembly	Un			JAUDYK010000799.1	Chromosome		NW_026696816.1	unplaced-scaffold	34897			HAP1_SCAFFOLD_4073
GCA_030435755.1	Primary Assembly	Un			JAUDYK010000800.1	Chromosome		NW_026696817.1	unplaced-scaffold	19315			HAP1_SCAFFOLD_5873
GCA_030435755.1	Primary Assembly	Un			JAUDYK010000801.1	Chromosome		NW_026696818.1	unplaced-scaffold	54739			HAP1_SCAFFOLD_1985
GCA_030435755.1	Primary Assembly	Un			JAUDYK010000802.1	Chromosome		NW_026696819.1	unplaced-scaffold	16846			HAP1_SCAFFOLD_5930
GCA_030435755.1	Primary Assembly	Un			JAUDYK010000803.1	Chromosome		NW_026696820.1	unplaced-scaffold	34344			HAP1_SCAFFOLD_4158
GCA_030435755.1	Primary Assembly	Un			JAUDYK010000804.1	Chromosome		NW_026696821.1	unplaced-scaffold	38329			HAP1_SCAFFOLD_3568
GCA_030435755.1	Primary Assembly	Un			JAUDYK010000805.1	Chromosome		NW_026696822.1	unplaced-scaffold	31339			HAP1_SCAFFOLD_4652
GCA_030435755.1	Primary Assembly	Un			JAUDYK010000806.1	Chromosome		NW_026696823.1	unplaced-scaffold	96217			HAP1_SCAFFOLD_793
GCA_030435755.1	Primary Assembly	Un			JAUDYK010000807.1	Chromosome		NW_026696824.1	unplaced-scaffold	30628			HAP1_SCAFFOLD_4768
GCA_030435755.1	Primary Assembly	Un			JAUDYK010000808.1	Chromosome		NW_026696825.1	unplaced-scaffold	35413			HAP1_SCAFFOLD_4005
GCA_030435755.1	Primary Assembly	Un			JAUDYK010000809.1	Chromosome		NW_026696826.1	unplaced-scaffold	30037			HAP1_SCAFFOLD_4836
GCA_030435755.1	Primary Assembly	Un			JAUDYK010000810.1	Chromosome		NW_026696827.1	unplaced-scaffold	44602			HAP1_SCAFFOLD_2823
GCA_030435755.1	Primary Assembly	Un			JAUDYK010000811.1	Chromosome		NW_026696828.1	unplaced-scaffold	46063			HAP1_SCAFFOLD_2666
GCA_030435755.1	Primary Assembly	Un			JAUDYK010000812.1	Chromosome		NW_026696829.1	unplaced-scaffold	29067			HAP1_SCAFFOLD_4994
GCA_030435755.1	Primary Assembly	Un			JAUDYK010000813.1	Chromosome		NW_026696830.1	unplaced-scaffold	53944			HAP1_SCAFFOLD_2038
GCA_030435755.1	Primary Assembly	Un			JAUDYK010000814.1	Chromosome		NW_026696831.1	unplaced-scaffold	38169			HAP1_SCAFFOLD_3591
GCA_030435755.1	Primary Assembly	Un			JAUDYK010000815.1	Chromosome		NW_026696832.1	unplaced-scaffold	49351			HAP1_SCAFFOLD_2381
GCA_030435755.1	Primary Assembly	Un			JAUDYK010000816.1	Chromosome		NW_026696833.1	unplaced-scaffold	48154			HAP1_SCAFFOLD_2493
GCA_030435755.1	Primary Assembly	Un			JAUDYK010000817.1	Chromosome		NW_026696834.1	unplaced-scaffold	22313			HAP1_SCAFFOLD_5741
GCA_030435755.1	Primary Assembly	Un			JAUDYK010000818.1	Chromosome		NW_026696835.1	unplaced-scaffold	175234			HAP1_SCAFFOLD_310
GCA_030435755.1	Primary Assembly	Un			JAUDYK010000819.1	Chromosome		NW_026696836.1	unplaced-scaffold	30405			HAP1_SCAFFOLD_4791
GCA_030435755.1	Primary Assembly	Un			JAUDYK010000820.1	Chromosome		NW_026696837.1	unplaced-scaffold	30197			HAP1_SCAFFOLD_4819
GCA_030435755.1	Primary Assembly	Un			JAUDYK010000821.1	Chromosome		NW_026696838.1	unplaced-scaffold	162925			HAP1_SCAFFOLD_348
GCA_030435755.1	Primary Assembly	Un			JAUDYK010000822.1	Chromosome		NW_026696839.1	unplaced-scaffold	14472			HAP1_SCAFFOLD_5944
GCA_030435755.1	Primary Assembly	Un			JAUDYK010000823.1	Chromosome		NW_026696840.1	unplaced-scaffold	37014			HAP1_SCAFFOLD_3770
GCA_030435755.1	Primary Assembly	Un			JAUDYK010000824.1	Chromosome		NW_026696841.1	unplaced-scaffold	22108			HAP1_SCAFFOLD_5752
GCA_030435755.1	Primary Assembly	Un			JAUDYK010000825.1	Chromosome		NW_026696842.1	unplaced-scaffold	28876			HAP1_SCAFFOLD_5019
GCA_030435755.1	Primary Assembly	Un			JAUDYK010000826.1	Chromosome		NW_026696843.1	unplaced-scaffold	95240			HAP1_SCAFFOLD_806
GCA_030435755.1	Primary Assembly	Un			JAUDYK010000827.1	Chromosome		NW_026696844.1	unplaced-scaffold	44069			HAP1_SCAFFOLD_2882
GCA_030435755.1	Primary Assembly	Un			JAUDYK010000828.1	Chromosome		NW_026696845.1	unplaced-scaffold	52882			HAP1_SCAFFOLD_2111
GCA_030435755.1	Primary Assembly	Un			JAUDYK010000829.1	Chromosome		NW_026696846.1	unplaced-scaffold	265125			HAP1_SCAFFOLD_187
GCA_030435755.1	Primary Assembly	Un			JAUDYK010000830.1	Chromosome		NW_026696847.1	unplaced-scaffold	41134			HAP1_SCAFFOLD_3209
GCA_030435755.1	Primary Assembly	Un			JAUDYK010000831.1	Chromosome		NW_026696848.1	unplaced-scaffold	27824			HAP1_SCAFFOLD_5162
GCA_030435755.1	Primary Assembly	Un			JAUDYK010000832.1	Chromosome		NW_026696849.1	unplaced-scaffold	23394			HAP1_SCAFFOLD_5668
GCA_030435755.1	Primary Assembly	Un			JAUDYK010000833.1	Chromosome		NW_026696850.1	unplaced-scaffold	31715			HAP1_SCAFFOLD_4570
GCA_030435755.1	Primary Assembly	Un			JAUDYK010000834.1	Chromosome		NW_026696851.1	unplaced-scaffold	32326			HAP1_SCAFFOLD_4467
GCA_030435755.1	Primary Assembly	Un			JAUDYK010000835.1	Chromosome		NW_026696852.1	unplaced-scaffold	66081			HAP1_SCAFFOLD_1463
GCA_030435755.1	Primary Assembly	Un			JAUDYK010000836.1	Chromosome		NW_026696853.1	unplaced-scaffold	40687			HAP1_SCAFFOLD_3260
GCA_030435755.1	Primary Assembly	Un			JAUDYK010000837.1	Chromosome		NW_026696854.1	unplaced-scaffold	51219			HAP1_SCAFFOLD_2233
GCA_030435755.1	Primary Assembly	Un			JAUDYK010000838.1	Chromosome		NW_026696855.1	unplaced-scaffold	33840			HAP1_SCAFFOLD_4226
GCA_030435755.1	Primary Assembly	Un			JAUDYK010000839.1	Chromosome		NW_026696856.1	unplaced-scaffold	57526			HAP1_SCAFFOLD_1825
GCA_030435755.1	Primary Assembly	Un			JAUDYK010000840.1	Chromosome		NW_026696857.1	unplaced-scaffold	69032			HAP1_SCAFFOLD_1349
GCA_030435755.1	Primary Assembly	Un			JAUDYK010000841.1	Chromosome		NW_026696858.1	unplaced-scaffold	37241			HAP1_SCAFFOLD_3732
GCA_030435755.1	Primary Assembly	Un			JAUDYK010000842.1	Chromosome		NW_026696859.1	unplaced-scaffold	147759			HAP1_SCAFFOLD_399
GCA_030435755.1	Primary Assembly	Un			JAUDYK010000843.1	Chromosome		NW_026696860.1	unplaced-scaffold	41817			HAP1_SCAFFOLD_3123
GCA_030435755.1	Primary Assembly	Un			JAUDYK010000844.1	Chromosome		NW_026696861.1	unplaced-scaffold	34706			HAP1_SCAFFOLD_4104
GCA_030435755.1	Primary Assembly	Un			JAUDYK010000845.1	Chromosome		NW_026696862.1	unplaced-scaffold	56948			HAP1_SCAFFOLD_1859
GCA_030435755.1	Primary Assembly	Un			JAUDYK010000846.1	Chromosome		NW_026696863.1	unplaced-scaffold	58997			HAP1_SCAFFOLD_1746
GCA_030435755.1	Primary Assembly	Un			JAUDYK010000847.1	Chromosome		NW_026696864.1	unplaced-scaffold	32239			HAP1_SCAFFOLD_4484
GCA_030435755.1	Primary Assembly	Un			JAUDYK010000848.1	Chromosome		NW_026696865.1	unplaced-scaffold	42973			HAP1_SCAFFOLD_2983
GCA_030435755.1	Primary Assembly	Un			JAUDYK010000849.1	Chromosome		NW_026696866.1	unplaced-scaffold	37790			HAP1_SCAFFOLD_3649
GCA_030435755.1	Primary Assembly	Un			JAUDYK010000850.1	Chromosome		NW_026696867.1	unplaced-scaffold	31960			HAP1_SCAFFOLD_4532
GCA_030435755.1	Primary Assembly	Un			JAUDYK010000851.1	Chromosome		NW_026696868.1	unplaced-scaffold	54427			HAP1_SCAFFOLD_2007
GCA_030435755.1	Primary Assembly	Un			JAUDYK010000852.1	Chromosome		NW_026696869.1	unplaced-scaffold	24251			HAP1_SCAFFOLD_5588
GCA_030435755.1	Primary Assembly	Un			JAUDYK010000853.1	Chromosome		NW_026696870.1	unplaced-scaffold	47451			HAP1_SCAFFOLD_2541
GCA_030435755.1	Primary Assembly	Un			JAUDYK010000854.1	Chromosome		NW_026696871.1	unplaced-scaffold	39158			HAP1_SCAFFOLD_3443
GCA_030435755.1	Primary Assembly	Un			JAUDYK010000855.1	Chromosome		NW_026696872.1	unplaced-scaffold	77318			HAP1_SCAFFOLD_1131
GCA_030435755.1	Primary Assembly	Un			JAUDYK010000856.1	Chromosome		NW_026696873.1	unplaced-scaffold	72711			HAP1_SCAFFOLD_1240
GCA_030435755.1	Primary Assembly	Un			JAUDYK010000857.1	Chromosome		NW_026696874.1	unplaced-scaffold	33699			HAP1_SCAFFOLD_4253
GCA_030435755.1	Primary Assembly	Un			JAUDYK010000858.1	Chromosome		NW_026696875.1	unplaced-scaffold	72119			HAP1_SCAFFOLD_1257
GCA_030435755.1	Primary Assembly	Un			JAUDYK010000859.1	Chromosome		NW_026696876.1	unplaced-scaffold	89188			HAP1_SCAFFOLD_897
GCA_030435755.1	Primary Assembly	Un			JAUDYK010000860.1	Chromosome		NW_026696877.1	unplaced-scaffold	42146			HAP1_SCAFFOLD_3082
GCA_030435755.1	Primary Assembly	Un			JAUDYK010000861.1	Chromosome		NW_026696878.1	unplaced-scaffold	30918			HAP1_SCAFFOLD_4720
GCA_030435755.1	Primary Assembly	Un			JAUDYK010000862.1	Chromosome		NW_026696879.1	unplaced-scaffold	36659			HAP1_SCAFFOLD_3838
GCA_030435755.1	Primary Assembly	Un			JAUDYK010000863.1	Chromosome		NW_026696880.1	unplaced-scaffold	14448			HAP1_SCAFFOLD_5945
GCA_030435755.1	Primary Assembly	Un			JAUDYK010000864.1	Chromosome		NW_026696881.1	unplaced-scaffold	37025			HAP1_SCAFFOLD_3766
GCA_030435755.1	Primary Assembly	Un			JAUDYK010000865.1	Chromosome		NW_026696882.1	unplaced-scaffold	47330			HAP1_SCAFFOLD_2552
GCA_030435755.1	Primary Assembly	Un			JAUDYK010000866.1	Chromosome		NW_026696883.1	unplaced-scaffold	60788			HAP1_SCAFFOLD_1669
GCA_030435755.1	Primary Assembly	Un			JAUDYK010000867.1	Chromosome		NW_026696884.1	unplaced-scaffold	39816			HAP1_SCAFFOLD_3369
GCA_030435755.1	Primary Assembly	Un			JAUDYK010000868.1	Chromosome		NW_026696885.1	unplaced-scaffold	82353			HAP1_SCAFFOLD_1018
GCA_030435755.1	Primary Assembly	Un			JAUDYK010000869.1	Chromosome		NW_026696886.1	unplaced-scaffold	38591			HAP1_SCAFFOLD_3520
GCA_030435755.1	Primary Assembly	Un			JAUDYK010000870.1	Chromosome		NW_026696887.1	unplaced-scaffold	41568			HAP1_SCAFFOLD_3156
GCA_030435755.1	Primary Assembly	Un			JAUDYK010000871.1	Chromosome		NW_026696888.1	unplaced-scaffold	31733			HAP1_SCAFFOLD_4566
GCA_030435755.1	Primary Assembly	Un			JAUDYK010000872.1	Chromosome		NW_026696889.1	unplaced-scaffold	29060			HAP1_SCAFFOLD_4995
GCA_030435755.1	Primary Assembly	Un			JAUDYK010000873.1	Chromosome		NW_026696890.1	unplaced-scaffold	32239			HAP1_SCAFFOLD_4485
GCA_030435755.1	Primary Assembly	Un			JAUDYK010000874.1	Chromosome		NW_026696891.1	unplaced-scaffold	62190			HAP1_SCAFFOLD_1600
GCA_030435755.1	Primary Assembly	Un			JAUDYK010000875.1	Chromosome		NW_026696892.1	unplaced-scaffold	34703			HAP1_SCAFFOLD_4105
GCA_030435755.1	Primary Assembly	Un			JAUDYK010000876.1	Chromosome		NW_026696893.1	unplaced-scaffold	36800			HAP1_SCAFFOLD_3807
GCA_030435755.1	Primary Assembly	Un			JAUDYK010000877.1	Chromosome		NW_026696894.1	unplaced-scaffold	57565			HAP1_SCAFFOLD_1824
GCA_030435755.1	Primary Assembly	Un			JAUDYK010000878.1	Chromosome		NW_026696895.1	unplaced-scaffold	83950			HAP1_SCAFFOLD_989
GCA_030435755.1	Primary Assembly	Un			JAUDYK010000879.1	Chromosome		NW_026696896.1	unplaced-scaffold	34997			HAP1_SCAFFOLD_4058
GCA_030435755.1	Primary Assembly	Un			JAUDYK010000880.1	Chromosome		NW_026696897.1	unplaced-scaffold	40381			HAP1_SCAFFOLD_3300
GCA_030435755.1	Primary Assembly	Un			JAUDYK010000881.1	Chromosome		NW_026696898.1	unplaced-scaffold	40545			HAP1_SCAFFOLD_3276
GCA_030435755.1	Primary Assembly	Un			JAUDYK010000882.1	Chromosome		NW_026696899.1	unplaced-scaffold	39478			HAP1_SCAFFOLD_3410
GCA_030435755.1	Primary Assembly	Un			JAUDYK010000883.1	Chromosome		NW_026696900.1	unplaced-scaffold	183816			HAP1_SCAFFOLD_294
GCA_030435755.1	Primary Assembly	Un			JAUDYK010000884.1	Chromosome		NW_026696901.1	unplaced-scaffold	19686			HAP1_SCAFFOLD_5858
GCA_030435755.1	Primary Assembly	Un			JAUDYK010000885.1	Chromosome		NW_026696902.1	unplaced-scaffold	62508			HAP1_SCAFFOLD_1589
GCA_030435755.1	Primary Assembly	Un			JAUDYK010000886.1	Chromosome		NW_026696903.1	unplaced-scaffold	32788			HAP1_SCAFFOLD_4398
GCA_030435755.1	Primary Assembly	Un			JAUDYK010000887.1	Chromosome		NW_026696904.1	unplaced-scaffold	73675			HAP1_SCAFFOLD_1213
GCA_030435755.1	Primary Assembly	Un			JAUDYK010000888.1	Chromosome		NW_026696905.1	unplaced-scaffold	34240			HAP1_SCAFFOLD_4173
GCA_030435755.1	Primary Assembly	Un			JAUDYK010000889.1	Chromosome		NW_026696906.1	unplaced-scaffold	44876			HAP1_SCAFFOLD_2788
GCA_030435755.1	Primary Assembly	Un			JAUDYK010000890.1	Chromosome		NW_026696907.1	unplaced-scaffold	33932			HAP1_SCAFFOLD_4217
GCA_030435755.1	Primary Assembly	Un			JAUDYK010000891.1	Chromosome		NW_026696908.1	unplaced-scaffold	74996			HAP1_SCAFFOLD_1177
GCA_030435755.1	Primary Assembly	Un			JAUDYK010000892.1	Chromosome		NW_026696909.1	unplaced-scaffold	45701			HAP1_SCAFFOLD_2699
GCA_030435755.1	Primary Assembly	Un			JAUDYK010000893.1	Chromosome		NW_026696910.1	unplaced-scaffold	26329			HAP1_SCAFFOLD_5348
GCA_030435755.1	Primary Assembly	Un			JAUDYK010000894.1	Chromosome		NW_026696911.1	unplaced-scaffold	28018			HAP1_SCAFFOLD_5136
GCA_030435755.1	Primary Assembly	Un			JAUDYK010000895.1	Chromosome		NW_026696912.1	unplaced-scaffold	88868			HAP1_SCAFFOLD_904
GCA_030435755.1	Primary Assembly	Un			JAUDYK010000896.1	Chromosome		NW_026696913.1	unplaced-scaffold	31125			HAP1_SCAFFOLD_4686
GCA_030435755.1	Primary Assembly	Un			JAUDYK010000897.1	Chromosome		NW_026696914.1	unplaced-scaffold	94309			HAP1_SCAFFOLD_816
GCA_030435755.1	Primary Assembly	Un			JAUDYK010000898.1	Chromosome		NW_026696915.1	unplaced-scaffold	54344			HAP1_SCAFFOLD_2011
GCA_030435755.1	Primary Assembly	Un			JAUDYK010000899.1	Chromosome		NW_026696916.1	unplaced-scaffold	40904			HAP1_SCAFFOLD_3228
GCA_030435755.1	Primary Assembly	Un			JAUDYK010000900.1	Chromosome		NW_026696917.1	unplaced-scaffold	28578			HAP1_SCAFFOLD_5062
GCA_030435755.1	Primary Assembly	Un			JAUDYK010000901.1	Chromosome		NW_026696918.1	unplaced-scaffold	33002			HAP1_SCAFFOLD_4361
GCA_030435755.1	Primary Assembly	Un			JAUDYK010000902.1	Chromosome		NW_026696919.1	unplaced-scaffold	90096			HAP1_SCAFFOLD_875
GCA_030435755.1	Primary Assembly	Un			JAUDYK010000903.1	Chromosome		NW_026696920.1	unplaced-scaffold	28103			HAP1_SCAFFOLD_5119
GCA_030435755.1	Primary Assembly	Un			JAUDYK010000904.1	Chromosome		NW_026696921.1	unplaced-scaffold	181934			HAP1_SCAFFOLD_300
GCA_030435755.1	Primary Assembly	Un			JAUDYK010000905.1	Chromosome		NW_026696922.1	unplaced-scaffold	25973			HAP1_SCAFFOLD_5389
GCA_030435755.1	Primary Assembly	Un			JAUDYK010000906.1	Chromosome		NW_026696923.1	unplaced-scaffold	86961			HAP1_SCAFFOLD_942
GCA_030435755.1	Primary Assembly	Un			JAUDYK010000907.1	Chromosome		NW_026696924.1	unplaced-scaffold	45311			HAP1_SCAFFOLD_2749
GCA_030435755.1	Primary Assembly	Un			JAUDYK010000908.1	Chromosome		NW_026696925.1	unplaced-scaffold	44334			HAP1_SCAFFOLD_2856
GCA_030435755.1	Primary Assembly	Un			JAUDYK010000909.1	Chromosome		NW_026696926.1	unplaced-scaffold	64978			HAP1_SCAFFOLD_1494
GCA_030435755.1	Primary Assembly	Un			JAUDYK010000910.1	Chromosome		NW_026696927.1	unplaced-scaffold	21393			HAP1_SCAFFOLD_5786
GCA_030435755.1	Primary Assembly	Un			JAUDYK010000911.1	Chromosome		NW_026696928.1	unplaced-scaffold	42847			HAP1_SCAFFOLD_2997
GCA_030435755.1	Primary Assembly	Un			JAUDYK010000912.1	Chromosome		NW_026696929.1	unplaced-scaffold	49870			HAP1_SCAFFOLD_2346
GCA_030435755.1	Primary Assembly	Un			JAUDYK010000913.1	Chromosome		NW_026696930.1	unplaced-scaffold	29867			HAP1_SCAFFOLD_4862
GCA_030435755.1	Primary Assembly	Un			JAUDYK010000914.1	Chromosome		NW_026696931.1	unplaced-scaffold	46374			HAP1_SCAFFOLD_2632
GCA_030435755.1	Primary Assembly	Un			JAUDYK010000915.1	Chromosome		NW_026696932.1	unplaced-scaffold	52581			HAP1_SCAFFOLD_2138
GCA_030435755.1	Primary Assembly	Un			JAUDYK010000916.1	Chromosome		NW_026696933.1	unplaced-scaffold	123941			HAP1_SCAFFOLD_521
GCA_030435755.1	Primary Assembly	Un			JAUDYK010000917.1	Chromosome		NW_026696934.1	unplaced-scaffold	107573			HAP1_SCAFFOLD_658
GCA_030435755.1	Primary Assembly	Un			JAUDYK010000918.1	Chromosome		NW_026696935.1	unplaced-scaffold	63680			HAP1_SCAFFOLD_1548
GCA_030435755.1	Primary Assembly	Un			JAUDYK010000919.1	Chromosome		NW_026696936.1	unplaced-scaffold	35414			HAP1_SCAFFOLD_4004
GCA_030435755.1	Primary Assembly	Un			JAUDYK010000920.1	Chromosome		NW_026696937.1	unplaced-scaffold	48183			HAP1_SCAFFOLD_2487
GCA_030435755.1	Primary Assembly	Un			JAUDYK010000921.1	Chromosome		NW_026696938.1	unplaced-scaffold	52914			HAP1_SCAFFOLD_2107
GCA_030435755.1	Primary Assembly	Un			JAUDYK010000922.1	Chromosome		NW_026696939.1	unplaced-scaffold	58381			HAP1_SCAFFOLD_1781
GCA_030435755.1	Primary Assembly	Un			JAUDYK010000923.1	Chromosome		NW_026696940.1	unplaced-scaffold	54741			HAP1_SCAFFOLD_1984
GCA_030435755.1	Primary Assembly	Un			JAUDYK010000924.1	Chromosome		NW_026696941.1	unplaced-scaffold	42639			HAP1_SCAFFOLD_3023
GCA_030435755.1	Primary Assembly	Un			JAUDYK010000925.1	Chromosome		NW_026696942.1	unplaced-scaffold	98284			HAP1_SCAFFOLD_762
GCA_030435755.1	Primary Assembly	Un			JAUDYK010000926.1	Chromosome		NW_026696943.1	unplaced-scaffold	55008			HAP1_SCAFFOLD_1967
GCA_030435755.1	Primary Assembly	Un			JAUDYK010000927.1	Chromosome		NW_026696944.1	unplaced-scaffold	23884			HAP1_SCAFFOLD_5620
GCA_030435755.1	Primary Assembly	Un			JAUDYK010000928.1	Chromosome		NW_026696945.1	unplaced-scaffold	29261			HAP1_SCAFFOLD_4963
GCA_030435755.1	Primary Assembly	Un			JAUDYK010000929.1	Chromosome		NW_026696946.1	unplaced-scaffold	48506			HAP1_SCAFFOLD_2464
GCA_030435755.1	Primary Assembly	Un			JAUDYK010000930.1	Chromosome		NW_026696947.1	unplaced-scaffold	51411			HAP1_SCAFFOLD_2215
GCA_030435755.1	Primary Assembly	Un			JAUDYK010000931.1	Chromosome		NW_026696948.1	unplaced-scaffold	106893			HAP1_SCAFFOLD_666
GCA_030435755.1	Primary Assembly	Un			JAUDYK010000932.1	Chromosome		NW_026696949.1	unplaced-scaffold	46035			HAP1_SCAFFOLD_2670
GCA_030435755.1	Primary Assembly	Un			JAUDYK010000933.1	Chromosome		NW_026696950.1	unplaced-scaffold	86296			HAP1_SCAFFOLD_951
GCA_030435755.1	Primary Assembly	Un			JAUDYK010000934.1	Chromosome		NW_026696951.1	unplaced-scaffold	72983			HAP1_SCAFFOLD_1234
GCA_030435755.1	Primary Assembly	Un			JAUDYK010000935.1	Chromosome		NW_026696952.1	unplaced-scaffold	20975			HAP1_SCAFFOLD_5804
GCA_030435755.1	Primary Assembly	Un			JAUDYK010000936.1	Chromosome		NW_026696953.1	unplaced-scaffold	47898			HAP1_SCAFFOLD_2509
GCA_030435755.1	Primary Assembly	Un			JAUDYK010000937.1	Chromosome		NW_026696954.1	unplaced-scaffold	54845			HAP1_SCAFFOLD_1974
GCA_030435755.1	Primary Assembly	Un			JAUDYK010000938.1	Chromosome		NW_026696955.1	unplaced-scaffold	124992			HAP1_SCAFFOLD_509
GCA_030435755.1	Primary Assembly	Un			JAUDYK010000939.1	Chromosome		NW_026696956.1	unplaced-scaffold	25669			HAP1_SCAFFOLD_5427
GCA_030435755.1	Primary Assembly	Un			JAUDYK010000940.1	Chromosome		NW_026696957.1	unplaced-scaffold	33166			HAP1_SCAFFOLD_4334
GCA_030435755.1	Primary Assembly	Un			JAUDYK010000941.1	Chromosome		NW_026696958.1	unplaced-scaffold	147049			HAP1_SCAFFOLD_404
GCA_030435755.1	Primary Assembly	Un			JAUDYK010000942.1	Chromosome		NW_026696959.1	unplaced-scaffold	80131			HAP1_SCAFFOLD_1065
GCA_030435755.1	Primary Assembly	Un			JAUDYK010000943.1	Chromosome		NW_026696960.1	unplaced-scaffold	26956			HAP1_SCAFFOLD_5266
GCA_030435755.1	Primary Assembly	Un			JAUDYK010000944.1	Chromosome		NW_026696961.1	unplaced-scaffold	48315			HAP1_SCAFFOLD_2477
GCA_030435755.1	Primary Assembly	Un			JAUDYK010000945.1	Chromosome		NW_026696962.1	unplaced-scaffold	58557			HAP1_SCAFFOLD_1771
GCA_030435755.1	Primary Assembly	Un			JAUDYK010000946.1	Chromosome		NW_026696963.1	unplaced-scaffold	59906			HAP1_SCAFFOLD_1708
GCA_030435755.1	Primary Assembly	Un			JAUDYK010000947.1	Chromosome		NW_026696964.1	unplaced-scaffold	43201			HAP1_SCAFFOLD_2958
GCA_030435755.1	Primary Assembly	Un			JAUDYK010000948.1	Chromosome		NW_026696965.1	unplaced-scaffold	115614			HAP1_SCAFFOLD_584
GCA_030435755.1	Primary Assembly	Un			JAUDYK010000949.1	Chromosome		NW_026696966.1	unplaced-scaffold	24652			HAP1_SCAFFOLD_5553
GCA_030435755.1	Primary Assembly	Un			JAUDYK010000950.1	Chromosome		NW_026696967.1	unplaced-scaffold	23977			HAP1_SCAFFOLD_5614
GCA_030435755.1	Primary Assembly	Un			JAUDYK010000951.1	Chromosome		NW_026696968.1	unplaced-scaffold	45944			HAP1_SCAFFOLD_2680
GCA_030435755.1	Primary Assembly	Un			JAUDYK010000952.1	Chromosome		NW_026696969.1	unplaced-scaffold	62503			HAP1_SCAFFOLD_1590
GCA_030435755.1	Primary Assembly	Un			JAUDYK010000953.1	Chromosome		NW_026696970.1	unplaced-scaffold	122522			HAP1_SCAFFOLD_535
GCA_030435755.1	Primary Assembly	Un			JAUDYK010000954.1	Chromosome		NW_026696971.1	unplaced-scaffold	50572			HAP1_SCAFFOLD_2291
GCA_030435755.1	Primary Assembly	Un			JAUDYK010000955.1	Chromosome		NW_026696972.1	unplaced-scaffold	127702			HAP1_SCAFFOLD_489
GCA_030435755.1	Primary Assembly	Un			JAUDYK010000956.1	Chromosome		NW_026696973.1	unplaced-scaffold	36035			HAP1_SCAFFOLD_3919
GCA_030435755.1	Primary Assembly	Un			JAUDYK010000957.1	Chromosome		NW_026696974.1	unplaced-scaffold	53038			HAP1_SCAFFOLD_2095
GCA_030435755.1	Primary Assembly	Un			JAUDYK010000958.1	Chromosome		NW_026696975.1	unplaced-scaffold	89707			HAP1_SCAFFOLD_882
GCA_030435755.1	Primary Assembly	Un			JAUDYK010000959.1	Chromosome		NW_026696976.1	unplaced-scaffold	25032			HAP1_SCAFFOLD_5517
GCA_030435755.1	Primary Assembly	Un			JAUDYK010000960.1	Chromosome		NW_026696977.1	unplaced-scaffold	36241			HAP1_SCAFFOLD_3894
GCA_030435755.1	Primary Assembly	Un			JAUDYK010000961.1	Chromosome		NW_026696978.1	unplaced-scaffold	21600			HAP1_SCAFFOLD_5776
GCA_030435755.1	Primary Assembly	Un			JAUDYK010000962.1	Chromosome		NW_026696979.1	unplaced-scaffold	72058			HAP1_SCAFFOLD_1261
GCA_030435755.1	Primary Assembly	Un			JAUDYK010000963.1	Chromosome		NW_026696980.1	unplaced-scaffold	44387			HAP1_SCAFFOLD_2845
GCA_030435755.1	Primary Assembly	Un			JAUDYK010000964.1	Chromosome		NW_026696981.1	unplaced-scaffold	50091			HAP1_SCAFFOLD_2329
GCA_030435755.1	Primary Assembly	Un			JAUDYK010000965.1	Chromosome		NW_026696982.1	unplaced-scaffold	59144			HAP1_SCAFFOLD_1737
GCA_030435755.1	Primary Assembly	Un			JAUDYK010000966.1	Chromosome		NW_026696983.1	unplaced-scaffold	47179			HAP1_SCAFFOLD_2560
GCA_030435755.1	Primary Assembly	Un			JAUDYK010000967.1	Chromosome		NW_026696984.1	unplaced-scaffold	309840			HAP1_SCAFFOLD_163
GCA_030435755.1	Primary Assembly	Un			JAUDYK010000968.1	Chromosome		NW_026696985.1	unplaced-scaffold	38498			HAP1_SCAFFOLD_3533
GCA_030435755.1	Primary Assembly	Un			JAUDYK010000969.1	Chromosome		NW_026696986.1	unplaced-scaffold	48865			HAP1_SCAFFOLD_2431
GCA_030435755.1	Primary Assembly	Un			JAUDYK010000970.1	Chromosome		NW_026696987.1	unplaced-scaffold	107581			HAP1_SCAFFOLD_657
GCA_030435755.1	Primary Assembly	Un			JAUDYK010000971.1	Chromosome		NW_026696988.1	unplaced-scaffold	26067			HAP1_SCAFFOLD_5379
GCA_030435755.1	Primary Assembly	Un			JAUDYK010000972.1	Chromosome		NW_026696989.1	unplaced-scaffold	167847			HAP1_SCAFFOLD_333
GCA_030435755.1	Primary Assembly	Un			JAUDYK010000973.1	Chromosome		NW_026696990.1	unplaced-scaffold	45531			HAP1_SCAFFOLD_2726
GCA_030435755.1	Primary Assembly	Un			JAUDYK010000974.1	Chromosome		NW_026696991.1	unplaced-scaffold	30847			HAP1_SCAFFOLD_4733
GCA_030435755.1	Primary Assembly	Un			JAUDYK010000975.1	Chromosome		NW_026696992.1	unplaced-scaffold	49728			HAP1_SCAFFOLD_2355
GCA_030435755.1	Primary Assembly	Un			JAUDYK010000976.1	Chromosome		NW_026696993.1	unplaced-scaffold	42460			HAP1_SCAFFOLD_3044
GCA_030435755.1	Primary Assembly	Un			JAUDYK010000977.1	Chromosome		NW_026696994.1	unplaced-scaffold	31436			HAP1_SCAFFOLD_4628
GCA_030435755.1	Primary Assembly	Un			JAUDYK010000978.1	Chromosome		NW_026696995.1	unplaced-scaffold	34577			HAP1_SCAFFOLD_4122
GCA_030435755.1	Primary Assembly	Un			JAUDYK010000979.1	Chromosome		NW_026696996.1	unplaced-scaffold	33275			HAP1_SCAFFOLD_4313
GCA_030435755.1	Primary Assembly	Un			JAUDYK010000980.1	Chromosome		NW_026696997.1	unplaced-scaffold	37983			HAP1_SCAFFOLD_3617
GCA_030435755.1	Primary Assembly	Un			JAUDYK010000981.1	Chromosome		NW_026696998.1	unplaced-scaffold	58867			HAP1_SCAFFOLD_1754
GCA_030435755.1	Primary Assembly	Un			JAUDYK010000982.1	Chromosome		NW_026696999.1	unplaced-scaffold	156923			HAP1_SCAFFOLD_371
GCA_030435755.1	Primary Assembly	Un			JAUDYK010000983.1	Chromosome		NW_026697000.1	unplaced-scaffold	71136			HAP1_SCAFFOLD_1298
GCA_030435755.1	Primary Assembly	Un			JAUDYK010000984.1	Chromosome		NW_026697001.1	unplaced-scaffold	42583			HAP1_SCAFFOLD_3030
GCA_030435755.1	Primary Assembly	Un			JAUDYK010000985.1	Chromosome		NW_026697002.1	unplaced-scaffold	40513			HAP1_SCAFFOLD_3286
GCA_030435755.1	Primary Assembly	Un			JAUDYK010000986.1	Chromosome		NW_026697003.1	unplaced-scaffold	53526			HAP1_SCAFFOLD_2063
GCA_030435755.1	Primary Assembly	Un			JAUDYK010000987.1	Chromosome		NW_026697004.1	unplaced-scaffold	57836			HAP1_SCAFFOLD_1810
GCA_030435755.1	Primary Assembly	Un			JAUDYK010000988.1	Chromosome		NW_026697005.1	unplaced-scaffold	32273			HAP1_SCAFFOLD_4475
GCA_030435755.1	Primary Assembly	Un			JAUDYK010000989.1	Chromosome		NW_026697006.1	unplaced-scaffold	55263			HAP1_SCAFFOLD_1951
GCA_030435755.1	Primary Assembly	Un			JAUDYK010000990.1	Chromosome		NW_026697007.1	unplaced-scaffold	136002			HAP1_SCAFFOLD_451
GCA_030435755.1	Primary Assembly	Un			JAUDYK010000991.1	Chromosome		NW_026697008.1	unplaced-scaffold	70361			HAP1_SCAFFOLD_1317
GCA_030435755.1	Primary Assembly	Un			JAUDYK010000992.1	Chromosome		NW_026697009.1	unplaced-scaffold	75745			HAP1_SCAFFOLD_1164
GCA_030435755.1	Primary Assembly	Un			JAUDYK010000993.1	Chromosome		NW_026697010.1	unplaced-scaffold	74484			HAP1_SCAFFOLD_1187
GCA_030435755.1	Primary Assembly	Un			JAUDYK010000994.1	Chromosome		NW_026697011.1	unplaced-scaffold	45684			HAP1_SCAFFOLD_2701
GCA_030435755.1	Primary Assembly	Un			JAUDYK010000995.1	Chromosome		NW_026697012.1	unplaced-scaffold	44992			HAP1_SCAFFOLD_2778
GCA_030435755.1	Primary Assembly	Un			JAUDYK010000996.1	Chromosome		NW_026697013.1	unplaced-scaffold	67605			HAP1_SCAFFOLD_1407
GCA_030435755.1	Primary Assembly	Un			JAUDYK010000997.1	Chromosome		NW_026697014.1	unplaced-scaffold	39315			HAP1_SCAFFOLD_3424
GCA_030435755.1	Primary Assembly	Un			JAUDYK010000998.1	Chromosome		NW_026697015.1	unplaced-scaffold	35960			HAP1_SCAFFOLD_3936
GCA_030435755.1	Primary Assembly	Un			JAUDYK010000999.1	Chromosome		NW_026697016.1	unplaced-scaffold	31192			HAP1_SCAFFOLD_4676
GCA_030435755.1	Primary Assembly	Un			JAUDYK010001000.1	Chromosome		NW_026697017.1	unplaced-scaffold	55320			HAP1_SCAFFOLD_1942
GCA_030435755.1	Primary Assembly	Un			JAUDYK010001001.1	Chromosome		NW_026697018.1	unplaced-scaffold	22471			HAP1_SCAFFOLD_5728
GCA_030435755.1	Primary Assembly	Un			JAUDYK010001002.1	Chromosome		NW_026697019.1	unplaced-scaffold	91635			HAP1_SCAFFOLD_849
GCA_030435755.1	Primary Assembly	Un			JAUDYK010001003.1	Chromosome		NW_026697020.1	unplaced-scaffold	32747			HAP1_SCAFFOLD_4403
GCA_030435755.1	Primary Assembly	Un			JAUDYK010001004.1	Chromosome		NW_026697021.1	unplaced-scaffold	62778			HAP1_SCAFFOLD_1579
GCA_030435755.1	Primary Assembly	Un			JAUDYK010001005.1	Chromosome		NW_026697022.1	unplaced-scaffold	43819			HAP1_SCAFFOLD_2904
GCA_030435755.1	Primary Assembly	Un			JAUDYK010001006.1	Chromosome		NW_026697023.1	unplaced-scaffold	34177			HAP1_SCAFFOLD_4183
GCA_030435755.1	Primary Assembly	Un			JAUDYK010001007.1	Chromosome		NW_026697024.1	unplaced-scaffold	23736			HAP1_SCAFFOLD_5633
GCA_030435755.1	Primary Assembly	Un			JAUDYK010001008.1	Chromosome		NW_026697025.1	unplaced-scaffold	51757			HAP1_SCAFFOLD_2194
GCA_030435755.1	Primary Assembly	Un			JAUDYK010001009.1	Chromosome		NW_026697026.1	unplaced-scaffold	137835			HAP1_SCAFFOLD_442
GCA_030435755.1	Primary Assembly	Un			JAUDYK010001010.1	Chromosome		NW_026697027.1	unplaced-scaffold	103717			HAP1_SCAFFOLD_705
GCA_030435755.1	Primary Assembly	Un			JAUDYK010001011.1	Chromosome		NW_026697028.1	unplaced-scaffold	89163			HAP1_SCAFFOLD_898
GCA_030435755.1	Primary Assembly	Un			JAUDYK010001012.1	Chromosome		NW_026697029.1	unplaced-scaffold	28667			HAP1_SCAFFOLD_5050
GCA_030435755.1	Primary Assembly	Un			JAUDYK010001013.1	Chromosome		NW_026697030.1	unplaced-scaffold	42209			HAP1_SCAFFOLD_3072
GCA_030435755.1	Primary Assembly	Un			JAUDYK010001014.1	Chromosome		NW_026697031.1	unplaced-scaffold	34752			HAP1_SCAFFOLD_4097
GCA_030435755.1	Primary Assembly	Un			JAUDYK010001015.1	Chromosome		NW_026697032.1	unplaced-scaffold	28687			HAP1_SCAFFOLD_5047
GCA_030435755.1	Primary Assembly	Un			JAUDYK010001016.1	Chromosome		NW_026697033.1	unplaced-scaffold	66562			HAP1_SCAFFOLD_1438
GCA_030435755.1	Primary Assembly	Un			JAUDYK010001017.1	Chromosome		NW_026697034.1	unplaced-scaffold	78825			HAP1_SCAFFOLD_1093
GCA_030435755.1	Primary Assembly	Un			JAUDYK010001018.1	Chromosome		NW_026697035.1	unplaced-scaffold	50792			HAP1_SCAFFOLD_2268
GCA_030435755.1	Primary Assembly	Un			JAUDYK010001019.1	Chromosome		NW_026697036.1	unplaced-scaffold	33129			HAP1_SCAFFOLD_4340
GCA_030435755.1	Primary Assembly	Un			JAUDYK010001020.1	Chromosome		NW_026697037.1	unplaced-scaffold	68992			HAP1_SCAFFOLD_1353
GCA_030435755.1	Primary Assembly	Un			JAUDYK010001021.1	Chromosome		NW_026697038.1	unplaced-scaffold	93386			HAP1_SCAFFOLD_823
GCA_030435755.1	Primary Assembly	Un			JAUDYK010001022.1	Chromosome		NW_026697039.1	unplaced-scaffold	30960			HAP1_SCAFFOLD_4714
GCA_030435755.1	Primary Assembly	Un			JAUDYK010001023.1	Chromosome		NW_026697040.1	unplaced-scaffold	29975			HAP1_SCAFFOLD_4847
GCA_030435755.1	Primary Assembly	Un			JAUDYK010001024.1	Chromosome		NW_026697041.1	unplaced-scaffold	18630			HAP1_SCAFFOLD_5897
GCA_030435755.1	Primary Assembly	Un			JAUDYK010001025.1	Chromosome		NW_026697042.1	unplaced-scaffold	57174			HAP1_SCAFFOLD_1843
GCA_030435755.1	Primary Assembly	Un			JAUDYK010001026.1	Chromosome		NW_026697043.1	unplaced-scaffold	29961			HAP1_SCAFFOLD_4850
GCA_030435755.1	Primary Assembly	Un			JAUDYK010001027.1	Chromosome		NW_026697044.1	unplaced-scaffold	99999			HAP1_SCAFFOLD_739
GCA_030435755.1	Primary Assembly	Un			JAUDYK010001028.1	Chromosome		NW_026697045.1	unplaced-scaffold	37762			HAP1_SCAFFOLD_3653
GCA_030435755.1	Primary Assembly	Un			JAUDYK010001029.1	Chromosome		NW_026697046.1	unplaced-scaffold	33009			HAP1_SCAFFOLD_4357
GCA_030435755.1	Primary Assembly	Un			JAUDYK010001030.1	Chromosome		NW_026697047.1	unplaced-scaffold	38652			HAP1_SCAFFOLD_3514
GCA_030435755.1	Primary Assembly	Un			JAUDYK010001031.1	Chromosome		NW_026697048.1	unplaced-scaffold	41637			HAP1_SCAFFOLD_3145
GCA_030435755.1	Primary Assembly	Un			JAUDYK010001032.1	Chromosome		NW_026697049.1	unplaced-scaffold	29568			HAP1_SCAFFOLD_4911
GCA_030435755.1	Primary Assembly	Un			JAUDYK010001033.1	Chromosome		NW_026697050.1	unplaced-scaffold	25969			HAP1_SCAFFOLD_5390
GCA_030435755.1	Primary Assembly	Un			JAUDYK010001034.1	Chromosome		NW_026697051.1	unplaced-scaffold	39068			HAP1_SCAFFOLD_3459
GCA_030435755.1	Primary Assembly	Un			JAUDYK010001035.1	Chromosome		NW_026697052.1	unplaced-scaffold	43768			HAP1_SCAFFOLD_2905
GCA_030435755.1	Primary Assembly	Un			JAUDYK010001036.1	Chromosome		NW_026697053.1	unplaced-scaffold	33745			HAP1_SCAFFOLD_4249
GCA_030435755.1	Primary Assembly	Un			JAUDYK010001037.1	Chromosome		NW_026697054.1	unplaced-scaffold	39308			HAP1_SCAFFOLD_3425
GCA_030435755.1	Primary Assembly	Un			JAUDYK010001038.1	Chromosome		NW_026697055.1	unplaced-scaffold	26695			HAP1_SCAFFOLD_5299
GCA_030435755.1	Primary Assembly	Un			JAUDYK010001039.1	Chromosome		NW_026697056.1	unplaced-scaffold	44557			HAP1_SCAFFOLD_2830
GCA_030435755.1	Primary Assembly	Un			JAUDYK010001040.1	Chromosome		NW_026697057.1	unplaced-scaffold	59430			HAP1_SCAFFOLD_1729
GCA_030435755.1	Primary Assembly	Un			JAUDYK010001041.1	Chromosome		NW_026697058.1	unplaced-scaffold	43103			HAP1_SCAFFOLD_2973
GCA_030435755.1	Primary Assembly	Un			JAUDYK010001042.1	Chromosome		NW_026697059.1	unplaced-scaffold	36481			HAP1_SCAFFOLD_3863
GCA_030435755.1	Primary Assembly	Un			JAUDYK010001043.1	Chromosome		NW_026697060.1	unplaced-scaffold	32275			HAP1_SCAFFOLD_4474
GCA_030435755.1	Primary Assembly	Un			JAUDYK010001044.1	Chromosome		NW_026697061.1	unplaced-scaffold	145269			HAP1_SCAFFOLD_414
GCA_030435755.1	Primary Assembly	Un			JAUDYK010001045.1	Chromosome		NW_026697062.1	unplaced-scaffold	37953			HAP1_SCAFFOLD_3626
GCA_030435755.1	Primary Assembly	Un			JAUDYK010001046.1	Chromosome		NW_026697063.1	unplaced-scaffold	75683			HAP1_SCAFFOLD_1165
GCA_030435755.1	Primary Assembly	Un			JAUDYK010001047.1	Chromosome		NW_026697064.1	unplaced-scaffold	24333			HAP1_SCAFFOLD_5578
GCA_030435755.1	Primary Assembly	Un			JAUDYK010001048.1	Chromosome		NW_026697065.1	unplaced-scaffold	31314			HAP1_SCAFFOLD_4660
GCA_030435755.1	Primary Assembly	Un			JAUDYK010001049.1	Chromosome		NW_026697066.1	unplaced-scaffold	49981			HAP1_SCAFFOLD_2337
GCA_030435755.1	Primary Assembly	Un			JAUDYK010001050.1	Chromosome		NW_026697067.1	unplaced-scaffold	25115			HAP1_SCAFFOLD_5501
GCA_030435755.1	Primary Assembly	Un			JAUDYK010001051.1	Chromosome		NW_026697068.1	unplaced-scaffold	58839			HAP1_SCAFFOLD_1755
GCA_030435755.1	Primary Assembly	Un			JAUDYK010001052.1	Chromosome		NW_026697069.1	unplaced-scaffold	70124			HAP1_SCAFFOLD_1326
GCA_030435755.1	Primary Assembly	Un			JAUDYK010001053.1	Chromosome		NW_026697070.1	unplaced-scaffold	17338			HAP1_SCAFFOLD_5923
GCA_030435755.1	Primary Assembly	Un			JAUDYK010001054.1	Chromosome		NW_026697071.1	unplaced-scaffold	124209			HAP1_SCAFFOLD_519
GCA_030435755.1	Primary Assembly	Un			JAUDYK010001055.1	Chromosome		NW_026697072.1	unplaced-scaffold	47575			HAP1_SCAFFOLD_2528
GCA_030435755.1	Primary Assembly	Un			JAUDYK010001056.1	Chromosome		NW_026697073.1	unplaced-scaffold	31506			HAP1_SCAFFOLD_4609
GCA_030435755.1	Primary Assembly	Un			JAUDYK010001057.1	Chromosome		NW_026697074.1	unplaced-scaffold	162945			HAP1_SCAFFOLD_347
GCA_030435755.1	Primary Assembly	Un			JAUDYK010001058.1	Chromosome		NW_026697075.1	unplaced-scaffold	25565			HAP1_SCAFFOLD_5439
GCA_030435755.1	Primary Assembly	Un			JAUDYK010001059.1	Chromosome		NW_026697076.1	unplaced-scaffold	38639			HAP1_SCAFFOLD_3515
GCA_030435755.1	Primary Assembly	Un			JAUDYK010001060.1	Chromosome		NW_026697077.1	unplaced-scaffold	41640			HAP1_SCAFFOLD_3144
GCA_030435755.1	Primary Assembly	Un			JAUDYK010001061.1	Chromosome		NW_026697078.1	unplaced-scaffold	114968			HAP1_SCAFFOLD_590
GCA_030435755.1	Primary Assembly	Un			JAUDYK010001062.1	Chromosome		NW_026697079.1	unplaced-scaffold	26520			HAP1_SCAFFOLD_5321
GCA_030435755.1	Primary Assembly	Un			JAUDYK010001063.1	Chromosome		NW_026697080.1	unplaced-scaffold	35265			HAP1_SCAFFOLD_4022
GCA_030435755.1	Primary Assembly	Un			JAUDYK010001064.1	Chromosome		NW_026697081.1	unplaced-scaffold	30960			HAP1_SCAFFOLD_4715
GCA_030435755.1	Primary Assembly	Un			JAUDYK010001065.1	Chromosome		NW_026697082.1	unplaced-scaffold	64668			HAP1_SCAFFOLD_1506
GCA_030435755.1	Primary Assembly	Un			JAUDYK010001066.1	Chromosome		NW_026697083.1	unplaced-scaffold	50331			HAP1_SCAFFOLD_2308
GCA_030435755.1	Primary Assembly	Un			JAUDYK010001067.1	Chromosome		NW_026697084.1	unplaced-scaffold	49496			HAP1_SCAFFOLD_2371
GCA_030435755.1	Primary Assembly	Un			JAUDYK010001068.1	Chromosome		NW_026697085.1	unplaced-scaffold	49026			HAP1_SCAFFOLD_2418
GCA_030435755.1	Primary Assembly	Un			JAUDYK010001069.1	Chromosome		NW_026697086.1	unplaced-scaffold	44209			HAP1_SCAFFOLD_2872
GCA_030435755.1	Primary Assembly	Un			JAUDYK010001070.1	Chromosome		NW_026697087.1	unplaced-scaffold	264381			HAP1_SCAFFOLD_188
GCA_030435755.1	Primary Assembly	Un			JAUDYK010001071.1	Chromosome		NW_026697088.1	unplaced-scaffold	35747			HAP1_SCAFFOLD_3962
GCA_030435755.1	Primary Assembly	Un			JAUDYK010001072.1	Chromosome		NW_026697089.1	unplaced-scaffold	31662			HAP1_SCAFFOLD_4580
GCA_030435755.1	Primary Assembly	Un			JAUDYK010001073.1	Chromosome		NW_026697090.1	unplaced-scaffold	36963			HAP1_SCAFFOLD_3780
GCA_030435755.1	Primary Assembly	Un			JAUDYK010001074.1	Chromosome		NW_026697091.1	unplaced-scaffold	20532			HAP1_SCAFFOLD_5822
GCA_030435755.1	Primary Assembly	Un			JAUDYK010001075.1	Chromosome		NW_026697092.1	unplaced-scaffold	51718			HAP1_SCAFFOLD_2195
GCA_030435755.1	Primary Assembly	Un			JAUDYK010001076.1	Chromosome		NW_026697093.1	unplaced-scaffold	64315			HAP1_SCAFFOLD_1521
GCA_030435755.1	Primary Assembly	Un			JAUDYK010001077.1	Chromosome		NW_026697094.1	unplaced-scaffold	29608			HAP1_SCAFFOLD_4907
GCA_030435755.1	Primary Assembly	Un			JAUDYK010001078.1	Chromosome		NW_026697095.1	unplaced-scaffold	51359			HAP1_SCAFFOLD_2220
GCA_030435755.1	Primary Assembly	Un			JAUDYK010001079.1	Chromosome		NW_026697096.1	unplaced-scaffold	22856			HAP1_SCAFFOLD_5709
GCA_030435755.1	Primary Assembly	Un			JAUDYK010001080.1	Chromosome		NW_026697097.1	unplaced-scaffold	25187			HAP1_SCAFFOLD_5492
GCA_030435755.1	Primary Assembly	Un			JAUDYK010001081.1	Chromosome		NW_026697098.1	unplaced-scaffold	34820			HAP1_SCAFFOLD_4083
GCA_030435755.1	Primary Assembly	Un			JAUDYK010001082.1	Chromosome		NW_026697099.1	unplaced-scaffold	78962			HAP1_SCAFFOLD_1087
GCA_030435755.1	Primary Assembly	Un			JAUDYK010001083.1	Chromosome		NW_026697100.1	unplaced-scaffold	32488			HAP1_SCAFFOLD_4442
GCA_030435755.1	Primary Assembly	Un			JAUDYK010001084.1	Chromosome		NW_026697101.1	unplaced-scaffold	100750			HAP1_SCAFFOLD_727
GCA_030435755.1	Primary Assembly	Un			JAUDYK010001085.1	Chromosome		NW_026697102.1	unplaced-scaffold	26659			HAP1_SCAFFOLD_5306
GCA_030435755.1	Primary Assembly	Un			JAUDYK010001086.1	Chromosome		NW_026697103.1	unplaced-scaffold	23953			HAP1_SCAFFOLD_5615
GCA_030435755.1	Primary Assembly	Un			JAUDYK010001087.1	Chromosome		NW_026697104.1	unplaced-scaffold	56064			HAP1_SCAFFOLD_1903
GCA_030435755.1	Primary Assembly	Un			JAUDYK010001088.1	Chromosome		NW_026697105.1	unplaced-scaffold	40753			HAP1_SCAFFOLD_3252
GCA_030435755.1	Primary Assembly	Un			JAUDYK010001089.1	Chromosome		NW_026697106.1	unplaced-scaffold	26943			HAP1_SCAFFOLD_5270
GCA_030435755.1	Primary Assembly	Un			JAUDYK010001090.1	Chromosome		NW_026697107.1	unplaced-scaffold	25744			HAP1_SCAFFOLD_5416
GCA_030435755.1	Primary Assembly	Un			JAUDYK010001091.1	Chromosome		NW_026697108.1	unplaced-scaffold	45275			HAP1_SCAFFOLD_2753
GCA_030435755.1	Primary Assembly	Un			JAUDYK010001092.1	Chromosome		NW_026697109.1	unplaced-scaffold	33155			HAP1_SCAFFOLD_4335
GCA_030435755.1	Primary Assembly	Un			JAUDYK010001093.1	Chromosome		NW_026697110.1	unplaced-scaffold	80137			HAP1_SCAFFOLD_1064
GCA_030435755.1	Primary Assembly	Un			JAUDYK010001094.1	Chromosome		NW_026697111.1	unplaced-scaffold	54840			HAP1_SCAFFOLD_1975
GCA_030435755.1	Primary Assembly	Un			JAUDYK010001095.1	Chromosome		NW_026697112.1	unplaced-scaffold	40838			HAP1_SCAFFOLD_3241
GCA_030435755.1	Primary Assembly	Un			JAUDYK010001096.1	Chromosome		NW_026697113.1	unplaced-scaffold	19108			HAP1_SCAFFOLD_5883
GCA_030435755.1	Primary Assembly	Un			JAUDYK010001097.1	Chromosome		NW_026697114.1	unplaced-scaffold	41755			HAP1_SCAFFOLD_3130
GCA_030435755.1	Primary Assembly	Un			JAUDYK010001098.1	Chromosome		NW_026697115.1	unplaced-scaffold	32437			HAP1_SCAFFOLD_4451
GCA_030435755.1	Primary Assembly	Un			JAUDYK010001099.1	Chromosome		NW_026697116.1	unplaced-scaffold	52294			HAP1_SCAFFOLD_2163
GCA_030435755.1	Primary Assembly	Un			JAUDYK010001100.1	Chromosome		NW_026697117.1	unplaced-scaffold	49730			HAP1_SCAFFOLD_2354
GCA_030435755.1	Primary Assembly	Un			JAUDYK010001101.1	Chromosome		NW_026697118.1	unplaced-scaffold	42454			HAP1_SCAFFOLD_3045
GCA_030435755.1	Primary Assembly	Un			JAUDYK010001102.1	Chromosome		NW_026697119.1	unplaced-scaffold	44399			HAP1_SCAFFOLD_2844
GCA_030435755.1	Primary Assembly	Un			JAUDYK010001103.1	Chromosome		NW_026697120.1	unplaced-scaffold	33424			HAP1_SCAFFOLD_4288
GCA_030435755.1	Primary Assembly	Un			JAUDYK010001104.1	Chromosome		NW_026697121.1	unplaced-scaffold	58004			HAP1_SCAFFOLD_1802
GCA_030435755.1	Primary Assembly	Un			JAUDYK010001105.1	Chromosome		NW_026697122.1	unplaced-scaffold	198654			HAP1_SCAFFOLD_261
GCA_030435755.1	Primary Assembly	Un			JAUDYK010001106.1	Chromosome		NW_026697123.1	unplaced-scaffold	45566			HAP1_SCAFFOLD_2717
GCA_030435755.1	Primary Assembly	Un			JAUDYK010001107.1	Chromosome		NW_026697124.1	unplaced-scaffold	27221			HAP1_SCAFFOLD_5232
GCA_030435755.1	Primary Assembly	Un			JAUDYK010001108.1	Chromosome		NW_026697125.1	unplaced-scaffold	67510			HAP1_SCAFFOLD_1411
GCA_030435755.1	Primary Assembly	Un			JAUDYK010001109.1	Chromosome		NW_026697126.1	unplaced-scaffold	27933			HAP1_SCAFFOLD_5147
GCA_030435755.1	Primary Assembly	Un			JAUDYK010001110.1	Chromosome		NW_026697127.1	unplaced-scaffold	74308			HAP1_SCAFFOLD_1193
GCA_030435755.1	Primary Assembly	Un			JAUDYK010001111.1	Chromosome		NW_026697128.1	unplaced-scaffold	21969			HAP1_SCAFFOLD_5760
GCA_030435755.1	Primary Assembly	Un			JAUDYK010001112.1	Chromosome		NW_026697129.1	unplaced-scaffold	259155			HAP1_SCAFFOLD_192
GCA_030435755.1	Primary Assembly	Un			JAUDYK010001113.1	Chromosome		NW_026697130.1	unplaced-scaffold	68260			HAP1_SCAFFOLD_1378
GCA_030435755.1	Primary Assembly	Un			JAUDYK010001114.1	Chromosome		NW_026697131.1	unplaced-scaffold	71106			HAP1_SCAFFOLD_1301
GCA_030435755.1	Primary Assembly	Un			JAUDYK010001115.1	Chromosome		NW_026697132.1	unplaced-scaffold	36229			HAP1_SCAFFOLD_3895
GCA_030435755.1	Primary Assembly	Un			JAUDYK010001116.1	Chromosome		NW_026697133.1	unplaced-scaffold	46958			HAP1_SCAFFOLD_2576
GCA_030435755.1	Primary Assembly	Un			JAUDYK010001117.1	Chromosome		NW_026697134.1	unplaced-scaffold	97473			HAP1_SCAFFOLD_776
GCA_030435755.1	Primary Assembly	Un			JAUDYK010001118.1	Chromosome		NW_026697135.1	unplaced-scaffold	53073			HAP1_SCAFFOLD_2094
GCA_030435755.1	Primary Assembly	Un			JAUDYK010001119.1	Chromosome		NW_026697136.1	unplaced-scaffold	29381			HAP1_SCAFFOLD_4938
GCA_030435755.1	Primary Assembly	Un			JAUDYK010001120.1	Chromosome		NW_026697137.1	unplaced-scaffold	102720			HAP1_SCAFFOLD_715
GCA_030435755.1	Primary Assembly	Un			JAUDYK010001121.1	Chromosome		NW_026697138.1	unplaced-scaffold	106170			HAP1_SCAFFOLD_672
GCA_030435755.1	Primary Assembly	Un			JAUDYK010001122.1	Chromosome		NW_026697139.1	unplaced-scaffold	24925			HAP1_SCAFFOLD_5526
GCA_030435755.1	Primary Assembly	Un			JAUDYK010001123.1	Chromosome		NW_026697140.1	unplaced-scaffold	37637			HAP1_SCAFFOLD_3678
GCA_030435755.1	Primary Assembly	Un			JAUDYK010001124.1	Chromosome		NW_026697141.1	unplaced-scaffold	41384			HAP1_SCAFFOLD_3172
GCA_030435755.1	Primary Assembly	Un			JAUDYK010001125.1	Chromosome		NW_026697142.1	unplaced-scaffold	38109			HAP1_SCAFFOLD_3601
GCA_030435755.1	Primary Assembly	Un			JAUDYK010001126.1	Chromosome		NW_026697143.1	unplaced-scaffold	27911			HAP1_SCAFFOLD_5150
GCA_030435755.1	Primary Assembly	Un			JAUDYK010001127.1	Chromosome		NW_026697144.1	unplaced-scaffold	34090			HAP1_SCAFFOLD_4197
GCA_030435755.1	Primary Assembly	Un			JAUDYK010001128.1	Chromosome		NW_026697145.1	unplaced-scaffold	55790			HAP1_SCAFFOLD_1919
GCA_030435755.1	Primary Assembly	Un			JAUDYK010001129.1	Chromosome		NW_026697146.1	unplaced-scaffold	32355			HAP1_SCAFFOLD_4462
GCA_030435755.1	Primary Assembly	Un			JAUDYK010001130.1	Chromosome		NW_026697147.1	unplaced-scaffold	56219			HAP1_SCAFFOLD_1894
GCA_030435755.1	Primary Assembly	Un			JAUDYK010001131.1	Chromosome		NW_026697148.1	unplaced-scaffold	22804			HAP1_SCAFFOLD_5713
GCA_030435755.1	Primary Assembly	Un			JAUDYK010001132.1	Chromosome		NW_026697149.1	unplaced-scaffold	84343			HAP1_SCAFFOLD_982
GCA_030435755.1	Primary Assembly	Un			JAUDYK010001133.1	Chromosome		NW_026697150.1	unplaced-scaffold	48595			HAP1_SCAFFOLD_2456
GCA_030435755.1	Primary Assembly	Un			JAUDYK010001134.1	Chromosome		NW_026697151.1	unplaced-scaffold	581324			HAP1_SCAFFOLD_99
GCA_030435755.1	Primary Assembly	Un			JAUDYK010001135.1	Chromosome		NW_026697152.1	unplaced-scaffold	23277			HAP1_SCAFFOLD_5679
GCA_030435755.1	Primary Assembly	Un			JAUDYK010001136.1	Chromosome		NW_026697153.1	unplaced-scaffold	158568			HAP1_SCAFFOLD_363
GCA_030435755.1	Primary Assembly	Un			JAUDYK010001137.1	Chromosome		NW_026697154.1	unplaced-scaffold	37209			HAP1_SCAFFOLD_3737
GCA_030435755.1	Primary Assembly	Un			JAUDYK010001138.1	Chromosome		NW_026697155.1	unplaced-scaffold	52521			HAP1_SCAFFOLD_2143
GCA_030435755.1	Primary Assembly	Un			JAUDYK010001139.1	Chromosome		NW_026697156.1	unplaced-scaffold	63977			HAP1_SCAFFOLD_1533
GCA_030435755.1	Primary Assembly	Un			JAUDYK010001140.1	Chromosome		NW_026697157.1	unplaced-scaffold	46122			HAP1_SCAFFOLD_2655
GCA_030435755.1	Primary Assembly	Un			JAUDYK010001141.1	Chromosome		NW_026697158.1	unplaced-scaffold	126779			HAP1_SCAFFOLD_497
GCA_030435755.1	Primary Assembly	Un			JAUDYK010001142.1	Chromosome		NW_026697159.1	unplaced-scaffold	33203			HAP1_SCAFFOLD_4328
GCA_030435755.1	Primary Assembly	Un			JAUDYK010001143.1	Chromosome		NW_026697160.1	unplaced-scaffold	40682			HAP1_SCAFFOLD_3261
GCA_030435755.1	Primary Assembly	Un			JAUDYK010001144.1	Chromosome		NW_026697161.1	unplaced-scaffold	81330			HAP1_SCAFFOLD_1044
GCA_030435755.1	Primary Assembly	Un			JAUDYK010001145.1	Chromosome		NW_026697162.1	unplaced-scaffold	46448			HAP1_SCAFFOLD_2629
GCA_030435755.1	Primary Assembly	Un			JAUDYK010001146.1	Chromosome		NW_026697163.1	unplaced-scaffold	54484			HAP1_SCAFFOLD_2002
GCA_030435755.1	Primary Assembly	Un			JAUDYK010001147.1	Chromosome		NW_026697164.1	unplaced-scaffold	31941			HAP1_SCAFFOLD_4537
GCA_030435755.1	Primary Assembly	Un			JAUDYK010001148.1	Chromosome		NW_026697165.1	unplaced-scaffold	52893			HAP1_SCAFFOLD_2110
GCA_030435755.1	Primary Assembly	Un			JAUDYK010001149.1	Chromosome		NW_026697166.1	unplaced-scaffold	31419			HAP1_SCAFFOLD_4634
GCA_030435755.1	Primary Assembly	Un			JAUDYK010001150.1	Chromosome		NW_026697167.1	unplaced-scaffold	27581			HAP1_SCAFFOLD_5184
GCA_030435755.1	Primary Assembly	Un			JAUDYK010001151.1	Chromosome		NW_026697168.1	unplaced-scaffold	25805			HAP1_SCAFFOLD_5404
GCA_030435755.1	Primary Assembly	Un			JAUDYK010001152.1	Chromosome		NW_026697169.1	unplaced-scaffold	32132			HAP1_SCAFFOLD_4508
GCA_030435755.1	Primary Assembly	Un			JAUDYK010001153.1	Chromosome		NW_026697170.1	unplaced-scaffold	31712			HAP1_SCAFFOLD_4571
GCA_030435755.1	Primary Assembly	Un			JAUDYK010001154.1	Chromosome		NW_026697171.1	unplaced-scaffold	44279			HAP1_SCAFFOLD_2864
GCA_030435755.1	Primary Assembly	Un			JAUDYK010001155.1	Chromosome		NW_026697172.1	unplaced-scaffold	35670			HAP1_SCAFFOLD_3974
GCA_030435755.1	Primary Assembly	Un			JAUDYK010001156.1	Chromosome		NW_026697173.1	unplaced-scaffold	42256			HAP1_SCAFFOLD_3065
GCA_030435755.1	Primary Assembly	Un			JAUDYK010001157.1	Chromosome		NW_026697174.1	unplaced-scaffold	37009			HAP1_SCAFFOLD_3771
GCA_030435755.1	Primary Assembly	Un			JAUDYK010001158.1	Chromosome		NW_026697175.1	unplaced-scaffold	37418			HAP1_SCAFFOLD_3708
GCA_030435755.1	Primary Assembly	Un			JAUDYK010001159.1	Chromosome		NW_026697176.1	unplaced-scaffold	30413			HAP1_SCAFFOLD_4790
GCA_030435755.1	Primary Assembly	Un			JAUDYK010001160.1	Chromosome		NW_026697177.1	unplaced-scaffold	117741			HAP1_SCAFFOLD_565
GCA_030435755.1	Primary Assembly	Un			JAUDYK010001161.1	Chromosome		NW_026697178.1	unplaced-scaffold	22009			HAP1_SCAFFOLD_5757
GCA_030435755.1	Primary Assembly	Un			JAUDYK010001162.1	Chromosome		NW_026697179.1	unplaced-scaffold	29290			HAP1_SCAFFOLD_4959
GCA_030435755.1	Primary Assembly	Un			JAUDYK010001163.1	Chromosome		NW_026697180.1	unplaced-scaffold	43993			HAP1_SCAFFOLD_2887
GCA_030435755.1	Primary Assembly	Un			JAUDYK010001164.1	Chromosome		NW_026697181.1	unplaced-scaffold	97709			HAP1_SCAFFOLD_774
GCA_030435755.1	Primary Assembly	Un			JAUDYK010001165.1	Chromosome		NW_026697182.1	unplaced-scaffold	29470			HAP1_SCAFFOLD_4925
GCA_030435755.1	Primary Assembly	Un			JAUDYK010001166.1	Chromosome		NW_026697183.1	unplaced-scaffold	22318			HAP1_SCAFFOLD_5740
GCA_030435755.1	Primary Assembly	Un			JAUDYK010001167.1	Chromosome		NW_026697184.1	unplaced-scaffold	26574			HAP1_SCAFFOLD_5314
GCA_030435755.1	Primary Assembly	Un			JAUDYK010001168.1	Chromosome		NW_026697185.1	unplaced-scaffold	27763			HAP1_SCAFFOLD_5167
GCA_030435755.1	Primary Assembly	Un			JAUDYK010001169.1	Chromosome		NW_026697186.1	unplaced-scaffold	38203			HAP1_SCAFFOLD_3590
GCA_030435755.1	Primary Assembly	Un			JAUDYK010001170.1	Chromosome		NW_026697187.1	unplaced-scaffold	49354			HAP1_SCAFFOLD_2380
GCA_030435755.1	Primary Assembly	Un			JAUDYK010001171.1	Chromosome		NW_026697188.1	unplaced-scaffold	248203			HAP1_SCAFFOLD_208
GCA_030435755.1	Primary Assembly	Un			JAUDYK010001172.1	Chromosome		NW_026697189.1	unplaced-scaffold	79750			HAP1_SCAFFOLD_1072
GCA_030435755.1	Primary Assembly	Un			JAUDYK010001173.1	Chromosome		NW_026697190.1	unplaced-scaffold	22345			HAP1_SCAFFOLD_5734
GCA_030435755.1	Primary Assembly	Un			JAUDYK010001174.1	Chromosome		NW_026697191.1	unplaced-scaffold	33598			HAP1_SCAFFOLD_4269
GCA_030435755.1	Primary Assembly	Un			JAUDYK010001175.1	Chromosome		NW_026697192.1	unplaced-scaffold	16833			HAP1_SCAFFOLD_5931
GCA_030435755.1	Primary Assembly	Un			JAUDYK010001176.1	Chromosome		NW_026697193.1	unplaced-scaffold	42061			HAP1_SCAFFOLD_3093
GCA_030435755.1	Primary Assembly	Un			JAUDYK010001177.1	Chromosome		NW_026697194.1	unplaced-scaffold	39219			HAP1_SCAFFOLD_3438
GCA_030435755.1	Primary Assembly	Un			JAUDYK010001178.1	Chromosome		NW_026697195.1	unplaced-scaffold	83525			HAP1_SCAFFOLD_998
GCA_030435755.1	Primary Assembly	Un			JAUDYK010001179.1	Chromosome		NW_026697196.1	unplaced-scaffold	97971			HAP1_SCAFFOLD_769
GCA_030435755.1	Primary Assembly	Un			JAUDYK010001180.1	Chromosome		NW_026697197.1	unplaced-scaffold	39906			HAP1_SCAFFOLD_3353
GCA_030435755.1	Primary Assembly	Un			JAUDYK010001181.1	Chromosome		NW_026697198.1	unplaced-scaffold	31325			HAP1_SCAFFOLD_4657
GCA_030435755.1	Primary Assembly	Un			JAUDYK010001182.1	Chromosome		NW_026697199.1	unplaced-scaffold	23042			HAP1_SCAFFOLD_5690
GCA_030435755.1	Primary Assembly	Un			JAUDYK010001183.1	Chromosome		NW_026697200.1	unplaced-scaffold	130859			HAP1_SCAFFOLD_475
GCA_030435755.1	Primary Assembly	Un			JAUDYK010001184.1	Chromosome		NW_026697201.1	unplaced-scaffold	47495			HAP1_SCAFFOLD_2535
GCA_030435755.1	Primary Assembly	Un			JAUDYK010001185.1	Chromosome		NW_026697202.1	unplaced-scaffold	31397			HAP1_SCAFFOLD_4640
GCA_030435755.1	Primary Assembly	Un			JAUDYK010001186.1	Chromosome		NW_026697203.1	unplaced-scaffold	61142			HAP1_SCAFFOLD_1653
GCA_030435755.1	Primary Assembly	Un			JAUDYK010001187.1	Chromosome		NW_026697204.1	unplaced-scaffold	160813			HAP1_SCAFFOLD_355
GCA_030435755.1	Primary Assembly	Un			JAUDYK010001188.1	Chromosome		NW_026697205.1	unplaced-scaffold	144816			HAP1_SCAFFOLD_416
GCA_030435755.1	Primary Assembly	Un			JAUDYK010001189.1	Chromosome		NW_026697206.1	unplaced-scaffold	76697			HAP1_SCAFFOLD_1145
GCA_030435755.1	Primary Assembly	Un			JAUDYK010001190.1	Chromosome		NW_026697207.1	unplaced-scaffold	64442			HAP1_SCAFFOLD_1514
GCA_030435755.1	Primary Assembly	Un			JAUDYK010001191.1	Chromosome		NW_026697208.1	unplaced-scaffold	87970			HAP1_SCAFFOLD_923
GCA_030435755.1	Primary Assembly	Un			JAUDYK010001192.1	Chromosome		NW_026697209.1	unplaced-scaffold	36642			HAP1_SCAFFOLD_3843
GCA_030435755.1	Primary Assembly	Un			JAUDYK010001193.1	Chromosome		NW_026697210.1	unplaced-scaffold	26844			HAP1_SCAFFOLD_5281
GCA_030435755.1	Primary Assembly	Un			JAUDYK010001194.1	Chromosome		NW_026697211.1	unplaced-scaffold	81829			HAP1_SCAFFOLD_1030
GCA_030435755.1	Primary Assembly	Un			JAUDYK010001195.1	Chromosome		NW_026697212.1	unplaced-scaffold	28355			HAP1_SCAFFOLD_5085
GCA_030435755.1	Primary Assembly	Un			JAUDYK010001196.1	Chromosome		NW_026697213.1	unplaced-scaffold	71430			HAP1_SCAFFOLD_1286
GCA_030435755.1	Primary Assembly	Un			JAUDYK010001197.1	Chromosome		NW_026697214.1	unplaced-scaffold	298526			HAP1_SCAFFOLD_171
GCA_030435755.1	Primary Assembly	Un			JAUDYK010001198.1	Chromosome		NW_026697215.1	unplaced-scaffold	40384			HAP1_SCAFFOLD_3298
GCA_030435755.1	Primary Assembly	Un			JAUDYK010001199.1	Chromosome		NW_026697216.1	unplaced-scaffold	61853			HAP1_SCAFFOLD_1617
GCA_030435755.1	Primary Assembly	Un			JAUDYK010001200.1	Chromosome		NW_026697217.1	unplaced-scaffold	37083			HAP1_SCAFFOLD_3754
GCA_030435755.1	Primary Assembly	Un			JAUDYK010001201.1	Chromosome		NW_026697218.1	unplaced-scaffold	31489			HAP1_SCAFFOLD_4613
GCA_030435755.1	Primary Assembly	Un			JAUDYK010001202.1	Chromosome		NW_026697219.1	unplaced-scaffold	40240			HAP1_SCAFFOLD_3317
GCA_030435755.1	Primary Assembly	Un			JAUDYK010001203.1	Chromosome		NW_026697220.1	unplaced-scaffold	41497			HAP1_SCAFFOLD_3164
GCA_030435755.1	Primary Assembly	Un			JAUDYK010001204.1	Chromosome		NW_026697221.1	unplaced-scaffold	31777			HAP1_SCAFFOLD_4554
GCA_030435755.1	Primary Assembly	Un			JAUDYK010001205.1	Chromosome		NW_026697222.1	unplaced-scaffold	35817			HAP1_SCAFFOLD_3951
GCA_030435755.1	Primary Assembly	Un			JAUDYK010001206.1	Chromosome		NW_026697223.1	unplaced-scaffold	36775			HAP1_SCAFFOLD_3810
GCA_030435755.1	Primary Assembly	Un			JAUDYK010001207.1	Chromosome		NW_026697224.1	unplaced-scaffold	104972			HAP1_SCAFFOLD_691
GCA_030435755.1	Primary Assembly	Un			JAUDYK010001208.1	Chromosome		NW_026697225.1	unplaced-scaffold	25457			HAP1_SCAFFOLD_5458
GCA_030435755.1	Primary Assembly	Un			JAUDYK010001209.1	Chromosome		NW_026697226.1	unplaced-scaffold	86453			HAP1_SCAFFOLD_949
GCA_030435755.1	Primary Assembly	Un			JAUDYK010001210.1	Chromosome		NW_026697227.1	unplaced-scaffold	41269			HAP1_SCAFFOLD_3187
GCA_030435755.1	Primary Assembly	Un			JAUDYK010001211.1	Chromosome		NW_026697228.1	unplaced-scaffold	30515			HAP1_SCAFFOLD_4779
GCA_030435755.1	Primary Assembly	Un			JAUDYK010001212.1	Chromosome		NW_026697229.1	unplaced-scaffold	55417			HAP1_SCAFFOLD_1936
GCA_030435755.1	Primary Assembly	Un			JAUDYK010001213.1	Chromosome		NW_026697230.1	unplaced-scaffold	26443			HAP1_SCAFFOLD_5333
GCA_030435755.1	Primary Assembly	Un			JAUDYK010001214.1	Chromosome		NW_026697231.1	unplaced-scaffold	66919			HAP1_SCAFFOLD_1424
GCA_030435755.1	Primary Assembly	Un			JAUDYK010001215.1	Chromosome		NW_026697232.1	unplaced-scaffold	39505			HAP1_SCAFFOLD_3407
GCA_030435755.1	Primary Assembly	Un			JAUDYK010001216.1	Chromosome		NW_026697233.1	unplaced-scaffold	119610			HAP1_SCAFFOLD_553
GCA_030435755.1	Primary Assembly	Un			JAUDYK010001217.1	Chromosome		NW_026697234.1	unplaced-scaffold	38260			HAP1_SCAFFOLD_3579
GCA_030435755.1	Primary Assembly	Un			JAUDYK010001218.1	Chromosome		NW_026697235.1	unplaced-scaffold	43510			HAP1_SCAFFOLD_2927
GCA_030435755.1	Primary Assembly	Un			JAUDYK010001219.1	Chromosome		NW_026697236.1	unplaced-scaffold	29742			HAP1_SCAFFOLD_4885
GCA_030435755.1	Primary Assembly	Un			JAUDYK010001220.1	Chromosome		NW_026697237.1	unplaced-scaffold	32931			HAP1_SCAFFOLD_4376
GCA_030435755.1	Primary Assembly	Un			JAUDYK010001221.1	Chromosome		NW_026697238.1	unplaced-scaffold	35898			HAP1_SCAFFOLD_3942
GCA_030435755.1	Primary Assembly	Un			JAUDYK010001222.1	Chromosome		NW_026697239.1	unplaced-scaffold	34060			HAP1_SCAFFOLD_4200
GCA_030435755.1	Primary Assembly	Un			JAUDYK010001223.1	Chromosome		NW_026697240.1	unplaced-scaffold	31012			HAP1_SCAFFOLD_4706
GCA_030435755.1	Primary Assembly	Un			JAUDYK010001224.1	Chromosome		NW_026697241.1	unplaced-scaffold	64435			HAP1_SCAFFOLD_1515
GCA_030435755.1	Primary Assembly	Un			JAUDYK010001225.1	Chromosome		NW_026697242.1	unplaced-scaffold	76775			HAP1_SCAFFOLD_1144
GCA_030435755.1	Primary Assembly	Un			JAUDYK010001226.1	Chromosome		NW_026697243.1	unplaced-scaffold	47510			HAP1_SCAFFOLD_2534
GCA_030435755.1	Primary Assembly	Un			JAUDYK010001227.1	Chromosome		NW_026697244.1	unplaced-scaffold	46626			HAP1_SCAFFOLD_2608
GCA_030435755.1	Primary Assembly	Un			JAUDYK010001228.1	Chromosome		NW_026697245.1	unplaced-scaffold	52964			HAP1_SCAFFOLD_2102
GCA_030435755.1	Primary Assembly	Un			JAUDYK010001229.1	Chromosome		NW_026697246.1	unplaced-scaffold	46024			HAP1_SCAFFOLD_2671
GCA_030435755.1	Primary Assembly	Un			JAUDYK010001230.1	Chromosome		NW_026697247.1	unplaced-scaffold	363827			HAP1_SCAFFOLD_147
GCA_030435755.1	Primary Assembly	Un			JAUDYK010001231.1	Chromosome		NW_026697248.1	unplaced-scaffold	48244			HAP1_SCAFFOLD_2482
GCA_030435755.1	Primary Assembly	Un			JAUDYK010001232.1	Chromosome		NW_026697249.1	unplaced-scaffold	33307			HAP1_SCAFFOLD_4309
GCA_030435755.1	Primary Assembly	Un			JAUDYK010001233.1	Chromosome		NW_026697250.1	unplaced-scaffold	53874			HAP1_SCAFFOLD_2043
GCA_030435755.1	Primary Assembly	Un			JAUDYK010001234.1	Chromosome		NW_026697251.1	unplaced-scaffold	38747			HAP1_SCAFFOLD_3506
GCA_030435755.1	Primary Assembly	Un			JAUDYK010001235.1	Chromosome		NW_026697252.1	unplaced-scaffold	23883			HAP1_SCAFFOLD_5621
GCA_030435755.1	Primary Assembly	Un			JAUDYK010001236.1	Chromosome		NW_026697253.1	unplaced-scaffold	32641			HAP1_SCAFFOLD_4419
GCA_030435755.1	Primary Assembly	Un			JAUDYK010001237.1	Chromosome		NW_026697254.1	unplaced-scaffold	55050			HAP1_SCAFFOLD_1962
GCA_030435755.1	Primary Assembly	Un			JAUDYK010001238.1	Chromosome		NW_026697255.1	unplaced-scaffold	151943			HAP1_SCAFFOLD_388
GCA_030435755.1	Primary Assembly	Un			JAUDYK010001239.1	Chromosome		NW_026697256.1	unplaced-scaffold	43953			HAP1_SCAFFOLD_2893
GCA_030435755.1	Primary Assembly	Un			JAUDYK010001240.1	Chromosome		NW_026697257.1	unplaced-scaffold	58389			HAP1_SCAFFOLD_1780
GCA_030435755.1	Primary Assembly	Un			JAUDYK010001241.1	Chromosome		NW_026697258.1	unplaced-scaffold	22345			HAP1_SCAFFOLD_5735
GCA_030435755.1	Primary Assembly	Un			JAUDYK010001242.1	Chromosome		NW_026697259.1	unplaced-scaffold	50973			HAP1_SCAFFOLD_2248
GCA_030435755.1	Primary Assembly	Un			JAUDYK010001243.1	Chromosome		NW_026697260.1	unplaced-scaffold	66155			HAP1_SCAFFOLD_1459
GCA_030435755.1	Primary Assembly	Un			JAUDYK010001244.1	Chromosome		NW_026697261.1	unplaced-scaffold	29744			HAP1_SCAFFOLD_4884
GCA_030435755.1	Primary Assembly	Un			JAUDYK010001245.1	Chromosome		NW_026697262.1	unplaced-scaffold	28555			HAP1_SCAFFOLD_5067
GCA_030435755.1	Primary Assembly	Un			JAUDYK010001246.1	Chromosome		NW_026697263.1	unplaced-scaffold	66846			HAP1_SCAFFOLD_1425
GCA_030435755.1	Primary Assembly	Un			JAUDYK010001247.1	Chromosome		NW_026697264.1	unplaced-scaffold	43690			HAP1_SCAFFOLD_2916
GCA_030435755.1	Primary Assembly	Un			JAUDYK010001248.1	Chromosome		NW_026697265.1	unplaced-scaffold	61714			HAP1_SCAFFOLD_1626
GCA_030435755.1	Primary Assembly	Un			JAUDYK010001249.1	Chromosome		NW_026697266.1	unplaced-scaffold	41448			HAP1_SCAFFOLD_3165
GCA_030435755.1	Primary Assembly	Un			JAUDYK010001250.1	Chromosome		NW_026697267.1	unplaced-scaffold	31774			HAP1_SCAFFOLD_4555
GCA_030435755.1	Primary Assembly	Un			JAUDYK010001251.1	Chromosome		NW_026697268.1	unplaced-scaffold	37245			HAP1_SCAFFOLD_3729
GCA_030435755.1	Primary Assembly	Un			JAUDYK010001252.1	Chromosome		NW_026697269.1	unplaced-scaffold	56921			HAP1_SCAFFOLD_1863
GCA_030435755.1	Primary Assembly	Un			JAUDYK010001253.1	Chromosome		NW_026697270.1	unplaced-scaffold	42890			HAP1_SCAFFOLD_2992
GCA_030435755.1	Primary Assembly	Un			JAUDYK010001254.1	Chromosome		NW_026697271.1	unplaced-scaffold	54370			HAP1_SCAFFOLD_2010
GCA_030435755.1	Primary Assembly	Un			JAUDYK010001255.1	Chromosome		NW_026697272.1	unplaced-scaffold	29838			HAP1_SCAFFOLD_4867
GCA_030435755.1	Primary Assembly	Un			JAUDYK010001256.1	Chromosome		NW_026697273.1	unplaced-scaffold	31989			HAP1_SCAFFOLD_4529
GCA_030435755.1	Primary Assembly	Un			JAUDYK010001257.1	Chromosome		NW_026697274.1	unplaced-scaffold	28370			HAP1_SCAFFOLD_5084
GCA_030435755.1	Primary Assembly	Un			JAUDYK010001258.1	Chromosome		NW_026697275.1	unplaced-scaffold	37078			HAP1_SCAFFOLD_3755
GCA_030435755.1	Primary Assembly	Un			JAUDYK010001259.1	Chromosome		NW_026697276.1	unplaced-scaffold	40165			HAP1_SCAFFOLD_3326
GCA_030435755.1	Primary Assembly	Un			JAUDYK010001260.1	Chromosome		NW_026697277.1	unplaced-scaffold	46349			HAP1_SCAFFOLD_2637
GCA_030435755.1	Primary Assembly	Un			JAUDYK010001261.1	Chromosome		NW_026697278.1	unplaced-scaffold	33006			HAP1_SCAFFOLD_4360
GCA_030435755.1	Primary Assembly	Un			JAUDYK010001262.1	Chromosome		NW_026697279.1	unplaced-scaffold	190832			HAP1_SCAFFOLD_273
GCA_030435755.1	Primary Assembly	Un			JAUDYK010001263.1	Chromosome		NW_026697280.1	unplaced-scaffold	146697			HAP1_SCAFFOLD_406
GCA_030435755.1	Primary Assembly	Un			JAUDYK010001264.1	Chromosome		NW_026697281.1	unplaced-scaffold	27129			HAP1_SCAFFOLD_5246
GCA_030435755.1	Primary Assembly	Un			JAUDYK010001265.1	Chromosome		NW_026697282.1	unplaced-scaffold	81317			HAP1_SCAFFOLD_1045
GCA_030435755.1	Primary Assembly	Un			JAUDYK010001266.1	Chromosome		NW_026697283.1	unplaced-scaffold	226075			HAP1_SCAFFOLD_231
GCA_030435755.1	Primary Assembly	Un			JAUDYK010001267.1	Chromosome		NW_026697284.1	unplaced-scaffold	46132			HAP1_SCAFFOLD_2654
GCA_030435755.1	Primary Assembly	Un			JAUDYK010001268.1	Chromosome		NW_026697285.1	unplaced-scaffold	50582			HAP1_SCAFFOLD_2289
GCA_030435755.1	Primary Assembly	Un			JAUDYK010001269.1	Chromosome		NW_026697286.1	unplaced-scaffold	36829			HAP1_SCAFFOLD_3802
GCA_030435755.1	Primary Assembly	Un			JAUDYK010001270.1	Chromosome		NW_026697287.1	unplaced-scaffold	39473			HAP1_SCAFFOLD_3411
GCA_030435755.1	Primary Assembly	Un			JAUDYK010001271.1	Chromosome		NW_026697288.1	unplaced-scaffold	47845			HAP1_SCAFFOLD_2513
GCA_030435755.1	Primary Assembly	Un			JAUDYK010001272.1	Chromosome		NW_026697289.1	unplaced-scaffold	33376			HAP1_SCAFFOLD_4296
GCA_030435755.1	Primary Assembly	Un			JAUDYK010001273.1	Chromosome		NW_026697290.1	unplaced-scaffold	109398			HAP1_SCAFFOLD_645
GCA_030435755.1	Primary Assembly	Un			JAUDYK010001274.1	Chromosome		NW_026697291.1	unplaced-scaffold	17660			HAP1_SCAFFOLD_5918
GCA_030435755.1	Primary Assembly	Un			JAUDYK010001275.1	Chromosome		NW_026697292.1	unplaced-scaffold	56173			HAP1_SCAFFOLD_1895
GCA_030435755.1	Primary Assembly	Un			JAUDYK010001276.1	Chromosome		NW_026697293.1	unplaced-scaffold	41189			HAP1_SCAFFOLD_3193
GCA_030435755.1	Primary Assembly	Un			JAUDYK010001277.1	Chromosome		NW_026697294.1	unplaced-scaffold	39737			HAP1_SCAFFOLD_3378
GCA_030435755.1	Primary Assembly	Un			JAUDYK010001278.1	Chromosome		NW_026697295.1	unplaced-scaffold	148790			HAP1_SCAFFOLD_392
GCA_030435755.1	Primary Assembly	Un			JAUDYK010001279.1	Chromosome		NW_026697296.1	unplaced-scaffold	40365			HAP1_SCAFFOLD_3301
GCA_030435755.1	Primary Assembly	Un			JAUDYK010001280.1	Chromosome		NW_026697297.1	unplaced-scaffold	215101			HAP1_SCAFFOLD_240
GCA_030435755.1	Primary Assembly	Un			JAUDYK010001281.1	Chromosome		NW_026697298.1	unplaced-scaffold	75369			HAP1_SCAFFOLD_1172
GCA_030435755.1	Primary Assembly	Un			JAUDYK010001282.1	Chromosome		NW_026697299.1	unplaced-scaffold	60643			HAP1_SCAFFOLD_1678
GCA_030435755.1	Primary Assembly	Un			JAUDYK010001283.1	Chromosome		NW_026697300.1	unplaced-scaffold	33963			HAP1_SCAFFOLD_4212
GCA_030435755.1	Primary Assembly	Un			JAUDYK010001284.1	Chromosome		NW_026697301.1	unplaced-scaffold	62189			HAP1_SCAFFOLD_1601
GCA_030435755.1	Primary Assembly	Un			JAUDYK010001285.1	Chromosome		NW_026697302.1	unplaced-scaffold	237047			HAP1_SCAFFOLD_218
GCA_030435755.1	Primary Assembly	Un			JAUDYK010001286.1	Chromosome		NW_026697303.1	unplaced-scaffold	43394			HAP1_SCAFFOLD_2939
GCA_030435755.1	Primary Assembly	Un			JAUDYK010001287.1	Chromosome		NW_026697304.1	unplaced-scaffold	115324			HAP1_SCAFFOLD_586
GCA_030435755.1	Primary Assembly	Un			JAUDYK010001288.1	Chromosome		NW_026697305.1	unplaced-scaffold	26572			HAP1_SCAFFOLD_5315
GCA_030435755.1	Primary Assembly	Un			JAUDYK010001289.1	Chromosome		NW_026697306.1	unplaced-scaffold	24075			HAP1_SCAFFOLD_5606
GCA_030435755.1	Primary Assembly	Un			JAUDYK010001290.1	Chromosome		NW_026697307.1	unplaced-scaffold	29471			HAP1_SCAFFOLD_4924
GCA_030435755.1	Primary Assembly	Un			JAUDYK010001291.1	Chromosome		NW_026697308.1	unplaced-scaffold	48963			HAP1_SCAFFOLD_2423
GCA_030435755.1	Primary Assembly	Un			JAUDYK010001292.1	Chromosome		NW_026697309.1	unplaced-scaffold	32518			HAP1_SCAFFOLD_4436
GCA_030435755.1	Primary Assembly	Un			JAUDYK010001293.1	Chromosome		NW_026697310.1	unplaced-scaffold	38589			HAP1_SCAFFOLD_3521
GCA_030435755.1	Primary Assembly	Un			JAUDYK010001294.1	Chromosome		NW_026697311.1	unplaced-scaffold	36157			HAP1_SCAFFOLD_3903
GCA_030435755.1	Primary Assembly	Un			JAUDYK010001295.1	Chromosome		NW_026697312.1	unplaced-scaffold	30910			HAP1_SCAFFOLD_4721
GCA_030435755.1	Primary Assembly	Un			JAUDYK010001296.1	Chromosome		NW_026697313.1	unplaced-scaffold	72440			HAP1_SCAFFOLD_1252
GCA_030435755.1	Primary Assembly	Un			JAUDYK010001297.1	Chromosome		NW_026697314.1	unplaced-scaffold	25348			HAP1_SCAFFOLD_5473
GCA_030435755.1	Primary Assembly	Un			JAUDYK010001298.1	Chromosome		NW_026697315.1	unplaced-scaffold	42123			HAP1_SCAFFOLD_3087
GCA_030435755.1	Primary Assembly	Un			JAUDYK010001299.1	Chromosome		NW_026697316.1	unplaced-scaffold	42282			HAP1_SCAFFOLD_3064
GCA_030435755.1	Primary Assembly	Un			JAUDYK010001300.1	Chromosome		NW_026697317.1	unplaced-scaffold	47233			HAP1_SCAFFOLD_2557
GCA_030435755.1	Primary Assembly	Un			JAUDYK010001301.1	Chromosome		NW_026697318.1	unplaced-scaffold	77390			HAP1_SCAFFOLD_1130
GCA_030435755.1	Primary Assembly	Un			JAUDYK010001302.1	Chromosome		NW_026697319.1	unplaced-scaffold	25802			HAP1_SCAFFOLD_5405
GCA_030435755.1	Primary Assembly	Un			JAUDYK010001303.1	Chromosome		NW_026697320.1	unplaced-scaffold	47456			HAP1_SCAFFOLD_2540
GCA_030435755.1	Primary Assembly	Un			JAUDYK010001304.1	Chromosome		NW_026697321.1	unplaced-scaffold	31419			HAP1_SCAFFOLD_4635
GCA_030435755.1	Primary Assembly	Un			JAUDYK010001305.1	Chromosome		NW_026697322.1	unplaced-scaffold	27577			HAP1_SCAFFOLD_5185
GCA_030435755.1	Primary Assembly	Un			JAUDYK010001306.1	Chromosome		NW_026697323.1	unplaced-scaffold	72708			HAP1_SCAFFOLD_1241
GCA_030435755.1	Primary Assembly	Un			JAUDYK010001307.1	Chromosome		NW_026697324.1	unplaced-scaffold	35664			HAP1_SCAFFOLD_3975
GCA_030435755.1	Primary Assembly	Un			JAUDYK010001308.1	Chromosome		NW_026697325.1	unplaced-scaffold	44274			HAP1_SCAFFOLD_2865
GCA_030435755.1	Primary Assembly	Un			JAUDYK010001309.1	Chromosome		NW_026697326.1	unplaced-scaffold	40871			HAP1_SCAFFOLD_3235
GCA_030435755.1	Primary Assembly	Un			JAUDYK010001310.1	Chromosome		NW_026697327.1	unplaced-scaffold	29961			HAP1_SCAFFOLD_4851
GCA_030435755.1	Primary Assembly	Un			JAUDYK010001311.1	Chromosome		NW_026697328.1	unplaced-scaffold	232315			HAP1_SCAFFOLD_225
GCA_030435755.1	Primary Assembly	Un			JAUDYK010001312.1	Chromosome		NW_026697329.1	unplaced-scaffold	42176			HAP1_SCAFFOLD_3077
GCA_030435755.1	Primary Assembly	Un			JAUDYK010001313.1	Chromosome		NW_026697330.1	unplaced-scaffold	29569			HAP1_SCAFFOLD_4910
GCA_030435755.1	Primary Assembly	Un			JAUDYK010001314.1	Chromosome		NW_026697331.1	unplaced-scaffold	34784			HAP1_SCAFFOLD_4092
GCA_030435755.1	Primary Assembly	Un			JAUDYK010001315.1	Chromosome		NW_026697332.1	unplaced-scaffold	25968			HAP1_SCAFFOLD_5391
GCA_030435755.1	Primary Assembly	Un			JAUDYK010001316.1	Chromosome		NW_026697333.1	unplaced-scaffold	25262			HAP1_SCAFFOLD_5483
GCA_030435755.1	Primary Assembly	Un			JAUDYK010001317.1	Chromosome		NW_026697334.1	unplaced-scaffold	28224			HAP1_SCAFFOLD_5103
GCA_030435755.1	Primary Assembly	Un			JAUDYK010001318.1	Chromosome		NW_026697335.1	unplaced-scaffold	28729			HAP1_SCAFFOLD_5042
GCA_030435755.1	Primary Assembly	Un			JAUDYK010001319.1	Chromosome		NW_026697336.1	unplaced-scaffold	33124			HAP1_SCAFFOLD_4341
GCA_030435755.1	Primary Assembly	Un			JAUDYK010001320.1	Chromosome		NW_026697337.1	unplaced-scaffold	20685			HAP1_SCAFFOLD_5816
GCA_030435755.1	Primary Assembly	Un			JAUDYK010001321.1	Chromosome		NW_026697338.1	unplaced-scaffold	94868			HAP1_SCAFFOLD_814
GCA_030435755.1	Primary Assembly	Un			JAUDYK010001322.1	Chromosome		NW_026697339.1	unplaced-scaffold	52299			HAP1_SCAFFOLD_2159
GCA_030435755.1	Primary Assembly	Un			JAUDYK010001323.1	Chromosome		NW_026697340.1	unplaced-scaffold	63119			HAP1_SCAFFOLD_1568
GCA_030435755.1	Primary Assembly	Un			JAUDYK010001324.1	Chromosome		NW_026697341.1	unplaced-scaffold	35318			HAP1_SCAFFOLD_4016
GCA_030435755.1	Primary Assembly	Un			JAUDYK010001325.1	Chromosome		NW_026697342.1	unplaced-scaffold	27730			HAP1_SCAFFOLD_5175
GCA_030435755.1	Primary Assembly	Un			JAUDYK010001326.1	Chromosome		NW_026697343.1	unplaced-scaffold	35569			HAP1_SCAFFOLD_3985
GCA_030435755.1	Primary Assembly	Un			JAUDYK010001327.1	Chromosome		NW_026697344.1	unplaced-scaffold	49555			HAP1_SCAFFOLD_2366
GCA_030435755.1	Primary Assembly	Un			JAUDYK010001328.1	Chromosome		NW_026697345.1	unplaced-scaffold	111752			HAP1_SCAFFOLD_620
GCA_030435755.1	Primary Assembly	Un			JAUDYK010001329.1	Chromosome		NW_026697346.1	unplaced-scaffold	29996			HAP1_SCAFFOLD_4842
GCA_030435755.1	Primary Assembly	Un			JAUDYK010001330.1	Chromosome		NW_026697347.1	unplaced-scaffold	52793			HAP1_SCAFFOLD_2125
GCA_030435755.1	Primary Assembly	Un			JAUDYK010001331.1	Chromosome		NW_026697348.1	unplaced-scaffold	18904			HAP1_SCAFFOLD_5892
GCA_030435755.1	Primary Assembly	Un			JAUDYK010001332.1	Chromosome		NW_026697349.1	unplaced-scaffold	33045			HAP1_SCAFFOLD_4352
GCA_030435755.1	Primary Assembly	Un			JAUDYK010001333.1	Chromosome		NW_026697350.1	unplaced-scaffold	28657			HAP1_SCAFFOLD_5051
GCA_030435755.1	Primary Assembly	Un			JAUDYK010001334.1	Chromosome		NW_026697351.1	unplaced-scaffold	45104			HAP1_SCAFFOLD_2769
GCA_030435755.1	Primary Assembly	Un			JAUDYK010001335.1	Chromosome		NW_026697352.1	unplaced-scaffold	38030			HAP1_SCAFFOLD_3612
GCA_030435755.1	Primary Assembly	Un			JAUDYK010001336.1	Chromosome		NW_026697353.1	unplaced-scaffold	41862			HAP1_SCAFFOLD_3118
GCA_030435755.1	Primary Assembly	Un			JAUDYK010001337.1	Chromosome		NW_026697354.1	unplaced-scaffold	50678			HAP1_SCAFFOLD_2279
GCA_030435755.1	Primary Assembly	Un			JAUDYK010001338.1	Chromosome		NW_026697355.1	unplaced-scaffold	80737			HAP1_SCAFFOLD_1056
GCA_030435755.1	Primary Assembly	Un			JAUDYK010001339.1	Chromosome		NW_026697356.1	unplaced-scaffold	27082			HAP1_SCAFFOLD_5255
GCA_030435755.1	Primary Assembly	Un			JAUDYK010001340.1	Chromosome		NW_026697357.1	unplaced-scaffold	27244			HAP1_SCAFFOLD_5229
GCA_030435755.1	Primary Assembly	Un			JAUDYK010001341.1	Chromosome		NW_026697358.1	unplaced-scaffold	38829			HAP1_SCAFFOLD_3495
GCA_030435755.1	Primary Assembly	Un			JAUDYK010001342.1	Chromosome		NW_026697359.1	unplaced-scaffold	45685			HAP1_SCAFFOLD_2700
GCA_030435755.1	Primary Assembly	Un			JAUDYK010001343.1	Chromosome		NW_026697360.1	unplaced-scaffold	70637			HAP1_SCAFFOLD_1312
GCA_030435755.1	Primary Assembly	Un			JAUDYK010001344.1	Chromosome		NW_026697361.1	unplaced-scaffold	67692			HAP1_SCAFFOLD_1402
GCA_030435755.1	Primary Assembly	Un			JAUDYK010001345.1	Chromosome		NW_026697362.1	unplaced-scaffold	60476			HAP1_SCAFFOLD_1688
GCA_030435755.1	Primary Assembly	Un			JAUDYK010001346.1	Chromosome		NW_026697363.1	unplaced-scaffold	74844			HAP1_SCAFFOLD_1182
GCA_030435755.1	Primary Assembly	Un			JAUDYK010001347.1	Chromosome		NW_026697364.1	unplaced-scaffold	237871			HAP1_SCAFFOLD_217
GCA_030435755.1	Primary Assembly	Un			JAUDYK010001348.1	Chromosome		NW_026697365.1	unplaced-scaffold	57830			HAP1_SCAFFOLD_1811
GCA_030435755.1	Primary Assembly	Un			JAUDYK010001349.1	Chromosome		NW_026697366.1	unplaced-scaffold	58091			HAP1_SCAFFOLD_1799
GCA_030435755.1	Primary Assembly	Un			JAUDYK010001350.1	Chromosome		NW_026697367.1	unplaced-scaffold	106942			HAP1_SCAFFOLD_664
GCA_030435755.1	Primary Assembly	Un			JAUDYK010001351.1	Chromosome		NW_026697368.1	unplaced-scaffold	55267			HAP1_SCAFFOLD_1950
GCA_030435755.1	Primary Assembly	Un			JAUDYK010001352.1	Chromosome		NW_026697369.1	unplaced-scaffold	29356			HAP1_SCAFFOLD_4943
GCA_030435755.1	Primary Assembly	Un			JAUDYK010001353.1	Chromosome		NW_026697370.1	unplaced-scaffold	48763			HAP1_SCAFFOLD_2444
GCA_030435755.1	Primary Assembly	Un			JAUDYK010001354.1	Chromosome		NW_026697371.1	unplaced-scaffold	37517			HAP1_SCAFFOLD_3696
GCA_030435755.1	Primary Assembly	Un			JAUDYK010001355.1	Chromosome		NW_026697372.1	unplaced-scaffold	124637			HAP1_SCAFFOLD_512
GCA_030435755.1	Primary Assembly	Un			JAUDYK010001356.1	Chromosome		NW_026697373.1	unplaced-scaffold	67861			HAP1_SCAFFOLD_1396
GCA_030435755.1	Primary Assembly	Un			JAUDYK010001357.1	Chromosome		NW_026697374.1	unplaced-scaffold	55285			HAP1_SCAFFOLD_1947
GCA_030435755.1	Primary Assembly	Un			JAUDYK010001358.1	Chromosome		NW_026697375.1	unplaced-scaffold	42582			HAP1_SCAFFOLD_3031
GCA_030435755.1	Primary Assembly	Un			JAUDYK010001359.1	Chromosome		NW_026697376.1	unplaced-scaffold	39623			HAP1_SCAFFOLD_3388
GCA_030435755.1	Primary Assembly	Un			JAUDYK010001360.1	Chromosome		NW_026697377.1	unplaced-scaffold	46717			HAP1_SCAFFOLD_2598
GCA_030435755.1	Primary Assembly	Un			JAUDYK010001361.1	Chromosome		NW_026697378.1	unplaced-scaffold	25048			HAP1_SCAFFOLD_5512
GCA_030435755.1	Primary Assembly	Un			JAUDYK010001362.1	Chromosome		NW_026697379.1	unplaced-scaffold	72062			HAP1_SCAFFOLD_1260
GCA_030435755.1	Primary Assembly	Un			JAUDYK010001363.1	Chromosome		NW_026697380.1	unplaced-scaffold	48881			HAP1_SCAFFOLD_2430
GCA_030435755.1	Primary Assembly	Un			JAUDYK010001364.1	Chromosome		NW_026697381.1	unplaced-scaffold	39046			HAP1_SCAFFOLD_3463
GCA_030435755.1	Primary Assembly	Un			JAUDYK010001365.1	Chromosome		NW_026697382.1	unplaced-scaffold	47128			HAP1_SCAFFOLD_2561
GCA_030435755.1	Primary Assembly	Un			JAUDYK010001366.1	Chromosome		NW_026697383.1	unplaced-scaffold	29819			HAP1_SCAFFOLD_4874
GCA_030435755.1	Primary Assembly	Un			JAUDYK010001367.1	Chromosome		NW_026697384.1	unplaced-scaffold	31858			HAP1_SCAFFOLD_4546
GCA_030435755.1	Primary Assembly	Un			JAUDYK010001368.1	Chromosome		NW_026697385.1	unplaced-scaffold	28491			HAP1_SCAFFOLD_5074
GCA_030435755.1	Primary Assembly	Un			JAUDYK010001369.1	Chromosome		NW_026697386.1	unplaced-scaffold	252771			HAP1_SCAFFOLD_199
GCA_030435755.1	Primary Assembly	Un			JAUDYK010001370.1	Chromosome		NW_026697387.1	unplaced-scaffold	77729			HAP1_SCAFFOLD_1123
GCA_030435755.1	Primary Assembly	Un			JAUDYK010001371.1	Chromosome		NW_026697388.1	unplaced-scaffold	36700			HAP1_SCAFFOLD_3825
GCA_030435755.1	Primary Assembly	Un			JAUDYK010001372.1	Chromosome		NW_026697389.1	unplaced-scaffold	39922			HAP1_SCAFFOLD_3349
GCA_030435755.1	Primary Assembly	Un			JAUDYK010001373.1	Chromosome		NW_026697390.1	unplaced-scaffold	59319			HAP1_SCAFFOLD_1732
GCA_030435755.1	Primary Assembly	Un			JAUDYK010001374.1	Chromosome		NW_026697391.1	unplaced-scaffold	105841			HAP1_SCAFFOLD_679
GCA_030435755.1	Primary Assembly	Un			JAUDYK010001375.1	Chromosome		NW_026697392.1	unplaced-scaffold	61272			HAP1_SCAFFOLD_1649
GCA_030435755.1	Primary Assembly	Un			JAUDYK010001376.1	Chromosome		NW_026697393.1	unplaced-scaffold	54179			HAP1_SCAFFOLD_2024
GCA_030435755.1	Primary Assembly	Un			JAUDYK010001377.1	Chromosome		NW_026697394.1	unplaced-scaffold	34550			HAP1_SCAFFOLD_4127
GCA_030435755.1	Primary Assembly	Un			JAUDYK010001378.1	Chromosome		NW_026697395.1	unplaced-scaffold	36512			HAP1_SCAFFOLD_3859
GCA_030435755.1	Primary Assembly	Un			JAUDYK010001379.1	Chromosome		NW_026697396.1	unplaced-scaffold	37156			HAP1_SCAFFOLD_3746
GCA_030435755.1	Primary Assembly	Un			JAUDYK010001380.1	Chromosome		NW_026697397.1	unplaced-scaffold	24173			HAP1_SCAFFOLD_5596
GCA_030435755.1	Primary Assembly	Un			JAUDYK010001381.1	Chromosome		NW_026697398.1	unplaced-scaffold	62502			HAP1_SCAFFOLD_1591
GCA_030435755.1	Primary Assembly	Un			JAUDYK010001382.1	Chromosome		NW_026697399.1	unplaced-scaffold	35086			HAP1_SCAFFOLD_4039
GCA_030435755.1	Primary Assembly	Un			JAUDYK010001383.1	Chromosome		NW_026697400.1	unplaced-scaffold	25699			HAP1_SCAFFOLD_5422
GCA_030435755.1	Primary Assembly	Un			JAUDYK010001384.1	Chromosome		NW_026697401.1	unplaced-scaffold	50574			HAP1_SCAFFOLD_2290
GCA_030435755.1	Primary Assembly	Un			JAUDYK010001385.1	Chromosome		NW_026697402.1	unplaced-scaffold	44661			HAP1_SCAFFOLD_2818
GCA_030435755.1	Primary Assembly	Un			JAUDYK010001386.1	Chromosome		NW_026697403.1	unplaced-scaffold	45904			HAP1_SCAFFOLD_2681
GCA_030435755.1	Primary Assembly	Un			JAUDYK010001387.1	Chromosome		NW_026697404.1	unplaced-scaffold	362298			HAP1_SCAFFOLD_148
GCA_030435755.1	Primary Assembly	Un			JAUDYK010001388.1	Chromosome		NW_026697405.1	unplaced-scaffold	48379			HAP1_SCAFFOLD_2472
GCA_030435755.1	Primary Assembly	Un			JAUDYK010001389.1	Chromosome		NW_026697406.1	unplaced-scaffold	88850			HAP1_SCAFFOLD_906
GCA_030435755.1	Primary Assembly	Un			JAUDYK010001390.1	Chromosome		NW_026697407.1	unplaced-scaffold	26185			HAP1_SCAFFOLD_5368
GCA_030435755.1	Primary Assembly	Un			JAUDYK010001391.1	Chromosome		NW_026697408.1	unplaced-scaffold	58577			HAP1_SCAFFOLD_1770
GCA_030435755.1	Primary Assembly	Un			JAUDYK010001392.1	Chromosome		NW_026697409.1	unplaced-scaffold	73701			HAP1_SCAFFOLD_1209
GCA_030435755.1	Primary Assembly	Un			JAUDYK010001393.1	Chromosome		NW_026697410.1	unplaced-scaffold	183145			HAP1_SCAFFOLD_296
GCA_030435755.1	Primary Assembly	Un			JAUDYK010001394.1	Chromosome		NW_026697411.1	unplaced-scaffold	152153			HAP1_SCAFFOLD_387
GCA_030435755.1	Primary Assembly	Un			JAUDYK010001395.1	Chromosome		NW_026697412.1	unplaced-scaffold	20164			HAP1_SCAFFOLD_5839
GCA_030435755.1	Primary Assembly	Un			JAUDYK010001396.1	Chromosome		NW_026697413.1	unplaced-scaffold	30292			HAP1_SCAFFOLD_4803
GCA_030435755.1	Primary Assembly	Un			JAUDYK010001397.1	Chromosome		NW_026697414.1	unplaced-scaffold	54169			HAP1_SCAFFOLD_2025
GCA_030435755.1	Primary Assembly	Un			JAUDYK010001398.1	Chromosome		NW_026697415.1	unplaced-scaffold	38116			HAP1_SCAFFOLD_3600
GCA_030435755.1	Primary Assembly	Un			JAUDYK010001399.1	Chromosome		NW_026697416.1	unplaced-scaffold	27911			HAP1_SCAFFOLD_5151
GCA_030435755.1	Primary Assembly	Un			JAUDYK010001400.1	Chromosome		NW_026697417.1	unplaced-scaffold	89511			HAP1_SCAFFOLD_889
GCA_030435755.1	Primary Assembly	Un			JAUDYK010001401.1	Chromosome		NW_026697418.1	unplaced-scaffold	53588			HAP1_SCAFFOLD_2059
GCA_030435755.1	Primary Assembly	Un			JAUDYK010001402.1	Chromosome		NW_026697419.1	unplaced-scaffold	21964			HAP1_SCAFFOLD_5761
GCA_030435755.1	Primary Assembly	Un			JAUDYK010001403.1	Chromosome		NW_026697420.1	unplaced-scaffold	71116			HAP1_SCAFFOLD_1300
GCA_030435755.1	Primary Assembly	Un			JAUDYK010001404.1	Chromosome		NW_026697421.1	unplaced-scaffold	28483			HAP1_SCAFFOLD_5075
GCA_030435755.1	Primary Assembly	Un			JAUDYK010001405.1	Chromosome		NW_026697422.1	unplaced-scaffold	34637			HAP1_SCAFFOLD_4116
GCA_030435755.1	Primary Assembly	Un			JAUDYK010001406.1	Chromosome		NW_026697423.1	unplaced-scaffold	71708			HAP1_SCAFFOLD_1276
GCA_030435755.1	Primary Assembly	Un			JAUDYK010001407.1	Chromosome		NW_026697424.1	unplaced-scaffold	57929			HAP1_SCAFFOLD_1807
GCA_030435755.1	Primary Assembly	Un			JAUDYK010001408.1	Chromosome		NW_026697425.1	unplaced-scaffold	36700			HAP1_SCAFFOLD_3824
GCA_030435755.1	Primary Assembly	Un			JAUDYK010001409.1	Chromosome		NW_026697426.1	unplaced-scaffold	45602			HAP1_SCAFFOLD_2712
GCA_030435755.1	Primary Assembly	Un			JAUDYK010001410.1	Chromosome		NW_026697427.1	unplaced-scaffold	27197			HAP1_SCAFFOLD_5237
GCA_030435755.1	Primary Assembly	Un			JAUDYK010001411.1	Chromosome		NW_026697428.1	unplaced-scaffold	38209			HAP1_SCAFFOLD_3589
GCA_030435755.1	Primary Assembly	Un			JAUDYK010001412.1	Chromosome		NW_026697429.1	unplaced-scaffold	49174			HAP1_SCAFFOLD_2399
GCA_030435755.1	Primary Assembly	Un			JAUDYK010001413.1	Chromosome		NW_026697430.1	unplaced-scaffold	41084			HAP1_SCAFFOLD_3213
GCA_030435755.1	Primary Assembly	Un			JAUDYK010001414.1	Chromosome		NW_026697431.1	unplaced-scaffold	23593			HAP1_SCAFFOLD_5648
GCA_030435755.1	Primary Assembly	Un			JAUDYK010001415.1	Chromosome		NW_026697432.1	unplaced-scaffold	27971			HAP1_SCAFFOLD_5142
GCA_030435755.1	Primary Assembly	Un			JAUDYK010001416.1	Chromosome		NW_026697433.1	unplaced-scaffold	67540			HAP1_SCAFFOLD_1410
GCA_030435755.1	Primary Assembly	Un			JAUDYK010001417.1	Chromosome		NW_026697434.1	unplaced-scaffold	29808			HAP1_SCAFFOLD_4875
GCA_030435755.1	Primary Assembly	Un			JAUDYK010001418.1	Chromosome		NW_026697435.1	unplaced-scaffold	32866			HAP1_SCAFFOLD_4386
GCA_030435755.1	Primary Assembly	Un			JAUDYK010001419.1	Chromosome		NW_026697436.1	unplaced-scaffold	95439			HAP1_SCAFFOLD_804
GCA_030435755.1	Primary Assembly	Un			JAUDYK010001420.1	Chromosome		NW_026697437.1	unplaced-scaffold	44811			HAP1_SCAFFOLD_2796
GCA_030435755.1	Primary Assembly	Un			JAUDYK010001421.1	Chromosome		NW_026697438.1	unplaced-scaffold	41363			HAP1_SCAFFOLD_3177
GCA_030435755.1	Primary Assembly	Un			JAUDYK010001422.1	Chromosome		NW_026697439.1	unplaced-scaffold	30414			HAP1_SCAFFOLD_4789
GCA_030435755.1	Primary Assembly	Un			JAUDYK010001423.1	Chromosome		NW_026697440.1	unplaced-scaffold	34124			HAP1_SCAFFOLD_4192
GCA_030435755.1	Primary Assembly	Un			JAUDYK010001424.1	Chromosome		NW_026697441.1	unplaced-scaffold	31051			HAP1_SCAFFOLD_4698
GCA_030435755.1	Primary Assembly	Un			JAUDYK010001425.1	Chromosome		NW_026697442.1	unplaced-scaffold	29019			HAP1_SCAFFOLD_5003
GCA_030435755.1	Primary Assembly	Un			JAUDYK010001426.1	Chromosome		NW_026697443.1	unplaced-scaffold	125833			HAP1_SCAFFOLD_502
GCA_030435755.1	Primary Assembly	Un			JAUDYK010001427.1	Chromosome		NW_026697444.1	unplaced-scaffold	29639			HAP1_SCAFFOLD_4902
GCA_030435755.1	Primary Assembly	Un			JAUDYK010001428.1	Chromosome		NW_026697445.1	unplaced-scaffold	40843			HAP1_SCAFFOLD_3240
GCA_030435755.1	Primary Assembly	Un			JAUDYK010001429.1	Chromosome		NW_026697446.1	unplaced-scaffold	25164			HAP1_SCAFFOLD_5497
GCA_030435755.1	Primary Assembly	Un			JAUDYK010001430.1	Chromosome		NW_026697447.1	unplaced-scaffold	32442			HAP1_SCAFFOLD_4450
GCA_030435755.1	Primary Assembly	Un			JAUDYK010001431.1	Chromosome		NW_026697448.1	unplaced-scaffold	66522			HAP1_SCAFFOLD_1443
GCA_030435755.1	Primary Assembly	Un			JAUDYK010001432.1	Chromosome		NW_026697449.1	unplaced-scaffold	41747			HAP1_SCAFFOLD_3131
GCA_030435755.1	Primary Assembly	Un			JAUDYK010001433.1	Chromosome		NW_026697450.1	unplaced-scaffold	83550			HAP1_SCAFFOLD_997
GCA_030435755.1	Primary Assembly	Un			JAUDYK010001434.1	Chromosome		NW_026697451.1	unplaced-scaffold	248460			HAP1_SCAFFOLD_207
GCA_030435755.1	Primary Assembly	Un			JAUDYK010001435.1	Chromosome		NW_026697452.1	unplaced-scaffold	79108			HAP1_SCAFFOLD_1082
GCA_030435755.1	Primary Assembly	Un			JAUDYK010001436.1	Chromosome		NW_026697453.1	unplaced-scaffold	32465			HAP1_SCAFFOLD_4447
GCA_030435755.1	Primary Assembly	Un			JAUDYK010001437.1	Chromosome		NW_026697454.1	unplaced-scaffold	40708			HAP1_SCAFFOLD_3257
GCA_030435755.1	Primary Assembly	Un			JAUDYK010001438.1	Chromosome		NW_026697455.1	unplaced-scaffold	37682			HAP1_SCAFFOLD_3669
GCA_030435755.1	Primary Assembly	Un			JAUDYK010001439.1	Chromosome		NW_026697456.1	unplaced-scaffold	57290			HAP1_SCAFFOLD_1838
GCA_030435755.1	Primary Assembly	Un			JAUDYK010001440.1	Chromosome		NW_026697457.1	unplaced-scaffold	27422			HAP1_SCAFFOLD_5208
GCA_030435755.1	Primary Assembly	Un			JAUDYK010001441.1	Chromosome		NW_026697458.1	unplaced-scaffold	26941			HAP1_SCAFFOLD_5271
GCA_030435755.1	Primary Assembly	Un			JAUDYK010001442.1	Chromosome		NW_026697459.1	unplaced-scaffold	58655			HAP1_SCAFFOLD_1766
GCA_030435755.1	Primary Assembly	Un			JAUDYK010001443.1	Chromosome		NW_026697460.1	unplaced-scaffold	42677			HAP1_SCAFFOLD_3018
GCA_030435755.1	Primary Assembly	Un			JAUDYK010001444.1	Chromosome		NW_026697461.1	unplaced-scaffold	64321			HAP1_SCAFFOLD_1520
GCA_030435755.1	Primary Assembly	Un			JAUDYK010001445.1	Chromosome		NW_026697462.1	unplaced-scaffold	76281			HAP1_SCAFFOLD_1156
GCA_030435755.1	Primary Assembly	Un			JAUDYK010001446.1	Chromosome		NW_026697463.1	unplaced-scaffold	51341			HAP1_SCAFFOLD_2221
GCA_030435755.1	Primary Assembly	Un			JAUDYK010001447.1	Chromosome		NW_026697464.1	unplaced-scaffold	130200			HAP1_SCAFFOLD_482
GCA_030435755.1	Primary Assembly	Un			JAUDYK010001448.1	Chromosome		NW_026697465.1	unplaced-scaffold	68516			HAP1_SCAFFOLD_1369
GCA_030435755.1	Primary Assembly	Un			JAUDYK010001449.1	Chromosome		NW_026697466.1	unplaced-scaffold	136288			HAP1_SCAFFOLD_449
GCA_030435755.1	Primary Assembly	Un			JAUDYK010001450.1	Chromosome		NW_026697467.1	unplaced-scaffold	36951			HAP1_SCAFFOLD_3781
GCA_030435755.1	Primary Assembly	Un			JAUDYK010001451.1	Chromosome		NW_026697468.1	unplaced-scaffold	52794			HAP1_SCAFFOLD_2124
GCA_030435755.1	Primary Assembly	Un			JAUDYK010001452.1	Chromosome		NW_026697469.1	unplaced-scaffold	35253			HAP1_SCAFFOLD_4027
GCA_030435755.1	Primary Assembly	Un			JAUDYK010001453.1	Chromosome		NW_026697470.1	unplaced-scaffold	27734			HAP1_SCAFFOLD_5174
GCA_030435755.1	Primary Assembly	Un			JAUDYK010001454.1	Chromosome		NW_026697471.1	unplaced-scaffold	82177			HAP1_SCAFFOLD_1023
GCA_030435755.1	Primary Assembly	Un			JAUDYK010001455.1	Chromosome		NW_026697472.1	unplaced-scaffold	35569			HAP1_SCAFFOLD_3984
GCA_030435755.1	Primary Assembly	Un			JAUDYK010001456.1	Chromosome		NW_026697473.1	unplaced-scaffold	121146			HAP1_SCAFFOLD_544
GCA_030435755.1	Primary Assembly	Un			JAUDYK010001457.1	Chromosome		NW_026697474.1	unplaced-scaffold	31657			HAP1_SCAFFOLD_4581
GCA_030435755.1	Primary Assembly	Un			JAUDYK010001458.1	Chromosome		NW_026697475.1	unplaced-scaffold	44145			HAP1_SCAFFOLD_2877
GCA_030435755.1	Primary Assembly	Un			JAUDYK010001459.1	Chromosome		NW_026697476.1	unplaced-scaffold	35718			HAP1_SCAFFOLD_3967
GCA_030435755.1	Primary Assembly	Un			JAUDYK010001460.1	Chromosome		NW_026697477.1	unplaced-scaffold	91458			HAP1_SCAFFOLD_851
GCA_030435755.1	Primary Assembly	Un			JAUDYK010001461.1	Chromosome		NW_026697478.1	unplaced-scaffold	51513			HAP1_SCAFFOLD_2206
GCA_030435755.1	Primary Assembly	Un			JAUDYK010001462.1	Chromosome		NW_026697479.1	unplaced-scaffold	110218			HAP1_SCAFFOLD_636
GCA_030435755.1	Primary Assembly	Un			JAUDYK010001463.1	Chromosome		NW_026697480.1	unplaced-scaffold	49501			HAP1_SCAFFOLD_2370
GCA_030435755.1	Primary Assembly	Un			JAUDYK010001464.1	Chromosome		NW_026697481.1	unplaced-scaffold	100197			HAP1_SCAFFOLD_732
GCA_030435755.1	Primary Assembly	Un			JAUDYK010001465.1	Chromosome		NW_026697482.1	unplaced-scaffold	20360			HAP1_SCAFFOLD_5827
GCA_030435755.1	Primary Assembly	Un			JAUDYK010001466.1	Chromosome		NW_026697483.1	unplaced-scaffold	24449			HAP1_SCAFFOLD_5569
GCA_030435755.1	Primary Assembly	Un			JAUDYK010001467.1	Chromosome		NW_026697484.1	unplaced-scaffold	40881			HAP1_SCAFFOLD_3234
GCA_030435755.1	Primary Assembly	Un			JAUDYK010001468.1	Chromosome		NW_026697485.1	unplaced-scaffold	26547			HAP1_SCAFFOLD_5320
GCA_030435755.1	Primary Assembly	Un			JAUDYK010001469.1	Chromosome		NW_026697486.1	unplaced-scaffold	73255			HAP1_SCAFFOLD_1228
GCA_030435755.1	Primary Assembly	Un			JAUDYK010001470.1	Chromosome		NW_026697487.1	unplaced-scaffold	85044			HAP1_SCAFFOLD_975
GCA_030435755.1	Primary Assembly	Un			JAUDYK010001471.1	Chromosome		NW_026697488.1	unplaced-scaffold	99046			HAP1_SCAFFOLD_750
GCA_030435755.1	Primary Assembly	Un			JAUDYK010001472.1	Chromosome		NW_026697489.1	unplaced-scaffold	88504			HAP1_SCAFFOLD_916
GCA_030435755.1	Primary Assembly	Un			JAUDYK010001473.1	Chromosome		NW_026697490.1	unplaced-scaffold	142771			HAP1_SCAFFOLD_423
GCA_030435755.1	Primary Assembly	Un			JAUDYK010001474.1	Chromosome		NW_026697491.1	unplaced-scaffold	44553			HAP1_SCAFFOLD_2831
GCA_030435755.1	Primary Assembly	Un			JAUDYK010001475.1	Chromosome		NW_026697492.1	unplaced-scaffold	31306			HAP1_SCAFFOLD_4661
GCA_030435755.1	Primary Assembly	Un			JAUDYK010001476.1	Chromosome		NW_026697493.1	unplaced-scaffold	25133			HAP1_SCAFFOLD_5500
GCA_030435755.1	Primary Assembly	Un			JAUDYK010001477.1	Chromosome		NW_026697494.1	unplaced-scaffold	48761			HAP1_SCAFFOLD_2445
GCA_030435755.1	Primary Assembly	Un			JAUDYK010001478.1	Chromosome		NW_026697495.1	unplaced-scaffold	38840			HAP1_SCAFFOLD_3494
GCA_030435755.1	Primary Assembly	Un			JAUDYK010001479.1	Chromosome		NW_026697496.1	unplaced-scaffold	46245			HAP1_SCAFFOLD_2646
GCA_030435755.1	Primary Assembly	Un			JAUDYK010001480.1	Chromosome		NW_026697497.1	unplaced-scaffold	50049			HAP1_SCAFFOLD_2332
GCA_030435755.1	Primary Assembly	Un			JAUDYK010001481.1	Chromosome		NW_026697498.1	unplaced-scaffold	578658			HAP1_SCAFFOLD_100
GCA_030435755.1	Primary Assembly	Un			JAUDYK010001482.1	Chromosome		NW_026697499.1	unplaced-scaffold	30717			HAP1_SCAFFOLD_4748
GCA_030435755.1	Primary Assembly	Un			JAUDYK010001483.1	Chromosome		NW_026697500.1	unplaced-scaffold	21038			HAP1_SCAFFOLD_5798
GCA_030435755.1	Primary Assembly	Un			JAUDYK010001484.1	Chromosome		NW_026697501.1	unplaced-scaffold	34455			HAP1_SCAFFOLD_4139
GCA_030435755.1	Primary Assembly	Un			JAUDYK010001485.1	Chromosome		NW_026697502.1	unplaced-scaffold	23044			HAP1_SCAFFOLD_5689
GCA_030435755.1	Primary Assembly	Un			JAUDYK010001486.1	Chromosome		NW_026697503.1	unplaced-scaffold	27083			HAP1_SCAFFOLD_5254
GCA_030435755.1	Primary Assembly	Un			JAUDYK010001487.1	Chromosome		NW_026697504.1	unplaced-scaffold	91982			HAP1_SCAFFOLD_842
GCA_030435755.1	Primary Assembly	Un			JAUDYK010001488.1	Chromosome		NW_026697505.1	unplaced-scaffold	38429			HAP1_SCAFFOLD_3548
GCA_030435755.1	Primary Assembly	Un			JAUDYK010001489.1	Chromosome		NW_026697506.1	unplaced-scaffold	126234			HAP1_SCAFFOLD_498
GCA_030435755.1	Primary Assembly	Un			JAUDYK010001490.1	Chromosome		NW_026697507.1	unplaced-scaffold	48418			HAP1_SCAFFOLD_2469
GCA_030435755.1	Primary Assembly	Un			JAUDYK010001491.1	Chromosome		NW_026697508.1	unplaced-scaffold	20821			HAP1_SCAFFOLD_5809
GCA_030435755.1	Primary Assembly	Un			JAUDYK010001492.1	Chromosome		NW_026697509.1	unplaced-scaffold	72832			HAP1_SCAFFOLD_1239
GCA_030435755.1	Primary Assembly	Un			JAUDYK010001493.1	Chromosome		NW_026697510.1	unplaced-scaffold	21447			HAP1_SCAFFOLD_5783
GCA_030435755.1	Primary Assembly	Un			JAUDYK010001494.1	Chromosome		NW_026697511.1	unplaced-scaffold	49929			HAP1_SCAFFOLD_2343
GCA_030435755.1	Primary Assembly	Un			JAUDYK010001495.1	Chromosome		NW_026697512.1	unplaced-scaffold	35360			HAP1_SCAFFOLD_4009
GCA_030435755.1	Primary Assembly	Un			JAUDYK010001496.1	Chromosome		NW_026697513.1	unplaced-scaffold	31451			HAP1_SCAFFOLD_4622
GCA_030435755.1	Primary Assembly	Un			JAUDYK010001497.1	Chromosome		NW_026697514.1	unplaced-scaffold	34546			HAP1_SCAFFOLD_4128
GCA_030435755.1	Primary Assembly	Un			JAUDYK010001498.1	Chromosome		NW_026697515.1	unplaced-scaffold	54697			HAP1_SCAFFOLD_1989
GCA_030435755.1	Primary Assembly	Un			JAUDYK010001499.1	Chromosome		NW_026697516.1	unplaced-scaffold	44358			HAP1_SCAFFOLD_2853
GCA_030435755.1	Primary Assembly	Un			JAUDYK010001500.1	Chromosome		NW_026697517.1	unplaced-scaffold	202504			HAP1_SCAFFOLD_254
GCA_030435755.1	Primary Assembly	Un			JAUDYK010001501.1	Chromosome		NW_026697518.1	unplaced-scaffold	508634			HAP1_SCAFFOLD_113
GCA_030435755.1	Primary Assembly	Un			JAUDYK010001502.1	Chromosome		NW_026697519.1	unplaced-scaffold	90939			HAP1_SCAFFOLD_857
GCA_030435755.1	Primary Assembly	Un			JAUDYK010001503.1	Chromosome		NW_026697520.1	unplaced-scaffold	45344			HAP1_SCAFFOLD_2744
GCA_030435755.1	Primary Assembly	Un			JAUDYK010001504.1	Chromosome		NW_026697521.1	unplaced-scaffold	26016			HAP1_SCAFFOLD_5384
GCA_030435755.1	Primary Assembly	Un			JAUDYK010001505.1	Chromosome		NW_026697522.1	unplaced-scaffold	50313			HAP1_SCAFFOLD_2310
GCA_030435755.1	Primary Assembly	Un			JAUDYK010001506.1	Chromosome		NW_026697523.1	unplaced-scaffold	44666			HAP1_SCAFFOLD_2817
GCA_030435755.1	Primary Assembly	Un			JAUDYK010001507.1	Chromosome		NW_026697524.1	unplaced-scaffold	34962			HAP1_SCAFFOLD_4060
GCA_030435755.1	Primary Assembly	Un			JAUDYK010001508.1	Chromosome		NW_026697525.1	unplaced-scaffold	60249			HAP1_SCAFFOLD_1702
GCA_030435755.1	Primary Assembly	Un			JAUDYK010001509.1	Chromosome		NW_026697526.1	unplaced-scaffold	42622			HAP1_SCAFFOLD_3026
GCA_030435755.1	Primary Assembly	Un			JAUDYK010001510.1	Chromosome		NW_026697527.1	unplaced-scaffold	64887			HAP1_SCAFFOLD_1499
GCA_030435755.1	Primary Assembly	Un			JAUDYK010001511.1	Chromosome		NW_026697528.1	unplaced-scaffold	43387			HAP1_SCAFFOLD_2941
GCA_030435755.1	Primary Assembly	Un			JAUDYK010001512.1	Chromosome		NW_026697529.1	unplaced-scaffold	36033			HAP1_SCAFFOLD_3920
GCA_030435755.1	Primary Assembly	Un			JAUDYK010001513.1	Chromosome		NW_026697530.1	unplaced-scaffold	29226			HAP1_SCAFFOLD_4966
GCA_030435755.1	Primary Assembly	Un			JAUDYK010001514.1	Chromosome		NW_026697531.1	unplaced-scaffold	31574			HAP1_SCAFFOLD_4595
GCA_030435755.1	Primary Assembly	Un			JAUDYK010001515.1	Chromosome		NW_026697532.1	unplaced-scaffold	105675			HAP1_SCAFFOLD_682
GCA_030435755.1	Primary Assembly	Un			JAUDYK010001516.1	Chromosome		NW_026697533.1	unplaced-scaffold	43240			HAP1_SCAFFOLD_2952
GCA_030435755.1	Primary Assembly	Un			JAUDYK010001517.1	Chromosome		NW_026697534.1	unplaced-scaffold	19665			HAP1_SCAFFOLD_5860
GCA_030435755.1	Primary Assembly	Un			JAUDYK010001518.1	Chromosome		NW_026697535.1	unplaced-scaffold	51998			HAP1_SCAFFOLD_2180
GCA_030435755.1	Primary Assembly	Un			JAUDYK010001519.1	Chromosome		NW_026697536.1	unplaced-scaffold	24746			HAP1_SCAFFOLD_5545
GCA_030435755.1	Primary Assembly	Un			JAUDYK010001520.1	Chromosome		NW_026697537.1	unplaced-scaffold	28156			HAP1_SCAFFOLD_5114
GCA_030435755.1	Primary Assembly	Un			JAUDYK010001521.1	Chromosome		NW_026697538.1	unplaced-scaffold	26193			HAP1_SCAFFOLD_5367
GCA_030435755.1	Primary Assembly	Un			JAUDYK010001522.1	Chromosome		NW_026697539.1	unplaced-scaffold	96717			HAP1_SCAFFOLD_786
GCA_030435755.1	Primary Assembly	Un			JAUDYK010001523.1	Chromosome		NW_026697540.1	unplaced-scaffold	49174			HAP1_SCAFFOLD_2400
GCA_030435755.1	Primary Assembly	Un			JAUDYK010001524.1	Chromosome		NW_026697541.1	unplaced-scaffold	36881			HAP1_SCAFFOLD_3795
GCA_030435755.1	Primary Assembly	Un			JAUDYK010001525.1	Chromosome		NW_026697542.1	unplaced-scaffold	27404			HAP1_SCAFFOLD_5211
GCA_030435755.1	Primary Assembly	Un			JAUDYK010001526.1	Chromosome		NW_026697543.1	unplaced-scaffold	66758			HAP1_SCAFFOLD_1432
GCA_030435755.1	Primary Assembly	Un			JAUDYK010001527.1	Chromosome		NW_026697544.1	unplaced-scaffold	50866			HAP1_SCAFFOLD_2262
GCA_030435755.1	Primary Assembly	Un			JAUDYK010001528.1	Chromosome		NW_026697545.1	unplaced-scaffold	62689			HAP1_SCAFFOLD_1584
GCA_030435755.1	Primary Assembly	Un			JAUDYK010001529.1	Chromosome		NW_026697546.1	unplaced-scaffold	39156			HAP1_SCAFFOLD_3446
GCA_030435755.1	Primary Assembly	Un			JAUDYK010001530.1	Chromosome		NW_026697547.1	unplaced-scaffold	45727			HAP1_SCAFFOLD_2694
GCA_030435755.1	Primary Assembly	Un			JAUDYK010001531.1	Chromosome		NW_026697548.1	unplaced-scaffold	109078			HAP1_SCAFFOLD_649
GCA_030435755.1	Primary Assembly	Un			JAUDYK010001532.1	Chromosome		NW_026697549.1	unplaced-scaffold	42800			HAP1_SCAFFOLD_3001
GCA_030435755.1	Primary Assembly	Un			JAUDYK010001533.1	Chromosome		NW_026697550.1	unplaced-scaffold	42172			HAP1_SCAFFOLD_3078
GCA_030435755.1	Primary Assembly	Un			JAUDYK010001534.1	Chromosome		NW_026697551.1	unplaced-scaffold	33687			HAP1_SCAFFOLD_4256
GCA_030435755.1	Primary Assembly	Un			JAUDYK010001535.1	Chromosome		NW_026697552.1	unplaced-scaffold	57002			HAP1_SCAFFOLD_1855
GCA_030435755.1	Primary Assembly	Un			JAUDYK010001536.1	Chromosome		NW_026697553.1	unplaced-scaffold	83760			HAP1_SCAFFOLD_991
GCA_030435755.1	Primary Assembly	Un			JAUDYK010001537.1	Chromosome		NW_026697554.1	unplaced-scaffold	37812			HAP1_SCAFFOLD_3645
GCA_030435755.1	Primary Assembly	Un			JAUDYK010001538.1	Chromosome		NW_026697555.1	unplaced-scaffold	41597			HAP1_SCAFFOLD_3153
GCA_030435755.1	Primary Assembly	Un			JAUDYK010001539.1	Chromosome		NW_026697556.1	unplaced-scaffold	31741			HAP1_SCAFFOLD_4563
GCA_030435755.1	Primary Assembly	Un			JAUDYK010001540.1	Chromosome		NW_026697557.1	unplaced-scaffold	69151			HAP1_SCAFFOLD_1345
GCA_030435755.1	Primary Assembly	Un			JAUDYK010001541.1	Chromosome		NW_026697558.1	unplaced-scaffold	57508			HAP1_SCAFFOLD_1829
GCA_030435755.1	Primary Assembly	Un			JAUDYK010001542.1	Chromosome		NW_026697559.1	unplaced-scaffold	63125			HAP1_SCAFFOLD_1567
GCA_030435755.1	Primary Assembly	Un			JAUDYK010001543.1	Chromosome		NW_026697560.1	unplaced-scaffold	45487			HAP1_SCAFFOLD_2730
GCA_030435755.1	Primary Assembly	Un			JAUDYK010001544.1	Chromosome		NW_026697561.1	unplaced-scaffold	139506			HAP1_SCAFFOLD_436
GCA_030435755.1	Primary Assembly	Un			JAUDYK010001545.1	Chromosome		NW_026697562.1	unplaced-scaffold	37028			HAP1_SCAFFOLD_3763
GCA_030435755.1	Primary Assembly	Un			JAUDYK010001546.1	Chromosome		NW_026697563.1	unplaced-scaffold	251205			HAP1_SCAFFOLD_201
GCA_030435755.1	Primary Assembly	Un			JAUDYK010001547.1	Chromosome		NW_026697564.1	unplaced-scaffold	30215			HAP1_SCAFFOLD_4815
GCA_030435755.1	Primary Assembly	Un			JAUDYK010001548.1	Chromosome		NW_026697565.1	unplaced-scaffold	65774			HAP1_SCAFFOLD_1470
GCA_030435755.1	Primary Assembly	Un			JAUDYK010001549.1	Chromosome		NW_026697566.1	unplaced-scaffold	60916			HAP1_SCAFFOLD_1664
GCA_030435755.1	Primary Assembly	Un			JAUDYK010001550.1	Chromosome		NW_026697567.1	unplaced-scaffold	111376			HAP1_SCAFFOLD_623
GCA_030435755.1	Primary Assembly	Un			JAUDYK010001551.1	Chromosome		NW_026697568.1	unplaced-scaffold	40572			HAP1_SCAFFOLD_3273
GCA_030435755.1	Primary Assembly	Un			JAUDYK010001552.1	Chromosome		NW_026697569.1	unplaced-scaffold	71330			HAP1_SCAFFOLD_1292
GCA_030435755.1	Primary Assembly	Un			JAUDYK010001553.1	Chromosome		NW_026697570.1	unplaced-scaffold	41862			HAP1_SCAFFOLD_3117
GCA_030435755.1	Primary Assembly	Un			JAUDYK010001554.1	Chromosome		NW_026697571.1	unplaced-scaffold	39845			HAP1_SCAFFOLD_3364
GCA_030435755.1	Primary Assembly	Un			JAUDYK010001555.1	Chromosome		NW_026697572.1	unplaced-scaffold	36329			HAP1_SCAFFOLD_3880
GCA_030435755.1	Primary Assembly	Un			JAUDYK010001556.1	Chromosome		NW_026697573.1	unplaced-scaffold	22613			HAP1_SCAFFOLD_5722
GCA_030435755.1	Primary Assembly	Un			JAUDYK010001557.1	Chromosome		NW_026697574.1	unplaced-scaffold	104391			HAP1_SCAFFOLD_698
GCA_030435755.1	Primary Assembly	Un			JAUDYK010001558.1	Chromosome		NW_026697575.1	unplaced-scaffold	41148			HAP1_SCAFFOLD_3205
GCA_030435755.1	Primary Assembly	Un			JAUDYK010001559.1	Chromosome		NW_026697576.1	unplaced-scaffold	55281			HAP1_SCAFFOLD_1948
GCA_030435755.1	Primary Assembly	Un			JAUDYK010001560.1	Chromosome		NW_026697577.1	unplaced-scaffold	28023			HAP1_SCAFFOLD_5133
GCA_030435755.1	Primary Assembly	Un			JAUDYK010001561.1	Chromosome		NW_026697578.1	unplaced-scaffold	31148			HAP1_SCAFFOLD_4683
GCA_030435755.1	Primary Assembly	Un			JAUDYK010001562.1	Chromosome		NW_026697579.1	unplaced-scaffold	39625			HAP1_SCAFFOLD_3387
GCA_030435755.1	Primary Assembly	Un			JAUDYK010001563.1	Chromosome		NW_026697580.1	unplaced-scaffold	46718			HAP1_SCAFFOLD_2597
GCA_030435755.1	Primary Assembly	Un			JAUDYK010001564.1	Chromosome		NW_026697581.1	unplaced-scaffold	287962			HAP1_SCAFFOLD_178
GCA_030435755.1	Primary Assembly	Un			JAUDYK010001565.1	Chromosome		NW_026697582.1	unplaced-scaffold	45071			HAP1_SCAFFOLD_2772
GCA_030435755.1	Primary Assembly	Un			JAUDYK010001566.1	Chromosome		NW_026697583.1	unplaced-scaffold	60504			HAP1_SCAFFOLD_1687
GCA_030435755.1	Primary Assembly	Un			JAUDYK010001567.1	Chromosome		NW_026697584.1	unplaced-scaffold	28897			HAP1_SCAFFOLD_5015
GCA_030435755.1	Primary Assembly	Un			JAUDYK010001568.1	Chromosome		NW_026697585.1	unplaced-scaffold	34208			HAP1_SCAFFOLD_4176
GCA_030435755.1	Primary Assembly	Un			JAUDYK010001569.1	Chromosome		NW_026697586.1	unplaced-scaffold	73597			HAP1_SCAFFOLD_1216
GCA_030435755.1	Primary Assembly	Un			JAUDYK010001570.1	Chromosome		NW_026697587.1	unplaced-scaffold	59878			HAP1_SCAFFOLD_1710
GCA_030435755.1	Primary Assembly	Un			JAUDYK010001571.1	Chromosome		NW_026697588.1	unplaced-scaffold	69191			HAP1_SCAFFOLD_1344
GCA_030435755.1	Primary Assembly	Un			JAUDYK010001572.1	Chromosome		NW_026697589.1	unplaced-scaffold	50390			HAP1_SCAFFOLD_2302
GCA_030435755.1	Primary Assembly	Un			JAUDYK010001573.1	Chromosome		NW_026697590.1	unplaced-scaffold	32220			HAP1_SCAFFOLD_4489
GCA_030435755.1	Primary Assembly	Un			JAUDYK010001574.1	Chromosome		NW_026697591.1	unplaced-scaffold	154558			HAP1_SCAFFOLD_381
GCA_030435755.1	Primary Assembly	Un			JAUDYK010001575.1	Chromosome		NW_026697592.1	unplaced-scaffold	34674			HAP1_SCAFFOLD_4109
GCA_030435755.1	Primary Assembly	Un			JAUDYK010001576.1	Chromosome		NW_026697593.1	unplaced-scaffold	57012			HAP1_SCAFFOLD_1854
GCA_030435755.1	Primary Assembly	Un			JAUDYK010001577.1	Chromosome		NW_026697594.1	unplaced-scaffold	35252			HAP1_SCAFFOLD_4028
GCA_030435755.1	Primary Assembly	Un			JAUDYK010001578.1	Chromosome		NW_026697595.1	unplaced-scaffold	48057			HAP1_SCAFFOLD_2496
GCA_030435755.1	Primary Assembly	Un			JAUDYK010001579.1	Chromosome		NW_026697596.1	unplaced-scaffold	37837			HAP1_SCAFFOLD_3644
GCA_030435755.1	Primary Assembly	Un			JAUDYK010001580.1	Chromosome		NW_026697597.1	unplaced-scaffold	45722			HAP1_SCAFFOLD_2695
GCA_030435755.1	Primary Assembly	Un			JAUDYK010001581.1	Chromosome		NW_026697598.1	unplaced-scaffold	20307			HAP1_SCAFFOLD_5828
GCA_030435755.1	Primary Assembly	Un			JAUDYK010001582.1	Chromosome		NW_026697599.1	unplaced-scaffold	44143			HAP1_SCAFFOLD_2878
GCA_030435755.1	Primary Assembly	Un			JAUDYK010001583.1	Chromosome		NW_026697600.1	unplaced-scaffold	35714			HAP1_SCAFFOLD_3968
GCA_030435755.1	Primary Assembly	Un			JAUDYK010001584.1	Chromosome		NW_026697601.1	unplaced-scaffold	143680			HAP1_SCAFFOLD_420
GCA_030435755.1	Primary Assembly	Un			JAUDYK010001585.1	Chromosome		NW_026697602.1	unplaced-scaffold	44785			HAP1_SCAFFOLD_2801
GCA_030435755.1	Primary Assembly	Un			JAUDYK010001586.1	Chromosome		NW_026697603.1	unplaced-scaffold	49069			HAP1_SCAFFOLD_2412
GCA_030435755.1	Primary Assembly	Un			JAUDYK010001587.1	Chromosome		NW_026697604.1	unplaced-scaffold	98887			HAP1_SCAFFOLD_753
GCA_030435755.1	Primary Assembly	Un			JAUDYK010001588.1	Chromosome		NW_026697605.1	unplaced-scaffold	25426			HAP1_SCAFFOLD_5461
GCA_030435755.1	Primary Assembly	Un			JAUDYK010001589.1	Chromosome		NW_026697606.1	unplaced-scaffold	62637			HAP1_SCAFFOLD_1585
GCA_030435755.1	Primary Assembly	Un			JAUDYK010001590.1	Chromosome		NW_026697607.1	unplaced-scaffold	24894			HAP1_SCAFFOLD_5530
GCA_030435755.1	Primary Assembly	Un			JAUDYK010001591.1	Chromosome		NW_026697608.1	unplaced-scaffold	66029			HAP1_SCAFFOLD_1466
GCA_030435755.1	Primary Assembly	Un			JAUDYK010001592.1	Chromosome		NW_026697609.1	unplaced-scaffold	53291			HAP1_SCAFFOLD_2080
GCA_030435755.1	Primary Assembly	Un			JAUDYK010001593.1	Chromosome		NW_026697610.1	unplaced-scaffold	28897			HAP1_SCAFFOLD_5014
GCA_030435755.1	Primary Assembly	Un			JAUDYK010001594.1	Chromosome		NW_026697611.1	unplaced-scaffold	51166			HAP1_SCAFFOLD_2236
GCA_030435755.1	Primary Assembly	Un			JAUDYK010001595.1	Chromosome		NW_026697612.1	unplaced-scaffold	33882			HAP1_SCAFFOLD_4223
GCA_030435755.1	Primary Assembly	Un			JAUDYK010001596.1	Chromosome		NW_026697613.1	unplaced-scaffold	73271			HAP1_SCAFFOLD_1227
GCA_030435755.1	Primary Assembly	Un			JAUDYK010001597.1	Chromosome		NW_026697614.1	unplaced-scaffold	41148			HAP1_SCAFFOLD_3204
GCA_030435755.1	Primary Assembly	Un			JAUDYK010001598.1	Chromosome		NW_026697615.1	unplaced-scaffold	117259			HAP1_SCAFFOLD_569
GCA_030435755.1	Primary Assembly	Un			JAUDYK010001599.1	Chromosome		NW_026697616.1	unplaced-scaffold	30711			HAP1_SCAFFOLD_4750
GCA_030435755.1	Primary Assembly	Un			JAUDYK010001600.1	Chromosome		NW_026697617.1	unplaced-scaffold	59053			HAP1_SCAFFOLD_1743
GCA_030435755.1	Primary Assembly	Un			JAUDYK010001601.1	Chromosome		NW_026697618.1	unplaced-scaffold	21045			HAP1_SCAFFOLD_5797
GCA_030435755.1	Primary Assembly	Un			JAUDYK010001602.1	Chromosome		NW_026697619.1	unplaced-scaffold	42940			HAP1_SCAFFOLD_2986
GCA_030435755.1	Primary Assembly	Un			JAUDYK010001603.1	Chromosome		NW_026697620.1	unplaced-scaffold	38432			HAP1_SCAFFOLD_3547
GCA_030435755.1	Primary Assembly	Un			JAUDYK010001604.1	Chromosome		NW_026697621.1	unplaced-scaffold	39842			HAP1_SCAFFOLD_3365
GCA_030435755.1	Primary Assembly	Un			JAUDYK010001605.1	Chromosome		NW_026697622.1	unplaced-scaffold	47707			HAP1_SCAFFOLD_2522
GCA_030435755.1	Primary Assembly	Un			JAUDYK010001606.1	Chromosome		NW_026697623.1	unplaced-scaffold	29030			HAP1_SCAFFOLD_4999
GCA_030435755.1	Primary Assembly	Un			JAUDYK010001607.1	Chromosome		NW_026697624.1	unplaced-scaffold	12751			HAP1_SCAFFOLD_5949
GCA_030435755.1	Primary Assembly	Un			JAUDYK010001608.1	Chromosome		NW_026697625.1	unplaced-scaffold	30216			HAP1_SCAFFOLD_4814
GCA_030435755.1	Primary Assembly	Un			JAUDYK010001609.1	Chromosome		NW_026697626.1	unplaced-scaffold	24418			HAP1_SCAFFOLD_5572
GCA_030435755.1	Primary Assembly	Un			JAUDYK010001610.1	Chromosome		NW_026697627.1	unplaced-scaffold	38427			HAP1_SCAFFOLD_3550
GCA_030435755.1	Primary Assembly	Un			JAUDYK010001611.1	Chromosome		NW_026697628.1	unplaced-scaffold	34332			HAP1_SCAFFOLD_4160
GCA_030435755.1	Primary Assembly	Un			JAUDYK010001612.1	Chromosome		NW_026697629.1	unplaced-scaffold	30724			HAP1_SCAFFOLD_4747
GCA_030435755.1	Primary Assembly	Un			JAUDYK010001613.1	Chromosome		NW_026697630.1	unplaced-scaffold	41798			HAP1_SCAFFOLD_3126
GCA_030435755.1	Primary Assembly	Un			JAUDYK010001614.1	Chromosome		NW_026697631.1	unplaced-scaffold	60856			HAP1_SCAFFOLD_1665
GCA_030435755.1	Primary Assembly	Un			JAUDYK010001615.1	Chromosome		NW_026697632.1	unplaced-scaffold	133348			HAP1_SCAFFOLD_464
GCA_030435755.1	Primary Assembly	Un			JAUDYK010001616.1	Chromosome		NW_026697633.1	unplaced-scaffold	27191			HAP1_SCAFFOLD_5238
GCA_030435755.1	Primary Assembly	Un			JAUDYK010001617.1	Chromosome		NW_026697634.1	unplaced-scaffold	33472			HAP1_SCAFFOLD_4282
GCA_030435755.1	Primary Assembly	Un			JAUDYK010001618.1	Chromosome		NW_026697635.1	unplaced-scaffold	57898			HAP1_SCAFFOLD_1808
GCA_030435755.1	Primary Assembly	Un			JAUDYK010001619.1	Chromosome		NW_026697636.1	unplaced-scaffold	246229			HAP1_SCAFFOLD_211
GCA_030435755.1	Primary Assembly	Un			JAUDYK010001620.1	Chromosome		NW_026697637.1	unplaced-scaffold	56775			HAP1_SCAFFOLD_1871
GCA_030435755.1	Primary Assembly	Un			JAUDYK010001621.1	Chromosome		NW_026697638.1	unplaced-scaffold	42368			HAP1_SCAFFOLD_3053
GCA_030435755.1	Primary Assembly	Un			JAUDYK010001622.1	Chromosome		NW_026697639.1	unplaced-scaffold	98207			HAP1_SCAFFOLD_765
GCA_030435755.1	Primary Assembly	Un			JAUDYK010001623.1	Chromosome		NW_026697640.1	unplaced-scaffold	29402			HAP1_SCAFFOLD_4932
GCA_030435755.1	Primary Assembly	Un			JAUDYK010001624.1	Chromosome		NW_026697641.1	unplaced-scaffold	51391			HAP1_SCAFFOLD_2219
GCA_030435755.1	Primary Assembly	Un			JAUDYK010001625.1	Chromosome		NW_026697642.1	unplaced-scaffold	31058			HAP1_SCAFFOLD_4697
GCA_030435755.1	Primary Assembly	Un			JAUDYK010001626.1	Chromosome		NW_026697643.1	unplaced-scaffold	37661			HAP1_SCAFFOLD_3672
GCA_030435755.1	Primary Assembly	Un			JAUDYK010001627.1	Chromosome		NW_026697644.1	unplaced-scaffold	41361			HAP1_SCAFFOLD_3178
GCA_030435755.1	Primary Assembly	Un			JAUDYK010001628.1	Chromosome		NW_026697645.1	unplaced-scaffold	23579			HAP1_SCAFFOLD_5650
GCA_030435755.1	Primary Assembly	Un			JAUDYK010001629.1	Chromosome		NW_026697646.1	unplaced-scaffold	41995			HAP1_SCAFFOLD_3101
GCA_030435755.1	Primary Assembly	Un			JAUDYK010001630.1	Chromosome		NW_026697647.1	unplaced-scaffold	130275			HAP1_SCAFFOLD_479
GCA_030435755.1	Primary Assembly	Un			JAUDYK010001631.1	Chromosome		NW_026697648.1	unplaced-scaffold	39610			HAP1_SCAFFOLD_3393
GCA_030435755.1	Primary Assembly	Un			JAUDYK010001632.1	Chromosome		NW_026697649.1	unplaced-scaffold	38932			HAP1_SCAFFOLD_3481
GCA_030435755.1	Primary Assembly	Un			JAUDYK010001633.1	Chromosome		NW_026697650.1	unplaced-scaffold	46860			HAP1_SCAFFOLD_2583
GCA_030435755.1	Primary Assembly	Un			JAUDYK010001634.1	Chromosome		NW_026697651.1	unplaced-scaffold	159362			HAP1_SCAFFOLD_359
GCA_030435755.1	Primary Assembly	Un			JAUDYK010001635.1	Chromosome		NW_026697652.1	unplaced-scaffold	68470			HAP1_SCAFFOLD_1372
GCA_030435755.1	Primary Assembly	Un			JAUDYK010001636.1	Chromosome		NW_026697653.1	unplaced-scaffold	219825			HAP1_SCAFFOLD_238
GCA_030435755.1	Primary Assembly	Un			JAUDYK010001637.1	Chromosome		NW_026697654.1	unplaced-scaffold	60415			HAP1_SCAFFOLD_1693
GCA_030435755.1	Primary Assembly	Un			JAUDYK010001638.1	Chromosome		NW_026697655.1	unplaced-scaffold	116520			HAP1_SCAFFOLD_574
GCA_030435755.1	Primary Assembly	Un			JAUDYK010001639.1	Chromosome		NW_026697656.1	unplaced-scaffold	23602			HAP1_SCAFFOLD_5647
GCA_030435755.1	Primary Assembly	Un			JAUDYK010001640.1	Chromosome		NW_026697657.1	unplaced-scaffold	32455			HAP1_SCAFFOLD_4448
GCA_030435755.1	Primary Assembly	Un			JAUDYK010001641.1	Chromosome		NW_026697658.1	unplaced-scaffold	40696			HAP1_SCAFFOLD_3258
GCA_030435755.1	Primary Assembly	Un			JAUDYK010001642.1	Chromosome		NW_026697659.1	unplaced-scaffold	36884			HAP1_SCAFFOLD_3794
GCA_030435755.1	Primary Assembly	Un			JAUDYK010001643.1	Chromosome		NW_026697660.1	unplaced-scaffold	34882			HAP1_SCAFFOLD_4076
GCA_030435755.1	Primary Assembly	Un			JAUDYK010001644.1	Chromosome		NW_026697661.1	unplaced-scaffold	28141			HAP1_SCAFFOLD_5115
GCA_030435755.1	Primary Assembly	Un			JAUDYK010001645.1	Chromosome		NW_026697662.1	unplaced-scaffold	24753			HAP1_SCAFFOLD_5544
GCA_030435755.1	Primary Assembly	Un			JAUDYK010001646.1	Chromosome		NW_026697663.1	unplaced-scaffold	31574			HAP1_SCAFFOLD_4594
GCA_030435755.1	Primary Assembly	Un			JAUDYK010001647.1	Chromosome		NW_026697664.1	unplaced-scaffold	35522			HAP1_SCAFFOLD_3991
GCA_030435755.1	Primary Assembly	Un			JAUDYK010001648.1	Chromosome		NW_026697665.1	unplaced-scaffold	90202			HAP1_SCAFFOLD_872
GCA_030435755.1	Primary Assembly	Un			JAUDYK010001649.1	Chromosome		NW_026697666.1	unplaced-scaffold	28774			HAP1_SCAFFOLD_5033
GCA_030435755.1	Primary Assembly	Un			JAUDYK010001650.1	Chromosome		NW_026697667.1	unplaced-scaffold	25135			HAP1_SCAFFOLD_5498
GCA_030435755.1	Primary Assembly	Un			JAUDYK010001651.1	Chromosome		NW_026697668.1	unplaced-scaffold	29193			HAP1_SCAFFOLD_4970
GCA_030435755.1	Primary Assembly	Un			JAUDYK010001652.1	Chromosome		NW_026697669.1	unplaced-scaffold	42678			HAP1_SCAFFOLD_3017
GCA_030435755.1	Primary Assembly	Un			JAUDYK010001653.1	Chromosome		NW_026697670.1	unplaced-scaffold	86840			HAP1_SCAFFOLD_945
GCA_030435755.1	Primary Assembly	Un			JAUDYK010001654.1	Chromosome		NW_026697671.1	unplaced-scaffold	30062			HAP1_SCAFFOLD_4833
GCA_030435755.1	Primary Assembly	Un			JAUDYK010001655.1	Chromosome		NW_026697672.1	unplaced-scaffold	44584			HAP1_SCAFFOLD_2826
GCA_030435755.1	Primary Assembly	Un			JAUDYK010001656.1	Chromosome		NW_026697673.1	unplaced-scaffold	46072			HAP1_SCAFFOLD_2663
GCA_030435755.1	Primary Assembly	Un			JAUDYK010001657.1	Chromosome		NW_026697674.1	unplaced-scaffold	37926			HAP1_SCAFFOLD_3630
GCA_030435755.1	Primary Assembly	Un			JAUDYK010001658.1	Chromosome		NW_026697675.1	unplaced-scaffold	25998			HAP1_SCAFFOLD_5385
GCA_030435755.1	Primary Assembly	Un			JAUDYK010001659.1	Chromosome		NW_026697676.1	unplaced-scaffold	19281			HAP1_SCAFFOLD_5876
GCA_030435755.1	Primary Assembly	Un			JAUDYK010001660.1	Chromosome		NW_026697677.1	unplaced-scaffold	70010			HAP1_SCAFFOLD_1330
GCA_030435755.1	Primary Assembly	Un			JAUDYK010001661.1	Chromosome		NW_026697678.1	unplaced-scaffold	45341			HAP1_SCAFFOLD_2745
GCA_030435755.1	Primary Assembly	Un			JAUDYK010001662.1	Chromosome		NW_026697679.1	unplaced-scaffold	27425			HAP1_SCAFFOLD_5207
GCA_030435755.1	Primary Assembly	Un			JAUDYK010001663.1	Chromosome		NW_026697680.1	unplaced-scaffold	57303			HAP1_SCAFFOLD_1837
GCA_030435755.1	Primary Assembly	Un			JAUDYK010001664.1	Chromosome		NW_026697681.1	unplaced-scaffold	39220			HAP1_SCAFFOLD_3437
GCA_030435755.1	Primary Assembly	Un			JAUDYK010001665.1	Chromosome		NW_026697682.1	unplaced-scaffold	26671			HAP1_SCAFFOLD_5303
GCA_030435755.1	Primary Assembly	Un			JAUDYK010001666.1	Chromosome		NW_026697683.1	unplaced-scaffold	56046			HAP1_SCAFFOLD_1906
GCA_030435755.1	Primary Assembly	Un			JAUDYK010001667.1	Chromosome		NW_026697684.1	unplaced-scaffold	89672			HAP1_SCAFFOLD_885
GCA_030435755.1	Primary Assembly	Un			JAUDYK010001668.1	Chromosome		NW_026697685.1	unplaced-scaffold	27554			HAP1_SCAFFOLD_5191
GCA_030435755.1	Primary Assembly	Un			JAUDYK010001669.1	Chromosome		NW_026697686.1	unplaced-scaffold	36070			HAP1_SCAFFOLD_3915
GCA_030435755.1	Primary Assembly	Un			JAUDYK010001670.1	Chromosome		NW_026697687.1	unplaced-scaffold	34437			HAP1_SCAFFOLD_4141
GCA_030435755.1	Primary Assembly	Un			JAUDYK010001671.1	Chromosome		NW_026697688.1	unplaced-scaffold	53014			HAP1_SCAFFOLD_2099
GCA_030435755.1	Primary Assembly	Un			JAUDYK010001672.1	Chromosome		NW_026697689.1	unplaced-scaffold	120722			HAP1_SCAFFOLD_550
GCA_030435755.1	Primary Assembly	Un			JAUDYK010001673.1	Chromosome		NW_026697690.1	unplaced-scaffold	33828			HAP1_SCAFFOLD_4230
GCA_030435755.1	Primary Assembly	Un			JAUDYK010001674.1	Chromosome		NW_026697691.1	unplaced-scaffold	92595			HAP1_SCAFFOLD_834
GCA_030435755.1	Primary Assembly	Un			JAUDYK010001675.1	Chromosome		NW_026697692.1	unplaced-scaffold	34807			HAP1_SCAFFOLD_4086
GCA_030435755.1	Primary Assembly	Un			JAUDYK010001676.1	Chromosome		NW_026697693.1	unplaced-scaffold	85457			HAP1_SCAFFOLD_964
GCA_030435755.1	Primary Assembly	Un			JAUDYK010001677.1	Chromosome		NW_026697694.1	unplaced-scaffold	26086			HAP1_SCAFFOLD_5375
GCA_030435755.1	Primary Assembly	Un			JAUDYK010001678.1	Chromosome		NW_026697695.1	unplaced-scaffold	19080			HAP1_SCAFFOLD_5886
GCA_030435755.1	Primary Assembly	Un			JAUDYK010001679.1	Chromosome		NW_026697696.1	unplaced-scaffold	83421			HAP1_SCAFFOLD_1000
GCA_030435755.1	Primary Assembly	Un			JAUDYK010001680.1	Chromosome		NW_026697697.1	unplaced-scaffold	30668			HAP1_SCAFFOLD_4762
GCA_030435755.1	Primary Assembly	Un			JAUDYK010001681.1	Chromosome		NW_026697698.1	unplaced-scaffold	49678			HAP1_SCAFFOLD_2359
GCA_030435755.1	Primary Assembly	Un			JAUDYK010001682.1	Chromosome		NW_026697699.1	unplaced-scaffold	52225			HAP1_SCAFFOLD_2166
GCA_030435755.1	Primary Assembly	Un			JAUDYK010001683.1	Chromosome		NW_026697700.1	unplaced-scaffold	29168			HAP1_SCAFFOLD_4980
GCA_030435755.1	Primary Assembly	Un			JAUDYK010001684.1	Chromosome		NW_026697701.1	unplaced-scaffold	25752			HAP1_SCAFFOLD_5413
GCA_030435755.1	Primary Assembly	Un			JAUDYK010001685.1	Chromosome		NW_026697702.1	unplaced-scaffold	45248			HAP1_SCAFFOLD_2756
GCA_030435755.1	Primary Assembly	Un			JAUDYK010001686.1	Chromosome		NW_026697703.1	unplaced-scaffold	44374			HAP1_SCAFFOLD_2849
GCA_030435755.1	Primary Assembly	Un			JAUDYK010001687.1	Chromosome		NW_026697704.1	unplaced-scaffold	50121			HAP1_SCAFFOLD_2325
GCA_030435755.1	Primary Assembly	Un			JAUDYK010001688.1	Chromosome		NW_026697705.1	unplaced-scaffold	31318			HAP1_SCAFFOLD_4658
GCA_030435755.1	Primary Assembly	Un			JAUDYK010001689.1	Chromosome		NW_026697706.1	unplaced-scaffold	34393			HAP1_SCAFFOLD_4152
GCA_030435755.1	Primary Assembly	Un			JAUDYK010001690.1	Chromosome		NW_026697707.1	unplaced-scaffold	38363			HAP1_SCAFFOLD_3562
GCA_030435755.1	Primary Assembly	Un			JAUDYK010001691.1	Chromosome		NW_026697708.1	unplaced-scaffold	40240			HAP1_SCAFFOLD_3318
GCA_030435755.1	Primary Assembly	Un			JAUDYK010001692.1	Chromosome		NW_026697709.1	unplaced-scaffold	79818			HAP1_SCAFFOLD_1069
GCA_030435755.1	Primary Assembly	Un			JAUDYK010001693.1	Chromosome		NW_026697710.1	unplaced-scaffold	25457			HAP1_SCAFFOLD_5457
GCA_030435755.1	Primary Assembly	Un			JAUDYK010001694.1	Chromosome		NW_026697711.1	unplaced-scaffold	32220			HAP1_SCAFFOLD_4490
GCA_030435755.1	Primary Assembly	Un			JAUDYK010001695.1	Chromosome		NW_026697712.1	unplaced-scaffold	88147			HAP1_SCAFFOLD_920
GCA_030435755.1	Primary Assembly	Un			JAUDYK010001696.1	Chromosome		NW_026697713.1	unplaced-scaffold	25564			HAP1_SCAFFOLD_5440
GCA_030435755.1	Primary Assembly	Un			JAUDYK010001697.1	Chromosome		NW_026697714.1	unplaced-scaffold	47915			HAP1_SCAFFOLD_2505
GCA_030435755.1	Primary Assembly	Un			JAUDYK010001698.1	Chromosome		NW_026697715.1	unplaced-scaffold	99374			HAP1_SCAFFOLD_744
GCA_030435755.1	Primary Assembly	Un			JAUDYK010001699.1	Chromosome		NW_026697716.1	unplaced-scaffold	33554			HAP1_SCAFFOLD_4272
GCA_030435755.1	Primary Assembly	Un			JAUDYK010001700.1	Chromosome		NW_026697717.1	unplaced-scaffold	78196			HAP1_SCAFFOLD_1112
GCA_030435755.1	Primary Assembly	Un			JAUDYK010001701.1	Chromosome		NW_026697718.1	unplaced-scaffold	61847			HAP1_SCAFFOLD_1618
GCA_030435755.1	Primary Assembly	Un			JAUDYK010001702.1	Chromosome		NW_026697719.1	unplaced-scaffold	56488			HAP1_SCAFFOLD_1881
GCA_030435755.1	Primary Assembly	Un			JAUDYK010001703.1	Chromosome		NW_026697720.1	unplaced-scaffold	40419			HAP1_SCAFFOLD_3297
GCA_030435755.1	Primary Assembly	Un			JAUDYK010001704.1	Chromosome		NW_026697721.1	unplaced-scaffold	68178			HAP1_SCAFFOLD_1382
GCA_030435755.1	Primary Assembly	Un			JAUDYK010001705.1	Chromosome		NW_026697722.1	unplaced-scaffold	220264			HAP1_SCAFFOLD_237
GCA_030435755.1	Primary Assembly	Un			JAUDYK010001706.1	Chromosome		NW_026697723.1	unplaced-scaffold	43510			HAP1_SCAFFOLD_2928
GCA_030435755.1	Primary Assembly	Un			JAUDYK010001707.1	Chromosome		NW_026697724.1	unplaced-scaffold	24946			HAP1_SCAFFOLD_5523
GCA_030435755.1	Primary Assembly	Un			JAUDYK010001708.1	Chromosome		NW_026697725.1	unplaced-scaffold	22922			HAP1_SCAFFOLD_5704
GCA_030435755.1	Primary Assembly	Un			JAUDYK010001709.1	Chromosome		NW_026697726.1	unplaced-scaffold	74182			HAP1_SCAFFOLD_1196
GCA_030435755.1	Primary Assembly	Un			JAUDYK010001710.1	Chromosome		NW_026697727.1	unplaced-scaffold	18521			HAP1_SCAFFOLD_5901
GCA_030435755.1	Primary Assembly	Un			JAUDYK010001711.1	Chromosome		NW_026697728.1	unplaced-scaffold	122964			HAP1_SCAFFOLD_532
GCA_030435755.1	Primary Assembly	Un			JAUDYK010001712.1	Chromosome		NW_026697729.1	unplaced-scaffold	37607			HAP1_SCAFFOLD_3682
GCA_030435755.1	Primary Assembly	Un			JAUDYK010001713.1	Chromosome		NW_026697730.1	unplaced-scaffold	41265			HAP1_SCAFFOLD_3188
GCA_030435755.1	Primary Assembly	Un			JAUDYK010001714.1	Chromosome		NW_026697731.1	unplaced-scaffold	38980			HAP1_SCAFFOLD_3471
GCA_030435755.1	Primary Assembly	Un			JAUDYK010001715.1	Chromosome		NW_026697732.1	unplaced-scaffold	39483			HAP1_SCAFFOLD_3408
GCA_030435755.1	Primary Assembly	Un			JAUDYK010001716.1	Chromosome		NW_026697733.1	unplaced-scaffold	46984			HAP1_SCAFFOLD_2573
GCA_030435755.1	Primary Assembly	Un			JAUDYK010001717.1	Chromosome		NW_026697734.1	unplaced-scaffold	137165			HAP1_SCAFFOLD_445
GCA_030435755.1	Primary Assembly	Un			JAUDYK010001718.1	Chromosome		NW_026697735.1	unplaced-scaffold	104233			HAP1_SCAFFOLD_702
GCA_030435755.1	Primary Assembly	Un			JAUDYK010001719.1	Chromosome		NW_026697736.1	unplaced-scaffold	171967			HAP1_SCAFFOLD_324
GCA_030435755.1	Primary Assembly	Un			JAUDYK010001720.1	Chromosome		NW_026697737.1	unplaced-scaffold	28871			HAP1_SCAFFOLD_5020
GCA_030435755.1	Primary Assembly	Un			JAUDYK010001721.1	Chromosome		NW_026697738.1	unplaced-scaffold	53416			HAP1_SCAFFOLD_2070
GCA_030435755.1	Primary Assembly	Un			JAUDYK010001722.1	Chromosome		NW_026697739.1	unplaced-scaffold	113216			HAP1_SCAFFOLD_606
GCA_030435755.1	Primary Assembly	Un			JAUDYK010001723.1	Chromosome		NW_026697740.1	unplaced-scaffold	25586			HAP1_SCAFFOLD_5434
GCA_030435755.1	Primary Assembly	Un			JAUDYK010001724.1	Chromosome		NW_026697741.1	unplaced-scaffold	70150			HAP1_SCAFFOLD_1323
GCA_030435755.1	Primary Assembly	Un			JAUDYK010001725.1	Chromosome		NW_026697742.1	unplaced-scaffold	17095			HAP1_SCAFFOLD_5926
GCA_030435755.1	Primary Assembly	Un			JAUDYK010001726.1	Chromosome		NW_026697743.1	unplaced-scaffold	31523			HAP1_SCAFFOLD_4604
GCA_030435755.1	Primary Assembly	Un			JAUDYK010001727.1	Chromosome		NW_026697744.1	unplaced-scaffold	24312			HAP1_SCAFFOLD_5582
GCA_030435755.1	Primary Assembly	Un			JAUDYK010001728.1	Chromosome		NW_026697745.1	unplaced-scaffold	31940			HAP1_SCAFFOLD_4538
GCA_030435755.1	Primary Assembly	Un			JAUDYK010001729.1	Chromosome		NW_026697746.1	unplaced-scaffold	41611			HAP1_SCAFFOLD_3149
GCA_030435755.1	Primary Assembly	Un			JAUDYK010001730.1	Chromosome		NW_026697747.1	unplaced-scaffold	37192			HAP1_SCAFFOLD_3738
GCA_030435755.1	Primary Assembly	Un			JAUDYK010001731.1	Chromosome		NW_026697748.1	unplaced-scaffold	30191			HAP1_SCAFFOLD_4820
GCA_030435755.1	Primary Assembly	Un			JAUDYK010001732.1	Chromosome		NW_026697749.1	unplaced-scaffold	43070			HAP1_SCAFFOLD_2976
GCA_030435755.1	Primary Assembly	Un			JAUDYK010001733.1	Chromosome		NW_026697750.1	unplaced-scaffold	36451			HAP1_SCAFFOLD_3866
GCA_030435755.1	Primary Assembly	Un			JAUDYK010001734.1	Chromosome		NW_026697751.1	unplaced-scaffold	37962			HAP1_SCAFFOLD_3623
GCA_030435755.1	Primary Assembly	Un			JAUDYK010001735.1	Chromosome		NW_026697752.1	unplaced-scaffold	33206			HAP1_SCAFFOLD_4327
GCA_030435755.1	Primary Assembly	Un			JAUDYK010001736.1	Chromosome		NW_026697753.1	unplaced-scaffold	352854			HAP1_SCAFFOLD_152
GCA_030435755.1	Primary Assembly	Un			JAUDYK010001737.1	Chromosome		NW_026697754.1	unplaced-scaffold	32262			HAP1_SCAFFOLD_4479
GCA_030435755.1	Primary Assembly	Un			JAUDYK010001738.1	Chromosome		NW_026697755.1	unplaced-scaffold	64766			HAP1_SCAFFOLD_1503
GCA_030435755.1	Primary Assembly	Un			JAUDYK010001739.1	Chromosome		NW_026697756.1	unplaced-scaffold	37420			HAP1_SCAFFOLD_3707
GCA_030435755.1	Primary Assembly	Un			JAUDYK010001740.1	Chromosome		NW_026697757.1	unplaced-scaffold	59531			HAP1_SCAFFOLD_1724
GCA_030435755.1	Primary Assembly	Un			JAUDYK010001741.1	Chromosome		NW_026697758.1	unplaced-scaffold	159335			HAP1_SCAFFOLD_360
GCA_030435755.1	Primary Assembly	Un			JAUDYK010001742.1	Chromosome		NW_026697759.1	unplaced-scaffold	84507			HAP1_SCAFFOLD_979
GCA_030435755.1	Primary Assembly	Un			JAUDYK010001743.1	Chromosome		NW_026697760.1	unplaced-scaffold	55719			HAP1_SCAFFOLD_1921
GCA_030435755.1	Primary Assembly	Un			JAUDYK010001744.1	Chromosome		NW_026697761.1	unplaced-scaffold	54030			HAP1_SCAFFOLD_2032
GCA_030435755.1	Primary Assembly	Un			JAUDYK010001745.1	Chromosome		NW_026697762.1	unplaced-scaffold	32138			HAP1_SCAFFOLD_4507
GCA_030435755.1	Primary Assembly	Un			JAUDYK010001746.1	Chromosome		NW_026697763.1	unplaced-scaffold	43980			HAP1_SCAFFOLD_2888
GCA_030435755.1	Primary Assembly	Un			JAUDYK010001747.1	Chromosome		NW_026697764.1	unplaced-scaffold	46605			HAP1_SCAFFOLD_2611
GCA_030435755.1	Primary Assembly	Un			JAUDYK010001748.1	Chromosome		NW_026697765.1	unplaced-scaffold	39091			HAP1_SCAFFOLD_3454
GCA_030435755.1	Primary Assembly	Un			JAUDYK010001749.1	Chromosome		NW_026697766.1	unplaced-scaffold	377587			HAP1_SCAFFOLD_141
GCA_030435755.1	Primary Assembly	Un			JAUDYK010001750.1	Chromosome		NW_026697767.1	unplaced-scaffold	33768			HAP1_SCAFFOLD_4244
GCA_030435755.1	Primary Assembly	Un			JAUDYK010001751.1	Chromosome		NW_026697768.1	unplaced-scaffold	62920			HAP1_SCAFFOLD_1575
GCA_030435755.1	Primary Assembly	Un			JAUDYK010001752.1	Chromosome		NW_026697769.1	unplaced-scaffold	27757			HAP1_SCAFFOLD_5168
GCA_030435755.1	Primary Assembly	Un			JAUDYK010001753.1	Chromosome		NW_026697770.1	unplaced-scaffold	23414			HAP1_SCAFFOLD_5662
GCA_030435755.1	Primary Assembly	Un			JAUDYK010001754.1	Chromosome		NW_026697771.1	unplaced-scaffold	22002			HAP1_SCAFFOLD_5758
GCA_030435755.1	Primary Assembly	Un			JAUDYK010001755.1	Chromosome		NW_026697772.1	unplaced-scaffold	26751			HAP1_SCAFFOLD_5294
GCA_030435755.1	Primary Assembly	Un			JAUDYK010001756.1	Chromosome		NW_026697773.1	unplaced-scaffold	30920			HAP1_SCAFFOLD_4719
GCA_030435755.1	Primary Assembly	Un			JAUDYK010001757.1	Chromosome		NW_026697774.1	unplaced-scaffold	230239			HAP1_SCAFFOLD_229
GCA_030435755.1	Primary Assembly	Un			JAUDYK010001758.1	Chromosome		NW_026697775.1	unplaced-scaffold	29703			HAP1_SCAFFOLD_4891
GCA_030435755.1	Primary Assembly	Un			JAUDYK010001759.1	Chromosome		NW_026697776.1	unplaced-scaffold	17801			HAP1_SCAFFOLD_5917
GCA_030435755.1	Primary Assembly	Un			JAUDYK010001760.1	Chromosome		NW_026697777.1	unplaced-scaffold	26319			HAP1_SCAFFOLD_5351
GCA_030435755.1	Primary Assembly	Un			JAUDYK010001761.1	Chromosome		NW_026697778.1	unplaced-scaffold	35030			HAP1_SCAFFOLD_4052
GCA_030435755.1	Primary Assembly	Un			JAUDYK010001762.1	Chromosome		NW_026697779.1	unplaced-scaffold	65397			HAP1_SCAFFOLD_1480
GCA_030435755.1	Primary Assembly	Un			JAUDYK010001763.1	Chromosome		NW_026697780.1	unplaced-scaffold	674439			HAP1_SCAFFOLD_85
GCA_030435755.1	Primary Assembly	Un			JAUDYK010001764.1	Chromosome		NW_026697781.1	unplaced-scaffold	31517			HAP1_SCAFFOLD_4605
GCA_030435755.1	Primary Assembly	Un			JAUDYK010001765.1	Chromosome		NW_026697782.1	unplaced-scaffold	33250			HAP1_SCAFFOLD_4316
GCA_030435755.1	Primary Assembly	Un			JAUDYK010001766.1	Chromosome		NW_026697783.1	unplaced-scaffold	25583			HAP1_SCAFFOLD_5435
GCA_030435755.1	Primary Assembly	Un			JAUDYK010001767.1	Chromosome		NW_026697784.1	unplaced-scaffold	78524			HAP1_SCAFFOLD_1100
GCA_030435755.1	Primary Assembly	Un			JAUDYK010001768.1	Chromosome		NW_026697785.1	unplaced-scaffold	38603			HAP1_SCAFFOLD_3519
GCA_030435755.1	Primary Assembly	Un			JAUDYK010001769.1	Chromosome		NW_026697786.1	unplaced-scaffold	20105			HAP1_SCAFFOLD_5841
GCA_030435755.1	Primary Assembly	Un			JAUDYK010001770.1	Chromosome		NW_026697787.1	unplaced-scaffold	40516			HAP1_SCAFFOLD_3283
GCA_030435755.1	Primary Assembly	Un			JAUDYK010001771.1	Chromosome		NW_026697788.1	unplaced-scaffold	53471			HAP1_SCAFFOLD_2066
GCA_030435755.1	Primary Assembly	Un			JAUDYK010001772.1	Chromosome		NW_026697789.1	unplaced-scaffold	35083			HAP1_SCAFFOLD_4041
GCA_030435755.1	Primary Assembly	Un			JAUDYK010001773.1	Chromosome		NW_026697790.1	unplaced-scaffold	26351			HAP1_SCAFFOLD_5342
GCA_030435755.1	Primary Assembly	Un			JAUDYK010001774.1	Chromosome		NW_026697791.1	unplaced-scaffold	60655			HAP1_SCAFFOLD_1677
GCA_030435755.1	Primary Assembly	Un			JAUDYK010001775.1	Chromosome		NW_026697792.1	unplaced-scaffold	51698			HAP1_SCAFFOLD_2199
GCA_030435755.1	Primary Assembly	Un			JAUDYK010001776.1	Chromosome		NW_026697793.1	unplaced-scaffold	289997			HAP1_SCAFFOLD_177
GCA_030435755.1	Primary Assembly	Un			JAUDYK010001777.1	Chromosome		NW_026697794.1	unplaced-scaffold	44943			HAP1_SCAFFOLD_2782
GCA_030435755.1	Primary Assembly	Un			JAUDYK010001778.1	Chromosome		NW_026697795.1	unplaced-scaffold	32735			HAP1_SCAFFOLD_4406
GCA_030435755.1	Primary Assembly	Un			JAUDYK010001779.1	Chromosome		NW_026697796.1	unplaced-scaffold	34168			HAP1_SCAFFOLD_4186
GCA_030435755.1	Primary Assembly	Un			JAUDYK010001780.1	Chromosome		NW_026697797.1	unplaced-scaffold	23696			HAP1_SCAFFOLD_5636
GCA_030435755.1	Primary Assembly	Un			JAUDYK010001781.1	Chromosome		NW_026697798.1	unplaced-scaffold	43194			HAP1_SCAFFOLD_2960
GCA_030435755.1	Primary Assembly	Un			JAUDYK010001782.1	Chromosome		NW_026697799.1	unplaced-scaffold	19917			HAP1_SCAFFOLD_5852
GCA_030435755.1	Primary Assembly	Un			JAUDYK010001783.1	Chromosome		NW_026697800.1	unplaced-scaffold	36429			HAP1_SCAFFOLD_3870
GCA_030435755.1	Primary Assembly	Un			JAUDYK010001784.1	Chromosome		NW_026697801.1	unplaced-scaffold	104493			HAP1_SCAFFOLD_697
GCA_030435755.1	Primary Assembly	Un			JAUDYK010001785.1	Chromosome		NW_026697802.1	unplaced-scaffold	35967			HAP1_SCAFFOLD_3933
GCA_030435755.1	Primary Assembly	Un			JAUDYK010001786.1	Chromosome		NW_026697803.1	unplaced-scaffold	31206			HAP1_SCAFFOLD_4673
GCA_030435755.1	Primary Assembly	Un			JAUDYK010001787.1	Chromosome		NW_026697804.1	unplaced-scaffold	28321			HAP1_SCAFFOLD_5091
GCA_030435755.1	Primary Assembly	Un			JAUDYK010001788.1	Chromosome		NW_026697805.1	unplaced-scaffold	32812			HAP1_SCAFFOLD_4392
GCA_030435755.1	Primary Assembly	Un			JAUDYK010001789.1	Chromosome		NW_026697806.1	unplaced-scaffold	39746			HAP1_SCAFFOLD_3377
GCA_030435755.1	Primary Assembly	Un			JAUDYK010001790.1	Chromosome		NW_026697807.1	unplaced-scaffold	26735			HAP1_SCAFFOLD_5295
GCA_030435755.1	Primary Assembly	Un			JAUDYK010001791.1	Chromosome		NW_026697808.1	unplaced-scaffold	78714			HAP1_SCAFFOLD_1096
GCA_030435755.1	Primary Assembly	Un			JAUDYK010001792.1	Chromosome		NW_026697809.1	unplaced-scaffold	39294			HAP1_SCAFFOLD_3429
GCA_030435755.1	Primary Assembly	Un			JAUDYK010001793.1	Chromosome		NW_026697810.1	unplaced-scaffold	42122			HAP1_SCAFFOLD_3088
GCA_030435755.1	Primary Assembly	Un			JAUDYK010001794.1	Chromosome		NW_026697811.1	unplaced-scaffold	40120			HAP1_SCAFFOLD_3331
GCA_030435755.1	Primary Assembly	Un			JAUDYK010001795.1	Chromosome		NW_026697812.1	unplaced-scaffold	61550			HAP1_SCAFFOLD_1631
GCA_030435755.1	Primary Assembly	Un			JAUDYK010001796.1	Chromosome		NW_026697813.1	unplaced-scaffold	39088			HAP1_SCAFFOLD_3455
GCA_030435755.1	Primary Assembly	Un			JAUDYK010001797.1	Chromosome		NW_026697814.1	unplaced-scaffold	212980			HAP1_SCAFFOLD_243
GCA_030435755.1	Primary Assembly	Un			JAUDYK010001798.1	Chromosome		NW_026697815.1	unplaced-scaffold	33766			HAP1_SCAFFOLD_4245
GCA_030435755.1	Primary Assembly	Un			JAUDYK010001799.1	Chromosome		NW_026697816.1	unplaced-scaffold	62933			HAP1_SCAFFOLD_1574
GCA_030435755.1	Primary Assembly	Un			JAUDYK010001800.1	Chromosome		NW_026697817.1	unplaced-scaffold	43742			HAP1_SCAFFOLD_2909
GCA_030435755.1	Primary Assembly	Un			JAUDYK010001801.1	Chromosome		NW_026697818.1	unplaced-scaffold	57099			HAP1_SCAFFOLD_1846
GCA_030435755.1	Primary Assembly	Un			JAUDYK010001802.1	Chromosome		NW_026697819.1	unplaced-scaffold	58743			HAP1_SCAFFOLD_1759
GCA_030435755.1	Primary Assembly	Un			JAUDYK010001803.1	Chromosome		NW_026697820.1	unplaced-scaffold	37753			HAP1_SCAFFOLD_3656
GCA_030435755.1	Primary Assembly	Un			JAUDYK010001804.1	Chromosome		NW_026697821.1	unplaced-scaffold	82626			HAP1_SCAFFOLD_1012
GCA_030435755.1	Primary Assembly	Un			JAUDYK010001805.1	Chromosome		NW_026697822.1	unplaced-scaffold	54695			HAP1_SCAFFOLD_1990
GCA_030435755.1	Primary Assembly	Un			JAUDYK010001806.1	Chromosome		NW_026697823.1	unplaced-scaffold	59516			HAP1_SCAFFOLD_1725
GCA_030435755.1	Primary Assembly	Un			JAUDYK010001807.1	Chromosome		NW_026697824.1	unplaced-scaffold	68867			HAP1_SCAFFOLD_1356
GCA_030435755.1	Primary Assembly	Un			JAUDYK010001808.1	Chromosome		NW_026697825.1	unplaced-scaffold	36679			HAP1_SCAFFOLD_3832
GCA_030435755.1	Primary Assembly	Un			JAUDYK010001809.1	Chromosome		NW_026697826.1	unplaced-scaffold	75606			HAP1_SCAFFOLD_1169
GCA_030435755.1	Primary Assembly	Un			JAUDYK010001810.1	Chromosome		NW_026697827.1	unplaced-scaffold	47228			HAP1_SCAFFOLD_2558
GCA_030435755.1	Primary Assembly	Un			JAUDYK010001811.1	Chromosome		NW_026697828.1	unplaced-scaffold	50151			HAP1_SCAFFOLD_2324
GCA_030435755.1	Primary Assembly	Un			JAUDYK010001812.1	Chromosome		NW_026697829.1	unplaced-scaffold	26966			HAP1_SCAFFOLD_5263
GCA_030435755.1	Primary Assembly	Un			JAUDYK010001813.1	Chromosome		NW_026697830.1	unplaced-scaffold	90930			HAP1_SCAFFOLD_858
GCA_030435755.1	Primary Assembly	Un			JAUDYK010001814.1	Chromosome		NW_026697831.1	unplaced-scaffold	26088			HAP1_SCAFFOLD_5374
GCA_030435755.1	Primary Assembly	Un			JAUDYK010001815.1	Chromosome		NW_026697832.1	unplaced-scaffold	193115			HAP1_SCAFFOLD_270
GCA_030435755.1	Primary Assembly	Un			JAUDYK010001816.1	Chromosome		NW_026697833.1	unplaced-scaffold	46632			HAP1_SCAFFOLD_2607
GCA_030435755.1	Primary Assembly	Un			JAUDYK010001817.1	Chromosome		NW_026697834.1	unplaced-scaffold	42400			HAP1_SCAFFOLD_3049
GCA_030435755.1	Primary Assembly	Un			JAUDYK010001818.1	Chromosome		NW_026697835.1	unplaced-scaffold	36072			HAP1_SCAFFOLD_3914
GCA_030435755.1	Primary Assembly	Un			JAUDYK010001819.1	Chromosome		NW_026697836.1	unplaced-scaffold	256105			HAP1_SCAFFOLD_195
GCA_030435755.1	Primary Assembly	Un			JAUDYK010001820.1	Chromosome		NW_026697837.1	unplaced-scaffold	32095			HAP1_SCAFFOLD_4511
GCA_030435755.1	Primary Assembly	Un			JAUDYK010001821.1	Chromosome		NW_026697838.1	unplaced-scaffold	52094			HAP1_SCAFFOLD_2170
GCA_030435755.1	Primary Assembly	Un			JAUDYK010001822.1	Chromosome		NW_026697839.1	unplaced-scaffold	112238			HAP1_SCAFFOLD_616
GCA_030435755.1	Primary Assembly	Un			JAUDYK010001823.1	Chromosome		NW_026697840.1	unplaced-scaffold	103181			HAP1_SCAFFOLD_712
GCA_030435755.1	Primary Assembly	Un			JAUDYK010001824.1	Chromosome		NW_026697841.1	unplaced-scaffold	106123			HAP1_SCAFFOLD_675
GCA_030435755.1	Primary Assembly	Un			JAUDYK010001825.1	Chromosome		NW_026697842.1	unplaced-scaffold	24617			HAP1_SCAFFOLD_5556
GCA_030435755.1	Primary Assembly	Un			JAUDYK010001826.1	Chromosome		NW_026697843.1	unplaced-scaffold	37404			HAP1_SCAFFOLD_3711
GCA_030435755.1	Primary Assembly	Un			JAUDYK010001827.1	Chromosome		NW_026697844.1	unplaced-scaffold	28101			HAP1_SCAFFOLD_5120
GCA_030435755.1	Primary Assembly	Un			JAUDYK010001828.1	Chromosome		NW_026697845.1	unplaced-scaffold	36180			HAP1_SCAFFOLD_3899
GCA_030435755.1	Primary Assembly	Un			JAUDYK010001829.1	Chromosome		NW_026697846.1	unplaced-scaffold	127327			HAP1_SCAFFOLD_491
GCA_030435755.1	Primary Assembly	Un			JAUDYK010001830.1	Chromosome		NW_026697847.1	unplaced-scaffold	63583			HAP1_SCAFFOLD_1551
GCA_030435755.1	Primary Assembly	Un			JAUDYK010001831.1	Chromosome		NW_026697848.1	unplaced-scaffold	50961			HAP1_SCAFFOLD_2250
GCA_030435755.1	Primary Assembly	Un			JAUDYK010001832.1	Chromosome		NW_026697849.1	unplaced-scaffold	23918			HAP1_SCAFFOLD_5619
GCA_030435755.1	Primary Assembly	Un			JAUDYK010001833.1	Chromosome		NW_026697850.1	unplaced-scaffold	87252			HAP1_SCAFFOLD_936
GCA_030435755.1	Primary Assembly	Un			JAUDYK010001834.1	Chromosome		NW_026697851.1	unplaced-scaffold	90634			HAP1_SCAFFOLD_866
GCA_030435755.1	Primary Assembly	Un			JAUDYK010001835.1	Chromosome		NW_026697852.1	unplaced-scaffold	51014			HAP1_SCAFFOLD_2247
GCA_030435755.1	Primary Assembly	Un			JAUDYK010001836.1	Chromosome		NW_026697853.1	unplaced-scaffold	22903			HAP1_SCAFFOLD_5705
GCA_030435755.1	Primary Assembly	Un			JAUDYK010001837.1	Chromosome		NW_026697854.1	unplaced-scaffold	40989			HAP1_SCAFFOLD_3222
GCA_030435755.1	Primary Assembly	Un			JAUDYK010001838.1	Chromosome		NW_026697855.1	unplaced-scaffold	28552			HAP1_SCAFFOLD_5068
GCA_030435755.1	Primary Assembly	Un			JAUDYK010001839.1	Chromosome		NW_026697856.1	unplaced-scaffold	29838			HAP1_SCAFFOLD_4868
GCA_030435755.1	Primary Assembly	Un			JAUDYK010001840.1	Chromosome		NW_026697857.1	unplaced-scaffold	47937			HAP1_SCAFFOLD_2504
GCA_030435755.1	Primary Assembly	Un			JAUDYK010001841.1	Chromosome		NW_026697858.1	unplaced-scaffold	54782			HAP1_SCAFFOLD_1979
GCA_030435755.1	Primary Assembly	Un			JAUDYK010001842.1	Chromosome		NW_026697859.1	unplaced-scaffold	45541			HAP1_SCAFFOLD_2723
GCA_030435755.1	Primary Assembly	Un			JAUDYK010001843.1	Chromosome		NW_026697860.1	unplaced-scaffold	30812			HAP1_SCAFFOLD_4736
GCA_030435755.1	Primary Assembly	Un			JAUDYK010001844.1	Chromosome		NW_026697861.1	unplaced-scaffold	63845			HAP1_SCAFFOLD_1542
GCA_030435755.1	Primary Assembly	Un			JAUDYK010001845.1	Chromosome		NW_026697862.1	unplaced-scaffold	46346			HAP1_SCAFFOLD_2638
GCA_030435755.1	Primary Assembly	Un			JAUDYK010001846.1	Chromosome		NW_026697863.1	unplaced-scaffold	52713			HAP1_SCAFFOLD_2132
GCA_030435755.1	Primary Assembly	Un			JAUDYK010001847.1	Chromosome		NW_026697864.1	unplaced-scaffold	21654			HAP1_SCAFFOLD_5773
GCA_030435755.1	Primary Assembly	Un			JAUDYK010001848.1	Chromosome		NW_026697865.1	unplaced-scaffold	33142			HAP1_SCAFFOLD_4339
GCA_030435755.1	Primary Assembly	Un			JAUDYK010001849.1	Chromosome		NW_026697866.1	unplaced-scaffold	32631			HAP1_SCAFFOLD_4421
GCA_030435755.1	Primary Assembly	Un			JAUDYK010001850.1	Chromosome		NW_026697867.1	unplaced-scaffold	38487			HAP1_SCAFFOLD_3536
GCA_030435755.1	Primary Assembly	Un			JAUDYK010001851.1	Chromosome		NW_026697868.1	unplaced-scaffold	42211			HAP1_SCAFFOLD_3069
GCA_030435755.1	Primary Assembly	Un			JAUDYK010001852.1	Chromosome		NW_026697869.1	unplaced-scaffold	93917			HAP1_SCAFFOLD_820
GCA_030435755.1	Primary Assembly	Un			JAUDYK010001853.1	Chromosome		NW_026697870.1	unplaced-scaffold	47796			HAP1_SCAFFOLD_2516
GCA_030435755.1	Primary Assembly	Un			JAUDYK010001854.1	Chromosome		NW_026697871.1	unplaced-scaffold	33386			HAP1_SCAFFOLD_4293
GCA_030435755.1	Primary Assembly	Un			JAUDYK010001855.1	Chromosome		NW_026697872.1	unplaced-scaffold	70330			HAP1_SCAFFOLD_1318
GCA_030435755.1	Primary Assembly	Un			JAUDYK010001856.1	Chromosome		NW_026697873.1	unplaced-scaffold	71146			HAP1_SCAFFOLD_1297
GCA_030435755.1	Primary Assembly	Un			JAUDYK010001857.1	Chromosome		NW_026697874.1	unplaced-scaffold	41897			HAP1_SCAFFOLD_3112
GCA_030435755.1	Primary Assembly	Un			JAUDYK010001858.1	Chromosome		NW_026697875.1	unplaced-scaffold	27151			HAP1_SCAFFOLD_5243
GCA_030435755.1	Primary Assembly	Un			JAUDYK010001859.1	Chromosome		NW_026697876.1	unplaced-scaffold	37975			HAP1_SCAFFOLD_3618
GCA_030435755.1	Primary Assembly	Un			JAUDYK010001860.1	Chromosome		NW_026697877.1	unplaced-scaffold	36328			HAP1_SCAFFOLD_3881
GCA_030435755.1	Primary Assembly	Un			JAUDYK010001861.1	Chromosome		NW_026697878.1	unplaced-scaffold	117907			HAP1_SCAFFOLD_562
GCA_030435755.1	Primary Assembly	Un			JAUDYK010001862.1	Chromosome		NW_026697879.1	unplaced-scaffold	22539			HAP1_SCAFFOLD_5727
GCA_030435755.1	Primary Assembly	Un			JAUDYK010001863.1	Chromosome		NW_026697880.1	unplaced-scaffold	39673			HAP1_SCAFFOLD_3382
GCA_030435755.1	Primary Assembly	Un			JAUDYK010001864.1	Chromosome		NW_026697881.1	unplaced-scaffold	46782			HAP1_SCAFFOLD_2592
GCA_030435755.1	Primary Assembly	Un			JAUDYK010001865.1	Chromosome		NW_026697882.1	unplaced-scaffold	29448			HAP1_SCAFFOLD_4929
GCA_030435755.1	Primary Assembly	Un			JAUDYK010001866.1	Chromosome		NW_026697883.1	unplaced-scaffold	112564			HAP1_SCAFFOLD_614
GCA_030435755.1	Primary Assembly	Un			JAUDYK010001867.1	Chromosome		NW_026697884.1	unplaced-scaffold	45005			HAP1_SCAFFOLD_2777
GCA_030435755.1	Primary Assembly	Un			JAUDYK010001868.1	Chromosome		NW_026697885.1	unplaced-scaffold	74471			HAP1_SCAFFOLD_1188
GCA_030435755.1	Primary Assembly	Un			JAUDYK010001869.1	Chromosome		NW_026697886.1	unplaced-scaffold	60583			HAP1_SCAFFOLD_1682
GCA_030435755.1	Primary Assembly	Un			JAUDYK010001870.1	Chromosome		NW_026697887.1	unplaced-scaffold	195687			HAP1_SCAFFOLD_267
GCA_030435755.1	Primary Assembly	Un			JAUDYK010001871.1	Chromosome		NW_026697888.1	unplaced-scaffold	65729			HAP1_SCAFFOLD_1471
GCA_030435755.1	Primary Assembly	Un			JAUDYK010001872.1	Chromosome		NW_026697889.1	unplaced-scaffold	67603			HAP1_SCAFFOLD_1408
GCA_030435755.1	Primary Assembly	Un			JAUDYK010001873.1	Chromosome		NW_026697890.1	unplaced-scaffold	29311			HAP1_SCAFFOLD_4955
GCA_030435755.1	Primary Assembly	Un			JAUDYK010001874.1	Chromosome		NW_026697891.1	unplaced-scaffold	41183			HAP1_SCAFFOLD_3196
GCA_030435755.1	Primary Assembly	Un			JAUDYK010001875.1	Chromosome		NW_026697892.1	unplaced-scaffold	36118			HAP1_SCAFFOLD_3906
GCA_030435755.1	Primary Assembly	Un			JAUDYK010001876.1	Chromosome		NW_026697893.1	unplaced-scaffold	28680			HAP1_SCAFFOLD_5048
GCA_030435755.1	Primary Assembly	Un			JAUDYK010001877.1	Chromosome		NW_026697894.1	unplaced-scaffold	66586			HAP1_SCAFFOLD_1437
GCA_030435755.1	Primary Assembly	Un			JAUDYK010001878.1	Chromosome		NW_026697895.1	unplaced-scaffold	45479			HAP1_SCAFFOLD_2731
GCA_030435755.1	Primary Assembly	Un			JAUDYK010001879.1	Chromosome		NW_026697896.1	unplaced-scaffold	50799			HAP1_SCAFFOLD_2267
GCA_030435755.1	Primary Assembly	Un			JAUDYK010001880.1	Chromosome		NW_026697897.1	unplaced-scaffold	25326			HAP1_SCAFFOLD_5476
GCA_030435755.1	Primary Assembly	Un			JAUDYK010001881.1	Chromosome		NW_026697898.1	unplaced-scaffold	90672			HAP1_SCAFFOLD_864
GCA_030435755.1	Primary Assembly	Un			JAUDYK010001882.1	Chromosome		NW_026697899.1	unplaced-scaffold	87355			HAP1_SCAFFOLD_934
GCA_030435755.1	Primary Assembly	Un			JAUDYK010001883.1	Chromosome		NW_026697900.1	unplaced-scaffold	24084			HAP1_SCAFFOLD_5603
GCA_030435755.1	Primary Assembly	Un			JAUDYK010001884.1	Chromosome		NW_026697901.1	unplaced-scaffold	55824			HAP1_SCAFFOLD_1915
GCA_030435755.1	Primary Assembly	Un			JAUDYK010001885.1	Chromosome		NW_026697902.1	unplaced-scaffold	43425			HAP1_SCAFFOLD_2934
GCA_030435755.1	Primary Assembly	Un			JAUDYK010001886.1	Chromosome		NW_026697903.1	unplaced-scaffold	34748			HAP1_SCAFFOLD_4098
GCA_030435755.1	Primary Assembly	Un			JAUDYK010001887.1	Chromosome		NW_026697904.1	unplaced-scaffold	84239			HAP1_SCAFFOLD_985
GCA_030435755.1	Primary Assembly	Un			JAUDYK010001888.1	Chromosome		NW_026697905.1	unplaced-scaffold	48931			HAP1_SCAFFOLD_2426
GCA_030435755.1	Primary Assembly	Un			JAUDYK010001889.1	Chromosome		NW_026697906.1	unplaced-scaffold	32556			HAP1_SCAFFOLD_4433
GCA_030435755.1	Primary Assembly	Un			JAUDYK010001890.1	Chromosome		NW_026697907.1	unplaced-scaffold	18594			HAP1_SCAFFOLD_5898
GCA_030435755.1	Primary Assembly	Un			JAUDYK010001891.1	Chromosome		NW_026697908.1	unplaced-scaffold	46477			HAP1_SCAFFOLD_2625
GCA_030435755.1	Primary Assembly	Un			JAUDYK010001892.1	Chromosome		NW_026697909.1	unplaced-scaffold	33009			HAP1_SCAFFOLD_4358
GCA_030435755.1	Primary Assembly	Un			JAUDYK010001893.1	Chromosome		NW_026697910.1	unplaced-scaffold	42825			HAP1_SCAFFOLD_3000
GCA_030435755.1	Primary Assembly	Un			JAUDYK010001894.1	Chromosome		NW_026697911.1	unplaced-scaffold	23339			HAP1_SCAFFOLD_5675
GCA_030435755.1	Primary Assembly	Un			JAUDYK010001895.1	Chromosome		NW_026697912.1	unplaced-scaffold	63345			HAP1_SCAFFOLD_1562
GCA_030435755.1	Primary Assembly	Un			JAUDYK010001896.1	Chromosome		NW_026697913.1	unplaced-scaffold	27405			HAP1_SCAFFOLD_5210
GCA_030435755.1	Primary Assembly	Un			JAUDYK010001897.1	Chromosome		NW_026697914.1	unplaced-scaffold	50619			HAP1_SCAFFOLD_2284
GCA_030435755.1	Primary Assembly	Un			JAUDYK010001898.1	Chromosome		NW_026697915.1	unplaced-scaffold	46105			HAP1_SCAFFOLD_2659
GCA_030435755.1	Primary Assembly	Un			JAUDYK010001899.1	Chromosome		NW_026697916.1	unplaced-scaffold	101342			HAP1_SCAFFOLD_721
GCA_030435755.1	Primary Assembly	Un			JAUDYK010001900.1	Chromosome		NW_026697917.1	unplaced-scaffold	29968			HAP1_SCAFFOLD_4848
GCA_030435755.1	Primary Assembly	Un			JAUDYK010001901.1	Chromosome		NW_026697918.1	unplaced-scaffold	19662			HAP1_SCAFFOLD_5861
GCA_030435755.1	Primary Assembly	Un			JAUDYK010001902.1	Chromosome		NW_026697919.1	unplaced-scaffold	53834			HAP1_SCAFFOLD_2046
GCA_030435755.1	Primary Assembly	Un			JAUDYK010001903.1	Chromosome		NW_026697920.1	unplaced-scaffold	49164			HAP1_SCAFFOLD_2401
GCA_030435755.1	Primary Assembly	Un			JAUDYK010001904.1	Chromosome		NW_026697921.1	unplaced-scaffold	48294			HAP1_SCAFFOLD_2478
GCA_030435755.1	Primary Assembly	Un			JAUDYK010001905.1	Chromosome		NW_026697922.1	unplaced-scaffold	38758			HAP1_SCAFFOLD_3503
GCA_030435755.1	Primary Assembly	Un			JAUDYK010001906.1	Chromosome		NW_026697923.1	unplaced-scaffold	44703			HAP1_SCAFFOLD_2812
GCA_030435755.1	Primary Assembly	Un			JAUDYK010001907.1	Chromosome		NW_026697924.1	unplaced-scaffold	327211			HAP1_SCAFFOLD_160
GCA_030435755.1	Primary Assembly	Un			JAUDYK010001908.1	Chromosome		NW_026697925.1	unplaced-scaffold	51995			HAP1_SCAFFOLD_2181
GCA_030435755.1	Primary Assembly	Un			JAUDYK010001909.1	Chromosome		NW_026697926.1	unplaced-scaffold	59944			HAP1_SCAFFOLD_1707
GCA_030435755.1	Primary Assembly	Un			JAUDYK010001910.1	Chromosome		NW_026697927.1	unplaced-scaffold	37320			HAP1_SCAFFOLD_3724
GCA_030435755.1	Primary Assembly	Un			JAUDYK010001911.1	Chromosome		NW_026697928.1	unplaced-scaffold	31021			HAP1_SCAFFOLD_4703
GCA_030435755.1	Primary Assembly	Un			JAUDYK010001912.1	Chromosome		NW_026697929.1	unplaced-scaffold	32009			HAP1_SCAFFOLD_4524
GCA_030435755.1	Primary Assembly	Un			JAUDYK010001913.1	Chromosome		NW_026697930.1	unplaced-scaffold	28341			HAP1_SCAFFOLD_5089
GCA_030435755.1	Primary Assembly	Un			JAUDYK010001914.1	Chromosome		NW_026697931.1	unplaced-scaffold	36026			HAP1_SCAFFOLD_3921
GCA_030435755.1	Primary Assembly	Un			JAUDYK010001915.1	Chromosome		NW_026697932.1	unplaced-scaffold	168741			HAP1_SCAFFOLD_330
GCA_030435755.1	Primary Assembly	Un			JAUDYK010001916.1	Chromosome		NW_026697933.1	unplaced-scaffold	89930			HAP1_SCAFFOLD_879
GCA_030435755.1	Primary Assembly	Un			JAUDYK010001917.1	Chromosome		NW_026697934.1	unplaced-scaffold	25657			HAP1_SCAFFOLD_5428
GCA_030435755.1	Primary Assembly	Un			JAUDYK010001918.1	Chromosome		NW_026697935.1	unplaced-scaffold	43911			HAP1_SCAFFOLD_2896
GCA_030435755.1	Primary Assembly	Un			JAUDYK010001919.1	Chromosome		NW_026697936.1	unplaced-scaffold	38282			HAP1_SCAFFOLD_3575
GCA_030435755.1	Primary Assembly	Un			JAUDYK010001920.1	Chromosome		NW_026697937.1	unplaced-scaffold	29719			HAP1_SCAFFOLD_4889
GCA_030435755.1	Primary Assembly	Un			JAUDYK010001921.1	Chromosome		NW_026697938.1	unplaced-scaffold	164604			HAP1_SCAFFOLD_341
GCA_030435755.1	Primary Assembly	Un			JAUDYK010001922.1	Chromosome		NW_026697939.1	unplaced-scaffold	43390			HAP1_SCAFFOLD_2940
GCA_030435755.1	Primary Assembly	Un			JAUDYK010001923.1	Chromosome		NW_026697940.1	unplaced-scaffold	66331			HAP1_SCAFFOLD_1454
GCA_030435755.1	Primary Assembly	Un			JAUDYK010001924.1	Chromosome		NW_026697941.1	unplaced-scaffold	43210			HAP1_SCAFFOLD_2957
GCA_030435755.1	Primary Assembly	Un			JAUDYK010001925.1	Chromosome		NW_026697942.1	unplaced-scaffold	50312			HAP1_SCAFFOLD_2311
GCA_030435755.1	Primary Assembly	Un			JAUDYK010001926.1	Chromosome		NW_026697943.1	unplaced-scaffold	30528			HAP1_SCAFFOLD_4775
GCA_030435755.1	Primary Assembly	Un			JAUDYK010001927.1	Chromosome		NW_026697944.1	unplaced-scaffold	26220			HAP1_SCAFFOLD_5362
GCA_030435755.1	Primary Assembly	Un			JAUDYK010001928.1	Chromosome		NW_026697945.1	unplaced-scaffold	34958			HAP1_SCAFFOLD_4061
GCA_030435755.1	Primary Assembly	Un			JAUDYK010001929.1	Chromosome		NW_026697946.1	unplaced-scaffold	33623			HAP1_SCAFFOLD_4265
GCA_030435755.1	Primary Assembly	Un			JAUDYK010001930.1	Chromosome		NW_026697947.1	unplaced-scaffold	455142			HAP1_SCAFFOLD_124
GCA_030435755.1	Primary Assembly	Un			JAUDYK010001931.1	Chromosome		NW_026697948.1	unplaced-scaffold	25023			HAP1_SCAFFOLD_5518
GCA_030435755.1	Primary Assembly	Un			JAUDYK010001932.1	Chromosome		NW_026697949.1	unplaced-scaffold	32678			HAP1_SCAFFOLD_4414
GCA_030435755.1	Primary Assembly	Un			JAUDYK010001933.1	Chromosome		NW_026697950.1	unplaced-scaffold	43716			HAP1_SCAFFOLD_2913
GCA_030435755.1	Primary Assembly	Un			JAUDYK010001934.1	Chromosome		NW_026697951.1	unplaced-scaffold	47478			HAP1_SCAFFOLD_2539
GCA_030435755.1	Primary Assembly	Un			JAUDYK010001935.1	Chromosome		NW_026697952.1	unplaced-scaffold	76576			HAP1_SCAFFOLD_1149
GCA_030435755.1	Primary Assembly	Un			JAUDYK010001936.1	Chromosome		NW_026697953.1	unplaced-scaffold	40195			HAP1_SCAFFOLD_3323
GCA_030435755.1	Primary Assembly	Un			JAUDYK010001937.1	Chromosome		NW_026697954.1	unplaced-scaffold	31436			HAP1_SCAFFOLD_4627
GCA_030435755.1	Primary Assembly	Un			JAUDYK010001938.1	Chromosome		NW_026697955.1	unplaced-scaffold	132230			HAP1_SCAFFOLD_472
GCA_030435755.1	Primary Assembly	Un			JAUDYK010001939.1	Chromosome		NW_026697956.1	unplaced-scaffold	61759			HAP1_SCAFFOLD_1623
GCA_030435755.1	Primary Assembly	Un			JAUDYK010001940.1	Chromosome		NW_026697957.1	unplaced-scaffold	162197			HAP1_SCAFFOLD_352
GCA_030435755.1	Primary Assembly	Un			JAUDYK010001941.1	Chromosome		NW_026697958.1	unplaced-scaffold	33350			HAP1_SCAFFOLD_4304
GCA_030435755.1	Primary Assembly	Un			JAUDYK010001942.1	Chromosome		NW_026697959.1	unplaced-scaffold	59111			HAP1_SCAFFOLD_1738
GCA_030435755.1	Primary Assembly	Un			JAUDYK010001943.1	Chromosome		NW_026697960.1	unplaced-scaffold	56907			HAP1_SCAFFOLD_1866
GCA_030435755.1	Primary Assembly	Un			JAUDYK010001944.1	Chromosome		NW_026697961.1	unplaced-scaffold	70003			HAP1_SCAFFOLD_1331
GCA_030435755.1	Primary Assembly	Un			JAUDYK010001945.1	Chromosome		NW_026697962.1	unplaced-scaffold	113396			HAP1_SCAFFOLD_604
GCA_030435755.1	Primary Assembly	Un			JAUDYK010001946.1	Chromosome		NW_026697963.1	unplaced-scaffold	78952			HAP1_SCAFFOLD_1088
GCA_030435755.1	Primary Assembly	Un			JAUDYK010001947.1	Chromosome		NW_026697964.1	unplaced-scaffold	42045			HAP1_SCAFFOLD_3096
GCA_030435755.1	Primary Assembly	Un			JAUDYK010001948.1	Chromosome		NW_026697965.1	unplaced-scaffold	66786			HAP1_SCAFFOLD_1429
GCA_030435755.1	Primary Assembly	Un			JAUDYK010001949.1	Chromosome		NW_026697966.1	unplaced-scaffold	30530			HAP1_SCAFFOLD_4774
GCA_030435755.1	Primary Assembly	Un			JAUDYK010001950.1	Chromosome		NW_026697967.1	unplaced-scaffold	29190			HAP1_SCAFFOLD_4971
GCA_030435755.1	Primary Assembly	Un			JAUDYK010001951.1	Chromosome		NW_026697968.1	unplaced-scaffold	171149			HAP1_SCAFFOLD_326
GCA_030435755.1	Primary Assembly	Un			JAUDYK010001952.1	Chromosome		NW_026697969.1	unplaced-scaffold	29601			HAP1_SCAFFOLD_4908
GCA_030435755.1	Primary Assembly	Un			JAUDYK010001953.1	Chromosome		NW_026697970.1	unplaced-scaffold	38284			HAP1_SCAFFOLD_3574
GCA_030435755.1	Primary Assembly	Un			JAUDYK010001954.1	Chromosome		NW_026697971.1	unplaced-scaffold	37921			HAP1_SCAFFOLD_3631
GCA_030435755.1	Primary Assembly	Un			JAUDYK010001955.1	Chromosome		NW_026697972.1	unplaced-scaffold	66328			HAP1_SCAFFOLD_1455
GCA_030435755.1	Primary Assembly	Un			JAUDYK010001956.1	Chromosome		NW_026697973.1	unplaced-scaffold	105378			HAP1_SCAFFOLD_689
GCA_030435755.1	Primary Assembly	Un			JAUDYK010001957.1	Chromosome		NW_026697974.1	unplaced-scaffold	61067			HAP1_SCAFFOLD_1656
GCA_030435755.1	Primary Assembly	Un			JAUDYK010001958.1	Chromosome		NW_026697975.1	unplaced-scaffold	32009			HAP1_SCAFFOLD_4525
GCA_030435755.1	Primary Assembly	Un			JAUDYK010001959.1	Chromosome		NW_026697976.1	unplaced-scaffold	35532			HAP1_SCAFFOLD_3990
GCA_030435755.1	Primary Assembly	Un			JAUDYK010001960.1	Chromosome		NW_026697977.1	unplaced-scaffold	42738			HAP1_SCAFFOLD_3012
GCA_030435755.1	Primary Assembly	Un			JAUDYK010001961.1	Chromosome		NW_026697978.1	unplaced-scaffold	36619			HAP1_SCAFFOLD_3846
GCA_030435755.1	Primary Assembly	Un			JAUDYK010001962.1	Chromosome		NW_026697979.1	unplaced-scaffold	37052			HAP1_SCAFFOLD_3759
GCA_030435755.1	Primary Assembly	Un			JAUDYK010001963.1	Chromosome		NW_026697980.1	unplaced-scaffold	31762			HAP1_SCAFFOLD_4559
GCA_030435755.1	Primary Assembly	Un			JAUDYK010001964.1	Chromosome		NW_026697981.1	unplaced-scaffold	41402			HAP1_SCAFFOLD_3169
GCA_030435755.1	Primary Assembly	Un			JAUDYK010001965.1	Chromosome		NW_026697982.1	unplaced-scaffold	37318			HAP1_SCAFFOLD_3725
GCA_030435755.1	Primary Assembly	Un			JAUDYK010001966.1	Chromosome		NW_026697983.1	unplaced-scaffold	39880			HAP1_SCAFFOLD_3356
GCA_030435755.1	Primary Assembly	Un			JAUDYK010001967.1	Chromosome		NW_026697984.1	unplaced-scaffold	27464			HAP1_SCAFFOLD_5202
GCA_030435755.1	Primary Assembly	Un			JAUDYK010001968.1	Chromosome		NW_026697985.1	unplaced-scaffold	57431			HAP1_SCAFFOLD_1832
GCA_030435755.1	Primary Assembly	Un			JAUDYK010001969.1	Chromosome		NW_026697986.1	unplaced-scaffold	33348			HAP1_SCAFFOLD_4305
GCA_030435755.1	Primary Assembly	Un			JAUDYK010001970.1	Chromosome		NW_026697987.1	unplaced-scaffold	31476			HAP1_SCAFFOLD_4616
GCA_030435755.1	Primary Assembly	Un			JAUDYK010001971.1	Chromosome		NW_026697988.1	unplaced-scaffold	45564			HAP1_SCAFFOLD_2718
GCA_030435755.1	Primary Assembly	Un			JAUDYK010001972.1	Chromosome		NW_026697989.1	unplaced-scaffold	33424			HAP1_SCAFFOLD_4287
GCA_030435755.1	Primary Assembly	Un			JAUDYK010001973.1	Chromosome		NW_026697990.1	unplaced-scaffold	64327			HAP1_SCAFFOLD_1519
GCA_030435755.1	Primary Assembly	Un			JAUDYK010001974.1	Chromosome		NW_026697991.1	unplaced-scaffold	71547			HAP1_SCAFFOLD_1283
GCA_030435755.1	Primary Assembly	Un			JAUDYK010001975.1	Chromosome		NW_026697992.1	unplaced-scaffold	38941			HAP1_SCAFFOLD_3480
GCA_030435755.1	Primary Assembly	Un			JAUDYK010001976.1	Chromosome		NW_026697993.1	unplaced-scaffold	23567			HAP1_SCAFFOLD_5651
GCA_030435755.1	Primary Assembly	Un			JAUDYK010001977.1	Chromosome		NW_026697994.1	unplaced-scaffold	41996			HAP1_SCAFFOLD_3100
GCA_030435755.1	Primary Assembly	Un			JAUDYK010001978.1	Chromosome		NW_026697995.1	unplaced-scaffold	29389			HAP1_SCAFFOLD_4937
GCA_030435755.1	Primary Assembly	Un			JAUDYK010001979.1	Chromosome		NW_026697996.1	unplaced-scaffold	32941			HAP1_SCAFFOLD_4373
GCA_030435755.1	Primary Assembly	Un			JAUDYK010001980.1	Chromosome		NW_026697997.1	unplaced-scaffold	155384			HAP1_SCAFFOLD_377
GCA_030435755.1	Primary Assembly	Un			JAUDYK010001981.1	Chromosome		NW_026697998.1	unplaced-scaffold	22326			HAP1_SCAFFOLD_5739
GCA_030435755.1	Primary Assembly	Un			JAUDYK010001982.1	Chromosome		NW_026697999.1	unplaced-scaffold	31091			HAP1_SCAFFOLD_4692
GCA_030435755.1	Primary Assembly	Un			JAUDYK010001983.1	Chromosome		NW_026698000.1	unplaced-scaffold	34083			HAP1_SCAFFOLD_4198
GCA_030435755.1	Primary Assembly	Un			JAUDYK010001984.1	Chromosome		NW_026698001.1	unplaced-scaffold	37644			HAP1_SCAFFOLD_3677
GCA_030435755.1	Primary Assembly	Un			JAUDYK010001985.1	Chromosome		NW_026698002.1	unplaced-scaffold	23680			HAP1_SCAFFOLD_5642
GCA_030435755.1	Primary Assembly	Un			JAUDYK010001986.1	Chromosome		NW_026698003.1	unplaced-scaffold	27922			HAP1_SCAFFOLD_5148
GCA_030435755.1	Primary Assembly	Un			JAUDYK010001987.1	Chromosome		NW_026698004.1	unplaced-scaffold	68271			HAP1_SCAFFOLD_1377
GCA_030435755.1	Primary Assembly	Un			JAUDYK010001988.1	Chromosome		NW_026698005.1	unplaced-scaffold	33625			HAP1_SCAFFOLD_4264
GCA_030435755.1	Primary Assembly	Un			JAUDYK010001989.1	Chromosome		NW_026698006.1	unplaced-scaffold	134726			HAP1_SCAFFOLD_457
GCA_030435755.1	Primary Assembly	Un			JAUDYK010001990.1	Chromosome		NW_026698007.1	unplaced-scaffold	32675			HAP1_SCAFFOLD_4415
GCA_030435755.1	Primary Assembly	Un			JAUDYK010001991.1	Chromosome		NW_026698008.1	unplaced-scaffold	56783			HAP1_SCAFFOLD_1870
GCA_030435755.1	Primary Assembly	Un			JAUDYK010001992.1	Chromosome		NW_026698009.1	unplaced-scaffold	55471			HAP1_SCAFFOLD_1933
GCA_030435755.1	Primary Assembly	Un			JAUDYK010001993.1	Chromosome		NW_026698010.1	unplaced-scaffold	26417			HAP1_SCAFFOLD_5336
GCA_030435755.1	Primary Assembly	Un			JAUDYK010001994.1	Chromosome		NW_026698011.1	unplaced-scaffold	85420			HAP1_SCAFFOLD_966
GCA_030435755.1	Primary Assembly	Un			JAUDYK010001995.1	Chromosome		NW_026698012.1	unplaced-scaffold	123247			HAP1_SCAFFOLD_528
GCA_030435755.1	Primary Assembly	Un			JAUDYK010001996.1	Chromosome		NW_026698013.1	unplaced-scaffold	92426			HAP1_SCAFFOLD_836
GCA_030435755.1	Primary Assembly	Un			JAUDYK010001997.1	Chromosome		NW_026698014.1	unplaced-scaffold	108279			HAP1_SCAFFOLD_651
GCA_030435755.1	Primary Assembly	Un			JAUDYK010001998.1	Chromosome		NW_026698015.1	unplaced-scaffold	22722			HAP1_SCAFFOLD_5716
GCA_030435755.1	Primary Assembly	Un			JAUDYK010001999.1	Chromosome		NW_026698016.1	unplaced-scaffold	29312			HAP1_SCAFFOLD_4954
GCA_030435755.1	Primary Assembly	Un			JAUDYK010002000.1	Chromosome		NW_026698017.1	unplaced-scaffold	48627			HAP1_SCAFFOLD_2453
GCA_030435755.1	Primary Assembly	Un			JAUDYK010002001.1	Chromosome		NW_026698018.1	unplaced-scaffold	38421			HAP1_SCAFFOLD_3551
GCA_030435755.1	Primary Assembly	Un			JAUDYK010002002.1	Chromosome		NW_026698019.1	unplaced-scaffold	34301			HAP1_SCAFFOLD_4161
GCA_030435755.1	Primary Assembly	Un			JAUDYK010002003.1	Chromosome		NW_026698020.1	unplaced-scaffold	30711			HAP1_SCAFFOLD_4751
GCA_030435755.1	Primary Assembly	Un			JAUDYK010002004.1	Chromosome		NW_026698021.1	unplaced-scaffold	73435			HAP1_SCAFFOLD_1222
GCA_030435755.1	Primary Assembly	Un			JAUDYK010002005.1	Chromosome		NW_026698022.1	unplaced-scaffold	26550			HAP1_SCAFFOLD_5319
GCA_030435755.1	Primary Assembly	Un			JAUDYK010002006.1	Chromosome		NW_026698023.1	unplaced-scaffold	25767			HAP1_SCAFFOLD_5409
GCA_030435755.1	Primary Assembly	Un			JAUDYK010002007.1	Chromosome		NW_026698024.1	unplaced-scaffold	38460			HAP1_SCAFFOLD_3542
GCA_030435755.1	Primary Assembly	Un			JAUDYK010002008.1	Chromosome		NW_026698025.1	unplaced-scaffold	27567			HAP1_SCAFFOLD_5189
GCA_030435755.1	Primary Assembly	Un			JAUDYK010002009.1	Chromosome		NW_026698026.1	unplaced-scaffold	21151			HAP1_SCAFFOLD_5792
GCA_030435755.1	Primary Assembly	Un			JAUDYK010002010.1	Chromosome		NW_026698027.1	unplaced-scaffold	31408			HAP1_SCAFFOLD_4639
GCA_030435755.1	Primary Assembly	Un			JAUDYK010002011.1	Chromosome		NW_026698028.1	unplaced-scaffold	44255			HAP1_SCAFFOLD_2869
GCA_030435755.1	Primary Assembly	Un			JAUDYK010002012.1	Chromosome		NW_026698029.1	unplaced-scaffold	47603			HAP1_SCAFFOLD_2527
GCA_030435755.1	Primary Assembly	Un			JAUDYK010002013.1	Chromosome		NW_026698030.1	unplaced-scaffold	35607			HAP1_SCAFFOLD_3979
GCA_030435755.1	Primary Assembly	Un			JAUDYK010002014.1	Chromosome		NW_026698031.1	unplaced-scaffold	114709			HAP1_SCAFFOLD_593
GCA_030435755.1	Primary Assembly	Un			JAUDYK010002015.1	Chromosome		NW_026698032.1	unplaced-scaffold	52475			HAP1_SCAFFOLD_2146
GCA_030435755.1	Primary Assembly	Un			JAUDYK010002016.1	Chromosome		NW_026698033.1	unplaced-scaffold	63917			HAP1_SCAFFOLD_1536
GCA_030435755.1	Primary Assembly	Un			JAUDYK010002017.1	Chromosome		NW_026698034.1	unplaced-scaffold	30778			HAP1_SCAFFOLD_4742
GCA_030435755.1	Primary Assembly	Un			JAUDYK010002018.1	Chromosome		NW_026698035.1	unplaced-scaffold	53287			HAP1_SCAFFOLD_2081
GCA_030435755.1	Primary Assembly	Un			JAUDYK010002019.1	Chromosome		NW_026698036.1	unplaced-scaffold	24337			HAP1_SCAFFOLD_5577
GCA_030435755.1	Primary Assembly	Un			JAUDYK010002020.1	Chromosome		NW_026698037.1	unplaced-scaffold	49980			HAP1_SCAFFOLD_2338
GCA_030435755.1	Primary Assembly	Un			JAUDYK010002021.1	Chromosome		NW_026698038.1	unplaced-scaffold	50616			HAP1_SCAFFOLD_2285
GCA_030435755.1	Primary Assembly	Un			JAUDYK010002022.1	Chromosome		NW_026698039.1	unplaced-scaffold	85936			HAP1_SCAFFOLD_958
GCA_030435755.1	Primary Assembly	Un			JAUDYK010002023.1	Chromosome		NW_026698040.1	unplaced-scaffold	44789			HAP1_SCAFFOLD_2800
GCA_030435755.1	Primary Assembly	Un			JAUDYK010002024.1	Chromosome		NW_026698041.1	unplaced-scaffold	99310			HAP1_SCAFFOLD_746
GCA_030435755.1	Primary Assembly	Un			JAUDYK010002025.1	Chromosome		NW_026698042.1	unplaced-scaffold	23342			HAP1_SCAFFOLD_5674
GCA_030435755.1	Primary Assembly	Un			JAUDYK010002026.1	Chromosome		NW_026698043.1	unplaced-scaffold	24891			HAP1_SCAFFOLD_5531
GCA_030435755.1	Primary Assembly	Un			JAUDYK010002027.1	Chromosome		NW_026698044.1	unplaced-scaffold	50337			HAP1_SCAFFOLD_2307
GCA_030435755.1	Primary Assembly	Un			JAUDYK010002028.1	Chromosome		NW_026698045.1	unplaced-scaffold	25434			HAP1_SCAFFOLD_5460
GCA_030435755.1	Primary Assembly	Un			JAUDYK010002029.1	Chromosome		NW_026698046.1	unplaced-scaffold	46478			HAP1_SCAFFOLD_2624
GCA_030435755.1	Primary Assembly	Un			JAUDYK010002030.1	Chromosome		NW_026698047.1	unplaced-scaffold	81130			HAP1_SCAFFOLD_1049
GCA_030435755.1	Primary Assembly	Un			JAUDYK010002031.1	Chromosome		NW_026698048.1	unplaced-scaffold	109627			HAP1_SCAFFOLD_642
GCA_030435755.1	Primary Assembly	Un			JAUDYK010002032.1	Chromosome		NW_026698049.1	unplaced-scaffold	43420			HAP1_SCAFFOLD_2935
GCA_030435755.1	Primary Assembly	Un			JAUDYK010002033.1	Chromosome		NW_026698050.1	unplaced-scaffold	148248			HAP1_SCAFFOLD_395
GCA_030435755.1	Primary Assembly	Un			JAUDYK010002034.1	Chromosome		NW_026698051.1	unplaced-scaffold	55877			HAP1_SCAFFOLD_1914
GCA_030435755.1	Primary Assembly	Un			JAUDYK010002035.1	Chromosome		NW_026698052.1	unplaced-scaffold	49033			HAP1_SCAFFOLD_2417
GCA_030435755.1	Primary Assembly	Un			JAUDYK010002036.1	Chromosome		NW_026698053.1	unplaced-scaffold	56135			HAP1_SCAFFOLD_1899
GCA_030435755.1	Primary Assembly	Un			JAUDYK010002037.1	Chromosome		NW_026698054.1	unplaced-scaffold	59841			HAP1_SCAFFOLD_1711
GCA_030435755.1	Primary Assembly	Un			JAUDYK010002038.1	Chromosome		NW_026698055.1	unplaced-scaffold	37466			HAP1_SCAFFOLD_3702
GCA_030435755.1	Primary Assembly	Un			JAUDYK010002039.1	Chromosome		NW_026698056.1	unplaced-scaffold	38816			HAP1_SCAFFOLD_3499
GCA_030435755.1	Primary Assembly	Un			JAUDYK010002040.1	Chromosome		NW_026698057.1	unplaced-scaffold	82018			HAP1_SCAFFOLD_1026
GCA_030435755.1	Primary Assembly	Un			JAUDYK010002041.1	Chromosome		NW_026698058.1	unplaced-scaffold	27283			HAP1_SCAFFOLD_5225
GCA_030435755.1	Primary Assembly	Un			JAUDYK010002042.1	Chromosome		NW_026698059.1	unplaced-scaffold	50730			HAP1_SCAFFOLD_2275
GCA_030435755.1	Primary Assembly	Un			JAUDYK010002043.1	Chromosome		NW_026698060.1	unplaced-scaffold	27024			HAP1_SCAFFOLD_5259
GCA_030435755.1	Primary Assembly	Un			JAUDYK010002044.1	Chromosome		NW_026698061.1	unplaced-scaffold	23164			HAP1_SCAFFOLD_5684
GCA_030435755.1	Primary Assembly	Un			JAUDYK010002045.1	Chromosome		NW_026698062.1	unplaced-scaffold	46610			HAP1_SCAFFOLD_2610
GCA_030435755.1	Primary Assembly	Un			JAUDYK010002046.1	Chromosome		NW_026698063.1	unplaced-scaffold	85982			HAP1_SCAFFOLD_957
GCA_030435755.1	Primary Assembly	Un			JAUDYK010002047.1	Chromosome		NW_026698064.1	unplaced-scaffold	34478			HAP1_SCAFFOLD_4134
GCA_030435755.1	Primary Assembly	Un			JAUDYK010002048.1	Chromosome		NW_026698065.1	unplaced-scaffold	53980			HAP1_SCAFFOLD_2037
GCA_030435755.1	Primary Assembly	Un			JAUDYK010002049.1	Chromosome		NW_026698066.1	unplaced-scaffold	32168			HAP1_SCAFFOLD_4502
GCA_030435755.1	Primary Assembly	Un			JAUDYK010002050.1	Chromosome		NW_026698067.1	unplaced-scaffold	55734			HAP1_SCAFFOLD_1920
GCA_030435755.1	Primary Assembly	Un			JAUDYK010002051.1	Chromosome		NW_026698068.1	unplaced-scaffold	116372			HAP1_SCAFFOLD_576
GCA_030435755.1	Primary Assembly	Un			JAUDYK010002052.1	Chromosome		NW_026698069.1	unplaced-scaffold	23395			HAP1_SCAFFOLD_5667
GCA_030435755.1	Primary Assembly	Un			JAUDYK010002053.1	Chromosome		NW_026698070.1	unplaced-scaffold	124327			HAP1_SCAFFOLD_515
GCA_030435755.1	Primary Assembly	Un			JAUDYK010002054.1	Chromosome		NW_026698071.1	unplaced-scaffold	58163			HAP1_SCAFFOLD_1795
GCA_030435755.1	Primary Assembly	Un			JAUDYK010002055.1	Chromosome		NW_026698072.1	unplaced-scaffold	51529			HAP1_SCAFFOLD_2203
GCA_030435755.1	Primary Assembly	Un			JAUDYK010002056.1	Chromosome		NW_026698073.1	unplaced-scaffold	234168			HAP1_SCAFFOLD_222
GCA_030435755.1	Primary Assembly	Un			JAUDYK010002057.1	Chromosome		NW_026698074.1	unplaced-scaffold	30185			HAP1_SCAFFOLD_4821
GCA_030435755.1	Primary Assembly	Un			JAUDYK010002058.1	Chromosome		NW_026698075.1	unplaced-scaffold	123249			HAP1_SCAFFOLD_527
GCA_030435755.1	Primary Assembly	Un			JAUDYK010002059.1	Chromosome		NW_026698076.1	unplaced-scaffold	40853			HAP1_SCAFFOLD_3239
GCA_030435755.1	Primary Assembly	Un			JAUDYK010002060.1	Chromosome		NW_026698077.1	unplaced-scaffold	24491			HAP1_SCAFFOLD_5564
GCA_030435755.1	Primary Assembly	Un			JAUDYK010002061.1	Chromosome		NW_026698078.1	unplaced-scaffold	32324			HAP1_SCAFFOLD_4468
GCA_030435755.1	Primary Assembly	Un			JAUDYK010002062.1	Chromosome		NW_026698079.1	unplaced-scaffold	52736			HAP1_SCAFFOLD_2129
GCA_030435755.1	Primary Assembly	Un			JAUDYK010002063.1	Chromosome		NW_026698080.1	unplaced-scaffold	45140			HAP1_SCAFFOLD_2765
GCA_030435755.1	Primary Assembly	Un			JAUDYK010002064.1	Chromosome		NW_026698081.1	unplaced-scaffold	24262			HAP1_SCAFFOLD_5587
GCA_030435755.1	Primary Assembly	Un			JAUDYK010002065.1	Chromosome		NW_026698082.1	unplaced-scaffold	53416			HAP1_SCAFFOLD_2071
GCA_030435755.1	Primary Assembly	Un			JAUDYK010002066.1	Chromosome		NW_026698083.1	unplaced-scaffold	54380			HAP1_SCAFFOLD_2008
GCA_030435755.1	Primary Assembly	Un			JAUDYK010002067.1	Chromosome		NW_026698084.1	unplaced-scaffold	52392			HAP1_SCAFFOLD_2155
GCA_030435755.1	Primary Assembly	Un			JAUDYK010002068.1	Chromosome		NW_026698085.1	unplaced-scaffold	46268			HAP1_SCAFFOLD_2643
GCA_030435755.1	Primary Assembly	Un			JAUDYK010002069.1	Chromosome		NW_026698086.1	unplaced-scaffold	27634			HAP1_SCAFFOLD_5179
GCA_030435755.1	Primary Assembly	Un			JAUDYK010002070.1	Chromosome		NW_026698087.1	unplaced-scaffold	174668			HAP1_SCAFFOLD_313
GCA_030435755.1	Primary Assembly	Un			JAUDYK010002071.1	Chromosome		NW_026698088.1	unplaced-scaffold	33224			HAP1_SCAFFOLD_4322
GCA_030435755.1	Primary Assembly	Un			JAUDYK010002072.1	Chromosome		NW_026698089.1	unplaced-scaffold	28856			HAP1_SCAFFOLD_5021
GCA_030435755.1	Primary Assembly	Un			JAUDYK010002073.1	Chromosome		NW_026698090.1	unplaced-scaffold	35545			HAP1_SCAFFOLD_3989
GCA_030435755.1	Primary Assembly	Un			JAUDYK010002074.1	Chromosome		NW_026698091.1	unplaced-scaffold	18526			HAP1_SCAFFOLD_5900
GCA_030435755.1	Primary Assembly	Un			JAUDYK010002075.1	Chromosome		NW_026698092.1	unplaced-scaffold	37706			HAP1_SCAFFOLD_3664
GCA_030435755.1	Primary Assembly	Un			JAUDYK010002076.1	Chromosome		NW_026698093.1	unplaced-scaffold	34655			HAP1_SCAFFOLD_4113
GCA_030435755.1	Primary Assembly	Un			JAUDYK010002077.1	Chromosome		NW_026698094.1	unplaced-scaffold	71766			HAP1_SCAFFOLD_1273
GCA_030435755.1	Primary Assembly	Un			JAUDYK010002078.1	Chromosome		NW_026698095.1	unplaced-scaffold	38999			HAP1_SCAFFOLD_3470
GCA_030435755.1	Primary Assembly	Un			JAUDYK010002079.1	Chromosome		NW_026698096.1	unplaced-scaffold	96485			HAP1_SCAFFOLD_790
GCA_030435755.1	Primary Assembly	Un			JAUDYK010002080.1	Chromosome		NW_026698097.1	unplaced-scaffold	25494			HAP1_SCAFFOLD_5452
GCA_030435755.1	Primary Assembly	Un			JAUDYK010002081.1	Chromosome		NW_026698098.1	unplaced-scaffold	30259			HAP1_SCAFFOLD_4806
GCA_030435755.1	Primary Assembly	Un			JAUDYK010002082.1	Chromosome		NW_026698099.1	unplaced-scaffold	35159			HAP1_SCAFFOLD_4035
GCA_030435755.1	Primary Assembly	Un			JAUDYK010002083.1	Chromosome		NW_026698100.1	unplaced-scaffold	77969			HAP1_SCAFFOLD_1117
GCA_030435755.1	Primary Assembly	Un			JAUDYK010002084.1	Chromosome		NW_026698101.1	unplaced-scaffold	68694			HAP1_SCAFFOLD_1364
GCA_030435755.1	Primary Assembly	Un			JAUDYK010002085.1	Chromosome		NW_026698102.1	unplaced-scaffold	33518			HAP1_SCAFFOLD_4277
GCA_030435755.1	Primary Assembly	Un			JAUDYK010002086.1	Chromosome		NW_026698103.1	unplaced-scaffold	40465			HAP1_SCAFFOLD_3292
GCA_030435755.1	Primary Assembly	Un			JAUDYK010002087.1	Chromosome		NW_026698104.1	unplaced-scaffold	44827			HAP1_SCAFFOLD_2793
GCA_030435755.1	Primary Assembly	Un			JAUDYK010002088.1	Chromosome		NW_026698105.1	unplaced-scaffold	25560			HAP1_SCAFFOLD_5441
GCA_030435755.1	Primary Assembly	Un			JAUDYK010002089.1	Chromosome		NW_026698106.1	unplaced-scaffold	134667			HAP1_SCAFFOLD_458
GCA_030435755.1	Primary Assembly	Un			JAUDYK010002090.1	Chromosome		NW_026698107.1	unplaced-scaffold	68033			HAP1_SCAFFOLD_1387
GCA_030435755.1	Primary Assembly	Un			JAUDYK010002091.1	Chromosome		NW_026698108.1	unplaced-scaffold	56491			HAP1_SCAFFOLD_1880
GCA_030435755.1	Primary Assembly	Un			JAUDYK010002092.1	Chromosome		NW_026698109.1	unplaced-scaffold	35836			HAP1_SCAFFOLD_3948
GCA_030435755.1	Primary Assembly	Un			JAUDYK010002093.1	Chromosome		NW_026698110.1	unplaced-scaffold	20232			HAP1_SCAFFOLD_5835
GCA_030435755.1	Primary Assembly	Un			JAUDYK010002094.1	Chromosome		NW_026698111.1	unplaced-scaffold	28995			HAP1_SCAFFOLD_5006
GCA_030435755.1	Primary Assembly	Un			JAUDYK010002095.1	Chromosome		NW_026698112.1	unplaced-scaffold	73770			HAP1_SCAFFOLD_1205
GCA_030435755.1	Primary Assembly	Un			JAUDYK010002096.1	Chromosome		NW_026698113.1	unplaced-scaffold	41037			HAP1_SCAFFOLD_3216
GCA_030435755.1	Primary Assembly	Un			JAUDYK010002097.1	Chromosome		NW_026698114.1	unplaced-scaffold	32904			HAP1_SCAFFOLD_4383
GCA_030435755.1	Primary Assembly	Un			JAUDYK010002098.1	Chromosome		NW_026698115.1	unplaced-scaffold	32214			HAP1_SCAFFOLD_4491
GCA_030435755.1	Primary Assembly	Un			JAUDYK010002099.1	Chromosome		NW_026698116.1	unplaced-scaffold	37569			HAP1_SCAFFOLD_3687
GCA_030435755.1	Primary Assembly	Un			JAUDYK010002100.1	Chromosome		NW_026698117.1	unplaced-scaffold	155171			HAP1_SCAFFOLD_378
GCA_030435755.1	Primary Assembly	Un			JAUDYK010002101.1	Chromosome		NW_026698118.1	unplaced-scaffold	38237			HAP1_SCAFFOLD_3584
GCA_030435755.1	Primary Assembly	Un			JAUDYK010002102.1	Chromosome		NW_026698119.1	unplaced-scaffold	49214			HAP1_SCAFFOLD_2394
GCA_030435755.1	Primary Assembly	Un			JAUDYK010002103.1	Chromosome		NW_026698120.1	unplaced-scaffold	29165			HAP1_SCAFFOLD_4981
GCA_030435755.1	Primary Assembly	Un			JAUDYK010002104.1	Chromosome		NW_026698121.1	unplaced-scaffold	39258			HAP1_SCAFFOLD_3432
GCA_030435755.1	Primary Assembly	Un			JAUDYK010002105.1	Chromosome		NW_026698122.1	unplaced-scaffold	83289			HAP1_SCAFFOLD_1001
GCA_030435755.1	Primary Assembly	Un			JAUDYK010002106.1	Chromosome		NW_026698123.1	unplaced-scaffold	79242			HAP1_SCAFFOLD_1078
GCA_030435755.1	Primary Assembly	Un			JAUDYK010002107.1	Chromosome		NW_026698124.1	unplaced-scaffold	66467			HAP1_SCAFFOLD_1446
GCA_030435755.1	Primary Assembly	Un			JAUDYK010002108.1	Chromosome		NW_026698125.1	unplaced-scaffold	30460			HAP1_SCAFFOLD_4784
GCA_030435755.1	Primary Assembly	Un			JAUDYK010002109.1	Chromosome		NW_026698126.1	unplaced-scaffold	61322			HAP1_SCAFFOLD_1645
GCA_030435755.1	Primary Assembly	Un			JAUDYK010002110.1	Chromosome		NW_026698127.1	unplaced-scaffold	30631			HAP1_SCAFFOLD_4767
GCA_030435755.1	Primary Assembly	Un			JAUDYK010002111.1	Chromosome		NW_026698128.1	unplaced-scaffold	133083			HAP1_SCAFFOLD_466
GCA_030435755.1	Primary Assembly	Un			JAUDYK010002112.1	Chromosome		NW_026698129.1	unplaced-scaffold	34453			HAP1_SCAFFOLD_4140
GCA_030435755.1	Primary Assembly	Un			JAUDYK010002113.1	Chromosome		NW_026698130.1	unplaced-scaffold	76357			HAP1_SCAFFOLD_1153
GCA_030435755.1	Primary Assembly	Un			JAUDYK010002114.1	Chromosome		NW_026698131.1	unplaced-scaffold	36534			HAP1_SCAFFOLD_3855
GCA_030435755.1	Primary Assembly	Un			JAUDYK010002115.1	Chromosome		NW_026698132.1	unplaced-scaffold	188406			HAP1_SCAFFOLD_283
GCA_030435755.1	Primary Assembly	Un			JAUDYK010002116.1	Chromosome		NW_026698133.1	unplaced-scaffold	33827			HAP1_SCAFFOLD_4231
GCA_030435755.1	Primary Assembly	Un			JAUDYK010002117.1	Chromosome		NW_026698134.1	unplaced-scaffold	101878			HAP1_SCAFFOLD_719
GCA_030435755.1	Primary Assembly	Un			JAUDYK010002118.1	Chromosome		NW_026698135.1	unplaced-scaffold	89457			HAP1_SCAFFOLD_891
GCA_030435755.1	Primary Assembly	Un			JAUDYK010002119.1	Chromosome		NW_026698136.1	unplaced-scaffold	53657			HAP1_SCAFFOLD_2054
GCA_030435755.1	Primary Assembly	Un			JAUDYK010002120.1	Chromosome		NW_026698137.1	unplaced-scaffold	27555			HAP1_SCAFFOLD_5190
GCA_030435755.1	Primary Assembly	Un			JAUDYK010002121.1	Chromosome		NW_026698138.1	unplaced-scaffold	38330			HAP1_SCAFFOLD_3567
GCA_030435755.1	Primary Assembly	Un			JAUDYK010002122.1	Chromosome		NW_026698139.1	unplaced-scaffold	39958			HAP1_SCAFFOLD_3345
GCA_030435755.1	Primary Assembly	Un			JAUDYK010002123.1	Chromosome		NW_026698140.1	unplaced-scaffold	36685			HAP1_SCAFFOLD_3829
GCA_030435755.1	Primary Assembly	Un			JAUDYK010002124.1	Chromosome		NW_026698141.1	unplaced-scaffold	34368			HAP1_SCAFFOLD_4157
GCA_030435755.1	Primary Assembly	Un			JAUDYK010002125.1	Chromosome		NW_026698142.1	unplaced-scaffold	58699			HAP1_SCAFFOLD_1763
GCA_030435755.1	Primary Assembly	Un			JAUDYK010002126.1	Chromosome		NW_026698143.1	unplaced-scaffold	125372			HAP1_SCAFFOLD_505
GCA_030435755.1	Primary Assembly	Un			JAUDYK010002127.1	Chromosome		NW_026698144.1	unplaced-scaffold	32640			HAP1_SCAFFOLD_4420
GCA_030435755.1	Primary Assembly	Un			JAUDYK010002128.1	Chromosome		NW_026698145.1	unplaced-scaffold	39024			HAP1_SCAFFOLD_3466
GCA_030435755.1	Primary Assembly	Un			JAUDYK010002129.1	Chromosome		NW_026698146.1	unplaced-scaffold	51063			HAP1_SCAFFOLD_2242
GCA_030435755.1	Primary Assembly	Un			JAUDYK010002130.1	Chromosome		NW_026698147.1	unplaced-scaffold	20234			HAP1_SCAFFOLD_5834
GCA_030435755.1	Primary Assembly	Un			JAUDYK010002131.1	Chromosome		NW_026698148.1	unplaced-scaffold	73945			HAP1_SCAFFOLD_1204
GCA_030435755.1	Primary Assembly	Un			JAUDYK010002132.1	Chromosome		NW_026698149.1	unplaced-scaffold	40907			HAP1_SCAFFOLD_3227
GCA_030435755.1	Primary Assembly	Un			JAUDYK010002133.1	Chromosome		NW_026698150.1	unplaced-scaffold	35170			HAP1_SCAFFOLD_4034
GCA_030435755.1	Primary Assembly	Un			JAUDYK010002134.1	Chromosome		NW_026698151.1	unplaced-scaffold	42840			HAP1_SCAFFOLD_2998
GCA_030435755.1	Primary Assembly	Un			JAUDYK010002135.1	Chromosome		NW_026698152.1	unplaced-scaffold	37160			HAP1_SCAFFOLD_3743
GCA_030435755.1	Primary Assembly	Un			JAUDYK010002136.1	Chromosome		NW_026698153.1	unplaced-scaffold	52589			HAP1_SCAFFOLD_2137
GCA_030435755.1	Primary Assembly	Un			JAUDYK010002137.1	Chromosome		NW_026698154.1	unplaced-scaffold	68650			HAP1_SCAFFOLD_1365
GCA_030435755.1	Primary Assembly	Un			JAUDYK010002138.1	Chromosome		NW_026698155.1	unplaced-scaffold	63681			HAP1_SCAFFOLD_1547
GCA_030435755.1	Primary Assembly	Un			JAUDYK010002139.1	Chromosome		NW_026698156.1	unplaced-scaffold	24233			HAP1_SCAFFOLD_5593
GCA_030435755.1	Primary Assembly	Un			JAUDYK010002140.1	Chromosome		NW_026698157.1	unplaced-scaffold	139590			HAP1_SCAFFOLD_434
GCA_030435755.1	Primary Assembly	Un			JAUDYK010002141.1	Chromosome		NW_026698158.1	unplaced-scaffold	121782			HAP1_SCAFFOLD_539
GCA_030435755.1	Primary Assembly	Un			JAUDYK010002142.1	Chromosome		NW_026698159.1	unplaced-scaffold	31890			HAP1_SCAFFOLD_4543
GCA_030435755.1	Primary Assembly	Un			JAUDYK010002143.1	Chromosome		NW_026698160.1	unplaced-scaffold	63636			HAP1_SCAFFOLD_1550
GCA_030435755.1	Primary Assembly	Un			JAUDYK010002144.1	Chromosome		NW_026698161.1	unplaced-scaffold	37702			HAP1_SCAFFOLD_3665
GCA_030435755.1	Primary Assembly	Un			JAUDYK010002145.1	Chromosome		NW_026698162.1	unplaced-scaffold	77522			HAP1_SCAFFOLD_1126
GCA_030435755.1	Primary Assembly	Un			JAUDYK010002146.1	Chromosome		NW_026698163.1	unplaced-scaffold	129919			HAP1_SCAFFOLD_485
GCA_030435755.1	Primary Assembly	Un			JAUDYK010002147.1	Chromosome		NW_026698164.1	unplaced-scaffold	50949			HAP1_SCAFFOLD_2251
GCA_030435755.1	Primary Assembly	Un			JAUDYK010002148.1	Chromosome		NW_026698165.1	unplaced-scaffold	53639			HAP1_SCAFFOLD_2055
GCA_030435755.1	Primary Assembly	Un			JAUDYK010002149.1	Chromosome		NW_026698166.1	unplaced-scaffold	180033			HAP1_SCAFFOLD_303
GCA_030435755.1	Primary Assembly	Un			JAUDYK010002150.1	Chromosome		NW_026698167.1	unplaced-scaffold	28408			HAP1_SCAFFOLD_5079
GCA_030435755.1	Primary Assembly	Un			JAUDYK010002151.1	Chromosome		NW_026698168.1	unplaced-scaffold	37413			HAP1_SCAFFOLD_3710
GCA_030435755.1	Primary Assembly	Un			JAUDYK010002152.1	Chromosome		NW_026698169.1	unplaced-scaffold	28090			HAP1_SCAFFOLD_5121
GCA_030435755.1	Primary Assembly	Un			JAUDYK010002153.1	Chromosome		NW_026698170.1	unplaced-scaffold	39976			HAP1_SCAFFOLD_3344
GCA_030435755.1	Primary Assembly	Un			JAUDYK010002154.1	Chromosome		NW_026698171.1	unplaced-scaffold	54105			HAP1_SCAFFOLD_2029
GCA_030435755.1	Primary Assembly	Un			JAUDYK010002155.1	Chromosome		NW_026698172.1	unplaced-scaffold	32098			HAP1_SCAFFOLD_4510
GCA_030435755.1	Primary Assembly	Un			JAUDYK010002156.1	Chromosome		NW_026698173.1	unplaced-scaffold	61336			HAP1_SCAFFOLD_1644
GCA_030435755.1	Primary Assembly	Un			JAUDYK010002157.1	Chromosome		NW_026698174.1	unplaced-scaffold	48175			HAP1_SCAFFOLD_2488
GCA_030435755.1	Primary Assembly	Un			JAUDYK010002158.1	Chromosome		NW_026698175.1	unplaced-scaffold	36544			HAP1_SCAFFOLD_3854
GCA_030435755.1	Primary Assembly	Un			JAUDYK010002159.1	Chromosome		NW_026698176.1	unplaced-scaffold	46685			HAP1_SCAFFOLD_2602
GCA_030435755.1	Primary Assembly	Un			JAUDYK010002160.1	Chromosome		NW_026698177.1	unplaced-scaffold	52908			HAP1_SCAFFOLD_2108
GCA_030435755.1	Primary Assembly	Un			JAUDYK010002161.1	Chromosome		NW_026698178.1	unplaced-scaffold	52078			HAP1_SCAFFOLD_2171
GCA_030435755.1	Primary Assembly	Un			JAUDYK010002162.1	Chromosome		NW_026698179.1	unplaced-scaffold	275489			HAP1_SCAFFOLD_181
GCA_030435755.1	Primary Assembly	Un			JAUDYK010002163.1	Chromosome		NW_026698180.1	unplaced-scaffold	30455			HAP1_SCAFFOLD_4785
GCA_030435755.1	Primary Assembly	Un			JAUDYK010002164.1	Chromosome		NW_026698181.1	unplaced-scaffold	49204			HAP1_SCAFFOLD_2395
GCA_030435755.1	Primary Assembly	Un			JAUDYK010002165.1	Chromosome		NW_026698182.1	unplaced-scaffold	38220			HAP1_SCAFFOLD_3585
GCA_030435755.1	Primary Assembly	Un			JAUDYK010002166.1	Chromosome		NW_026698183.1	unplaced-scaffold	29786			HAP1_SCAFFOLD_4879
GCA_030435755.1	Primary Assembly	Un			JAUDYK010002167.1	Chromosome		NW_026698184.1	unplaced-scaffold	54994			HAP1_SCAFFOLD_1968
GCA_030435755.1	Primary Assembly	Un			JAUDYK010002168.1	Chromosome		NW_026698185.1	unplaced-scaffold	58215			HAP1_SCAFFOLD_1794
GCA_030435755.1	Primary Assembly	Un			JAUDYK010002169.1	Chromosome		NW_026698186.1	unplaced-scaffold	72095			HAP1_SCAFFOLD_1258
GCA_030435755.1	Primary Assembly	Un			JAUDYK010002170.1	Chromosome		NW_026698187.1	unplaced-scaffold	20702			HAP1_SCAFFOLD_5813
GCA_030435755.1	Primary Assembly	Un			JAUDYK010002171.1	Chromosome		NW_026698188.1	unplaced-scaffold	48677			HAP1_SCAFFOLD_2449
GCA_030435755.1	Primary Assembly	Un			JAUDYK010002172.1	Chromosome		NW_026698189.1	unplaced-scaffold	85180			HAP1_SCAFFOLD_972
GCA_030435755.1	Primary Assembly	Un			JAUDYK010002173.1	Chromosome		NW_026698190.1	unplaced-scaffold	54681			HAP1_SCAFFOLD_1991
GCA_030435755.1	Primary Assembly	Un			JAUDYK010002174.1	Chromosome		NW_026698191.1	unplaced-scaffold	25228			HAP1_SCAFFOLD_5486
GCA_030435755.1	Primary Assembly	Un			JAUDYK010002175.1	Chromosome		NW_026698192.1	unplaced-scaffold	28216			HAP1_SCAFFOLD_5106
GCA_030435755.1	Primary Assembly	Un			JAUDYK010002176.1	Chromosome		NW_026698193.1	unplaced-scaffold	23159			HAP1_SCAFFOLD_5685
GCA_030435755.1	Primary Assembly	Un			JAUDYK010002177.1	Chromosome		NW_026698194.1	unplaced-scaffold	34466			HAP1_SCAFFOLD_4135
GCA_030435755.1	Primary Assembly	Un			JAUDYK010002178.1	Chromosome		NW_026698195.1	unplaced-scaffold	50735			HAP1_SCAFFOLD_2274
GCA_030435755.1	Primary Assembly	Un			JAUDYK010002179.1	Chromosome		NW_026698196.1	unplaced-scaffold	61571			HAP1_SCAFFOLD_1630
GCA_030435755.1	Primary Assembly	Un			JAUDYK010002180.1	Chromosome		NW_026698197.1	unplaced-scaffold	202264			HAP1_SCAFFOLD_256
GCA_030435755.1	Primary Assembly	Un			JAUDYK010002181.1	Chromosome		NW_026698198.1	unplaced-scaffold	82485			HAP1_SCAFFOLD_1017
GCA_030435755.1	Primary Assembly	Un			JAUDYK010002182.1	Chromosome		NW_026698199.1	unplaced-scaffold	36659			HAP1_SCAFFOLD_3837
GCA_030435755.1	Primary Assembly	Un			JAUDYK010002183.1	Chromosome		NW_026698200.1	unplaced-scaffold	27291			HAP1_SCAFFOLD_5224
GCA_030435755.1	Primary Assembly	Un			JAUDYK010002184.1	Chromosome		NW_026698201.1	unplaced-scaffold	91762			HAP1_SCAFFOLD_845
GCA_030435755.1	Primary Assembly	Un			JAUDYK010002185.1	Chromosome		NW_026698202.1	unplaced-scaffold	35340			HAP1_SCAFFOLD_4013
GCA_030435755.1	Primary Assembly	Un			JAUDYK010002186.1	Chromosome		NW_026698203.1	unplaced-scaffold	49620			HAP1_SCAFFOLD_2363
GCA_030435755.1	Primary Assembly	Un			JAUDYK010002187.1	Chromosome		NW_026698204.1	unplaced-scaffold	40125			HAP1_SCAFFOLD_3330
GCA_030435755.1	Primary Assembly	Un			JAUDYK010002188.1	Chromosome		NW_026698205.1	unplaced-scaffold	103511			HAP1_SCAFFOLD_709
GCA_030435755.1	Primary Assembly	Un			JAUDYK010002189.1	Chromosome		NW_026698206.1	unplaced-scaffold	36793			HAP1_SCAFFOLD_3808
GCA_030435755.1	Primary Assembly	Un			JAUDYK010002190.1	Chromosome		NW_026698207.1	unplaced-scaffold	43190			HAP1_SCAFFOLD_2961
GCA_030435755.1	Primary Assembly	Un			JAUDYK010002191.1	Chromosome		NW_026698208.1	unplaced-scaffold	36428			HAP1_SCAFFOLD_3871
GCA_030435755.1	Primary Assembly	Un			JAUDYK010002192.1	Chromosome		NW_026698209.1	unplaced-scaffold	52397			HAP1_SCAFFOLD_2154
GCA_030435755.1	Primary Assembly	Un			JAUDYK010002193.1	Chromosome		NW_026698210.1	unplaced-scaffold	18105			HAP1_SCAFFOLD_5912
GCA_030435755.1	Primary Assembly	Un			JAUDYK010002194.1	Chromosome		NW_026698211.1	unplaced-scaffold	28321			HAP1_SCAFFOLD_5090
GCA_030435755.1	Primary Assembly	Un			JAUDYK010002195.1	Chromosome		NW_026698212.1	unplaced-scaffold	35000			HAP1_SCAFFOLD_4057
GCA_030435755.1	Primary Assembly	Un			JAUDYK010002196.1	Chromosome		NW_026698213.1	unplaced-scaffold	80934			HAP1_SCAFFOLD_1053
GCA_030435755.1	Primary Assembly	Un			JAUDYK010002197.1	Chromosome		NW_026698214.1	unplaced-scaffold	35085			HAP1_SCAFFOLD_4040
GCA_030435755.1	Primary Assembly	Un			JAUDYK010002198.1	Chromosome		NW_026698215.1	unplaced-scaffold	45167			HAP1_SCAFFOLD_2764
GCA_030435755.1	Primary Assembly	Un			JAUDYK010002199.1	Chromosome		NW_026698216.1	unplaced-scaffold	60740			HAP1_SCAFFOLD_1672
GCA_030435755.1	Primary Assembly	Un			JAUDYK010002200.1	Chromosome		NW_026698217.1	unplaced-scaffold	74972			HAP1_SCAFFOLD_1178
GCA_030435755.1	Primary Assembly	Un			JAUDYK010002201.1	Chromosome		NW_026698218.1	unplaced-scaffold	33925			HAP1_SCAFFOLD_4218
GCA_030435755.1	Primary Assembly	Un			JAUDYK010002202.1	Chromosome		NW_026698219.1	unplaced-scaffold	194049			HAP1_SCAFFOLD_268
GCA_030435755.1	Primary Assembly	Un			JAUDYK010002203.1	Chromosome		NW_026698220.1	unplaced-scaffold	96749			HAP1_SCAFFOLD_784
GCA_030435755.1	Primary Assembly	Un			JAUDYK010002204.1	Chromosome		NW_026698221.1	unplaced-scaffold	78523			HAP1_SCAFFOLD_1101
GCA_030435755.1	Primary Assembly	Un			JAUDYK010002205.1	Chromosome		NW_026698222.1	unplaced-scaffold	44905			HAP1_SCAFFOLD_2787
GCA_030435755.1	Primary Assembly	Un			JAUDYK010002206.1	Chromosome		NW_026698223.1	unplaced-scaffold	65385			HAP1_SCAFFOLD_1481
GCA_030435755.1	Primary Assembly	Un			JAUDYK010002207.1	Chromosome		NW_026698224.1	unplaced-scaffold	67906			HAP1_SCAFFOLD_1393
GCA_030435755.1	Primary Assembly	Un			JAUDYK010002208.1	Chromosome		NW_026698225.1	unplaced-scaffold	24473			HAP1_SCAFFOLD_5565
GCA_030435755.1	Primary Assembly	Un			JAUDYK010002209.1	Chromosome		NW_026698226.1	unplaced-scaffold	26330			HAP1_SCAFFOLD_5347
GCA_030435755.1	Primary Assembly	Un			JAUDYK010002210.1	Chromosome		NW_026698227.1	unplaced-scaffold	20121			HAP1_SCAFFOLD_5840
GCA_030435755.1	Primary Assembly	Un			JAUDYK010002211.1	Chromosome		NW_026698228.1	unplaced-scaffold	100135			HAP1_SCAFFOLD_735
GCA_030435755.1	Primary Assembly	Un			JAUDYK010002212.1	Chromosome		NW_026698229.1	unplaced-scaffold	19740			HAP1_SCAFFOLD_5857
GCA_030435755.1	Primary Assembly	Un			JAUDYK010002213.1	Chromosome		NW_026698230.1	unplaced-scaffold	29703			HAP1_SCAFFOLD_4890
GCA_030435755.1	Primary Assembly	Un			JAUDYK010002214.1	Chromosome		NW_026698231.1	unplaced-scaffold	32794			HAP1_SCAFFOLD_4397
GCA_030435755.1	Primary Assembly	Un			JAUDYK010002215.1	Chromosome		NW_026698232.1	unplaced-scaffold	29346			HAP1_SCAFFOLD_4946
GCA_030435755.1	Primary Assembly	Un			JAUDYK010002216.1	Chromosome		NW_026698233.1	unplaced-scaffold	39779			HAP1_SCAFFOLD_3372
GCA_030435755.1	Primary Assembly	Un			JAUDYK010002217.1	Chromosome		NW_026698234.1	unplaced-scaffold	330211			HAP1_SCAFFOLD_159
GCA_030435755.1	Primary Assembly	Un			JAUDYK010002218.1	Chromosome		NW_026698235.1	unplaced-scaffold	26321			HAP1_SCAFFOLD_5350
GCA_030435755.1	Primary Assembly	Un			JAUDYK010002219.1	Chromosome		NW_026698236.1	unplaced-scaffold	37529			HAP1_SCAFFOLD_3693
GCA_030435755.1	Primary Assembly	Un			JAUDYK010002220.1	Chromosome		NW_026698237.1	unplaced-scaffold	63223			HAP1_SCAFFOLD_1564
GCA_030435755.1	Primary Assembly	Un			JAUDYK010002221.1	Chromosome		NW_026698238.1	unplaced-scaffold	36786			HAP1_SCAFFOLD_3809
GCA_030435755.1	Primary Assembly	Un			JAUDYK010002222.1	Chromosome		NW_026698239.1	unplaced-scaffold	145742			HAP1_SCAFFOLD_411
GCA_030435755.1	Primary Assembly	Un			JAUDYK010002223.1	Chromosome		NW_026698240.1	unplaced-scaffold	447948			HAP1_SCAFFOLD_127
GCA_030435755.1	Primary Assembly	Un			JAUDYK010002224.1	Chromosome		NW_026698241.1	unplaced-scaffold	50656			HAP1_SCAFFOLD_2282
GCA_030435755.1	Primary Assembly	Un			JAUDYK010002225.1	Chromosome		NW_026698242.1	unplaced-scaffold	45716			HAP1_SCAFFOLD_2697
GCA_030435755.1	Primary Assembly	Un			JAUDYK010002226.1	Chromosome		NW_026698243.1	unplaced-scaffold	74915			HAP1_SCAFFOLD_1179
GCA_030435755.1	Primary Assembly	Un			JAUDYK010002227.1	Chromosome		NW_026698244.1	unplaced-scaffold	33915			HAP1_SCAFFOLD_4219
GCA_030435755.1	Primary Assembly	Un			JAUDYK010002228.1	Chromosome		NW_026698245.1	unplaced-scaffold	190056			HAP1_SCAFFOLD_279
GCA_030435755.1	Primary Assembly	Un			JAUDYK010002229.1	Chromosome		NW_026698246.1	unplaced-scaffold	31641			HAP1_SCAFFOLD_4583
GCA_030435755.1	Primary Assembly	Un			JAUDYK010002230.1	Chromosome		NW_026698247.1	unplaced-scaffold	43457			HAP1_SCAFFOLD_2932
GCA_030435755.1	Primary Assembly	Un			JAUDYK010002231.1	Chromosome		NW_026698248.1	unplaced-scaffold	82304			HAP1_SCAFFOLD_1021
GCA_030435755.1	Primary Assembly	Un			JAUDYK010002232.1	Chromosome		NW_026698249.1	unplaced-scaffold	138917			HAP1_SCAFFOLD_438
GCA_030435755.1	Primary Assembly	Un			JAUDYK010002233.1	Chromosome		NW_026698250.1	unplaced-scaffold	62613			HAP1_SCAFFOLD_1587
GCA_030435755.1	Primary Assembly	Un			JAUDYK010002234.1	Chromosome		NW_026698251.1	unplaced-scaffold	36938			HAP1_SCAFFOLD_3783
GCA_030435755.1	Primary Assembly	Un			JAUDYK010002235.1	Chromosome		NW_026698252.1	unplaced-scaffold	72094			HAP1_SCAFFOLD_1259
GCA_030435755.1	Primary Assembly	Un			JAUDYK010002236.1	Chromosome		NW_026698253.1	unplaced-scaffold	60543			HAP1_SCAFFOLD_1684
GCA_030435755.1	Primary Assembly	Un			JAUDYK010002237.1	Chromosome		NW_026698254.1	unplaced-scaffold	53357			HAP1_SCAFFOLD_2076
GCA_030435755.1	Primary Assembly	Un			JAUDYK010002238.1	Chromosome		NW_026698255.1	unplaced-scaffold	48677			HAP1_SCAFFOLD_2448
GCA_030435755.1	Primary Assembly	Un			JAUDYK010002239.1	Chromosome		NW_026698256.1	unplaced-scaffold	73361			HAP1_SCAFFOLD_1225
GCA_030435755.1	Primary Assembly	Un			JAUDYK010002240.1	Chromosome		NW_026698257.1	unplaced-scaffold	28831			HAP1_SCAFFOLD_5026
GCA_030435755.1	Primary Assembly	Un			JAUDYK010002241.1	Chromosome		NW_026698258.1	unplaced-scaffold	46758			HAP1_SCAFFOLD_2594
GCA_030435755.1	Primary Assembly	Un			JAUDYK010002242.1	Chromosome		NW_026698259.1	unplaced-scaffold	39643			HAP1_SCAFFOLD_3384
GCA_030435755.1	Primary Assembly	Un			JAUDYK010002243.1	Chromosome		NW_026698260.1	unplaced-scaffold	31296			HAP1_SCAFFOLD_4663
GCA_030435755.1	Primary Assembly	Un			JAUDYK010002244.1	Chromosome		NW_026698261.1	unplaced-scaffold	21103			HAP1_SCAFFOLD_5795
GCA_030435755.1	Primary Assembly	Un			JAUDYK010002245.1	Chromosome		NW_026698262.1	unplaced-scaffold	39834			HAP1_SCAFFOLD_3367
GCA_030435755.1	Primary Assembly	Un			JAUDYK010002246.1	Chromosome		NW_026698263.1	unplaced-scaffold	41883			HAP1_SCAFFOLD_3114
GCA_030435755.1	Primary Assembly	Un			JAUDYK010002247.1	Chromosome		NW_026698264.1	unplaced-scaffold	38450			HAP1_SCAFFOLD_3545
GCA_030435755.1	Primary Assembly	Un			JAUDYK010002248.1	Chromosome		NW_026698265.1	unplaced-scaffold	36507			HAP1_SCAFFOLD_3860
GCA_030435755.1	Primary Assembly	Un			JAUDYK010002249.1	Chromosome		NW_026698266.1	unplaced-scaffold	43133			HAP1_SCAFFOLD_2970
GCA_030435755.1	Primary Assembly	Un			JAUDYK010002250.1	Chromosome		NW_026698267.1	unplaced-scaffold	30145			HAP1_SCAFFOLD_4826
GCA_030435755.1	Primary Assembly	Un			JAUDYK010002251.1	Chromosome		NW_026698268.1	unplaced-scaffold	44545			HAP1_SCAFFOLD_2833
GCA_030435755.1	Primary Assembly	Un			JAUDYK010002252.1	Chromosome		NW_026698269.1	unplaced-scaffold	104672			HAP1_SCAFFOLD_696
GCA_030435755.1	Primary Assembly	Un			JAUDYK010002253.1	Chromosome		NW_026698270.1	unplaced-scaffold	795720			HAP1_SCAFFOLD_78
GCA_030435755.1	Primary Assembly	Un			JAUDYK010002254.1	Chromosome		NW_026698271.1	unplaced-scaffold	96286			HAP1_SCAFFOLD_792
GCA_030435755.1	Primary Assembly	Un			JAUDYK010002255.1	Chromosome		NW_026698272.1	unplaced-scaffold	30755			HAP1_SCAFFOLD_4745
GCA_030435755.1	Primary Assembly	Un			JAUDYK010002256.1	Chromosome		NW_026698273.1	unplaced-scaffold	60820			HAP1_SCAFFOLD_1667
GCA_030435755.1	Primary Assembly	Un			JAUDYK010002257.1	Chromosome		NW_026698274.1	unplaced-scaffold	290525			HAP1_SCAFFOLD_176
GCA_030435755.1	Primary Assembly	Un			JAUDYK010002258.1	Chromosome		NW_026698275.1	unplaced-scaffold	17523			HAP1_SCAFFOLD_5920
GCA_030435755.1	Primary Assembly	Un			JAUDYK010002259.1	Chromosome		NW_026698276.1	unplaced-scaffold	28409			HAP1_SCAFFOLD_5078
GCA_030435755.1	Primary Assembly	Un			JAUDYK010002260.1	Chromosome		NW_026698277.1	unplaced-scaffold	29021			HAP1_SCAFFOLD_5001
GCA_030435755.1	Primary Assembly	Un			JAUDYK010002261.1	Chromosome		NW_026698278.1	unplaced-scaffold	33357			HAP1_SCAFFOLD_4302
GCA_030435755.1	Primary Assembly	Un			JAUDYK010002262.1	Chromosome		NW_026698279.1	unplaced-scaffold	87099			HAP1_SCAFFOLD_937
GCA_030435755.1	Primary Assembly	Un			JAUDYK010002263.1	Chromosome		NW_026698280.1	unplaced-scaffold	25524			HAP1_SCAFFOLD_5446
GCA_030435755.1	Primary Assembly	Un			JAUDYK010002264.1	Chromosome		NW_026698281.1	unplaced-scaffold	90610			HAP1_SCAFFOLD_867
GCA_030435755.1	Primary Assembly	Un			JAUDYK010002265.1	Chromosome		NW_026698282.1	unplaced-scaffold	54111			HAP1_SCAFFOLD_2028
GCA_030435755.1	Primary Assembly	Un			JAUDYK010002266.1	Chromosome		NW_026698283.1	unplaced-scaffold	32201			HAP1_SCAFFOLD_4496
GCA_030435755.1	Primary Assembly	Un			JAUDYK010002267.1	Chromosome		NW_026698284.1	unplaced-scaffold	111174			HAP1_SCAFFOLD_625
GCA_030435755.1	Primary Assembly	Un			JAUDYK010002268.1	Chromosome		NW_026698285.1	unplaced-scaffold	48173			HAP1_SCAFFOLD_2489
GCA_030435755.1	Primary Assembly	Un			JAUDYK010002269.1	Chromosome		NW_026698286.1	unplaced-scaffold	41117			HAP1_SCAFFOLD_3211
GCA_030435755.1	Primary Assembly	Un			JAUDYK010002270.1	Chromosome		NW_026698287.1	unplaced-scaffold	52903			HAP1_SCAFFOLD_2109
GCA_030435755.1	Primary Assembly	Un			JAUDYK010002271.1	Chromosome		NW_026698288.1	unplaced-scaffold	31077			HAP1_SCAFFOLD_4695
GCA_030435755.1	Primary Assembly	Un			JAUDYK010002272.1	Chromosome		NW_026698289.1	unplaced-scaffold	21913			HAP1_SCAFFOLD_5763
GCA_030435755.1	Primary Assembly	Un			JAUDYK010002273.1	Chromosome		NW_026698290.1	unplaced-scaffold	74392			HAP1_SCAFFOLD_1190
GCA_030435755.1	Primary Assembly	Un			JAUDYK010002274.1	Chromosome		NW_026698291.1	unplaced-scaffold	27897			HAP1_SCAFFOLD_5153
GCA_030435755.1	Primary Assembly	Un			JAUDYK010002275.1	Chromosome		NW_026698292.1	unplaced-scaffold	23638			HAP1_SCAFFOLD_5645
GCA_030435755.1	Primary Assembly	Un			JAUDYK010002276.1	Chromosome		NW_026698293.1	unplaced-scaffold	30336			HAP1_SCAFFOLD_4801
GCA_030435755.1	Primary Assembly	Un			JAUDYK010002277.1	Chromosome		NW_026698294.1	unplaced-scaffold	236076			HAP1_SCAFFOLD_220
GCA_030435755.1	Primary Assembly	Un			JAUDYK010002278.1	Chromosome		NW_026698295.1	unplaced-scaffold	29793			HAP1_SCAFFOLD_4878
GCA_030435755.1	Primary Assembly	Un			JAUDYK010002279.1	Chromosome		NW_026698296.1	unplaced-scaffold	54973			HAP1_SCAFFOLD_1969
GCA_030435755.1	Primary Assembly	Un			JAUDYK010002280.1	Chromosome		NW_026698297.1	unplaced-scaffold	32688			HAP1_SCAFFOLD_4412
GCA_030435755.1	Primary Assembly	Un			JAUDYK010002281.1	Chromosome		NW_026698298.1	unplaced-scaffold	34851			HAP1_SCAFFOLD_4080
GCA_030435755.1	Primary Assembly	Un			JAUDYK010002282.1	Chromosome		NW_026698299.1	unplaced-scaffold	51327			HAP1_SCAFFOLD_2223
GCA_030435755.1	Primary Assembly	Un			JAUDYK010002283.1	Chromosome		NW_026698300.1	unplaced-scaffold	33801			HAP1_SCAFFOLD_4236
GCA_030435755.1	Primary Assembly	Un			JAUDYK010002284.1	Chromosome		NW_026698301.1	unplaced-scaffold	28123			HAP1_SCAFFOLD_5117
GCA_030435755.1	Primary Assembly	Un			JAUDYK010002285.1	Chromosome		NW_026698302.1	unplaced-scaffold	26218			HAP1_SCAFFOLD_5364
GCA_030435755.1	Primary Assembly	Un			JAUDYK010002286.1	Chromosome		NW_026698303.1	unplaced-scaffold	26927			HAP1_SCAFFOLD_5273
GCA_030435755.1	Primary Assembly	Un			JAUDYK010002287.1	Chromosome		NW_026698304.1	unplaced-scaffold	56124			HAP1_SCAFFOLD_1900
GCA_030435755.1	Primary Assembly	Un			JAUDYK010002288.1	Chromosome		NW_026698305.1	unplaced-scaffold	66367			HAP1_SCAFFOLD_1452
GCA_030435755.1	Primary Assembly	Un			JAUDYK010002289.1	Chromosome		NW_026698306.1	unplaced-scaffold	42702			HAP1_SCAFFOLD_3015
GCA_030435755.1	Primary Assembly	Un			JAUDYK010002290.1	Chromosome		NW_026698307.1	unplaced-scaffold	32030			HAP1_SCAFFOLD_4522
GCA_030435755.1	Primary Assembly	Un			JAUDYK010002291.1	Chromosome		NW_026698308.1	unplaced-scaffold	42831			HAP1_SCAFFOLD_2999
GCA_030435755.1	Primary Assembly	Un			JAUDYK010002292.1	Chromosome		NW_026698309.1	unplaced-scaffold	45307			HAP1_SCAFFOLD_2750
GCA_030435755.1	Primary Assembly	Un			JAUDYK010002293.1	Chromosome		NW_026698310.1	unplaced-scaffold	29121			HAP1_SCAFFOLD_4986
GCA_030435755.1	Primary Assembly	Un			JAUDYK010002294.1	Chromosome		NW_026698311.1	unplaced-scaffold	25978			HAP1_SCAFFOLD_5387
GCA_030435755.1	Primary Assembly	Un			JAUDYK010002295.1	Chromosome		NW_026698312.1	unplaced-scaffold	66531			HAP1_SCAFFOLD_1441
GCA_030435755.1	Primary Assembly	Un			JAUDYK010002296.1	Chromosome		NW_026698313.1	unplaced-scaffold	52298			HAP1_SCAFFOLD_2160
GCA_030435755.1	Primary Assembly	Un			JAUDYK010002297.1	Chromosome		NW_026698314.1	unplaced-scaffold	112070			HAP1_SCAFFOLD_617
GCA_030435755.1	Primary Assembly	Un			JAUDYK010002298.1	Chromosome		NW_026698315.1	unplaced-scaffold	41720			HAP1_SCAFFOLD_3133
GCA_030435755.1	Primary Assembly	Un			JAUDYK010002299.1	Chromosome		NW_026698316.1	unplaced-scaffold	45315			HAP1_SCAFFOLD_2747
GCA_030435755.1	Primary Assembly	Un			JAUDYK010002300.1	Chromosome		NW_026698317.1	unplaced-scaffold	96671			HAP1_SCAFFOLD_788
GCA_030435755.1	Primary Assembly	Un			JAUDYK010002301.1	Chromosome		NW_026698318.1	unplaced-scaffold	196663			HAP1_SCAFFOLD_264
GCA_030435755.1	Primary Assembly	Un			JAUDYK010002302.1	Chromosome		NW_026698319.1	unplaced-scaffold	27430			HAP1_SCAFFOLD_5205
GCA_030435755.1	Primary Assembly	Un			JAUDYK010002303.1	Chromosome		NW_026698320.1	unplaced-scaffold	82942			HAP1_SCAFFOLD_1006
GCA_030435755.1	Primary Assembly	Un			JAUDYK010002304.1	Chromosome		NW_026698321.1	unplaced-scaffold	57328			HAP1_SCAFFOLD_1835
GCA_030435755.1	Primary Assembly	Un			JAUDYK010002305.1	Chromosome		NW_026698322.1	unplaced-scaffold	44687			HAP1_SCAFFOLD_2814
GCA_030435755.1	Primary Assembly	Un			JAUDYK010002306.1	Chromosome		NW_026698323.1	unplaced-scaffold	37329			HAP1_SCAFFOLD_3722
GCA_030435755.1	Primary Assembly	Un			JAUDYK010002307.1	Chromosome		NW_026698324.1	unplaced-scaffold	19183			HAP1_SCAFFOLD_5880
GCA_030435755.1	Primary Assembly	Un			JAUDYK010002308.1	Chromosome		NW_026698325.1	unplaced-scaffold	23642			HAP1_SCAFFOLD_5644
GCA_030435755.1	Primary Assembly	Un			JAUDYK010002309.1	Chromosome		NW_026698326.1	unplaced-scaffold	33635			HAP1_SCAFFOLD_4262
GCA_030435755.1	Primary Assembly	Un			JAUDYK010002310.1	Chromosome		NW_026698327.1	unplaced-scaffold	115678			HAP1_SCAFFOLD_581
GCA_030435755.1	Primary Assembly	Un			JAUDYK010002311.1	Chromosome		NW_026698328.1	unplaced-scaffold	79230			HAP1_SCAFFOLD_1079
GCA_030435755.1	Primary Assembly	Un			JAUDYK010002312.1	Chromosome		NW_026698329.1	unplaced-scaffold	50926			HAP1_SCAFFOLD_2256
GCA_030435755.1	Primary Assembly	Un			JAUDYK010002313.1	Chromosome		NW_026698330.1	unplaced-scaffold	31079			HAP1_SCAFFOLD_4694
GCA_030435755.1	Primary Assembly	Un			JAUDYK010002314.1	Chromosome		NW_026698331.1	unplaced-scaffold	77780			HAP1_SCAFFOLD_1121
GCA_030435755.1	Primary Assembly	Un			JAUDYK010002315.1	Chromosome		NW_026698332.1	unplaced-scaffold	38510			HAP1_SCAFFOLD_3530
GCA_030435755.1	Primary Assembly	Un			JAUDYK010002316.1	Chromosome		NW_026698333.1	unplaced-scaffold	47099			HAP1_SCAFFOLD_2563
GCA_030435755.1	Primary Assembly	Un			JAUDYK010002317.1	Chromosome		NW_026698334.1	unplaced-scaffold	39050			HAP1_SCAFFOLD_3461
GCA_030435755.1	Primary Assembly	Un			JAUDYK010002318.1	Chromosome		NW_026698335.1	unplaced-scaffold	147175			HAP1_SCAFFOLD_401
GCA_030435755.1	Primary Assembly	Un			JAUDYK010002319.1	Chromosome		NW_026698336.1	unplaced-scaffold	30871			HAP1_SCAFFOLD_4730
GCA_030435755.1	Primary Assembly	Un			JAUDYK010002320.1	Chromosome		NW_026698337.1	unplaced-scaffold	221680			HAP1_SCAFFOLD_236
GCA_030435755.1	Primary Assembly	Un			JAUDYK010002321.1	Chromosome		NW_026698338.1	unplaced-scaffold	36689			HAP1_SCAFFOLD_3828
GCA_030435755.1	Primary Assembly	Un			JAUDYK010002322.1	Chromosome		NW_026698339.1	unplaced-scaffold	44677			HAP1_SCAFFOLD_2815
GCA_030435755.1	Primary Assembly	Un			JAUDYK010002323.1	Chromosome		NW_026698340.1	unplaced-scaffold	27451			HAP1_SCAFFOLD_5204
GCA_030435755.1	Primary Assembly	Un			JAUDYK010002324.1	Chromosome		NW_026698341.1	unplaced-scaffold	57367			HAP1_SCAFFOLD_1834
GCA_030435755.1	Primary Assembly	Un			JAUDYK010002325.1	Chromosome		NW_026698342.1	unplaced-scaffold	42715			HAP1_SCAFFOLD_3014
GCA_030435755.1	Primary Assembly	Un			JAUDYK010002326.1	Chromosome		NW_026698343.1	unplaced-scaffold	28076			HAP1_SCAFFOLD_5126
GCA_030435755.1	Primary Assembly	Un			JAUDYK010002327.1	Chromosome		NW_026698344.1	unplaced-scaffold	45901			HAP1_SCAFFOLD_2683
GCA_030435755.1	Primary Assembly	Un			JAUDYK010002328.1	Chromosome		NW_026698345.1	unplaced-scaffold	31563			HAP1_SCAFFOLD_4597
GCA_030435755.1	Primary Assembly	Un			JAUDYK010002329.1	Chromosome		NW_026698346.1	unplaced-scaffold	24709			HAP1_SCAFFOLD_5550
GCA_030435755.1	Primary Assembly	Un			JAUDYK010002330.1	Chromosome		NW_026698347.1	unplaced-scaffold	381391			HAP1_SCAFFOLD_139
GCA_030435755.1	Primary Assembly	Un			JAUDYK010002331.1	Chromosome		NW_026698348.1	unplaced-scaffold	38290			HAP1_SCAFFOLD_3572
GCA_030435755.1	Primary Assembly	Un			JAUDYK010002332.1	Chromosome		NW_026698349.1	unplaced-scaffold	35826			HAP1_SCAFFOLD_3949
GCA_030435755.1	Primary Assembly	Un			JAUDYK010002333.1	Chromosome		NW_026698350.1	unplaced-scaffold	98806			HAP1_SCAFFOLD_755
GCA_030435755.1	Primary Assembly	Un			JAUDYK010002334.1	Chromosome		NW_026698351.1	unplaced-scaffold	85266			HAP1_SCAFFOLD_970
GCA_030435755.1	Primary Assembly	Un			JAUDYK010002335.1	Chromosome		NW_026698352.1	unplaced-scaffold	52042			HAP1_SCAFFOLD_2176
GCA_030435755.1	Primary Assembly	Un			JAUDYK010002336.1	Chromosome		NW_026698353.1	unplaced-scaffold	62444			HAP1_SCAFFOLD_1593
GCA_030435755.1	Primary Assembly	Un			JAUDYK010002337.1	Chromosome		NW_026698354.1	unplaced-scaffold	26210			HAP1_SCAFFOLD_5365
GCA_030435755.1	Primary Assembly	Un			JAUDYK010002338.1	Chromosome		NW_026698355.1	unplaced-scaffold	24728			HAP1_SCAFFOLD_5547
GCA_030435755.1	Primary Assembly	Un			JAUDYK010002339.1	Chromosome		NW_026698356.1	unplaced-scaffold	30553			HAP1_SCAFFOLD_4772
GCA_030435755.1	Primary Assembly	Un			JAUDYK010002340.1	Chromosome		NW_026698357.1	unplaced-scaffold	156985			HAP1_SCAFFOLD_369
GCA_030435755.1	Primary Assembly	Un			JAUDYK010002341.1	Chromosome		NW_026698358.1	unplaced-scaffold	36859			HAP1_SCAFFOLD_3797
GCA_030435755.1	Primary Assembly	Un			JAUDYK010002342.1	Chromosome		NW_026698359.1	unplaced-scaffold	28644			HAP1_SCAFFOLD_5053
GCA_030435755.1	Primary Assembly	Un			JAUDYK010002343.1	Chromosome		NW_026698360.1	unplaced-scaffold	40860			HAP1_SCAFFOLD_3238
GCA_030435755.1	Primary Assembly	Un			JAUDYK010002344.1	Chromosome		NW_026698361.1	unplaced-scaffold	32291			HAP1_SCAFFOLD_4469
GCA_030435755.1	Primary Assembly	Un			JAUDYK010002345.1	Chromosome		NW_026698362.1	unplaced-scaffold	78890			HAP1_SCAFFOLD_1090
GCA_030435755.1	Primary Assembly	Un			JAUDYK010002346.1	Chromosome		NW_026698363.1	unplaced-scaffold	55950			HAP1_SCAFFOLD_1912
GCA_030435755.1	Primary Assembly	Un			JAUDYK010002347.1	Chromosome		NW_026698364.1	unplaced-scaffold	46500			HAP1_SCAFFOLD_2622
GCA_030435755.1	Primary Assembly	Un			JAUDYK010002348.1	Chromosome		NW_026698365.1	unplaced-scaffold	52747			HAP1_SCAFFOLD_2128
GCA_030435755.1	Primary Assembly	Un			JAUDYK010002349.1	Chromosome		NW_026698366.1	unplaced-scaffold	56955			HAP1_SCAFFOLD_1857
GCA_030435755.1	Primary Assembly	Un			JAUDYK010002350.1	Chromosome		NW_026698367.1	unplaced-scaffold	156240			HAP1_SCAFFOLD_374
GCA_030435755.1	Primary Assembly	Un			JAUDYK010002351.1	Chromosome		NW_026698368.1	unplaced-scaffold	37804			HAP1_SCAFFOLD_3647
GCA_030435755.1	Primary Assembly	Un			JAUDYK010002352.1	Chromosome		NW_026698369.1	unplaced-scaffold	69031			HAP1_SCAFFOLD_1350
GCA_030435755.1	Primary Assembly	Un			JAUDYK010002353.1	Chromosome		NW_026698370.1	unplaced-scaffold	118440			HAP1_SCAFFOLD_559
GCA_030435755.1	Primary Assembly	Un			JAUDYK010002354.1	Chromosome		NW_026698371.1	unplaced-scaffold	33114			HAP1_SCAFFOLD_4343
GCA_030435755.1	Primary Assembly	Un			JAUDYK010002355.1	Chromosome		NW_026698372.1	unplaced-scaffold	54379			HAP1_SCAFFOLD_2009
GCA_030435755.1	Primary Assembly	Un			JAUDYK010002356.1	Chromosome		NW_026698373.1	unplaced-scaffold	63196			HAP1_SCAFFOLD_1565
GCA_030435755.1	Primary Assembly	Un			JAUDYK010002357.1	Chromosome		NW_026698374.1	unplaced-scaffold	54621			HAP1_SCAFFOLD_1996
GCA_030435755.1	Primary Assembly	Un			JAUDYK010002358.1	Chromosome		NW_026698375.1	unplaced-scaffold	69074			HAP1_SCAFFOLD_1347
GCA_030435755.1	Primary Assembly	Un			JAUDYK010002359.1	Chromosome		NW_026698376.1	unplaced-scaffold	25306			HAP1_SCAFFOLD_5481
GCA_030435755.1	Primary Assembly	Un			JAUDYK010002360.1	Chromosome		NW_026698377.1	unplaced-scaffold	25935			HAP1_SCAFFOLD_5393
GCA_030435755.1	Primary Assembly	Un			JAUDYK010002361.1	Chromosome		NW_026698378.1	unplaced-scaffold	135515			HAP1_SCAFFOLD_454
GCA_030435755.1	Primary Assembly	Un			JAUDYK010002362.1	Chromosome		NW_026698379.1	unplaced-scaffold	37771			HAP1_SCAFFOLD_3650
GCA_030435755.1	Primary Assembly	Un			JAUDYK010002363.1	Chromosome		NW_026698380.1	unplaced-scaffold	28253			HAP1_SCAFFOLD_5101
GCA_030435755.1	Primary Assembly	Un			JAUDYK010002364.1	Chromosome		NW_026698381.1	unplaced-scaffold	27660			HAP1_SCAFFOLD_5178
GCA_030435755.1	Primary Assembly	Un			JAUDYK010002365.1	Chromosome		NW_026698382.1	unplaced-scaffold	23361			HAP1_SCAFFOLD_5672
GCA_030435755.1	Primary Assembly	Un			JAUDYK010002366.1	Chromosome		NW_026698383.1	unplaced-scaffold	35547			HAP1_SCAFFOLD_3988
GCA_030435755.1	Primary Assembly	Un			JAUDYK010002367.1	Chromosome		NW_026698384.1	unplaced-scaffold	86848			HAP1_SCAFFOLD_943
GCA_030435755.1	Primary Assembly	Un			JAUDYK010002368.1	Chromosome		NW_026698385.1	unplaced-scaffold	29943			HAP1_SCAFFOLD_4853
GCA_030435755.1	Primary Assembly	Un			JAUDYK010002369.1	Chromosome		NW_026698386.1	unplaced-scaffold	57267			HAP1_SCAFFOLD_1840
GCA_030435755.1	Primary Assembly	Un			JAUDYK010002370.1	Chromosome		NW_026698387.1	unplaced-scaffold	30199			HAP1_SCAFFOLD_4817
GCA_030435755.1	Primary Assembly	Un			JAUDYK010002371.1	Chromosome		NW_026698388.1	unplaced-scaffold	53587			HAP1_SCAFFOLD_2060
GCA_030435755.1	Primary Assembly	Un			JAUDYK010002372.1	Chromosome		NW_026698389.1	unplaced-scaffold	42579			HAP1_SCAFFOLD_3033
GCA_030435755.1	Primary Assembly	Un			JAUDYK010002373.1	Chromosome		NW_026698390.1	unplaced-scaffold	113209			HAP1_SCAFFOLD_607
GCA_030435755.1	Primary Assembly	Un			JAUDYK010002374.1	Chromosome		NW_026698391.1	unplaced-scaffold	38821			HAP1_SCAFFOLD_3498
GCA_030435755.1	Primary Assembly	Un			JAUDYK010002375.1	Chromosome		NW_026698392.1	unplaced-scaffold	78457			HAP1_SCAFFOLD_1106
GCA_030435755.1	Primary Assembly	Un			JAUDYK010002376.1	Chromosome		NW_026698393.1	unplaced-scaffold	30765			HAP1_SCAFFOLD_4744
GCA_030435755.1	Primary Assembly	Un			JAUDYK010002377.1	Chromosome		NW_026698394.1	unplaced-scaffold	65138			HAP1_SCAFFOLD_1486
GCA_030435755.1	Primary Assembly	Un			JAUDYK010002378.1	Chromosome		NW_026698395.1	unplaced-scaffold	33304			HAP1_SCAFFOLD_4310
GCA_030435755.1	Primary Assembly	Un			JAUDYK010002379.1	Chromosome		NW_026698396.1	unplaced-scaffold	29369			HAP1_SCAFFOLD_4941
GCA_030435755.1	Primary Assembly	Un			JAUDYK010002380.1	Chromosome		NW_026698397.1	unplaced-scaffold	38452			HAP1_SCAFFOLD_3544
GCA_030435755.1	Primary Assembly	Un			JAUDYK010002381.1	Chromosome		NW_026698398.1	unplaced-scaffold	41880			HAP1_SCAFFOLD_3115
GCA_030435755.1	Primary Assembly	Un			JAUDYK010002382.1	Chromosome		NW_026698399.1	unplaced-scaffold	27029			HAP1_SCAFFOLD_5258
GCA_030435755.1	Primary Assembly	Un			JAUDYK010002383.1	Chromosome		NW_026698400.1	unplaced-scaffold	21119			HAP1_SCAFFOLD_5794
GCA_030435755.1	Primary Assembly	Un			JAUDYK010002384.1	Chromosome		NW_026698401.1	unplaced-scaffold	57746			HAP1_SCAFFOLD_1813
GCA_030435755.1	Primary Assembly	Un			JAUDYK010002385.1	Chromosome		NW_026698402.1	unplaced-scaffold	73388			HAP1_SCAFFOLD_1224
GCA_030435755.1	Primary Assembly	Un			JAUDYK010002386.1	Chromosome		NW_026698403.1	unplaced-scaffold	41143			HAP1_SCAFFOLD_3207
GCA_030435755.1	Primary Assembly	Un			JAUDYK010002387.1	Chromosome		NW_026698404.1	unplaced-scaffold	87501			HAP1_SCAFFOLD_929
GCA_030435755.1	Primary Assembly	Un			JAUDYK010002388.1	Chromosome		NW_026698405.1	unplaced-scaffold	36386			HAP1_SCAFFOLD_3876
GCA_030435755.1	Primary Assembly	Un			JAUDYK010002389.1	Chromosome		NW_026698406.1	unplaced-scaffold	39639			HAP1_SCAFFOLD_3385
GCA_030435755.1	Primary Assembly	Un			JAUDYK010002390.1	Chromosome		NW_026698407.1	unplaced-scaffold	46726			HAP1_SCAFFOLD_2595
GCA_030435755.1	Primary Assembly	Un			JAUDYK010002391.1	Chromosome		NW_026698408.1	unplaced-scaffold	43175			HAP1_SCAFFOLD_2966
GCA_030435755.1	Primary Assembly	Un			JAUDYK010002392.1	Chromosome		NW_026698409.1	unplaced-scaffold	34194			HAP1_SCAFFOLD_4180
GCA_030435755.1	Primary Assembly	Un			JAUDYK010002393.1	Chromosome		NW_026698410.1	unplaced-scaffold	23756			HAP1_SCAFFOLD_5630
GCA_030435755.1	Primary Assembly	Un			JAUDYK010002394.1	Chromosome		NW_026698411.1	unplaced-scaffold	32769			HAP1_SCAFFOLD_4400
GCA_030435755.1	Primary Assembly	Un			JAUDYK010002395.1	Chromosome		NW_026698412.1	unplaced-scaffold	60540			HAP1_SCAFFOLD_1685
GCA_030435755.1	Primary Assembly	Un			JAUDYK010002396.1	Chromosome		NW_026698413.1	unplaced-scaffold	98260			HAP1_SCAFFOLD_763
GCA_030435755.1	Primary Assembly	Un			JAUDYK010002397.1	Chromosome		NW_026698414.1	unplaced-scaffold	29316			HAP1_SCAFFOLD_4952
GCA_030435755.1	Primary Assembly	Un			JAUDYK010002398.1	Chromosome		NW_026698415.1	unplaced-scaffold	28879			HAP1_SCAFFOLD_5017
GCA_030435755.1	Primary Assembly	Un			JAUDYK010002399.1	Chromosome		NW_026698416.1	unplaced-scaffold	33218			HAP1_SCAFFOLD_4324
GCA_030435755.1	Primary Assembly	Un			JAUDYK010002400.1	Chromosome		NW_026698417.1	unplaced-scaffold	162627			HAP1_SCAFFOLD_350
GCA_030435755.1	Primary Assembly	Un			JAUDYK010002401.1	Chromosome		NW_026698418.1	unplaced-scaffold	17865			HAP1_SCAFFOLD_5915
GCA_030435755.1	Primary Assembly	Un			JAUDYK010002402.1	Chromosome		NW_026698419.1	unplaced-scaffold	62099			HAP1_SCAFFOLD_1603
GCA_030435755.1	Primary Assembly	Un			JAUDYK010002403.1	Chromosome		NW_026698420.1	unplaced-scaffold	41222			HAP1_SCAFFOLD_3191
GCA_030435755.1	Primary Assembly	Un			JAUDYK010002404.1	Chromosome		NW_026698421.1	unplaced-scaffold	132655			HAP1_SCAFFOLD_470
GCA_030435755.1	Primary Assembly	Un			JAUDYK010002405.1	Chromosome		NW_026698422.1	unplaced-scaffold	31508			HAP1_SCAFFOLD_4607
GCA_030435755.1	Primary Assembly	Un			JAUDYK010002406.1	Chromosome		NW_026698423.1	unplaced-scaffold	40336			HAP1_SCAFFOLD_3303
GCA_030435755.1	Primary Assembly	Un			JAUDYK010002407.1	Chromosome		NW_026698424.1	unplaced-scaffold	81179			HAP1_SCAFFOLD_1048
GCA_030435755.1	Primary Assembly	Un			JAUDYK010002408.1	Chromosome		NW_026698425.1	unplaced-scaffold	25573			HAP1_SCAFFOLD_5437
GCA_030435755.1	Primary Assembly	Un			JAUDYK010002409.1	Chromosome		NW_026698426.1	unplaced-scaffold	113160			HAP1_SCAFFOLD_608
GCA_030435755.1	Primary Assembly	Un			JAUDYK010002410.1	Chromosome		NW_026698427.1	unplaced-scaffold	65592			HAP1_SCAFFOLD_1476
GCA_030435755.1	Primary Assembly	Un			JAUDYK010002411.1	Chromosome		NW_026698428.1	unplaced-scaffold	34252			HAP1_SCAFFOLD_4170
GCA_030435755.1	Primary Assembly	Un			JAUDYK010002412.1	Chromosome		NW_026698429.1	unplaced-scaffold	73701			HAP1_SCAFFOLD_1210
GCA_030435755.1	Primary Assembly	Un			JAUDYK010002413.1	Chromosome		NW_026698430.1	unplaced-scaffold	24517			HAP1_SCAFFOLD_5562
GCA_030435755.1	Primary Assembly	Un			JAUDYK010002414.1	Chromosome		NW_026698431.1	unplaced-scaffold	60672			HAP1_SCAFFOLD_1675
GCA_030435755.1	Primary Assembly	Un			JAUDYK010002415.1	Chromosome		NW_026698432.1	unplaced-scaffold	47860			HAP1_SCAFFOLD_2511
GCA_030435755.1	Primary Assembly	Un			JAUDYK010002416.1	Chromosome		NW_026698433.1	unplaced-scaffold	39458			HAP1_SCAFFOLD_3413
GCA_030435755.1	Primary Assembly	Un			JAUDYK010002417.1	Chromosome		NW_026698434.1	unplaced-scaffold	56143			HAP1_SCAFFOLD_1898
GCA_030435755.1	Primary Assembly	Un			JAUDYK010002418.1	Chromosome		NW_026698435.1	unplaced-scaffold	39761			HAP1_SCAFFOLD_3375
GCA_030435755.1	Primary Assembly	Un			JAUDYK010002419.1	Chromosome		NW_026698436.1	unplaced-scaffold	36263			HAP1_SCAFFOLD_3886
GCA_030435755.1	Primary Assembly	Un			JAUDYK010002420.1	Chromosome		NW_026698437.1	unplaced-scaffold	33743			HAP1_SCAFFOLD_4250
GCA_030435755.1	Primary Assembly	Un			JAUDYK010002421.1	Chromosome		NW_026698438.1	unplaced-scaffold	72647			HAP1_SCAFFOLD_1243
GCA_030435755.1	Primary Assembly	Un			JAUDYK010002422.1	Chromosome		NW_026698439.1	unplaced-scaffold	26724			HAP1_SCAFFOLD_5297
GCA_030435755.1	Primary Assembly	Un			JAUDYK010002423.1	Chromosome		NW_026698440.1	unplaced-scaffold	39183			HAP1_SCAFFOLD_3440
GCA_030435755.1	Primary Assembly	Un			JAUDYK010002424.1	Chromosome		NW_026698441.1	unplaced-scaffold	185399			HAP1_SCAFFOLD_291
GCA_030435755.1	Primary Assembly	Un			JAUDYK010002425.1	Chromosome		NW_026698442.1	unplaced-scaffold	39077			HAP1_SCAFFOLD_3457
GCA_030435755.1	Primary Assembly	Un			JAUDYK010002426.1	Chromosome		NW_026698443.1	unplaced-scaffold	89698			HAP1_SCAFFOLD_883
GCA_030435755.1	Primary Assembly	Un			JAUDYK010002427.1	Chromosome		NW_026698444.1	unplaced-scaffold	89062			HAP1_SCAFFOLD_901
GCA_030435755.1	Primary Assembly	Un			JAUDYK010002428.1	Chromosome		NW_026698445.1	unplaced-scaffold	26562			HAP1_SCAFFOLD_5318
GCA_030435755.1	Primary Assembly	Un			JAUDYK010002429.1	Chromosome		NW_026698446.1	unplaced-scaffold	33747			HAP1_SCAFFOLD_4247
GCA_030435755.1	Primary Assembly	Un			JAUDYK010002430.1	Chromosome		NW_026698447.1	unplaced-scaffold	25775			HAP1_SCAFFOLD_5408
GCA_030435755.1	Primary Assembly	Un			JAUDYK010002431.1	Chromosome		NW_026698448.1	unplaced-scaffold	25367			HAP1_SCAFFOLD_5471
GCA_030435755.1	Primary Assembly	Un			JAUDYK010002432.1	Chromosome		NW_026698449.1	unplaced-scaffold	23253			HAP1_SCAFFOLD_5682
GCA_030435755.1	Primary Assembly	Un			JAUDYK010002433.1	Chromosome		NW_026698450.1	unplaced-scaffold	27568			HAP1_SCAFFOLD_5188
GCA_030435755.1	Primary Assembly	Un			JAUDYK010002434.1	Chromosome		NW_026698451.1	unplaced-scaffold	34487			HAP1_SCAFFOLD_4132
GCA_030435755.1	Primary Assembly	Un			JAUDYK010002435.1	Chromosome		NW_026698452.1	unplaced-scaffold	31409			HAP1_SCAFFOLD_4638
GCA_030435755.1	Primary Assembly	Un			JAUDYK010002436.1	Chromosome		NW_026698453.1	unplaced-scaffold	35607			HAP1_SCAFFOLD_3978
GCA_030435755.1	Primary Assembly	Un			JAUDYK010002437.1	Chromosome		NW_026698454.1	unplaced-scaffold	168004			HAP1_SCAFFOLD_332
GCA_030435755.1	Primary Assembly	Un			JAUDYK010002438.1	Chromosome		NW_026698455.1	unplaced-scaffold	36167			HAP1_SCAFFOLD_3901
GCA_030435755.1	Primary Assembly	Un			JAUDYK010002439.1	Chromosome		NW_026698456.1	unplaced-scaffold	44256			HAP1_SCAFFOLD_2868
GCA_030435755.1	Primary Assembly	Un			JAUDYK010002440.1	Chromosome		NW_026698457.1	unplaced-scaffold	32158			HAP1_SCAFFOLD_4504
GCA_030435755.1	Primary Assembly	Un			JAUDYK010002441.1	Chromosome		NW_026698458.1	unplaced-scaffold	45439			HAP1_SCAFFOLD_2736
GCA_030435755.1	Primary Assembly	Un			JAUDYK010002442.1	Chromosome		NW_026698459.1	unplaced-scaffold	30906			HAP1_SCAFFOLD_4723
GCA_030435755.1	Primary Assembly	Un			JAUDYK010002443.1	Chromosome		NW_026698460.1	unplaced-scaffold	37442			HAP1_SCAFFOLD_3704
GCA_030435755.1	Primary Assembly	Un			JAUDYK010002444.1	Chromosome		NW_026698461.1	unplaced-scaffold	59506			HAP1_SCAFFOLD_1727
GCA_030435755.1	Primary Assembly	Un			JAUDYK010002445.1	Chromosome		NW_026698462.1	unplaced-scaffold	311154			HAP1_SCAFFOLD_162
GCA_030435755.1	Primary Assembly	Un			JAUDYK010002446.1	Chromosome		NW_026698463.1	unplaced-scaffold	38554			HAP1_SCAFFOLD_3523
GCA_030435755.1	Primary Assembly	Un			JAUDYK010002447.1	Chromosome		NW_026698464.1	unplaced-scaffold	48978			HAP1_SCAFFOLD_2421
GCA_030435755.1	Primary Assembly	Un			JAUDYK010002448.1	Chromosome		NW_026698465.1	unplaced-scaffold	49979			HAP1_SCAFFOLD_2339
GCA_030435755.1	Primary Assembly	Un			JAUDYK010002449.1	Chromosome		NW_026698466.1	unplaced-scaffold	53693			HAP1_SCAFFOLD_2052
GCA_030435755.1	Primary Assembly	Un			JAUDYK010002450.1	Chromosome		NW_026698467.1	unplaced-scaffold	45555			HAP1_SCAFFOLD_2719
GCA_030435755.1	Primary Assembly	Un			JAUDYK010002451.1	Chromosome		NW_026698468.1	unplaced-scaffold	140794			HAP1_SCAFFOLD_429
GCA_030435755.1	Primary Assembly	Un			JAUDYK010002452.1	Chromosome		NW_026698469.1	unplaced-scaffold	43957			HAP1_SCAFFOLD_2891
GCA_030435755.1	Primary Assembly	Un			JAUDYK010002453.1	Chromosome		NW_026698470.1	unplaced-scaffold	42666			HAP1_SCAFFOLD_3020
GCA_030435755.1	Primary Assembly	Un			JAUDYK010002454.1	Chromosome		NW_026698471.1	unplaced-scaffold	64378			HAP1_SCAFFOLD_1518
GCA_030435755.1	Primary Assembly	Un			JAUDYK010002455.1	Chromosome		NW_026698472.1	unplaced-scaffold	123688			HAP1_SCAFFOLD_524
GCA_030435755.1	Primary Assembly	Un			JAUDYK010002456.1	Chromosome		NW_026698473.1	unplaced-scaffold	34937			HAP1_SCAFFOLD_4066
GCA_030435755.1	Primary Assembly	Un			JAUDYK010002457.1	Chromosome		NW_026698474.1	unplaced-scaffold	50244			HAP1_SCAFFOLD_2316
GCA_030435755.1	Primary Assembly	Un			JAUDYK010002458.1	Chromosome		NW_026698475.1	unplaced-scaffold	46650			HAP1_SCAFFOLD_2605
GCA_030435755.1	Primary Assembly	Un			JAUDYK010002459.1	Chromosome		NW_026698476.1	unplaced-scaffold	49121			HAP1_SCAFFOLD_2406
GCA_030435755.1	Primary Assembly	Un			JAUDYK010002460.1	Chromosome		NW_026698477.1	unplaced-scaffold	51919			HAP1_SCAFFOLD_2186
GCA_030435755.1	Primary Assembly	Un			JAUDYK010002461.1	Chromosome		NW_026698478.1	unplaced-scaffold	23868			HAP1_SCAFFOLD_5623
GCA_030435755.1	Primary Assembly	Un			JAUDYK010002462.1	Chromosome		NW_026698479.1	unplaced-scaffold	19472			HAP1_SCAFFOLD_5866
GCA_030435755.1	Primary Assembly	Un			JAUDYK010002463.1	Chromosome		NW_026698480.1	unplaced-scaffold	53911			HAP1_SCAFFOLD_2041
GCA_030435755.1	Primary Assembly	Un			JAUDYK010002464.1	Chromosome		NW_026698481.1	unplaced-scaffold	34081			HAP1_SCAFFOLD_4199
GCA_030435755.1	Primary Assembly	Un			JAUDYK010002465.1	Chromosome		NW_026698482.1	unplaced-scaffold	22326			HAP1_SCAFFOLD_5738
GCA_030435755.1	Primary Assembly	Un			JAUDYK010002466.1	Chromosome		NW_026698483.1	unplaced-scaffold	30494			HAP1_SCAFFOLD_4782
GCA_030435755.1	Primary Assembly	Un			JAUDYK010002467.1	Chromosome		NW_026698484.1	unplaced-scaffold	45996			HAP1_SCAFFOLD_2673
GCA_030435755.1	Primary Assembly	Un			JAUDYK010002468.1	Chromosome		NW_026698485.1	unplaced-scaffold	27920			HAP1_SCAFFOLD_5149
GCA_030435755.1	Primary Assembly	Un			JAUDYK010002469.1	Chromosome		NW_026698486.1	unplaced-scaffold	49236			HAP1_SCAFFOLD_2392
GCA_030435755.1	Primary Assembly	Un			JAUDYK010002470.1	Chromosome		NW_026698487.1	unplaced-scaffold	38246			HAP1_SCAFFOLD_3582
GCA_030435755.1	Primary Assembly	Un			JAUDYK010002471.1	Chromosome		NW_026698488.1	unplaced-scaffold	29279			HAP1_SCAFFOLD_4960
GCA_030435755.1	Primary Assembly	Un			JAUDYK010002472.1	Chromosome		NW_026698489.1	unplaced-scaffold	39248			HAP1_SCAFFOLD_3434
GCA_030435755.1	Primary Assembly	Un			JAUDYK010002473.1	Chromosome		NW_026698490.1	unplaced-scaffold	36005			HAP1_SCAFFOLD_3926
GCA_030435755.1	Primary Assembly	Un			JAUDYK010002474.1	Chromosome		NW_026698491.1	unplaced-scaffold	78951			HAP1_SCAFFOLD_1089
GCA_030435755.1	Primary Assembly	Un			JAUDYK010002475.1	Chromosome		NW_026698492.1	unplaced-scaffold	66787			HAP1_SCAFFOLD_1428
GCA_030435755.1	Primary Assembly	Un			JAUDYK010002476.1	Chromosome		NW_026698493.1	unplaced-scaffold	86265			HAP1_SCAFFOLD_954
GCA_030435755.1	Primary Assembly	Un			JAUDYK010002477.1	Chromosome		NW_026698494.1	unplaced-scaffold	29585			HAP1_SCAFFOLD_4909
GCA_030435755.1	Primary Assembly	Un			JAUDYK010002478.1	Chromosome		NW_026698495.1	unplaced-scaffold	51020			HAP1_SCAFFOLD_2245
GCA_030435755.1	Primary Assembly	Un			JAUDYK010002479.1	Chromosome		NW_026698496.1	unplaced-scaffold	56938			HAP1_SCAFFOLD_1861
GCA_030435755.1	Primary Assembly	Un			JAUDYK010002480.1	Chromosome		NW_026698497.1	unplaced-scaffold	22882			HAP1_SCAFFOLD_5707
GCA_030435755.1	Primary Assembly	Un			JAUDYK010002481.1	Chromosome		NW_026698498.1	unplaced-scaffold	118405			HAP1_SCAFFOLD_560
GCA_030435755.1	Primary Assembly	Un			JAUDYK010002482.1	Chromosome		NW_026698499.1	unplaced-scaffold	137720			HAP1_SCAFFOLD_443
GCA_030435755.1	Primary Assembly	Un			JAUDYK010002483.1	Chromosome		NW_026698500.1	unplaced-scaffold	37052			HAP1_SCAFFOLD_3758
GCA_030435755.1	Primary Assembly	Un			JAUDYK010002484.1	Chromosome		NW_026698501.1	unplaced-scaffold	68711			HAP1_SCAFFOLD_1362
GCA_030435755.1	Primary Assembly	Un			JAUDYK010002485.1	Chromosome		NW_026698502.1	unplaced-scaffold	40454			HAP1_SCAFFOLD_3294
GCA_030435755.1	Primary Assembly	Un			JAUDYK010002486.1	Chromosome		NW_026698503.1	unplaced-scaffold	31768			HAP1_SCAFFOLD_4558
GCA_030435755.1	Primary Assembly	Un			JAUDYK010002487.1	Chromosome		NW_026698504.1	unplaced-scaffold	37725			HAP1_SCAFFOLD_3662
GCA_030435755.1	Primary Assembly	Un			JAUDYK010002488.1	Chromosome		NW_026698505.1	unplaced-scaffold	41414			HAP1_SCAFFOLD_3168
GCA_030435755.1	Primary Assembly	Un			JAUDYK010002489.1	Chromosome		NW_026698506.1	unplaced-scaffold	25476			HAP1_SCAFFOLD_5454
GCA_030435755.1	Primary Assembly	Un			JAUDYK010002490.1	Chromosome		NW_026698507.1	unplaced-scaffold	93684			HAP1_SCAFFOLD_822
GCA_030435755.1	Primary Assembly	Un			JAUDYK010002491.1	Chromosome		NW_026698508.1	unplaced-scaffold	26833			HAP1_SCAFFOLD_5283
GCA_030435755.1	Primary Assembly	Un			JAUDYK010002492.1	Chromosome		NW_026698509.1	unplaced-scaffold	36655			HAP1_SCAFFOLD_3841
GCA_030435755.1	Primary Assembly	Un			JAUDYK010002493.1	Chromosome		NW_026698510.1	unplaced-scaffold	24998			HAP1_SCAFFOLD_5519
GCA_030435755.1	Primary Assembly	Un			JAUDYK010002494.1	Chromosome		NW_026698511.1	unplaced-scaffold	61211			HAP1_SCAFFOLD_1651
GCA_030435755.1	Primary Assembly	Un			JAUDYK010002495.1	Chromosome		NW_026698512.1	unplaced-scaffold	39240			HAP1_SCAFFOLD_3435
GCA_030435755.1	Primary Assembly	Un			JAUDYK010002496.1	Chromosome		NW_026698513.1	unplaced-scaffold	211062			HAP1_SCAFFOLD_245
GCA_030435755.1	Primary Assembly	Un			JAUDYK010002497.1	Chromosome		NW_026698514.1	unplaced-scaffold	36058			HAP1_SCAFFOLD_3917
GCA_030435755.1	Primary Assembly	Un			JAUDYK010002498.1	Chromosome		NW_026698515.1	unplaced-scaffold	39919			HAP1_SCAFFOLD_3351
GCA_030435755.1	Primary Assembly	Un			JAUDYK010002499.1	Chromosome		NW_026698516.1	unplaced-scaffold	34913			HAP1_SCAFFOLD_4070
GCA_030435755.1	Primary Assembly	Un			JAUDYK010002500.1	Chromosome		NW_026698517.1	unplaced-scaffold	110714			HAP1_SCAFFOLD_631
GCA_030435755.1	Primary Assembly	Un			JAUDYK010002501.1	Chromosome		NW_026698518.1	unplaced-scaffold	90980			HAP1_SCAFFOLD_856
GCA_030435755.1	Primary Assembly	Un			JAUDYK010002502.1	Chromosome		NW_026698519.1	unplaced-scaffold	42069			HAP1_SCAFFOLD_3091
GCA_030435755.1	Primary Assembly	Un			JAUDYK010002503.1	Chromosome		NW_026698520.1	unplaced-scaffold	47480			HAP1_SCAFFOLD_2538
GCA_030435755.1	Primary Assembly	Un			JAUDYK010002504.1	Chromosome		NW_026698521.1	unplaced-scaffold	109756			HAP1_SCAFFOLD_640
GCA_030435755.1	Primary Assembly	Un			JAUDYK010002505.1	Chromosome		NW_026698522.1	unplaced-scaffold	26082			HAP1_SCAFFOLD_5377
GCA_030435755.1	Primary Assembly	Un			JAUDYK010002506.1	Chromosome		NW_026698523.1	unplaced-scaffold	76587			HAP1_SCAFFOLD_1148
GCA_030435755.1	Primary Assembly	Un			JAUDYK010002507.1	Chromosome		NW_026698524.1	unplaced-scaffold	61359			HAP1_SCAFFOLD_1642
GCA_030435755.1	Primary Assembly	Un			JAUDYK010002508.1	Chromosome		NW_026698525.1	unplaced-scaffold	96682			HAP1_SCAFFOLD_787
GCA_030435755.1	Primary Assembly	Un			JAUDYK010002509.1	Chromosome		NW_026698526.1	unplaced-scaffold	112030			HAP1_SCAFFOLD_618
GCA_030435755.1	Primary Assembly	Un			JAUDYK010002510.1	Chromosome		NW_026698527.1	unplaced-scaffold	69884			HAP1_SCAFFOLD_1336
GCA_030435755.1	Primary Assembly	Un			JAUDYK010002511.1	Chromosome		NW_026698528.1	unplaced-scaffold	16729			HAP1_SCAFFOLD_5933
GCA_030435755.1	Primary Assembly	Un			JAUDYK010002512.1	Chromosome		NW_026698529.1	unplaced-scaffold	19387			HAP1_SCAFFOLD_5870
GCA_030435755.1	Primary Assembly	Un			JAUDYK010002513.1	Chromosome		NW_026698530.1	unplaced-scaffold	36562			HAP1_SCAFFOLD_3852
GCA_030435755.1	Primary Assembly	Un			JAUDYK010002514.1	Chromosome		NW_026698531.1	unplaced-scaffold	46665			HAP1_SCAFFOLD_2604
GCA_030435755.1	Primary Assembly	Un			JAUDYK010002515.1	Chromosome		NW_026698532.1	unplaced-scaffold	37887			HAP1_SCAFFOLD_3636
GCA_030435755.1	Primary Assembly	Un			JAUDYK010002516.1	Chromosome		NW_026698533.1	unplaced-scaffold	50108			HAP1_SCAFFOLD_2327
GCA_030435755.1	Primary Assembly	Un			JAUDYK010002517.1	Chromosome		NW_026698534.1	unplaced-scaffold	44624			HAP1_SCAFFOLD_2820
GCA_030435755.1	Primary Assembly	Un			JAUDYK010002518.1	Chromosome		NW_026698535.1	unplaced-scaffold	59089			HAP1_SCAFFOLD_1739
GCA_030435755.1	Primary Assembly	Un			JAUDYK010002519.1	Chromosome		NW_026698536.1	unplaced-scaffold	29173			HAP1_SCAFFOLD_4976
GCA_030435755.1	Primary Assembly	Un			JAUDYK010002520.1	Chromosome		NW_026698537.1	unplaced-scaffold	40025			HAP1_SCAFFOLD_3342
GCA_030435755.1	Primary Assembly	Un			JAUDYK010002521.1	Chromosome		NW_026698538.1	unplaced-scaffold	48281			HAP1_SCAFFOLD_2479
GCA_030435755.1	Primary Assembly	Un			JAUDYK010002522.1	Chromosome		NW_026698539.1	unplaced-scaffold	25463			HAP1_SCAFFOLD_5455
GCA_030435755.1	Primary Assembly	Un			JAUDYK010002523.1	Chromosome		NW_026698540.1	unplaced-scaffold	28342			HAP1_SCAFFOLD_5088
GCA_030435755.1	Primary Assembly	Un			JAUDYK010002524.1	Chromosome		NW_026698541.1	unplaced-scaffold	47912			HAP1_SCAFFOLD_2507
GCA_030435755.1	Primary Assembly	Un			JAUDYK010002525.1	Chromosome		NW_026698542.1	unplaced-scaffold	35195			HAP1_SCAFFOLD_4032
GCA_030435755.1	Primary Assembly	Un			JAUDYK010002526.1	Chromosome		NW_026698543.1	unplaced-scaffold	26456			HAP1_SCAFFOLD_5331
GCA_030435755.1	Primary Assembly	Un			JAUDYK010002527.1	Chromosome		NW_026698544.1	unplaced-scaffold	87099			HAP1_SCAFFOLD_938
GCA_030435755.1	Primary Assembly	Un			JAUDYK010002528.1	Chromosome		NW_026698545.1	unplaced-scaffold	25653			HAP1_SCAFFOLD_5429
GCA_030435755.1	Primary Assembly	Un			JAUDYK010002529.1	Chromosome		NW_026698546.1	unplaced-scaffold	90527			HAP1_SCAFFOLD_868
GCA_030435755.1	Primary Assembly	Un			JAUDYK010002530.1	Chromosome		NW_026698547.1	unplaced-scaffold	40439			HAP1_SCAFFOLD_3295
GCA_030435755.1	Primary Assembly	Un			JAUDYK010002531.1	Chromosome		NW_026698548.1	unplaced-scaffold	51031			HAP1_SCAFFOLD_2244
GCA_030435755.1	Primary Assembly	Un			JAUDYK010002532.1	Chromosome		NW_026698549.1	unplaced-scaffold	88762			HAP1_SCAFFOLD_911
GCA_030435755.1	Primary Assembly	Un			JAUDYK010002533.1	Chromosome		NW_026698550.1	unplaced-scaffold	20238			HAP1_SCAFFOLD_5832
GCA_030435755.1	Primary Assembly	Un			JAUDYK010002534.1	Chromosome		NW_026698551.1	unplaced-scaffold	31497			HAP1_SCAFFOLD_4611
GCA_030435755.1	Primary Assembly	Un			JAUDYK010002535.1	Chromosome		NW_026698552.1	unplaced-scaffold	73984			HAP1_SCAFFOLD_1202
GCA_030435755.1	Primary Assembly	Un			JAUDYK010002536.1	Chromosome		NW_026698553.1	unplaced-scaffold	29727			HAP1_SCAFFOLD_4888
GCA_030435755.1	Primary Assembly	Un			JAUDYK010002537.1	Chromosome		NW_026698554.1	unplaced-scaffold	35798			HAP1_SCAFFOLD_3953
GCA_030435755.1	Primary Assembly	Un			JAUDYK010002538.1	Chromosome		NW_026698555.1	unplaced-scaffold	23505			HAP1_SCAFFOLD_5656
GCA_030435755.1	Primary Assembly	Un			JAUDYK010002539.1	Chromosome		NW_026698556.1	unplaced-scaffold	28670			HAP1_SCAFFOLD_5049
GCA_030435755.1	Primary Assembly	Un			JAUDYK010002540.1	Chromosome		NW_026698557.1	unplaced-scaffold	39776			HAP1_SCAFFOLD_3374
GCA_030435755.1	Primary Assembly	Un			JAUDYK010002541.1	Chromosome		NW_026698558.1	unplaced-scaffold	60687			HAP1_SCAFFOLD_1674
GCA_030435755.1	Primary Assembly	Un			JAUDYK010002542.1	Chromosome		NW_026698559.1	unplaced-scaffold	51274			HAP1_SCAFFOLD_2230
GCA_030435755.1	Primary Assembly	Un			JAUDYK010002543.1	Chromosome		NW_026698560.1	unplaced-scaffold	53230			HAP1_SCAFFOLD_2086
GCA_030435755.1	Primary Assembly	Un			JAUDYK010002544.1	Chromosome		NW_026698561.1	unplaced-scaffold	40662			HAP1_SCAFFOLD_3263
GCA_030435755.1	Primary Assembly	Un			JAUDYK010002545.1	Chromosome		NW_026698562.1	unplaced-scaffold	52560			HAP1_SCAFFOLD_2141
GCA_030435755.1	Primary Assembly	Un			JAUDYK010002546.1	Chromosome		NW_026698563.1	unplaced-scaffold	66141			HAP1_SCAFFOLD_1460
GCA_030435755.1	Primary Assembly	Un			JAUDYK010002547.1	Chromosome		NW_026698564.1	unplaced-scaffold	34747			HAP1_SCAFFOLD_4099
GCA_030435755.1	Primary Assembly	Un			JAUDYK010002548.1	Chromosome		NW_026698565.1	unplaced-scaffold	64025			HAP1_SCAFFOLD_1531
GCA_030435755.1	Primary Assembly	Un			JAUDYK010002549.1	Chromosome		NW_026698566.1	unplaced-scaffold	41827			HAP1_SCAFFOLD_3120
GCA_030435755.1	Primary Assembly	Un			JAUDYK010002550.1	Chromosome		NW_026698567.1	unplaced-scaffold	22833			HAP1_SCAFFOLD_5711
GCA_030435755.1	Primary Assembly	Un			JAUDYK010002551.1	Chromosome		NW_026698568.1	unplaced-scaffold	18584			HAP1_SCAFFOLD_5899
GCA_030435755.1	Primary Assembly	Un			JAUDYK010002552.1	Chromosome		NW_026698569.1	unplaced-scaffold	38407			HAP1_SCAFFOLD_3556
GCA_030435755.1	Primary Assembly	Un			JAUDYK010002553.1	Chromosome		NW_026698570.1	unplaced-scaffold	34266			HAP1_SCAFFOLD_4166
GCA_030435755.1	Primary Assembly	Un			JAUDYK010002554.1	Chromosome		NW_026698571.1	unplaced-scaffold	45170			HAP1_SCAFFOLD_2762
GCA_030435755.1	Primary Assembly	Un			JAUDYK010002555.1	Chromosome		NW_026698572.1	unplaced-scaffold	33006			HAP1_SCAFFOLD_4359
GCA_030435755.1	Primary Assembly	Un			JAUDYK010002556.1	Chromosome		NW_026698573.1	unplaced-scaffold	46105			HAP1_SCAFFOLD_2658
GCA_030435755.1	Primary Assembly	Un			JAUDYK010002557.1	Chromosome		NW_026698574.1	unplaced-scaffold	52404			HAP1_SCAFFOLD_2152
GCA_030435755.1	Primary Assembly	Un			JAUDYK010002558.1	Chromosome		NW_026698575.1	unplaced-scaffold	17949			HAP1_SCAFFOLD_5914
GCA_030435755.1	Primary Assembly	Un			JAUDYK010002559.1	Chromosome		NW_026698576.1	unplaced-scaffold	43061			HAP1_SCAFFOLD_2980
GCA_030435755.1	Primary Assembly	Un			JAUDYK010002560.1	Chromosome		NW_026698577.1	unplaced-scaffold	33210			HAP1_SCAFFOLD_4325
GCA_030435755.1	Primary Assembly	Un			JAUDYK010002561.1	Chromosome		NW_026698578.1	unplaced-scaffold	29962			HAP1_SCAFFOLD_4849
GCA_030435755.1	Primary Assembly	Un			JAUDYK010002562.1	Chromosome		NW_026698579.1	unplaced-scaffold	30688			HAP1_SCAFFOLD_4756
GCA_030435755.1	Primary Assembly	Un			JAUDYK010002563.1	Chromosome		NW_026698580.1	unplaced-scaffold	42230			HAP1_SCAFFOLD_3068
GCA_030435755.1	Primary Assembly	Un			JAUDYK010002564.1	Chromosome		NW_026698581.1	unplaced-scaffold	27302			HAP1_SCAFFOLD_5222
GCA_030435755.1	Primary Assembly	Un			JAUDYK010002565.1	Chromosome		NW_026698582.1	unplaced-scaffold	37441			HAP1_SCAFFOLD_3705
GCA_030435755.1	Primary Assembly	Un			JAUDYK010002566.1	Chromosome		NW_026698583.1	unplaced-scaffold	48165			HAP1_SCAFFOLD_2490
GCA_030435755.1	Primary Assembly	Un			JAUDYK010002567.1	Chromosome		NW_026698584.1	unplaced-scaffold	70326			HAP1_SCAFFOLD_1319
GCA_030435755.1	Primary Assembly	Un			JAUDYK010002568.1	Chromosome		NW_026698585.1	unplaced-scaffold	50767			HAP1_SCAFFOLD_2272
GCA_030435755.1	Primary Assembly	Un			JAUDYK010002569.1	Chromosome		NW_026698586.1	unplaced-scaffold	37974			HAP1_SCAFFOLD_3619
GCA_030435755.1	Primary Assembly	Un			JAUDYK010002570.1	Chromosome		NW_026698587.1	unplaced-scaffold	673120			HAP1_SCAFFOLD_86
GCA_030435755.1	Primary Assembly	Un			JAUDYK010002571.1	Chromosome		NW_026698588.1	unplaced-scaffold	32154			HAP1_SCAFFOLD_4505
GCA_030435755.1	Primary Assembly	Un			JAUDYK010002572.1	Chromosome		NW_026698589.1	unplaced-scaffold	59694			HAP1_SCAFFOLD_1716
GCA_030435755.1	Primary Assembly	Un			JAUDYK010002573.1	Chromosome		NW_026698590.1	unplaced-scaffold	24847			HAP1_SCAFFOLD_5536
GCA_030435755.1	Primary Assembly	Un			JAUDYK010002574.1	Chromosome		NW_026698591.1	unplaced-scaffold	62828			HAP1_SCAFFOLD_1577
GCA_030435755.1	Primary Assembly	Un			JAUDYK010002575.1	Chromosome		NW_026698592.1	unplaced-scaffold	29449			HAP1_SCAFFOLD_4928
GCA_030435755.1	Primary Assembly	Un			JAUDYK010002576.1	Chromosome		NW_026698593.1	unplaced-scaffold	139256			HAP1_SCAFFOLD_437
GCA_030435755.1	Primary Assembly	Un			JAUDYK010002577.1	Chromosome		NW_026698594.1	unplaced-scaffold	106150			HAP1_SCAFFOLD_673
GCA_030435755.1	Primary Assembly	Un			JAUDYK010002578.1	Chromosome		NW_026698595.1	unplaced-scaffold	36992			HAP1_SCAFFOLD_3773
GCA_030435755.1	Primary Assembly	Un			JAUDYK010002579.1	Chromosome		NW_026698596.1	unplaced-scaffold	58230			HAP1_SCAFFOLD_1792
GCA_030435755.1	Primary Assembly	Un			JAUDYK010002580.1	Chromosome		NW_026698597.1	unplaced-scaffold	74445			HAP1_SCAFFOLD_1189
GCA_030435755.1	Primary Assembly	Un			JAUDYK010002581.1	Chromosome		NW_026698598.1	unplaced-scaffold	31704			HAP1_SCAFFOLD_4573
GCA_030435755.1	Primary Assembly	Un			JAUDYK010002582.1	Chromosome		NW_026698599.1	unplaced-scaffold	67573			HAP1_SCAFFOLD_1409
GCA_030435755.1	Primary Assembly	Un			JAUDYK010002583.1	Chromosome		NW_026698600.1	unplaced-scaffold	259033			HAP1_SCAFFOLD_193
GCA_030435755.1	Primary Assembly	Un			JAUDYK010002584.1	Chromosome		NW_026698601.1	unplaced-scaffold	95493			HAP1_SCAFFOLD_801
GCA_030435755.1	Primary Assembly	Un			JAUDYK010002585.1	Chromosome		NW_026698602.1	unplaced-scaffold	43221			HAP1_SCAFFOLD_2954
GCA_030435755.1	Primary Assembly	Un			JAUDYK010002586.1	Chromosome		NW_026698603.1	unplaced-scaffold	84329			HAP1_SCAFFOLD_983
GCA_030435755.1	Primary Assembly	Un			JAUDYK010002587.1	Chromosome		NW_026698604.1	unplaced-scaffold	66538			HAP1_SCAFFOLD_1440
GCA_030435755.1	Primary Assembly	Un			JAUDYK010002588.1	Chromosome		NW_026698605.1	unplaced-scaffold	52297			HAP1_SCAFFOLD_2161
GCA_030435755.1	Primary Assembly	Un			JAUDYK010002589.1	Chromosome		NW_026698606.1	unplaced-scaffold	32427			HAP1_SCAFFOLD_4453
GCA_030435755.1	Primary Assembly	Un			JAUDYK010002590.1	Chromosome		NW_026698607.1	unplaced-scaffold	19163			HAP1_SCAFFOLD_5881
GCA_030435755.1	Primary Assembly	Un			JAUDYK010002591.1	Chromosome		NW_026698608.1	unplaced-scaffold	28173			HAP1_SCAFFOLD_5112
GCA_030435755.1	Primary Assembly	Un			JAUDYK010002592.1	Chromosome		NW_026698609.1	unplaced-scaffold	23937			HAP1_SCAFFOLD_5618
GCA_030435755.1	Primary Assembly	Un			JAUDYK010002593.1	Chromosome		NW_026698610.1	unplaced-scaffold	40832			HAP1_SCAFFOLD_3243
GCA_030435755.1	Primary Assembly	Un			JAUDYK010002594.1	Chromosome		NW_026698611.1	unplaced-scaffold	66317			HAP1_SCAFFOLD_1457
GCA_030435755.1	Primary Assembly	Un			JAUDYK010002595.1	Chromosome		NW_026698612.1	unplaced-scaffold	45307			HAP1_SCAFFOLD_2751
GCA_030435755.1	Primary Assembly	Un			JAUDYK010002596.1	Chromosome		NW_026698613.1	unplaced-scaffold	28544			HAP1_SCAFFOLD_5069
GCA_030435755.1	Primary Assembly	Un			JAUDYK010002597.1	Chromosome		NW_026698614.1	unplaced-scaffold	29838			HAP1_SCAFFOLD_4869
GCA_030435755.1	Primary Assembly	Un			JAUDYK010002598.1	Chromosome		NW_026698615.1	unplaced-scaffold	32001			HAP1_SCAFFOLD_4527
GCA_030435755.1	Primary Assembly	Un			JAUDYK010002599.1	Chromosome		NW_026698616.1	unplaced-scaffold	54802			HAP1_SCAFFOLD_1978
GCA_030435755.1	Primary Assembly	Un			JAUDYK010002600.1	Chromosome		NW_026698617.1	unplaced-scaffold	56078			HAP1_SCAFFOLD_1901
GCA_030435755.1	Primary Assembly	Un			JAUDYK010002601.1	Chromosome		NW_026698618.1	unplaced-scaffold	27531			HAP1_SCAFFOLD_5196
GCA_030435755.1	Primary Assembly	Un			JAUDYK010002602.1	Chromosome		NW_026698619.1	unplaced-scaffold	46338			HAP1_SCAFFOLD_2639
GCA_030435755.1	Primary Assembly	Un			JAUDYK010002603.1	Chromosome		NW_026698620.1	unplaced-scaffold	45356			HAP1_SCAFFOLD_2742
GCA_030435755.1	Primary Assembly	Un			JAUDYK010002604.1	Chromosome		NW_026698621.1	unplaced-scaffold	34848			HAP1_SCAFFOLD_4081
GCA_030435755.1	Primary Assembly	Un			JAUDYK010002605.1	Chromosome		NW_026698622.1	unplaced-scaffold	26054			HAP1_SCAFFOLD_5382
GCA_030435755.1	Primary Assembly	Un			JAUDYK010002606.1	Chromosome		NW_026698623.1	unplaced-scaffold	33144			HAP1_SCAFFOLD_4338
GCA_030435755.1	Primary Assembly	Un			JAUDYK010002607.1	Chromosome		NW_026698624.1	unplaced-scaffold	159190			HAP1_SCAFFOLD_362
GCA_030435755.1	Primary Assembly	Un			JAUDYK010002608.1	Chromosome		NW_026698625.1	unplaced-scaffold	37301			HAP1_SCAFFOLD_3727
GCA_030435755.1	Primary Assembly	Un			JAUDYK010002609.1	Chromosome		NW_026698626.1	unplaced-scaffold	60108			HAP1_SCAFFOLD_1704
GCA_030435755.1	Primary Assembly	Un			JAUDYK010002610.1	Chromosome		NW_026698627.1	unplaced-scaffold	34415			HAP1_SCAFFOLD_4146
GCA_030435755.1	Primary Assembly	Un			JAUDYK010002611.1	Chromosome		NW_026698628.1	unplaced-scaffold	64191			HAP1_SCAFFOLD_1523
GCA_030435755.1	Primary Assembly	Un			JAUDYK010002612.1	Chromosome		NW_026698629.1	unplaced-scaffold	361585			HAP1_SCAFFOLD_150
GCA_030435755.1	Primary Assembly	Un			JAUDYK010002613.1	Chromosome		NW_026698630.1	unplaced-scaffold	33331			HAP1_SCAFFOLD_4307
GCA_030435755.1	Primary Assembly	Un			JAUDYK010002614.1	Chromosome		NW_026698631.1	unplaced-scaffold	38099			HAP1_SCAFFOLD_3603
GCA_030435755.1	Primary Assembly	Un			JAUDYK010002615.1	Chromosome		NW_026698632.1	unplaced-scaffold	33440			HAP1_SCAFFOLD_4285
GCA_030435755.1	Primary Assembly	Un			JAUDYK010002616.1	Chromosome		NW_026698633.1	unplaced-scaffold	30339			HAP1_SCAFFOLD_4800
GCA_030435755.1	Primary Assembly	Un			JAUDYK010002617.1	Chromosome		NW_026698634.1	unplaced-scaffold	38962			HAP1_SCAFFOLD_3476
GCA_030435755.1	Primary Assembly	Un			JAUDYK010002618.1	Chromosome		NW_026698635.1	unplaced-scaffold	31444			HAP1_SCAFFOLD_4624
GCA_030435755.1	Primary Assembly	Un			JAUDYK010002619.1	Chromosome		NW_026698636.1	unplaced-scaffold	74365			HAP1_SCAFFOLD_1191
GCA_030435755.1	Primary Assembly	Un			JAUDYK010002620.1	Chromosome		NW_026698637.1	unplaced-scaffold	18310			HAP1_SCAFFOLD_5906
GCA_030435755.1	Primary Assembly	Un			JAUDYK010002621.1	Chromosome		NW_026698638.1	unplaced-scaffold	71073			HAP1_SCAFFOLD_1303
GCA_030435755.1	Primary Assembly	Un			JAUDYK010002622.1	Chromosome		NW_026698639.1	unplaced-scaffold	42423			HAP1_SCAFFOLD_3048
GCA_030435755.1	Primary Assembly	Un			JAUDYK010002623.1	Chromosome		NW_026698640.1	unplaced-scaffold	29393			HAP1_SCAFFOLD_4935
GCA_030435755.1	Primary Assembly	Un			JAUDYK010002624.1	Chromosome		NW_026698641.1	unplaced-scaffold	67438			HAP1_SCAFFOLD_1413
GCA_030435755.1	Primary Assembly	Un			JAUDYK010002625.1	Chromosome		NW_026698642.1	unplaced-scaffold	41133			HAP1_SCAFFOLD_3210
GCA_030435755.1	Primary Assembly	Un			JAUDYK010002626.1	Chromosome		NW_026698643.1	unplaced-scaffold	37649			HAP1_SCAFFOLD_3675
GCA_030435755.1	Primary Assembly	Un			JAUDYK010002627.1	Chromosome		NW_026698644.1	unplaced-scaffold	29024			HAP1_SCAFFOLD_5000
GCA_030435755.1	Primary Assembly	Un			JAUDYK010002628.1	Chromosome		NW_026698645.1	unplaced-scaffold	56350			HAP1_SCAFFOLD_1886
GCA_030435755.1	Primary Assembly	Un			JAUDYK010002629.1	Chromosome		NW_026698646.1	unplaced-scaffold	68433			HAP1_SCAFFOLD_1375
GCA_030435755.1	Primary Assembly	Un			JAUDYK010002630.1	Chromosome		NW_026698647.1	unplaced-scaffold	32648			HAP1_SCAFFOLD_4417
GCA_030435755.1	Primary Assembly	Un			JAUDYK010002631.1	Chromosome		NW_026698648.1	unplaced-scaffold	104257			HAP1_SCAFFOLD_700
GCA_030435755.1	Primary Assembly	Un			JAUDYK010002632.1	Chromosome		NW_026698649.1	unplaced-scaffold	36197			HAP1_SCAFFOLD_3898
GCA_030435755.1	Primary Assembly	Un			JAUDYK010002633.1	Chromosome		NW_026698650.1	unplaced-scaffold	39297			HAP1_SCAFFOLD_3428
GCA_030435755.1	Primary Assembly	Un			JAUDYK010002634.1	Chromosome		NW_026698651.1	unplaced-scaffold	91213			HAP1_SCAFFOLD_854
GCA_030435755.1	Primary Assembly	Un			JAUDYK010002635.1	Chromosome		NW_026698652.1	unplaced-scaffold	45036			HAP1_SCAFFOLD_2774
GCA_030435755.1	Primary Assembly	Un			JAUDYK010002636.1	Chromosome		NW_026698653.1	unplaced-scaffold	42116			HAP1_SCAFFOLD_3089
GCA_030435755.1	Primary Assembly	Un			JAUDYK010002637.1	Chromosome		NW_026698654.1	unplaced-scaffold	123147			HAP1_SCAFFOLD_530
GCA_030435755.1	Primary Assembly	Un			JAUDYK010002638.1	Chromosome		NW_026698655.1	unplaced-scaffold	17425			HAP1_SCAFFOLD_5921
GCA_030435755.1	Primary Assembly	Un			JAUDYK010002639.1	Chromosome		NW_026698656.1	unplaced-scaffold	22603			HAP1_SCAFFOLD_5724
GCA_030435755.1	Primary Assembly	Un			JAUDYK010002640.1	Chromosome		NW_026698657.1	unplaced-scaffold	25099			HAP1_SCAFFOLD_5503
GCA_030435755.1	Primary Assembly	Un			JAUDYK010002641.1	Chromosome		NW_026698658.1	unplaced-scaffold	43743			HAP1_SCAFFOLD_2908
GCA_030435755.1	Primary Assembly	Un			JAUDYK010002642.1	Chromosome		NW_026698659.1	unplaced-scaffold	36505			HAP1_SCAFFOLD_3861
GCA_030435755.1	Primary Assembly	Un			JAUDYK010002643.1	Chromosome		NW_026698660.1	unplaced-scaffold	43126			HAP1_SCAFFOLD_2971
GCA_030435755.1	Primary Assembly	Un			JAUDYK010002644.1	Chromosome		NW_026698661.1	unplaced-scaffold	71248			HAP1_SCAFFOLD_1294
GCA_030435755.1	Primary Assembly	Un			JAUDYK010002645.1	Chromosome		NW_026698662.1	unplaced-scaffold	58757			HAP1_SCAFFOLD_1758
GCA_030435755.1	Primary Assembly	Un			JAUDYK010002646.1	Chromosome		NW_026698663.1	unplaced-scaffold	39862			HAP1_SCAFFOLD_3362
GCA_030435755.1	Primary Assembly	Un			JAUDYK010002647.1	Chromosome		NW_026698664.1	unplaced-scaffold	47654			HAP1_SCAFFOLD_2525
GCA_030435755.1	Primary Assembly	Un			JAUDYK010002648.1	Chromosome		NW_026698665.1	unplaced-scaffold	87996			HAP1_SCAFFOLD_922
GCA_030435755.1	Primary Assembly	Un			JAUDYK010002649.1	Chromosome		NW_026698666.1	unplaced-scaffold	121382			HAP1_SCAFFOLD_541
GCA_030435755.1	Primary Assembly	Un			JAUDYK010002650.1	Chromosome		NW_026698667.1	unplaced-scaffold	75608			HAP1_SCAFFOLD_1168
GCA_030435755.1	Primary Assembly	Un			JAUDYK010002651.1	Chromosome		NW_026698668.1	unplaced-scaffold	60927			HAP1_SCAFFOLD_1662
GCA_030435755.1	Primary Assembly	Un			JAUDYK010002652.1	Chromosome		NW_026698669.1	unplaced-scaffold	47200			HAP1_SCAFFOLD_2559
GCA_030435755.1	Primary Assembly	Un			JAUDYK010002653.1	Chromosome		NW_026698670.1	unplaced-scaffold	24358			HAP1_SCAFFOLD_5575
GCA_030435755.1	Primary Assembly	Un			JAUDYK010002654.1	Chromosome		NW_026698671.1	unplaced-scaffold	30920			HAP1_SCAFFOLD_4718
GCA_030435755.1	Primary Assembly	Un			JAUDYK010002655.1	Chromosome		NW_026698672.1	unplaced-scaffold	50587			HAP1_SCAFFOLD_2287
GCA_030435755.1	Primary Assembly	Un			JAUDYK010002656.1	Chromosome		NW_026698673.1	unplaced-scaffold	46574			HAP1_SCAFFOLD_2616
GCA_030435755.1	Primary Assembly	Un			JAUDYK010002657.1	Chromosome		NW_026698674.1	unplaced-scaffold	50349			HAP1_SCAFFOLD_2305
GCA_030435755.1	Primary Assembly	Un			JAUDYK010002658.1	Chromosome		NW_026698675.1	unplaced-scaffold	82309			HAP1_SCAFFOLD_1020
GCA_030435755.1	Primary Assembly	Un			JAUDYK010002659.1	Chromosome		NW_026698676.1	unplaced-scaffold	38616			HAP1_SCAFFOLD_3518
GCA_030435755.1	Primary Assembly	Un			JAUDYK010002660.1	Chromosome		NW_026698677.1	unplaced-scaffold	49412			HAP1_SCAFFOLD_2373
GCA_030435755.1	Primary Assembly	Un			JAUDYK010002661.1	Chromosome		NW_026698678.1	unplaced-scaffold	45739			HAP1_SCAFFOLD_2692
GCA_030435755.1	Primary Assembly	Un			JAUDYK010002662.1	Chromosome		NW_026698679.1	unplaced-scaffold	51708			HAP1_SCAFFOLD_2198
GCA_030435755.1	Primary Assembly	Un			JAUDYK010002663.1	Chromosome		NW_026698680.1	unplaced-scaffold	120232			HAP1_SCAFFOLD_552
GCA_030435755.1	Primary Assembly	Un			JAUDYK010002664.1	Chromosome		NW_026698681.1	unplaced-scaffold	43412			HAP1_SCAFFOLD_2937
GCA_030435755.1	Primary Assembly	Un			JAUDYK010002665.1	Chromosome		NW_026698682.1	unplaced-scaffold	49047			HAP1_SCAFFOLD_2415
GCA_030435755.1	Primary Assembly	Un			JAUDYK010002666.1	Chromosome		NW_026698683.1	unplaced-scaffold	55607			HAP1_SCAFFOLD_1926
GCA_030435755.1	Primary Assembly	Un			JAUDYK010002667.1	Chromosome		NW_026698684.1	unplaced-scaffold	26516			HAP1_SCAFFOLD_5323
GCA_030435755.1	Primary Assembly	Un			JAUDYK010002668.1	Chromosome		NW_026698685.1	unplaced-scaffold	66658			HAP1_SCAFFOLD_1434
GCA_030435755.1	Primary Assembly	Un			JAUDYK010002669.1	Chromosome		NW_026698686.1	unplaced-scaffold	50840			HAP1_SCAFFOLD_2264
GCA_030435755.1	Primary Assembly	Un			JAUDYK010002670.1	Chromosome		NW_026698687.1	unplaced-scaffold	200034			HAP1_SCAFFOLD_257
GCA_030435755.1	Primary Assembly	Un			JAUDYK010002671.1	Chromosome		NW_026698688.1	unplaced-scaffold	62698			HAP1_SCAFFOLD_1582
GCA_030435755.1	Primary Assembly	Un			JAUDYK010002672.1	Chromosome		NW_026698689.1	unplaced-scaffold	32262			HAP1_SCAFFOLD_4478
GCA_030435755.1	Primary Assembly	Un			JAUDYK010002673.1	Chromosome		NW_026698690.1	unplaced-scaffold	32767			HAP1_SCAFFOLD_4401
GCA_030435755.1	Primary Assembly	Un			JAUDYK010002674.1	Chromosome		NW_026698691.1	unplaced-scaffold	34189			HAP1_SCAFFOLD_4181
GCA_030435755.1	Primary Assembly	Un			JAUDYK010002675.1	Chromosome		NW_026698692.1	unplaced-scaffold	30218			HAP1_SCAFFOLD_4812
GCA_030435755.1	Primary Assembly	Un			JAUDYK010002676.1	Chromosome		NW_026698693.1	unplaced-scaffold	23751			HAP1_SCAFFOLD_5631
GCA_030435755.1	Primary Assembly	Un			JAUDYK010002677.1	Chromosome		NW_026698694.1	unplaced-scaffold	123275			HAP1_SCAFFOLD_526
GCA_030435755.1	Primary Assembly	Un			JAUDYK010002678.1	Chromosome		NW_026698695.1	unplaced-scaffold	85317			HAP1_SCAFFOLD_968
GCA_030435755.1	Primary Assembly	Un			JAUDYK010002679.1	Chromosome		NW_026698696.1	unplaced-scaffold	35047			HAP1_SCAFFOLD_4046
GCA_030435755.1	Primary Assembly	Un			JAUDYK010002680.1	Chromosome		NW_026698697.1	unplaced-scaffold	24381			HAP1_SCAFFOLD_5574
GCA_030435755.1	Primary Assembly	Un			JAUDYK010002681.1	Chromosome		NW_026698698.1	unplaced-scaffold	92365			HAP1_SCAFFOLD_838
GCA_030435755.1	Primary Assembly	Un			JAUDYK010002682.1	Chromosome		NW_026698699.1	unplaced-scaffold	28292			HAP1_SCAFFOLD_5096
GCA_030435755.1	Primary Assembly	Un			JAUDYK010002683.1	Chromosome		NW_026698700.1	unplaced-scaffold	71226			HAP1_SCAFFOLD_1295
GCA_030435755.1	Primary Assembly	Un			JAUDYK010002684.1	Chromosome		NW_026698701.1	unplaced-scaffold	45679			HAP1_SCAFFOLD_2703
GCA_030435755.1	Primary Assembly	Un			JAUDYK010002685.1	Chromosome		NW_026698702.1	unplaced-scaffold	47668			HAP1_SCAFFOLD_2524
GCA_030435755.1	Primary Assembly	Un			JAUDYK010002686.1	Chromosome		NW_026698703.1	unplaced-scaffold	41150			HAP1_SCAFFOLD_3202
GCA_030435755.1	Primary Assembly	Un			JAUDYK010002687.1	Chromosome		NW_026698704.1	unplaced-scaffold	43973			HAP1_SCAFFOLD_2889
GCA_030435755.1	Primary Assembly	Un			JAUDYK010002688.1	Chromosome		NW_026698705.1	unplaced-scaffold	29371			HAP1_SCAFFOLD_4940
GCA_030435755.1	Primary Assembly	Un			JAUDYK010002689.1	Chromosome		NW_026698706.1	unplaced-scaffold	55205			HAP1_SCAFFOLD_1953
GCA_030435755.1	Primary Assembly	Un			JAUDYK010002690.1	Chromosome		NW_026698707.1	unplaced-scaffold	26259			HAP1_SCAFFOLD_5356
GCA_030435755.1	Primary Assembly	Un			JAUDYK010002691.1	Chromosome		NW_026698708.1	unplaced-scaffold	22599			HAP1_SCAFFOLD_5725
GCA_030435755.1	Primary Assembly	Un			JAUDYK010002692.1	Chromosome		NW_026698709.1	unplaced-scaffold	29670			HAP1_SCAFFOLD_4896
GCA_030435755.1	Primary Assembly	Un			JAUDYK010002693.1	Chromosome		NW_026698710.1	unplaced-scaffold	27756			HAP1_SCAFFOLD_5169
GCA_030435755.1	Primary Assembly	Un			JAUDYK010002694.1	Chromosome		NW_026698711.1	unplaced-scaffold	94976			HAP1_SCAFFOLD_811
GCA_030435755.1	Primary Assembly	Un			JAUDYK010002695.1	Chromosome		NW_026698712.1	unplaced-scaffold	45031			HAP1_SCAFFOLD_2775
GCA_030435755.1	Primary Assembly	Un			JAUDYK010002696.1	Chromosome		NW_026698713.1	unplaced-scaffold	95657			HAP1_SCAFFOLD_799
GCA_030435755.1	Primary Assembly	Un			JAUDYK010002697.1	Chromosome		NW_026698714.1	unplaced-scaffold	21989			HAP1_SCAFFOLD_5759
GCA_030435755.1	Primary Assembly	Un			JAUDYK010002698.1	Chromosome		NW_026698715.1	unplaced-scaffold	20006			HAP1_SCAFFOLD_5846
GCA_030435755.1	Primary Assembly	Un			JAUDYK010002699.1	Chromosome		NW_026698716.1	unplaced-scaffold	53579			HAP1_SCAFFOLD_2061
GCA_030435755.1	Primary Assembly	Un			JAUDYK010002700.1	Chromosome		NW_026698717.1	unplaced-scaffold	29299			HAP1_SCAFFOLD_4957
GCA_030435755.1	Primary Assembly	Un			JAUDYK010002701.1	Chromosome		NW_026698718.1	unplaced-scaffold	33293			HAP1_SCAFFOLD_4311
GCA_030435755.1	Primary Assembly	Un			JAUDYK010002702.1	Chromosome		NW_026698719.1	unplaced-scaffold	28936			HAP1_SCAFFOLD_5012
GCA_030435755.1	Primary Assembly	Un			JAUDYK010002703.1	Chromosome		NW_026698720.1	unplaced-scaffold	37765			HAP1_SCAFFOLD_3651
GCA_030435755.1	Primary Assembly	Un			JAUDYK010002704.1	Chromosome		NW_026698721.1	unplaced-scaffold	66641			HAP1_SCAFFOLD_1435
GCA_030435755.1	Primary Assembly	Un			JAUDYK010002705.1	Chromosome		NW_026698722.1	unplaced-scaffold	28270			HAP1_SCAFFOLD_5100
GCA_030435755.1	Primary Assembly	Un			JAUDYK010002706.1	Chromosome		NW_026698723.1	unplaced-scaffold	49047			HAP1_SCAFFOLD_2414
GCA_030435755.1	Primary Assembly	Un			JAUDYK010002707.1	Chromosome		NW_026698724.1	unplaced-scaffold	25313			HAP1_SCAFFOLD_5480
GCA_030435755.1	Primary Assembly	Un			JAUDYK010002708.1	Chromosome		NW_026698725.1	unplaced-scaffold	29544			HAP1_SCAFFOLD_4913
GCA_030435755.1	Primary Assembly	Un			JAUDYK010002709.1	Chromosome		NW_026698726.1	unplaced-scaffold	107318			HAP1_SCAFFOLD_661
GCA_030435755.1	Primary Assembly	Un			JAUDYK010002710.1	Chromosome		NW_026698727.1	unplaced-scaffold	50803			HAP1_SCAFFOLD_2265
GCA_030435755.1	Primary Assembly	Un			JAUDYK010002711.1	Chromosome		NW_026698728.1	unplaced-scaffold	103432			HAP1_SCAFFOLD_710
GCA_030435755.1	Primary Assembly	Un			JAUDYK010002712.1	Chromosome		NW_026698729.1	unplaced-scaffold	57199			HAP1_SCAFFOLD_1841
GCA_030435755.1	Primary Assembly	Un			JAUDYK010002713.1	Chromosome		NW_026698730.1	unplaced-scaffold	99123			HAP1_SCAFFOLD_748
GCA_030435755.1	Primary Assembly	Un			JAUDYK010002714.1	Chromosome		NW_026698731.1	unplaced-scaffold	85993			HAP1_SCAFFOLD_956
GCA_030435755.1	Primary Assembly	Un			JAUDYK010002715.1	Chromosome		NW_026698732.1	unplaced-scaffold	69011			HAP1_SCAFFOLD_1351
GCA_030435755.1	Primary Assembly	Un			JAUDYK010002716.1	Chromosome		NW_026698733.1	unplaced-scaffold	55814			HAP1_SCAFFOLD_1917
GCA_030435755.1	Primary Assembly	Un			JAUDYK010002717.1	Chromosome		NW_026698734.1	unplaced-scaffold	40093			HAP1_SCAFFOLD_3336
GCA_030435755.1	Primary Assembly	Un			JAUDYK010002718.1	Chromosome		NW_026698735.1	unplaced-scaffold	46471			HAP1_SCAFFOLD_2627
GCA_030435755.1	Primary Assembly	Un			JAUDYK010002719.1	Chromosome		NW_026698736.1	unplaced-scaffold	190872			HAP1_SCAFFOLD_272
GCA_030435755.1	Primary Assembly	Un			JAUDYK010002720.1	Chromosome		NW_026698737.1	unplaced-scaffold	57018			HAP1_SCAFFOLD_1852
GCA_030435755.1	Primary Assembly	Un			JAUDYK010002721.1	Chromosome		NW_026698738.1	unplaced-scaffold	78885			HAP1_SCAFFOLD_1091
GCA_030435755.1	Primary Assembly	Un			JAUDYK010002722.1	Chromosome		NW_026698739.1	unplaced-scaffold	31939			HAP1_SCAFFOLD_4539
GCA_030435755.1	Primary Assembly	Un			JAUDYK010002723.1	Chromosome		NW_026698740.1	unplaced-scaffold	37852			HAP1_SCAFFOLD_3642
GCA_030435755.1	Primary Assembly	Un			JAUDYK010002724.1	Chromosome		NW_026698741.1	unplaced-scaffold	41615			HAP1_SCAFFOLD_3148
GCA_030435755.1	Primary Assembly	Un			JAUDYK010002725.1	Chromosome		NW_026698742.1	unplaced-scaffold	116276			HAP1_SCAFFOLD_577
GCA_030435755.1	Primary Assembly	Un			JAUDYK010002726.1	Chromosome		NW_026698743.1	unplaced-scaffold	37192			HAP1_SCAFFOLD_3739
GCA_030435755.1	Primary Assembly	Un			JAUDYK010002727.1	Chromosome		NW_026698744.1	unplaced-scaffold	23310			HAP1_SCAFFOLD_5677
GCA_030435755.1	Primary Assembly	Un			JAUDYK010002728.1	Chromosome		NW_026698745.1	unplaced-scaffold	69439			HAP1_SCAFFOLD_1342
GCA_030435755.1	Primary Assembly	Un			JAUDYK010002729.1	Chromosome		NW_026698746.1	unplaced-scaffold	61429			HAP1_SCAFFOLD_1636
GCA_030435755.1	Primary Assembly	Un			JAUDYK010002730.1	Chromosome		NW_026698747.1	unplaced-scaffold	50353			HAP1_SCAFFOLD_2304
GCA_030435755.1	Primary Assembly	Un			JAUDYK010002731.1	Chromosome		NW_026698748.1	unplaced-scaffold	50532			HAP1_SCAFFOLD_2293
GCA_030435755.1	Primary Assembly	Un			JAUDYK010002732.1	Chromosome		NW_026698749.1	unplaced-scaffold	40224			HAP1_SCAFFOLD_3319
GCA_030435755.1	Primary Assembly	Un			JAUDYK010002733.1	Chromosome		NW_026698750.1	unplaced-scaffold	79855			HAP1_SCAFFOLD_1068
GCA_030435755.1	Primary Assembly	Un			JAUDYK010002734.1	Chromosome		NW_026698751.1	unplaced-scaffold	32076			HAP1_SCAFFOLD_4516
GCA_030435755.1	Primary Assembly	Un			JAUDYK010002735.1	Chromosome		NW_026698752.1	unplaced-scaffold	60068			HAP1_SCAFFOLD_1705
GCA_030435755.1	Primary Assembly	Un			JAUDYK010002736.1	Chromosome		NW_026698753.1	unplaced-scaffold	24697			HAP1_SCAFFOLD_5551
GCA_030435755.1	Primary Assembly	Un			JAUDYK010002737.1	Chromosome		NW_026698754.1	unplaced-scaffold	37386			HAP1_SCAFFOLD_3716
GCA_030435755.1	Primary Assembly	Un			JAUDYK010002738.1	Chromosome		NW_026698755.1	unplaced-scaffold	61837			HAP1_SCAFFOLD_1619
GCA_030435755.1	Primary Assembly	Un			JAUDYK010002739.1	Chromosome		NW_026698756.1	unplaced-scaffold	170615			HAP1_SCAFFOLD_328
GCA_030435755.1	Primary Assembly	Un			JAUDYK010002740.1	Chromosome		NW_026698757.1	unplaced-scaffold	31580			HAP1_SCAFFOLD_4592
GCA_030435755.1	Primary Assembly	Un			JAUDYK010002741.1	Chromosome		NW_026698758.1	unplaced-scaffold	43487			HAP1_SCAFFOLD_2929
GCA_030435755.1	Primary Assembly	Un			JAUDYK010002742.1	Chromosome		NW_026698759.1	unplaced-scaffold	38269			HAP1_SCAFFOLD_3577
GCA_030435755.1	Primary Assembly	Un			JAUDYK010002743.1	Chromosome		NW_026698760.1	unplaced-scaffold	58505			HAP1_SCAFFOLD_1773
GCA_030435755.1	Primary Assembly	Un			JAUDYK010002744.1	Chromosome		NW_026698761.1	unplaced-scaffold	43216			HAP1_SCAFFOLD_2955
GCA_030435755.1	Primary Assembly	Un			JAUDYK010002745.1	Chromosome		NW_026698762.1	unplaced-scaffold	148488			HAP1_SCAFFOLD_393
GCA_030435755.1	Primary Assembly	Un			JAUDYK010002746.1	Chromosome		NW_026698763.1	unplaced-scaffold	30522			HAP1_SCAFFOLD_4777
GCA_030435755.1	Primary Assembly	Un			JAUDYK010002747.1	Chromosome		NW_026698764.1	unplaced-scaffold	41248			HAP1_SCAFFOLD_3189
GCA_030435755.1	Primary Assembly	Un			JAUDYK010002748.1	Chromosome		NW_026698765.1	unplaced-scaffold	132925			HAP1_SCAFFOLD_467
GCA_030435755.1	Primary Assembly	Un			JAUDYK010002749.1	Chromosome		NW_026698766.1	unplaced-scaffold	36891			HAP1_SCAFFOLD_3792
GCA_030435755.1	Primary Assembly	Un			JAUDYK010002750.1	Chromosome		NW_026698767.1	unplaced-scaffold	39481			HAP1_SCAFFOLD_3409
GCA_030435755.1	Primary Assembly	Un			JAUDYK010002751.1	Chromosome		NW_026698768.1	unplaced-scaffold	24789			HAP1_SCAFFOLD_5542
GCA_030435755.1	Primary Assembly	Un			JAUDYK010002752.1	Chromosome		NW_026698769.1	unplaced-scaffold	68441			HAP1_SCAFFOLD_1374
GCA_030435755.1	Primary Assembly	Un			JAUDYK010002753.1	Chromosome		NW_026698770.1	unplaced-scaffold	33613			HAP1_SCAFFOLD_4267
GCA_030435755.1	Primary Assembly	Un			JAUDYK010002754.1	Chromosome		NW_026698771.1	unplaced-scaffold	30867			HAP1_SCAFFOLD_4731
GCA_030435755.1	Primary Assembly	Un			JAUDYK010002755.1	Chromosome		NW_026698772.1	unplaced-scaffold	39056			HAP1_SCAFFOLD_3460
GCA_030435755.1	Primary Assembly	Un			JAUDYK010002756.1	Chromosome		NW_026698773.1	unplaced-scaffold	53018			HAP1_SCAFFOLD_2098
GCA_030435755.1	Primary Assembly	Un			JAUDYK010002757.1	Chromosome		NW_026698774.1	unplaced-scaffold	29398			HAP1_SCAFFOLD_4934
GCA_030435755.1	Primary Assembly	Un			JAUDYK010002758.1	Chromosome		NW_026698775.1	unplaced-scaffold	48856			HAP1_SCAFFOLD_2433
GCA_030435755.1	Primary Assembly	Un			JAUDYK010002759.1	Chromosome		NW_026698776.1	unplaced-scaffold	32617			HAP1_SCAFFOLD_4426
GCA_030435755.1	Primary Assembly	Un			JAUDYK010002760.1	Chromosome		NW_026698777.1	unplaced-scaffold	38507			HAP1_SCAFFOLD_3531
GCA_030435755.1	Primary Assembly	Un			JAUDYK010002761.1	Chromosome		NW_026698778.1	unplaced-scaffold	37652			HAP1_SCAFFOLD_3674
GCA_030435755.1	Primary Assembly	Un			JAUDYK010002762.1	Chromosome		NW_026698779.1	unplaced-scaffold	72041			HAP1_SCAFFOLD_1263
GCA_030435755.1	Primary Assembly	Un			JAUDYK010002763.1	Chromosome		NW_026698780.1	unplaced-scaffold	49683			HAP1_SCAFFOLD_2358
GCA_030435755.1	Primary Assembly	Un			JAUDYK010002764.1	Chromosome		NW_026698781.1	unplaced-scaffold	77827			HAP1_SCAFFOLD_1120
GCA_030435755.1	Primary Assembly	Un			JAUDYK010002765.1	Chromosome		NW_026698782.1	unplaced-scaffold	31442			HAP1_SCAFFOLD_4625
GCA_030435755.1	Primary Assembly	Un			JAUDYK010002766.1	Chromosome		NW_026698783.1	unplaced-scaffold	63491			HAP1_SCAFFOLD_1556
GCA_030435755.1	Primary Assembly	Un			JAUDYK010002767.1	Chromosome		NW_026698784.1	unplaced-scaffold	114393			HAP1_SCAFFOLD_595
GCA_030435755.1	Primary Assembly	Un			JAUDYK010002768.1	Chromosome		NW_026698785.1	unplaced-scaffold	44376			HAP1_SCAFFOLD_2848
GCA_030435755.1	Primary Assembly	Un			JAUDYK010002769.1	Chromosome		NW_026698786.1	unplaced-scaffold	33448			HAP1_SCAFFOLD_4284
GCA_030435755.1	Primary Assembly	Un			JAUDYK010002770.1	Chromosome		NW_026698787.1	unplaced-scaffold	31316			HAP1_SCAFFOLD_4659
GCA_030435755.1	Primary Assembly	Un			JAUDYK010002771.1	Chromosome		NW_026698788.1	unplaced-scaffold	32443			HAP1_SCAFFOLD_4449
GCA_030435755.1	Primary Assembly	Un			JAUDYK010002772.1	Chromosome		NW_026698789.1	unplaced-scaffold	40694			HAP1_SCAFFOLD_3259
GCA_030435755.1	Primary Assembly	Un			JAUDYK010002773.1	Chromosome		NW_026698790.1	unplaced-scaffold	37590			HAP1_SCAFFOLD_3684
GCA_030435755.1	Primary Assembly	Un			JAUDYK010002774.1	Chromosome		NW_026698791.1	unplaced-scaffold	68114			HAP1_SCAFFOLD_1384
GCA_030435755.1	Primary Assembly	Un			JAUDYK010002775.1	Chromosome		NW_026698792.1	unplaced-scaffold	40929			HAP1_SCAFFOLD_3225
GCA_030435755.1	Primary Assembly	Un			JAUDYK010002776.1	Chromosome		NW_026698793.1	unplaced-scaffold	25134			HAP1_SCAFFOLD_5499
GCA_030435755.1	Primary Assembly	Un			JAUDYK010002777.1	Chromosome		NW_026698794.1	unplaced-scaffold	22946			HAP1_SCAFFOLD_5702
GCA_030435755.1	Primary Assembly	Un			JAUDYK010002778.1	Chromosome		NW_026698795.1	unplaced-scaffold	56943			HAP1_SCAFFOLD_1860
GCA_030435755.1	Primary Assembly	Un			JAUDYK010002779.1	Chromosome		NW_026698796.1	unplaced-scaffold	52622			HAP1_SCAFFOLD_2135
GCA_030435755.1	Primary Assembly	Un			JAUDYK010002780.1	Chromosome		NW_026698797.1	unplaced-scaffold	63699			HAP1_SCAFFOLD_1545
GCA_030435755.1	Primary Assembly	Un			JAUDYK010002781.1	Chromosome		NW_026698798.1	unplaced-scaffold	68603			HAP1_SCAFFOLD_1367
GCA_030435755.1	Primary Assembly	Un			JAUDYK010002782.1	Chromosome		NW_026698799.1	unplaced-scaffold	78160			HAP1_SCAFFOLD_1114
GCA_030435755.1	Primary Assembly	Un			JAUDYK010002783.1	Chromosome		NW_026698800.1	unplaced-scaffold	33532			HAP1_SCAFFOLD_4274
GCA_030435755.1	Primary Assembly	Un			JAUDYK010002784.1	Chromosome		NW_026698801.1	unplaced-scaffold	134864			HAP1_SCAFFOLD_456
GCA_030435755.1	Primary Assembly	Un			JAUDYK010002785.1	Chromosome		NW_026698802.1	unplaced-scaffold	174658			HAP1_SCAFFOLD_315
GCA_030435755.1	Primary Assembly	Un			JAUDYK010002786.1	Chromosome		NW_026698803.1	unplaced-scaffold	32991			HAP1_SCAFFOLD_4363
GCA_030435755.1	Primary Assembly	Un			JAUDYK010002787.1	Chromosome		NW_026698804.1	unplaced-scaffold	155564			HAP1_SCAFFOLD_376
GCA_030435755.1	Primary Assembly	Un			JAUDYK010002788.1	Chromosome		NW_026698805.1	unplaced-scaffold	37689			HAP1_SCAFFOLD_3667
GCA_030435755.1	Primary Assembly	Un			JAUDYK010002789.1	Chromosome		NW_026698806.1	unplaced-scaffold	54323			HAP1_SCAFFOLD_2013
GCA_030435755.1	Primary Assembly	Un			JAUDYK010002790.1	Chromosome		NW_026698807.1	unplaced-scaffold	53593			HAP1_SCAFFOLD_2057
GCA_030435755.1	Primary Assembly	Un			JAUDYK010002791.1	Chromosome		NW_026698808.1	unplaced-scaffold	27172			HAP1_SCAFFOLD_5239
GCA_030435755.1	Primary Assembly	Un			JAUDYK010002792.1	Chromosome		NW_026698809.1	unplaced-scaffold	170777			HAP1_SCAFFOLD_327
GCA_030435755.1	Primary Assembly	Un			JAUDYK010002793.1	Chromosome		NW_026698810.1	unplaced-scaffold	29274			HAP1_SCAFFOLD_4961
GCA_030435755.1	Primary Assembly	Un			JAUDYK010002794.1	Chromosome		NW_026698811.1	unplaced-scaffold	57869			HAP1_SCAFFOLD_1809
GCA_030435755.1	Primary Assembly	Un			JAUDYK010002795.1	Chromosome		NW_026698812.1	unplaced-scaffold	38348			HAP1_SCAFFOLD_3564
GCA_030435755.1	Primary Assembly	Un			JAUDYK010002796.1	Chromosome		NW_026698813.1	unplaced-scaffold	34388			HAP1_SCAFFOLD_4154
GCA_030435755.1	Primary Assembly	Un			JAUDYK010002797.1	Chromosome		NW_026698814.1	unplaced-scaffold	30647			HAP1_SCAFFOLD_4764
GCA_030435755.1	Primary Assembly	Un			JAUDYK010002798.1	Chromosome		NW_026698815.1	unplaced-scaffold	53922			HAP1_SCAFFOLD_2040
GCA_030435755.1	Primary Assembly	Un			JAUDYK010002799.1	Chromosome		NW_026698816.1	unplaced-scaffold	42648			HAP1_SCAFFOLD_3021
GCA_030435755.1	Primary Assembly	Un			JAUDYK010002800.1	Chromosome		NW_026698817.1	unplaced-scaffold	132850			HAP1_SCAFFOLD_468
GCA_030435755.1	Primary Assembly	Un			JAUDYK010002801.1	Chromosome		NW_026698818.1	unplaced-scaffold	51400			HAP1_SCAFFOLD_2218
GCA_030435755.1	Primary Assembly	Un			JAUDYK010002802.1	Chromosome		NW_026698819.1	unplaced-scaffold	30418			HAP1_SCAFFOLD_4787
GCA_030435755.1	Primary Assembly	Un			JAUDYK010002803.1	Chromosome		NW_026698820.1	unplaced-scaffold	41354			HAP1_SCAFFOLD_3179
GCA_030435755.1	Primary Assembly	Un			JAUDYK010002804.1	Chromosome		NW_026698821.1	unplaced-scaffold	124565			HAP1_SCAFFOLD_513
GCA_030435755.1	Primary Assembly	Un			JAUDYK010002805.1	Chromosome		NW_026698822.1	unplaced-scaffold	43321			HAP1_SCAFFOLD_2946
GCA_030435755.1	Primary Assembly	Un			JAUDYK010002806.1	Chromosome		NW_026698823.1	unplaced-scaffold	49185			HAP1_SCAFFOLD_2397
GCA_030435755.1	Primary Assembly	Un			JAUDYK010002807.1	Chromosome		NW_026698824.1	unplaced-scaffold	38218			HAP1_SCAFFOLD_3587
GCA_030435755.1	Primary Assembly	Un			JAUDYK010002808.1	Chromosome		NW_026698825.1	unplaced-scaffold	58371			HAP1_SCAFFOLD_1783
GCA_030435755.1	Primary Assembly	Un			JAUDYK010002809.1	Chromosome		NW_026698826.1	unplaced-scaffold	43972			HAP1_SCAFFOLD_2890
GCA_030435755.1	Primary Assembly	Un			JAUDYK010002810.1	Chromosome		NW_026698827.1	unplaced-scaffold	48994			HAP1_SCAFFOLD_2420
GCA_030435755.1	Primary Assembly	Un			JAUDYK010002811.1	Chromosome		NW_026698828.1	unplaced-scaffold	26773			HAP1_SCAFFOLD_5292
GCA_030435755.1	Primary Assembly	Un			JAUDYK010002812.1	Chromosome		NW_026698829.1	unplaced-scaffold	39102			HAP1_SCAFFOLD_3452
GCA_030435755.1	Primary Assembly	Un			JAUDYK010002813.1	Chromosome		NW_026698830.1	unplaced-scaffold	25376			HAP1_SCAFFOLD_5470
GCA_030435755.1	Primary Assembly	Un			JAUDYK010002814.1	Chromosome		NW_026698831.1	unplaced-scaffold	33773			HAP1_SCAFFOLD_4242
GCA_030435755.1	Primary Assembly	Un			JAUDYK010002815.1	Chromosome		NW_026698832.1	unplaced-scaffold	105773			HAP1_SCAFFOLD_680
GCA_030435755.1	Primary Assembly	Un			JAUDYK010002816.1	Chromosome		NW_026698833.1	unplaced-scaffold	99299			HAP1_SCAFFOLD_747
GCA_030435755.1	Primary Assembly	Un			JAUDYK010002817.1	Chromosome		NW_026698834.1	unplaced-scaffold	36171			HAP1_SCAFFOLD_3900
GCA_030435755.1	Primary Assembly	Un			JAUDYK010002818.1	Chromosome		NW_026698835.1	unplaced-scaffold	23405			HAP1_SCAFFOLD_5664
GCA_030435755.1	Primary Assembly	Un			JAUDYK010002819.1	Chromosome		NW_026698836.1	unplaced-scaffold	23095			HAP1_SCAFFOLD_5687
GCA_030435755.1	Primary Assembly	Un			JAUDYK010002820.1	Chromosome		NW_026698837.1	unplaced-scaffold	34462			HAP1_SCAFFOLD_4137
GCA_030435755.1	Primary Assembly	Un			JAUDYK010002821.1	Chromosome		NW_026698838.1	unplaced-scaffold	116135			HAP1_SCAFFOLD_578
GCA_030435755.1	Primary Assembly	Un			JAUDYK010002822.1	Chromosome		NW_026698839.1	unplaced-scaffold	222245			HAP1_SCAFFOLD_234
GCA_030435755.1	Primary Assembly	Un			JAUDYK010002823.1	Chromosome		NW_026698840.1	unplaced-scaffold	27361			HAP1_SCAFFOLD_5216
GCA_030435755.1	Primary Assembly	Un			JAUDYK010002824.1	Chromosome		NW_026698841.1	unplaced-scaffold	82585			HAP1_SCAFFOLD_1015
GCA_030435755.1	Primary Assembly	Un			JAUDYK010002825.1	Chromosome		NW_026698842.1	unplaced-scaffold	54026			HAP1_SCAFFOLD_2034
GCA_030435755.1	Primary Assembly	Un			JAUDYK010002826.1	Chromosome		NW_026698843.1	unplaced-scaffold	29034			HAP1_SCAFFOLD_4998
GCA_030435755.1	Primary Assembly	Un			JAUDYK010002827.1	Chromosome		NW_026698844.1	unplaced-scaffold	13001			HAP1_SCAFFOLD_5948
GCA_030435755.1	Primary Assembly	Un			JAUDYK010002828.1	Chromosome		NW_026698845.1	unplaced-scaffold	36662			HAP1_SCAFFOLD_3835
GCA_030435755.1	Primary Assembly	Un			JAUDYK010002829.1	Chromosome		NW_026698846.1	unplaced-scaffold	42771			HAP1_SCAFFOLD_3006
GCA_030435755.1	Primary Assembly	Un			JAUDYK010002830.1	Chromosome		NW_026698847.1	unplaced-scaffold	33725			HAP1_SCAFFOLD_4251
GCA_030435755.1	Primary Assembly	Un			JAUDYK010002831.1	Chromosome		NW_026698848.1	unplaced-scaffold	59541			HAP1_SCAFFOLD_1722
GCA_030435755.1	Primary Assembly	Un			JAUDYK010002832.1	Chromosome		NW_026698849.1	unplaced-scaffold	188097			HAP1_SCAFFOLD_285
GCA_030435755.1	Primary Assembly	Un			JAUDYK010002833.1	Chromosome		NW_026698850.1	unplaced-scaffold	39171			HAP1_SCAFFOLD_3441
GCA_030435755.1	Primary Assembly	Un			JAUDYK010002834.1	Chromosome		NW_026698851.1	unplaced-scaffold	47437			HAP1_SCAFFOLD_2543
GCA_030435755.1	Primary Assembly	Un			JAUDYK010002835.1	Chromosome		NW_026698852.1	unplaced-scaffold	77264			HAP1_SCAFFOLD_1133
GCA_030435755.1	Primary Assembly	Un			JAUDYK010002836.1	Chromosome		NW_026698853.1	unplaced-scaffold	35010			HAP1_SCAFFOLD_4055
GCA_030435755.1	Primary Assembly	Un			JAUDYK010002837.1	Chromosome		NW_026698854.1	unplaced-scaffold	25624			HAP1_SCAFFOLD_5432
GCA_030435755.1	Primary Assembly	Un			JAUDYK010002838.1	Chromosome		NW_026698855.1	unplaced-scaffold	32222			HAP1_SCAFFOLD_4488
GCA_030435755.1	Primary Assembly	Un			JAUDYK010002839.1	Chromosome		NW_026698856.1	unplaced-scaffold	73697			HAP1_SCAFFOLD_1211
GCA_030435755.1	Primary Assembly	Un			JAUDYK010002840.1	Chromosome		NW_026698857.1	unplaced-scaffold	34245			HAP1_SCAFFOLD_4171
GCA_030435755.1	Primary Assembly	Un			JAUDYK010002841.1	Chromosome		NW_026698858.1	unplaced-scaffold	31550			HAP1_SCAFFOLD_4602
GCA_030435755.1	Primary Assembly	Un			JAUDYK010002842.1	Chromosome		NW_026698859.1	unplaced-scaffold	34682			HAP1_SCAFFOLD_4108
GCA_030435755.1	Primary Assembly	Un			JAUDYK010002843.1	Chromosome		NW_026698860.1	unplaced-scaffold	35238			HAP1_SCAFFOLD_4029
GCA_030435755.1	Primary Assembly	Un			JAUDYK010002844.1	Chromosome		NW_026698861.1	unplaced-scaffold	24289			HAP1_SCAFFOLD_5584
GCA_030435755.1	Primary Assembly	Un			JAUDYK010002845.1	Chromosome		NW_026698862.1	unplaced-scaffold	85406			HAP1_SCAFFOLD_967
GCA_030435755.1	Primary Assembly	Un			JAUDYK010002846.1	Chromosome		NW_026698863.1	unplaced-scaffold	47893			HAP1_SCAFFOLD_2510
GCA_030435755.1	Primary Assembly	Un			JAUDYK010002847.1	Chromosome		NW_026698864.1	unplaced-scaffold	92403			HAP1_SCAFFOLD_837
GCA_030435755.1	Primary Assembly	Un			JAUDYK010002848.1	Chromosome		NW_026698865.1	unplaced-scaffold	44917			HAP1_SCAFFOLD_2785
GCA_030435755.1	Primary Assembly	Un			JAUDYK010002849.1	Chromosome		NW_026698866.1	unplaced-scaffold	41246			HAP1_SCAFFOLD_3190
GCA_030435755.1	Primary Assembly	Un			JAUDYK010002850.1	Chromosome		NW_026698867.1	unplaced-scaffold	20285			HAP1_SCAFFOLD_5829
GCA_030435755.1	Primary Assembly	Un			JAUDYK010002851.1	Chromosome		NW_026698868.1	unplaced-scaffold	26340			HAP1_SCAFFOLD_5345
GCA_030435755.1	Primary Assembly	Un			JAUDYK010002852.1	Chromosome		NW_026698869.1	unplaced-scaffold	24457			HAP1_SCAFFOLD_5567
GCA_030435755.1	Primary Assembly	Un			JAUDYK010002853.1	Chromosome		NW_026698870.1	unplaced-scaffold	35712			HAP1_SCAFFOLD_3969
GCA_030435755.1	Primary Assembly	Un			JAUDYK010002854.1	Chromosome		NW_026698871.1	unplaced-scaffold	44120			HAP1_SCAFFOLD_2879
GCA_030435755.1	Primary Assembly	Un			JAUDYK010002855.1	Chromosome		NW_026698872.1	unplaced-scaffold	19824			HAP1_SCAFFOLD_5855
GCA_030435755.1	Primary Assembly	Un			JAUDYK010002856.1	Chromosome		NW_026698873.1	unplaced-scaffold	32804			HAP1_SCAFFOLD_4395
GCA_030435755.1	Primary Assembly	Un			JAUDYK010002857.1	Chromosome		NW_026698874.1	unplaced-scaffold	36670			HAP1_SCAFFOLD_3834
GCA_030435755.1	Primary Assembly	Un			JAUDYK010002858.1	Chromosome		NW_026698875.1	unplaced-scaffold	27270			HAP1_SCAFFOLD_5227
GCA_030435755.1	Primary Assembly	Un			JAUDYK010002859.1	Chromosome		NW_026698876.1	unplaced-scaffold	52861			HAP1_SCAFFOLD_2113
GCA_030435755.1	Primary Assembly	Un			JAUDYK010002860.1	Chromosome		NW_026698877.1	unplaced-scaffold	25386			HAP1_SCAFFOLD_5466
GCA_030435755.1	Primary Assembly	Un			JAUDYK010002861.1	Chromosome		NW_026698878.1	unplaced-scaffold	50714			HAP1_SCAFFOLD_2277
GCA_030435755.1	Primary Assembly	Un			JAUDYK010002862.1	Chromosome		NW_026698879.1	unplaced-scaffold	44742			HAP1_SCAFFOLD_2806
GCA_030435755.1	Primary Assembly	Un			JAUDYK010002863.1	Chromosome		NW_026698880.1	unplaced-scaffold	53999			HAP1_SCAFFOLD_2035
GCA_030435755.1	Primary Assembly	Un			JAUDYK010002864.1	Chromosome		NW_026698881.1	unplaced-scaffold	82591			HAP1_SCAFFOLD_1014
GCA_030435755.1	Primary Assembly	Un			JAUDYK010002865.1	Chromosome		NW_026698882.1	unplaced-scaffold	177912			HAP1_SCAFFOLD_305
GCA_030435755.1	Primary Assembly	Un			JAUDYK010002866.1	Chromosome		NW_026698883.1	unplaced-scaffold	90521			HAP1_SCAFFOLD_870
GCA_030435755.1	Primary Assembly	Un			JAUDYK010002867.1	Chromosome		NW_026698884.1	unplaced-scaffold	55279			HAP1_SCAFFOLD_1949
GCA_030435755.1	Primary Assembly	Un			JAUDYK010002868.1	Chromosome		NW_026698885.1	unplaced-scaffold	30373			HAP1_SCAFFOLD_4793
GCA_030435755.1	Primary Assembly	Un			JAUDYK010002869.1	Chromosome		NW_026698886.1	unplaced-scaffold	23403			HAP1_SCAFFOLD_5665
GCA_030435755.1	Primary Assembly	Un			JAUDYK010002870.1	Chromosome		NW_026698887.1	unplaced-scaffold	199500			HAP1_SCAFFOLD_258
GCA_030435755.1	Primary Assembly	Un			JAUDYK010002871.1	Chromosome		NW_026698888.1	unplaced-scaffold	165130			HAP1_SCAFFOLD_339
GCA_030435755.1	Primary Assembly	Un			JAUDYK010002872.1	Chromosome		NW_026698889.1	unplaced-scaffold	62971			HAP1_SCAFFOLD_1572
GCA_030435755.1	Primary Assembly	Un			JAUDYK010002873.1	Chromosome		NW_026698890.1	unplaced-scaffold	48163			HAP1_SCAFFOLD_2491
GCA_030435755.1	Primary Assembly	Un			JAUDYK010002874.1	Chromosome		NW_026698891.1	unplaced-scaffold	49349			HAP1_SCAFFOLD_2383
GCA_030435755.1	Primary Assembly	Un			JAUDYK010002875.1	Chromosome		NW_026698892.1	unplaced-scaffold	38161			HAP1_SCAFFOLD_3593
GCA_030435755.1	Primary Assembly	Un			JAUDYK010002876.1	Chromosome		NW_026698893.1	unplaced-scaffold	58142			HAP1_SCAFFOLD_1797
GCA_030435755.1	Primary Assembly	Un			JAUDYK010002877.1	Chromosome		NW_026698894.1	unplaced-scaffold	22274			HAP1_SCAFFOLD_5743
GCA_030435755.1	Primary Assembly	Un			JAUDYK010002878.1	Chromosome		NW_026698895.1	unplaced-scaffold	304889			HAP1_SCAFFOLD_169
GCA_030435755.1	Primary Assembly	Un			JAUDYK010002879.1	Chromosome		NW_026698896.1	unplaced-scaffold	19845			HAP1_SCAFFOLD_5854
GCA_030435755.1	Primary Assembly	Un			JAUDYK010002880.1	Chromosome		NW_026698897.1	unplaced-scaffold	32807			HAP1_SCAFFOLD_4394
GCA_030435755.1	Primary Assembly	Un			JAUDYK010002881.1	Chromosome		NW_026698898.1	unplaced-scaffold	43019			HAP1_SCAFFOLD_2981
GCA_030435755.1	Primary Assembly	Un			JAUDYK010002882.1	Chromosome		NW_026698899.1	unplaced-scaffold	26342			HAP1_SCAFFOLD_5344
GCA_030435755.1	Primary Assembly	Un			JAUDYK010002883.1	Chromosome		NW_026698900.1	unplaced-scaffold	41821			HAP1_SCAFFOLD_3121
GCA_030435755.1	Primary Assembly	Un			JAUDYK010002884.1	Chromosome		NW_026698901.1	unplaced-scaffold	22843			HAP1_SCAFFOLD_5710
GCA_030435755.1	Primary Assembly	Un			JAUDYK010002885.1	Chromosome		NW_026698902.1	unplaced-scaffold	44924			HAP1_SCAFFOLD_2784
GCA_030435755.1	Primary Assembly	Un			JAUDYK010002886.1	Chromosome		NW_026698903.1	unplaced-scaffold	42166			HAP1_SCAFFOLD_3079
GCA_030435755.1	Primary Assembly	Un			JAUDYK010002887.1	Chromosome		NW_026698904.1	unplaced-scaffold	125754			HAP1_SCAFFOLD_503
GCA_030435755.1	Primary Assembly	Un			JAUDYK010002888.1	Chromosome		NW_026698905.1	unplaced-scaffold	97908			HAP1_SCAFFOLD_771
GCA_030435755.1	Primary Assembly	Un			JAUDYK010002889.1	Chromosome		NW_026698906.1	unplaced-scaffold	130062			HAP1_SCAFFOLD_483
GCA_030435755.1	Primary Assembly	Un			JAUDYK010002890.1	Chromosome		NW_026698907.1	unplaced-scaffold	51246			HAP1_SCAFFOLD_2231
GCA_030435755.1	Primary Assembly	Un			JAUDYK010002891.1	Chromosome		NW_026698908.1	unplaced-scaffold	45112			HAP1_SCAFFOLD_2767
GCA_030435755.1	Primary Assembly	Un			JAUDYK010002892.1	Chromosome		NW_026698909.1	unplaced-scaffold	64039			HAP1_SCAFFOLD_1530
GCA_030435755.1	Primary Assembly	Un			JAUDYK010002893.1	Chromosome		NW_026698910.1	unplaced-scaffold	195812			HAP1_SCAFFOLD_266
GCA_030435755.1	Primary Assembly	Un			JAUDYK010002894.1	Chromosome		NW_026698911.1	unplaced-scaffold	24277			HAP1_SCAFFOLD_5585
GCA_030435755.1	Primary Assembly	Un			JAUDYK010002895.1	Chromosome		NW_026698912.1	unplaced-scaffold	52564			HAP1_SCAFFOLD_2140
GCA_030435755.1	Primary Assembly	Un			JAUDYK010002896.1	Chromosome		NW_026698913.1	unplaced-scaffold	66094			HAP1_SCAFFOLD_1461
GCA_030435755.1	Primary Assembly	Un			JAUDYK010002897.1	Chromosome		NW_026698914.1	unplaced-scaffold	57518			HAP1_SCAFFOLD_1828
GCA_030435755.1	Primary Assembly	Un			JAUDYK010002898.1	Chromosome		NW_026698915.1	unplaced-scaffold	52360			HAP1_SCAFFOLD_2157
GCA_030435755.1	Primary Assembly	Un			JAUDYK010002899.1	Chromosome		NW_026698916.1	unplaced-scaffold	35018			HAP1_SCAFFOLD_4054
GCA_030435755.1	Primary Assembly	Un			JAUDYK010002900.1	Chromosome		NW_026698917.1	unplaced-scaffold	41938			HAP1_SCAFFOLD_3106
GCA_030435755.1	Primary Assembly	Un			JAUDYK010002901.1	Chromosome		NW_026698918.1	unplaced-scaffold	38911			HAP1_SCAFFOLD_3486
GCA_030435755.1	Primary Assembly	Un			JAUDYK010002902.1	Chromosome		NW_026698919.1	unplaced-scaffold	64928			HAP1_SCAFFOLD_1498
GCA_030435755.1	Primary Assembly	Un			JAUDYK010002903.1	Chromosome		NW_026698920.1	unplaced-scaffold	81807			HAP1_SCAFFOLD_1033
GCA_030435755.1	Primary Assembly	Un			JAUDYK010002904.1	Chromosome		NW_026698921.1	unplaced-scaffold	35107			HAP1_SCAFFOLD_4037
GCA_030435755.1	Primary Assembly	Un			JAUDYK010002905.1	Chromosome		NW_026698922.1	unplaced-scaffold	47953			HAP1_SCAFFOLD_2502
GCA_030435755.1	Primary Assembly	Un			JAUDYK010002906.1	Chromosome		NW_026698923.1	unplaced-scaffold	36763			HAP1_SCAFFOLD_3813
GCA_030435755.1	Primary Assembly	Un			JAUDYK010002907.1	Chromosome		NW_026698924.1	unplaced-scaffold	78141			HAP1_SCAFFOLD_1115
GCA_030435755.1	Primary Assembly	Un			JAUDYK010002908.1	Chromosome		NW_026698925.1	unplaced-scaffold	33531			HAP1_SCAFFOLD_4275
GCA_030435755.1	Primary Assembly	Un			JAUDYK010002909.1	Chromosome		NW_026698926.1	unplaced-scaffold	63824			HAP1_SCAFFOLD_1544
GCA_030435755.1	Primary Assembly	Un			JAUDYK010002910.1	Chromosome		NW_026698927.1	unplaced-scaffold	31504			HAP1_SCAFFOLD_4610
GCA_030435755.1	Primary Assembly	Un			JAUDYK010002911.1	Chromosome		NW_026698928.1	unplaced-scaffold	52633			HAP1_SCAFFOLD_2134
GCA_030435755.1	Primary Assembly	Un			JAUDYK010002912.1	Chromosome		NW_026698929.1	unplaced-scaffold	26458			HAP1_SCAFFOLD_5330
GCA_030435755.1	Primary Assembly	Un			JAUDYK010002913.1	Chromosome		NW_026698930.1	unplaced-scaffold	56620			HAP1_SCAFFOLD_1876
GCA_030435755.1	Primary Assembly	Un			JAUDYK010002914.1	Chromosome		NW_026698931.1	unplaced-scaffold	68072			HAP1_SCAFFOLD_1385
GCA_030435755.1	Primary Assembly	Un			JAUDYK010002915.1	Chromosome		NW_026698932.1	unplaced-scaffold	100176			HAP1_SCAFFOLD_733
GCA_030435755.1	Primary Assembly	Un			JAUDYK010002916.1	Chromosome		NW_026698933.1	unplaced-scaffold	20179			HAP1_SCAFFOLD_5837
GCA_030435755.1	Primary Assembly	Un			JAUDYK010002917.1	Chromosome		NW_026698934.1	unplaced-scaffold	73751			HAP1_SCAFFOLD_1207
GCA_030435755.1	Primary Assembly	Un			JAUDYK010002918.1	Chromosome		NW_026698935.1	unplaced-scaffold	40932			HAP1_SCAFFOLD_3224
GCA_030435755.1	Primary Assembly	Un			JAUDYK010002919.1	Chromosome		NW_026698936.1	unplaced-scaffold	34038			HAP1_SCAFFOLD_4203
GCA_030435755.1	Primary Assembly	Un			JAUDYK010002920.1	Chromosome		NW_026698937.1	unplaced-scaffold	92881			HAP1_SCAFFOLD_829
GCA_030435755.1	Primary Assembly	Un			JAUDYK010002921.1	Chromosome		NW_026698938.1	unplaced-scaffold	37585			HAP1_SCAFFOLD_3685
GCA_030435755.1	Primary Assembly	Un			JAUDYK010002922.1	Chromosome		NW_026698939.1	unplaced-scaffold	44622			HAP1_SCAFFOLD_2821
GCA_030435755.1	Primary Assembly	Un			JAUDYK010002923.1	Chromosome		NW_026698940.1	unplaced-scaffold	142807			HAP1_SCAFFOLD_422
GCA_030435755.1	Primary Assembly	Un			JAUDYK010002924.1	Chromosome		NW_026698941.1	unplaced-scaffold	48440			HAP1_SCAFFOLD_2468
GCA_030435755.1	Primary Assembly	Un			JAUDYK010002925.1	Chromosome		NW_026698942.1	unplaced-scaffold	36088			HAP1_SCAFFOLD_3912
GCA_030435755.1	Primary Assembly	Un			JAUDYK010002926.1	Chromosome		NW_026698943.1	unplaced-scaffold	42116			HAP1_SCAFFOLD_3090
GCA_030435755.1	Primary Assembly	Un			JAUDYK010002927.1	Chromosome		NW_026698944.1	unplaced-scaffold	19357			HAP1_SCAFFOLD_5871
GCA_030435755.1	Primary Assembly	Un			JAUDYK010002928.1	Chromosome		NW_026698945.1	unplaced-scaffold	20834			HAP1_SCAFFOLD_5808
GCA_030435755.1	Primary Assembly	Un			JAUDYK010002929.1	Chromosome		NW_026698946.1	unplaced-scaffold	72874			HAP1_SCAFFOLD_1238
GCA_030435755.1	Primary Assembly	Un			JAUDYK010002930.1	Chromosome		NW_026698947.1	unplaced-scaffold	61299			HAP1_SCAFFOLD_1647
GCA_030435755.1	Primary Assembly	Un			JAUDYK010002931.1	Chromosome		NW_026698948.1	unplaced-scaffold	30636			HAP1_SCAFFOLD_4765
GCA_030435755.1	Primary Assembly	Un			JAUDYK010002932.1	Chromosome		NW_026698949.1	unplaced-scaffold	292295			HAP1_SCAFFOLD_174
GCA_030435755.1	Primary Assembly	Un			JAUDYK010002933.1	Chromosome		NW_026698950.1	unplaced-scaffold	23031			HAP1_SCAFFOLD_5693
GCA_030435755.1	Primary Assembly	Un			JAUDYK010002934.1	Chromosome		NW_026698951.1	unplaced-scaffold	35363			HAP1_SCAFFOLD_4008
GCA_030435755.1	Primary Assembly	Un			JAUDYK010002935.1	Chromosome		NW_026698952.1	unplaced-scaffold	39921			HAP1_SCAFFOLD_3350
GCA_030435755.1	Primary Assembly	Un			JAUDYK010002936.1	Chromosome		NW_026698953.1	unplaced-scaffold	34907			HAP1_SCAFFOLD_4071
GCA_030435755.1	Primary Assembly	Un			JAUDYK010002937.1	Chromosome		NW_026698954.1	unplaced-scaffold	26115			HAP1_SCAFFOLD_5372
GCA_030435755.1	Primary Assembly	Un			JAUDYK010002938.1	Chromosome		NW_026698955.1	unplaced-scaffold	34532			HAP1_SCAFFOLD_4129
GCA_030435755.1	Primary Assembly	Un			JAUDYK010002939.1	Chromosome		NW_026698956.1	unplaced-scaffold	36526			HAP1_SCAFFOLD_3857
GCA_030435755.1	Primary Assembly	Un			JAUDYK010002940.1	Chromosome		NW_026698957.1	unplaced-scaffold	91941			HAP1_SCAFFOLD_843
GCA_030435755.1	Primary Assembly	Un			JAUDYK010002941.1	Chromosome		NW_026698958.1	unplaced-scaffold	54724			HAP1_SCAFFOLD_1988
GCA_030435755.1	Primary Assembly	Un			JAUDYK010002942.1	Chromosome		NW_026698959.1	unplaced-scaffold	50159			HAP1_SCAFFOLD_2322
GCA_030435755.1	Primary Assembly	Un			JAUDYK010002943.1	Chromosome		NW_026698960.1	unplaced-scaffold	104758			HAP1_SCAFFOLD_694
GCA_030435755.1	Primary Assembly	Un			JAUDYK010002944.1	Chromosome		NW_026698961.1	unplaced-scaffold	36655			HAP1_SCAFFOLD_3840
GCA_030435755.1	Primary Assembly	Un			JAUDYK010002945.1	Chromosome		NW_026698962.1	unplaced-scaffold	39942			HAP1_SCAFFOLD_3347
GCA_030435755.1	Primary Assembly	Un			JAUDYK010002946.1	Chromosome		NW_026698963.1	unplaced-scaffold	38340			HAP1_SCAFFOLD_3565
GCA_030435755.1	Primary Assembly	Un			JAUDYK010002947.1	Chromosome		NW_026698964.1	unplaced-scaffold	35473			HAP1_SCAFFOLD_3996
GCA_030435755.1	Primary Assembly	Un			JAUDYK010002948.1	Chromosome		NW_026698965.1	unplaced-scaffold	34381			HAP1_SCAFFOLD_4155
GCA_030435755.1	Primary Assembly	Un			JAUDYK010002949.1	Chromosome		NW_026698966.1	unplaced-scaffold	61246			HAP1_SCAFFOLD_1650
GCA_030435755.1	Primary Assembly	Un			JAUDYK010002950.1	Chromosome		NW_026698967.1	unplaced-scaffold	31390			HAP1_SCAFFOLD_4643
GCA_030435755.1	Primary Assembly	Un			JAUDYK010002951.1	Chromosome		NW_026698968.1	unplaced-scaffold	26931			HAP1_SCAFFOLD_5272
GCA_030435755.1	Primary Assembly	Un			JAUDYK010002952.1	Chromosome		NW_026698969.1	unplaced-scaffold	40780			HAP1_SCAFFOLD_3250
GCA_030435755.1	Primary Assembly	Un			JAUDYK010002953.1	Chromosome		NW_026698970.1	unplaced-scaffold	66361			HAP1_SCAFFOLD_1453
GCA_030435755.1	Primary Assembly	Un			JAUDYK010002954.1	Chromosome		NW_026698971.1	unplaced-scaffold	32495			HAP1_SCAFFOLD_4440
GCA_030435755.1	Primary Assembly	Un			JAUDYK010002955.1	Chromosome		NW_026698972.1	unplaced-scaffold	25204			HAP1_SCAFFOLD_5490
GCA_030435755.1	Primary Assembly	Un			JAUDYK010002956.1	Chromosome		NW_026698973.1	unplaced-scaffold	32383			HAP1_SCAFFOLD_4457
GCA_030435755.1	Primary Assembly	Un			JAUDYK010002957.1	Chromosome		NW_026698974.1	unplaced-scaffold	51331			HAP1_SCAFFOLD_2222
GCA_030435755.1	Primary Assembly	Un			JAUDYK010002958.1	Chromosome		NW_026698975.1	unplaced-scaffold	99082			HAP1_SCAFFOLD_749
GCA_030435755.1	Primary Assembly	Un			JAUDYK010002959.1	Chromosome		NW_026698976.1	unplaced-scaffold	40807			HAP1_SCAFFOLD_3247
GCA_030435755.1	Primary Assembly	Un			JAUDYK010002960.1	Chromosome		NW_026698977.1	unplaced-scaffold	41736			HAP1_SCAFFOLD_3132
GCA_030435755.1	Primary Assembly	Un			JAUDYK010002961.1	Chromosome		NW_026698978.1	unplaced-scaffold	37874			HAP1_SCAFFOLD_3638
GCA_030435755.1	Primary Assembly	Un			JAUDYK010002962.1	Chromosome		NW_026698979.1	unplaced-scaffold	38758			HAP1_SCAFFOLD_3504
GCA_030435755.1	Primary Assembly	Un			JAUDYK010002963.1	Chromosome		NW_026698980.1	unplaced-scaffold	56791			HAP1_SCAFFOLD_1869
GCA_030435755.1	Primary Assembly	Un			JAUDYK010002964.1	Chromosome		NW_026698981.1	unplaced-scaffold	64098			HAP1_SCAFFOLD_1527
GCA_030435755.1	Primary Assembly	Un			JAUDYK010002965.1	Chromosome		NW_026698982.1	unplaced-scaffold	29640			HAP1_SCAFFOLD_4901
GCA_030435755.1	Primary Assembly	Un			JAUDYK010002966.1	Chromosome		NW_026698983.1	unplaced-scaffold	140054			HAP1_SCAFFOLD_432
GCA_030435755.1	Primary Assembly	Un			JAUDYK010002967.1	Chromosome		NW_026698984.1	unplaced-scaffold	29170			HAP1_SCAFFOLD_4978
GCA_030435755.1	Primary Assembly	Un			JAUDYK010002968.1	Chromosome		NW_026698985.1	unplaced-scaffold	37326			HAP1_SCAFFOLD_3723
GCA_030435755.1	Primary Assembly	Un			JAUDYK010002969.1	Chromosome		NW_026698986.1	unplaced-scaffold	76659			HAP1_SCAFFOLD_1146
GCA_030435755.1	Primary Assembly	Un			JAUDYK010002970.1	Chromosome		NW_026698987.1	unplaced-scaffold	31020			HAP1_SCAFFOLD_4704
GCA_030435755.1	Primary Assembly	Un			JAUDYK010002971.1	Chromosome		NW_026698988.1	unplaced-scaffold	47494			HAP1_SCAFFOLD_2536
GCA_030435755.1	Primary Assembly	Un			JAUDYK010002972.1	Chromosome		NW_026698989.1	unplaced-scaffold	32025			HAP1_SCAFFOLD_4523
GCA_030435755.1	Primary Assembly	Un			JAUDYK010002973.1	Chromosome		NW_026698990.1	unplaced-scaffold	79172			HAP1_SCAFFOLD_1081
GCA_030435755.1	Primary Assembly	Un			JAUDYK010002974.1	Chromosome		NW_026698991.1	unplaced-scaffold	69830			HAP1_SCAFFOLD_1338
GCA_030435755.1	Primary Assembly	Un			JAUDYK010002975.1	Chromosome		NW_026698992.1	unplaced-scaffold	28348			HAP1_SCAFFOLD_5086
GCA_030435755.1	Primary Assembly	Un			JAUDYK010002976.1	Chromosome		NW_026698993.1	unplaced-scaffold	71449			HAP1_SCAFFOLD_1285
GCA_030435755.1	Primary Assembly	Un			JAUDYK010002977.1	Chromosome		NW_026698994.1	unplaced-scaffold	58047			HAP1_SCAFFOLD_1800
GCA_030435755.1	Primary Assembly	Un			JAUDYK010002978.1	Chromosome		NW_026698995.1	unplaced-scaffold	27232			HAP1_SCAFFOLD_5230
GCA_030435755.1	Primary Assembly	Un			JAUDYK010002979.1	Chromosome		NW_026698996.1	unplaced-scaffold	136260			HAP1_SCAFFOLD_450
GCA_030435755.1	Primary Assembly	Un			JAUDYK010002980.1	Chromosome		NW_026698997.1	unplaced-scaffold	40193			HAP1_SCAFFOLD_3324
GCA_030435755.1	Primary Assembly	Un			JAUDYK010002981.1	Chromosome		NW_026698998.1	unplaced-scaffold	70862			HAP1_SCAFFOLD_1307
GCA_030435755.1	Primary Assembly	Un			JAUDYK010002982.1	Chromosome		NW_026698999.1	unplaced-scaffold	27973			HAP1_SCAFFOLD_5141
GCA_030435755.1	Primary Assembly	Un			JAUDYK010002983.1	Chromosome		NW_026699000.1	unplaced-scaffold	101287			HAP1_SCAFFOLD_723
GCA_030435755.1	Primary Assembly	Un			JAUDYK010002984.1	Chromosome		NW_026699001.1	unplaced-scaffold	38067			HAP1_SCAFFOLD_3607
GCA_030435755.1	Primary Assembly	Un			JAUDYK010002985.1	Chromosome		NW_026699002.1	unplaced-scaffold	61745			HAP1_SCAFFOLD_1624
GCA_030435755.1	Primary Assembly	Un			JAUDYK010002986.1	Chromosome		NW_026699003.1	unplaced-scaffold	156954			HAP1_SCAFFOLD_370
GCA_030435755.1	Primary Assembly	Un			JAUDYK010002987.1	Chromosome		NW_026699004.1	unplaced-scaffold	34124			HAP1_SCAFFOLD_4191
GCA_030435755.1	Primary Assembly	Un			JAUDYK010002988.1	Chromosome		NW_026699005.1	unplaced-scaffold	53789			HAP1_SCAFFOLD_2049
GCA_030435755.1	Primary Assembly	Un			JAUDYK010002989.1	Chromosome		NW_026699006.1	unplaced-scaffold	33354			HAP1_SCAFFOLD_4303
GCA_030435755.1	Primary Assembly	Un			JAUDYK010002990.1	Chromosome		NW_026699007.1	unplaced-scaffold	92340			HAP1_SCAFFOLD_839
GCA_030435755.1	Primary Assembly	Un			JAUDYK010002991.1	Chromosome		NW_026699008.1	unplaced-scaffold	85276			HAP1_SCAFFOLD_969
GCA_030435755.1	Primary Assembly	Un			JAUDYK010002992.1	Chromosome		NW_026699009.1	unplaced-scaffold	23481			HAP1_SCAFFOLD_5658
GCA_030435755.1	Primary Assembly	Un			JAUDYK010002993.1	Chromosome		NW_026699010.1	unplaced-scaffold	27898			HAP1_SCAFFOLD_5152
GCA_030435755.1	Primary Assembly	Un			JAUDYK010002994.1	Chromosome		NW_026699011.1	unplaced-scaffold	41388			HAP1_SCAFFOLD_3170
GCA_030435755.1	Primary Assembly	Un			JAUDYK010002995.1	Chromosome		NW_026699012.1	unplaced-scaffold	95774			HAP1_SCAFFOLD_798
GCA_030435755.1	Primary Assembly	Un			JAUDYK010002996.1	Chromosome		NW_026699013.1	unplaced-scaffold	55452			HAP1_SCAFFOLD_1935
GCA_030435755.1	Primary Assembly	Un			JAUDYK010002997.1	Chromosome		NW_026699014.1	unplaced-scaffold	95414			HAP1_SCAFFOLD_805
GCA_030435755.1	Primary Assembly	Un			JAUDYK010002998.1	Chromosome		NW_026699015.1	unplaced-scaffold	32679			HAP1_SCAFFOLD_4413
GCA_030435755.1	Primary Assembly	Un			JAUDYK010002999.1	Chromosome		NW_026699016.1	unplaced-scaffold	43707			HAP1_SCAFFOLD_2914
GCA_030435755.1	Primary Assembly	Un			JAUDYK010003000.1	Chromosome		NW_026699017.1	unplaced-scaffold	67177			HAP1_SCAFFOLD_1417
GCA_030435755.1	Primary Assembly	Un			JAUDYK010003001.1	Chromosome		NW_026699018.1	unplaced-scaffold	43883			HAP1_SCAFFOLD_2899
GCA_030435755.1	Primary Assembly	Un			JAUDYK010003002.1	Chromosome		NW_026699019.1	unplaced-scaffold	45612			HAP1_SCAFFOLD_2711
GCA_030435755.1	Primary Assembly	Un			JAUDYK010003003.1	Chromosome		NW_026699020.1	unplaced-scaffold	21918			HAP1_SCAFFOLD_5762
GCA_030435755.1	Primary Assembly	Un			JAUDYK010003004.1	Chromosome		NW_026699021.1	unplaced-scaffold	29737			HAP1_SCAFFOLD_4886
GCA_030435755.1	Primary Assembly	Un			JAUDYK010003005.1	Chromosome		NW_026699022.1	unplaced-scaffold	32936			HAP1_SCAFFOLD_4375
GCA_030435755.1	Primary Assembly	Un			JAUDYK010003006.1	Chromosome		NW_026699023.1	unplaced-scaffold	50067			HAP1_SCAFFOLD_2331
GCA_030435755.1	Primary Assembly	Un			JAUDYK010003007.1	Chromosome		NW_026699024.1	unplaced-scaffold	25069			HAP1_SCAFFOLD_5507
GCA_030435755.1	Primary Assembly	Un			JAUDYK010003008.1	Chromosome		NW_026699025.1	unplaced-scaffold	53182			HAP1_SCAFFOLD_2088
GCA_030435755.1	Primary Assembly	Un			JAUDYK010003009.1	Chromosome		NW_026699026.1	unplaced-scaffold	48888			HAP1_SCAFFOLD_2429
GCA_030435755.1	Primary Assembly	Un			JAUDYK010003010.1	Chromosome		NW_026699027.1	unplaced-scaffold	85051			HAP1_SCAFFOLD_974
GCA_030435755.1	Primary Assembly	Un			JAUDYK010003011.1	Chromosome		NW_026699028.1	unplaced-scaffold	36103			HAP1_SCAFFOLD_3909
GCA_030435755.1	Primary Assembly	Un			JAUDYK010003012.1	Chromosome		NW_026699029.1	unplaced-scaffold	48607			HAP1_SCAFFOLD_2455
GCA_030435755.1	Primary Assembly	Un			JAUDYK010003013.1	Chromosome		NW_026699030.1	unplaced-scaffold	25317			HAP1_SCAFFOLD_5479
GCA_030435755.1	Primary Assembly	Un			JAUDYK010003014.1	Chromosome		NW_026699031.1	unplaced-scaffold	163999			HAP1_SCAFFOLD_343
GCA_030435755.1	Primary Assembly	Un			JAUDYK010003015.1	Chromosome		NW_026699032.1	unplaced-scaffold	46119			HAP1_SCAFFOLD_2656
GCA_030435755.1	Primary Assembly	Un			JAUDYK010003016.1	Chromosome		NW_026699033.1	unplaced-scaffold	33383			HAP1_SCAFFOLD_4294
GCA_030435755.1	Primary Assembly	Un			JAUDYK010003017.1	Chromosome		NW_026699034.1	unplaced-scaffold	30678			HAP1_SCAFFOLD_4758
GCA_030435755.1	Primary Assembly	Un			JAUDYK010003018.1	Chromosome		NW_026699035.1	unplaced-scaffold	34256			HAP1_SCAFFOLD_4168
GCA_030435755.1	Primary Assembly	Un			JAUDYK010003019.1	Chromosome		NW_026699036.1	unplaced-scaffold	31303			HAP1_SCAFFOLD_4662
GCA_030435755.1	Primary Assembly	Un			JAUDYK010003020.1	Chromosome		NW_026699037.1	unplaced-scaffold	38403			HAP1_SCAFFOLD_3558
GCA_030435755.1	Primary Assembly	Un			JAUDYK010003021.1	Chromosome		NW_026699038.1	unplaced-scaffold	27147			HAP1_SCAFFOLD_5244
GCA_030435755.1	Primary Assembly	Un			JAUDYK010003022.1	Chromosome		NW_026699039.1	unplaced-scaffold	44547			HAP1_SCAFFOLD_2832
GCA_030435755.1	Primary Assembly	Un			JAUDYK010003023.1	Chromosome		NW_026699040.1	unplaced-scaffold	168908			HAP1_SCAFFOLD_329
GCA_030435755.1	Primary Assembly	Un			JAUDYK010003024.1	Chromosome		NW_026699041.1	unplaced-scaffold	59667			HAP1_SCAFFOLD_1718
GCA_030435755.1	Primary Assembly	Un			JAUDYK010003025.1	Chromosome		NW_026699042.1	unplaced-scaffold	47774			HAP1_SCAFFOLD_2519
GCA_030435755.1	Primary Assembly	Un			JAUDYK010003026.1	Chromosome		NW_026699043.1	unplaced-scaffold	35292			HAP1_SCAFFOLD_4020
GCA_030435755.1	Primary Assembly	Un			JAUDYK010003027.1	Chromosome		NW_026699044.1	unplaced-scaffold	42247			HAP1_SCAFFOLD_3066
GCA_030435755.1	Primary Assembly	Un			JAUDYK010003028.1	Chromosome		NW_026699045.1	unplaced-scaffold	50626			HAP1_SCAFFOLD_2283
GCA_030435755.1	Primary Assembly	Un			JAUDYK010003029.1	Chromosome		NW_026699046.1	unplaced-scaffold	120884			HAP1_SCAFFOLD_545
GCA_030435755.1	Primary Assembly	Un			JAUDYK010003030.1	Chromosome		NW_026699047.1	unplaced-scaffold	26498			HAP1_SCAFFOLD_5327
GCA_030435755.1	Primary Assembly	Un			JAUDYK010003031.1	Chromosome		NW_026699048.1	unplaced-scaffold	97025			HAP1_SCAFFOLD_782
GCA_030435755.1	Primary Assembly	Un			JAUDYK010003032.1	Chromosome		NW_026699049.1	unplaced-scaffold	36940			HAP1_SCAFFOLD_3782
GCA_030435755.1	Primary Assembly	Un			JAUDYK010003033.1	Chromosome		NW_026699050.1	unplaced-scaffold	20594			HAP1_SCAFFOLD_5820
GCA_030435755.1	Primary Assembly	Un			JAUDYK010003034.1	Chromosome		NW_026699051.1	unplaced-scaffold	41173			HAP1_SCAFFOLD_3199
GCA_030435755.1	Primary Assembly	Un			JAUDYK010003035.1	Chromosome		NW_026699052.1	unplaced-scaffold	49363			HAP1_SCAFFOLD_2377
GCA_030435755.1	Primary Assembly	Un			JAUDYK010003036.1	Chromosome		NW_026699053.1	unplaced-scaffold	24829			HAP1_SCAFFOLD_5538
GCA_030435755.1	Primary Assembly	Un			JAUDYK010003037.1	Chromosome		NW_026699054.1	unplaced-scaffold	31656			HAP1_SCAFFOLD_4582
GCA_030435755.1	Primary Assembly	Un			JAUDYK010003038.1	Chromosome		NW_026699055.1	unplaced-scaffold	24082			HAP1_SCAFFOLD_5604
GCA_030435755.1	Primary Assembly	Un			JAUDYK010003039.1	Chromosome		NW_026699056.1	unplaced-scaffold	35757			HAP1_SCAFFOLD_3960
GCA_030435755.1	Primary Assembly	Un			JAUDYK010003040.1	Chromosome		NW_026699057.1	unplaced-scaffold	44252			HAP1_SCAFFOLD_2870
GCA_030435755.1	Primary Assembly	Un			JAUDYK010003041.1	Chromosome		NW_026699058.1	unplaced-scaffold	29467			HAP1_SCAFFOLD_4926
GCA_030435755.1	Primary Assembly	Un			JAUDYK010003042.1	Chromosome		NW_026699059.1	unplaced-scaffold	105473			HAP1_SCAFFOLD_686
GCA_030435755.1	Primary Assembly	Un			JAUDYK010003043.1	Chromosome		NW_026699060.1	unplaced-scaffold	43446			HAP1_SCAFFOLD_2933
GCA_030435755.1	Primary Assembly	Un			JAUDYK010003044.1	Chromosome		NW_026699061.1	unplaced-scaffold	32537			HAP1_SCAFFOLD_4434
GCA_030435755.1	Primary Assembly	Un			JAUDYK010003045.1	Chromosome		NW_026699062.1	unplaced-scaffold	27145			HAP1_SCAFFOLD_5245
GCA_030435755.1	Primary Assembly	Un			JAUDYK010003046.1	Chromosome		NW_026699063.1	unplaced-scaffold	81222			HAP1_SCAFFOLD_1046
GCA_030435755.1	Primary Assembly	Un			JAUDYK010003047.1	Chromosome		NW_026699064.1	unplaced-scaffold	67706			HAP1_SCAFFOLD_1401
GCA_030435755.1	Primary Assembly	Un			JAUDYK010003048.1	Chromosome		NW_026699065.1	unplaced-scaffold	65521			HAP1_SCAFFOLD_1478
GCA_030435755.1	Primary Assembly	Un			JAUDYK010003049.1	Chromosome		NW_026699066.1	unplaced-scaffold	57785			HAP1_SCAFFOLD_1812
GCA_030435755.1	Primary Assembly	Un			JAUDYK010003050.1	Chromosome		NW_026699067.1	unplaced-scaffold	74887			HAP1_SCAFFOLD_1181
GCA_030435755.1	Primary Assembly	Un			JAUDYK010003051.1	Chromosome		NW_026699068.1	unplaced-scaffold	199086			HAP1_SCAFFOLD_260
GCA_030435755.1	Primary Assembly	Un			JAUDYK010003052.1	Chromosome		NW_026699069.1	unplaced-scaffold	45639			HAP1_SCAFFOLD_2707
GCA_030435755.1	Primary Assembly	Un			JAUDYK010003053.1	Chromosome		NW_026699070.1	unplaced-scaffold	42581			HAP1_SCAFFOLD_3032
GCA_030435755.1	Primary Assembly	Un			JAUDYK010003054.1	Chromosome		NW_026699071.1	unplaced-scaffold	33380			HAP1_SCAFFOLD_4295
GCA_030435755.1	Primary Assembly	Un			JAUDYK010003055.1	Chromosome		NW_026699072.1	unplaced-scaffold	56147			HAP1_SCAFFOLD_1896
GCA_030435755.1	Primary Assembly	Un			JAUDYK010003056.1	Chromosome		NW_026699073.1	unplaced-scaffold	106925			HAP1_SCAFFOLD_665
GCA_030435755.1	Primary Assembly	Un			JAUDYK010003057.1	Chromosome		NW_026699074.1	unplaced-scaffold	36252			HAP1_SCAFFOLD_3888
GCA_030435755.1	Primary Assembly	Un			JAUDYK010003058.1	Chromosome		NW_026699075.1	unplaced-scaffold	38036			HAP1_SCAFFOLD_3611
GCA_030435755.1	Primary Assembly	Un			JAUDYK010003059.1	Chromosome		NW_026699076.1	unplaced-scaffold	29313			HAP1_SCAFFOLD_4953
GCA_030435755.1	Primary Assembly	Un			JAUDYK010003060.1	Chromosome		NW_026699077.1	unplaced-scaffold	55335			HAP1_SCAFFOLD_1940
GCA_030435755.1	Primary Assembly	Un			JAUDYK010003061.1	Chromosome		NW_026699078.1	unplaced-scaffold	48626			HAP1_SCAFFOLD_2454
GCA_030435755.1	Primary Assembly	Un			JAUDYK010003062.1	Chromosome		NW_026699079.1	unplaced-scaffold	55107			HAP1_SCAFFOLD_1957
GCA_030435755.1	Primary Assembly	Un			JAUDYK010003063.1	Chromosome		NW_026699080.1	unplaced-scaffold	70701			HAP1_SCAFFOLD_1311
GCA_030435755.1	Primary Assembly	Un			JAUDYK010003064.1	Chromosome		NW_026699081.1	unplaced-scaffold	93147			HAP1_SCAFFOLD_827
GCA_030435755.1	Primary Assembly	Un			JAUDYK010003065.1	Chromosome		NW_026699082.1	unplaced-scaffold	90086			HAP1_SCAFFOLD_876
GCA_030435755.1	Primary Assembly	Un			JAUDYK010003066.1	Chromosome		NW_026699083.1	unplaced-scaffold	30001			HAP1_SCAFFOLD_4841
GCA_030435755.1	Primary Assembly	Un			JAUDYK010003067.1	Chromosome		NW_026699084.1	unplaced-scaffold	232836			HAP1_SCAFFOLD_224
GCA_030435755.1	Primary Assembly	Un			JAUDYK010003068.1	Chromosome		NW_026699085.1	unplaced-scaffold	32532			HAP1_SCAFFOLD_4435
GCA_030435755.1	Primary Assembly	Un			JAUDYK010003069.1	Chromosome		NW_026699086.1	unplaced-scaffold	24080			HAP1_SCAFFOLD_5605
GCA_030435755.1	Primary Assembly	Un			JAUDYK010003070.1	Chromosome		NW_026699087.1	unplaced-scaffold	26571			HAP1_SCAFFOLD_5316
GCA_030435755.1	Primary Assembly	Un			JAUDYK010003071.1	Chromosome		NW_026699088.1	unplaced-scaffold	55942			HAP1_SCAFFOLD_1913
GCA_030435755.1	Primary Assembly	Un			JAUDYK010003072.1	Chromosome		NW_026699089.1	unplaced-scaffold	42210			HAP1_SCAFFOLD_3070
GCA_030435755.1	Primary Assembly	Un			JAUDYK010003073.1	Chromosome		NW_026699090.1	unplaced-scaffold	33055			HAP1_SCAFFOLD_4351
GCA_030435755.1	Primary Assembly	Un			JAUDYK010003074.1	Chromosome		NW_026699091.1	unplaced-scaffold	28653			HAP1_SCAFFOLD_5052
GCA_030435755.1	Primary Assembly	Un			JAUDYK010003075.1	Chromosome		NW_026699092.1	unplaced-scaffold	29514			HAP1_SCAFFOLD_4917
GCA_030435755.1	Primary Assembly	Un			JAUDYK010003076.1	Chromosome		NW_026699093.1	unplaced-scaffold	94468			HAP1_SCAFFOLD_815
GCA_030435755.1	Primary Assembly	Un			JAUDYK010003077.1	Chromosome		NW_026699094.1	unplaced-scaffold	18939			HAP1_SCAFFOLD_5891
GCA_030435755.1	Primary Assembly	Un			JAUDYK010003078.1	Chromosome		NW_026699095.1	unplaced-scaffold	22707			HAP1_SCAFFOLD_5719
GCA_030435755.1	Primary Assembly	Un			JAUDYK010003079.1	Chromosome		NW_026699096.1	unplaced-scaffold	25950			HAP1_SCAFFOLD_5392
GCA_030435755.1	Primary Assembly	Un			JAUDYK010003080.1	Chromosome		NW_026699097.1	unplaced-scaffold	63911			HAP1_SCAFFOLD_1539
GCA_030435755.1	Primary Assembly	Un			JAUDYK010003081.1	Chromosome		NW_026699098.1	unplaced-scaffold	34793			HAP1_SCAFFOLD_4091
GCA_030435755.1	Primary Assembly	Un			JAUDYK010003082.1	Chromosome		NW_026699099.1	unplaced-scaffold	52430			HAP1_SCAFFOLD_2149
GCA_030435755.1	Primary Assembly	Un			JAUDYK010003083.1	Chromosome		NW_026699100.1	unplaced-scaffold	23347			HAP1_SCAFFOLD_5673
GCA_030435755.1	Primary Assembly	Un			JAUDYK010003084.1	Chromosome		NW_026699101.1	unplaced-scaffold	29944			HAP1_SCAFFOLD_4852
GCA_030435755.1	Primary Assembly	Un			JAUDYK010003085.1	Chromosome		NW_026699102.1	unplaced-scaffold	31418			HAP1_SCAFFOLD_4636
GCA_030435755.1	Primary Assembly	Un			JAUDYK010003086.1	Chromosome		NW_026699103.1	unplaced-scaffold	46495			HAP1_SCAFFOLD_2623
GCA_030435755.1	Primary Assembly	Un			JAUDYK010003087.1	Chromosome		NW_026699104.1	unplaced-scaffold	27573			HAP1_SCAFFOLD_5186
GCA_030435755.1	Primary Assembly	Un			JAUDYK010003088.1	Chromosome		NW_026699105.1	unplaced-scaffold	25800			HAP1_SCAFFOLD_5406
GCA_030435755.1	Primary Assembly	Un			JAUDYK010003089.1	Chromosome		NW_026699106.1	unplaced-scaffold	45431			HAP1_SCAFFOLD_2738
GCA_030435755.1	Primary Assembly	Un			JAUDYK010003090.1	Chromosome		NW_026699107.1	unplaced-scaffold	33116			HAP1_SCAFFOLD_4342
GCA_030435755.1	Primary Assembly	Un			JAUDYK010003091.1	Chromosome		NW_026699108.1	unplaced-scaffold	28729			HAP1_SCAFFOLD_5041
GCA_030435755.1	Primary Assembly	Un			JAUDYK010003092.1	Chromosome		NW_026699109.1	unplaced-scaffold	35636			HAP1_SCAFFOLD_3976
GCA_030435755.1	Primary Assembly	Un			JAUDYK010003093.1	Chromosome		NW_026699110.1	unplaced-scaffold	44267			HAP1_SCAFFOLD_2866
GCA_030435755.1	Primary Assembly	Un			JAUDYK010003094.1	Chromosome		NW_026699111.1	unplaced-scaffold	34920			HAP1_SCAFFOLD_4068
GCA_030435755.1	Primary Assembly	Un			JAUDYK010003095.1	Chromosome		NW_026699112.1	unplaced-scaffold	31014			HAP1_SCAFFOLD_4705
GCA_030435755.1	Primary Assembly	Un			JAUDYK010003096.1	Chromosome		NW_026699113.1	unplaced-scaffold	64398			HAP1_SCAFFOLD_1516
GCA_030435755.1	Primary Assembly	Un			JAUDYK010003097.1	Chromosome		NW_026699114.1	unplaced-scaffold	50223			HAP1_SCAFFOLD_2318
GCA_030435755.1	Primary Assembly	Un			JAUDYK010003098.1	Chromosome		NW_026699115.1	unplaced-scaffold	31463			HAP1_SCAFFOLD_4619
GCA_030435755.1	Primary Assembly	Un			JAUDYK010003099.1	Chromosome		NW_026699116.1	unplaced-scaffold	50435			HAP1_SCAFFOLD_2297
GCA_030435755.1	Primary Assembly	Un			JAUDYK010003100.1	Chromosome		NW_026699117.1	unplaced-scaffold	114848			HAP1_SCAFFOLD_591
GCA_030435755.1	Primary Assembly	Un			JAUDYK010003101.1	Chromosome		NW_026699118.1	unplaced-scaffold	38751			HAP1_SCAFFOLD_3505
GCA_030435755.1	Primary Assembly	Un			JAUDYK010003102.1	Chromosome		NW_026699119.1	unplaced-scaffold	25706			HAP1_SCAFFOLD_5421
GCA_030435755.1	Primary Assembly	Un			JAUDYK010003103.1	Chromosome		NW_026699120.1	unplaced-scaffold	26368			HAP1_SCAFFOLD_5339
GCA_030435755.1	Primary Assembly	Un			JAUDYK010003104.1	Chromosome		NW_026699121.1	unplaced-scaffold	35992			HAP1_SCAFFOLD_3928
GCA_030435755.1	Primary Assembly	Un			JAUDYK010003105.1	Chromosome		NW_026699122.1	unplaced-scaffold	166219			HAP1_SCAFFOLD_337
GCA_030435755.1	Primary Assembly	Un			JAUDYK010003106.1	Chromosome		NW_026699123.1	unplaced-scaffold	62483			HAP1_SCAFFOLD_1592
GCA_030435755.1	Primary Assembly	Un			JAUDYK010003107.1	Chromosome		NW_026699124.1	unplaced-scaffold	30549			HAP1_SCAFFOLD_4773
GCA_030435755.1	Primary Assembly	Un			JAUDYK010003108.1	Chromosome		NW_026699125.1	unplaced-scaffold	58442			HAP1_SCAFFOLD_1777
GCA_030435755.1	Primary Assembly	Un			JAUDYK010003109.1	Chromosome		NW_026699126.1	unplaced-scaffold	45903			HAP1_SCAFFOLD_2682
GCA_030435755.1	Primary Assembly	Un			JAUDYK010003110.1	Chromosome		NW_026699127.1	unplaced-scaffold	51875			HAP1_SCAFFOLD_2188
GCA_030435755.1	Primary Assembly	Un			JAUDYK010003111.1	Chromosome		NW_026699128.1	unplaced-scaffold	308915			HAP1_SCAFFOLD_167
GCA_030435755.1	Primary Assembly	Un			JAUDYK010003112.1	Chromosome		NW_026699129.1	unplaced-scaffold	48412			HAP1_SCAFFOLD_2471
GCA_030435755.1	Primary Assembly	Un			JAUDYK010003113.1	Chromosome		NW_026699130.1	unplaced-scaffold	107799			HAP1_SCAFFOLD_653
GCA_030435755.1	Primary Assembly	Un			JAUDYK010003114.1	Chromosome		NW_026699131.1	unplaced-scaffold	38285			HAP1_SCAFFOLD_3573
GCA_030435755.1	Primary Assembly	Un			JAUDYK010003115.1	Chromosome		NW_026699132.1	unplaced-scaffold	49094			HAP1_SCAFFOLD_2408
GCA_030435755.1	Primary Assembly	Un			JAUDYK010003116.1	Chromosome		NW_026699133.1	unplaced-scaffold	22340			HAP1_SCAFFOLD_5736
GCA_030435755.1	Primary Assembly	Un			JAUDYK010003117.1	Chromosome		NW_026699134.1	unplaced-scaffold	19448			HAP1_SCAFFOLD_5868
GCA_030435755.1	Primary Assembly	Un			JAUDYK010003118.1	Chromosome		NW_026699135.1	unplaced-scaffold	48821			HAP1_SCAFFOLD_2437
GCA_030435755.1	Primary Assembly	Un			JAUDYK010003119.1	Chromosome		NW_026699136.1	unplaced-scaffold	59385			HAP1_SCAFFOLD_1731
GCA_030435755.1	Primary Assembly	Un			JAUDYK010003120.1	Chromosome		NW_026699137.1	unplaced-scaffold	32940			HAP1_SCAFFOLD_4374
GCA_030435755.1	Primary Assembly	Un			JAUDYK010003121.1	Chromosome		NW_026699138.1	unplaced-scaffold	71923			HAP1_SCAFFOLD_1267
GCA_030435755.1	Primary Assembly	Un			JAUDYK010003122.1	Chromosome		NW_026699139.1	unplaced-scaffold	33633			HAP1_SCAFFOLD_4263
GCA_030435755.1	Primary Assembly	Un			JAUDYK010003123.1	Chromosome		NW_026699140.1	unplaced-scaffold	43705			HAP1_SCAFFOLD_2915
GCA_030435755.1	Primary Assembly	Un			JAUDYK010003124.1	Chromosome		NW_026699141.1	unplaced-scaffold	55467			HAP1_SCAFFOLD_1934
GCA_030435755.1	Primary Assembly	Un			JAUDYK010003125.1	Chromosome		NW_026699142.1	unplaced-scaffold	66827			HAP1_SCAFFOLD_1426
GCA_030435755.1	Primary Assembly	Un			JAUDYK010003126.1	Chromosome		NW_026699143.1	unplaced-scaffold	42004			HAP1_SCAFFOLD_3099
GCA_030435755.1	Primary Assembly	Un			JAUDYK010003127.1	Chromosome		NW_026699144.1	unplaced-scaffold	34591			HAP1_SCAFFOLD_4120
GCA_030435755.1	Primary Assembly	Un			JAUDYK010003128.1	Chromosome		NW_026699145.1	unplaced-scaffold	31769			HAP1_SCAFFOLD_4556
GCA_030435755.1	Primary Assembly	Un			JAUDYK010003129.1	Chromosome		NW_026699146.1	unplaced-scaffold	41428			HAP1_SCAFFOLD_3166
GCA_030435755.1	Primary Assembly	Un			JAUDYK010003130.1	Chromosome		NW_026699147.1	unplaced-scaffold	61714			HAP1_SCAFFOLD_1625
GCA_030435755.1	Primary Assembly	Un			JAUDYK010003131.1	Chromosome		NW_026699148.1	unplaced-scaffold	39875			HAP1_SCAFFOLD_3359
GCA_030435755.1	Primary Assembly	Un			JAUDYK010003132.1	Chromosome		NW_026699149.1	unplaced-scaffold	47114			HAP1_SCAFFOLD_2562
GCA_030435755.1	Primary Assembly	Un			JAUDYK010003133.1	Chromosome		NW_026699150.1	unplaced-scaffold	71483			HAP1_SCAFFOLD_1284
GCA_030435755.1	Primary Assembly	Un			JAUDYK010003134.1	Chromosome		NW_026699151.1	unplaced-scaffold	61020			HAP1_SCAFFOLD_1659
GCA_030435755.1	Primary Assembly	Un			JAUDYK010003135.1	Chromosome		NW_026699152.1	unplaced-scaffold	25051			HAP1_SCAFFOLD_5511
GCA_030435755.1	Primary Assembly	Un			JAUDYK010003136.1	Chromosome		NW_026699153.1	unplaced-scaffold	37055			HAP1_SCAFFOLD_3756
GCA_030435755.1	Primary Assembly	Un			JAUDYK010003137.1	Chromosome		NW_026699154.1	unplaced-scaffold	36586			HAP1_SCAFFOLD_3849
GCA_030435755.1	Primary Assembly	Un			JAUDYK010003138.1	Chromosome		NW_026699155.1	unplaced-scaffold	40181			HAP1_SCAFFOLD_3325
GCA_030435755.1	Primary Assembly	Un			JAUDYK010003139.1	Chromosome		NW_026699156.1	unplaced-scaffold	44822			HAP1_SCAFFOLD_2794
GCA_030435755.1	Primary Assembly	Un			JAUDYK010003140.1	Chromosome		NW_026699157.1	unplaced-scaffold	50908			HAP1_SCAFFOLD_2258
GCA_030435755.1	Primary Assembly	Un			JAUDYK010003141.1	Chromosome		NW_026699158.1	unplaced-scaffold	113455			HAP1_SCAFFOLD_602
GCA_030435755.1	Primary Assembly	Un			JAUDYK010003142.1	Chromosome		NW_026699159.1	unplaced-scaffold	66442			HAP1_SCAFFOLD_1449
GCA_030435755.1	Primary Assembly	Un			JAUDYK010003143.1	Chromosome		NW_026699160.1	unplaced-scaffold	28595			HAP1_SCAFFOLD_5060
GCA_030435755.1	Primary Assembly	Un			JAUDYK010003144.1	Chromosome		NW_026699161.1	unplaced-scaffold	42910			HAP1_SCAFFOLD_2991
GCA_030435755.1	Primary Assembly	Un			JAUDYK010003145.1	Chromosome		NW_026699162.1	unplaced-scaffold	32893			HAP1_SCAFFOLD_4384
GCA_030435755.1	Primary Assembly	Un			JAUDYK010003146.1	Chromosome		NW_026699163.1	unplaced-scaffold	103714			HAP1_SCAFFOLD_706
GCA_030435755.1	Primary Assembly	Un			JAUDYK010003147.1	Chromosome		NW_026699164.1	unplaced-scaffold	37724			HAP1_SCAFFOLD_3663
GCA_030435755.1	Primary Assembly	Un			JAUDYK010003148.1	Chromosome		NW_026699165.1	unplaced-scaffold	32976			HAP1_SCAFFOLD_4367
GCA_030435755.1	Primary Assembly	Un			JAUDYK010003149.1	Chromosome		NW_026699166.1	unplaced-scaffold	31863			HAP1_SCAFFOLD_4545
GCA_030435755.1	Primary Assembly	Un			JAUDYK010003150.1	Chromosome		NW_026699167.1	unplaced-scaffold	46411			HAP1_SCAFFOLD_2630
GCA_030435755.1	Primary Assembly	Un			JAUDYK010003151.1	Chromosome		NW_026699168.1	unplaced-scaffold	34646			HAP1_SCAFFOLD_4114
GCA_030435755.1	Primary Assembly	Un			JAUDYK010003152.1	Chromosome		NW_026699169.1	unplaced-scaffold	71712			HAP1_SCAFFOLD_1274
GCA_030435755.1	Primary Assembly	Un			JAUDYK010003153.1	Chromosome		NW_026699170.1	unplaced-scaffold	337920			HAP1_SCAFFOLD_156
GCA_030435755.1	Primary Assembly	Un			JAUDYK010003154.1	Chromosome		NW_026699171.1	unplaced-scaffold	54293			HAP1_SCAFFOLD_2017
GCA_030435755.1	Primary Assembly	Un			JAUDYK010003155.1	Chromosome		NW_026699172.1	unplaced-scaffold	29883			HAP1_SCAFFOLD_4860
GCA_030435755.1	Primary Assembly	Un			JAUDYK010003156.1	Chromosome		NW_026699173.1	unplaced-scaffold	36700			HAP1_SCAFFOLD_3826
GCA_030435755.1	Primary Assembly	Un			JAUDYK010003157.1	Chromosome		NW_026699174.1	unplaced-scaffold	68700			HAP1_SCAFFOLD_1363
GCA_030435755.1	Primary Assembly	Un			JAUDYK010003158.1	Chromosome		NW_026699175.1	unplaced-scaffold	24178			HAP1_SCAFFOLD_5595
GCA_030435755.1	Primary Assembly	Un			JAUDYK010003159.1	Chromosome		NW_026699176.1	unplaced-scaffold	37158			HAP1_SCAFFOLD_3745
GCA_030435755.1	Primary Assembly	Un			JAUDYK010003160.1	Chromosome		NW_026699177.1	unplaced-scaffold	55056			HAP1_SCAFFOLD_1961
GCA_030435755.1	Primary Assembly	Un			JAUDYK010003161.1	Chromosome		NW_026699178.1	unplaced-scaffold	175067			HAP1_SCAFFOLD_311
GCA_030435755.1	Primary Assembly	Un			JAUDYK010003162.1	Chromosome		NW_026699179.1	unplaced-scaffold	76337			HAP1_SCAFFOLD_1154
GCA_030435755.1	Primary Assembly	Un			JAUDYK010003163.1	Chromosome		NW_026699180.1	unplaced-scaffold	30249			HAP1_SCAFFOLD_4809
GCA_030435755.1	Primary Assembly	Un			JAUDYK010003164.1	Chromosome		NW_026699181.1	unplaced-scaffold	53661			HAP1_SCAFFOLD_2053
GCA_030435755.1	Primary Assembly	Un			JAUDYK010003165.1	Chromosome		NW_026699182.1	unplaced-scaffold	58697			HAP1_SCAFFOLD_1764
GCA_030435755.1	Primary Assembly	Un			JAUDYK010003166.1	Chromosome		NW_026699183.1	unplaced-scaffold	46012			HAP1_SCAFFOLD_2672
GCA_030435755.1	Primary Assembly	Un			JAUDYK010003167.1	Chromosome		NW_026699184.1	unplaced-scaffold	52016			HAP1_SCAFFOLD_2178
GCA_030435755.1	Primary Assembly	Un			JAUDYK010003168.1	Chromosome		NW_026699185.1	unplaced-scaffold	308523			HAP1_SCAFFOLD_168
GCA_030435755.1	Primary Assembly	Un			JAUDYK010003169.1	Chromosome		NW_026699186.1	unplaced-scaffold	52968			HAP1_SCAFFOLD_2101
GCA_030435755.1	Primary Assembly	Un			JAUDYK010003170.1	Chromosome		NW_026699187.1	unplaced-scaffold	41022			HAP1_SCAFFOLD_3219
GCA_030435755.1	Primary Assembly	Un			JAUDYK010003171.1	Chromosome		NW_026699188.1	unplaced-scaffold	58294			HAP1_SCAFFOLD_1787
GCA_030435755.1	Primary Assembly	Un			JAUDYK010003172.1	Chromosome		NW_026699189.1	unplaced-scaffold	48261			HAP1_SCAFFOLD_2481
GCA_030435755.1	Primary Assembly	Un			JAUDYK010003173.1	Chromosome		NW_026699190.1	unplaced-scaffold	49222			HAP1_SCAFFOLD_2393
GCA_030435755.1	Primary Assembly	Un			JAUDYK010003174.1	Chromosome		NW_026699191.1	unplaced-scaffold	38241			HAP1_SCAFFOLD_3583
GCA_030435755.1	Primary Assembly	Un			JAUDYK010003175.1	Chromosome		NW_026699192.1	unplaced-scaffold	28068			HAP1_SCAFFOLD_5128
GCA_030435755.1	Primary Assembly	Un			JAUDYK010003176.1	Chromosome		NW_026699193.1	unplaced-scaffold	23875			HAP1_SCAFFOLD_5622
GCA_030435755.1	Primary Assembly	Un			JAUDYK010003177.1	Chromosome		NW_026699194.1	unplaced-scaffold	28957			HAP1_SCAFFOLD_5009
GCA_030435755.1	Primary Assembly	Un			JAUDYK010003178.1	Chromosome		NW_026699195.1	unplaced-scaffold	199103			HAP1_SCAFFOLD_259
GCA_030435755.1	Primary Assembly	Un			JAUDYK010003179.1	Chromosome		NW_026699196.1	unplaced-scaffold	165883			HAP1_SCAFFOLD_338
GCA_030435755.1	Primary Assembly	Un			JAUDYK010003180.1	Chromosome		NW_026699197.1	unplaced-scaffold	30461			HAP1_SCAFFOLD_4783
GCA_030435755.1	Primary Assembly	Un			JAUDYK010003181.1	Chromosome		NW_026699198.1	unplaced-scaffold	42165			HAP1_SCAFFOLD_3080
GCA_030435755.1	Primary Assembly	Un			JAUDYK010003182.1	Chromosome		NW_026699199.1	unplaced-scaffold	40867			HAP1_SCAFFOLD_3236
GCA_030435755.1	Primary Assembly	Un			JAUDYK010003183.1	Chromosome		NW_026699200.1	unplaced-scaffold	72655			HAP1_SCAFFOLD_1242
GCA_030435755.1	Primary Assembly	Un			JAUDYK010003184.1	Chromosome		NW_026699201.1	unplaced-scaffold	51524			HAP1_SCAFFOLD_2204
GCA_030435755.1	Primary Assembly	Un			JAUDYK010003185.1	Chromosome		NW_026699202.1	unplaced-scaffold	20688			HAP1_SCAFFOLD_5815
GCA_030435755.1	Primary Assembly	Un			JAUDYK010003186.1	Chromosome		NW_026699203.1	unplaced-scaffold	35328			HAP1_SCAFFOLD_4015
GCA_030435755.1	Primary Assembly	Un			JAUDYK010003187.1	Chromosome		NW_026699204.1	unplaced-scaffold	27719			HAP1_SCAFFOLD_5176
GCA_030435755.1	Primary Assembly	Un			JAUDYK010003188.1	Chromosome		NW_026699205.1	unplaced-scaffold	54567			HAP1_SCAFFOLD_1998
GCA_030435755.1	Primary Assembly	Un			JAUDYK010003189.1	Chromosome		NW_026699206.1	unplaced-scaffold	38558			HAP1_SCAFFOLD_3522
GCA_030435755.1	Primary Assembly	Un			JAUDYK010003190.1	Chromosome		NW_026699207.1	unplaced-scaffold	77060			HAP1_SCAFFOLD_1137
GCA_030435755.1	Primary Assembly	Un			JAUDYK010003191.1	Chromosome		NW_026699208.1	unplaced-scaffold	35566			HAP1_SCAFFOLD_3986
GCA_030435755.1	Primary Assembly	Un			JAUDYK010003192.1	Chromosome		NW_026699209.1	unplaced-scaffold	49561			HAP1_SCAFFOLD_2365
GCA_030435755.1	Primary Assembly	Un			JAUDYK010003193.1	Chromosome		NW_026699210.1	unplaced-scaffold	47392			HAP1_SCAFFOLD_2547
GCA_030435755.1	Primary Assembly	Un			JAUDYK010003194.1	Chromosome		NW_026699211.1	unplaced-scaffold	47359			HAP1_SCAFFOLD_2550
GCA_030435755.1	Primary Assembly	Un			JAUDYK010003195.1	Chromosome		NW_026699212.1	unplaced-scaffold	23183			HAP1_SCAFFOLD_5683
GCA_030435755.1	Primary Assembly	Un			JAUDYK010003196.1	Chromosome		NW_026699213.1	unplaced-scaffold	34486			HAP1_SCAFFOLD_4133
GCA_030435755.1	Primary Assembly	Un			JAUDYK010003197.1	Chromosome		NW_026699214.1	unplaced-scaffold	52769			HAP1_SCAFFOLD_2126
GCA_030435755.1	Primary Assembly	Un			JAUDYK010003198.1	Chromosome		NW_026699215.1	unplaced-scaffold	72444			HAP1_SCAFFOLD_1251
GCA_030435755.1	Primary Assembly	Un			JAUDYK010003199.1	Chromosome		NW_026699216.1	unplaced-scaffold	30910			HAP1_SCAFFOLD_4722
GCA_030435755.1	Primary Assembly	Un			JAUDYK010003200.1	Chromosome		NW_026699217.1	unplaced-scaffold	89383			HAP1_SCAFFOLD_893
GCA_030435755.1	Primary Assembly	Un			JAUDYK010003201.1	Chromosome		NW_026699218.1	unplaced-scaffold	80781			HAP1_SCAFFOLD_1055
GCA_030435755.1	Primary Assembly	Un			JAUDYK010003202.1	Chromosome		NW_026699219.1	unplaced-scaffold	27074			HAP1_SCAFFOLD_5256
GCA_030435755.1	Primary Assembly	Un			JAUDYK010003203.1	Chromosome		NW_026699220.1	unplaced-scaffold	40336			HAP1_SCAFFOLD_3302
GCA_030435755.1	Primary Assembly	Un			JAUDYK010003204.1	Chromosome		NW_026699221.1	unplaced-scaffold	81871			HAP1_SCAFFOLD_1029
GCA_030435755.1	Primary Assembly	Un			JAUDYK010003205.1	Chromosome		NW_026699222.1	unplaced-scaffold	38828			HAP1_SCAFFOLD_3496
GCA_030435755.1	Primary Assembly	Un			JAUDYK010003206.1	Chromosome		NW_026699223.1	unplaced-scaffold	46264			HAP1_SCAFFOLD_2644
GCA_030435755.1	Primary Assembly	Un			JAUDYK010003207.1	Chromosome		NW_026699224.1	unplaced-scaffold	109468			HAP1_SCAFFOLD_644
GCA_030435755.1	Primary Assembly	Un			JAUDYK010003208.1	Chromosome		NW_026699225.1	unplaced-scaffold	65126			HAP1_SCAFFOLD_1488
GCA_030435755.1	Primary Assembly	Un			JAUDYK010003209.1	Chromosome		NW_026699226.1	unplaced-scaffold	78428			HAP1_SCAFFOLD_1108
GCA_030435755.1	Primary Assembly	Un			JAUDYK010003210.1	Chromosome		NW_026699227.1	unplaced-scaffold	62174			HAP1_SCAFFOLD_1602
GCA_030435755.1	Primary Assembly	Un			JAUDYK010003211.1	Chromosome		NW_026699228.1	unplaced-scaffold	188697			HAP1_SCAFFOLD_281
GCA_030435755.1	Primary Assembly	Un			JAUDYK010003212.1	Chromosome		NW_026699229.1	unplaced-scaffold	33978			HAP1_SCAFFOLD_4211
GCA_030435755.1	Primary Assembly	Un			JAUDYK010003213.1	Chromosome		NW_026699230.1	unplaced-scaffold	75411			HAP1_SCAFFOLD_1171
GCA_030435755.1	Primary Assembly	Un			JAUDYK010003214.1	Chromosome		NW_026699231.1	unplaced-scaffold	37519			HAP1_SCAFFOLD_3695
GCA_030435755.1	Primary Assembly	Un			JAUDYK010003215.1	Chromosome		NW_026699232.1	unplaced-scaffold	92907			HAP1_SCAFFOLD_828
GCA_030435755.1	Primary Assembly	Un			JAUDYK010003216.1	Chromosome		NW_026699233.1	unplaced-scaffold	122453			HAP1_SCAFFOLD_536
GCA_030435755.1	Primary Assembly	Un			JAUDYK010003217.1	Chromosome		NW_026699234.1	unplaced-scaffold	67881			HAP1_SCAFFOLD_1395
GCA_030435755.1	Primary Assembly	Un			JAUDYK010003218.1	Chromosome		NW_026699235.1	unplaced-scaffold	24510			HAP1_SCAFFOLD_5563
GCA_030435755.1	Primary Assembly	Un			JAUDYK010003219.1	Chromosome		NW_026699236.1	unplaced-scaffold	36371			HAP1_SCAFFOLD_3878
GCA_030435755.1	Primary Assembly	Un			JAUDYK010003220.1	Chromosome		NW_026699237.1	unplaced-scaffold	43162			HAP1_SCAFFOLD_2968
GCA_030435755.1	Primary Assembly	Un			JAUDYK010003221.1	Chromosome		NW_026699238.1	unplaced-scaffold	36853			HAP1_SCAFFOLD_3801
GCA_030435755.1	Primary Assembly	Un			JAUDYK010003222.1	Chromosome		NW_026699239.1	unplaced-scaffold	39473			HAP1_SCAFFOLD_3412
GCA_030435755.1	Primary Assembly	Un			JAUDYK010003223.1	Chromosome		NW_026699240.1	unplaced-scaffold	50752			HAP1_SCAFFOLD_2273
GCA_030435755.1	Primary Assembly	Un			JAUDYK010003224.1	Chromosome		NW_026699241.1	unplaced-scaffold	27299			HAP1_SCAFFOLD_5223
GCA_030435755.1	Primary Assembly	Un			JAUDYK010003225.1	Chromosome		NW_026699242.1	unplaced-scaffold	35332			HAP1_SCAFFOLD_4014
GCA_030435755.1	Primary Assembly	Un			JAUDYK010003226.1	Chromosome		NW_026699243.1	unplaced-scaffold	49605			HAP1_SCAFFOLD_2364
GCA_030435755.1	Primary Assembly	Un			JAUDYK010003227.1	Chromosome		NW_026699244.1	unplaced-scaffold	52845			HAP1_SCAFFOLD_2117
GCA_030435755.1	Primary Assembly	Un			JAUDYK010003228.1	Chromosome		NW_026699245.1	unplaced-scaffold	117775			HAP1_SCAFFOLD_564
GCA_030435755.1	Primary Assembly	Un			JAUDYK010003229.1	Chromosome		NW_026699246.1	unplaced-scaffold	58228			HAP1_SCAFFOLD_1793
GCA_030435755.1	Primary Assembly	Un			JAUDYK010003230.1	Chromosome		NW_026699247.1	unplaced-scaffold	22214			HAP1_SCAFFOLD_5747
GCA_030435755.1	Primary Assembly	Un			JAUDYK010003231.1	Chromosome		NW_026699248.1	unplaced-scaffold	31705			HAP1_SCAFFOLD_4572
GCA_030435755.1	Primary Assembly	Un			JAUDYK010003232.1	Chromosome		NW_026699249.1	unplaced-scaffold	27843			HAP1_SCAFFOLD_5160
GCA_030435755.1	Primary Assembly	Un			JAUDYK010003233.1	Chromosome		NW_026699250.1	unplaced-scaffold	49336			HAP1_SCAFFOLD_2387
GCA_030435755.1	Primary Assembly	Un			JAUDYK010003234.1	Chromosome		NW_026699251.1	unplaced-scaffold	38135			HAP1_SCAFFOLD_3597
GCA_030435755.1	Primary Assembly	Un			JAUDYK010003235.1	Chromosome		NW_026699252.1	unplaced-scaffold	44105			HAP1_SCAFFOLD_2880
GCA_030435755.1	Primary Assembly	Un			JAUDYK010003236.1	Chromosome		NW_026699253.1	unplaced-scaffold	86391			HAP1_SCAFFOLD_950
GCA_030435755.1	Primary Assembly	Un			JAUDYK010003237.1	Chromosome		NW_026699254.1	unplaced-scaffold	20702			HAP1_SCAFFOLD_5814
GCA_030435755.1	Primary Assembly	Un			JAUDYK010003238.1	Chromosome		NW_026699255.1	unplaced-scaffold	102346			HAP1_SCAFFOLD_716
GCA_030435755.1	Primary Assembly	Un			JAUDYK010003239.1	Chromosome		NW_026699256.1	unplaced-scaffold	29331			HAP1_SCAFFOLD_4949
GCA_030435755.1	Primary Assembly	Un			JAUDYK010003240.1	Chromosome		NW_026699257.1	unplaced-scaffold	51523			HAP1_SCAFFOLD_2205
GCA_030435755.1	Primary Assembly	Un			JAUDYK010003241.1	Chromosome		NW_026699258.1	unplaced-scaffold	112707			HAP1_SCAFFOLD_612
GCA_030435755.1	Primary Assembly	Un			JAUDYK010003242.1	Chromosome		NW_026699259.1	unplaced-scaffold	97588			HAP1_SCAFFOLD_775
GCA_030435755.1	Primary Assembly	Un			JAUDYK010003243.1	Chromosome		NW_026699260.1	unplaced-scaffold	30343			HAP1_SCAFFOLD_4797
GCA_030435755.1	Primary Assembly	Un			JAUDYK010003244.1	Chromosome		NW_026699261.1	unplaced-scaffold	22171			HAP1_SCAFFOLD_5750
GCA_030435755.1	Primary Assembly	Un			JAUDYK010003245.1	Chromosome		NW_026699262.1	unplaced-scaffold	132847			HAP1_SCAFFOLD_469
GCA_030435755.1	Primary Assembly	Un			JAUDYK010003246.1	Chromosome		NW_026699263.1	unplaced-scaffold	37005			HAP1_SCAFFOLD_3772
GCA_030435755.1	Primary Assembly	Un			JAUDYK010003247.1	Chromosome		NW_026699264.1	unplaced-scaffold	67888			HAP1_SCAFFOLD_1394
GCA_030435755.1	Primary Assembly	Un			JAUDYK010003248.1	Chromosome		NW_026699265.1	unplaced-scaffold	40667			HAP1_SCAFFOLD_3262
GCA_030435755.1	Primary Assembly	Un			JAUDYK010003249.1	Chromosome		NW_026699266.1	unplaced-scaffold	28807			HAP1_SCAFFOLD_5028
GCA_030435755.1	Primary Assembly	Un			JAUDYK010003250.1	Chromosome		NW_026699267.1	unplaced-scaffold	28201			HAP1_SCAFFOLD_5109
GCA_030435755.1	Primary Assembly	Un			JAUDYK010003251.1	Chromosome		NW_026699268.1	unplaced-scaffold	87388			HAP1_SCAFFOLD_932
GCA_030435755.1	Primary Assembly	Un			JAUDYK010003252.1	Chromosome		NW_026699269.1	unplaced-scaffold	90757			HAP1_SCAFFOLD_862
GCA_030435755.1	Primary Assembly	Un			JAUDYK010003253.1	Chromosome		NW_026699270.1	unplaced-scaffold	25214			HAP1_SCAFFOLD_5489
GCA_030435755.1	Primary Assembly	Un			JAUDYK010003254.1	Chromosome		NW_026699271.1	unplaced-scaffold	54494			HAP1_SCAFFOLD_2001
GCA_030435755.1	Primary Assembly	Un			JAUDYK010003255.1	Chromosome		NW_026699272.1	unplaced-scaffold	53323			HAP1_SCAFFOLD_2078
GCA_030435755.1	Primary Assembly	Un			JAUDYK010003256.1	Chromosome		NW_026699273.1	unplaced-scaffold	48743			HAP1_SCAFFOLD_2446
GCA_030435755.1	Primary Assembly	Un			JAUDYK010003257.1	Chromosome		NW_026699274.1	unplaced-scaffold	37522			HAP1_SCAFFOLD_3694
GCA_030435755.1	Primary Assembly	Un			JAUDYK010003258.1	Chromosome		NW_026699275.1	unplaced-scaffold	31973			HAP1_SCAFFOLD_4530
GCA_030435755.1	Primary Assembly	Un			JAUDYK010003259.1	Chromosome		NW_026699276.1	unplaced-scaffold	46260			HAP1_SCAFFOLD_2645
GCA_030435755.1	Primary Assembly	Un			JAUDYK010003260.1	Chromosome		NW_026699277.1	unplaced-scaffold	32364			HAP1_SCAFFOLD_4461
GCA_030435755.1	Primary Assembly	Un			JAUDYK010003261.1	Chromosome		NW_026699278.1	unplaced-scaffold	52403			HAP1_SCAFFOLD_2153
GCA_030435755.1	Primary Assembly	Un			JAUDYK010003262.1	Chromosome		NW_026699279.1	unplaced-scaffold	272300			HAP1_SCAFFOLD_183
GCA_030435755.1	Primary Assembly	Un			JAUDYK010003263.1	Chromosome		NW_026699280.1	unplaced-scaffold	124165			HAP1_SCAFFOLD_520
GCA_030435755.1	Primary Assembly	Un			JAUDYK010003264.1	Chromosome		NW_026699281.1	unplaced-scaffold	180802			HAP1_SCAFFOLD_301
GCA_030435755.1	Primary Assembly	Un			JAUDYK010003265.1	Chromosome		NW_026699282.1	unplaced-scaffold	80901			HAP1_SCAFFOLD_1054
GCA_030435755.1	Primary Assembly	Un			JAUDYK010003266.1	Chromosome		NW_026699283.1	unplaced-scaffold	30118			HAP1_SCAFFOLD_4828
GCA_030435755.1	Primary Assembly	Un			JAUDYK010003267.1	Chromosome		NW_026699284.1	unplaced-scaffold	37242			HAP1_SCAFFOLD_3730
GCA_030435755.1	Primary Assembly	Un			JAUDYK010003268.1	Chromosome		NW_026699285.1	unplaced-scaffold	45167			HAP1_SCAFFOLD_2763
GCA_030435755.1	Primary Assembly	Un			JAUDYK010003269.1	Chromosome		NW_026699286.1	unplaced-scaffold	36749			HAP1_SCAFFOLD_3817
GCA_030435755.1	Primary Assembly	Un			JAUDYK010003270.1	Chromosome		NW_026699287.1	unplaced-scaffold	32192			HAP1_SCAFFOLD_4498
GCA_030435755.1	Primary Assembly	Un			JAUDYK010003271.1	Chromosome		NW_026699288.1	unplaced-scaffold	54161			HAP1_SCAFFOLD_2026
GCA_030435755.1	Primary Assembly	Un			JAUDYK010003272.1	Chromosome		NW_026699289.1	unplaced-scaffold	35190			HAP1_SCAFFOLD_4033
GCA_030435755.1	Primary Assembly	Un			JAUDYK010003273.1	Chromosome		NW_026699290.1	unplaced-scaffold	37158			HAP1_SCAFFOLD_3744
GCA_030435755.1	Primary Assembly	Un			JAUDYK010003274.1	Chromosome		NW_026699291.1	unplaced-scaffold	40274			HAP1_SCAFFOLD_3310
GCA_030435755.1	Primary Assembly	Un			JAUDYK010003275.1	Chromosome		NW_026699292.1	unplaced-scaffold	24198			HAP1_SCAFFOLD_5594
GCA_030435755.1	Primary Assembly	Un			JAUDYK010003276.1	Chromosome		NW_026699293.1	unplaced-scaffold	28438			HAP1_SCAFFOLD_5076
GCA_030435755.1	Primary Assembly	Un			JAUDYK010003277.1	Chromosome		NW_026699294.1	unplaced-scaffold	31887			HAP1_SCAFFOLD_4544
GCA_030435755.1	Primary Assembly	Un			JAUDYK010003278.1	Chromosome		NW_026699295.1	unplaced-scaffold	71712			HAP1_SCAFFOLD_1275
GCA_030435755.1	Primary Assembly	Un			JAUDYK010003279.1	Chromosome		NW_026699296.1	unplaced-scaffold	34644			HAP1_SCAFFOLD_4115
GCA_030435755.1	Primary Assembly	Un			JAUDYK010003280.1	Chromosome		NW_026699297.1	unplaced-scaffold	35901			HAP1_SCAFFOLD_3941
GCA_030435755.1	Primary Assembly	Un			JAUDYK010003281.1	Chromosome		NW_026699298.1	unplaced-scaffold	61917			HAP1_SCAFFOLD_1610
GCA_030435755.1	Primary Assembly	Un			JAUDYK010003282.1	Chromosome		NW_026699299.1	unplaced-scaffold	25521			HAP1_SCAFFOLD_5448
GCA_030435755.1	Primary Assembly	Un			JAUDYK010003283.1	Chromosome		NW_026699300.1	unplaced-scaffold	81581			HAP1_SCAFFOLD_1037
GCA_030435755.1	Primary Assembly	Un			JAUDYK010003284.1	Chromosome		NW_026699301.1	unplaced-scaffold	33998			HAP1_SCAFFOLD_4207
GCA_030435755.1	Primary Assembly	Un			JAUDYK010003285.1	Chromosome		NW_026699302.1	unplaced-scaffold	43650			HAP1_SCAFFOLD_2920
GCA_030435755.1	Primary Assembly	Un			JAUDYK010003286.1	Chromosome		NW_026699303.1	unplaced-scaffold	29804			HAP1_SCAFFOLD_4876
GCA_030435755.1	Primary Assembly	Un			JAUDYK010003287.1	Chromosome		NW_026699304.1	unplaced-scaffold	32869			HAP1_SCAFFOLD_4385
GCA_030435755.1	Primary Assembly	Un			JAUDYK010003288.1	Chromosome		NW_026699305.1	unplaced-scaffold	41345			HAP1_SCAFFOLD_3180
GCA_030435755.1	Primary Assembly	Un			JAUDYK010003289.1	Chromosome		NW_026699306.1	unplaced-scaffold	44816			HAP1_SCAFFOLD_2795
GCA_030435755.1	Primary Assembly	Un			JAUDYK010003290.1	Chromosome		NW_026699307.1	unplaced-scaffold	39551			HAP1_SCAFFOLD_3400
GCA_030435755.1	Primary Assembly	Un			JAUDYK010003291.1	Chromosome		NW_026699308.1	unplaced-scaffold	95857			HAP1_SCAFFOLD_797
GCA_030435755.1	Primary Assembly	Un			JAUDYK010003292.1	Chromosome		NW_026699309.1	unplaced-scaffold	20236			HAP1_SCAFFOLD_5833
GCA_030435755.1	Primary Assembly	Un			JAUDYK010003293.1	Chromosome		NW_026699310.1	unplaced-scaffold	73969			HAP1_SCAFFOLD_1203
GCA_030435755.1	Primary Assembly	Un			JAUDYK010003294.1	Chromosome		NW_026699311.1	unplaced-scaffold	35810			HAP1_SCAFFOLD_3952
GCA_030435755.1	Primary Assembly	Un			JAUDYK010003295.1	Chromosome		NW_026699312.1	unplaced-scaffold	478036			HAP1_SCAFFOLD_122
GCA_030435755.1	Primary Assembly	Un			JAUDYK010003296.1	Chromosome		NW_026699313.1	unplaced-scaffold	26837			HAP1_SCAFFOLD_5282
GCA_030435755.1	Primary Assembly	Un			JAUDYK010003297.1	Chromosome		NW_026699314.1	unplaced-scaffold	33798			HAP1_SCAFFOLD_4238
GCA_030435755.1	Primary Assembly	Un			JAUDYK010003298.1	Chromosome		NW_026699315.1	unplaced-scaffold	39001			HAP1_SCAFFOLD_3469
GCA_030435755.1	Primary Assembly	Un			JAUDYK010003299.1	Chromosome		NW_026699316.1	unplaced-scaffold	77456			HAP1_SCAFFOLD_1129
GCA_030435755.1	Primary Assembly	Un			JAUDYK010003300.1	Chromosome		NW_026699317.1	unplaced-scaffold	58687			HAP1_SCAFFOLD_1765
GCA_030435755.1	Primary Assembly	Un			JAUDYK010003301.1	Chromosome		NW_026699318.1	unplaced-scaffold	31373			HAP1_SCAFFOLD_4647
GCA_030435755.1	Primary Assembly	Un			JAUDYK010003302.1	Chromosome		NW_026699319.1	unplaced-scaffold	130937			HAP1_SCAFFOLD_474
GCA_030435755.1	Primary Assembly	Un			JAUDYK010003303.1	Chromosome		NW_026699320.1	unplaced-scaffold	79773			HAP1_SCAFFOLD_1071
GCA_030435755.1	Primary Assembly	Un			JAUDYK010003304.1	Chromosome		NW_026699321.1	unplaced-scaffold	40023			HAP1_SCAFFOLD_3343
GCA_030435755.1	Primary Assembly	Un			JAUDYK010003305.1	Chromosome		NW_026699322.1	unplaced-scaffold	82814			HAP1_SCAFFOLD_1008
GCA_030435755.1	Primary Assembly	Un			JAUDYK010003306.1	Chromosome		NW_026699323.1	unplaced-scaffold	161054			HAP1_SCAFFOLD_354
GCA_030435755.1	Primary Assembly	Un			JAUDYK010003307.1	Chromosome		NW_026699324.1	unplaced-scaffold	76325			HAP1_SCAFFOLD_1155
GCA_030435755.1	Primary Assembly	Un			JAUDYK010003308.1	Chromosome		NW_026699325.1	unplaced-scaffold	61355			HAP1_SCAFFOLD_1643
GCA_030435755.1	Primary Assembly	Un			JAUDYK010003309.1	Chromosome		NW_026699326.1	unplaced-scaffold	31353			HAP1_SCAFFOLD_4650
GCA_030435755.1	Primary Assembly	Un			JAUDYK010003310.1	Chromosome		NW_026699327.1	unplaced-scaffold	116054			HAP1_SCAFFOLD_579
GCA_030435755.1	Primary Assembly	Un			JAUDYK010003311.1	Chromosome		NW_026699328.1	unplaced-scaffold	22993			HAP1_SCAFFOLD_5697
GCA_030435755.1	Primary Assembly	Un			JAUDYK010003312.1	Chromosome		NW_026699329.1	unplaced-scaffold	29116			HAP1_SCAFFOLD_4988
GCA_030435755.1	Primary Assembly	Un			JAUDYK010003313.1	Chromosome		NW_026699330.1	unplaced-scaffold	16739			HAP1_SCAFFOLD_5932
GCA_030435755.1	Primary Assembly	Un			JAUDYK010003314.1	Chromosome		NW_026699331.1	unplaced-scaffold	36545			HAP1_SCAFFOLD_3853
GCA_030435755.1	Primary Assembly	Un			JAUDYK010003315.1	Chromosome		NW_026699332.1	unplaced-scaffold	25381			HAP1_SCAFFOLD_5468
GCA_030435755.1	Primary Assembly	Un			JAUDYK010003316.1	Chromosome		NW_026699333.1	unplaced-scaffold	41594			HAP1_SCAFFOLD_3154
GCA_030435755.1	Primary Assembly	Un			JAUDYK010003317.1	Chromosome		NW_026699334.1	unplaced-scaffold	31740			HAP1_SCAFFOLD_4564
GCA_030435755.1	Primary Assembly	Un			JAUDYK010003318.1	Chromosome		NW_026699335.1	unplaced-scaffold	35753			HAP1_SCAFFOLD_3961
GCA_030435755.1	Primary Assembly	Un			JAUDYK010003319.1	Chromosome		NW_026699336.1	unplaced-scaffold	44724			HAP1_SCAFFOLD_2808
GCA_030435755.1	Primary Assembly	Un			JAUDYK010003320.1	Chromosome		NW_026699337.1	unplaced-scaffold	44234			HAP1_SCAFFOLD_2871
GCA_030435755.1	Primary Assembly	Un			JAUDYK010003321.1	Chromosome		NW_026699338.1	unplaced-scaffold	140840			HAP1_SCAFFOLD_427
GCA_030435755.1	Primary Assembly	Un			JAUDYK010003322.1	Chromosome		NW_026699339.1	unplaced-scaffold	37027			HAP1_SCAFFOLD_3764
GCA_030435755.1	Primary Assembly	Un			JAUDYK010003323.1	Chromosome		NW_026699340.1	unplaced-scaffold	20559			HAP1_SCAFFOLD_5821
GCA_030435755.1	Primary Assembly	Un			JAUDYK010003324.1	Chromosome		NW_026699341.1	unplaced-scaffold	26518			HAP1_SCAFFOLD_5322
GCA_030435755.1	Primary Assembly	Un			JAUDYK010003325.1	Chromosome		NW_026699342.1	unplaced-scaffold	35273			HAP1_SCAFFOLD_4021
GCA_030435755.1	Primary Assembly	Un			JAUDYK010003326.1	Chromosome		NW_026699343.1	unplaced-scaffold	34194			HAP1_SCAFFOLD_4179
GCA_030435755.1	Primary Assembly	Un			JAUDYK010003327.1	Chromosome		NW_026699344.1	unplaced-scaffold	73546			HAP1_SCAFFOLD_1219
GCA_030435755.1	Primary Assembly	Un			JAUDYK010003328.1	Chromosome		NW_026699345.1	unplaced-scaffold	36926			HAP1_SCAFFOLD_3787
GCA_030435755.1	Primary Assembly	Un			JAUDYK010003329.1	Chromosome		NW_026699346.1	unplaced-scaffold	156987			HAP1_SCAFFOLD_368
GCA_030435755.1	Primary Assembly	Un			JAUDYK010003330.1	Chromosome		NW_026699347.1	unplaced-scaffold	62693			HAP1_SCAFFOLD_1583
GCA_030435755.1	Primary Assembly	Un			JAUDYK010003331.1	Chromosome		NW_026699348.1	unplaced-scaffold	49495			HAP1_SCAFFOLD_2372
GCA_030435755.1	Primary Assembly	Un			JAUDYK010003332.1	Chromosome		NW_026699349.1	unplaced-scaffold	382114			HAP1_SCAFFOLD_138
GCA_030435755.1	Primary Assembly	Un			JAUDYK010003333.1	Chromosome		NW_026699350.1	unplaced-scaffold	31612			HAP1_SCAFFOLD_4587
GCA_030435755.1	Primary Assembly	Un			JAUDYK010003334.1	Chromosome		NW_026699351.1	unplaced-scaffold	45730			HAP1_SCAFFOLD_2693
GCA_030435755.1	Primary Assembly	Un			JAUDYK010003335.1	Chromosome		NW_026699352.1	unplaced-scaffold	641834			HAP1_SCAFFOLD_92
GCA_030435755.1	Primary Assembly	Un			JAUDYK010003336.1	Chromosome		NW_026699353.1	unplaced-scaffold	25114			HAP1_SCAFFOLD_5502
GCA_030435755.1	Primary Assembly	Un			JAUDYK010003337.1	Chromosome		NW_026699354.1	unplaced-scaffold	39144			HAP1_SCAFFOLD_3449
GCA_030435755.1	Primary Assembly	Un			JAUDYK010003338.1	Chromosome		NW_026699355.1	unplaced-scaffold	28022			HAP1_SCAFFOLD_5134
GCA_030435755.1	Primary Assembly	Un			JAUDYK010003339.1	Chromosome		NW_026699356.1	unplaced-scaffold	31146			HAP1_SCAFFOLD_4684
GCA_030435755.1	Primary Assembly	Un			JAUDYK010003340.1	Chromosome		NW_026699357.1	unplaced-scaffold	33654			HAP1_SCAFFOLD_4259
GCA_030435755.1	Primary Assembly	Un			JAUDYK010003341.1	Chromosome		NW_026699358.1	unplaced-scaffold	33849			HAP1_SCAFFOLD_4225
GCA_030435755.1	Primary Assembly	Un			JAUDYK010003342.1	Chromosome		NW_026699359.1	unplaced-scaffold	57522			HAP1_SCAFFOLD_1826
GCA_030435755.1	Primary Assembly	Un			JAUDYK010003343.1	Chromosome		NW_026699360.1	unplaced-scaffold	60917			HAP1_SCAFFOLD_1663
GCA_030435755.1	Primary Assembly	Un			JAUDYK010003344.1	Chromosome		NW_026699361.1	unplaced-scaffold	145071			HAP1_SCAFFOLD_415
GCA_030435755.1	Primary Assembly	Un			JAUDYK010003345.1	Chromosome		NW_026699362.1	unplaced-scaffold	159962			HAP1_SCAFFOLD_356
GCA_030435755.1	Primary Assembly	Un			JAUDYK010003346.1	Chromosome		NW_026699363.1	unplaced-scaffold	40560			HAP1_SCAFFOLD_3274
GCA_030435755.1	Primary Assembly	Un			JAUDYK010003347.1	Chromosome		NW_026699364.1	unplaced-scaffold	39851			HAP1_SCAFFOLD_3363
GCA_030435755.1	Primary Assembly	Un			JAUDYK010003348.1	Chromosome		NW_026699365.1	unplaced-scaffold	31256			HAP1_SCAFFOLD_4667
GCA_030435755.1	Primary Assembly	Un			JAUDYK010003349.1	Chromosome		NW_026699366.1	unplaced-scaffold	50069			HAP1_SCAFFOLD_2330
GCA_030435755.1	Primary Assembly	Un			JAUDYK010003350.1	Chromosome		NW_026699367.1	unplaced-scaffold	59027			HAP1_SCAFFOLD_1745
GCA_030435755.1	Primary Assembly	Un			JAUDYK010003351.1	Chromosome		NW_026699368.1	unplaced-scaffold	130602			HAP1_SCAFFOLD_476
GCA_030435755.1	Primary Assembly	Un			JAUDYK010003352.1	Chromosome		NW_026699369.1	unplaced-scaffold	44489			HAP1_SCAFFOLD_2837
GCA_030435755.1	Primary Assembly	Un			JAUDYK010003353.1	Chromosome		NW_026699370.1	unplaced-scaffold	21433			HAP1_SCAFFOLD_5784
GCA_030435755.1	Primary Assembly	Un			JAUDYK010003354.1	Chromosome		NW_026699371.1	unplaced-scaffold	45616			HAP1_SCAFFOLD_2710
GCA_030435755.1	Primary Assembly	Un			JAUDYK010003355.1	Chromosome		NW_026699372.1	unplaced-scaffold	49927			HAP1_SCAFFOLD_2344
GCA_030435755.1	Primary Assembly	Un			JAUDYK010003356.1	Chromosome		NW_026699373.1	unplaced-scaffold	42342			HAP1_SCAFFOLD_3055
GCA_030435755.1	Primary Assembly	Un			JAUDYK010003357.1	Chromosome		NW_026699374.1	unplaced-scaffold	249931			HAP1_SCAFFOLD_203
GCA_030435755.1	Primary Assembly	Un			JAUDYK010003358.1	Chromosome		NW_026699375.1	unplaced-scaffold	71088			HAP1_SCAFFOLD_1302
GCA_030435755.1	Primary Assembly	Un			JAUDYK010003359.1	Chromosome		NW_026699376.1	unplaced-scaffold	38879			HAP1_SCAFFOLD_3488
GCA_030435755.1	Primary Assembly	Un			JAUDYK010003360.1	Chromosome		NW_026699377.1	unplaced-scaffold	38099			HAP1_SCAFFOLD_3602
GCA_030435755.1	Primary Assembly	Un			JAUDYK010003361.1	Chromosome		NW_026699378.1	unplaced-scaffold	41924			HAP1_SCAFFOLD_3108
GCA_030435755.1	Primary Assembly	Un			JAUDYK010003362.1	Chromosome		NW_026699379.1	unplaced-scaffold	41384			HAP1_SCAFFOLD_3171
GCA_030435755.1	Primary Assembly	Un			JAUDYK010003363.1	Chromosome		NW_026699380.1	unplaced-scaffold	44350			HAP1_SCAFFOLD_2854
GCA_030435755.1	Primary Assembly	Un			JAUDYK010003364.1	Chromosome		NW_026699381.1	unplaced-scaffold	83721			HAP1_SCAFFOLD_993
GCA_030435755.1	Primary Assembly	Un			JAUDYK010003365.1	Chromosome		NW_026699382.1	unplaced-scaffold	64940			HAP1_SCAFFOLD_1496
GCA_030435755.1	Primary Assembly	Un			JAUDYK010003366.1	Chromosome		NW_026699383.1	unplaced-scaffold	42584			HAP1_SCAFFOLD_3029
GCA_030435755.1	Primary Assembly	Un			JAUDYK010003367.1	Chromosome		NW_026699384.1	unplaced-scaffold	60386			HAP1_SCAFFOLD_1695
GCA_030435755.1	Primary Assembly	Un			JAUDYK010003368.1	Chromosome		NW_026699385.1	unplaced-scaffold	27880			HAP1_SCAFFOLD_5157
GCA_030435755.1	Primary Assembly	Un			JAUDYK010003369.1	Chromosome		NW_026699386.1	unplaced-scaffold	34130			HAP1_SCAFFOLD_4190
GCA_030435755.1	Primary Assembly	Un			JAUDYK010003370.1	Chromosome		NW_026699387.1	unplaced-scaffold	56572			HAP1_SCAFFOLD_1878
GCA_030435755.1	Primary Assembly	Un			JAUDYK010003371.1	Chromosome		NW_026699388.1	unplaced-scaffold	58024			HAP1_SCAFFOLD_1801
GCA_030435755.1	Primary Assembly	Un			JAUDYK010003372.1	Chromosome		NW_026699389.1	unplaced-scaffold	102960			HAP1_SCAFFOLD_714
GCA_030435755.1	Primary Assembly	Un			JAUDYK010003373.1	Chromosome		NW_026699390.1	unplaced-scaffold	27225			HAP1_SCAFFOLD_5231
GCA_030435755.1	Primary Assembly	Un			JAUDYK010003374.1	Chromosome		NW_026699391.1	unplaced-scaffold	29212			HAP1_SCAFFOLD_4969
GCA_030435755.1	Primary Assembly	Un			JAUDYK010003375.1	Chromosome		NW_026699392.1	unplaced-scaffold	67504			HAP1_SCAFFOLD_1412
GCA_030435755.1	Primary Assembly	Un			JAUDYK010003376.1	Chromosome		NW_026699393.1	unplaced-scaffold	27977			HAP1_SCAFFOLD_5140
GCA_030435755.1	Primary Assembly	Un			JAUDYK010003377.1	Chromosome		NW_026699394.1	unplaced-scaffold	39597			HAP1_SCAFFOLD_3395
GCA_030435755.1	Primary Assembly	Un			JAUDYK010003378.1	Chromosome		NW_026699395.1	unplaced-scaffold	46847			HAP1_SCAFFOLD_2585
GCA_030435755.1	Primary Assembly	Un			JAUDYK010003379.1	Chromosome		NW_026699396.1	unplaced-scaffold	117722			HAP1_SCAFFOLD_566
GCA_030435755.1	Primary Assembly	Un			JAUDYK010003380.1	Chromosome		NW_026699397.1	unplaced-scaffold	87516			HAP1_SCAFFOLD_928
GCA_030435755.1	Primary Assembly	Un			JAUDYK010003381.1	Chromosome		NW_026699398.1	unplaced-scaffold	21819			HAP1_SCAFFOLD_5767
GCA_030435755.1	Primary Assembly	Un			JAUDYK010003382.1	Chromosome		NW_026699399.1	unplaced-scaffold	26893			HAP1_SCAFFOLD_5277
GCA_030435755.1	Primary Assembly	Un			JAUDYK010003383.1	Chromosome		NW_026699400.1	unplaced-scaffold	48447			HAP1_SCAFFOLD_2466
GCA_030435755.1	Primary Assembly	Un			JAUDYK010003384.1	Chromosome		NW_026699401.1	unplaced-scaffold	79175			HAP1_SCAFFOLD_1080
GCA_030435755.1	Primary Assembly	Un			JAUDYK010003385.1	Chromosome		NW_026699402.1	unplaced-scaffold	72898			HAP1_SCAFFOLD_1236
GCA_030435755.1	Primary Assembly	Un			JAUDYK010003386.1	Chromosome		NW_026699403.1	unplaced-scaffold	28760			HAP1_SCAFFOLD_5035
GCA_030435755.1	Primary Assembly	Un			JAUDYK010003387.1	Chromosome		NW_026699404.1	unplaced-scaffold	20846			HAP1_SCAFFOLD_5806
GCA_030435755.1	Primary Assembly	Un			JAUDYK010003388.1	Chromosome		NW_026699405.1	unplaced-scaffold	51286			HAP1_SCAFFOLD_2227
GCA_030435755.1	Primary Assembly	Un			JAUDYK010003389.1	Chromosome		NW_026699406.1	unplaced-scaffold	32429			HAP1_SCAFFOLD_4452
GCA_030435755.1	Primary Assembly	Un			JAUDYK010003390.1	Chromosome		NW_026699407.1	unplaced-scaffold	28164			HAP1_SCAFFOLD_5113
GCA_030435755.1	Primary Assembly	Un			JAUDYK010003391.1	Chromosome		NW_026699408.1	unplaced-scaffold	40835			HAP1_SCAFFOLD_3242
GCA_030435755.1	Primary Assembly	Un			JAUDYK010003392.1	Chromosome		NW_026699409.1	unplaced-scaffold	29648			HAP1_SCAFFOLD_4900
GCA_030435755.1	Primary Assembly	Un			JAUDYK010003393.1	Chromosome		NW_026699410.1	unplaced-scaffold	45350			HAP1_SCAFFOLD_2743
GCA_030435755.1	Primary Assembly	Un			JAUDYK010003394.1	Chromosome		NW_026699411.1	unplaced-scaffold	41675			HAP1_SCAFFOLD_3137
GCA_030435755.1	Primary Assembly	Un			JAUDYK010003395.1	Chromosome		NW_026699412.1	unplaced-scaffold	26033			HAP1_SCAFFOLD_5383
GCA_030435755.1	Primary Assembly	Un			JAUDYK010003396.1	Chromosome		NW_026699413.1	unplaced-scaffold	25193			HAP1_SCAFFOLD_5491
GCA_030435755.1	Primary Assembly	Un			JAUDYK010003397.1	Chromosome		NW_026699414.1	unplaced-scaffold	54733			HAP1_SCAFFOLD_1986
GCA_030435755.1	Primary Assembly	Un			JAUDYK010003398.1	Chromosome		NW_026699415.1	unplaced-scaffold	35468			HAP1_SCAFFOLD_3998
GCA_030435755.1	Primary Assembly	Un			JAUDYK010003399.1	Chromosome		NW_026699416.1	unplaced-scaffold	64193			HAP1_SCAFFOLD_1522
GCA_030435755.1	Primary Assembly	Un			JAUDYK010003400.1	Chromosome		NW_026699417.1	unplaced-scaffold	35409			HAP1_SCAFFOLD_4006
GCA_030435755.1	Primary Assembly	Un			JAUDYK010003401.1	Chromosome		NW_026699418.1	unplaced-scaffold	30040			HAP1_SCAFFOLD_4835
GCA_030435755.1	Primary Assembly	Un			JAUDYK010003402.1	Chromosome		NW_026699419.1	unplaced-scaffold	40776			HAP1_SCAFFOLD_3251
GCA_030435755.1	Primary Assembly	Un			JAUDYK010003403.1	Chromosome		NW_026699420.1	unplaced-scaffold	32489			HAP1_SCAFFOLD_4441
GCA_030435755.1	Primary Assembly	Un			JAUDYK010003404.1	Chromosome		NW_026699421.1	unplaced-scaffold	118443			HAP1_SCAFFOLD_558
GCA_030435755.1	Primary Assembly	Un			JAUDYK010003405.1	Chromosome		NW_026699422.1	unplaced-scaffold	46067			HAP1_SCAFFOLD_2665
GCA_030435755.1	Primary Assembly	Un			JAUDYK010003406.1	Chromosome		NW_026699423.1	unplaced-scaffold	111657			HAP1_SCAFFOLD_621
GCA_030435755.1	Primary Assembly	Un			JAUDYK010003407.1	Chromosome		NW_026699424.1	unplaced-scaffold	99022			HAP1_SCAFFOLD_751
GCA_030435755.1	Primary Assembly	Un			JAUDYK010003408.1	Chromosome		NW_026699425.1	unplaced-scaffold	48862			HAP1_SCAFFOLD_2432
GCA_030435755.1	Primary Assembly	Un			JAUDYK010003409.1	Chromosome		NW_026699426.1	unplaced-scaffold	72053			HAP1_SCAFFOLD_1262
GCA_030435755.1	Primary Assembly	Un			JAUDYK010003410.1	Chromosome		NW_026699427.1	unplaced-scaffold	25052			HAP1_SCAFFOLD_5510
GCA_030435755.1	Primary Assembly	Un			JAUDYK010003411.1	Chromosome		NW_026699428.1	unplaced-scaffold	46847			HAP1_SCAFFOLD_2584
GCA_030435755.1	Primary Assembly	Un			JAUDYK010003412.1	Chromosome		NW_026699429.1	unplaced-scaffold	39602			HAP1_SCAFFOLD_3394
GCA_030435755.1	Primary Assembly	Un			JAUDYK010003413.1	Chromosome		NW_026699430.1	unplaced-scaffold	60409			HAP1_SCAFFOLD_1694
GCA_030435755.1	Primary Assembly	Un			JAUDYK010003414.1	Chromosome		NW_026699431.1	unplaced-scaffold	34586			HAP1_SCAFFOLD_4121
GCA_030435755.1	Primary Assembly	Un			JAUDYK010003415.1	Chromosome		NW_026699432.1	unplaced-scaffold	34856			HAP1_SCAFFOLD_4079
GCA_030435755.1	Primary Assembly	Un			JAUDYK010003416.1	Chromosome		NW_026699433.1	unplaced-scaffold	85718			HAP1_SCAFFOLD_962
GCA_030435755.1	Primary Assembly	Un			JAUDYK010003417.1	Chromosome		NW_026699434.1	unplaced-scaffold	92670			HAP1_SCAFFOLD_832
GCA_030435755.1	Primary Assembly	Un			JAUDYK010003418.1	Chromosome		NW_026699435.1	unplaced-scaffold	44337			HAP1_SCAFFOLD_2855
GCA_030435755.1	Primary Assembly	Un			JAUDYK010003419.1	Chromosome		NW_026699436.1	unplaced-scaffold	153614			HAP1_SCAFFOLD_383
GCA_030435755.1	Primary Assembly	Un			JAUDYK010003420.1	Chromosome		NW_026699437.1	unplaced-scaffold	19226			HAP1_SCAFFOLD_5879
GCA_030435755.1	Primary Assembly	Un			JAUDYK010003421.1	Chromosome		NW_026699438.1	unplaced-scaffold	44557			HAP1_SCAFFOLD_2829
GCA_030435755.1	Primary Assembly	Un			JAUDYK010003422.1	Chromosome		NW_026699439.1	unplaced-scaffold	47043			HAP1_SCAFFOLD_2567
GCA_030435755.1	Primary Assembly	Un			JAUDYK010003423.1	Chromosome		NW_026699440.1	unplaced-scaffold	49892			HAP1_SCAFFOLD_2345
GCA_030435755.1	Primary Assembly	Un			JAUDYK010003424.1	Chromosome		NW_026699441.1	unplaced-scaffold	59413			HAP1_SCAFFOLD_1730
GCA_030435755.1	Primary Assembly	Un			JAUDYK010003425.1	Chromosome		NW_026699442.1	unplaced-scaffold	21432			HAP1_SCAFFOLD_5785
GCA_030435755.1	Primary Assembly	Un			JAUDYK010003426.1	Chromosome		NW_026699443.1	unplaced-scaffold	42358			HAP1_SCAFFOLD_3054
GCA_030435755.1	Primary Assembly	Un			JAUDYK010003427.1	Chromosome		NW_026699444.1	unplaced-scaffold	567616			HAP1_SCAFFOLD_101
GCA_030435755.1	Primary Assembly	Un			JAUDYK010003428.1	Chromosome		NW_026699445.1	unplaced-scaffold	48415			HAP1_SCAFFOLD_2470
GCA_030435755.1	Primary Assembly	Un			JAUDYK010003429.1	Chromosome		NW_026699446.1	unplaced-scaffold	109330			HAP1_SCAFFOLD_646
GCA_030435755.1	Primary Assembly	Un			JAUDYK010003430.1	Chromosome		NW_026699447.1	unplaced-scaffold	30061			HAP1_SCAFFOLD_4834
GCA_030435755.1	Primary Assembly	Un			JAUDYK010003431.1	Chromosome		NW_026699448.1	unplaced-scaffold	46071			HAP1_SCAFFOLD_2664
GCA_030435755.1	Primary Assembly	Un			JAUDYK010003432.1	Chromosome		NW_026699449.1	unplaced-scaffold	50566			HAP1_SCAFFOLD_2292
GCA_030435755.1	Primary Assembly	Un			JAUDYK010003433.1	Chromosome		NW_026699450.1	unplaced-scaffold	25720			HAP1_SCAFFOLD_5420
GCA_030435755.1	Primary Assembly	Un			JAUDYK010003434.1	Chromosome		NW_026699451.1	unplaced-scaffold	146941			HAP1_SCAFFOLD_405
GCA_030435755.1	Primary Assembly	Un			JAUDYK010003435.1	Chromosome		NW_026699452.1	unplaced-scaffold	99456			HAP1_SCAFFOLD_742
GCA_030435755.1	Primary Assembly	Un			JAUDYK010003436.1	Chromosome		NW_026699453.1	unplaced-scaffold	115426			HAP1_SCAFFOLD_585
GCA_030435755.1	Primary Assembly	Un			JAUDYK010003437.1	Chromosome		NW_026699454.1	unplaced-scaffold	43285			HAP1_SCAFFOLD_2948
GCA_030435755.1	Primary Assembly	Un			JAUDYK010003438.1	Chromosome		NW_026699455.1	unplaced-scaffold	36885			HAP1_SCAFFOLD_3793
GCA_030435755.1	Primary Assembly	Un			JAUDYK010003439.1	Chromosome		NW_026699456.1	unplaced-scaffold	62292			HAP1_SCAFFOLD_1597
GCA_030435755.1	Primary Assembly	Un			JAUDYK010003440.1	Chromosome		NW_026699457.1	unplaced-scaffold	138499			HAP1_SCAFFOLD_439
GCA_030435755.1	Primary Assembly	Un			JAUDYK010003441.1	Chromosome		NW_026699458.1	unplaced-scaffold	24783			HAP1_SCAFFOLD_5543
GCA_030435755.1	Primary Assembly	Un			JAUDYK010003442.1	Chromosome		NW_026699459.1	unplaced-scaffold	122773			HAP1_SCAFFOLD_534
GCA_030435755.1	Primary Assembly	Un			JAUDYK010003443.1	Chromosome		NW_026699460.1	unplaced-scaffold	31579			HAP1_SCAFFOLD_4593
GCA_030435755.1	Primary Assembly	Un			JAUDYK010003444.1	Chromosome		NW_026699461.1	unplaced-scaffold	190163			HAP1_SCAFFOLD_278
GCA_030435755.1	Primary Assembly	Un			JAUDYK010003445.1	Chromosome		NW_026699462.1	unplaced-scaffold	58532			HAP1_SCAFFOLD_1772
GCA_030435755.1	Primary Assembly	Un			JAUDYK010003446.1	Chromosome		NW_026699463.1	unplaced-scaffold	45840			HAP1_SCAFFOLD_2687
GCA_030435755.1	Primary Assembly	Un			JAUDYK010003447.1	Chromosome		NW_026699464.1	unplaced-scaffold	28773			HAP1_SCAFFOLD_5034
GCA_030435755.1	Primary Assembly	Un			JAUDYK010003448.1	Chromosome		NW_026699465.1	unplaced-scaffold	91489			HAP1_SCAFFOLD_850
GCA_030435755.1	Primary Assembly	Un			JAUDYK010003449.1	Chromosome		NW_026699466.1	unplaced-scaffold	51407			HAP1_SCAFFOLD_2216
GCA_030435755.1	Primary Assembly	Un			JAUDYK010003450.1	Chromosome		NW_026699467.1	unplaced-scaffold	103726			HAP1_SCAFFOLD_704
GCA_030435755.1	Primary Assembly	Un			JAUDYK010003451.1	Chromosome		NW_026699468.1	unplaced-scaffold	28729			HAP1_SCAFFOLD_5040
GCA_030435755.1	Primary Assembly	Un			JAUDYK010003452.1	Chromosome		NW_026699469.1	unplaced-scaffold	172600			HAP1_SCAFFOLD_322
GCA_030435755.1	Primary Assembly	Un			JAUDYK010003453.1	Chromosome		NW_026699470.1	unplaced-scaffold	65776			HAP1_SCAFFOLD_1469
GCA_030435755.1	Primary Assembly	Un			JAUDYK010003454.1	Chromosome		NW_026699471.1	unplaced-scaffold	28622			HAP1_SCAFFOLD_5057
GCA_030435755.1	Primary Assembly	Un			JAUDYK010003455.1	Chromosome		NW_026699472.1	unplaced-scaffold	34793			HAP1_SCAFFOLD_4090
GCA_030435755.1	Primary Assembly	Un			JAUDYK010003456.1	Chromosome		NW_026699473.1	unplaced-scaffold	29547			HAP1_SCAFFOLD_4912
GCA_030435755.1	Primary Assembly	Un			JAUDYK010003457.1	Chromosome		NW_026699474.1	unplaced-scaffold	51104			HAP1_SCAFFOLD_2239
GCA_030435755.1	Primary Assembly	Un			JAUDYK010003458.1	Chromosome		NW_026699475.1	unplaced-scaffold	96573			HAP1_SCAFFOLD_789
GCA_030435755.1	Primary Assembly	Un			JAUDYK010003459.1	Chromosome		NW_026699476.1	unplaced-scaffold	37027			HAP1_SCAFFOLD_3765
GCA_030435755.1	Primary Assembly	Un			JAUDYK010003460.1	Chromosome		NW_026699477.1	unplaced-scaffold	42210			HAP1_SCAFFOLD_3071
GCA_030435755.1	Primary Assembly	Un			JAUDYK010003461.1	Chromosome		NW_026699478.1	unplaced-scaffold	69328			HAP1_SCAFFOLD_1343
GCA_030435755.1	Primary Assembly	Un			JAUDYK010003462.1	Chromosome		NW_026699479.1	unplaced-scaffold	42766			HAP1_SCAFFOLD_3008
GCA_030435755.1	Primary Assembly	Un			JAUDYK010003463.1	Chromosome		NW_026699480.1	unplaced-scaffold	33073			HAP1_SCAFFOLD_4350
GCA_030435755.1	Primary Assembly	Un			JAUDYK010003464.1	Chromosome		NW_026699481.1	unplaced-scaffold	25917			HAP1_SCAFFOLD_5397
GCA_030435755.1	Primary Assembly	Un			JAUDYK010003465.1	Chromosome		NW_026699482.1	unplaced-scaffold	13249			HAP1_SCAFFOLD_5946
GCA_030435755.1	Primary Assembly	Un			JAUDYK010003466.1	Chromosome		NW_026699483.1	unplaced-scaffold	18943			HAP1_SCAFFOLD_5890
GCA_030435755.1	Primary Assembly	Un			JAUDYK010003467.1	Chromosome		NW_026699484.1	unplaced-scaffold	41757			HAP1_SCAFFOLD_3129
GCA_030435755.1	Primary Assembly	Un			JAUDYK010003468.1	Chromosome		NW_026699485.1	unplaced-scaffold	29926			HAP1_SCAFFOLD_4857
GCA_030435755.1	Primary Assembly	Un			JAUDYK010003469.1	Chromosome		NW_026699486.1	unplaced-scaffold	42913			HAP1_SCAFFOLD_2989
GCA_030435755.1	Primary Assembly	Un			JAUDYK010003470.1	Chromosome		NW_026699487.1	unplaced-scaffold	30001			HAP1_SCAFFOLD_4840
GCA_030435755.1	Primary Assembly	Un			JAUDYK010003471.1	Chromosome		NW_026699488.1	unplaced-scaffold	57013			HAP1_SCAFFOLD_1853
GCA_030435755.1	Primary Assembly	Un			JAUDYK010003472.1	Chromosome		NW_026699489.1	unplaced-scaffold	31734			HAP1_SCAFFOLD_4565
GCA_030435755.1	Primary Assembly	Un			JAUDYK010003473.1	Chromosome		NW_026699490.1	unplaced-scaffold	29054			HAP1_SCAFFOLD_4996
GCA_030435755.1	Primary Assembly	Un			JAUDYK010003474.1	Chromosome		NW_026699491.1	unplaced-scaffold	41588			HAP1_SCAFFOLD_3155
GCA_030435755.1	Primary Assembly	Un			JAUDYK010003475.1	Chromosome		NW_026699492.1	unplaced-scaffold	33079			HAP1_SCAFFOLD_4347
GCA_030435755.1	Primary Assembly	Un			JAUDYK010003476.1	Chromosome		NW_026699493.1	unplaced-scaffold	243572			HAP1_SCAFFOLD_213
GCA_030435755.1	Primary Assembly	Un			JAUDYK010003477.1	Chromosome		NW_026699494.1	unplaced-scaffold	37843			HAP1_SCAFFOLD_3643
GCA_030435755.1	Primary Assembly	Un			JAUDYK010003478.1	Chromosome		NW_026699495.1	unplaced-scaffold	27357			HAP1_SCAFFOLD_5218
GCA_030435755.1	Primary Assembly	Un			JAUDYK010003479.1	Chromosome		NW_026699496.1	unplaced-scaffold	59039			HAP1_SCAFFOLD_1744
GCA_030435755.1	Primary Assembly	Un			JAUDYK010003480.1	Chromosome		NW_026699497.1	unplaced-scaffold	34686			HAP1_SCAFFOLD_4106
GCA_030435755.1	Primary Assembly	Un			JAUDYK010003481.1	Chromosome		NW_026699498.1	unplaced-scaffold	32233			HAP1_SCAFFOLD_4486
GCA_030435755.1	Primary Assembly	Un			JAUDYK010003482.1	Chromosome		NW_026699499.1	unplaced-scaffold	70718			HAP1_SCAFFOLD_1310
GCA_030435755.1	Primary Assembly	Un			JAUDYK010003483.1	Chromosome		NW_026699500.1	unplaced-scaffold	57667			HAP1_SCAFFOLD_1817
GCA_030435755.1	Primary Assembly	Un			JAUDYK010003484.1	Chromosome		NW_026699501.1	unplaced-scaffold	45682			HAP1_SCAFFOLD_2702
GCA_030435755.1	Primary Assembly	Un			JAUDYK010003485.1	Chromosome		NW_026699502.1	unplaced-scaffold	48021			HAP1_SCAFFOLD_2499
GCA_030435755.1	Primary Assembly	Un			JAUDYK010003486.1	Chromosome		NW_026699503.1	unplaced-scaffold	42519			HAP1_SCAFFOLD_3037
GCA_030435755.1	Primary Assembly	Un			JAUDYK010003487.1	Chromosome		NW_026699504.1	unplaced-scaffold	30218			HAP1_SCAFFOLD_4813
GCA_030435755.1	Primary Assembly	Un			JAUDYK010003488.1	Chromosome		NW_026699505.1	unplaced-scaffold	55331			HAP1_SCAFFOLD_1941
GCA_030435755.1	Primary Assembly	Un			JAUDYK010003489.1	Chromosome		NW_026699506.1	unplaced-scaffold	40550			HAP1_SCAFFOLD_3275
GCA_030435755.1	Primary Assembly	Un			JAUDYK010003490.1	Chromosome		NW_026699507.1	unplaced-scaffold	38041			HAP1_SCAFFOLD_3610
GCA_030435755.1	Primary Assembly	Un			JAUDYK010003491.1	Chromosome		NW_026699508.1	unplaced-scaffold	28901			HAP1_SCAFFOLD_5013
GCA_030435755.1	Primary Assembly	Un			JAUDYK010003492.1	Chromosome		NW_026699509.1	unplaced-scaffold	33855			HAP1_SCAFFOLD_4224
GCA_030435755.1	Primary Assembly	Un			JAUDYK010003493.1	Chromosome		NW_026699510.1	unplaced-scaffold	41150			HAP1_SCAFFOLD_3203
GCA_030435755.1	Primary Assembly	Un			JAUDYK010003494.1	Chromosome		NW_026699511.1	unplaced-scaffold	55239			HAP1_SCAFFOLD_1952
GCA_030435755.1	Primary Assembly	Un			JAUDYK010003495.1	Chromosome		NW_026699512.1	unplaced-scaffold	74913			HAP1_SCAFFOLD_1180
GCA_030435755.1	Primary Assembly	Un			JAUDYK010003496.1	Chromosome		NW_026699513.1	unplaced-scaffold	28021			HAP1_SCAFFOLD_5135
GCA_030435755.1	Primary Assembly	Un			JAUDYK010003497.1	Chromosome		NW_026699514.1	unplaced-scaffold	67724			HAP1_SCAFFOLD_1400
GCA_030435755.1	Primary Assembly	Un			JAUDYK010003498.1	Chromosome		NW_026699515.1	unplaced-scaffold	31129			HAP1_SCAFFOLD_4685
GCA_030435755.1	Primary Assembly	Un			JAUDYK010003499.1	Chromosome		NW_026699516.1	unplaced-scaffold	70139			HAP1_SCAFFOLD_1324
GCA_030435755.1	Primary Assembly	Un			JAUDYK010003500.1	Chromosome		NW_026699517.1	unplaced-scaffold	40307			HAP1_SCAFFOLD_3307
GCA_030435755.1	Primary Assembly	Un			JAUDYK010003501.1	Chromosome		NW_026699518.1	unplaced-scaffold	25597			HAP1_SCAFFOLD_5433
GCA_030435755.1	Primary Assembly	Un			JAUDYK010003502.1	Chromosome		NW_026699519.1	unplaced-scaffold	28276			HAP1_SCAFFOLD_5098
GCA_030435755.1	Primary Assembly	Un			JAUDYK010003503.1	Chromosome		NW_026699520.1	unplaced-scaffold	31540			HAP1_SCAFFOLD_4603
GCA_030435755.1	Primary Assembly	Un			JAUDYK010003504.1	Chromosome		NW_026699521.1	unplaced-scaffold	105332			HAP1_SCAFFOLD_690
GCA_030435755.1	Primary Assembly	Un			JAUDYK010003505.1	Chromosome		NW_026699522.1	unplaced-scaffold	90526			HAP1_SCAFFOLD_869
GCA_030435755.1	Primary Assembly	Un			JAUDYK010003506.1	Chromosome		NW_026699523.1	unplaced-scaffold	40514			HAP1_SCAFFOLD_3285
GCA_030435755.1	Primary Assembly	Un			JAUDYK010003507.1	Chromosome		NW_026699524.1	unplaced-scaffold	87073			HAP1_SCAFFOLD_939
GCA_030435755.1	Primary Assembly	Un			JAUDYK010003508.1	Chromosome		NW_026699525.1	unplaced-scaffold	36853			HAP1_SCAFFOLD_3800
GCA_030435755.1	Primary Assembly	Un			JAUDYK010003509.1	Chromosome		NW_026699526.1	unplaced-scaffold	32270			HAP1_SCAFFOLD_4476
GCA_030435755.1	Primary Assembly	Un			JAUDYK010003510.1	Chromosome		NW_026699527.1	unplaced-scaffold	298889			HAP1_SCAFFOLD_170
GCA_030435755.1	Primary Assembly	Un			JAUDYK010003511.1	Chromosome		NW_026699528.1	unplaced-scaffold	37960			HAP1_SCAFFOLD_3624
GCA_030435755.1	Primary Assembly	Un			JAUDYK010003512.1	Chromosome		NW_026699529.1	unplaced-scaffold	62038			HAP1_SCAFFOLD_1607
GCA_030435755.1	Primary Assembly	Un			JAUDYK010003513.1	Chromosome		NW_026699530.1	unplaced-scaffold	35039			HAP1_SCAFFOLD_4048
GCA_030435755.1	Primary Assembly	Un			JAUDYK010003514.1	Chromosome		NW_026699531.1	unplaced-scaffold	19958			HAP1_SCAFFOLD_5848
GCA_030435755.1	Primary Assembly	Un			JAUDYK010003515.1	Chromosome		NW_026699532.1	unplaced-scaffold	35961			HAP1_SCAFFOLD_3935
GCA_030435755.1	Primary Assembly	Un			JAUDYK010003516.1	Chromosome		NW_026699533.1	unplaced-scaffold	183373			HAP1_SCAFFOLD_295
GCA_030435755.1	Primary Assembly	Un			JAUDYK010003517.1	Chromosome		NW_026699534.1	unplaced-scaffold	75504			HAP1_SCAFFOLD_1170
GCA_030435755.1	Primary Assembly	Un			JAUDYK010003518.1	Chromosome		NW_026699535.1	unplaced-scaffold	33980			HAP1_SCAFFOLD_4210
GCA_030435755.1	Primary Assembly	Un			JAUDYK010003519.1	Chromosome		NW_026699536.1	unplaced-scaffold	31192			HAP1_SCAFFOLD_4675
GCA_030435755.1	Primary Assembly	Un			JAUDYK010003520.1	Chromosome		NW_026699537.1	unplaced-scaffold	26247			HAP1_SCAFFOLD_5358
GCA_030435755.1	Primary Assembly	Un			JAUDYK010003521.1	Chromosome		NW_026699538.1	unplaced-scaffold	39416			HAP1_SCAFFOLD_3417
GCA_030435755.1	Primary Assembly	Un			JAUDYK010003522.1	Chromosome		NW_026699539.1	unplaced-scaffold	88856			HAP1_SCAFFOLD_905
GCA_030435755.1	Primary Assembly	Un			JAUDYK010003523.1	Chromosome		NW_026699540.1	unplaced-scaffold	29651			HAP1_SCAFFOLD_4898
GCA_030435755.1	Primary Assembly	Un			JAUDYK010003524.1	Chromosome		NW_026699541.1	unplaced-scaffold	39100			HAP1_SCAFFOLD_3453
GCA_030435755.1	Primary Assembly	Un			JAUDYK010003525.1	Chromosome		NW_026699542.1	unplaced-scaffold	47355			HAP1_SCAFFOLD_2551
GCA_030435755.1	Primary Assembly	Un			JAUDYK010003526.1	Chromosome		NW_026699543.1	unplaced-scaffold	33769			HAP1_SCAFFOLD_4243
GCA_030435755.1	Primary Assembly	Un			JAUDYK010003527.1	Chromosome		NW_026699544.1	unplaced-scaffold	72481			HAP1_SCAFFOLD_1250
GCA_030435755.1	Primary Assembly	Un			JAUDYK010003528.1	Chromosome		NW_026699545.1	unplaced-scaffold	72548			HAP1_SCAFFOLD_1247
GCA_030435755.1	Primary Assembly	Un			JAUDYK010003529.1	Chromosome		NW_026699546.1	unplaced-scaffold	26762			HAP1_SCAFFOLD_5293
GCA_030435755.1	Primary Assembly	Un			JAUDYK010003530.1	Chromosome		NW_026699547.1	unplaced-scaffold	38535			HAP1_SCAFFOLD_3527
GCA_030435755.1	Primary Assembly	Un			JAUDYK010003531.1	Chromosome		NW_026699548.1	unplaced-scaffold	36431			HAP1_SCAFFOLD_3869
GCA_030435755.1	Primary Assembly	Un			JAUDYK010003532.1	Chromosome		NW_026699549.1	unplaced-scaffold	64760			HAP1_SCAFFOLD_1504
GCA_030435755.1	Primary Assembly	Un			JAUDYK010003533.1	Chromosome		NW_026699550.1	unplaced-scaffold	43062			HAP1_SCAFFOLD_2979
GCA_030435755.1	Primary Assembly	Un			JAUDYK010003534.1	Chromosome		NW_026699551.1	unplaced-scaffold	59537			HAP1_SCAFFOLD_1723
GCA_030435755.1	Primary Assembly	Un			JAUDYK010003535.1	Chromosome		NW_026699552.1	unplaced-scaffold	47440			HAP1_SCAFFOLD_2542
GCA_030435755.1	Primary Assembly	Un			JAUDYK010003536.1	Chromosome		NW_026699553.1	unplaced-scaffold	61413			HAP1_SCAFFOLD_1638
GCA_030435755.1	Primary Assembly	Un			JAUDYK010003537.1	Chromosome		NW_026699554.1	unplaced-scaffold	77309			HAP1_SCAFFOLD_1132
GCA_030435755.1	Primary Assembly	Un			JAUDYK010003538.1	Chromosome		NW_026699555.1	unplaced-scaffold	111927			HAP1_SCAFFOLD_619
GCA_030435755.1	Primary Assembly	Un			JAUDYK010003539.1	Chromosome		NW_026699556.1	unplaced-scaffold	40071			HAP1_SCAFFOLD_3338
GCA_030435755.1	Primary Assembly	Un			JAUDYK010003540.1	Chromosome		NW_026699557.1	unplaced-scaffold	16919			HAP1_SCAFFOLD_5929
GCA_030435755.1	Primary Assembly	Un			JAUDYK010003541.1	Chromosome		NW_026699558.1	unplaced-scaffold	42152			HAP1_SCAFFOLD_3081
GCA_030435755.1	Primary Assembly	Un			JAUDYK010003542.1	Chromosome		NW_026699559.1	unplaced-scaffold	41624			HAP1_SCAFFOLD_3146
GCA_030435755.1	Primary Assembly	Un			JAUDYK010003543.1	Chromosome		NW_026699560.1	unplaced-scaffold	30891			HAP1_SCAFFOLD_4727
GCA_030435755.1	Primary Assembly	Un			JAUDYK010003544.1	Chromosome		NW_026699561.1	unplaced-scaffold	133801			HAP1_SCAFFOLD_462
GCA_030435755.1	Primary Assembly	Un			JAUDYK010003545.1	Chromosome		NW_026699562.1	unplaced-scaffold	444023			HAP1_SCAFFOLD_129
GCA_030435755.1	Primary Assembly	Un			JAUDYK010003546.1	Chromosome		NW_026699563.1	unplaced-scaffold	37373			HAP1_SCAFFOLD_3718
GCA_030435755.1	Primary Assembly	Un			JAUDYK010003547.1	Chromosome		NW_026699564.1	unplaced-scaffold	48270			HAP1_SCAFFOLD_2480
GCA_030435755.1	Primary Assembly	Un			JAUDYK010003548.1	Chromosome		NW_026699565.1	unplaced-scaffold	25752			HAP1_SCAFFOLD_5414
GCA_030435755.1	Primary Assembly	Un			JAUDYK010003549.1	Chromosome		NW_026699566.1	unplaced-scaffold	52991			HAP1_SCAFFOLD_2100
GCA_030435755.1	Primary Assembly	Un			JAUDYK010003550.1	Chromosome		NW_026699567.1	unplaced-scaffold	32061			HAP1_SCAFFOLD_4518
GCA_030435755.1	Primary Assembly	Un			JAUDYK010003551.1	Chromosome		NW_026699568.1	unplaced-scaffold	80086			HAP1_SCAFFOLD_1066
GCA_030435755.1	Primary Assembly	Un			JAUDYK010003552.1	Chromosome		NW_026699569.1	unplaced-scaffold	26959			HAP1_SCAFFOLD_5265
GCA_030435755.1	Primary Assembly	Un			JAUDYK010003553.1	Chromosome		NW_026699570.1	unplaced-scaffold	45966			HAP1_SCAFFOLD_2677
GCA_030435755.1	Primary Assembly	Un			JAUDYK010003554.1	Chromosome		NW_026699571.1	unplaced-scaffold	74164			HAP1_SCAFFOLD_1199
GCA_030435755.1	Primary Assembly	Un			JAUDYK010003555.1	Chromosome		NW_026699572.1	unplaced-scaffold	190243			HAP1_SCAFFOLD_277
GCA_030435755.1	Primary Assembly	Un			JAUDYK010003556.1	Chromosome		NW_026699573.1	unplaced-scaffold	58380			HAP1_SCAFFOLD_1782
GCA_030435755.1	Primary Assembly	Un			JAUDYK010003557.1	Chromosome		NW_026699574.1	unplaced-scaffold	26669			HAP1_SCAFFOLD_5304
GCA_030435755.1	Primary Assembly	Un			JAUDYK010003558.1	Chromosome		NW_026699575.1	unplaced-scaffold	55085			HAP1_SCAFFOLD_1960
GCA_030435755.1	Primary Assembly	Un			JAUDYK010003559.1	Chromosome		NW_026699576.1	unplaced-scaffold	116669			HAP1_SCAFFOLD_572
GCA_030435755.1	Primary Assembly	Un			JAUDYK010003560.1	Chromosome		NW_026699577.1	unplaced-scaffold	23782			HAP1_SCAFFOLD_5627
GCA_030435755.1	Primary Assembly	Un			JAUDYK010003561.1	Chromosome		NW_026699578.1	unplaced-scaffold	32588			HAP1_SCAFFOLD_4428
GCA_030435755.1	Primary Assembly	Un			JAUDYK010003562.1	Chromosome		NW_026699579.1	unplaced-scaffold	53022			HAP1_SCAFFOLD_2096
GCA_030435755.1	Primary Assembly	Un			JAUDYK010003563.1	Chromosome		NW_026699580.1	unplaced-scaffold	24945			HAP1_SCAFFOLD_5524
GCA_030435755.1	Primary Assembly	Un			JAUDYK010003564.1	Chromosome		NW_026699581.1	unplaced-scaffold	34796			HAP1_SCAFFOLD_4089
GCA_030435755.1	Primary Assembly	Un			JAUDYK010003565.1	Chromosome		NW_026699582.1	unplaced-scaffold	22929			HAP1_SCAFFOLD_5703
GCA_030435755.1	Primary Assembly	Un			JAUDYK010003566.1	Chromosome		NW_026699583.1	unplaced-scaffold	46404			HAP1_SCAFFOLD_2631
GCA_030435755.1	Primary Assembly	Un			JAUDYK010003567.1	Chromosome		NW_026699584.1	unplaced-scaffold	90160			HAP1_SCAFFOLD_874
GCA_030435755.1	Primary Assembly	Un			JAUDYK010003568.1	Chromosome		NW_026699585.1	unplaced-scaffold	46971			HAP1_SCAFFOLD_2574
GCA_030435755.1	Primary Assembly	Un			JAUDYK010003569.1	Chromosome		NW_026699586.1	unplaced-scaffold	56029			HAP1_SCAFFOLD_1909
GCA_030435755.1	Primary Assembly	Un			JAUDYK010003570.1	Chromosome		NW_026699587.1	unplaced-scaffold	29876			HAP1_SCAFFOLD_4861
GCA_030435755.1	Primary Assembly	Un			JAUDYK010003571.1	Chromosome		NW_026699588.1	unplaced-scaffold	232055			HAP1_SCAFFOLD_226
GCA_030435755.1	Primary Assembly	Un			JAUDYK010003572.1	Chromosome		NW_026699589.1	unplaced-scaffold	28584			HAP1_SCAFFOLD_5061
GCA_030435755.1	Primary Assembly	Un			JAUDYK010003573.1	Chromosome		NW_026699590.1	unplaced-scaffold	33000			HAP1_SCAFFOLD_4362
GCA_030435755.1	Primary Assembly	Un			JAUDYK010003574.1	Chromosome		NW_026699591.1	unplaced-scaffold	44387			HAP1_SCAFFOLD_2846
GCA_030435755.1	Primary Assembly	Un			JAUDYK010003575.1	Chromosome		NW_026699592.1	unplaced-scaffold	45210			HAP1_SCAFFOLD_2759
GCA_030435755.1	Primary Assembly	Un			JAUDYK010003576.1	Chromosome		NW_026699593.1	unplaced-scaffold	21642			HAP1_SCAFFOLD_5775
GCA_030435755.1	Primary Assembly	Un			JAUDYK010003577.1	Chromosome		NW_026699594.1	unplaced-scaffold	54341			HAP1_SCAFFOLD_2012
GCA_030435755.1	Primary Assembly	Un			JAUDYK010003578.1	Chromosome		NW_026699595.1	unplaced-scaffold	42912			HAP1_SCAFFOLD_2990
GCA_030435755.1	Primary Assembly	Un			JAUDYK010003579.1	Chromosome		NW_026699596.1	unplaced-scaffold	45534			HAP1_SCAFFOLD_2725
GCA_030435755.1	Primary Assembly	Un			JAUDYK010003580.1	Chromosome		NW_026699597.1	unplaced-scaffold	49716			HAP1_SCAFFOLD_2356
GCA_030435755.1	Primary Assembly	Un			JAUDYK010003581.1	Chromosome		NW_026699598.1	unplaced-scaffold	19024			HAP1_SCAFFOLD_5889
GCA_030435755.1	Primary Assembly	Un			JAUDYK010003582.1	Chromosome		NW_026699599.1	unplaced-scaffold	52114			HAP1_SCAFFOLD_2169
GCA_030435755.1	Primary Assembly	Un			JAUDYK010003583.1	Chromosome		NW_026699600.1	unplaced-scaffold	63463			HAP1_SCAFFOLD_1558
GCA_030435755.1	Primary Assembly	Un			JAUDYK010003584.1	Chromosome		NW_026699601.1	unplaced-scaffold	31352			HAP1_SCAFFOLD_4651
GCA_030435755.1	Primary Assembly	Un			JAUDYK010003585.1	Chromosome		NW_026699602.1	unplaced-scaffold	36080			HAP1_SCAFFOLD_3913
GCA_030435755.1	Primary Assembly	Un			JAUDYK010003586.1	Chromosome		NW_026699603.1	unplaced-scaffold	88576			HAP1_SCAFFOLD_915
GCA_030435755.1	Primary Assembly	Un			JAUDYK010003587.1	Chromosome		NW_026699604.1	unplaced-scaffold	26801			HAP1_SCAFFOLD_5287
GCA_030435755.1	Primary Assembly	Un			JAUDYK010003588.1	Chromosome		NW_026699605.1	unplaced-scaffold	84940			HAP1_SCAFFOLD_976
GCA_030435755.1	Primary Assembly	Un			JAUDYK010003589.1	Chromosome		NW_026699606.1	unplaced-scaffold	79797			HAP1_SCAFFOLD_1070
GCA_030435755.1	Primary Assembly	Un			JAUDYK010003590.1	Chromosome		NW_026699607.1	unplaced-scaffold	23952			HAP1_SCAFFOLD_5616
GCA_030435755.1	Primary Assembly	Un			JAUDYK010003591.1	Chromosome		NW_026699608.1	unplaced-scaffold	26668			HAP1_SCAFFOLD_5305
GCA_030435755.1	Primary Assembly	Un			JAUDYK010003592.1	Chromosome		NW_026699609.1	unplaced-scaffold	33152			HAP1_SCAFFOLD_4336
GCA_030435755.1	Primary Assembly	Un			JAUDYK010003593.1	Chromosome		NW_026699610.1	unplaced-scaffold	50154			HAP1_SCAFFOLD_2323
GCA_030435755.1	Primary Assembly	Un			JAUDYK010003594.1	Chromosome		NW_026699611.1	unplaced-scaffold	25750			HAP1_SCAFFOLD_5415
GCA_030435755.1	Primary Assembly	Un			JAUDYK010003595.1	Chromosome		NW_026699612.1	unplaced-scaffold	38479			HAP1_SCAFFOLD_3539
GCA_030435755.1	Primary Assembly	Un			JAUDYK010003596.1	Chromosome		NW_026699613.1	unplaced-scaffold	118623			HAP1_SCAFFOLD_557
GCA_030435755.1	Primary Assembly	Un			JAUDYK010003597.1	Chromosome		NW_026699614.1	unplaced-scaffold	26962			HAP1_SCAFFOLD_5264
GCA_030435755.1	Primary Assembly	Un			JAUDYK010003598.1	Chromosome		NW_026699615.1	unplaced-scaffold	34405			HAP1_SCAFFOLD_4148
GCA_030435755.1	Primary Assembly	Un			JAUDYK010003599.1	Chromosome		NW_026699616.1	unplaced-scaffold	31391			HAP1_SCAFFOLD_4642
GCA_030435755.1	Primary Assembly	Un			JAUDYK010003600.1	Chromosome		NW_026699617.1	unplaced-scaffold	30790			HAP1_SCAFFOLD_4739
GCA_030435755.1	Primary Assembly	Un			JAUDYK010003601.1	Chromosome		NW_026699618.1	unplaced-scaffold	27492			HAP1_SCAFFOLD_5198
GCA_030435755.1	Primary Assembly	Un			JAUDYK010003602.1	Chromosome		NW_026699619.1	unplaced-scaffold	23040			HAP1_SCAFFOLD_5692
GCA_030435755.1	Primary Assembly	Un			JAUDYK010003603.1	Chromosome		NW_026699620.1	unplaced-scaffold	54822			HAP1_SCAFFOLD_1976
GCA_030435755.1	Primary Assembly	Un			JAUDYK010003604.1	Chromosome		NW_026699621.1	unplaced-scaffold	26108			HAP1_SCAFFOLD_5373
GCA_030435755.1	Primary Assembly	Un			JAUDYK010003605.1	Chromosome		NW_026699622.1	unplaced-scaffold	16310			HAP1_SCAFFOLD_5937
GCA_030435755.1	Primary Assembly	Un			JAUDYK010003606.1	Chromosome		NW_026699623.1	unplaced-scaffold	204323			HAP1_SCAFFOLD_252
GCA_030435755.1	Primary Assembly	Un			JAUDYK010003607.1	Chromosome		NW_026699624.1	unplaced-scaffold	113083			HAP1_SCAFFOLD_609
GCA_030435755.1	Primary Assembly	Un			JAUDYK010003608.1	Chromosome		NW_026699625.1	unplaced-scaffold	39547			HAP1_SCAFFOLD_3401
GCA_030435755.1	Primary Assembly	Un			JAUDYK010003609.1	Chromosome		NW_026699626.1	unplaced-scaffold	47952			HAP1_SCAFFOLD_2503
GCA_030435755.1	Primary Assembly	Un			JAUDYK010003610.1	Chromosome		NW_026699627.1	unplaced-scaffold	38955			HAP1_SCAFFOLD_3478
GCA_030435755.1	Primary Assembly	Un			JAUDYK010003611.1	Chromosome		NW_026699628.1	unplaced-scaffold	45539			HAP1_SCAFFOLD_2724
GCA_030435755.1	Primary Assembly	Un			JAUDYK010003612.1	Chromosome		NW_026699629.1	unplaced-scaffold	36764			HAP1_SCAFFOLD_3812
GCA_030435755.1	Primary Assembly	Un			JAUDYK010003613.1	Chromosome		NW_026699630.1	unplaced-scaffold	41315			HAP1_SCAFFOLD_3181
GCA_030435755.1	Primary Assembly	Un			JAUDYK010003614.1	Chromosome		NW_026699631.1	unplaced-scaffold	42448			HAP1_SCAFFOLD_3046
GCA_030435755.1	Primary Assembly	Un			JAUDYK010003615.1	Chromosome		NW_026699632.1	unplaced-scaffold	18202			HAP1_SCAFFOLD_5908
GCA_030435755.1	Primary Assembly	Un			JAUDYK010003616.1	Chromosome		NW_026699633.1	unplaced-scaffold	21653			HAP1_SCAFFOLD_5774
GCA_030435755.1	Primary Assembly	Un			JAUDYK010003617.1	Chromosome		NW_026699634.1	unplaced-scaffold	43634			HAP1_SCAFFOLD_2921
GCA_030435755.1	Primary Assembly	Un			JAUDYK010003618.1	Chromosome		NW_026699635.1	unplaced-scaffold	228957			HAP1_SCAFFOLD_230
GCA_030435755.1	Primary Assembly	Un			JAUDYK010003619.1	Chromosome		NW_026699636.1	unplaced-scaffold	81812			HAP1_SCAFFOLD_1032
GCA_030435755.1	Primary Assembly	Un			JAUDYK010003620.1	Chromosome		NW_026699637.1	unplaced-scaffold	105648			HAP1_SCAFFOLD_684
GCA_030435755.1	Primary Assembly	Un			JAUDYK010003621.1	Chromosome		NW_026699638.1	unplaced-scaffold	56334			HAP1_SCAFFOLD_1888
GCA_030435755.1	Primary Assembly	Un			JAUDYK010003622.1	Chromosome		NW_026699639.1	unplaced-scaffold	34040			HAP1_SCAFFOLD_4202
GCA_030435755.1	Primary Assembly	Un			JAUDYK010003623.1	Chromosome		NW_026699640.1	unplaced-scaffold	61908			HAP1_SCAFFOLD_1611
GCA_030435755.1	Primary Assembly	Un			JAUDYK010003624.1	Chromosome		NW_026699641.1	unplaced-scaffold	214361			HAP1_SCAFFOLD_241
GCA_030435755.1	Primary Assembly	Un			JAUDYK010003625.1	Chromosome		NW_026699642.1	unplaced-scaffold	35915			HAP1_SCAFFOLD_3940
GCA_030435755.1	Primary Assembly	Un			JAUDYK010003626.1	Chromosome		NW_026699643.1	unplaced-scaffold	36219			HAP1_SCAFFOLD_3896
GCA_030435755.1	Primary Assembly	Un			JAUDYK010003627.1	Chromosome		NW_026699644.1	unplaced-scaffold	46961			HAP1_SCAFFOLD_2575
GCA_030435755.1	Primary Assembly	Un			JAUDYK010003628.1	Chromosome		NW_026699645.1	unplaced-scaffold	24578			HAP1_SCAFFOLD_5559
GCA_030435755.1	Primary Assembly	Un			JAUDYK010003629.1	Chromosome		NW_026699646.1	unplaced-scaffold	87524			HAP1_SCAFFOLD_927
GCA_030435755.1	Primary Assembly	Un			JAUDYK010003630.1	Chromosome		NW_026699647.1	unplaced-scaffold	110291			HAP1_SCAFFOLD_635
GCA_030435755.1	Primary Assembly	Un			JAUDYK010003631.1	Chromosome		NW_026699648.1	unplaced-scaffold	40263			HAP1_SCAFFOLD_3311
GCA_030435755.1	Primary Assembly	Un			JAUDYK010003632.1	Chromosome		NW_026699649.1	unplaced-scaffold	35771			HAP1_SCAFFOLD_3957
GCA_030435755.1	Primary Assembly	Un			JAUDYK010003633.1	Chromosome		NW_026699650.1	unplaced-scaffold	24930			HAP1_SCAFFOLD_5525
GCA_030435755.1	Primary Assembly	Un			JAUDYK010003634.1	Chromosome		NW_026699651.1	unplaced-scaffold	40602			HAP1_SCAFFOLD_3267
GCA_030435755.1	Primary Assembly	Un			JAUDYK010003635.1	Chromosome		NW_026699652.1	unplaced-scaffold	43758			HAP1_SCAFFOLD_2906
GCA_030435755.1	Primary Assembly	Un			JAUDYK010003636.1	Chromosome		NW_026699653.1	unplaced-scaffold	37242			HAP1_SCAFFOLD_3731
GCA_030435755.1	Primary Assembly	Un			JAUDYK010003637.1	Chromosome		NW_026699654.1	unplaced-scaffold	32367			HAP1_SCAFFOLD_4460
GCA_030435755.1	Primary Assembly	Un			JAUDYK010003638.1	Chromosome		NW_026699655.1	unplaced-scaffold	39300			HAP1_SCAFFOLD_3426
GCA_030435755.1	Primary Assembly	Un			JAUDYK010003639.1	Chromosome		NW_026699656.1	unplaced-scaffold	31971			HAP1_SCAFFOLD_4531
GCA_030435755.1	Primary Assembly	Un			JAUDYK010003640.1	Chromosome		NW_026699657.1	unplaced-scaffold	78538			HAP1_SCAFFOLD_1099
GCA_030435755.1	Primary Assembly	Un			JAUDYK010003641.1	Chromosome		NW_026699658.1	unplaced-scaffold	35963			HAP1_SCAFFOLD_3934
GCA_030435755.1	Primary Assembly	Un			JAUDYK010003642.1	Chromosome		NW_026699659.1	unplaced-scaffold	31193			HAP1_SCAFFOLD_4674
GCA_030435755.1	Primary Assembly	Un			JAUDYK010003643.1	Chromosome		NW_026699660.1	unplaced-scaffold	54502			HAP1_SCAFFOLD_2000
GCA_030435755.1	Primary Assembly	Un			JAUDYK010003644.1	Chromosome		NW_026699661.1	unplaced-scaffold	68839			HAP1_SCAFFOLD_1359
GCA_030435755.1	Primary Assembly	Un			JAUDYK010003645.1	Chromosome		NW_026699662.1	unplaced-scaffold	37958			HAP1_SCAFFOLD_3625
GCA_030435755.1	Primary Assembly	Un			JAUDYK010003646.1	Chromosome		NW_026699663.1	unplaced-scaffold	75674			HAP1_SCAFFOLD_1166
GCA_030435755.1	Primary Assembly	Un			JAUDYK010003647.1	Chromosome		NW_026699664.1	unplaced-scaffold	58833			HAP1_SCAFFOLD_1756
GCA_030435755.1	Primary Assembly	Un			JAUDYK010003648.1	Chromosome		NW_026699665.1	unplaced-scaffold	70130			HAP1_SCAFFOLD_1325
GCA_030435755.1	Primary Assembly	Un			JAUDYK010003649.1	Chromosome		NW_026699666.1	unplaced-scaffold	57071			HAP1_SCAFFOLD_1849
GCA_030435755.1	Primary Assembly	Un			JAUDYK010003650.1	Chromosome		NW_026699667.1	unplaced-scaffold	37742			HAP1_SCAFFOLD_3659
GCA_030435755.1	Primary Assembly	Un			JAUDYK010003651.1	Chromosome		NW_026699668.1	unplaced-scaffold	40515			HAP1_SCAFFOLD_3284
GCA_030435755.1	Primary Assembly	Un			JAUDYK010003652.1	Chromosome		NW_026699669.1	unplaced-scaffold	33234			HAP1_SCAFFOLD_4319
GCA_030435755.1	Primary Assembly	Un			JAUDYK010003653.1	Chromosome		NW_026699670.1	unplaced-scaffold	53417			HAP1_SCAFFOLD_2069
GCA_030435755.1	Primary Assembly	Un			JAUDYK010003654.1	Chromosome		NW_026699671.1	unplaced-scaffold	22139			HAP1_SCAFFOLD_5751
GCA_030435755.1	Primary Assembly	Un			JAUDYK010003655.1	Chromosome		NW_026699672.1	unplaced-scaffold	38623			HAP1_SCAFFOLD_3516
GCA_030435755.1	Primary Assembly	Un			JAUDYK010003656.1	Chromosome		NW_026699673.1	unplaced-scaffold	27843			HAP1_SCAFFOLD_5161
GCA_030435755.1	Primary Assembly	Un			JAUDYK010003657.1	Chromosome		NW_026699674.1	unplaced-scaffold	30939			HAP1_SCAFFOLD_4716
GCA_030435755.1	Primary Assembly	Un			JAUDYK010003658.1	Chromosome		NW_026699675.1	unplaced-scaffold	64749			HAP1_SCAFFOLD_1505
GCA_030435755.1	Primary Assembly	Un			JAUDYK010003659.1	Chromosome		NW_026699676.1	unplaced-scaffold	46545			HAP1_SCAFFOLD_2618
GCA_030435755.1	Primary Assembly	Un			JAUDYK010003660.1	Chromosome		NW_026699677.1	unplaced-scaffold	52868			HAP1_SCAFFOLD_2112
GCA_030435755.1	Primary Assembly	Un			JAUDYK010003661.1	Chromosome		NW_026699678.1	unplaced-scaffold	44080			HAP1_SCAFFOLD_2881
GCA_030435755.1	Primary Assembly	Un			JAUDYK010003662.1	Chromosome		NW_026699679.1	unplaced-scaffold	140804			HAP1_SCAFFOLD_428
GCA_030435755.1	Primary Assembly	Un			JAUDYK010003663.1	Chromosome		NW_026699680.1	unplaced-scaffold	31688			HAP1_SCAFFOLD_4577
GCA_030435755.1	Primary Assembly	Un			JAUDYK010003664.1	Chromosome		NW_026699681.1	unplaced-scaffold	49351			HAP1_SCAFFOLD_2382
GCA_030435755.1	Primary Assembly	Un			JAUDYK010003665.1	Chromosome		NW_026699682.1	unplaced-scaffold	55584			HAP1_SCAFFOLD_1928
GCA_030435755.1	Primary Assembly	Un			JAUDYK010003666.1	Chromosome		NW_026699683.1	unplaced-scaffold	38167			HAP1_SCAFFOLD_3592
GCA_030435755.1	Primary Assembly	Un			JAUDYK010003667.1	Chromosome		NW_026699684.1	unplaced-scaffold	389350			HAP1_SCAFFOLD_137
GCA_030435755.1	Primary Assembly	Un			JAUDYK010003668.1	Chromosome		NW_026699685.1	unplaced-scaffold	22305			HAP1_SCAFFOLD_5742
GCA_030435755.1	Primary Assembly	Un			JAUDYK010003669.1	Chromosome		NW_026699686.1	unplaced-scaffold	51712			HAP1_SCAFFOLD_2196
GCA_030435755.1	Primary Assembly	Un			JAUDYK010003670.1	Chromosome		NW_026699687.1	unplaced-scaffold	127246			HAP1_SCAFFOLD_493
GCA_030435755.1	Primary Assembly	Un			JAUDYK010003671.1	Chromosome		NW_026699688.1	unplaced-scaffold	30399			HAP1_SCAFFOLD_4792
GCA_030435755.1	Primary Assembly	Un			JAUDYK010003672.1	Chromosome		NW_026699689.1	unplaced-scaffold	23685			HAP1_SCAFFOLD_5639
GCA_030435755.1	Primary Assembly	Un			JAUDYK010003673.1	Chromosome		NW_026699690.1	unplaced-scaffold	157042			HAP1_SCAFFOLD_367
GCA_030435755.1	Primary Assembly	Un			JAUDYK010003674.1	Chromosome		NW_026699691.1	unplaced-scaffold	34138			HAP1_SCAFFOLD_4189
GCA_030435755.1	Primary Assembly	Un			JAUDYK010003675.1	Chromosome		NW_026699692.1	unplaced-scaffold	36974			HAP1_SCAFFOLD_3777
GCA_030435755.1	Primary Assembly	Un			JAUDYK010003676.1	Chromosome		NW_026699693.1	unplaced-scaffold	62942			HAP1_SCAFFOLD_1573
GCA_030435755.1	Primary Assembly	Un			JAUDYK010003677.1	Chromosome		NW_026699694.1	unplaced-scaffold	32720			HAP1_SCAFFOLD_4409
GCA_030435755.1	Primary Assembly	Un			JAUDYK010003678.1	Chromosome		NW_026699695.1	unplaced-scaffold	71294			HAP1_SCAFFOLD_1293
GCA_030435755.1	Primary Assembly	Un			JAUDYK010003679.1	Chromosome		NW_026699696.1	unplaced-scaffold	27128			HAP1_SCAFFOLD_5247
GCA_030435755.1	Primary Assembly	Un			JAUDYK010003680.1	Chromosome		NW_026699697.1	unplaced-scaffold	33240			HAP1_SCAFFOLD_4318
GCA_030435755.1	Primary Assembly	Un			JAUDYK010003681.1	Chromosome		NW_026699698.1	unplaced-scaffold	53426			HAP1_SCAFFOLD_2068
GCA_030435755.1	Primary Assembly	Un			JAUDYK010003682.1	Chromosome		NW_026699699.1	unplaced-scaffold	38871			HAP1_SCAFFOLD_3490
GCA_030435755.1	Primary Assembly	Un			JAUDYK010003683.1	Chromosome		NW_026699700.1	unplaced-scaffold	45657			HAP1_SCAFFOLD_2705
GCA_030435755.1	Primary Assembly	Un			JAUDYK010003684.1	Chromosome		NW_026699701.1	unplaced-scaffold	101032			HAP1_SCAFFOLD_725
GCA_030435755.1	Primary Assembly	Un			JAUDYK010003685.1	Chromosome		NW_026699702.1	unplaced-scaffold	33374			HAP1_SCAFFOLD_4297
GCA_030435755.1	Primary Assembly	Un			JAUDYK010003686.1	Chromosome		NW_026699703.1	unplaced-scaffold	46528			HAP1_SCAFFOLD_2619
GCA_030435755.1	Primary Assembly	Un			JAUDYK010003687.1	Chromosome		NW_026699704.1	unplaced-scaffold	27118			HAP1_SCAFFOLD_5250
GCA_030435755.1	Primary Assembly	Un			JAUDYK010003688.1	Chromosome		NW_026699705.1	unplaced-scaffold	40577			HAP1_SCAFFOLD_3272
GCA_030435755.1	Primary Assembly	Un			JAUDYK010003689.1	Chromosome		NW_026699706.1	unplaced-scaffold	55537			HAP1_SCAFFOLD_1929
GCA_030435755.1	Primary Assembly	Un			JAUDYK010003690.1	Chromosome		NW_026699707.1	unplaced-scaffold	45063			HAP1_SCAFFOLD_2773
GCA_030435755.1	Primary Assembly	Un			JAUDYK010003691.1	Chromosome		NW_026699708.1	unplaced-scaffold	55161			HAP1_SCAFFOLD_1955
GCA_030435755.1	Primary Assembly	Un			JAUDYK010003692.1	Chromosome		NW_026699709.1	unplaced-scaffold	22608			HAP1_SCAFFOLD_5723
GCA_030435755.1	Primary Assembly	Un			JAUDYK010003693.1	Chromosome		NW_026699710.1	unplaced-scaffold	95450			HAP1_SCAFFOLD_803
GCA_030435755.1	Primary Assembly	Un			JAUDYK010003694.1	Chromosome		NW_026699711.1	unplaced-scaffold	25093			HAP1_SCAFFOLD_5504
GCA_030435755.1	Primary Assembly	Un			JAUDYK010003695.1	Chromosome		NW_026699712.1	unplaced-scaffold	84361			HAP1_SCAFFOLD_981
GCA_030435755.1	Primary Assembly	Un			JAUDYK010003696.1	Chromosome		NW_026699713.1	unplaced-scaffold	28024			HAP1_SCAFFOLD_5132
GCA_030435755.1	Primary Assembly	Un			JAUDYK010003697.1	Chromosome		NW_026699714.1	unplaced-scaffold	23687			HAP1_SCAFFOLD_5638
GCA_030435755.1	Primary Assembly	Un			JAUDYK010003698.1	Chromosome		NW_026699715.1	unplaced-scaffold	34143			HAP1_SCAFFOLD_4188
GCA_030435755.1	Primary Assembly	Un			JAUDYK010003699.1	Chromosome		NW_026699716.1	unplaced-scaffold	31148			HAP1_SCAFFOLD_4682
GCA_030435755.1	Primary Assembly	Un			JAUDYK010003700.1	Chromosome		NW_026699717.1	unplaced-scaffold	32724			HAP1_SCAFFOLD_4408
GCA_030435755.1	Primary Assembly	Un			JAUDYK010003701.1	Chromosome		NW_026699718.1	unplaced-scaffold	32290			HAP1_SCAFFOLD_4471
GCA_030435755.1	Primary Assembly	Un			JAUDYK010003702.1	Chromosome		NW_026699719.1	unplaced-scaffold	49384			HAP1_SCAFFOLD_2374
GCA_030435755.1	Primary Assembly	Un			JAUDYK010003703.1	Chromosome		NW_026699720.1	unplaced-scaffold	32511			HAP1_SCAFFOLD_4437
GCA_030435755.1	Primary Assembly	Un			JAUDYK010003704.1	Chromosome		NW_026699721.1	unplaced-scaffold	24072			HAP1_SCAFFOLD_5607
GCA_030435755.1	Primary Assembly	Un			JAUDYK010003705.1	Chromosome		NW_026699722.1	unplaced-scaffold	117163			HAP1_SCAFFOLD_570
GCA_030435755.1	Primary Assembly	Un			JAUDYK010003706.1	Chromosome		NW_026699723.1	unplaced-scaffold	41648			HAP1_SCAFFOLD_3141
GCA_030435755.1	Primary Assembly	Un			JAUDYK010003707.1	Chromosome		NW_026699724.1	unplaced-scaffold	29525			HAP1_SCAFFOLD_4915
GCA_030435755.1	Primary Assembly	Un			JAUDYK010003708.1	Chromosome		NW_026699725.1	unplaced-scaffold	78668			HAP1_SCAFFOLD_1098
GCA_030435755.1	Primary Assembly	Un			JAUDYK010003709.1	Chromosome		NW_026699726.1	unplaced-scaffold	66700			HAP1_SCAFFOLD_1433
GCA_030435755.1	Primary Assembly	Un			JAUDYK010003710.1	Chromosome		NW_026699727.1	unplaced-scaffold	26508			HAP1_SCAFFOLD_5324
GCA_030435755.1	Primary Assembly	Un			JAUDYK010003711.1	Chromosome		NW_026699728.1	unplaced-scaffold	40898			HAP1_SCAFFOLD_3230
GCA_030435755.1	Primary Assembly	Un			JAUDYK010003712.1	Chromosome		NW_026699729.1	unplaced-scaffold	50857			HAP1_SCAFFOLD_2263
GCA_030435755.1	Primary Assembly	Un			JAUDYK010003713.1	Chromosome		NW_026699730.1	unplaced-scaffold	42124			HAP1_SCAFFOLD_3086
GCA_030435755.1	Primary Assembly	Un			JAUDYK010003714.1	Chromosome		NW_026699731.1	unplaced-scaffold	37039			HAP1_SCAFFOLD_3762
GCA_030435755.1	Primary Assembly	Un			JAUDYK010003715.1	Chromosome		NW_026699732.1	unplaced-scaffold	68842			HAP1_SCAFFOLD_1358
GCA_030435755.1	Primary Assembly	Un			JAUDYK010003716.1	Chromosome		NW_026699733.1	unplaced-scaffold	52830			HAP1_SCAFFOLD_2120
GCA_030435755.1	Primary Assembly	Un			JAUDYK010003717.1	Chromosome		NW_026699734.1	unplaced-scaffold	47271			HAP1_SCAFFOLD_2556
GCA_030435755.1	Primary Assembly	Un			JAUDYK010003718.1	Chromosome		NW_026699735.1	unplaced-scaffold	35596			HAP1_SCAFFOLD_3980
GCA_030435755.1	Primary Assembly	Un			JAUDYK010003719.1	Chromosome		NW_026699736.1	unplaced-scaffold	57095			HAP1_SCAFFOLD_1848
GCA_030435755.1	Primary Assembly	Un			JAUDYK010003720.1	Chromosome		NW_026699737.1	unplaced-scaffold	102110			HAP1_SCAFFOLD_717
GCA_030435755.1	Primary Assembly	Un			JAUDYK010003721.1	Chromosome		NW_026699738.1	unplaced-scaffold	105417			HAP1_SCAFFOLD_688
GCA_030435755.1	Primary Assembly	Un			JAUDYK010003722.1	Chromosome		NW_026699739.1	unplaced-scaffold	27743			HAP1_SCAFFOLD_5170
GCA_030435755.1	Primary Assembly	Un			JAUDYK010003723.1	Chromosome		NW_026699740.1	unplaced-scaffold	37748			HAP1_SCAFFOLD_3658
GCA_030435755.1	Primary Assembly	Un			JAUDYK010003724.1	Chromosome		NW_026699741.1	unplaced-scaffold	31741			HAP1_SCAFFOLD_4562
GCA_030435755.1	Primary Assembly	Un			JAUDYK010003725.1	Chromosome		NW_026699742.1	unplaced-scaffold	41602			HAP1_SCAFFOLD_3152
GCA_030435755.1	Primary Assembly	Un			JAUDYK010003726.1	Chromosome		NW_026699743.1	unplaced-scaffold	121196			HAP1_SCAFFOLD_543
GCA_030435755.1	Primary Assembly	Un			JAUDYK010003727.1	Chromosome		NW_026699744.1	unplaced-scaffold	38946			HAP1_SCAFFOLD_3479
GCA_030435755.1	Primary Assembly	Un			JAUDYK010003728.1	Chromosome		NW_026699745.1	unplaced-scaffold	134109			HAP1_SCAFFOLD_460
GCA_030435755.1	Primary Assembly	Un			JAUDYK010003729.1	Chromosome		NW_026699746.1	unplaced-scaffold	31007			HAP1_SCAFFOLD_4707
GCA_030435755.1	Primary Assembly	Un			JAUDYK010003730.1	Chromosome		NW_026699747.1	unplaced-scaffold	18177			HAP1_SCAFFOLD_5909
GCA_030435755.1	Primary Assembly	Un			JAUDYK010003731.1	Chromosome		NW_026699748.1	unplaced-scaffold	85901			HAP1_SCAFFOLD_959
GCA_030435755.1	Primary Assembly	Un			JAUDYK010003732.1	Chromosome		NW_026699749.1	unplaced-scaffold	50499			HAP1_SCAFFOLD_2295
GCA_030435755.1	Primary Assembly	Un			JAUDYK010003733.1	Chromosome		NW_026699750.1	unplaced-scaffold	60190			HAP1_SCAFFOLD_1703
GCA_030435755.1	Primary Assembly	Un			JAUDYK010003734.1	Chromosome		NW_026699751.1	unplaced-scaffold	38741			HAP1_SCAFFOLD_3507
GCA_030435755.1	Primary Assembly	Un			JAUDYK010003735.1	Chromosome		NW_026699752.1	unplaced-scaffold	64179			HAP1_SCAFFOLD_1524
GCA_030435755.1	Primary Assembly	Un			JAUDYK010003736.1	Chromosome		NW_026699753.1	unplaced-scaffold	56334			HAP1_SCAFFOLD_1889
GCA_030435755.1	Primary Assembly	Un			JAUDYK010003737.1	Chromosome		NW_026699754.1	unplaced-scaffold	43231			HAP1_SCAFFOLD_2953
GCA_030435755.1	Primary Assembly	Un			JAUDYK010003738.1	Chromosome		NW_026699755.1	unplaced-scaffold	32425			HAP1_SCAFFOLD_4454
GCA_030435755.1	Primary Assembly	Un			JAUDYK010003739.1	Chromosome		NW_026699756.1	unplaced-scaffold	40829			HAP1_SCAFFOLD_3244
GCA_030435755.1	Primary Assembly	Un			JAUDYK010003740.1	Chromosome		NW_026699757.1	unplaced-scaffold	24592			HAP1_SCAFFOLD_5558
GCA_030435755.1	Primary Assembly	Un			JAUDYK010003741.1	Chromosome		NW_026699758.1	unplaced-scaffold	58485			HAP1_SCAFFOLD_1775
GCA_030435755.1	Primary Assembly	Un			JAUDYK010003742.1	Chromosome		NW_026699759.1	unplaced-scaffold	80247			HAP1_SCAFFOLD_1061
GCA_030435755.1	Primary Assembly	Un			JAUDYK010003743.1	Chromosome		NW_026699760.1	unplaced-scaffold	48833			HAP1_SCAFFOLD_2435
GCA_030435755.1	Primary Assembly	Un			JAUDYK010003744.1	Chromosome		NW_026699761.1	unplaced-scaffold	67330			HAP1_SCAFFOLD_1414
GCA_030435755.1	Primary Assembly	Un			JAUDYK010003745.1	Chromosome		NW_026699762.1	unplaced-scaffold	163517			HAP1_SCAFFOLD_345
GCA_030435755.1	Primary Assembly	Un			JAUDYK010003746.1	Chromosome		NW_026699763.1	unplaced-scaffold	71961			HAP1_SCAFFOLD_1265
GCA_030435755.1	Primary Assembly	Un			JAUDYK010003747.1	Chromosome		NW_026699764.1	unplaced-scaffold	28570			HAP1_SCAFFOLD_5066
GCA_030435755.1	Primary Assembly	Un			JAUDYK010003748.1	Chromosome		NW_026699765.1	unplaced-scaffold	141694			HAP1_SCAFFOLD_424
GCA_030435755.1	Primary Assembly	Un			JAUDYK010003749.1	Chromosome		NW_026699766.1	unplaced-scaffold	44425			HAP1_SCAFFOLD_2841
GCA_030435755.1	Primary Assembly	Un			JAUDYK010003750.1	Chromosome		NW_026699767.1	unplaced-scaffold	123208			HAP1_SCAFFOLD_529
GCA_030435755.1	Primary Assembly	Un			JAUDYK010003751.1	Chromosome		NW_026699768.1	unplaced-scaffold	49784			HAP1_SCAFFOLD_2351
GCA_030435755.1	Primary Assembly	Un			JAUDYK010003752.1	Chromosome		NW_026699769.1	unplaced-scaffold	43675			HAP1_SCAFFOLD_2917
GCA_030435755.1	Primary Assembly	Un			JAUDYK010003753.1	Chromosome		NW_026699770.1	unplaced-scaffold	38098			HAP1_SCAFFOLD_3604
GCA_030435755.1	Primary Assembly	Un			JAUDYK010003754.1	Chromosome		NW_026699771.1	unplaced-scaffold	61641			HAP1_SCAFFOLD_1627
GCA_030435755.1	Primary Assembly	Un			JAUDYK010003755.1	Chromosome		NW_026699772.1	unplaced-scaffold	297641			HAP1_SCAFFOLD_172
GCA_030435755.1	Primary Assembly	Un			JAUDYK010003756.1	Chromosome		NW_026699773.1	unplaced-scaffold	44363			HAP1_SCAFFOLD_2852
GCA_030435755.1	Primary Assembly	Un			JAUDYK010003757.1	Chromosome		NW_026699774.1	unplaced-scaffold	38484			HAP1_SCAFFOLD_3538
GCA_030435755.1	Primary Assembly	Un			JAUDYK010003758.1	Chromosome		NW_026699775.1	unplaced-scaffold	53122			HAP1_SCAFFOLD_2091
GCA_030435755.1	Primary Assembly	Un			JAUDYK010003759.1	Chromosome		NW_026699776.1	unplaced-scaffold	34404			HAP1_SCAFFOLD_4149
GCA_030435755.1	Primary Assembly	Un			JAUDYK010003760.1	Chromosome		NW_026699777.1	unplaced-scaffold	95969			HAP1_SCAFFOLD_796
GCA_030435755.1	Primary Assembly	Un			JAUDYK010003761.1	Chromosome		NW_026699778.1	unplaced-scaffold	21448			HAP1_SCAFFOLD_5782
GCA_030435755.1	Primary Assembly	Un			JAUDYK010003762.1	Chromosome		NW_026699779.1	unplaced-scaffold	36730			HAP1_SCAFFOLD_3820
GCA_030435755.1	Primary Assembly	Un			JAUDYK010003763.1	Chromosome		NW_026699780.1	unplaced-scaffold	27482			HAP1_SCAFFOLD_5199
GCA_030435755.1	Primary Assembly	Un			JAUDYK010003764.1	Chromosome		NW_026699781.1	unplaced-scaffold	30806			HAP1_SCAFFOLD_4738
GCA_030435755.1	Primary Assembly	Un			JAUDYK010003765.1	Chromosome		NW_026699782.1	unplaced-scaffold	49964			HAP1_SCAFFOLD_2342
GCA_030435755.1	Primary Assembly	Un			JAUDYK010003766.1	Chromosome		NW_026699783.1	unplaced-scaffold	29839			HAP1_SCAFFOLD_4866
GCA_030435755.1	Primary Assembly	Un			JAUDYK010003767.1	Chromosome		NW_026699784.1	unplaced-scaffold	104916			HAP1_SCAFFOLD_692
GCA_030435755.1	Primary Assembly	Un			JAUDYK010003768.1	Chromosome		NW_026699785.1	unplaced-scaffold	31446			HAP1_SCAFFOLD_4623
GCA_030435755.1	Primary Assembly	Un			JAUDYK010003769.1	Chromosome		NW_026699786.1	unplaced-scaffold	46351			HAP1_SCAFFOLD_2636
GCA_030435755.1	Primary Assembly	Un			JAUDYK010003770.1	Chromosome		NW_026699787.1	unplaced-scaffold	40143			HAP1_SCAFFOLD_3327
GCA_030435755.1	Primary Assembly	Un			JAUDYK010003771.1	Chromosome		NW_026699788.1	unplaced-scaffold	71062			HAP1_SCAFFOLD_1304
GCA_030435755.1	Primary Assembly	Un			JAUDYK010003772.1	Chromosome		NW_026699789.1	unplaced-scaffold	32583			HAP1_SCAFFOLD_4429
GCA_030435755.1	Primary Assembly	Un			JAUDYK010003773.1	Chromosome		NW_026699790.1	unplaced-scaffold	94874			HAP1_SCAFFOLD_813
GCA_030435755.1	Primary Assembly	Un			JAUDYK010003774.1	Chromosome		NW_026699791.1	unplaced-scaffold	58489			HAP1_SCAFFOLD_1774
GCA_030435755.1	Primary Assembly	Un			JAUDYK010003775.1	Chromosome		NW_026699792.1	unplaced-scaffold	33175			HAP1_SCAFFOLD_4331
GCA_030435755.1	Primary Assembly	Un			JAUDYK010003776.1	Chromosome		NW_026699793.1	unplaced-scaffold	28784			HAP1_SCAFFOLD_5032
GCA_030435755.1	Primary Assembly	Un			JAUDYK010003777.1	Chromosome		NW_026699794.1	unplaced-scaffold	34803			HAP1_SCAFFOLD_4088
GCA_030435755.1	Primary Assembly	Un			JAUDYK010003778.1	Chromosome		NW_026699795.1	unplaced-scaffold	32393			HAP1_SCAFFOLD_4455
GCA_030435755.1	Primary Assembly	Un			JAUDYK010003779.1	Chromosome		NW_026699796.1	unplaced-scaffold	56031			HAP1_SCAFFOLD_1908
GCA_030435755.1	Primary Assembly	Un			JAUDYK010003780.1	Chromosome		NW_026699797.1	unplaced-scaffold	54900			HAP1_SCAFFOLD_1971
GCA_030435755.1	Primary Assembly	Un			JAUDYK010003781.1	Chromosome		NW_026699798.1	unplaced-scaffold	40825			HAP1_SCAFFOLD_3245
GCA_030435755.1	Primary Assembly	Un			JAUDYK010003782.1	Chromosome		NW_026699799.1	unplaced-scaffold	50524			HAP1_SCAFFOLD_2294
GCA_030435755.1	Primary Assembly	Un			JAUDYK010003783.1	Chromosome		NW_026699800.1	unplaced-scaffold	45222			HAP1_SCAFFOLD_2758
GCA_030435755.1	Primary Assembly	Un			JAUDYK010003784.1	Chromosome		NW_026699801.1	unplaced-scaffold	31331			HAP1_SCAFFOLD_4656
GCA_030435755.1	Primary Assembly	Un			JAUDYK010003785.1	Chromosome		NW_026699802.1	unplaced-scaffold	64175			HAP1_SCAFFOLD_1525
GCA_030435755.1	Primary Assembly	Un			JAUDYK010003786.1	Chromosome		NW_026699803.1	unplaced-scaffold	24016			HAP1_SCAFFOLD_5611
GCA_030435755.1	Primary Assembly	Un			JAUDYK010003787.1	Chromosome		NW_026699804.1	unplaced-scaffold	19040			HAP1_SCAFFOLD_5888
GCA_030435755.1	Primary Assembly	Un			JAUDYK010003788.1	Chromosome		NW_026699805.1	unplaced-scaffold	30072			HAP1_SCAFFOLD_4832
GCA_030435755.1	Primary Assembly	Un			JAUDYK010003789.1	Chromosome		NW_026699806.1	unplaced-scaffold	52177			HAP1_SCAFFOLD_2168
GCA_030435755.1	Primary Assembly	Un			JAUDYK010003790.1	Chromosome		NW_026699807.1	unplaced-scaffold	46088			HAP1_SCAFFOLD_2662
GCA_030435755.1	Primary Assembly	Un			JAUDYK010003791.1	Chromosome		NW_026699808.1	unplaced-scaffold	63406			HAP1_SCAFFOLD_1559
GCA_030435755.1	Primary Assembly	Un			JAUDYK010003792.1	Chromosome		NW_026699809.1	unplaced-scaffold	36244			HAP1_SCAFFOLD_3891
GCA_030435755.1	Primary Assembly	Un			JAUDYK010003793.1	Chromosome		NW_026699810.1	unplaced-scaffold	37372			HAP1_SCAFFOLD_3719
GCA_030435755.1	Primary Assembly	Un			JAUDYK010003794.1	Chromosome		NW_026699811.1	unplaced-scaffold	71384			HAP1_SCAFFOLD_1287
GCA_030435755.1	Primary Assembly	Un			JAUDYK010003795.1	Chromosome		NW_026699812.1	unplaced-scaffold	103556			HAP1_SCAFFOLD_707
GCA_030435755.1	Primary Assembly	Un			JAUDYK010003796.1	Chromosome		NW_026699813.1	unplaced-scaffold	71002			HAP1_SCAFFOLD_1305
GCA_030435755.1	Primary Assembly	Un			JAUDYK010003797.1	Chromosome		NW_026699814.1	unplaced-scaffold	61883			HAP1_SCAFFOLD_1616
GCA_030435755.1	Primary Assembly	Un			JAUDYK010003798.1	Chromosome		NW_026699815.1	unplaced-scaffold	42388			HAP1_SCAFFOLD_3052
GCA_030435755.1	Primary Assembly	Un			JAUDYK010003799.1	Chromosome		NW_026699816.1	unplaced-scaffold	28543			HAP1_SCAFFOLD_5070
GCA_030435755.1	Primary Assembly	Un			JAUDYK010003800.1	Chromosome		NW_026699817.1	unplaced-scaffold	38092			HAP1_SCAFFOLD_3605
GCA_030435755.1	Primary Assembly	Un			JAUDYK010003801.1	Chromosome		NW_026699818.1	unplaced-scaffold	40248			HAP1_SCAFFOLD_3316
GCA_030435755.1	Primary Assembly	Un			JAUDYK010003802.1	Chromosome		NW_026699819.1	unplaced-scaffold	32058			HAP1_SCAFFOLD_4519
GCA_030435755.1	Primary Assembly	Un			JAUDYK010003803.1	Chromosome		NW_026699820.1	unplaced-scaffold	54237			HAP1_SCAFFOLD_2020
GCA_030435755.1	Primary Assembly	Un			JAUDYK010003804.1	Chromosome		NW_026699821.1	unplaced-scaffold	33466			HAP1_SCAFFOLD_4283
GCA_030435755.1	Primary Assembly	Un			JAUDYK010003805.1	Chromosome		NW_026699822.1	unplaced-scaffold	68442			HAP1_SCAFFOLD_1373
GCA_030435755.1	Primary Assembly	Un			JAUDYK010003806.1	Chromosome		NW_026699823.1	unplaced-scaffold	42487			HAP1_SCAFFOLD_3041
GCA_030435755.1	Primary Assembly	Un			JAUDYK010003807.1	Chromosome		NW_026699824.1	unplaced-scaffold	60419			HAP1_SCAFFOLD_1692
GCA_030435755.1	Primary Assembly	Un			JAUDYK010003808.1	Chromosome		NW_026699825.1	unplaced-scaffold	74172			HAP1_SCAFFOLD_1198
GCA_030435755.1	Primary Assembly	Un			JAUDYK010003809.1	Chromosome		NW_026699826.1	unplaced-scaffold	55410			HAP1_SCAFFOLD_1937
GCA_030435755.1	Primary Assembly	Un			JAUDYK010003810.1	Chromosome		NW_026699827.1	unplaced-scaffold	39516			HAP1_SCAFFOLD_3406
GCA_030435755.1	Primary Assembly	Un			JAUDYK010003811.1	Chromosome		NW_026699828.1	unplaced-scaffold	41281			HAP1_SCAFFOLD_3186
GCA_030435755.1	Primary Assembly	Un			JAUDYK010003812.1	Chromosome		NW_026699829.1	unplaced-scaffold	67328			HAP1_SCAFFOLD_1415
GCA_030435755.1	Primary Assembly	Un			JAUDYK010003813.1	Chromosome		NW_026699830.1	unplaced-scaffold	29835			HAP1_SCAFFOLD_4870
GCA_030435755.1	Primary Assembly	Un			JAUDYK010003814.1	Chromosome		NW_026699831.1	unplaced-scaffold	29400			HAP1_SCAFFOLD_4933
GCA_030435755.1	Primary Assembly	Un			JAUDYK010003815.1	Chromosome		NW_026699832.1	unplaced-scaffold	43511			HAP1_SCAFFOLD_2926
GCA_030435755.1	Primary Assembly	Un			JAUDYK010003816.1	Chromosome		NW_026699833.1	unplaced-scaffold	48843			HAP1_SCAFFOLD_2434
GCA_030435755.1	Primary Assembly	Un			JAUDYK010003817.1	Chromosome		NW_026699834.1	unplaced-scaffold	37659			HAP1_SCAFFOLD_3673
GCA_030435755.1	Primary Assembly	Un			JAUDYK010003818.1	Chromosome		NW_026699835.1	unplaced-scaffold	106975			HAP1_SCAFFOLD_663
GCA_030435755.1	Primary Assembly	Un			JAUDYK010003819.1	Chromosome		NW_026699836.1	unplaced-scaffold	72024			HAP1_SCAFFOLD_1264
GCA_030435755.1	Primary Assembly	Un			JAUDYK010003820.1	Chromosome		NW_026699837.1	unplaced-scaffold	32920			HAP1_SCAFFOLD_4377
GCA_030435755.1	Primary Assembly	Un			JAUDYK010003821.1	Chromosome		NW_026699838.1	unplaced-scaffold	39611			HAP1_SCAFFOLD_3392
GCA_030435755.1	Primary Assembly	Un			JAUDYK010003822.1	Chromosome		NW_026699839.1	unplaced-scaffold	333211			HAP1_SCAFFOLD_157
GCA_030435755.1	Primary Assembly	Un			JAUDYK010003823.1	Chromosome		NW_026699840.1	unplaced-scaffold	46861			HAP1_SCAFFOLD_2582
GCA_030435755.1	Primary Assembly	Un			JAUDYK010003824.1	Chromosome		NW_026699841.1	unplaced-scaffold	25080			HAP1_SCAFFOLD_5505
GCA_030435755.1	Primary Assembly	Un			JAUDYK010003825.1	Chromosome		NW_026699842.1	unplaced-scaffold	55175			HAP1_SCAFFOLD_1954
GCA_030435755.1	Primary Assembly	Un			JAUDYK010003826.1	Chromosome		NW_026699843.1	unplaced-scaffold	48790			HAP1_SCAFFOLD_2440
GCA_030435755.1	Primary Assembly	Un			JAUDYK010003827.1	Chromosome		NW_026699844.1	unplaced-scaffold	75881			HAP1_SCAFFOLD_1161
GCA_030435755.1	Primary Assembly	Un			JAUDYK010003828.1	Chromosome		NW_026699845.1	unplaced-scaffold	148877			HAP1_SCAFFOLD_391
GCA_030435755.1	Primary Assembly	Un			JAUDYK010003829.1	Chromosome		NW_026699846.1	unplaced-scaffold	48590			HAP1_SCAFFOLD_2457
GCA_030435755.1	Primary Assembly	Un			JAUDYK010003830.1	Chromosome		NW_026699847.1	unplaced-scaffold	33885			HAP1_SCAFFOLD_4222
GCA_030435755.1	Primary Assembly	Un			JAUDYK010003831.1	Chromosome		NW_026699848.1	unplaced-scaffold	58913			HAP1_SCAFFOLD_1751
GCA_030435755.1	Primary Assembly	Un			JAUDYK010003832.1	Chromosome		NW_026699849.1	unplaced-scaffold	225305			HAP1_SCAFFOLD_232
GCA_030435755.1	Primary Assembly	Un			JAUDYK010003833.1	Chromosome		NW_026699850.1	unplaced-scaffold	43067			HAP1_SCAFFOLD_2978
GCA_030435755.1	Primary Assembly	Un			JAUDYK010003834.1	Chromosome		NW_026699851.1	unplaced-scaffold	36441			HAP1_SCAFFOLD_3868
GCA_030435755.1	Primary Assembly	Un			JAUDYK010003835.1	Chromosome		NW_026699852.1	unplaced-scaffold	43870			HAP1_SCAFFOLD_2901
GCA_030435755.1	Primary Assembly	Un			JAUDYK010003836.1	Chromosome		NW_026699853.1	unplaced-scaffold	37220			HAP1_SCAFFOLD_3736
GCA_030435755.1	Primary Assembly	Un			JAUDYK010003837.1	Chromosome		NW_026699854.1	unplaced-scaffold	24400			HAP1_SCAFFOLD_5573
GCA_030435755.1	Primary Assembly	Un			JAUDYK010003838.1	Chromosome		NW_026699855.1	unplaced-scaffold	61387			HAP1_SCAFFOLD_1639
GCA_030435755.1	Primary Assembly	Un			JAUDYK010003839.1	Chromosome		NW_026699856.1	unplaced-scaffold	59058			HAP1_SCAFFOLD_1742
GCA_030435755.1	Primary Assembly	Un			JAUDYK010003840.1	Chromosome		NW_026699857.1	unplaced-scaffold	17061			HAP1_SCAFFOLD_5928
GCA_030435755.1	Primary Assembly	Un			JAUDYK010003841.1	Chromosome		NW_026699858.1	unplaced-scaffold	40064			HAP1_SCAFFOLD_3339
GCA_030435755.1	Primary Assembly	Un			JAUDYK010003842.1	Chromosome		NW_026699859.1	unplaced-scaffold	122286			HAP1_SCAFFOLD_537
GCA_030435755.1	Primary Assembly	Un			JAUDYK010003843.1	Chromosome		NW_026699860.1	unplaced-scaffold	45668			HAP1_SCAFFOLD_2704
GCA_030435755.1	Primary Assembly	Un			JAUDYK010003844.1	Chromosome		NW_026699861.1	unplaced-scaffold	47672			HAP1_SCAFFOLD_2523
GCA_030435755.1	Primary Assembly	Un			JAUDYK010003845.1	Chromosome		NW_026699862.1	unplaced-scaffold	31941			HAP1_SCAFFOLD_4536
GCA_030435755.1	Primary Assembly	Un			JAUDYK010003846.1	Chromosome		NW_026699863.1	unplaced-scaffold	39379			HAP1_SCAFFOLD_3421
GCA_030435755.1	Primary Assembly	Un			JAUDYK010003847.1	Chromosome		NW_026699864.1	unplaced-scaffold	208383			HAP1_SCAFFOLD_250
GCA_030435755.1	Primary Assembly	Un			JAUDYK010003848.1	Chromosome		NW_026699865.1	unplaced-scaffold	28271			HAP1_SCAFFOLD_5099
GCA_030435755.1	Primary Assembly	Un			JAUDYK010003849.1	Chromosome		NW_026699866.1	unplaced-scaffold	89972			HAP1_SCAFFOLD_878
GCA_030435755.1	Primary Assembly	Un			JAUDYK010003850.1	Chromosome		NW_026699867.1	unplaced-scaffold	51812			HAP1_SCAFFOLD_2191
GCA_030435755.1	Primary Assembly	Un			JAUDYK010003851.1	Chromosome		NW_026699868.1	unplaced-scaffold	35038			HAP1_SCAFFOLD_4049
GCA_030435755.1	Primary Assembly	Un			JAUDYK010003852.1	Chromosome		NW_026699869.1	unplaced-scaffold	50383			HAP1_SCAFFOLD_2303
GCA_030435755.1	Primary Assembly	Un			JAUDYK010003853.1	Chromosome		NW_026699870.1	unplaced-scaffold	19926			HAP1_SCAFFOLD_5849
GCA_030435755.1	Primary Assembly	Un			JAUDYK010003854.1	Chromosome		NW_026699871.1	unplaced-scaffold	26506			HAP1_SCAFFOLD_5325
GCA_030435755.1	Primary Assembly	Un			JAUDYK010003855.1	Chromosome		NW_026699872.1	unplaced-scaffold	22018			HAP1_SCAFFOLD_5756
GCA_030435755.1	Primary Assembly	Un			JAUDYK010003856.1	Chromosome		NW_026699873.1	unplaced-scaffold	38674			HAP1_SCAFFOLD_3511
GCA_030435755.1	Primary Assembly	Un			JAUDYK010003857.1	Chromosome		NW_026699874.1	unplaced-scaffold	49065			HAP1_SCAFFOLD_2413
GCA_030435755.1	Primary Assembly	Un			JAUDYK010003858.1	Chromosome		NW_026699875.1	unplaced-scaffold	29529			HAP1_SCAFFOLD_4914
GCA_030435755.1	Primary Assembly	Un			JAUDYK010003859.1	Chromosome		NW_026699876.1	unplaced-scaffold	107779			HAP1_SCAFFOLD_655
GCA_030435755.1	Primary Assembly	Un			JAUDYK010003860.1	Chromosome		NW_026699877.1	unplaced-scaffold	26246			HAP1_SCAFFOLD_5359
GCA_030435755.1	Primary Assembly	Un			JAUDYK010003861.1	Chromosome		NW_026699878.1	unplaced-scaffold	49381			HAP1_SCAFFOLD_2375
GCA_030435755.1	Primary Assembly	Un			JAUDYK010003862.1	Chromosome		NW_026699879.1	unplaced-scaffold	44001			HAP1_SCAFFOLD_2886
GCA_030435755.1	Primary Assembly	Un			JAUDYK010003863.1	Chromosome		NW_026699880.1	unplaced-scaffold	27774			HAP1_SCAFFOLD_5166
GCA_030435755.1	Primary Assembly	Un			JAUDYK010003864.1	Chromosome		NW_026699881.1	unplaced-scaffold	29651			HAP1_SCAFFOLD_4899
GCA_030435755.1	Primary Assembly	Un			JAUDYK010003865.1	Chromosome		NW_026699882.1	unplaced-scaffold	30997			HAP1_SCAFFOLD_4711
GCA_030435755.1	Primary Assembly	Un			JAUDYK010003866.1	Chromosome		NW_026699883.1	unplaced-scaffold	42301			HAP1_SCAFFOLD_3060
GCA_030435755.1	Primary Assembly	Un			JAUDYK010003867.1	Chromosome		NW_026699884.1	unplaced-scaffold	48042			HAP1_SCAFFOLD_2498
GCA_030435755.1	Primary Assembly	Un			JAUDYK010003868.1	Chromosome		NW_026699885.1	unplaced-scaffold	54027			HAP1_SCAFFOLD_2033
GCA_030435755.1	Primary Assembly	Un			JAUDYK010003869.1	Chromosome		NW_026699886.1	unplaced-scaffold	35257			HAP1_SCAFFOLD_4026
GCA_030435755.1	Primary Assembly	Un			JAUDYK010003870.1	Chromosome		NW_026699887.1	unplaced-scaffold	64790			HAP1_SCAFFOLD_1502
GCA_030435755.1	Primary Assembly	Un			JAUDYK010003871.1	Chromosome		NW_026699888.1	unplaced-scaffold	47435			HAP1_SCAFFOLD_2544
GCA_030435755.1	Primary Assembly	Un			JAUDYK010003872.1	Chromosome		NW_026699889.1	unplaced-scaffold	52845			HAP1_SCAFFOLD_2115
GCA_030435755.1	Primary Assembly	Un			JAUDYK010003873.1	Chromosome		NW_026699890.1	unplaced-scaffold	90075			HAP1_SCAFFOLD_877
GCA_030435755.1	Primary Assembly	Un			JAUDYK010003874.1	Chromosome		NW_026699891.1	unplaced-scaffold	77197			HAP1_SCAFFOLD_1134
GCA_030435755.1	Primary Assembly	Un			JAUDYK010003875.1	Chromosome		NW_026699892.1	unplaced-scaffold	29495			HAP1_SCAFFOLD_4920
GCA_030435755.1	Primary Assembly	Un			JAUDYK010003876.1	Chromosome		NW_026699893.1	unplaced-scaffold	22261			HAP1_SCAFFOLD_5745
GCA_030435755.1	Primary Assembly	Un			JAUDYK010003877.1	Chromosome		NW_026699894.1	unplaced-scaffold	44146			HAP1_SCAFFOLD_2876
GCA_030435755.1	Primary Assembly	Un			JAUDYK010003878.1	Chromosome		NW_026699895.1	unplaced-scaffold	49341			HAP1_SCAFFOLD_2385
GCA_030435755.1	Primary Assembly	Un			JAUDYK010003879.1	Chromosome		NW_026699896.1	unplaced-scaffold	38139			HAP1_SCAFFOLD_3595
GCA_030435755.1	Primary Assembly	Un			JAUDYK010003880.1	Chromosome		NW_026699897.1	unplaced-scaffold	35723			HAP1_SCAFFOLD_3966
GCA_030435755.1	Primary Assembly	Un			JAUDYK010003881.1	Chromosome		NW_026699898.1	unplaced-scaffold	51509			HAP1_SCAFFOLD_2207
GCA_030435755.1	Primary Assembly	Un			JAUDYK010003882.1	Chromosome		NW_026699899.1	unplaced-scaffold	20423			HAP1_SCAFFOLD_5826
GCA_030435755.1	Primary Assembly	Un			JAUDYK010003883.1	Chromosome		NW_026699900.1	unplaced-scaffold	30370			HAP1_SCAFFOLD_4795
GCA_030435755.1	Primary Assembly	Un			JAUDYK010003884.1	Chromosome		NW_026699901.1	unplaced-scaffold	23407			HAP1_SCAFFOLD_5663
GCA_030435755.1	Primary Assembly	Un			JAUDYK010003885.1	Chromosome		NW_026699902.1	unplaced-scaffold	57611			HAP1_SCAFFOLD_1821
GCA_030435755.1	Primary Assembly	Un			JAUDYK010003886.1	Chromosome		NW_026699903.1	unplaced-scaffold	65968			HAP1_SCAFFOLD_1468
GCA_030435755.1	Primary Assembly	Un			JAUDYK010003887.1	Chromosome		NW_026699904.1	unplaced-scaffold	124945			HAP1_SCAFFOLD_511
GCA_030435755.1	Primary Assembly	Un			JAUDYK010003888.1	Chromosome		NW_026699905.1	unplaced-scaffold	51115			HAP1_SCAFFOLD_2238
GCA_030435755.1	Primary Assembly	Un			JAUDYK010003889.1	Chromosome		NW_026699906.1	unplaced-scaffold	46222			HAP1_SCAFFOLD_2647
GCA_030435755.1	Primary Assembly	Un			JAUDYK010003890.1	Chromosome		NW_026699907.1	unplaced-scaffold	93226			HAP1_SCAFFOLD_826
GCA_030435755.1	Primary Assembly	Un			JAUDYK010003891.1	Chromosome		NW_026699908.1	unplaced-scaffold	190783			HAP1_SCAFFOLD_274
GCA_030435755.1	Primary Assembly	Un			JAUDYK010003892.1	Chromosome		NW_026699909.1	unplaced-scaffold	42765			HAP1_SCAFFOLD_3009
GCA_030435755.1	Primary Assembly	Un			JAUDYK010003893.1	Chromosome		NW_026699910.1	unplaced-scaffold	122277			HAP1_SCAFFOLD_538
GCA_030435755.1	Primary Assembly	Un			JAUDYK010003894.1	Chromosome		NW_026699911.1	unplaced-scaffold	37972			HAP1_SCAFFOLD_3622
GCA_030435755.1	Primary Assembly	Un			JAUDYK010003895.1	Chromosome		NW_026699912.1	unplaced-scaffold	41780			HAP1_SCAFFOLD_3128
GCA_030435755.1	Primary Assembly	Un			JAUDYK010003896.1	Chromosome		NW_026699913.1	unplaced-scaffold	42920			HAP1_SCAFFOLD_2988
GCA_030435755.1	Primary Assembly	Un			JAUDYK010003897.1	Chromosome		NW_026699914.1	unplaced-scaffold	70189			HAP1_SCAFFOLD_1322
GCA_030435755.1	Primary Assembly	Un			JAUDYK010003898.1	Chromosome		NW_026699915.1	unplaced-scaffold	24297			HAP1_SCAFFOLD_5583
GCA_030435755.1	Primary Assembly	Un			JAUDYK010003899.1	Chromosome		NW_026699916.1	unplaced-scaffold	46175			HAP1_SCAFFOLD_2650
GCA_030435755.1	Primary Assembly	Un			JAUDYK010003900.1	Chromosome		NW_026699917.1	unplaced-scaffold	27352			HAP1_SCAFFOLD_5219
GCA_030435755.1	Primary Assembly	Un			JAUDYK010003901.1	Chromosome		NW_026699918.1	unplaced-scaffold	36756			HAP1_SCAFFOLD_3815
GCA_030435755.1	Primary Assembly	Un			JAUDYK010003902.1	Chromosome		NW_026699919.1	unplaced-scaffold	78161			HAP1_SCAFFOLD_1113
GCA_030435755.1	Primary Assembly	Un			JAUDYK010003903.1	Chromosome		NW_026699920.1	unplaced-scaffold	33539			HAP1_SCAFFOLD_4273
GCA_030435755.1	Primary Assembly	Un			JAUDYK010003904.1	Chromosome		NW_026699921.1	unplaced-scaffold	34622			HAP1_SCAFFOLD_4117
GCA_030435755.1	Primary Assembly	Un			JAUDYK010003905.1	Chromosome		NW_026699922.1	unplaced-scaffold	32991			HAP1_SCAFFOLD_4364
GCA_030435755.1	Primary Assembly	Un			JAUDYK010003906.1	Chromosome		NW_026699923.1	unplaced-scaffold	71707			HAP1_SCAFFOLD_1277
GCA_030435755.1	Primary Assembly	Un			JAUDYK010003907.1	Chromosome		NW_026699924.1	unplaced-scaffold	103517			HAP1_SCAFFOLD_708
GCA_030435755.1	Primary Assembly	Un			JAUDYK010003908.1	Chromosome		NW_026699925.1	unplaced-scaffold	89328			HAP1_SCAFFOLD_895
GCA_030435755.1	Primary Assembly	Un			JAUDYK010003909.1	Chromosome		NW_026699926.1	unplaced-scaffold	57938			HAP1_SCAFFOLD_1806
GCA_030435755.1	Primary Assembly	Un			JAUDYK010003910.1	Chromosome		NW_026699927.1	unplaced-scaffold	81782			HAP1_SCAFFOLD_1035
GCA_030435755.1	Primary Assembly	Un			JAUDYK010003911.1	Chromosome		NW_026699928.1	unplaced-scaffold	27198			HAP1_SCAFFOLD_5236
GCA_030435755.1	Primary Assembly	Un			JAUDYK010003912.1	Chromosome		NW_026699929.1	unplaced-scaffold	54306			HAP1_SCAFFOLD_2014
GCA_030435755.1	Primary Assembly	Un			JAUDYK010003913.1	Chromosome		NW_026699930.1	unplaced-scaffold	28402			HAP1_SCAFFOLD_5080
GCA_030435755.1	Primary Assembly	Un			JAUDYK010003914.1	Chromosome		NW_026699931.1	unplaced-scaffold	29785			HAP1_SCAFFOLD_4880
GCA_030435755.1	Primary Assembly	Un			JAUDYK010003915.1	Chromosome		NW_026699932.1	unplaced-scaffold	34015			HAP1_SCAFFOLD_4205
GCA_030435755.1	Primary Assembly	Un			JAUDYK010003916.1	Chromosome		NW_026699933.1	unplaced-scaffold	43278			HAP1_SCAFFOLD_2949
GCA_030435755.1	Primary Assembly	Un			JAUDYK010003917.1	Chromosome		NW_026699934.1	unplaced-scaffold	37602			HAP1_SCAFFOLD_3683
GCA_030435755.1	Primary Assembly	Un			JAUDYK010003918.1	Chromosome		NW_026699935.1	unplaced-scaffold	332742			HAP1_SCAFFOLD_158
GCA_030435755.1	Primary Assembly	Un			JAUDYK010003919.1	Chromosome		NW_026699936.1	unplaced-scaffold	47002			HAP1_SCAFFOLD_2572
GCA_030435755.1	Primary Assembly	Un			JAUDYK010003920.1	Chromosome		NW_026699937.1	unplaced-scaffold	32855			HAP1_SCAFFOLD_4387
GCA_030435755.1	Primary Assembly	Un			JAUDYK010003921.1	Chromosome		NW_026699938.1	unplaced-scaffold	68148			HAP1_SCAFFOLD_1383
GCA_030435755.1	Primary Assembly	Un			JAUDYK010003922.1	Chromosome		NW_026699939.1	unplaced-scaffold	65011			HAP1_SCAFFOLD_1491
GCA_030435755.1	Primary Assembly	Un			JAUDYK010003923.1	Chromosome		NW_026699940.1	unplaced-scaffold	44805			HAP1_SCAFFOLD_2797
GCA_030435755.1	Primary Assembly	Un			JAUDYK010003924.1	Chromosome		NW_026699941.1	unplaced-scaffold	193870			HAP1_SCAFFOLD_269
GCA_030435755.1	Primary Assembly	Un			JAUDYK010003925.1	Chromosome		NW_026699942.1	unplaced-scaffold	24950			HAP1_SCAFFOLD_5522
GCA_030435755.1	Primary Assembly	Un			JAUDYK010003926.1	Chromosome		NW_026699943.1	unplaced-scaffold	41364			HAP1_SCAFFOLD_3176
GCA_030435755.1	Primary Assembly	Un			JAUDYK010003927.1	Chromosome		NW_026699944.1	unplaced-scaffold	25171			HAP1_SCAFFOLD_5496
GCA_030435755.1	Primary Assembly	Un			JAUDYK010003928.1	Chromosome		NW_026699945.1	unplaced-scaffold	54775			HAP1_SCAFFOLD_1981
GCA_030435755.1	Primary Assembly	Un			JAUDYK010003929.1	Chromosome		NW_026699946.1	unplaced-scaffold	32466			HAP1_SCAFFOLD_4446
GCA_030435755.1	Primary Assembly	Un			JAUDYK010003930.1	Chromosome		NW_026699947.1	unplaced-scaffold	58352			HAP1_SCAFFOLD_1784
GCA_030435755.1	Primary Assembly	Un			JAUDYK010003931.1	Chromosome		NW_026699948.1	unplaced-scaffold	34866			HAP1_SCAFFOLD_4078
GCA_030435755.1	Primary Assembly	Un			JAUDYK010003932.1	Chromosome		NW_026699949.1	unplaced-scaffold	26678			HAP1_SCAFFOLD_5302
GCA_030435755.1	Primary Assembly	Un			JAUDYK010003933.1	Chromosome		NW_026699950.1	unplaced-scaffold	35441			HAP1_SCAFFOLD_4001
GCA_030435755.1	Primary Assembly	Un			JAUDYK010003934.1	Chromosome		NW_026699951.1	unplaced-scaffold	40712			HAP1_SCAFFOLD_3256
GCA_030435755.1	Primary Assembly	Un			JAUDYK010003935.1	Chromosome		NW_026699952.1	unplaced-scaffold	25758			HAP1_SCAFFOLD_5412
GCA_030435755.1	Primary Assembly	Un			JAUDYK010003936.1	Chromosome		NW_026699953.1	unplaced-scaffold	73101			HAP1_SCAFFOLD_1231
GCA_030435755.1	Primary Assembly	Un			JAUDYK010003937.1	Chromosome		NW_026699954.1	unplaced-scaffold	21000			HAP1_SCAFFOLD_5801
GCA_030435755.1	Primary Assembly	Un			JAUDYK010003938.1	Chromosome		NW_026699955.1	unplaced-scaffold	19229			HAP1_SCAFFOLD_5878
GCA_030435755.1	Primary Assembly	Un			JAUDYK010003939.1	Chromosome		NW_026699956.1	unplaced-scaffold	58638			HAP1_SCAFFOLD_1767
GCA_030435755.1	Primary Assembly	Un			JAUDYK010003940.1	Chromosome		NW_026699957.1	unplaced-scaffold	47546			HAP1_SCAFFOLD_2530
GCA_030435755.1	Primary Assembly	Un			JAUDYK010003941.1	Chromosome		NW_026699958.1	unplaced-scaffold	31384			HAP1_SCAFFOLD_4645
GCA_030435755.1	Primary Assembly	Un			JAUDYK010003942.1	Chromosome		NW_026699959.1	unplaced-scaffold	309455			HAP1_SCAFFOLD_166
GCA_030435755.1	Primary Assembly	Un			JAUDYK010003943.1	Chromosome		NW_026699960.1	unplaced-scaffold	34389			HAP1_SCAFFOLD_4153
GCA_030435755.1	Primary Assembly	Un			JAUDYK010003944.1	Chromosome		NW_026699961.1	unplaced-scaffold	38350			HAP1_SCAFFOLD_3563
GCA_030435755.1	Primary Assembly	Un			JAUDYK010003945.1	Chromosome		NW_026699962.1	unplaced-scaffold	48542			HAP1_SCAFFOLD_2461
GCA_030435755.1	Primary Assembly	Un			JAUDYK010003946.1	Chromosome		NW_026699963.1	unplaced-scaffold	76951			HAP1_SCAFFOLD_1140
GCA_030435755.1	Primary Assembly	Un			JAUDYK010003947.1	Chromosome		NW_026699964.1	unplaced-scaffold	166464			HAP1_SCAFFOLD_336
GCA_030435755.1	Primary Assembly	Un			JAUDYK010003948.1	Chromosome		NW_026699965.1	unplaced-scaffold	44579			HAP1_SCAFFOLD_2828
GCA_030435755.1	Primary Assembly	Un			JAUDYK010003949.1	Chromosome		NW_026699966.1	unplaced-scaffold	76192			HAP1_SCAFFOLD_1157
GCA_030435755.1	Primary Assembly	Un			JAUDYK010003950.1	Chromosome		NW_026699967.1	unplaced-scaffold	30664			HAP1_SCAFFOLD_4763
GCA_030435755.1	Primary Assembly	Un			JAUDYK010003951.1	Chromosome		NW_026699968.1	unplaced-scaffold	23012			HAP1_SCAFFOLD_5695
GCA_030435755.1	Primary Assembly	Un			JAUDYK010003952.1	Chromosome		NW_026699969.1	unplaced-scaffold	67067			HAP1_SCAFFOLD_1420
GCA_030435755.1	Primary Assembly	Un			JAUDYK010003953.1	Chromosome		NW_026699970.1	unplaced-scaffold	40965			HAP1_SCAFFOLD_3223
GCA_030435755.1	Primary Assembly	Un			JAUDYK010003954.1	Chromosome		NW_026699971.1	unplaced-scaffold	34026			HAP1_SCAFFOLD_4204
GCA_030435755.1	Primary Assembly	Un			JAUDYK010003955.1	Chromosome		NW_026699972.1	unplaced-scaffold	21661			HAP1_SCAFFOLD_5772
GCA_030435755.1	Primary Assembly	Un			JAUDYK010003956.1	Chromosome		NW_026699973.1	unplaced-scaffold	37119			HAP1_SCAFFOLD_3750
GCA_030435755.1	Primary Assembly	Un			JAUDYK010003957.1	Chromosome		NW_026699974.1	unplaced-scaffold	32985			HAP1_SCAFFOLD_4365
GCA_030435755.1	Primary Assembly	Un			JAUDYK010003958.1	Chromosome		NW_026699975.1	unplaced-scaffold	31849			HAP1_SCAFFOLD_4547
GCA_030435755.1	Primary Assembly	Un			JAUDYK010003959.1	Chromosome		NW_026699976.1	unplaced-scaffold	394653			HAP1_SCAFFOLD_134
GCA_030435755.1	Primary Assembly	Un			JAUDYK010003960.1	Chromosome		NW_026699977.1	unplaced-scaffold	54298			HAP1_SCAFFOLD_2015
GCA_030435755.1	Primary Assembly	Un			JAUDYK010003961.1	Chromosome		NW_026699978.1	unplaced-scaffold	35467			HAP1_SCAFFOLD_3999
GCA_030435755.1	Primary Assembly	Un			JAUDYK010003962.1	Chromosome		NW_026699979.1	unplaced-scaffold	81798			HAP1_SCAFFOLD_1034
GCA_030435755.1	Primary Assembly	Un			JAUDYK010003963.1	Chromosome		NW_026699980.1	unplaced-scaffold	45541			HAP1_SCAFFOLD_2722
GCA_030435755.1	Primary Assembly	Un			JAUDYK010003964.1	Chromosome		NW_026699981.1	unplaced-scaffold	268332			HAP1_SCAFFOLD_185
GCA_030435755.1	Primary Assembly	Un			JAUDYK010003965.1	Chromosome		NW_026699982.1	unplaced-scaffold	36757			HAP1_SCAFFOLD_3814
GCA_030435755.1	Primary Assembly	Un			JAUDYK010003966.1	Chromosome		NW_026699983.1	unplaced-scaffold	31827			HAP1_SCAFFOLD_4550
GCA_030435755.1	Primary Assembly	Un			JAUDYK010003967.1	Chromosome		NW_026699984.1	unplaced-scaffold	41533			HAP1_SCAFFOLD_3160
GCA_030435755.1	Primary Assembly	Un			JAUDYK010003968.1	Chromosome		NW_026699985.1	unplaced-scaffold	63844			HAP1_SCAFFOLD_1543
GCA_030435755.1	Primary Assembly	Un			JAUDYK010003969.1	Chromosome		NW_026699986.1	unplaced-scaffold	24171			HAP1_SCAFFOLD_5597
GCA_030435755.1	Primary Assembly	Un			JAUDYK010003970.1	Chromosome		NW_026699987.1	unplaced-scaffold	158177			HAP1_SCAFFOLD_364
GCA_030435755.1	Primary Assembly	Un			JAUDYK010003971.1	Chromosome		NW_026699988.1	unplaced-scaffold	34556			HAP1_SCAFFOLD_4126
GCA_030435755.1	Primary Assembly	Un			JAUDYK010003972.1	Chromosome		NW_026699989.1	unplaced-scaffold	52708			HAP1_SCAFFOLD_2133
GCA_030435755.1	Primary Assembly	Un			JAUDYK010003973.1	Chromosome		NW_026699990.1	unplaced-scaffold	37146			HAP1_SCAFFOLD_3747
GCA_030435755.1	Primary Assembly	Un			JAUDYK010003974.1	Chromosome		NW_026699991.1	unplaced-scaffold	23017			HAP1_SCAFFOLD_5694
GCA_030435755.1	Primary Assembly	Un			JAUDYK010003975.1	Chromosome		NW_026699992.1	unplaced-scaffold	38874			HAP1_SCAFFOLD_3489
GCA_030435755.1	Primary Assembly	Un			JAUDYK010003976.1	Chromosome		NW_026699993.1	unplaced-scaffold	41913			HAP1_SCAFFOLD_3109
GCA_030435755.1	Primary Assembly	Un			JAUDYK010003977.1	Chromosome		NW_026699994.1	unplaced-scaffold	130208			HAP1_SCAFFOLD_481
GCA_030435755.1	Primary Assembly	Un			JAUDYK010003978.1	Chromosome		NW_026699995.1	unplaced-scaffold	51440			HAP1_SCAFFOLD_2211
GCA_030435755.1	Primary Assembly	Un			JAUDYK010003979.1	Chromosome		NW_026699996.1	unplaced-scaffold	42601			HAP1_SCAFFOLD_3028
GCA_030435755.1	Primary Assembly	Un			JAUDYK010003980.1	Chromosome		NW_026699997.1	unplaced-scaffold	64502			HAP1_SCAFFOLD_1510
GCA_030435755.1	Primary Assembly	Un			JAUDYK010003981.1	Chromosome		NW_026699998.1	unplaced-scaffold	26978			HAP1_SCAFFOLD_5262
GCA_030435755.1	Primary Assembly	Un			JAUDYK010003982.1	Chromosome		NW_026699999.1	unplaced-scaffold	31386			HAP1_SCAFFOLD_4644
GCA_030435755.1	Primary Assembly	Un			JAUDYK010003983.1	Chromosome		NW_026700000.1	unplaced-scaffold	58344			HAP1_SCAFFOLD_1785
GCA_030435755.1	Primary Assembly	Un			JAUDYK010003984.1	Chromosome		NW_026700001.1	unplaced-scaffold	22417			HAP1_SCAFFOLD_5730
GCA_030435755.1	Primary Assembly	Un			JAUDYK010003985.1	Chromosome		NW_026700002.1	unplaced-scaffold	125916			HAP1_SCAFFOLD_501
GCA_030435755.1	Primary Assembly	Un			JAUDYK010003986.1	Chromosome		NW_026700003.1	unplaced-scaffold	97741			HAP1_SCAFFOLD_773
GCA_030435755.1	Primary Assembly	Un			JAUDYK010003987.1	Chromosome		NW_026700004.1	unplaced-scaffold	56554			HAP1_SCAFFOLD_1879
GCA_030435755.1	Primary Assembly	Un			JAUDYK010003988.1	Chromosome		NW_026700005.1	unplaced-scaffold	172862			HAP1_SCAFFOLD_320
GCA_030435755.1	Primary Assembly	Un			JAUDYK010003989.1	Chromosome		NW_026700006.1	unplaced-scaffold	29214			HAP1_SCAFFOLD_4968
GCA_030435755.1	Primary Assembly	Un			JAUDYK010003990.1	Chromosome		NW_026700007.1	unplaced-scaffold	91348			HAP1_SCAFFOLD_852
GCA_030435755.1	Primary Assembly	Un			JAUDYK010003991.1	Chromosome		NW_026700008.1	unplaced-scaffold	39145			HAP1_SCAFFOLD_3448
GCA_030435755.1	Primary Assembly	Un			JAUDYK010003992.1	Chromosome		NW_026700009.1	unplaced-scaffold	30371			HAP1_SCAFFOLD_4794
GCA_030435755.1	Primary Assembly	Un			JAUDYK010003993.1	Chromosome		NW_026700010.1	unplaced-scaffold	33660			HAP1_SCAFFOLD_4258
GCA_030435755.1	Primary Assembly	Un			JAUDYK010003994.1	Chromosome		NW_026700011.1	unplaced-scaffold	42185			HAP1_SCAFFOLD_3076
GCA_030435755.1	Primary Assembly	Un			JAUDYK010003995.1	Chromosome		NW_026700012.1	unplaced-scaffold	15543			HAP1_SCAFFOLD_5941
GCA_030435755.1	Primary Assembly	Un			JAUDYK010003996.1	Chromosome		NW_026700013.1	unplaced-scaffold	26611			HAP1_SCAFFOLD_5310
GCA_030435755.1	Primary Assembly	Un			JAUDYK010003997.1	Chromosome		NW_026700014.1	unplaced-scaffold	29089			HAP1_SCAFFOLD_4991
GCA_030435755.1	Primary Assembly	Un			JAUDYK010003998.1	Chromosome		NW_026700015.1	unplaced-scaffold	38142			HAP1_SCAFFOLD_3594
GCA_030435755.1	Primary Assembly	Un			JAUDYK010003999.1	Chromosome		NW_026700016.1	unplaced-scaffold	49342			HAP1_SCAFFOLD_2384
GCA_030435755.1	Primary Assembly	Un			JAUDYK010004000.1	Chromosome		NW_026700017.1	unplaced-scaffold	22261			HAP1_SCAFFOLD_5744
GCA_030435755.1	Primary Assembly	Un			JAUDYK010004001.1	Chromosome		NW_026700018.1	unplaced-scaffold	100432			HAP1_SCAFFOLD_731
GCA_030435755.1	Primary Assembly	Un			JAUDYK010004002.1	Chromosome		NW_026700019.1	unplaced-scaffold	20681			HAP1_SCAFFOLD_5817
GCA_030435755.1	Primary Assembly	Un			JAUDYK010004003.1	Chromosome		NW_026700020.1	unplaced-scaffold	35306			HAP1_SCAFFOLD_4017
GCA_030435755.1	Primary Assembly	Un			JAUDYK010004004.1	Chromosome		NW_026700021.1	unplaced-scaffold	99859			HAP1_SCAFFOLD_740
GCA_030435755.1	Primary Assembly	Un			JAUDYK010004005.1	Chromosome		NW_026700022.1	unplaced-scaffold	44300			HAP1_SCAFFOLD_2860
GCA_030435755.1	Primary Assembly	Un			JAUDYK010004006.1	Chromosome		NW_026700023.1	unplaced-scaffold	35711			HAP1_SCAFFOLD_3970
GCA_030435755.1	Primary Assembly	Un			JAUDYK010004007.1	Chromosome		NW_026700024.1	unplaced-scaffold	105463			HAP1_SCAFFOLD_687
GCA_030435755.1	Primary Assembly	Un			JAUDYK010004008.1	Chromosome		NW_026700025.1	unplaced-scaffold	36671			HAP1_SCAFFOLD_3833
GCA_030435755.1	Primary Assembly	Un			JAUDYK010004009.1	Chromosome		NW_026700026.1	unplaced-scaffold	102077			HAP1_SCAFFOLD_718
GCA_030435755.1	Primary Assembly	Un			JAUDYK010004010.1	Chromosome		NW_026700027.1	unplaced-scaffold	77153			HAP1_SCAFFOLD_1135
GCA_030435755.1	Primary Assembly	Un			JAUDYK010004011.1	Chromosome		NW_026700028.1	unplaced-scaffold	25856			HAP1_SCAFFOLD_5400
GCA_030435755.1	Primary Assembly	Un			JAUDYK010004012.1	Chromosome		NW_026700029.1	unplaced-scaffold	87796			HAP1_SCAFFOLD_924
GCA_030435755.1	Primary Assembly	Un			JAUDYK010004013.1	Chromosome		NW_026700030.1	unplaced-scaffold	31425			HAP1_SCAFFOLD_4630
GCA_030435755.1	Primary Assembly	Un			JAUDYK010004014.1	Chromosome		NW_026700031.1	unplaced-scaffold	52860			HAP1_SCAFFOLD_2114
GCA_030435755.1	Primary Assembly	Un			JAUDYK010004015.1	Chromosome		NW_026700032.1	unplaced-scaffold	47406			HAP1_SCAFFOLD_2545
GCA_030435755.1	Primary Assembly	Un			JAUDYK010004016.1	Chromosome		NW_026700033.1	unplaced-scaffold	49540			HAP1_SCAFFOLD_2367
GCA_030435755.1	Primary Assembly	Un			JAUDYK010004017.1	Chromosome		NW_026700034.1	unplaced-scaffold	27629			HAP1_SCAFFOLD_5180
GCA_030435755.1	Primary Assembly	Un			JAUDYK010004018.1	Chromosome		NW_026700035.1	unplaced-scaffold	82615			HAP1_SCAFFOLD_1013
GCA_030435755.1	Primary Assembly	Un			JAUDYK010004019.1	Chromosome		NW_026700036.1	unplaced-scaffold	80673			HAP1_SCAFFOLD_1057
GCA_030435755.1	Primary Assembly	Un			JAUDYK010004020.1	Chromosome		NW_026700037.1	unplaced-scaffold	25380			HAP1_SCAFFOLD_5469
GCA_030435755.1	Primary Assembly	Un			JAUDYK010004021.1	Chromosome		NW_026700038.1	unplaced-scaffold	40516			HAP1_SCAFFOLD_3282
GCA_030435755.1	Primary Assembly	Un			JAUDYK010004022.1	Chromosome		NW_026700039.1	unplaced-scaffold	44723			HAP1_SCAFFOLD_2809
GCA_030435755.1	Primary Assembly	Un			JAUDYK010004023.1	Chromosome		NW_026700040.1	unplaced-scaffold	92284			HAP1_SCAFFOLD_841
GCA_030435755.1	Primary Assembly	Un			JAUDYK010004024.1	Chromosome		NW_026700041.1	unplaced-scaffold	81546			HAP1_SCAFFOLD_1040
GCA_030435755.1	Primary Assembly	Un			JAUDYK010004025.1	Chromosome		NW_026700042.1	unplaced-scaffold	35021			HAP1_SCAFFOLD_4053
GCA_030435755.1	Primary Assembly	Un			JAUDYK010004026.1	Chromosome		NW_026700043.1	unplaced-scaffold	19876			HAP1_SCAFFOLD_5853
GCA_030435755.1	Primary Assembly	Un			JAUDYK010004027.1	Chromosome		NW_026700044.1	unplaced-scaffold	92880			HAP1_SCAFFOLD_830
GCA_030435755.1	Primary Assembly	Un			JAUDYK010004028.1	Chromosome		NW_026700045.1	unplaced-scaffold	85880			HAP1_SCAFFOLD_960
GCA_030435755.1	Primary Assembly	Un			JAUDYK010004029.1	Chromosome		NW_026700046.1	unplaced-scaffold	35970			HAP1_SCAFFOLD_3932
GCA_030435755.1	Primary Assembly	Un			JAUDYK010004030.1	Chromosome		NW_026700047.1	unplaced-scaffold	34728			HAP1_SCAFFOLD_4101
GCA_030435755.1	Primary Assembly	Un			JAUDYK010004031.1	Chromosome		NW_026700048.1	unplaced-scaffold	155102			HAP1_SCAFFOLD_379
GCA_030435755.1	Primary Assembly	Un			JAUDYK010004032.1	Chromosome		NW_026700049.1	unplaced-scaffold	31219			HAP1_SCAFFOLD_4672
GCA_030435755.1	Primary Assembly	Un			JAUDYK010004033.1	Chromosome		NW_026700050.1	unplaced-scaffold	73547			HAP1_SCAFFOLD_1218
GCA_030435755.1	Primary Assembly	Un			JAUDYK010004034.1	Chromosome		NW_026700051.1	unplaced-scaffold	34196			HAP1_SCAFFOLD_4178
GCA_030435755.1	Primary Assembly	Un			JAUDYK010004035.1	Chromosome		NW_026700052.1	unplaced-scaffold	37515			HAP1_SCAFFOLD_3697
GCA_030435755.1	Primary Assembly	Un			JAUDYK010004036.1	Chromosome		NW_026700053.1	unplaced-scaffold	119118			HAP1_SCAFFOLD_554
GCA_030435755.1	Primary Assembly	Un			JAUDYK010004037.1	Chromosome		NW_026700054.1	unplaced-scaffold	32249			HAP1_SCAFFOLD_4481
GCA_030435755.1	Primary Assembly	Un			JAUDYK010004038.1	Chromosome		NW_026700055.1	unplaced-scaffold	32812			HAP1_SCAFFOLD_4393
GCA_030435755.1	Primary Assembly	Un			JAUDYK010004039.1	Chromosome		NW_026700056.1	unplaced-scaffold	67797			HAP1_SCAFFOLD_1397
GCA_030435755.1	Primary Assembly	Un			JAUDYK010004040.1	Chromosome		NW_026700057.1	unplaced-scaffold	55288			HAP1_SCAFFOLD_1946
GCA_030435755.1	Primary Assembly	Un			JAUDYK010004041.1	Chromosome		NW_026700058.1	unplaced-scaffold	26348			HAP1_SCAFFOLD_5343
GCA_030435755.1	Primary Assembly	Un			JAUDYK010004042.1	Chromosome		NW_026700059.1	unplaced-scaffold	134144			HAP1_SCAFFOLD_459
GCA_030435755.1	Primary Assembly	Un			JAUDYK010004043.1	Chromosome		NW_026700060.1	unplaced-scaffold	44934			HAP1_SCAFFOLD_2783
GCA_030435755.1	Primary Assembly	Un			JAUDYK010004044.1	Chromosome		NW_026700061.1	unplaced-scaffold	56279			HAP1_SCAFFOLD_1890
GCA_030435755.1	Primary Assembly	Un			JAUDYK010004045.1	Chromosome		NW_026700062.1	unplaced-scaffold	36719			HAP1_SCAFFOLD_3821
GCA_030435755.1	Primary Assembly	Un			JAUDYK010004046.1	Chromosome		NW_026700063.1	unplaced-scaffold	21849			HAP1_SCAFFOLD_5764
GCA_030435755.1	Primary Assembly	Un			JAUDYK010004047.1	Chromosome		NW_026700064.1	unplaced-scaffold	27897			HAP1_SCAFFOLD_5154
GCA_030435755.1	Primary Assembly	Un			JAUDYK010004048.1	Chromosome		NW_026700065.1	unplaced-scaffold	33793			HAP1_SCAFFOLD_4239
GCA_030435755.1	Primary Assembly	Un			JAUDYK010004049.1	Chromosome		NW_026700066.1	unplaced-scaffold	39009			HAP1_SCAFFOLD_3468
GCA_030435755.1	Primary Assembly	Un			JAUDYK010004050.1	Chromosome		NW_026700067.1	unplaced-scaffold	43723			HAP1_SCAFFOLD_2912
GCA_030435755.1	Primary Assembly	Un			JAUDYK010004051.1	Chromosome		NW_026700068.1	unplaced-scaffold	53157			HAP1_SCAFFOLD_2090
GCA_030435755.1	Primary Assembly	Un			JAUDYK010004052.1	Chromosome		NW_026700069.1	unplaced-scaffold	77458			HAP1_SCAFFOLD_1128
GCA_030435755.1	Primary Assembly	Un			JAUDYK010004053.1	Chromosome		NW_026700070.1	unplaced-scaffold	61785			HAP1_SCAFFOLD_1622
GCA_030435755.1	Primary Assembly	Un			JAUDYK010004054.1	Chromosome		NW_026700071.1	unplaced-scaffold	44321			HAP1_SCAFFOLD_2857
GCA_030435755.1	Primary Assembly	Un			JAUDYK010004055.1	Chromosome		NW_026700072.1	unplaced-scaffold	49787			HAP1_SCAFFOLD_2350
GCA_030435755.1	Primary Assembly	Un			JAUDYK010004056.1	Chromosome		NW_026700073.1	unplaced-scaffold	82812			HAP1_SCAFFOLD_1009
GCA_030435755.1	Primary Assembly	Un			JAUDYK010004057.1	Chromosome		NW_026700074.1	unplaced-scaffold	42873			HAP1_SCAFFOLD_2996
GCA_030435755.1	Primary Assembly	Un			JAUDYK010004058.1	Chromosome		NW_026700075.1	unplaced-scaffold	47066			HAP1_SCAFFOLD_2565
GCA_030435755.1	Primary Assembly	Un			JAUDYK010004059.1	Chromosome		NW_026700076.1	unplaced-scaffold	49860			HAP1_SCAFFOLD_2347
GCA_030435755.1	Primary Assembly	Un			JAUDYK010004060.1	Chromosome		NW_026700077.1	unplaced-scaffold	21355			HAP1_SCAFFOLD_5787
GCA_030435755.1	Primary Assembly	Un			JAUDYK010004061.1	Chromosome		NW_026700078.1	unplaced-scaffold	145326			HAP1_SCAFFOLD_413
GCA_030435755.1	Primary Assembly	Un			JAUDYK010004062.1	Chromosome		NW_026700079.1	unplaced-scaffold	87689			HAP1_SCAFFOLD_926
GCA_030435755.1	Primary Assembly	Un			JAUDYK010004063.1	Chromosome		NW_026700080.1	unplaced-scaffold	117477			HAP1_SCAFFOLD_568
GCA_030435755.1	Primary Assembly	Un			JAUDYK010004064.1	Chromosome		NW_026700081.1	unplaced-scaffold	29102			HAP1_SCAFFOLD_4989
GCA_030435755.1	Primary Assembly	Un			JAUDYK010004065.1	Chromosome		NW_026700082.1	unplaced-scaffold	40200			HAP1_SCAFFOLD_3322
GCA_030435755.1	Primary Assembly	Un			JAUDYK010004066.1	Chromosome		NW_026700083.1	unplaced-scaffold	44431			HAP1_SCAFFOLD_2840
GCA_030435755.1	Primary Assembly	Un			JAUDYK010004067.1	Chromosome		NW_026700084.1	unplaced-scaffold	31034			HAP1_SCAFFOLD_4702
GCA_030435755.1	Primary Assembly	Un			JAUDYK010004068.1	Chromosome		NW_026700085.1	unplaced-scaffold	80519			HAP1_SCAFFOLD_1060
GCA_030435755.1	Primary Assembly	Un			JAUDYK010004069.1	Chromosome		NW_026700086.1	unplaced-scaffold	32177			HAP1_SCAFFOLD_4499
GCA_030435755.1	Primary Assembly	Un			JAUDYK010004070.1	Chromosome		NW_026700087.1	unplaced-scaffold	52924			HAP1_SCAFFOLD_2106
GCA_030435755.1	Primary Assembly	Un			JAUDYK010004071.1	Chromosome		NW_026700088.1	unplaced-scaffold	48214			HAP1_SCAFFOLD_2486
GCA_030435755.1	Primary Assembly	Un			JAUDYK010004072.1	Chromosome		NW_026700089.1	unplaced-scaffold	84889			HAP1_SCAFFOLD_977
GCA_030435755.1	Primary Assembly	Un			JAUDYK010004073.1	Chromosome		NW_026700090.1	unplaced-scaffold	41694			HAP1_SCAFFOLD_3134
GCA_030435755.1	Primary Assembly	Un			JAUDYK010004074.1	Chromosome		NW_026700091.1	unplaced-scaffold	38769			HAP1_SCAFFOLD_3502
GCA_030435755.1	Primary Assembly	Un			JAUDYK010004075.1	Chromosome		NW_026700092.1	unplaced-scaffold	25517			HAP1_SCAFFOLD_5449
GCA_030435755.1	Primary Assembly	Un			JAUDYK010004076.1	Chromosome		NW_026700093.1	unplaced-scaffold	44693			HAP1_SCAFFOLD_2813
GCA_030435755.1	Primary Assembly	Un			JAUDYK010004077.1	Chromosome		NW_026700094.1	unplaced-scaffold	51326			HAP1_SCAFFOLD_2224
GCA_030435755.1	Primary Assembly	Un			JAUDYK010004078.1	Chromosome		NW_026700095.1	unplaced-scaffold	55021			HAP1_SCAFFOLD_1966
GCA_030435755.1	Primary Assembly	Un			JAUDYK010004079.1	Chromosome		NW_026700096.1	unplaced-scaffold	62334			HAP1_SCAFFOLD_1595
GCA_030435755.1	Primary Assembly	Un			JAUDYK010004080.1	Chromosome		NW_026700097.1	unplaced-scaffold	26219			HAP1_SCAFFOLD_5363
GCA_030435755.1	Primary Assembly	Un			JAUDYK010004081.1	Chromosome		NW_026700098.1	unplaced-scaffold	118724			HAP1_SCAFFOLD_556
GCA_030435755.1	Primary Assembly	Un			JAUDYK010004082.1	Chromosome		NW_026700099.1	unplaced-scaffold	26908			HAP1_SCAFFOLD_5274
GCA_030435755.1	Primary Assembly	Un			JAUDYK010004083.1	Chromosome		NW_026700100.1	unplaced-scaffold	45850			HAP1_SCAFFOLD_2685
GCA_030435755.1	Primary Assembly	Un			JAUDYK010004084.1	Chromosome		NW_026700101.1	unplaced-scaffold	35579			HAP1_SCAFFOLD_3981
GCA_030435755.1	Primary Assembly	Un			JAUDYK010004085.1	Chromosome		NW_026700102.1	unplaced-scaffold	28799			HAP1_SCAFFOLD_5029
GCA_030435755.1	Primary Assembly	Un			JAUDYK010004086.1	Chromosome		NW_026700103.1	unplaced-scaffold	31637			HAP1_SCAFFOLD_4584
GCA_030435755.1	Primary Assembly	Un			JAUDYK010004087.1	Chromosome		NW_026700104.1	unplaced-scaffold	27738			HAP1_SCAFFOLD_5171
GCA_030435755.1	Primary Assembly	Un			JAUDYK010004088.1	Chromosome		NW_026700105.1	unplaced-scaffold	28209			HAP1_SCAFFOLD_5108
GCA_030435755.1	Primary Assembly	Un			JAUDYK010004089.1	Chromosome		NW_026700106.1	unplaced-scaffold	24092			HAP1_SCAFFOLD_5602
GCA_030435755.1	Primary Assembly	Un			JAUDYK010004090.1	Chromosome		NW_026700107.1	unplaced-scaffold	25220			HAP1_SCAFFOLD_5488
GCA_030435755.1	Primary Assembly	Un			JAUDYK010004091.1	Chromosome		NW_026700108.1	unplaced-scaffold	32569			HAP1_SCAFFOLD_4432
GCA_030435755.1	Primary Assembly	Un			JAUDYK010004092.1	Chromosome		NW_026700109.1	unplaced-scaffold	53299			HAP1_SCAFFOLD_2079
GCA_030435755.1	Primary Assembly	Un			JAUDYK010004093.1	Chromosome		NW_026700110.1	unplaced-scaffold	72195			HAP1_SCAFFOLD_1256
GCA_030435755.1	Primary Assembly	Un			JAUDYK010004094.1	Chromosome		NW_026700111.1	unplaced-scaffold	28643			HAP1_SCAFFOLD_5055
GCA_030435755.1	Primary Assembly	Un			JAUDYK010004095.1	Chromosome		NW_026700112.1	unplaced-scaffold	36933			HAP1_SCAFFOLD_3784
GCA_030435755.1	Primary Assembly	Un			JAUDYK010004096.1	Chromosome		NW_026700113.1	unplaced-scaffold	52828			HAP1_SCAFFOLD_2121
GCA_030435755.1	Primary Assembly	Un			JAUDYK010004097.1	Chromosome		NW_026700114.1	unplaced-scaffold	157212			HAP1_SCAFFOLD_366
GCA_030435755.1	Primary Assembly	Un			JAUDYK010004098.1	Chromosome		NW_026700115.1	unplaced-scaffold	37024			HAP1_SCAFFOLD_3767
GCA_030435755.1	Primary Assembly	Un			JAUDYK010004099.1	Chromosome		NW_026700116.1	unplaced-scaffold	63272			HAP1_SCAFFOLD_1563
GCA_030435755.1	Primary Assembly	Un			JAUDYK010004100.1	Chromosome		NW_026700117.1	unplaced-scaffold	41667			HAP1_SCAFFOLD_3140
GCA_030435755.1	Primary Assembly	Un			JAUDYK010004101.1	Chromosome		NW_026700118.1	unplaced-scaffold	25920			HAP1_SCAFFOLD_5395
GCA_030435755.1	Primary Assembly	Un			JAUDYK010004102.1	Chromosome		NW_026700119.1	unplaced-scaffold	29932			HAP1_SCAFFOLD_4855
GCA_030435755.1	Primary Assembly	Un			JAUDYK010004103.1	Chromosome		NW_026700120.1	unplaced-scaffold	40898			HAP1_SCAFFOLD_3231
GCA_030435755.1	Primary Assembly	Un			JAUDYK010004104.1	Chromosome		NW_026700121.1	unplaced-scaffold	30105			HAP1_SCAFFOLD_4829
GCA_030435755.1	Primary Assembly	Un			JAUDYK010004105.1	Chromosome		NW_026700122.1	unplaced-scaffold	31722			HAP1_SCAFFOLD_4567
GCA_030435755.1	Primary Assembly	Un			JAUDYK010004106.1	Chromosome		NW_026700123.1	unplaced-scaffold	33103			HAP1_SCAFFOLD_4345
GCA_030435755.1	Primary Assembly	Un			JAUDYK010004107.1	Chromosome		NW_026700124.1	unplaced-scaffold	41565			HAP1_SCAFFOLD_3157
GCA_030435755.1	Primary Assembly	Un			JAUDYK010004108.1	Chromosome		NW_026700125.1	unplaced-scaffold	31296			HAP1_SCAFFOLD_4664
GCA_030435755.1	Primary Assembly	Un			JAUDYK010004109.1	Chromosome		NW_026700126.1	unplaced-scaffold	27152			HAP1_SCAFFOLD_5242
GCA_030435755.1	Primary Assembly	Un			JAUDYK010004110.1	Chromosome		NW_026700127.1	unplaced-scaffold	41890			HAP1_SCAFFOLD_3113
GCA_030435755.1	Primary Assembly	Un			JAUDYK010004111.1	Chromosome		NW_026700128.1	unplaced-scaffold	57719			HAP1_SCAFFOLD_1815
GCA_030435755.1	Primary Assembly	Un			JAUDYK010004112.1	Chromosome		NW_026700129.1	unplaced-scaffold	32291			HAP1_SCAFFOLD_4470
GCA_030435755.1	Primary Assembly	Un			JAUDYK010004113.1	Chromosome		NW_026700130.1	unplaced-scaffold	44540			HAP1_SCAFFOLD_2834
GCA_030435755.1	Primary Assembly	Un			JAUDYK010004114.1	Chromosome		NW_026700131.1	unplaced-scaffold	83614			HAP1_SCAFFOLD_995
GCA_030435755.1	Primary Assembly	Un			JAUDYK010004115.1	Chromosome		NW_026700132.1	unplaced-scaffold	42542			HAP1_SCAFFOLD_3035
GCA_030435755.1	Primary Assembly	Un			JAUDYK010004116.1	Chromosome		NW_026700133.1	unplaced-scaffold	36803			HAP1_SCAFFOLD_3806
GCA_030435755.1	Primary Assembly	Un			JAUDYK010004117.1	Chromosome		NW_026700134.1	unplaced-scaffold	249676			HAP1_SCAFFOLD_205
GCA_030435755.1	Primary Assembly	Un			JAUDYK010004118.1	Chromosome		NW_026700135.1	unplaced-scaffold	33395			HAP1_SCAFFOLD_4292
GCA_030435755.1	Primary Assembly	Un			JAUDYK010004119.1	Chromosome		NW_026700136.1	unplaced-scaffold	40542			HAP1_SCAFFOLD_3277
GCA_030435755.1	Primary Assembly	Un			JAUDYK010004120.1	Chromosome		NW_026700137.1	unplaced-scaffold	60545			HAP1_SCAFFOLD_1683
GCA_030435755.1	Primary Assembly	Un			JAUDYK010004121.1	Chromosome		NW_026700138.1	unplaced-scaffold	159703			HAP1_SCAFFOLD_358
GCA_030435755.1	Primary Assembly	Un			JAUDYK010004122.1	Chromosome		NW_026700139.1	unplaced-scaffold	217172			HAP1_SCAFFOLD_239
GCA_030435755.1	Primary Assembly	Un			JAUDYK010004123.1	Chromosome		NW_026700140.1	unplaced-scaffold	27098			HAP1_SCAFFOLD_5251
GCA_030435755.1	Primary Assembly	Un			JAUDYK010004124.1	Chromosome		NW_026700141.1	unplaced-scaffold	29338			HAP1_SCAFFOLD_4948
GCA_030435755.1	Primary Assembly	Un			JAUDYK010004125.1	Chromosome		NW_026700142.1	unplaced-scaffold	75019			HAP1_SCAFFOLD_1176
GCA_030435755.1	Primary Assembly	Un			JAUDYK010004126.1	Chromosome		NW_026700143.1	unplaced-scaffold	33948			HAP1_SCAFFOLD_4216
GCA_030435755.1	Primary Assembly	Un			JAUDYK010004127.1	Chromosome		NW_026700144.1	unplaced-scaffold	39651			HAP1_SCAFFOLD_3383
GCA_030435755.1	Primary Assembly	Un			JAUDYK010004128.1	Chromosome		NW_026700145.1	unplaced-scaffold	38868			HAP1_SCAFFOLD_3491
GCA_030435755.1	Primary Assembly	Un			JAUDYK010004129.1	Chromosome		NW_026700146.1	unplaced-scaffold	46774			HAP1_SCAFFOLD_2593
GCA_030435755.1	Primary Assembly	Un			JAUDYK010004130.1	Chromosome		NW_026700147.1	unplaced-scaffold	113593			HAP1_SCAFFOLD_600
GCA_030435755.1	Primary Assembly	Un			JAUDYK010004131.1	Chromosome		NW_026700148.1	unplaced-scaffold	28016			HAP1_SCAFFOLD_5137
GCA_030435755.1	Primary Assembly	Un			JAUDYK010004132.1	Chromosome		NW_026700149.1	unplaced-scaffold	130434			HAP1_SCAFFOLD_478
GCA_030435755.1	Primary Assembly	Un			JAUDYK010004133.1	Chromosome		NW_026700150.1	unplaced-scaffold	31106			HAP1_SCAFFOLD_4687
GCA_030435755.1	Primary Assembly	Un			JAUDYK010004134.1	Chromosome		NW_026700151.1	unplaced-scaffold	147097			HAP1_SCAFFOLD_403
GCA_030435755.1	Primary Assembly	Un			JAUDYK010004135.1	Chromosome		NW_026700152.1	unplaced-scaffold	31000			HAP1_SCAFFOLD_4710
GCA_030435755.1	Primary Assembly	Un			JAUDYK010004136.1	Chromosome		NW_026700153.1	unplaced-scaffold	33106			HAP1_SCAFFOLD_4344
GCA_030435755.1	Primary Assembly	Un			JAUDYK010004137.1	Chromosome		NW_026700154.1	unplaced-scaffold	81911			HAP1_SCAFFOLD_1028
GCA_030435755.1	Primary Assembly	Un			JAUDYK010004138.1	Chromosome		NW_026700155.1	unplaced-scaffold	38699			HAP1_SCAFFOLD_3510
GCA_030435755.1	Primary Assembly	Un			JAUDYK010004139.1	Chromosome		NW_026700156.1	unplaced-scaffold	25935			HAP1_SCAFFOLD_5394
GCA_030435755.1	Primary Assembly	Un			JAUDYK010004140.1	Chromosome		NW_026700157.1	unplaced-scaffold	65063			HAP1_SCAFFOLD_1489
GCA_030435755.1	Primary Assembly	Un			JAUDYK010004141.1	Chromosome		NW_026700158.1	unplaced-scaffold	29941			HAP1_SCAFFOLD_4854
GCA_030435755.1	Primary Assembly	Un			JAUDYK010004142.1	Chromosome		NW_026700159.1	unplaced-scaffold	78354			HAP1_SCAFFOLD_1109
GCA_030435755.1	Primary Assembly	Un			JAUDYK010004143.1	Chromosome		NW_026700160.1	unplaced-scaffold	28644			HAP1_SCAFFOLD_5054
GCA_030435755.1	Primary Assembly	Un			JAUDYK010004144.1	Chromosome		NW_026700161.1	unplaced-scaffold	36932			HAP1_SCAFFOLD_3785
GCA_030435755.1	Primary Assembly	Un			JAUDYK010004145.1	Chromosome		NW_026700162.1	unplaced-scaffold	51820			HAP1_SCAFFOLD_2190
GCA_030435755.1	Primary Assembly	Un			JAUDYK010004146.1	Chromosome		NW_026700163.1	unplaced-scaffold	31628			HAP1_SCAFFOLD_4585
GCA_030435755.1	Primary Assembly	Un			JAUDYK010004147.1	Chromosome		NW_026700164.1	unplaced-scaffold	43152			HAP1_SCAFFOLD_2969
GCA_030435755.1	Primary Assembly	Un			JAUDYK010004148.1	Chromosome		NW_026700165.1	unplaced-scaffold	36363			HAP1_SCAFFOLD_3879
GCA_030435755.1	Primary Assembly	Un			JAUDYK010004149.1	Chromosome		NW_026700166.1	unplaced-scaffold	115627			HAP1_SCAFFOLD_583
GCA_030435755.1	Primary Assembly	Un			JAUDYK010004150.1	Chromosome		NW_026700167.1	unplaced-scaffold	73424			HAP1_SCAFFOLD_1223
GCA_030435755.1	Primary Assembly	Un			JAUDYK010004151.1	Chromosome		NW_026700168.1	unplaced-scaffold	39381			HAP1_SCAFFOLD_3420
GCA_030435755.1	Primary Assembly	Un			JAUDYK010004152.1	Chromosome		NW_026700169.1	unplaced-scaffold	32334			HAP1_SCAFFOLD_4466
GCA_030435755.1	Primary Assembly	Un			JAUDYK010004153.1	Chromosome		NW_026700170.1	unplaced-scaffold	43871			HAP1_SCAFFOLD_2900
GCA_030435755.1	Primary Assembly	Un			JAUDYK010004154.1	Chromosome		NW_026700171.1	unplaced-scaffold	33837			HAP1_SCAFFOLD_4227
GCA_030435755.1	Primary Assembly	Un			JAUDYK010004155.1	Chromosome		NW_026700172.1	unplaced-scaffold	48634			HAP1_SCAFFOLD_2452
GCA_030435755.1	Primary Assembly	Un			JAUDYK010004156.1	Chromosome		NW_026700173.1	unplaced-scaffold	42565			HAP1_SCAFFOLD_3034
GCA_030435755.1	Primary Assembly	Un			JAUDYK010004157.1	Chromosome		NW_026700174.1	unplaced-scaffold	54505			HAP1_SCAFFOLD_1999
GCA_030435755.1	Primary Assembly	Un			JAUDYK010004158.1	Chromosome		NW_026700175.1	unplaced-scaffold	30777			HAP1_SCAFFOLD_4743
GCA_030435755.1	Primary Assembly	Un			JAUDYK010004159.1	Chromosome		NW_026700176.1	unplaced-scaffold	58936			HAP1_SCAFFOLD_1750
GCA_030435755.1	Primary Assembly	Un			JAUDYK010004160.1	Chromosome		NW_026700177.1	unplaced-scaffold	166935			HAP1_SCAFFOLD_334
GCA_030435755.1	Primary Assembly	Un			JAUDYK010004161.1	Chromosome		NW_026700178.1	unplaced-scaffold	75994			HAP1_SCAFFOLD_1160
GCA_030435755.1	Primary Assembly	Un			JAUDYK010004162.1	Chromosome		NW_026700179.1	unplaced-scaffold	48789			HAP1_SCAFFOLD_2441
GCA_030435755.1	Primary Assembly	Un			JAUDYK010004163.1	Chromosome		NW_026700180.1	unplaced-scaffold	38456			HAP1_SCAFFOLD_3543
GCA_030435755.1	Primary Assembly	Un			JAUDYK010004164.1	Chromosome		NW_026700181.1	unplaced-scaffold	31290			HAP1_SCAFFOLD_4665
GCA_030435755.1	Primary Assembly	Un			JAUDYK010004165.1	Chromosome		NW_026700182.1	unplaced-scaffold	58993			HAP1_SCAFFOLD_1747
GCA_030435755.1	Primary Assembly	Un			JAUDYK010004166.1	Chromosome		NW_026700183.1	unplaced-scaffold	21123			HAP1_SCAFFOLD_5793
GCA_030435755.1	Primary Assembly	Un			JAUDYK010004167.1	Chromosome		NW_026700184.1	unplaced-scaffold	309721			HAP1_SCAFFOLD_164
GCA_030435755.1	Primary Assembly	Un			JAUDYK010004168.1	Chromosome		NW_026700185.1	unplaced-scaffold	54464			HAP1_SCAFFOLD_2006
GCA_030435755.1	Primary Assembly	Un			JAUDYK010004169.1	Chromosome		NW_026700186.1	unplaced-scaffold	44540			HAP1_SCAFFOLD_2835
GCA_030435755.1	Primary Assembly	Un			JAUDYK010004170.1	Chromosome		NW_026700187.1	unplaced-scaffold	57722			HAP1_SCAFFOLD_1814
GCA_030435755.1	Primary Assembly	Un			JAUDYK010004171.1	Chromosome		NW_026700188.1	unplaced-scaffold	152738			HAP1_SCAFFOLD_385
GCA_030435755.1	Primary Assembly	Un			JAUDYK010004172.1	Chromosome		NW_026700189.1	unplaced-scaffold	47087			HAP1_SCAFFOLD_2564
GCA_030435755.1	Primary Assembly	Un			JAUDYK010004173.1	Chromosome		NW_026700190.1	unplaced-scaffold	231036			HAP1_SCAFFOLD_227
GCA_030435755.1	Primary Assembly	Un			JAUDYK010004174.1	Chromosome		NW_026700191.1	unplaced-scaffold	29831			HAP1_SCAFFOLD_4871
GCA_030435755.1	Primary Assembly	Un			JAUDYK010004175.1	Chromosome		NW_026700192.1	unplaced-scaffold	71596			HAP1_SCAFFOLD_1282
GCA_030435755.1	Primary Assembly	Un			JAUDYK010004176.1	Chromosome		NW_026700193.1	unplaced-scaffold	30252			HAP1_SCAFFOLD_4808
GCA_030435755.1	Primary Assembly	Un			JAUDYK010004177.1	Chromosome		NW_026700194.1	unplaced-scaffold	42308			HAP1_SCAFFOLD_3057
GCA_030435755.1	Primary Assembly	Un			JAUDYK010004178.1	Chromosome		NW_026700195.1	unplaced-scaffold	87009			HAP1_SCAFFOLD_941
GCA_030435755.1	Primary Assembly	Un			JAUDYK010004179.1	Chromosome		NW_026700196.1	unplaced-scaffold	123784			HAP1_SCAFFOLD_522
GCA_030435755.1	Primary Assembly	Un			JAUDYK010004180.1	Chromosome		NW_026700197.1	unplaced-scaffold	42488			HAP1_SCAFFOLD_3040
GCA_030435755.1	Primary Assembly	Un			JAUDYK010004181.1	Chromosome		NW_026700198.1	unplaced-scaffold	60308			HAP1_SCAFFOLD_1697
GCA_030435755.1	Primary Assembly	Un			JAUDYK010004182.1	Chromosome		NW_026700199.1	unplaced-scaffold	52011			HAP1_SCAFFOLD_2179
GCA_030435755.1	Primary Assembly	Un			JAUDYK010004183.1	Chromosome		NW_026700200.1	unplaced-scaffold	283507			HAP1_SCAFFOLD_179
GCA_030435755.1	Primary Assembly	Un			JAUDYK010004184.1	Chromosome		NW_026700201.1	unplaced-scaffold	23665			HAP1_SCAFFOLD_5643
GCA_030435755.1	Primary Assembly	Un			JAUDYK010004185.1	Chromosome		NW_026700202.1	unplaced-scaffold	41026			HAP1_SCAFFOLD_3218
GCA_030435755.1	Primary Assembly	Un			JAUDYK010004186.1	Chromosome		NW_026700203.1	unplaced-scaffold	27895			HAP1_SCAFFOLD_5155
GCA_030435755.1	Primary Assembly	Un			JAUDYK010004187.1	Chromosome		NW_026700204.1	unplaced-scaffold	55475			HAP1_SCAFFOLD_1932
GCA_030435755.1	Primary Assembly	Un			JAUDYK010004188.1	Chromosome		NW_026700205.1	unplaced-scaffold	54220			HAP1_SCAFFOLD_2021
GCA_030435755.1	Primary Assembly	Un			JAUDYK010004189.1	Chromosome		NW_026700206.1	unplaced-scaffold	104286			HAP1_SCAFFOLD_699
GCA_030435755.1	Primary Assembly	Un			JAUDYK010004190.1	Chromosome		NW_026700207.1	unplaced-scaffold	90809			HAP1_SCAFFOLD_860
GCA_030435755.1	Primary Assembly	Un			JAUDYK010004191.1	Chromosome		NW_026700208.1	unplaced-scaffold	87445			HAP1_SCAFFOLD_930
GCA_030435755.1	Primary Assembly	Un			JAUDYK010004192.1	Chromosome		NW_026700209.1	unplaced-scaffold	36248			HAP1_SCAFFOLD_3890
GCA_030435755.1	Primary Assembly	Un			JAUDYK010004193.1	Chromosome		NW_026700210.1	unplaced-scaffold	28063			HAP1_SCAFFOLD_5129
GCA_030435755.1	Primary Assembly	Un			JAUDYK010004194.1	Chromosome		NW_026700211.1	unplaced-scaffold	28962			HAP1_SCAFFOLD_5008
GCA_030435755.1	Primary Assembly	Un			JAUDYK010004195.1	Chromosome		NW_026700212.1	unplaced-scaffold	28526			HAP1_SCAFFOLD_5071
GCA_030435755.1	Primary Assembly	Un			JAUDYK010004196.1	Chromosome		NW_026700213.1	unplaced-scaffold	32942			HAP1_SCAFFOLD_4372
GCA_030435755.1	Primary Assembly	Un			JAUDYK010004197.1	Chromosome		NW_026700214.1	unplaced-scaffold	39584			HAP1_SCAFFOLD_3397
GCA_030435755.1	Primary Assembly	Un			JAUDYK010004198.1	Chromosome		NW_026700215.1	unplaced-scaffold	35860			HAP1_SCAFFOLD_3946
GCA_030435755.1	Primary Assembly	Un			JAUDYK010004199.1	Chromosome		NW_026700216.1	unplaced-scaffold	46839			HAP1_SCAFFOLD_2587
GCA_030435755.1	Primary Assembly	Un			JAUDYK010004200.1	Chromosome		NW_026700217.1	unplaced-scaffold	31084			HAP1_SCAFFOLD_4693
GCA_030435755.1	Primary Assembly	Un			JAUDYK010004201.1	Chromosome		NW_026700218.1	unplaced-scaffold	21836			HAP1_SCAFFOLD_5765
GCA_030435755.1	Primary Assembly	Un			JAUDYK010004202.1	Chromosome		NW_026700219.1	unplaced-scaffold	24031			HAP1_SCAFFOLD_5610
GCA_030435755.1	Primary Assembly	Un			JAUDYK010004203.1	Chromosome		NW_026700220.1	unplaced-scaffold	45867			HAP1_SCAFFOLD_2684
GCA_030435755.1	Primary Assembly	Un			JAUDYK010004204.1	Chromosome		NW_026700221.1	unplaced-scaffold	50887			HAP1_SCAFFOLD_2259
GCA_030435755.1	Primary Assembly	Un			JAUDYK010004205.1	Chromosome		NW_026700222.1	unplaced-scaffold	26908			HAP1_SCAFFOLD_5275
GCA_030435755.1	Primary Assembly	Un			JAUDYK010004206.1	Chromosome		NW_026700223.1	unplaced-scaffold	79365			HAP1_SCAFFOLD_1076
GCA_030435755.1	Primary Assembly	Un			JAUDYK010004207.1	Chromosome		NW_026700224.1	unplaced-scaffold	98351			HAP1_SCAFFOLD_761
GCA_030435755.1	Primary Assembly	Un			JAUDYK010004208.1	Chromosome		NW_026700225.1	unplaced-scaffold	113015			HAP1_SCAFFOLD_610
GCA_030435755.1	Primary Assembly	Un			JAUDYK010004209.1	Chromosome		NW_026700226.1	unplaced-scaffold	66449			HAP1_SCAFFOLD_1448
GCA_030435755.1	Primary Assembly	Un			JAUDYK010004210.1	Chromosome		NW_026700227.1	unplaced-scaffold	28750			HAP1_SCAFFOLD_5037
GCA_030435755.1	Primary Assembly	Un			JAUDYK010004211.1	Chromosome		NW_026700228.1	unplaced-scaffold	109222			HAP1_SCAFFOLD_648
GCA_030435755.1	Primary Assembly	Un			JAUDYK010004212.1	Chromosome		NW_026700229.1	unplaced-scaffold	51317			HAP1_SCAFFOLD_2225
GCA_030435755.1	Primary Assembly	Un			JAUDYK010004213.1	Chromosome		NW_026700230.1	unplaced-scaffold	86272			HAP1_SCAFFOLD_952
GCA_030435755.1	Primary Assembly	Un			JAUDYK010004214.1	Chromosome		NW_026700231.1	unplaced-scaffold	62371			HAP1_SCAFFOLD_1594
GCA_030435755.1	Primary Assembly	Un			JAUDYK010004215.1	Chromosome		NW_026700232.1	unplaced-scaffold	41686			HAP1_SCAFFOLD_3135
GCA_030435755.1	Primary Assembly	Un			JAUDYK010004216.1	Chromosome		NW_026700233.1	unplaced-scaffold	238080			HAP1_SCAFFOLD_215
GCA_030435755.1	Primary Assembly	Un			JAUDYK010004217.1	Chromosome		NW_026700234.1	unplaced-scaffold	54911			HAP1_SCAFFOLD_1970
GCA_030435755.1	Primary Assembly	Un			JAUDYK010004218.1	Chromosome		NW_026700235.1	unplaced-scaffold	27457			HAP1_SCAFFOLD_5203
GCA_030435755.1	Primary Assembly	Un			JAUDYK010004219.1	Chromosome		NW_026700236.1	unplaced-scaffold	57390			HAP1_SCAFFOLD_1833
GCA_030435755.1	Primary Assembly	Un			JAUDYK010004220.1	Chromosome		NW_026700237.1	unplaced-scaffold	30027			HAP1_SCAFFOLD_4837
GCA_030435755.1	Primary Assembly	Un			JAUDYK010004221.1	Chromosome		NW_026700238.1	unplaced-scaffold	42726			HAP1_SCAFFOLD_3013
GCA_030435755.1	Primary Assembly	Un			JAUDYK010004222.1	Chromosome		NW_026700239.1	unplaced-scaffold	93338			HAP1_SCAFFOLD_824
GCA_030435755.1	Primary Assembly	Un			JAUDYK010004223.1	Chromosome		NW_026700240.1	unplaced-scaffold	46049			HAP1_SCAFFOLD_2667
GCA_030435755.1	Primary Assembly	Un			JAUDYK010004224.1	Chromosome		NW_026700241.1	unplaced-scaffold	33178			HAP1_SCAFFOLD_4330
GCA_030435755.1	Primary Assembly	Un			JAUDYK010004225.1	Chromosome		NW_026700242.1	unplaced-scaffold	190457			HAP1_SCAFFOLD_276
GCA_030435755.1	Primary Assembly	Un			JAUDYK010004226.1	Chromosome		NW_026700243.1	unplaced-scaffold	29612			HAP1_SCAFFOLD_4906
GCA_030435755.1	Primary Assembly	Un			JAUDYK010004227.1	Chromosome		NW_026700244.1	unplaced-scaffold	23866			HAP1_SCAFFOLD_5624
GCA_030435755.1	Primary Assembly	Un			JAUDYK010004228.1	Chromosome		NW_026700245.1	unplaced-scaffold	45994			HAP1_SCAFFOLD_2674
GCA_030435755.1	Primary Assembly	Un			JAUDYK010004229.1	Chromosome		NW_026700246.1	unplaced-scaffold	73163			HAP1_SCAFFOLD_1230
GCA_030435755.1	Primary Assembly	Un			JAUDYK010004230.1	Chromosome		NW_026700247.1	unplaced-scaffold	21019			HAP1_SCAFFOLD_5800
GCA_030435755.1	Primary Assembly	Un			JAUDYK010004231.1	Chromosome		NW_026700248.1	unplaced-scaffold	26810			HAP1_SCAFFOLD_5285
GCA_030435755.1	Primary Assembly	Un			JAUDYK010004232.1	Chromosome		NW_026700249.1	unplaced-scaffold	78987			HAP1_SCAFFOLD_1086
GCA_030435755.1	Primary Assembly	Un			JAUDYK010004233.1	Chromosome		NW_026700250.1	unplaced-scaffold	76884			HAP1_SCAFFOLD_1141
GCA_030435755.1	Primary Assembly	Un			JAUDYK010004234.1	Chromosome		NW_026700251.1	unplaced-scaffold	48553			HAP1_SCAFFOLD_2460
GCA_030435755.1	Primary Assembly	Un			JAUDYK010004235.1	Chromosome		NW_026700252.1	unplaced-scaffold	97126			HAP1_SCAFFOLD_780
GCA_030435755.1	Primary Assembly	Un			JAUDYK010004236.1	Chromosome		NW_026700253.1	unplaced-scaffold	39257			HAP1_SCAFFOLD_3433
GCA_030435755.1	Primary Assembly	Un			JAUDYK010004237.1	Chromosome		NW_026700254.1	unplaced-scaffold	26629			HAP1_SCAFFOLD_5307
GCA_030435755.1	Primary Assembly	Un			JAUDYK010004238.1	Chromosome		NW_026700255.1	unplaced-scaffold	47536			HAP1_SCAFFOLD_2531
GCA_030435755.1	Primary Assembly	Un			JAUDYK010004239.1	Chromosome		NW_026700256.1	unplaced-scaffold	109251			HAP1_SCAFFOLD_647
GCA_030435755.1	Primary Assembly	Un			JAUDYK010004240.1	Chromosome		NW_026700257.1	unplaced-scaffold	42010			HAP1_SCAFFOLD_3098
GCA_030435755.1	Primary Assembly	Un			JAUDYK010004241.1	Chromosome		NW_026700258.1	unplaced-scaffold	25739			HAP1_SCAFFOLD_5417
GCA_030435755.1	Primary Assembly	Un			JAUDYK010004242.1	Chromosome		NW_026700259.1	unplaced-scaffold	58701			HAP1_SCAFFOLD_1762
GCA_030435755.1	Primary Assembly	Un			JAUDYK010004243.1	Chromosome		NW_026700260.1	unplaced-scaffold	35461			HAP1_SCAFFOLD_4000
GCA_030435755.1	Primary Assembly	Un			JAUDYK010004244.1	Chromosome		NW_026700261.1	unplaced-scaffold	39876			HAP1_SCAFFOLD_3358
GCA_030435755.1	Primary Assembly	Un			JAUDYK010004245.1	Chromosome		NW_026700262.1	unplaced-scaffold	61028			HAP1_SCAFFOLD_1658
GCA_030435755.1	Primary Assembly	Un			JAUDYK010004246.1	Chromosome		NW_026700263.1	unplaced-scaffold	76498			HAP1_SCAFFOLD_1152
GCA_030435755.1	Primary Assembly	Un			JAUDYK010004247.1	Chromosome		NW_026700264.1	unplaced-scaffold	54779			HAP1_SCAFFOLD_1980
GCA_030435755.1	Primary Assembly	Un			JAUDYK010004248.1	Chromosome		NW_026700265.1	unplaced-scaffold	16481			HAP1_SCAFFOLD_5935
GCA_030435755.1	Primary Assembly	Un			JAUDYK010004249.1	Chromosome		NW_026700266.1	unplaced-scaffold	36614			HAP1_SCAFFOLD_3848
GCA_030435755.1	Primary Assembly	Un			JAUDYK010004250.1	Chromosome		NW_026700267.1	unplaced-scaffold	34920			HAP1_SCAFFOLD_4069
GCA_030435755.1	Primary Assembly	Un			JAUDYK010004251.1	Chromosome		NW_026700268.1	unplaced-scaffold	65028			HAP1_SCAFFOLD_1490
GCA_030435755.1	Primary Assembly	Un			JAUDYK010004252.1	Chromosome		NW_026700269.1	unplaced-scaffold	40461			HAP1_SCAFFOLD_3293
GCA_030435755.1	Primary Assembly	Un			JAUDYK010004253.1	Chromosome		NW_026700270.1	unplaced-scaffold	50219			HAP1_SCAFFOLD_2319
GCA_030435755.1	Primary Assembly	Un			JAUDYK010004254.1	Chromosome		NW_026700271.1	unplaced-scaffold	230781			HAP1_SCAFFOLD_228
GCA_030435755.1	Primary Assembly	Un			JAUDYK010004255.1	Chromosome		NW_026700272.1	unplaced-scaffold	29762			HAP1_SCAFFOLD_4881
GCA_030435755.1	Primary Assembly	Un			JAUDYK010004256.1	Chromosome		NW_026700273.1	unplaced-scaffold	34665			HAP1_SCAFFOLD_4112
GCA_030435755.1	Primary Assembly	Un			JAUDYK010004257.1	Chromosome		NW_026700274.1	unplaced-scaffold	31468			HAP1_SCAFFOLD_4618
GCA_030435755.1	Primary Assembly	Un			JAUDYK010004258.1	Chromosome		NW_026700275.1	unplaced-scaffold	71806			HAP1_SCAFFOLD_1272
GCA_030435755.1	Primary Assembly	Un			JAUDYK010004259.1	Chromosome		NW_026700276.1	unplaced-scaffold	25488			HAP1_SCAFFOLD_5453
GCA_030435755.1	Primary Assembly	Un			JAUDYK010004260.1	Chromosome		NW_026700277.1	unplaced-scaffold	45572			HAP1_SCAFFOLD_2716
GCA_030435755.1	Primary Assembly	Un			JAUDYK010004261.1	Chromosome		NW_026700278.1	unplaced-scaffold	89831			HAP1_SCAFFOLD_881
GCA_030435755.1	Primary Assembly	Un			JAUDYK010004262.1	Chromosome		NW_026700279.1	unplaced-scaffold	88987			HAP1_SCAFFOLD_903
GCA_030435755.1	Primary Assembly	Un			JAUDYK010004263.1	Chromosome		NW_026700280.1	unplaced-scaffold	27938			HAP1_SCAFFOLD_5146
GCA_030435755.1	Primary Assembly	Un			JAUDYK010004264.1	Chromosome		NW_026700281.1	unplaced-scaffold	26373			HAP1_SCAFFOLD_5338
GCA_030435755.1	Primary Assembly	Un			JAUDYK010004265.1	Chromosome		NW_026700282.1	unplaced-scaffold	35988			HAP1_SCAFFOLD_3929
GCA_030435755.1	Primary Assembly	Un			JAUDYK010004266.1	Chromosome		NW_026700283.1	unplaced-scaffold	46955			HAP1_SCAFFOLD_2577
GCA_030435755.1	Primary Assembly	Un			JAUDYK010004267.1	Chromosome		NW_026700284.1	unplaced-scaffold	32908			HAP1_SCAFFOLD_4382
GCA_030435755.1	Primary Assembly	Un			JAUDYK010004268.1	Chromosome		NW_026700285.1	unplaced-scaffold	28402			HAP1_SCAFFOLD_5081
GCA_030435755.1	Primary Assembly	Un			JAUDYK010004269.1	Chromosome		NW_026700286.1	unplaced-scaffold	44847			HAP1_SCAFFOLD_2792
GCA_030435755.1	Primary Assembly	Un			JAUDYK010004270.1	Chromosome		NW_026700287.1	unplaced-scaffold	51844			HAP1_SCAFFOLD_2189
GCA_030435755.1	Primary Assembly	Un			JAUDYK010004271.1	Chromosome		NW_026700288.1	unplaced-scaffold	49089			HAP1_SCAFFOLD_2409
GCA_030435755.1	Primary Assembly	Un			JAUDYK010004272.1	Chromosome		NW_026700289.1	unplaced-scaffold	35781			HAP1_SCAFFOLD_3955
GCA_030435755.1	Primary Assembly	Un			JAUDYK010004273.1	Chromosome		NW_026700290.1	unplaced-scaffold	34108			HAP1_SCAFFOLD_4196
GCA_030435755.1	Primary Assembly	Un			JAUDYK010004274.1	Chromosome		NW_026700291.1	unplaced-scaffold	184853			HAP1_SCAFFOLD_293
GCA_030435755.1	Primary Assembly	Un			JAUDYK010004275.1	Chromosome		NW_026700292.1	unplaced-scaffold	19447			HAP1_SCAFFOLD_5869
GCA_030435755.1	Primary Assembly	Un			JAUDYK010004276.1	Chromosome		NW_026700293.1	unplaced-scaffold	24915			HAP1_SCAFFOLD_5527
GCA_030435755.1	Primary Assembly	Un			JAUDYK010004277.1	Chromosome		NW_026700294.1	unplaced-scaffold	40634			HAP1_SCAFFOLD_3265
GCA_030435755.1	Primary Assembly	Un			JAUDYK010004278.1	Chromosome		NW_026700295.1	unplaced-scaffold	46164			HAP1_SCAFFOLD_2651
GCA_030435755.1	Primary Assembly	Un			JAUDYK010004279.1	Chromosome		NW_026700296.1	unplaced-scaffold	366309			HAP1_SCAFFOLD_145
GCA_030435755.1	Primary Assembly	Un			JAUDYK010004280.1	Chromosome		NW_026700297.1	unplaced-scaffold	39456			HAP1_SCAFFOLD_3414
GCA_030435755.1	Primary Assembly	Un			JAUDYK010004281.1	Chromosome		NW_026700298.1	unplaced-scaffold	22710			HAP1_SCAFFOLD_5718
GCA_030435755.1	Primary Assembly	Un			JAUDYK010004282.1	Chromosome		NW_026700299.1	unplaced-scaffold	63912			HAP1_SCAFFOLD_1538
GCA_030435755.1	Primary Assembly	Un			JAUDYK010004283.1	Chromosome		NW_026700300.1	unplaced-scaffold	46279			HAP1_SCAFFOLD_2642
GCA_030435755.1	Primary Assembly	Un			JAUDYK010004284.1	Chromosome		NW_026700301.1	unplaced-scaffold	52456			HAP1_SCAFFOLD_2148
GCA_030435755.1	Primary Assembly	Un			JAUDYK010004285.1	Chromosome		NW_026700302.1	unplaced-scaffold	33222			HAP1_SCAFFOLD_4323
GCA_030435755.1	Primary Assembly	Un			JAUDYK010004286.1	Chromosome		NW_026700303.1	unplaced-scaffold	49987			HAP1_SCAFFOLD_2336
GCA_030435755.1	Primary Assembly	Un			JAUDYK010004287.1	Chromosome		NW_026700304.1	unplaced-scaffold	156682			HAP1_SCAFFOLD_372
GCA_030435755.1	Primary Assembly	Un			JAUDYK010004288.1	Chromosome		NW_026700305.1	unplaced-scaffold	37943			HAP1_SCAFFOLD_3627
GCA_030435755.1	Primary Assembly	Un			JAUDYK010004289.1	Chromosome		NW_026700306.1	unplaced-scaffold	62070			HAP1_SCAFFOLD_1604
GCA_030435755.1	Primary Assembly	Un			JAUDYK010004290.1	Chromosome		NW_026700307.1	unplaced-scaffold	70106			HAP1_SCAFFOLD_1327
GCA_030435755.1	Primary Assembly	Un			JAUDYK010004291.1	Chromosome		NW_026700308.1	unplaced-scaffold	40332			HAP1_SCAFFOLD_3304
GCA_030435755.1	Primary Assembly	Un			JAUDYK010004292.1	Chromosome		NW_026700309.1	unplaced-scaffold	135781			HAP1_SCAFFOLD_452
GCA_030435755.1	Primary Assembly	Un			JAUDYK010004293.1	Chromosome		NW_026700310.1	unplaced-scaffold	57620			HAP1_SCAFFOLD_1820
GCA_030435755.1	Primary Assembly	Un			JAUDYK010004294.1	Chromosome		NW_026700311.1	unplaced-scaffold	45400			HAP1_SCAFFOLD_2739
GCA_030435755.1	Primary Assembly	Un			JAUDYK010004295.1	Chromosome		NW_026700312.1	unplaced-scaffold	90873			HAP1_SCAFFOLD_859
GCA_030435755.1	Primary Assembly	Un			JAUDYK010004296.1	Chromosome		NW_026700313.1	unplaced-scaffold	65508			HAP1_SCAFFOLD_1479
GCA_030435755.1	Primary Assembly	Un			JAUDYK010004297.1	Chromosome		NW_026700314.1	unplaced-scaffold	32160			HAP1_SCAFFOLD_4503
GCA_030435755.1	Primary Assembly	Un			JAUDYK010004298.1	Chromosome		NW_026700315.1	unplaced-scaffold	30899			HAP1_SCAFFOLD_4724
GCA_030435755.1	Primary Assembly	Un			JAUDYK010004299.1	Chromosome		NW_026700316.1	unplaced-scaffold	37442			HAP1_SCAFFOLD_3703
GCA_030435755.1	Primary Assembly	Un			JAUDYK010004300.1	Chromosome		NW_026700317.1	unplaced-scaffold	140280			HAP1_SCAFFOLD_430
GCA_030435755.1	Primary Assembly	Un			JAUDYK010004301.1	Chromosome		NW_026700318.1	unplaced-scaffold	29489			HAP1_SCAFFOLD_4921
GCA_030435755.1	Primary Assembly	Un			JAUDYK010004302.1	Chromosome		NW_026700319.1	unplaced-scaffold	64589			HAP1_SCAFFOLD_1507
GCA_030435755.1	Primary Assembly	Un			JAUDYK010004303.1	Chromosome		NW_026700320.1	unplaced-scaffold	38547			HAP1_SCAFFOLD_3524
GCA_030435755.1	Primary Assembly	Un			JAUDYK010004304.1	Chromosome		NW_026700321.1	unplaced-scaffold	31697			HAP1_SCAFFOLD_4575
GCA_030435755.1	Primary Assembly	Un			JAUDYK010004305.1	Chromosome		NW_026700322.1	unplaced-scaffold	72622			HAP1_SCAFFOLD_1244
GCA_030435755.1	Primary Assembly	Un			JAUDYK010004306.1	Chromosome		NW_026700323.1	unplaced-scaffold	36251			HAP1_SCAFFOLD_3889
GCA_030435755.1	Primary Assembly	Un			JAUDYK010004307.1	Chromosome		NW_026700324.1	unplaced-scaffold	51566			HAP1_SCAFFOLD_2202
GCA_030435755.1	Primary Assembly	Un			JAUDYK010004308.1	Chromosome		NW_026700325.1	unplaced-scaffold	137906			HAP1_SCAFFOLD_441
GCA_030435755.1	Primary Assembly	Un			JAUDYK010004309.1	Chromosome		NW_026700326.1	unplaced-scaffold	36977			HAP1_SCAFFOLD_3775
GCA_030435755.1	Primary Assembly	Un			JAUDYK010004310.1	Chromosome		NW_026700327.1	unplaced-scaffold	42293			HAP1_SCAFFOLD_3061
GCA_030435755.1	Primary Assembly	Un			JAUDYK010004311.1	Chromosome		NW_026700328.1	unplaced-scaffold	40329			HAP1_SCAFFOLD_3305
GCA_030435755.1	Primary Assembly	Un			JAUDYK010004312.1	Chromosome		NW_026700329.1	unplaced-scaffold	37993			HAP1_SCAFFOLD_3616
GCA_030435755.1	Primary Assembly	Un			JAUDYK010004313.1	Chromosome		NW_026700330.1	unplaced-scaffold	81007			HAP1_SCAFFOLD_1052
GCA_030435755.1	Primary Assembly	Un			JAUDYK010004314.1	Chromosome		NW_026700331.1	unplaced-scaffold	59633			HAP1_SCAFFOLD_1719
GCA_030435755.1	Primary Assembly	Un			JAUDYK010004315.1	Chromosome		NW_026700332.1	unplaced-scaffold	40513			HAP1_SCAFFOLD_3287
GCA_030435755.1	Primary Assembly	Un			JAUDYK010004316.1	Chromosome		NW_026700333.1	unplaced-scaffold	56268			HAP1_SCAFFOLD_1891
GCA_030435755.1	Primary Assembly	Un			JAUDYK010004317.1	Chromosome		NW_026700334.1	unplaced-scaffold	47786			HAP1_SCAFFOLD_2518
GCA_030435755.1	Primary Assembly	Un			JAUDYK010004318.1	Chromosome		NW_026700335.1	unplaced-scaffold	32254			HAP1_SCAFFOLD_4480
GCA_030435755.1	Primary Assembly	Un			JAUDYK010004319.1	Chromosome		NW_026700336.1	unplaced-scaffold	18043			HAP1_SCAFFOLD_5913
GCA_030435755.1	Primary Assembly	Un			JAUDYK010004320.1	Chromosome		NW_026700337.1	unplaced-scaffold	62057			HAP1_SCAFFOLD_1605
GCA_030435755.1	Primary Assembly	Un			JAUDYK010004321.1	Chromosome		NW_026700338.1	unplaced-scaffold	70457			HAP1_SCAFFOLD_1316
GCA_030435755.1	Primary Assembly	Un			JAUDYK010004322.1	Chromosome		NW_026700339.1	unplaced-scaffold	34734			HAP1_SCAFFOLD_4100
GCA_030435755.1	Primary Assembly	Un			JAUDYK010004323.1	Chromosome		NW_026700340.1	unplaced-scaffold	605417			HAP1_SCAFFOLD_97
GCA_030435755.1	Primary Assembly	Un			JAUDYK010004324.1	Chromosome		NW_026700341.1	unplaced-scaffold	67657			HAP1_SCAFFOLD_1406
GCA_030435755.1	Primary Assembly	Un			JAUDYK010004325.1	Chromosome		NW_026700342.1	unplaced-scaffold	35960			HAP1_SCAFFOLD_3937
GCA_030435755.1	Primary Assembly	Un			JAUDYK010004326.1	Chromosome		NW_026700343.1	unplaced-scaffold	74559			HAP1_SCAFFOLD_1186
GCA_030435755.1	Primary Assembly	Un			JAUDYK010004327.1	Chromosome		NW_026700344.1	unplaced-scaffold	39777			HAP1_SCAFFOLD_3373
GCA_030435755.1	Primary Assembly	Un			JAUDYK010004328.1	Chromosome		NW_026700345.1	unplaced-scaffold	81544			HAP1_SCAFFOLD_1041
GCA_030435755.1	Primary Assembly	Un			JAUDYK010004329.1	Chromosome		NW_026700346.1	unplaced-scaffold	110709			HAP1_SCAFFOLD_633
GCA_030435755.1	Primary Assembly	Un			JAUDYK010004330.1	Chromosome		NW_026700347.1	unplaced-scaffold	31190			HAP1_SCAFFOLD_4677
GCA_030435755.1	Primary Assembly	Un			JAUDYK010004331.1	Chromosome		NW_026700348.1	unplaced-scaffold	37532			HAP1_SCAFFOLD_3692
GCA_030435755.1	Primary Assembly	Un			JAUDYK010004332.1	Chromosome		NW_026700349.1	unplaced-scaffold	41174			HAP1_SCAFFOLD_3198
GCA_030435755.1	Primary Assembly	Un			JAUDYK010004333.1	Chromosome		NW_026700350.1	unplaced-scaffold	130486			HAP1_SCAFFOLD_477
GCA_030435755.1	Primary Assembly	Un			JAUDYK010004334.1	Chromosome		NW_026700351.1	unplaced-scaffold	60690			HAP1_SCAFFOLD_1673
GCA_030435755.1	Primary Assembly	Un			JAUDYK010004335.1	Chromosome		NW_026700352.1	unplaced-scaffold	159861			HAP1_SCAFFOLD_357
GCA_030435755.1	Primary Assembly	Un			JAUDYK010004336.1	Chromosome		NW_026700353.1	unplaced-scaffold	24815			HAP1_SCAFFOLD_5539
GCA_030435755.1	Primary Assembly	Un			JAUDYK010004337.1	Chromosome		NW_026700354.1	unplaced-scaffold	67922			HAP1_SCAFFOLD_1392
GCA_030435755.1	Primary Assembly	Un			JAUDYK010004338.1	Chromosome		NW_026700355.1	unplaced-scaffold	40640			HAP1_SCAFFOLD_3264
GCA_030435755.1	Primary Assembly	Un			JAUDYK010004339.1	Chromosome		NW_026700356.1	unplaced-scaffold	39453			HAP1_SCAFFOLD_3415
GCA_030435755.1	Primary Assembly	Un			JAUDYK010004340.1	Chromosome		NW_026700357.1	unplaced-scaffold	53168			HAP1_SCAFFOLD_2089
GCA_030435755.1	Primary Assembly	Un			JAUDYK010004341.1	Chromosome		NW_026700358.1	unplaced-scaffold	48915			HAP1_SCAFFOLD_2428
GCA_030435755.1	Primary Assembly	Un			JAUDYK010004342.1	Chromosome		NW_026700359.1	unplaced-scaffold	34754			HAP1_SCAFFOLD_4096
GCA_030435755.1	Primary Assembly	Un			JAUDYK010004343.1	Chromosome		NW_026700360.1	unplaced-scaffold	36978			HAP1_SCAFFOLD_3774
GCA_030435755.1	Primary Assembly	Un			JAUDYK010004344.1	Chromosome		NW_026700361.1	unplaced-scaffold	28687			HAP1_SCAFFOLD_5046
GCA_030435755.1	Primary Assembly	Un			JAUDYK010004345.1	Chromosome		NW_026700362.1	unplaced-scaffold	72609			HAP1_SCAFFOLD_1245
GCA_030435755.1	Primary Assembly	Un			JAUDYK010004346.1	Chromosome		NW_026700363.1	unplaced-scaffold	31698			HAP1_SCAFFOLD_4574
GCA_030435755.1	Primary Assembly	Un			JAUDYK010004347.1	Chromosome		NW_026700364.1	unplaced-scaffold	88697			HAP1_SCAFFOLD_913
GCA_030435755.1	Primary Assembly	Un			JAUDYK010004348.1	Chromosome		NW_026700365.1	unplaced-scaffold	44300			HAP1_SCAFFOLD_2861
GCA_030435755.1	Primary Assembly	Un			JAUDYK010004349.1	Chromosome		NW_026700366.1	unplaced-scaffold	36107			HAP1_SCAFFOLD_3908
GCA_030435755.1	Primary Assembly	Un			JAUDYK010004350.1	Chromosome		NW_026700367.1	unplaced-scaffold	141210			HAP1_SCAFFOLD_426
GCA_030435755.1	Primary Assembly	Un			JAUDYK010004351.1	Chromosome		NW_026700368.1	unplaced-scaffold	35699			HAP1_SCAFFOLD_3971
GCA_030435755.1	Primary Assembly	Un			JAUDYK010004352.1	Chromosome		NW_026700369.1	unplaced-scaffold	31424			HAP1_SCAFFOLD_4631
GCA_030435755.1	Primary Assembly	Un			JAUDYK010004353.1	Chromosome		NW_026700370.1	unplaced-scaffold	27625			HAP1_SCAFFOLD_5181
GCA_030435755.1	Primary Assembly	Un			JAUDYK010004354.1	Chromosome		NW_026700371.1	unplaced-scaffold	20712			HAP1_SCAFFOLD_5812
GCA_030435755.1	Primary Assembly	Un			JAUDYK010004355.1	Chromosome		NW_026700372.1	unplaced-scaffold	25320			HAP1_SCAFFOLD_5478
GCA_030435755.1	Primary Assembly	Un			JAUDYK010004356.1	Chromosome		NW_026700373.1	unplaced-scaffold	25839			HAP1_SCAFFOLD_5401
GCA_030435755.1	Primary Assembly	Un			JAUDYK010004357.1	Chromosome		NW_026700374.1	unplaced-scaffold	38545			HAP1_SCAFFOLD_3525
GCA_030435755.1	Primary Assembly	Un			JAUDYK010004358.1	Chromosome		NW_026700375.1	unplaced-scaffold	26605			HAP1_SCAFFOLD_5311
GCA_030435755.1	Primary Assembly	Un			JAUDYK010004359.1	Chromosome		NW_026700376.1	unplaced-scaffold	35345			HAP1_SCAFFOLD_4012
GCA_030435755.1	Primary Assembly	Un			JAUDYK010004360.1	Chromosome		NW_026700377.1	unplaced-scaffold	29092			HAP1_SCAFFOLD_4990
GCA_030435755.1	Primary Assembly	Un			JAUDYK010004361.1	Chromosome		NW_026700378.1	unplaced-scaffold	49628			HAP1_SCAFFOLD_2362
GCA_030435755.1	Primary Assembly	Un			JAUDYK010004362.1	Chromosome		NW_026700379.1	unplaced-scaffold	30676			HAP1_SCAFFOLD_4759
GCA_030435755.1	Primary Assembly	Un			JAUDYK010004363.1	Chromosome		NW_026700380.1	unplaced-scaffold	29978			HAP1_SCAFFOLD_4846
GCA_030435755.1	Primary Assembly	Un			JAUDYK010004364.1	Chromosome		NW_026700381.1	unplaced-scaffold	34253			HAP1_SCAFFOLD_4169
GCA_030435755.1	Primary Assembly	Un			JAUDYK010004365.1	Chromosome		NW_026700382.1	unplaced-scaffold	38402			HAP1_SCAFFOLD_3559
GCA_030435755.1	Primary Assembly	Un			JAUDYK010004366.1	Chromosome		NW_026700383.1	unplaced-scaffold	96157			HAP1_SCAFFOLD_794
GCA_030435755.1	Primary Assembly	Un			JAUDYK010004367.1	Chromosome		NW_026700384.1	unplaced-scaffold	18661			HAP1_SCAFFOLD_5896
GCA_030435755.1	Primary Assembly	Un			JAUDYK010004368.1	Chromosome		NW_026700385.1	unplaced-scaffold	33025			HAP1_SCAFFOLD_4356
GCA_030435755.1	Primary Assembly	Un			JAUDYK010004369.1	Chromosome		NW_026700386.1	unplaced-scaffold	30897			HAP1_SCAFFOLD_4725
GCA_030435755.1	Primary Assembly	Un			JAUDYK010004370.1	Chromosome		NW_026700387.1	unplaced-scaffold	15848			HAP1_SCAFFOLD_5940
GCA_030435755.1	Primary Assembly	Un			JAUDYK010004371.1	Chromosome		NW_026700388.1	unplaced-scaffold	25678			HAP1_SCAFFOLD_5426
GCA_030435755.1	Primary Assembly	Un			JAUDYK010004372.1	Chromosome		NW_026700389.1	unplaced-scaffold	16647			HAP1_SCAFFOLD_5934
GCA_030435755.1	Primary Assembly	Un			JAUDYK010004373.1	Chromosome		NW_026700390.1	unplaced-scaffold	46672			HAP1_SCAFFOLD_2603
GCA_030435755.1	Primary Assembly	Un			JAUDYK010004374.1	Chromosome		NW_026700391.1	unplaced-scaffold	22391			HAP1_SCAFFOLD_5731
GCA_030435755.1	Primary Assembly	Un			JAUDYK010004375.1	Chromosome		NW_026700392.1	unplaced-scaffold	53830			HAP1_SCAFFOLD_2048
GCA_030435755.1	Primary Assembly	Un			JAUDYK010004376.1	Chromosome		NW_026700393.1	unplaced-scaffold	84612			HAP1_SCAFFOLD_978
GCA_030435755.1	Primary Assembly	Un			JAUDYK010004377.1	Chromosome		NW_026700394.1	unplaced-scaffold	26956			HAP1_SCAFFOLD_5267
GCA_030435755.1	Primary Assembly	Un			JAUDYK010004378.1	Chromosome		NW_026700395.1	unplaced-scaffold	48323			HAP1_SCAFFOLD_2476
GCA_030435755.1	Primary Assembly	Un			JAUDYK010004379.1	Chromosome		NW_026700396.1	unplaced-scaffold	23480			HAP1_SCAFFOLD_5659
GCA_030435755.1	Primary Assembly	Un			JAUDYK010004380.1	Chromosome		NW_026700397.1	unplaced-scaffold	26810			HAP1_SCAFFOLD_5284
GCA_030435755.1	Primary Assembly	Un			JAUDYK010004381.1	Chromosome		NW_026700398.1	unplaced-scaffold	51460			HAP1_SCAFFOLD_2210
GCA_030435755.1	Primary Assembly	Un			JAUDYK010004382.1	Chromosome		NW_026700399.1	unplaced-scaffold	45991			HAP1_SCAFFOLD_2675
GCA_030435755.1	Primary Assembly	Un			JAUDYK010004383.1	Chromosome		NW_026700400.1	unplaced-scaffold	64486			HAP1_SCAFFOLD_1511
GCA_030435755.1	Primary Assembly	Un			JAUDYK010004384.1	Chromosome		NW_026700401.1	unplaced-scaffold	127119			HAP1_SCAFFOLD_495
GCA_030435755.1	Primary Assembly	Un			JAUDYK010004385.1	Chromosome		NW_026700402.1	unplaced-scaffold	23821			HAP1_SCAFFOLD_5625
GCA_030435755.1	Primary Assembly	Un			JAUDYK010004386.1	Chromosome		NW_026700403.1	unplaced-scaffold	43893			HAP1_SCAFFOLD_2898
GCA_030435755.1	Primary Assembly	Un			JAUDYK010004387.1	Chromosome		NW_026700404.1	unplaced-scaffold	51046			HAP1_SCAFFOLD_2243
GCA_030435755.1	Primary Assembly	Un			JAUDYK010004388.1	Chromosome		NW_026700405.1	unplaced-scaffold	41526			HAP1_SCAFFOLD_3161
GCA_030435755.1	Primary Assembly	Un			JAUDYK010004389.1	Chromosome		NW_026700406.1	unplaced-scaffold	31810			HAP1_SCAFFOLD_4551
GCA_030435755.1	Primary Assembly	Un			JAUDYK010004390.1	Chromosome		NW_026700407.1	unplaced-scaffold	259905			HAP1_SCAFFOLD_191
GCA_030435755.1	Primary Assembly	Un			JAUDYK010004391.1	Chromosome		NW_026700408.1	unplaced-scaffold	35787			HAP1_SCAFFOLD_3954
GCA_030435755.1	Primary Assembly	Un			JAUDYK010004392.1	Chromosome		NW_026700409.1	unplaced-scaffold	25037			HAP1_SCAFFOLD_5516
GCA_030435755.1	Primary Assembly	Un			JAUDYK010004393.1	Chromosome		NW_026700410.1	unplaced-scaffold	37096			HAP1_SCAFFOLD_3751
GCA_030435755.1	Primary Assembly	Un			JAUDYK010004394.1	Chromosome		NW_026700411.1	unplaced-scaffold	106287			HAP1_SCAFFOLD_671
GCA_030435755.1	Primary Assembly	Un			JAUDYK010004395.1	Chromosome		NW_026700412.1	unplaced-scaffold	31904			HAP1_SCAFFOLD_4542
GCA_030435755.1	Primary Assembly	Un			JAUDYK010004396.1	Chromosome		NW_026700413.1	unplaced-scaffold	37864			HAP1_SCAFFOLD_3639
GCA_030435755.1	Primary Assembly	Un			JAUDYK010004397.1	Chromosome		NW_026700414.1	unplaced-scaffold	117558			HAP1_SCAFFOLD_567
GCA_030435755.1	Primary Assembly	Un			JAUDYK010004398.1	Chromosome		NW_026700415.1	unplaced-scaffold	21536			HAP1_SCAFFOLD_5777
GCA_030435755.1	Primary Assembly	Un			JAUDYK010004399.1	Chromosome		NW_026700416.1	unplaced-scaffold	56802			HAP1_SCAFFOLD_1868
GCA_030435755.1	Primary Assembly	Un			JAUDYK010004400.1	Chromosome		NW_026700417.1	unplaced-scaffold	29169			HAP1_SCAFFOLD_4979
GCA_030435755.1	Primary Assembly	Un			JAUDYK010004401.1	Chromosome		NW_026700418.1	unplaced-scaffold	59190			HAP1_SCAFFOLD_1736
GCA_030435755.1	Primary Assembly	Un			JAUDYK010004402.1	Chromosome		NW_026700419.1	unplaced-scaffold	45524			HAP1_SCAFFOLD_2727
GCA_030435755.1	Primary Assembly	Un			JAUDYK010004403.1	Chromosome		NW_026700420.1	unplaced-scaffold	198332			HAP1_SCAFFOLD_262
GCA_030435755.1	Primary Assembly	Un			JAUDYK010004404.1	Chromosome		NW_026700421.1	unplaced-scaffold	67056			HAP1_SCAFFOLD_1421
GCA_030435755.1	Primary Assembly	Un			JAUDYK010004405.1	Chromosome		NW_026700422.1	unplaced-scaffold	37172			HAP1_SCAFFOLD_3742
GCA_030435755.1	Primary Assembly	Un			JAUDYK010004406.1	Chromosome		NW_026700423.1	unplaced-scaffold	24239			HAP1_SCAFFOLD_5592
GCA_030435755.1	Primary Assembly	Un			JAUDYK010004407.1	Chromosome		NW_026700424.1	unplaced-scaffold	69826			HAP1_SCAFFOLD_1339
GCA_030435755.1	Primary Assembly	Un			JAUDYK010004408.1	Chromosome		NW_026700425.1	unplaced-scaffold	29498			HAP1_SCAFFOLD_4919
GCA_030435755.1	Primary Assembly	Un			JAUDYK010004409.1	Chromosome		NW_026700426.1	unplaced-scaffold	20071			HAP1_SCAFFOLD_5844
GCA_030435755.1	Primary Assembly	Un			JAUDYK010004410.1	Chromosome		NW_026700427.1	unplaced-scaffold	66083			HAP1_SCAFFOLD_1462
GCA_030435755.1	Primary Assembly	Un			JAUDYK010004411.1	Chromosome		NW_026700428.1	unplaced-scaffold	51237			HAP1_SCAFFOLD_2232
GCA_030435755.1	Primary Assembly	Un			JAUDYK010004412.1	Chromosome		NW_026700429.1	unplaced-scaffold	22714			HAP1_SCAFFOLD_5717
GCA_030435755.1	Primary Assembly	Un			JAUDYK010004413.1	Chromosome		NW_026700430.1	unplaced-scaffold	118158			HAP1_SCAFFOLD_561
GCA_030435755.1	Primary Assembly	Un			JAUDYK010004414.1	Chromosome		NW_026700431.1	unplaced-scaffold	26310			HAP1_SCAFFOLD_5354
GCA_030435755.1	Primary Assembly	Un			JAUDYK010004415.1	Chromosome		NW_026700432.1	unplaced-scaffold	29684			HAP1_SCAFFOLD_4894
GCA_030435755.1	Primary Assembly	Un			JAUDYK010004416.1	Chromosome		NW_026700433.1	unplaced-scaffold	28299			HAP1_SCAFFOLD_5094
GCA_030435755.1	Primary Assembly	Un			JAUDYK010004417.1	Chromosome		NW_026700434.1	unplaced-scaffold	43008			HAP1_SCAFFOLD_2982
GCA_030435755.1	Primary Assembly	Un			JAUDYK010004418.1	Chromosome		NW_026700435.1	unplaced-scaffold	70100			HAP1_SCAFFOLD_1328
GCA_030435755.1	Primary Assembly	Un			JAUDYK010004419.1	Chromosome		NW_026700436.1	unplaced-scaffold	253186			HAP1_SCAFFOLD_197
GCA_030435755.1	Primary Assembly	Un			JAUDYK010004420.1	Chromosome		NW_026700437.1	unplaced-scaffold	52409			HAP1_SCAFFOLD_2150
GCA_030435755.1	Primary Assembly	Un			JAUDYK010004421.1	Chromosome		NW_026700438.1	unplaced-scaffold	47620			HAP1_SCAFFOLD_2526
GCA_030435755.1	Primary Assembly	Un			JAUDYK010004422.1	Chromosome		NW_026700439.1	unplaced-scaffold	31957			HAP1_SCAFFOLD_4533
GCA_030435755.1	Primary Assembly	Un			JAUDYK010004423.1	Chromosome		NW_026700440.1	unplaced-scaffold	63916			HAP1_SCAFFOLD_1537
GCA_030435755.1	Primary Assembly	Un			JAUDYK010004424.1	Chromosome		NW_026700441.1	unplaced-scaffold	45203			HAP1_SCAFFOLD_2760
GCA_030435755.1	Primary Assembly	Un			JAUDYK010004425.1	Chromosome		NW_026700442.1	unplaced-scaffold	139673			HAP1_SCAFFOLD_433
GCA_030435755.1	Primary Assembly	Un			JAUDYK010004426.1	Chromosome		NW_026700443.1	unplaced-scaffold	37231			HAP1_SCAFFOLD_3733
GCA_030435755.1	Primary Assembly	Un			JAUDYK010004427.1	Chromosome		NW_026700444.1	unplaced-scaffold	52470			HAP1_SCAFFOLD_2147
GCA_030435755.1	Primary Assembly	Un			JAUDYK010004428.1	Chromosome		NW_026700445.1	unplaced-scaffold	105933			HAP1_SCAFFOLD_677
GCA_030435755.1	Primary Assembly	Un			JAUDYK010004429.1	Chromosome		NW_026700446.1	unplaced-scaffold	24346			HAP1_SCAFFOLD_5576
GCA_030435755.1	Primary Assembly	Un			JAUDYK010004430.1	Chromosome		NW_026700447.1	unplaced-scaffold	35073			HAP1_SCAFFOLD_4044
GCA_030435755.1	Primary Assembly	Un			JAUDYK010004431.1	Chromosome		NW_026700448.1	unplaced-scaffold	37942			HAP1_SCAFFOLD_3628
GCA_030435755.1	Primary Assembly	Un			JAUDYK010004432.1	Chromosome		NW_026700449.1	unplaced-scaffold	41820			HAP1_SCAFFOLD_3122
GCA_030435755.1	Primary Assembly	Un			JAUDYK010004433.1	Chromosome		NW_026700450.1	unplaced-scaffold	63004			HAP1_SCAFFOLD_1571
GCA_030435755.1	Primary Assembly	Un			JAUDYK010004434.1	Chromosome		NW_026700451.1	unplaced-scaffold	64571			HAP1_SCAFFOLD_1508
GCA_030435755.1	Primary Assembly	Un			JAUDYK010004435.1	Chromosome		NW_026700452.1	unplaced-scaffold	50775			HAP1_SCAFFOLD_2270
GCA_030435755.1	Primary Assembly	Un			JAUDYK010004436.1	Chromosome		NW_026700453.1	unplaced-scaffold	61461			HAP1_SCAFFOLD_1634
GCA_030435755.1	Primary Assembly	Un			JAUDYK010004437.1	Chromosome		NW_026700454.1	unplaced-scaffold	46580			HAP1_SCAFFOLD_2615
GCA_030435755.1	Primary Assembly	Un			JAUDYK010004438.1	Chromosome		NW_026700455.1	unplaced-scaffold	111157			HAP1_SCAFFOLD_626
GCA_030435755.1	Primary Assembly	Un			JAUDYK010004439.1	Chromosome		NW_026700456.1	unplaced-scaffold	50340			HAP1_SCAFFOLD_2306
GCA_030435755.1	Primary Assembly	Un			JAUDYK010004440.1	Chromosome		NW_026700457.1	unplaced-scaffold	40096			HAP1_SCAFFOLD_3334
GCA_030435755.1	Primary Assembly	Un			JAUDYK010004441.1	Chromosome		NW_026700458.1	unplaced-scaffold	101340			HAP1_SCAFFOLD_722
GCA_030435755.1	Primary Assembly	Un			JAUDYK010004442.1	Chromosome		NW_026700459.1	unplaced-scaffold	179430			HAP1_SCAFFOLD_304
GCA_030435755.1	Primary Assembly	Un			JAUDYK010004443.1	Chromosome		NW_026700460.1	unplaced-scaffold	48161			HAP1_SCAFFOLD_2492
GCA_030435755.1	Primary Assembly	Un			JAUDYK010004444.1	Chromosome		NW_026700461.1	unplaced-scaffold	45616			HAP1_SCAFFOLD_2709
GCA_030435755.1	Primary Assembly	Un			JAUDYK010004445.1	Chromosome		NW_026700462.1	unplaced-scaffold	27344			HAP1_SCAFFOLD_5220
GCA_030435755.1	Primary Assembly	Un			JAUDYK010004446.1	Chromosome		NW_026700463.1	unplaced-scaffold	55089			HAP1_SCAFFOLD_1959
GCA_030435755.1	Primary Assembly	Un			JAUDYK010004447.1	Chromosome		NW_026700464.1	unplaced-scaffold	44037			HAP1_SCAFFOLD_2883
GCA_030435755.1	Primary Assembly	Un			JAUDYK010004448.1	Chromosome		NW_026700465.1	unplaced-scaffold	27794			HAP1_SCAFFOLD_5163
GCA_030435755.1	Primary Assembly	Un			JAUDYK010004449.1	Chromosome		NW_026700466.1	unplaced-scaffold	58242			HAP1_SCAFFOLD_1790
GCA_030435755.1	Primary Assembly	Un			JAUDYK010004450.1	Chromosome		NW_026700467.1	unplaced-scaffold	55639			HAP1_SCAFFOLD_1925
GCA_030435755.1	Primary Assembly	Un			JAUDYK010004451.1	Chromosome		NW_026700468.1	unplaced-scaffold	22108			HAP1_SCAFFOLD_5753
GCA_030435755.1	Primary Assembly	Un			JAUDYK010004452.1	Chromosome		NW_026700469.1	unplaced-scaffold	49044			HAP1_SCAFFOLD_2416
GCA_030435755.1	Primary Assembly	Un			JAUDYK010004453.1	Chromosome		NW_026700470.1	unplaced-scaffold	150544			HAP1_SCAFFOLD_389
GCA_030435755.1	Primary Assembly	Un			JAUDYK010004454.1	Chromosome		NW_026700471.1	unplaced-scaffold	89084			HAP1_SCAFFOLD_900
GCA_030435755.1	Primary Assembly	Un			JAUDYK010004455.1	Chromosome		NW_026700472.1	unplaced-scaffold	164426			HAP1_SCAFFOLD_342
GCA_030435755.1	Primary Assembly	Un			JAUDYK010004456.1	Chromosome		NW_026700473.1	unplaced-scaffold	42029			HAP1_SCAFFOLD_3097
GCA_030435755.1	Primary Assembly	Un			JAUDYK010004457.1	Chromosome		NW_026700474.1	unplaced-scaffold	26147			HAP1_SCAFFOLD_5371
GCA_030435755.1	Primary Assembly	Un			JAUDYK010004458.1	Chromosome		NW_026700475.1	unplaced-scaffold	34906			HAP1_SCAFFOLD_4072
GCA_030435755.1	Primary Assembly	Un			JAUDYK010004459.1	Chromosome		NW_026700476.1	unplaced-scaffold	26627			HAP1_SCAFFOLD_5308
GCA_030435755.1	Primary Assembly	Un			JAUDYK010004460.1	Chromosome		NW_026700477.1	unplaced-scaffold	48797			HAP1_SCAFFOLD_2439
GCA_030435755.1	Primary Assembly	Un			JAUDYK010004461.1	Chromosome		NW_026700478.1	unplaced-scaffold	50209			HAP1_SCAFFOLD_2321
GCA_030435755.1	Primary Assembly	Un			JAUDYK010004462.1	Chromosome		NW_026700479.1	unplaced-scaffold	185633			HAP1_SCAFFOLD_290
GCA_030435755.1	Primary Assembly	Un			JAUDYK010004463.1	Chromosome		NW_026700480.1	unplaced-scaffold	71840			HAP1_SCAFFOLD_1269
GCA_030435755.1	Primary Assembly	Un			JAUDYK010004464.1	Chromosome		NW_026700481.1	unplaced-scaffold	27532			HAP1_SCAFFOLD_5195
GCA_030435755.1	Primary Assembly	Un			JAUDYK010004465.1	Chromosome		NW_026700482.1	unplaced-scaffold	40052			HAP1_SCAFFOLD_3340
GCA_030435755.1	Primary Assembly	Un			JAUDYK010004466.1	Chromosome		NW_026700483.1	unplaced-scaffold	37398			HAP1_SCAFFOLD_3714
GCA_030435755.1	Primary Assembly	Un			JAUDYK010004467.1	Chromosome		NW_026700484.1	unplaced-scaffold	61045			HAP1_SCAFFOLD_1657
GCA_030435755.1	Primary Assembly	Un			JAUDYK010004468.1	Chromosome		NW_026700485.1	unplaced-scaffold	290979			HAP1_SCAFFOLD_175
GCA_030435755.1	Primary Assembly	Un			JAUDYK010004469.1	Chromosome		NW_026700486.1	unplaced-scaffold	44604			HAP1_SCAFFOLD_2822
GCA_030435755.1	Primary Assembly	Un			JAUDYK010004470.1	Chromosome		NW_026700487.1	unplaced-scaffold	36615			HAP1_SCAFFOLD_3847
GCA_030435755.1	Primary Assembly	Un			JAUDYK010004471.1	Chromosome		NW_026700488.1	unplaced-scaffold	36581			HAP1_SCAFFOLD_3850
GCA_030435755.1	Primary Assembly	Un			JAUDYK010004472.1	Chromosome		NW_026700489.1	unplaced-scaffold	19341			HAP1_SCAFFOLD_5872
GCA_030435755.1	Primary Assembly	Un			JAUDYK010004473.1	Chromosome		NW_026700490.1	unplaced-scaffold	25723			HAP1_SCAFFOLD_5418
GCA_030435755.1	Primary Assembly	Un			JAUDYK010004474.1	Chromosome		NW_026700491.1	unplaced-scaffold	104733			HAP1_SCAFFOLD_695
GCA_030435755.1	Primary Assembly	Un			JAUDYK010004475.1	Chromosome		NW_026700492.1	unplaced-scaffold	31339			HAP1_SCAFFOLD_4653
GCA_030435755.1	Primary Assembly	Un			JAUDYK010004476.1	Chromosome		NW_026700493.1	unplaced-scaffold	61364			HAP1_SCAFFOLD_1640
GCA_030435755.1	Primary Assembly	Un			JAUDYK010004477.1	Chromosome		NW_026700494.1	unplaced-scaffold	498272			HAP1_SCAFFOLD_116
GCA_030435755.1	Primary Assembly	Un			JAUDYK010004478.1	Chromosome		NW_026700495.1	unplaced-scaffold	36093			HAP1_SCAFFOLD_3911
GCA_030435755.1	Primary Assembly	Un			JAUDYK010004479.1	Chromosome		NW_026700496.1	unplaced-scaffold	32077			HAP1_SCAFFOLD_4514
GCA_030435755.1	Primary Assembly	Un			JAUDYK010004480.1	Chromosome		NW_026700497.1	unplaced-scaffold	39879			HAP1_SCAFFOLD_3357
GCA_030435755.1	Primary Assembly	Un			JAUDYK010004481.1	Chromosome		NW_026700498.1	unplaced-scaffold	34419			HAP1_SCAFFOLD_4145
GCA_030435755.1	Primary Assembly	Un			JAUDYK010004482.1	Chromosome		NW_026700499.1	unplaced-scaffold	40259			HAP1_SCAFFOLD_3313
GCA_030435755.1	Primary Assembly	Un			JAUDYK010004483.1	Chromosome		NW_026700500.1	unplaced-scaffold	132287			HAP1_SCAFFOLD_471
GCA_030435755.1	Primary Assembly	Un			JAUDYK010004484.1	Chromosome		NW_026700501.1	unplaced-scaffold	50416			HAP1_SCAFFOLD_2299
GCA_030435755.1	Primary Assembly	Un			JAUDYK010004485.1	Chromosome		NW_026700502.1	unplaced-scaffold	31476			HAP1_SCAFFOLD_4617
GCA_030435755.1	Primary Assembly	Un			JAUDYK010004486.1	Chromosome		NW_026700503.1	unplaced-scaffold	35233			HAP1_SCAFFOLD_4030
GCA_030435755.1	Primary Assembly	Un			JAUDYK010004487.1	Chromosome		NW_026700504.1	unplaced-scaffold	33432			HAP1_SCAFFOLD_4286
GCA_030435755.1	Primary Assembly	Un			JAUDYK010004488.1	Chromosome		NW_026700505.1	unplaced-scaffold	38963			HAP1_SCAFFOLD_3475
GCA_030435755.1	Primary Assembly	Un			JAUDYK010004489.1	Chromosome		NW_026700506.1	unplaced-scaffold	18313			HAP1_SCAFFOLD_5905
GCA_030435755.1	Primary Assembly	Un			JAUDYK010004490.1	Chromosome		NW_026700507.1	unplaced-scaffold	61900			HAP1_SCAFFOLD_1613
GCA_030435755.1	Primary Assembly	Un			JAUDYK010004491.1	Chromosome		NW_026700508.1	unplaced-scaffold	63516			HAP1_SCAFFOLD_1554
GCA_030435755.1	Primary Assembly	Un			JAUDYK010004492.1	Chromosome		NW_026700509.1	unplaced-scaffold	162271			HAP1_SCAFFOLD_351
GCA_030435755.1	Primary Assembly	Un			JAUDYK010004493.1	Chromosome		NW_026700510.1	unplaced-scaffold	236220			HAP1_SCAFFOLD_219
GCA_030435755.1	Primary Assembly	Un			JAUDYK010004494.1	Chromosome		NW_026700511.1	unplaced-scaffold	58413			HAP1_SCAFFOLD_1779
GCA_030435755.1	Primary Assembly	Un			JAUDYK010004495.1	Chromosome		NW_026700512.1	unplaced-scaffold	29392			HAP1_SCAFFOLD_4936
GCA_030435755.1	Primary Assembly	Un			JAUDYK010004496.1	Chromosome		NW_026700513.1	unplaced-scaffold	43595			HAP1_SCAFFOLD_2923
GCA_030435755.1	Primary Assembly	Un			JAUDYK010004497.1	Chromosome		NW_026700514.1	unplaced-scaffold	32628			HAP1_SCAFFOLD_4424
GCA_030435755.1	Primary Assembly	Un			JAUDYK010004498.1	Chromosome		NW_026700515.1	unplaced-scaffold	37647			HAP1_SCAFFOLD_3676
GCA_030435755.1	Primary Assembly	Un			JAUDYK010004499.1	Chromosome		NW_026700516.1	unplaced-scaffold	24905			HAP1_SCAFFOLD_5528
GCA_030435755.1	Primary Assembly	Un			JAUDYK010004500.1	Chromosome		NW_026700517.1	unplaced-scaffold	68326			HAP1_SCAFFOLD_1376
GCA_030435755.1	Primary Assembly	Un			JAUDYK010004501.1	Chromosome		NW_026700518.1	unplaced-scaffold	56380			HAP1_SCAFFOLD_1885
GCA_030435755.1	Primary Assembly	Un			JAUDYK010004502.1	Chromosome		NW_026700519.1	unplaced-scaffold	20258			HAP1_SCAFFOLD_5830
GCA_030435755.1	Primary Assembly	Un			JAUDYK010004503.1	Chromosome		NW_026700520.1	unplaced-scaffold	74093			HAP1_SCAFFOLD_1200
GCA_030435755.1	Primary Assembly	Un			JAUDYK010004504.1	Chromosome		NW_026700521.1	unplaced-scaffold	48003			HAP1_SCAFFOLD_2501
GCA_030435755.1	Primary Assembly	Un			JAUDYK010004505.1	Chromosome		NW_026700522.1	unplaced-scaffold	26379			HAP1_SCAFFOLD_5337
GCA_030435755.1	Primary Assembly	Un			JAUDYK010004506.1	Chromosome		NW_026700523.1	unplaced-scaffold	46955			HAP1_SCAFFOLD_2578
GCA_030435755.1	Primary Assembly	Un			JAUDYK010004507.1	Chromosome		NW_026700524.1	unplaced-scaffold	39537			HAP1_SCAFFOLD_3403
GCA_030435755.1	Primary Assembly	Un			JAUDYK010004508.1	Chromosome		NW_026700525.1	unplaced-scaffold	96853			HAP1_SCAFFOLD_783
GCA_030435755.1	Primary Assembly	Un			JAUDYK010004509.1	Chromosome		NW_026700526.1	unplaced-scaffold	41304			HAP1_SCAFFOLD_3183
GCA_030435755.1	Primary Assembly	Un			JAUDYK010004510.1	Chromosome		NW_026700527.1	unplaced-scaffold	38045			HAP1_SCAFFOLD_3609
GCA_030435755.1	Primary Assembly	Un			JAUDYK010004511.1	Chromosome		NW_026700528.1	unplaced-scaffold	136990			HAP1_SCAFFOLD_447
GCA_030435755.1	Primary Assembly	Un			JAUDYK010004512.1	Chromosome		NW_026700529.1	unplaced-scaffold	53833			HAP1_SCAFFOLD_2047
GCA_030435755.1	Primary Assembly	Un			JAUDYK010004513.1	Chromosome		NW_026700530.1	unplaced-scaffold	32076			HAP1_SCAFFOLD_4515
GCA_030435755.1	Primary Assembly	Un			JAUDYK010004514.1	Chromosome		NW_026700531.1	unplaced-scaffold	34421			HAP1_SCAFFOLD_4144
GCA_030435755.1	Primary Assembly	Un			JAUDYK010004515.1	Chromosome		NW_026700532.1	unplaced-scaffold	59995			HAP1_SCAFFOLD_1706
GCA_030435755.1	Primary Assembly	Un			JAUDYK010004516.1	Chromosome		NW_026700533.1	unplaced-scaffold	42646			HAP1_SCAFFOLD_3022
GCA_030435755.1	Primary Assembly	Un			JAUDYK010004517.1	Chromosome		NW_026700534.1	unplaced-scaffold	26955			HAP1_SCAFFOLD_5268
GCA_030435755.1	Primary Assembly	Un			JAUDYK010004518.1	Chromosome		NW_026700535.1	unplaced-scaffold	37394			HAP1_SCAFFOLD_3715
GCA_030435755.1	Primary Assembly	Un			JAUDYK010004519.1	Chromosome		NW_026700536.1	unplaced-scaffold	27532			HAP1_SCAFFOLD_5194
GCA_030435755.1	Primary Assembly	Un			JAUDYK010004520.1	Chromosome		NW_026700537.1	unplaced-scaffold	70773			HAP1_SCAFFOLD_1309
GCA_030435755.1	Primary Assembly	Un			JAUDYK010004521.1	Chromosome		NW_026700538.1	unplaced-scaffold	53743			HAP1_SCAFFOLD_2050
GCA_030435755.1	Primary Assembly	Un			JAUDYK010004522.1	Chromosome		NW_026700539.1	unplaced-scaffold	67091			HAP1_SCAFFOLD_1419
GCA_030435755.1	Primary Assembly	Un			JAUDYK010004523.1	Chromosome		NW_026700540.1	unplaced-scaffold	29264			HAP1_SCAFFOLD_4962
GCA_030435755.1	Primary Assembly	Un			JAUDYK010004524.1	Chromosome		NW_026700541.1	unplaced-scaffold	43902			HAP1_SCAFFOLD_2897
GCA_030435755.1	Primary Assembly	Un			JAUDYK010004525.1	Chromosome		NW_026700542.1	unplaced-scaffold	38256			HAP1_SCAFFOLD_3580
GCA_030435755.1	Primary Assembly	Un			JAUDYK010004526.1	Chromosome		NW_026700543.1	unplaced-scaffold	49253			HAP1_SCAFFOLD_2390
GCA_030435755.1	Primary Assembly	Un			JAUDYK010004527.1	Chromosome		NW_026700544.1	unplaced-scaffold	30504			HAP1_SCAFFOLD_4780
GCA_030435755.1	Primary Assembly	Un			JAUDYK010004528.1	Chromosome		NW_026700545.1	unplaced-scaffold	43211			HAP1_SCAFFOLD_2956
GCA_030435755.1	Primary Assembly	Un			JAUDYK010004529.1	Chromosome		NW_026700546.1	unplaced-scaffold	618360			HAP1_SCAFFOLD_94
GCA_030435755.1	Primary Assembly	Un			JAUDYK010004530.1	Chromosome		NW_026700547.1	unplaced-scaffold	32376			HAP1_SCAFFOLD_4459
GCA_030435755.1	Primary Assembly	Un			JAUDYK010004531.1	Chromosome		NW_026700548.1	unplaced-scaffold	56426			HAP1_SCAFFOLD_1884
GCA_030435755.1	Primary Assembly	Un			JAUDYK010004532.1	Chromosome		NW_026700549.1	unplaced-scaffold	40791			HAP1_SCAFFOLD_3249
GCA_030435755.1	Primary Assembly	Un			JAUDYK010004533.1	Chromosome		NW_026700550.1	unplaced-scaffold	32620			HAP1_SCAFFOLD_4425
GCA_030435755.1	Primary Assembly	Un			JAUDYK010004534.1	Chromosome		NW_026700551.1	unplaced-scaffold	28575			HAP1_SCAFFOLD_5063
GCA_030435755.1	Primary Assembly	Un			JAUDYK010004535.1	Chromosome		NW_026700552.1	unplaced-scaffold	45506			HAP1_SCAFFOLD_2728
GCA_030435755.1	Primary Assembly	Un			JAUDYK010004536.1	Chromosome		NW_026700553.1	unplaced-scaffold	38964			HAP1_SCAFFOLD_3474
GCA_030435755.1	Primary Assembly	Un			JAUDYK010004537.1	Chromosome		NW_026700554.1	unplaced-scaffold	29853			HAP1_SCAFFOLD_4863
GCA_030435755.1	Primary Assembly	Un			JAUDYK010004538.1	Chromosome		NW_026700555.1	unplaced-scaffold	31438			HAP1_SCAFFOLD_4626
GCA_030435755.1	Primary Assembly	Un			JAUDYK010004539.1	Chromosome		NW_026700556.1	unplaced-scaffold	63504			HAP1_SCAFFOLD_1555
GCA_030435755.1	Primary Assembly	Un			JAUDYK010004540.1	Chromosome		NW_026700557.1	unplaced-scaffold	46369			HAP1_SCAFFOLD_2633
GCA_030435755.1	Primary Assembly	Un			JAUDYK010004541.1	Chromosome		NW_026700558.1	unplaced-scaffold	174663			HAP1_SCAFFOLD_314
GCA_030435755.1	Primary Assembly	Un			JAUDYK010004542.1	Chromosome		NW_026700559.1	unplaced-scaffold	18328			HAP1_SCAFFOLD_5904
GCA_030435755.1	Primary Assembly	Un			JAUDYK010004543.1	Chromosome		NW_026700560.1	unplaced-scaffold	37733			HAP1_SCAFFOLD_3660
GCA_030435755.1	Primary Assembly	Un			JAUDYK010004544.1	Chromosome		NW_026700561.1	unplaced-scaffold	68825			HAP1_SCAFFOLD_1360
GCA_030435755.1	Primary Assembly	Un			JAUDYK010004545.1	Chromosome		NW_026700562.1	unplaced-scaffold	21511			HAP1_SCAFFOLD_5778
GCA_030435755.1	Primary Assembly	Un			JAUDYK010004546.1	Chromosome		NW_026700563.1	unplaced-scaffold	22948			HAP1_SCAFFOLD_5701
GCA_030435755.1	Primary Assembly	Un			JAUDYK010004547.1	Chromosome		NW_026700564.1	unplaced-scaffold	56804			HAP1_SCAFFOLD_1867
GCA_030435755.1	Primary Assembly	Un			JAUDYK010004548.1	Chromosome		NW_026700565.1	unplaced-scaffold	64044			HAP1_SCAFFOLD_1529
GCA_030435755.1	Primary Assembly	Un			JAUDYK010004549.1	Chromosome		NW_026700566.1	unplaced-scaffold	47791			HAP1_SCAFFOLD_2517
GCA_030435755.1	Primary Assembly	Un			JAUDYK010004550.1	Chromosome		NW_026700567.1	unplaced-scaffold	89577			HAP1_SCAFFOLD_887
GCA_030435755.1	Primary Assembly	Un			JAUDYK010004551.1	Chromosome		NW_026700568.1	unplaced-scaffold	540553			HAP1_SCAFFOLD_106
GCA_030435755.1	Primary Assembly	Un			JAUDYK010004552.1	Chromosome		NW_026700569.1	unplaced-scaffold	35055			HAP1_SCAFFOLD_4045
GCA_030435755.1	Primary Assembly	Un			JAUDYK010004553.1	Chromosome		NW_026700570.1	unplaced-scaffold	28294			HAP1_SCAFFOLD_5095
GCA_030435755.1	Primary Assembly	Un			JAUDYK010004554.1	Chromosome		NW_026700571.1	unplaced-scaffold	71167			HAP1_SCAFFOLD_1296
GCA_030435755.1	Primary Assembly	Un			JAUDYK010004555.1	Chromosome		NW_026700572.1	unplaced-scaffold	40508			HAP1_SCAFFOLD_3288
GCA_030435755.1	Primary Assembly	Un			JAUDYK010004556.1	Chromosome		NW_026700573.1	unplaced-scaffold	26300			HAP1_SCAFFOLD_5355
GCA_030435755.1	Primary Assembly	Un			JAUDYK010004557.1	Chromosome		NW_026700574.1	unplaced-scaffold	22543			HAP1_SCAFFOLD_5726
GCA_030435755.1	Primary Assembly	Un			JAUDYK010004558.1	Chromosome		NW_026700575.1	unplaced-scaffold	49356			HAP1_SCAFFOLD_2379
GCA_030435755.1	Primary Assembly	Un			JAUDYK010004559.1	Chromosome		NW_026700576.1	unplaced-scaffold	108093			HAP1_SCAFFOLD_652
GCA_030435755.1	Primary Assembly	Un			JAUDYK010004560.1	Chromosome		NW_026700577.1	unplaced-scaffold	29683			HAP1_SCAFFOLD_4895
GCA_030435755.1	Primary Assembly	Un			JAUDYK010004561.1	Chromosome		NW_026700578.1	unplaced-scaffold	20039			HAP1_SCAFFOLD_5845
GCA_030435755.1	Primary Assembly	Un			JAUDYK010004562.1	Chromosome		NW_026700579.1	unplaced-scaffold	35943			HAP1_SCAFFOLD_3938
GCA_030435755.1	Primary Assembly	Un			JAUDYK010004563.1	Chromosome		NW_026700580.1	unplaced-scaffold	26491			HAP1_SCAFFOLD_5329
GCA_030435755.1	Primary Assembly	Un			JAUDYK010004564.1	Chromosome		NW_026700581.1	unplaced-scaffold	88793			HAP1_SCAFFOLD_910
GCA_030435755.1	Primary Assembly	Un			JAUDYK010004565.1	Chromosome		NW_026700582.1	unplaced-scaffold	45027			HAP1_SCAFFOLD_2776
GCA_030435755.1	Primary Assembly	Un			JAUDYK010004566.1	Chromosome		NW_026700583.1	unplaced-scaffold	98791			HAP1_SCAFFOLD_756
GCA_030435755.1	Primary Assembly	Un			JAUDYK010004567.1	Chromosome		NW_026700584.1	unplaced-scaffold	86478			HAP1_SCAFFOLD_948
GCA_030435755.1	Primary Assembly	Un			JAUDYK010004568.1	Chromosome		NW_026700585.1	unplaced-scaffold	25636			HAP1_SCAFFOLD_5431
GCA_030435755.1	Primary Assembly	Un			JAUDYK010004569.1	Chromosome		NW_026700586.1	unplaced-scaffold	41178			HAP1_SCAFFOLD_3197
GCA_030435755.1	Primary Assembly	Un			JAUDYK010004570.1	Chromosome		NW_026700587.1	unplaced-scaffold	24576			HAP1_SCAFFOLD_5560
GCA_030435755.1	Primary Assembly	Un			JAUDYK010004571.1	Chromosome		NW_026700588.1	unplaced-scaffold	31552			HAP1_SCAFFOLD_4601
GCA_030435755.1	Primary Assembly	Un			JAUDYK010004572.1	Chromosome		NW_026700589.1	unplaced-scaffold	34240			HAP1_SCAFFOLD_4172
GCA_030435755.1	Primary Assembly	Un			JAUDYK010004573.1	Chromosome		NW_026700590.1	unplaced-scaffold	31184			HAP1_SCAFFOLD_4678
GCA_030435755.1	Primary Assembly	Un			JAUDYK010004574.1	Chromosome		NW_026700591.1	unplaced-scaffold	73689			HAP1_SCAFFOLD_1212
GCA_030435755.1	Primary Assembly	Un			JAUDYK010004575.1	Chromosome		NW_026700592.1	unplaced-scaffold	55650			HAP1_SCAFFOLD_1924
GCA_030435755.1	Primary Assembly	Un			JAUDYK010004576.1	Chromosome		NW_026700593.1	unplaced-scaffold	36109			HAP1_SCAFFOLD_3907
GCA_030435755.1	Primary Assembly	Un			JAUDYK010004577.1	Chromosome		NW_026700594.1	unplaced-scaffold	66635			HAP1_SCAFFOLD_1436
GCA_030435755.1	Primary Assembly	Un			JAUDYK010004578.1	Chromosome		NW_026700595.1	unplaced-scaffold	83437			HAP1_SCAFFOLD_999
GCA_030435755.1	Primary Assembly	Un			JAUDYK010004579.1	Chromosome		NW_026700596.1	unplaced-scaffold	50800			HAP1_SCAFFOLD_2266
GCA_030435755.1	Primary Assembly	Un			JAUDYK010004580.1	Chromosome		NW_026700597.1	unplaced-scaffold	25324			HAP1_SCAFFOLD_5477
GCA_030435755.1	Primary Assembly	Un			JAUDYK010004581.1	Chromosome		NW_026700598.1	unplaced-scaffold	110894			HAP1_SCAFFOLD_630
GCA_030435755.1	Primary Assembly	Un			JAUDYK010004582.1	Chromosome		NW_026700599.1	unplaced-scaffold	42137			HAP1_SCAFFOLD_3083
GCA_030435755.1	Primary Assembly	Un			JAUDYK010004583.1	Chromosome		NW_026700600.1	unplaced-scaffold	246845			HAP1_SCAFFOLD_209
GCA_030435755.1	Primary Assembly	Un			JAUDYK010004584.1	Chromosome		NW_026700601.1	unplaced-scaffold	39160			HAP1_SCAFFOLD_3442
GCA_030435755.1	Primary Assembly	Un			JAUDYK010004585.1	Chromosome		NW_026700602.1	unplaced-scaffold	25053			HAP1_SCAFFOLD_5509
GCA_030435755.1	Primary Assembly	Un			JAUDYK010004586.1	Chromosome		NW_026700603.1	unplaced-scaffold	48930			HAP1_SCAFFOLD_2427
GCA_030435755.1	Primary Assembly	Un			JAUDYK010004587.1	Chromosome		NW_026700604.1	unplaced-scaffold	33700			HAP1_SCAFFOLD_4252
GCA_030435755.1	Primary Assembly	Un			JAUDYK010004588.1	Chromosome		NW_026700605.1	unplaced-scaffold	59548			HAP1_SCAFFOLD_1721
GCA_030435755.1	Primary Assembly	Un			JAUDYK010004589.1	Chromosome		NW_026700606.1	unplaced-scaffold	221899			HAP1_SCAFFOLD_235
GCA_030435755.1	Primary Assembly	Un			JAUDYK010004590.1	Chromosome		NW_026700607.1	unplaced-scaffold	40096			HAP1_SCAFFOLD_3335
GCA_030435755.1	Primary Assembly	Un			JAUDYK010004591.1	Chromosome		NW_026700608.1	unplaced-scaffold	26774			HAP1_SCAFFOLD_5291
GCA_030435755.1	Primary Assembly	Un			JAUDYK010004592.1	Chromosome		NW_026700609.1	unplaced-scaffold	98044			HAP1_SCAFFOLD_768
GCA_030435755.1	Primary Assembly	Un			JAUDYK010004593.1	Chromosome		NW_026700610.1	unplaced-scaffold	33780			HAP1_SCAFFOLD_4241
GCA_030435755.1	Primary Assembly	Un			JAUDYK010004594.1	Chromosome		NW_026700611.1	unplaced-scaffold	188353			HAP1_SCAFFOLD_284
GCA_030435755.1	Primary Assembly	Un			JAUDYK010004595.1	Chromosome		NW_026700612.1	unplaced-scaffold	109728			HAP1_SCAFFOLD_641
GCA_030435755.1	Primary Assembly	Un			JAUDYK010004596.1	Chromosome		NW_026700613.1	unplaced-scaffold	23270			HAP1_SCAFFOLD_5680
GCA_030435755.1	Primary Assembly	Un			JAUDYK010004597.1	Chromosome		NW_026700614.1	unplaced-scaffold	34517			HAP1_SCAFFOLD_4130
GCA_030435755.1	Primary Assembly	Un			JAUDYK010004598.1	Chromosome		NW_026700615.1	unplaced-scaffold	46583			HAP1_SCAFFOLD_2614
GCA_030435755.1	Primary Assembly	Un			JAUDYK010004599.1	Chromosome		NW_026700616.1	unplaced-scaffold	47301			HAP1_SCAFFOLD_2553
GCA_030435755.1	Primary Assembly	Un			JAUDYK010004600.1	Chromosome		NW_026700617.1	unplaced-scaffold	39128			HAP1_SCAFFOLD_3451
GCA_030435755.1	Primary Assembly	Un			JAUDYK010004601.1	Chromosome		NW_026700618.1	unplaced-scaffold	61456			HAP1_SCAFFOLD_1635
GCA_030435755.1	Primary Assembly	Un			JAUDYK010004602.1	Chromosome		NW_026700619.1	unplaced-scaffold	56015			HAP1_SCAFFOLD_1910
GCA_030435755.1	Primary Assembly	Un			JAUDYK010004603.1	Chromosome		NW_026700620.1	unplaced-scaffold	78862			HAP1_SCAFFOLD_1092
GCA_030435755.1	Primary Assembly	Un			JAUDYK010004604.1	Chromosome		NW_026700621.1	unplaced-scaffold	37858			HAP1_SCAFFOLD_3641
GCA_030435755.1	Primary Assembly	Un			JAUDYK010004605.1	Chromosome		NW_026700622.1	unplaced-scaffold	57022			HAP1_SCAFFOLD_1851
GCA_030435755.1	Primary Assembly	Un			JAUDYK010004606.1	Chromosome		NW_026700623.1	unplaced-scaffold	28212			HAP1_SCAFFOLD_5107
GCA_030435755.1	Primary Assembly	Un			JAUDYK010004607.1	Chromosome		NW_026700624.1	unplaced-scaffold	113419			HAP1_SCAFFOLD_603
GCA_030435755.1	Primary Assembly	Un			JAUDYK010004608.1	Chromosome		NW_026700625.1	unplaced-scaffold	69581			HAP1_SCAFFOLD_1341
GCA_030435755.1	Primary Assembly	Un			JAUDYK010004609.1	Chromosome		NW_026700626.1	unplaced-scaffold	42207			HAP1_SCAFFOLD_3073
GCA_030435755.1	Primary Assembly	Un			JAUDYK010004610.1	Chromosome		NW_026700627.1	unplaced-scaffold	25226			HAP1_SCAFFOLD_5487
GCA_030435755.1	Primary Assembly	Un			JAUDYK010004611.1	Chromosome		NW_026700628.1	unplaced-scaffold	25402			HAP1_SCAFFOLD_5464
GCA_030435755.1	Primary Assembly	Un			JAUDYK010004612.1	Chromosome		NW_026700629.1	unplaced-scaffold	57187			HAP1_SCAFFOLD_1842
GCA_030435755.1	Primary Assembly	Un			JAUDYK010004613.1	Chromosome		NW_026700630.1	unplaced-scaffold	98088			HAP1_SCAFFOLD_767
GCA_030435755.1	Primary Assembly	Un			JAUDYK010004614.1	Chromosome		NW_026700631.1	unplaced-scaffold	44774			HAP1_SCAFFOLD_2804
GCA_030435755.1	Primary Assembly	Un			JAUDYK010004615.1	Chromosome		NW_026700632.1	unplaced-scaffold	23378			HAP1_SCAFFOLD_5670
GCA_030435755.1	Primary Assembly	Un			JAUDYK010004616.1	Chromosome		NW_026700633.1	unplaced-scaffold	31717			HAP1_SCAFFOLD_4568
GCA_030435755.1	Primary Assembly	Un			JAUDYK010004617.1	Chromosome		NW_026700634.1	unplaced-scaffold	41562			HAP1_SCAFFOLD_3158
GCA_030435755.1	Primary Assembly	Un			JAUDYK010004618.1	Chromosome		NW_026700635.1	unplaced-scaffold	37764			HAP1_SCAFFOLD_3652
GCA_030435755.1	Primary Assembly	Un			JAUDYK010004619.1	Chromosome		NW_026700636.1	unplaced-scaffold	27362			HAP1_SCAFFOLD_5215
GCA_030435755.1	Primary Assembly	Un			JAUDYK010004620.1	Chromosome		NW_026700637.1	unplaced-scaffold	82510			HAP1_SCAFFOLD_1016
GCA_030435755.1	Primary Assembly	Un			JAUDYK010004621.1	Chromosome		NW_026700638.1	unplaced-scaffold	37017			HAP1_SCAFFOLD_3768
GCA_030435755.1	Primary Assembly	Un			JAUDYK010004622.1	Chromosome		NW_026700639.1	unplaced-scaffold	68993			HAP1_SCAFFOLD_1352
GCA_030435755.1	Primary Assembly	Un			JAUDYK010004623.1	Chromosome		NW_026700640.1	unplaced-scaffold	36659			HAP1_SCAFFOLD_3836
GCA_030435755.1	Primary Assembly	Un			JAUDYK010004624.1	Chromosome		NW_026700641.1	unplaced-scaffold	42776			HAP1_SCAFFOLD_3005
GCA_030435755.1	Primary Assembly	Un			JAUDYK010004625.1	Chromosome		NW_026700642.1	unplaced-scaffold	46524			HAP1_SCAFFOLD_2620
GCA_030435755.1	Primary Assembly	Un			JAUDYK010004626.1	Chromosome		NW_026700643.1	unplaced-scaffold	41159			HAP1_SCAFFOLD_3201
GCA_030435755.1	Primary Assembly	Un			JAUDYK010004627.1	Chromosome		NW_026700644.1	unplaced-scaffold	40541			HAP1_SCAFFOLD_3278
GCA_030435755.1	Primary Assembly	Un			JAUDYK010004628.1	Chromosome		NW_026700645.1	unplaced-scaffold	52831			HAP1_SCAFFOLD_2119
GCA_030435755.1	Primary Assembly	Un			JAUDYK010004629.1	Chromosome		NW_026700646.1	unplaced-scaffold	35007			HAP1_SCAFFOLD_4056
GCA_030435755.1	Primary Assembly	Un			JAUDYK010004630.1	Chromosome		NW_026700647.1	unplaced-scaffold	28938			HAP1_SCAFFOLD_5011
GCA_030435755.1	Primary Assembly	Un			JAUDYK010004631.1	Chromosome		NW_026700648.1	unplaced-scaffold	33279			HAP1_SCAFFOLD_4312
GCA_030435755.1	Primary Assembly	Un			JAUDYK010004632.1	Chromosome		NW_026700649.1	unplaced-scaffold	89548			HAP1_SCAFFOLD_888
GCA_030435755.1	Primary Assembly	Un			JAUDYK010004633.1	Chromosome		NW_026700650.1	unplaced-scaffold	53543			HAP1_SCAFFOLD_2062
GCA_030435755.1	Primary Assembly	Un			JAUDYK010004634.1	Chromosome		NW_026700651.1	unplaced-scaffold	55316			HAP1_SCAFFOLD_1943
GCA_030435755.1	Primary Assembly	Un			JAUDYK010004635.1	Chromosome		NW_026700652.1	unplaced-scaffold	29327			HAP1_SCAFFOLD_4950
GCA_030435755.1	Primary Assembly	Un			JAUDYK010004636.1	Chromosome		NW_026700653.1	unplaced-scaffold	26333			HAP1_SCAFFOLD_5346
GCA_030435755.1	Primary Assembly	Un			JAUDYK010004637.1	Chromosome		NW_026700654.1	unplaced-scaffold	86761			HAP1_SCAFFOLD_947
GCA_030435755.1	Primary Assembly	Un			JAUDYK010004638.1	Chromosome		NW_026700655.1	unplaced-scaffold	44907			HAP1_SCAFFOLD_2786
GCA_030435755.1	Primary Assembly	Un			JAUDYK010004639.1	Chromosome		NW_026700656.1	unplaced-scaffold	32761			HAP1_SCAFFOLD_4402
GCA_030435755.1	Primary Assembly	Un			JAUDYK010004640.1	Chromosome		NW_026700657.1	unplaced-scaffold	235407			HAP1_SCAFFOLD_221
GCA_030435755.1	Primary Assembly	Un			JAUDYK010004641.1	Chromosome		NW_026700658.1	unplaced-scaffold	30243			HAP1_SCAFFOLD_4811
GCA_030435755.1	Primary Assembly	Un			JAUDYK010004642.1	Chromosome		NW_026700659.1	unplaced-scaffold	34181			HAP1_SCAFFOLD_4182
GCA_030435755.1	Primary Assembly	Un			JAUDYK010004643.1	Chromosome		NW_026700660.1	unplaced-scaffold	31105			HAP1_SCAFFOLD_4688
GCA_030435755.1	Primary Assembly	Un			JAUDYK010004644.1	Chromosome		NW_026700661.1	unplaced-scaffold	23743			HAP1_SCAFFOLD_5632
GCA_030435755.1	Primary Assembly	Un			JAUDYK010004645.1	Chromosome		NW_026700662.1	unplaced-scaffold	28003			HAP1_SCAFFOLD_5138
GCA_030435755.1	Primary Assembly	Un			JAUDYK010004646.1	Chromosome		NW_026700663.1	unplaced-scaffold	30341			HAP1_SCAFFOLD_4799
GCA_030435755.1	Primary Assembly	Un			JAUDYK010004647.1	Chromosome		NW_026700664.1	unplaced-scaffold	19751			HAP1_SCAFFOLD_5856
GCA_030435755.1	Primary Assembly	Un			JAUDYK010004648.1	Chromosome		NW_026700665.1	unplaced-scaffold	22174			HAP1_SCAFFOLD_5749
GCA_030435755.1	Primary Assembly	Un			JAUDYK010004649.1	Chromosome		NW_026700666.1	unplaced-scaffold	38121			HAP1_SCAFFOLD_3599
GCA_030435755.1	Primary Assembly	Un			JAUDYK010004650.1	Chromosome		NW_026700667.1	unplaced-scaffold	49271			HAP1_SCAFFOLD_2389
GCA_030435755.1	Primary Assembly	Un			JAUDYK010004651.1	Chromosome		NW_026700668.1	unplaced-scaffold	29339			HAP1_SCAFFOLD_4947
GCA_030435755.1	Primary Assembly	Un			JAUDYK010004652.1	Chromosome		NW_026700669.1	unplaced-scaffold	32804			HAP1_SCAFFOLD_4396
GCA_030435755.1	Primary Assembly	Un			JAUDYK010004653.1	Chromosome		NW_026700670.1	unplaced-scaffold	39013			HAP1_SCAFFOLD_3467
GCA_030435755.1	Primary Assembly	Un			JAUDYK010004654.1	Chromosome		NW_026700671.1	unplaced-scaffold	56662			HAP1_SCAFFOLD_1874
GCA_030435755.1	Primary Assembly	Un			JAUDYK010004655.1	Chromosome		NW_026700672.1	unplaced-scaffold	33654			HAP1_SCAFFOLD_4260
GCA_030435755.1	Primary Assembly	Un			JAUDYK010004656.1	Chromosome		NW_026700673.1	unplaced-scaffold	40928			HAP1_SCAFFOLD_3226
GCA_030435755.1	Primary Assembly	Un			JAUDYK010004657.1	Chromosome		NW_026700674.1	unplaced-scaffold	49821			HAP1_SCAFFOLD_2348
GCA_030435755.1	Primary Assembly	Un			JAUDYK010004658.1	Chromosome		NW_026700675.1	unplaced-scaffold	22968			HAP1_SCAFFOLD_5699
GCA_030435755.1	Primary Assembly	Un			JAUDYK010004659.1	Chromosome		NW_026700676.1	unplaced-scaffold	30860			HAP1_SCAFFOLD_4732
GCA_030435755.1	Primary Assembly	Un			JAUDYK010004660.1	Chromosome		NW_026700677.1	unplaced-scaffold	21352			HAP1_SCAFFOLD_5788
GCA_030435755.1	Primary Assembly	Un			JAUDYK010004661.1	Chromosome		NW_026700678.1	unplaced-scaffold	63685			HAP1_SCAFFOLD_1546
GCA_030435755.1	Primary Assembly	Un			JAUDYK010004662.1	Chromosome		NW_026700679.1	unplaced-scaffold	126127			HAP1_SCAFFOLD_499
GCA_030435755.1	Primary Assembly	Un			JAUDYK010004663.1	Chromosome		NW_026700680.1	unplaced-scaffold	34574			HAP1_SCAFFOLD_4123
GCA_030435755.1	Primary Assembly	Un			JAUDYK010004664.1	Chromosome		NW_026700681.1	unplaced-scaffold	52596			HAP1_SCAFFOLD_2136
GCA_030435755.1	Primary Assembly	Un			JAUDYK010004665.1	Chromosome		NW_026700682.1	unplaced-scaffold	44305			HAP1_SCAFFOLD_2858
GCA_030435755.1	Primary Assembly	Un			JAUDYK010004666.1	Chromosome		NW_026700683.1	unplaced-scaffold	41943			HAP1_SCAFFOLD_3104
GCA_030435755.1	Primary Assembly	Un			JAUDYK010004667.1	Chromosome		NW_026700684.1	unplaced-scaffold	77505			HAP1_SCAFFOLD_1127
GCA_030435755.1	Primary Assembly	Un			JAUDYK010004668.1	Chromosome		NW_026700685.1	unplaced-scaffold	114465			HAP1_SCAFFOLD_594
GCA_030435755.1	Primary Assembly	Un			JAUDYK010004669.1	Chromosome		NW_026700686.1	unplaced-scaffold	38914			HAP1_SCAFFOLD_3484
GCA_030435755.1	Primary Assembly	Un			JAUDYK010004670.1	Chromosome		NW_026700687.1	unplaced-scaffold	31356			HAP1_SCAFFOLD_4649
GCA_030435755.1	Primary Assembly	Un			JAUDYK010004671.1	Chromosome		NW_026700688.1	unplaced-scaffold	38498			HAP1_SCAFFOLD_3532
GCA_030435755.1	Primary Assembly	Un			JAUDYK010004672.1	Chromosome		NW_026700689.1	unplaced-scaffold	81564			HAP1_SCAFFOLD_1039
GCA_030435755.1	Primary Assembly	Un			JAUDYK010004673.1	Chromosome		NW_026700690.1	unplaced-scaffold	31582			HAP1_SCAFFOLD_4591
GCA_030435755.1	Primary Assembly	Un			JAUDYK010004674.1	Chromosome		NW_026700691.1	unplaced-scaffold	35492			HAP1_SCAFFOLD_3994
GCA_030435755.1	Primary Assembly	Un			JAUDYK010004675.1	Chromosome		NW_026700692.1	unplaced-scaffold	36741			HAP1_SCAFFOLD_3819
GCA_030435755.1	Primary Assembly	Un			JAUDYK010004676.1	Chromosome		NW_026700693.1	unplaced-scaffold	145798			HAP1_SCAFFOLD_410
GCA_030435755.1	Primary Assembly	Un			JAUDYK010004677.1	Chromosome		NW_026700694.1	unplaced-scaffold	36895			HAP1_SCAFFOLD_3791
GCA_030435755.1	Primary Assembly	Un			JAUDYK010004678.1	Chromosome		NW_026700695.1	unplaced-scaffold	24790			HAP1_SCAFFOLD_5541
GCA_030435755.1	Primary Assembly	Un			JAUDYK010004679.1	Chromosome		NW_026700696.1	unplaced-scaffold	136646			HAP1_SCAFFOLD_448
GCA_030435755.1	Primary Assembly	Un			JAUDYK010004680.1	Chromosome		NW_026700697.1	unplaced-scaffold	89418			HAP1_SCAFFOLD_892
GCA_030435755.1	Primary Assembly	Un			JAUDYK010004681.1	Chromosome		NW_026700698.1	unplaced-scaffold	30576			HAP1_SCAFFOLD_4770
GCA_030435755.1	Primary Assembly	Un			JAUDYK010004682.1	Chromosome		NW_026700699.1	unplaced-scaffold	43332			HAP1_SCAFFOLD_2945
GCA_030435755.1	Primary Assembly	Un			JAUDYK010004683.1	Chromosome		NW_026700700.1	unplaced-scaffold	33988			HAP1_SCAFFOLD_4209
GCA_030435755.1	Primary Assembly	Un			JAUDYK010004684.1	Chromosome		NW_026700701.1	unplaced-scaffold	38303			HAP1_SCAFFOLD_3570
GCA_030435755.1	Primary Assembly	Un			JAUDYK010004685.1	Chromosome		NW_026700702.1	unplaced-scaffold	24680			HAP1_SCAFFOLD_5552
GCA_030435755.1	Primary Assembly	Un			JAUDYK010004686.1	Chromosome		NW_026700703.1	unplaced-scaffold	38913			HAP1_SCAFFOLD_3485
GCA_030435755.1	Primary Assembly	Un			JAUDYK010004687.1	Chromosome		NW_026700704.1	unplaced-scaffold	41939			HAP1_SCAFFOLD_3105
GCA_030435755.1	Primary Assembly	Un			JAUDYK010004688.1	Chromosome		NW_026700705.1	unplaced-scaffold	57994			HAP1_SCAFFOLD_1803
GCA_030435755.1	Primary Assembly	Un			JAUDYK010004689.1	Chromosome		NW_026700706.1	unplaced-scaffold	27218			HAP1_SCAFFOLD_5233
GCA_030435755.1	Primary Assembly	Un			JAUDYK010004690.1	Chromosome		NW_026700707.1	unplaced-scaffold	30256			HAP1_SCAFFOLD_4807
GCA_030435755.1	Primary Assembly	Un			JAUDYK010004691.1	Chromosome		NW_026700708.1	unplaced-scaffold	33360			HAP1_SCAFFOLD_4300
GCA_030435755.1	Primary Assembly	Un			JAUDYK010004692.1	Chromosome		NW_026700709.1	unplaced-scaffold	42307			HAP1_SCAFFOLD_3058
GCA_030435755.1	Primary Assembly	Un			JAUDYK010004693.1	Chromosome		NW_026700710.1	unplaced-scaffold	78014			HAP1_SCAFFOLD_1116
GCA_030435755.1	Primary Assembly	Un			JAUDYK010004694.1	Chromosome		NW_026700711.1	unplaced-scaffold	33527			HAP1_SCAFFOLD_4276
GCA_030435755.1	Primary Assembly	Un			JAUDYK010004695.1	Chromosome		NW_026700712.1	unplaced-scaffold	32717			HAP1_SCAFFOLD_4410
GCA_030435755.1	Primary Assembly	Un			JAUDYK010004696.1	Chromosome		NW_026700713.1	unplaced-scaffold	56626			HAP1_SCAFFOLD_1875
GCA_030435755.1	Primary Assembly	Un			JAUDYK010004697.1	Chromosome		NW_026700714.1	unplaced-scaffold	68049			HAP1_SCAFFOLD_1386
GCA_030435755.1	Primary Assembly	Un			JAUDYK010004698.1	Chromosome		NW_026700715.1	unplaced-scaffold	39574			HAP1_SCAFFOLD_3398
GCA_030435755.1	Primary Assembly	Un			JAUDYK010004699.1	Chromosome		NW_026700716.1	unplaced-scaffold	46831			HAP1_SCAFFOLD_2588
GCA_030435755.1	Primary Assembly	Un			JAUDYK010004700.1	Chromosome		NW_026700717.1	unplaced-scaffold	28965			HAP1_SCAFFOLD_5007
GCA_030435755.1	Primary Assembly	Un			JAUDYK010004701.1	Chromosome		NW_026700718.1	unplaced-scaffold	41374			HAP1_SCAFFOLD_3173
GCA_030435755.1	Primary Assembly	Un			JAUDYK010004702.1	Chromosome		NW_026700719.1	unplaced-scaffold	112685			HAP1_SCAFFOLD_613
GCA_030435755.1	Primary Assembly	Un			JAUDYK010004703.1	Chromosome		NW_026700720.1	unplaced-scaffold	58246			HAP1_SCAFFOLD_1789
GCA_030435755.1	Primary Assembly	Un			JAUDYK010004704.1	Chromosome		NW_026700721.1	unplaced-scaffold	41026			HAP1_SCAFFOLD_3217
GCA_030435755.1	Primary Assembly	Un			JAUDYK010004705.1	Chromosome		NW_026700722.1	unplaced-scaffold	74334			HAP1_SCAFFOLD_1192
GCA_030435755.1	Primary Assembly	Un			JAUDYK010004706.1	Chromosome		NW_026700723.1	unplaced-scaffold	60292			HAP1_SCAFFOLD_1698
GCA_030435755.1	Primary Assembly	Un			JAUDYK010004707.1	Chromosome		NW_026700724.1	unplaced-scaffold	37578			HAP1_SCAFFOLD_3686
GCA_030435755.1	Primary Assembly	Un			JAUDYK010004708.1	Chromosome		NW_026700725.1	unplaced-scaffold	43340			HAP1_SCAFFOLD_2944
GCA_030435755.1	Primary Assembly	Un			JAUDYK010004709.1	Chromosome		NW_026700726.1	unplaced-scaffold	32471			HAP1_SCAFFOLD_4443
GCA_030435755.1	Primary Assembly	Un			JAUDYK010004710.1	Chromosome		NW_026700727.1	unplaced-scaffold	66437			HAP1_SCAFFOLD_1450
GCA_030435755.1	Primary Assembly	Un			JAUDYK010004711.1	Chromosome		NW_026700728.1	unplaced-scaffold	56075			HAP1_SCAFFOLD_1902
GCA_030435755.1	Primary Assembly	Un			JAUDYK010004712.1	Chromosome		NW_026700729.1	unplaced-scaffold	40740			HAP1_SCAFFOLD_3253
GCA_030435755.1	Primary Assembly	Un			JAUDYK010004713.1	Chromosome		NW_026700730.1	unplaced-scaffold	87362			HAP1_SCAFFOLD_933
GCA_030435755.1	Primary Assembly	Un			JAUDYK010004714.1	Chromosome		NW_026700731.1	unplaced-scaffold	90755			HAP1_SCAFFOLD_863
GCA_030435755.1	Primary Assembly	Un			JAUDYK010004715.1	Chromosome		NW_026700732.1	unplaced-scaffold	45360			HAP1_SCAFFOLD_2741
GCA_030435755.1	Primary Assembly	Un			JAUDYK010004716.1	Chromosome		NW_026700733.1	unplaced-scaffold	25184			HAP1_SCAFFOLD_5493
GCA_030435755.1	Primary Assembly	Un			JAUDYK010004717.1	Chromosome		NW_026700734.1	unplaced-scaffold	26055			HAP1_SCAFFOLD_5381
GCA_030435755.1	Primary Assembly	Un			JAUDYK010004718.1	Chromosome		NW_026700735.1	unplaced-scaffold	34840			HAP1_SCAFFOLD_4082
GCA_030435755.1	Primary Assembly	Un			JAUDYK010004719.1	Chromosome		NW_026700736.1	unplaced-scaffold	66458			HAP1_SCAFFOLD_1447
GCA_030435755.1	Primary Assembly	Un			JAUDYK010004720.1	Chromosome		NW_026700737.1	unplaced-scaffold	28744			HAP1_SCAFFOLD_5038
GCA_030435755.1	Primary Assembly	Un			JAUDYK010004721.1	Chromosome		NW_026700738.1	unplaced-scaffold	30005			HAP1_SCAFFOLD_4838
GCA_030435755.1	Primary Assembly	Un			JAUDYK010004722.1	Chromosome		NW_026700739.1	unplaced-scaffold	28173			HAP1_SCAFFOLD_5111
GCA_030435755.1	Primary Assembly	Un			JAUDYK010004723.1	Chromosome		NW_026700740.1	unplaced-scaffold	19151			HAP1_SCAFFOLD_5882
GCA_030435755.1	Primary Assembly	Un			JAUDYK010004724.1	Chromosome		NW_026700741.1	unplaced-scaffold	37367			HAP1_SCAFFOLD_3720
GCA_030435755.1	Primary Assembly	Un			JAUDYK010004725.1	Chromosome		NW_026700742.1	unplaced-scaffold	30632			HAP1_SCAFFOLD_4766
GCA_030435755.1	Primary Assembly	Un			JAUDYK010004726.1	Chromosome		NW_026700743.1	unplaced-scaffold	52296			HAP1_SCAFFOLD_2162
GCA_030435755.1	Primary Assembly	Un			JAUDYK010004727.1	Chromosome		NW_026700744.1	unplaced-scaffold	46048			HAP1_SCAFFOLD_2668
GCA_030435755.1	Primary Assembly	Un			JAUDYK010004728.1	Chromosome		NW_026700745.1	unplaced-scaffold	273649			HAP1_SCAFFOLD_182
GCA_030435755.1	Primary Assembly	Un			JAUDYK010004729.1	Chromosome		NW_026700746.1	unplaced-scaffold	45305			HAP1_SCAFFOLD_2752
GCA_030435755.1	Primary Assembly	Un			JAUDYK010004730.1	Chromosome		NW_026700747.1	unplaced-scaffold	32967			HAP1_SCAFFOLD_4369
GCA_030435755.1	Primary Assembly	Un			JAUDYK010004731.1	Chromosome		NW_026700748.1	unplaced-scaffold	32049			HAP1_SCAFFOLD_4520
GCA_030435755.1	Primary Assembly	Un			JAUDYK010004732.1	Chromosome		NW_026700749.1	unplaced-scaffold	54243			HAP1_SCAFFOLD_2019
GCA_030435755.1	Primary Assembly	Un			JAUDYK010004733.1	Chromosome		NW_026700750.1	unplaced-scaffold	34380			HAP1_SCAFFOLD_4156
GCA_030435755.1	Primary Assembly	Un			JAUDYK010004734.1	Chromosome		NW_026700751.1	unplaced-scaffold	35477			HAP1_SCAFFOLD_3995
GCA_030435755.1	Primary Assembly	Un			JAUDYK010004735.1	Chromosome		NW_026700752.1	unplaced-scaffold	38339			HAP1_SCAFFOLD_3566
GCA_030435755.1	Primary Assembly	Un			JAUDYK010004736.1	Chromosome		NW_026700753.1	unplaced-scaffold	42777			HAP1_SCAFFOLD_3004
GCA_030435755.1	Primary Assembly	Un			JAUDYK010004737.1	Chromosome		NW_026700754.1	unplaced-scaffold	81964			HAP1_SCAFFOLD_1027
GCA_030435755.1	Primary Assembly	Un			JAUDYK010004738.1	Chromosome		NW_026700755.1	unplaced-scaffold	361997			HAP1_SCAFFOLD_149
GCA_030435755.1	Primary Assembly	Un			JAUDYK010004739.1	Chromosome		NW_026700756.1	unplaced-scaffold	45795			HAP1_SCAFFOLD_2691
GCA_030435755.1	Primary Assembly	Un			JAUDYK010004740.1	Chromosome		NW_026700757.1	unplaced-scaffold	25391			HAP1_SCAFFOLD_5465
GCA_030435755.1	Primary Assembly	Un			JAUDYK010004741.1	Chromosome		NW_026700758.1	unplaced-scaffold	62766			HAP1_SCAFFOLD_1581
GCA_030435755.1	Primary Assembly	Un			JAUDYK010004742.1	Chromosome		NW_026700759.1	unplaced-scaffold	27377			HAP1_SCAFFOLD_5214
GCA_030435755.1	Primary Assembly	Un			JAUDYK010004743.1	Chromosome		NW_026700760.1	unplaced-scaffold	50665			HAP1_SCAFFOLD_2280
GCA_030435755.1	Primary Assembly	Un			JAUDYK010004744.1	Chromosome		NW_026700761.1	unplaced-scaffold	44754			HAP1_SCAFFOLD_2805
GCA_030435755.1	Primary Assembly	Un			JAUDYK010004745.1	Chromosome		NW_026700762.1	unplaced-scaffold	53996			HAP1_SCAFFOLD_2036
GCA_030435755.1	Primary Assembly	Un			JAUDYK010004746.1	Chromosome		NW_026700763.1	unplaced-scaffold	35264			HAP1_SCAFFOLD_4023
GCA_030435755.1	Primary Assembly	Un			JAUDYK010004747.1	Chromosome		NW_026700764.1	unplaced-scaffold	20526			HAP1_SCAFFOLD_5823
GCA_030435755.1	Primary Assembly	Un			JAUDYK010004748.1	Chromosome		NW_026700765.1	unplaced-scaffold	85200			HAP1_SCAFFOLD_971
GCA_030435755.1	Primary Assembly	Un			JAUDYK010004749.1	Chromosome		NW_026700766.1	unplaced-scaffold	23400			HAP1_SCAFFOLD_5666
GCA_030435755.1	Primary Assembly	Un			JAUDYK010004750.1	Chromosome		NW_026700767.1	unplaced-scaffold	43478			HAP1_SCAFFOLD_2930
GCA_030435755.1	Primary Assembly	Un			JAUDYK010004751.1	Chromosome		NW_026700768.1	unplaced-scaffold	44200			HAP1_SCAFFOLD_2873
GCA_030435755.1	Primary Assembly	Un			JAUDYK010004752.1	Chromosome		NW_026700769.1	unplaced-scaffold	35742			HAP1_SCAFFOLD_3963
GCA_030435755.1	Primary Assembly	Un			JAUDYK010004753.1	Chromosome		NW_026700770.1	unplaced-scaffold	91079			HAP1_SCAFFOLD_855
GCA_030435755.1	Primary Assembly	Un			JAUDYK010004754.1	Chromosome		NW_026700771.1	unplaced-scaffold	39870			HAP1_SCAFFOLD_3361
GCA_030435755.1	Primary Assembly	Un			JAUDYK010004755.1	Chromosome		NW_026700772.1	unplaced-scaffold	33832			HAP1_SCAFFOLD_4228
GCA_030435755.1	Primary Assembly	Un			JAUDYK010004756.1	Chromosome		NW_026700773.1	unplaced-scaffold	60940			HAP1_SCAFFOLD_1661
GCA_030435755.1	Primary Assembly	Un			JAUDYK010004757.1	Chromosome		NW_026700774.1	unplaced-scaffold	210751			HAP1_SCAFFOLD_246
GCA_030435755.1	Primary Assembly	Un			JAUDYK010004758.1	Chromosome		NW_026700775.1	unplaced-scaffold	115907			HAP1_SCAFFOLD_580
GCA_030435755.1	Primary Assembly	Un			JAUDYK010004759.1	Chromosome		NW_026700776.1	unplaced-scaffold	17406			HAP1_SCAFFOLD_5922
GCA_030435755.1	Primary Assembly	Un			JAUDYK010004760.1	Chromosome		NW_026700777.1	unplaced-scaffold	147389			HAP1_SCAFFOLD_400
GCA_030435755.1	Primary Assembly	Un			JAUDYK010004761.1	Chromosome		NW_026700778.1	unplaced-scaffold	105877			HAP1_SCAFFOLD_678
GCA_030435755.1	Primary Assembly	Un			JAUDYK010004762.1	Chromosome		NW_026700779.1	unplaced-scaffold	58985			HAP1_SCAFFOLD_1748
GCA_030435755.1	Primary Assembly	Un			JAUDYK010004763.1	Chromosome		NW_026700780.1	unplaced-scaffold	24271			HAP1_SCAFFOLD_5586
GCA_030435755.1	Primary Assembly	Un			JAUDYK010004764.1	Chromosome		NW_026700781.1	unplaced-scaffold	43109			HAP1_SCAFFOLD_2972
GCA_030435755.1	Primary Assembly	Un			JAUDYK010004765.1	Chromosome		NW_026700782.1	unplaced-scaffold	253174			HAP1_SCAFFOLD_198
GCA_030435755.1	Primary Assembly	Un			JAUDYK010004766.1	Chromosome		NW_026700783.1	unplaced-scaffold	36503			HAP1_SCAFFOLD_3862
GCA_030435755.1	Primary Assembly	Un			JAUDYK010004767.1	Chromosome		NW_026700784.1	unplaced-scaffold	76978			HAP1_SCAFFOLD_1139
GCA_030435755.1	Primary Assembly	Un			JAUDYK010004768.1	Chromosome		NW_026700785.1	unplaced-scaffold	47367			HAP1_SCAFFOLD_2549
GCA_030435755.1	Primary Assembly	Un			JAUDYK010004769.1	Chromosome		NW_026700786.1	unplaced-scaffold	20258			HAP1_SCAFFOLD_5831
GCA_030435755.1	Primary Assembly	Un			JAUDYK010004770.1	Chromosome		NW_026700787.1	unplaced-scaffold	74046			HAP1_SCAFFOLD_1201
GCA_030435755.1	Primary Assembly	Un			JAUDYK010004771.1	Chromosome		NW_026700788.1	unplaced-scaffold	34595			HAP1_SCAFFOLD_4118
GCA_030435755.1	Primary Assembly	Un			JAUDYK010004772.1	Chromosome		NW_026700789.1	unplaced-scaffold	31494			HAP1_SCAFFOLD_4612
GCA_030435755.1	Primary Assembly	Un			JAUDYK010004773.1	Chromosome		NW_026700790.1	unplaced-scaffold	71696			HAP1_SCAFFOLD_1278
GCA_030435755.1	Primary Assembly	Un			JAUDYK010004774.1	Chromosome		NW_026700791.1	unplaced-scaffold	25528			HAP1_SCAFFOLD_5445
GCA_030435755.1	Primary Assembly	Un			JAUDYK010004775.1	Chromosome		NW_026700792.1	unplaced-scaffold	48013			HAP1_SCAFFOLD_2500
GCA_030435755.1	Primary Assembly	Un			JAUDYK010004776.1	Chromosome		NW_026700793.1	unplaced-scaffold	83969			HAP1_SCAFFOLD_988
GCA_030435755.1	Primary Assembly	Un			JAUDYK010004777.1	Chromosome		NW_026700794.1	unplaced-scaffold	32203			HAP1_SCAFFOLD_4495
GCA_030435755.1	Primary Assembly	Un			JAUDYK010004778.1	Chromosome		NW_026700795.1	unplaced-scaffold	45822			HAP1_SCAFFOLD_2689
GCA_030435755.1	Primary Assembly	Un			JAUDYK010004779.1	Chromosome		NW_026700796.1	unplaced-scaffold	50929			HAP1_SCAFFOLD_2254
GCA_030435755.1	Primary Assembly	Un			JAUDYK010004780.1	Chromosome		NW_026700797.1	unplaced-scaffold	44805			HAP1_SCAFFOLD_2798
GCA_030435755.1	Primary Assembly	Un			JAUDYK010004781.1	Chromosome		NW_026700798.1	unplaced-scaffold	35896			HAP1_SCAFFOLD_3943
GCA_030435755.1	Primary Assembly	Un			JAUDYK010004782.1	Chromosome		NW_026700799.1	unplaced-scaffold	31075			HAP1_SCAFFOLD_4696
GCA_030435755.1	Primary Assembly	Un			JAUDYK010004783.1	Chromosome		NW_026700800.1	unplaced-scaffold	91689			HAP1_SCAFFOLD_847
GCA_030435755.1	Primary Assembly	Un			JAUDYK010004784.1	Chromosome		NW_026700801.1	unplaced-scaffold	23633			HAP1_SCAFFOLD_5646
GCA_030435755.1	Primary Assembly	Un			JAUDYK010004785.1	Chromosome		NW_026700802.1	unplaced-scaffold	32841			HAP1_SCAFFOLD_4388
GCA_030435755.1	Primary Assembly	Un			JAUDYK010004786.1	Chromosome		NW_026700803.1	unplaced-scaffold	35222			HAP1_SCAFFOLD_4031
GCA_030435755.1	Primary Assembly	Un			JAUDYK010004787.1	Chromosome		NW_026700804.1	unplaced-scaffold	26451			HAP1_SCAFFOLD_5332
GCA_030435755.1	Primary Assembly	Un			JAUDYK010004788.1	Chromosome		NW_026700805.1	unplaced-scaffold	62246			HAP1_SCAFFOLD_1599
GCA_030435755.1	Primary Assembly	Un			JAUDYK010004789.1	Chromosome		NW_026700806.1	unplaced-scaffold	33804			HAP1_SCAFFOLD_4235
GCA_030435755.1	Primary Assembly	Un			JAUDYK010004790.1	Chromosome		NW_026700807.1	unplaced-scaffold	36570			HAP1_SCAFFOLD_3851
GCA_030435755.1	Primary Assembly	Un			JAUDYK010004791.1	Chromosome		NW_026700808.1	unplaced-scaffold	52063			HAP1_SCAFFOLD_2174
GCA_030435755.1	Primary Assembly	Un			JAUDYK010004792.1	Chromosome		NW_026700809.1	unplaced-scaffold	212871			HAP1_SCAFFOLD_244
GCA_030435755.1	Primary Assembly	Un			JAUDYK010004793.1	Chromosome		NW_026700810.1	unplaced-scaffold	36099			HAP1_SCAFFOLD_3910
GCA_030435755.1	Primary Assembly	Un			JAUDYK010004794.1	Chromosome		NW_026700811.1	unplaced-scaffold	42068			HAP1_SCAFFOLD_3092
GCA_030435755.1	Primary Assembly	Un			JAUDYK010004795.1	Chromosome		NW_026700812.1	unplaced-scaffold	34875			HAP1_SCAFFOLD_4077
GCA_030435755.1	Primary Assembly	Un			JAUDYK010004796.1	Chromosome		NW_026700813.1	unplaced-scaffold	61361			HAP1_SCAFFOLD_1641
GCA_030435755.1	Primary Assembly	Un			JAUDYK010004797.1	Chromosome		NW_026700814.1	unplaced-scaffold	105708			HAP1_SCAFFOLD_681
GCA_030435755.1	Primary Assembly	Un			JAUDYK010004798.1	Chromosome		NW_026700815.1	unplaced-scaffold	28085			HAP1_SCAFFOLD_5124
GCA_030435755.1	Primary Assembly	Un			JAUDYK010004799.1	Chromosome		NW_026700816.1	unplaced-scaffold	79721			HAP1_SCAFFOLD_1073
GCA_030435755.1	Primary Assembly	Un			JAUDYK010004800.1	Chromosome		NW_026700817.1	unplaced-scaffold	40045			HAP1_SCAFFOLD_3341
GCA_030435755.1	Primary Assembly	Un			JAUDYK010004801.1	Chromosome		NW_026700818.1	unplaced-scaffold	61176			HAP1_SCAFFOLD_1652
GCA_030435755.1	Primary Assembly	Un			JAUDYK010004802.1	Chromosome		NW_026700819.1	unplaced-scaffold	76183			HAP1_SCAFFOLD_1158
GCA_030435755.1	Primary Assembly	Un			JAUDYK010004803.1	Chromosome		NW_026700820.1	unplaced-scaffold	47023			HAP1_SCAFFOLD_2569
GCA_030435755.1	Primary Assembly	Un			JAUDYK010004804.1	Chromosome		NW_026700821.1	unplaced-scaffold	44582			HAP1_SCAFFOLD_2827
GCA_030435755.1	Primary Assembly	Un			JAUDYK010004805.1	Chromosome		NW_026700822.1	unplaced-scaffold	42685			HAP1_SCAFFOLD_3016
GCA_030435755.1	Primary Assembly	Un			JAUDYK010004806.1	Chromosome		NW_026700823.1	unplaced-scaffold	36643			HAP1_SCAFFOLD_3842
GCA_030435755.1	Primary Assembly	Un			JAUDYK010004807.1	Chromosome		NW_026700824.1	unplaced-scaffold	29137			HAP1_SCAFFOLD_4985
GCA_030435755.1	Primary Assembly	Un			JAUDYK010004808.1	Chromosome		NW_026700825.1	unplaced-scaffold	50217			HAP1_SCAFFOLD_2320
GCA_030435755.1	Primary Assembly	Un			JAUDYK010004809.1	Chromosome		NW_026700826.1	unplaced-scaffold	100042			HAP1_SCAFFOLD_737
GCA_030435755.1	Primary Assembly	Un			JAUDYK010004810.1	Chromosome		NW_026700827.1	unplaced-scaffold	19241			HAP1_SCAFFOLD_5877
GCA_030435755.1	Primary Assembly	Un			JAUDYK010004811.1	Chromosome		NW_026700828.1	unplaced-scaffold	26159			HAP1_SCAFFOLD_5370
GCA_030435755.1	Primary Assembly	Un			JAUDYK010004812.1	Chromosome		NW_026700829.1	unplaced-scaffold	58625			HAP1_SCAFFOLD_1768
GCA_030435755.1	Primary Assembly	Un			JAUDYK010004813.1	Chromosome		NW_026700830.1	unplaced-scaffold	39909			HAP1_SCAFFOLD_3352
GCA_030435755.1	Primary Assembly	Un			JAUDYK010004814.1	Chromosome		NW_026700831.1	unplaced-scaffold	27425			HAP1_SCAFFOLD_5206
GCA_030435755.1	Primary Assembly	Un			JAUDYK010004815.1	Chromosome		NW_026700832.1	unplaced-scaffold	82982			HAP1_SCAFFOLD_1005
GCA_030435755.1	Primary Assembly	Un			JAUDYK010004816.1	Chromosome		NW_026700833.1	unplaced-scaffold	57323			HAP1_SCAFFOLD_1836
GCA_030435755.1	Primary Assembly	Un			JAUDYK010004817.1	Chromosome		NW_026700834.1	unplaced-scaffold	54654			HAP1_SCAFFOLD_1994
GCA_030435755.1	Primary Assembly	Un			JAUDYK010004818.1	Chromosome		NW_026700835.1	unplaced-scaffold	125028			HAP1_SCAFFOLD_507
GCA_030435755.1	Primary Assembly	Un			JAUDYK010004819.1	Chromosome		NW_026700836.1	unplaced-scaffold	42492			HAP1_SCAFFOLD_3039
GCA_030435755.1	Primary Assembly	Un			JAUDYK010004820.1	Chromosome		NW_026700837.1	unplaced-scaffold	83750			HAP1_SCAFFOLD_992
GCA_030435755.1	Primary Assembly	Un			JAUDYK010004821.1	Chromosome		NW_026700838.1	unplaced-scaffold	250607			HAP1_SCAFFOLD_202
GCA_030435755.1	Primary Assembly	Un			JAUDYK010004822.1	Chromosome		NW_026700839.1	unplaced-scaffold	58239			HAP1_SCAFFOLD_1791
GCA_030435755.1	Primary Assembly	Un			JAUDYK010004823.1	Chromosome		NW_026700840.1	unplaced-scaffold	57637			HAP1_SCAFFOLD_1819
GCA_030435755.1	Primary Assembly	Un			JAUDYK010004824.1	Chromosome		NW_026700841.1	unplaced-scaffold	48049			HAP1_SCAFFOLD_2497
GCA_030435755.1	Primary Assembly	Un			JAUDYK010004825.1	Chromosome		NW_026700842.1	unplaced-scaffold	27304			HAP1_SCAFFOLD_5221
GCA_030435755.1	Primary Assembly	Un			JAUDYK010004826.1	Chromosome		NW_026700843.1	unplaced-scaffold	63045			HAP1_SCAFFOLD_1570
GCA_030435755.1	Primary Assembly	Un			JAUDYK010004827.1	Chromosome		NW_026700844.1	unplaced-scaffold	129045			HAP1_SCAFFOLD_487
GCA_030435755.1	Primary Assembly	Un			JAUDYK010004828.1	Chromosome		NW_026700845.1	unplaced-scaffold	50771			HAP1_SCAFFOLD_2271
GCA_030435755.1	Primary Assembly	Un			JAUDYK010004829.1	Chromosome		NW_026700846.1	unplaced-scaffold	51484			HAP1_SCAFFOLD_2208
GCA_030435755.1	Primary Assembly	Un			JAUDYK010004830.1	Chromosome		NW_026700847.1	unplaced-scaffold	65990			HAP1_SCAFFOLD_1467
GCA_030435755.1	Primary Assembly	Un			JAUDYK010004831.1	Chromosome		NW_026700848.1	unplaced-scaffold	53359			HAP1_SCAFFOLD_2075
GCA_030435755.1	Primary Assembly	Un			JAUDYK010004832.1	Chromosome		NW_026700849.1	unplaced-scaffold	45198			HAP1_SCAFFOLD_2761
GCA_030435755.1	Primary Assembly	Un			JAUDYK010004833.1	Chromosome		NW_026700850.1	unplaced-scaffold	28606			HAP1_SCAFFOLD_5059
GCA_030435755.1	Primary Assembly	Un			JAUDYK010004834.1	Chromosome		NW_026700851.1	unplaced-scaffold	22827			HAP1_SCAFFOLD_5712
GCA_030435755.1	Primary Assembly	Un			JAUDYK010004835.1	Chromosome		NW_026700852.1	unplaced-scaffold	51146			HAP1_SCAFFOLD_2237
GCA_030435755.1	Primary Assembly	Un			JAUDYK010004836.1	Chromosome		NW_026700853.1	unplaced-scaffold	73314			HAP1_SCAFFOLD_1226
GCA_030435755.1	Primary Assembly	Un			JAUDYK010004837.1	Chromosome		NW_026700854.1	unplaced-scaffold	28835			HAP1_SCAFFOLD_5025
GCA_030435755.1	Primary Assembly	Un			JAUDYK010004838.1	Chromosome		NW_026700855.1	unplaced-scaffold	43182			HAP1_SCAFFOLD_2964
GCA_030435755.1	Primary Assembly	Un			JAUDYK010004839.1	Chromosome		NW_026700856.1	unplaced-scaffold	36405			HAP1_SCAFFOLD_3874
GCA_030435755.1	Primary Assembly	Un			JAUDYK010004840.1	Chromosome		NW_026700857.1	unplaced-scaffold	52409			HAP1_SCAFFOLD_2151
GCA_030435755.1	Primary Assembly	Un			JAUDYK010004841.1	Chromosome		NW_026700858.1	unplaced-scaffold	32350			HAP1_SCAFFOLD_4463
GCA_030435755.1	Primary Assembly	Un			JAUDYK010004842.1	Chromosome		NW_026700859.1	unplaced-scaffold	42931			HAP1_SCAFFOLD_2987
GCA_030435755.1	Primary Assembly	Un			JAUDYK010004843.1	Chromosome		NW_026700860.1	unplaced-scaffold	38433			HAP1_SCAFFOLD_3546
GCA_030435755.1	Primary Assembly	Un			JAUDYK010004844.1	Chromosome		NW_026700861.1	unplaced-scaffold	21100			HAP1_SCAFFOLD_5796
GCA_030435755.1	Primary Assembly	Un			JAUDYK010004845.1	Chromosome		NW_026700862.1	unplaced-scaffold	54480			HAP1_SCAFFOLD_2003
GCA_030435755.1	Primary Assembly	Un			JAUDYK010004846.1	Chromosome		NW_026700863.1	unplaced-scaffold	33076			HAP1_SCAFFOLD_4349
GCA_030435755.1	Primary Assembly	Un			JAUDYK010004847.1	Chromosome		NW_026700864.1	unplaced-scaffold	30148			HAP1_SCAFFOLD_4825
GCA_030435755.1	Primary Assembly	Un			JAUDYK010004848.1	Chromosome		NW_026700865.1	unplaced-scaffold	107433			HAP1_SCAFFOLD_659
GCA_030435755.1	Primary Assembly	Un			JAUDYK010004849.1	Chromosome		NW_026700866.1	unplaced-scaffold	52554			HAP1_SCAFFOLD_2142
GCA_030435755.1	Primary Assembly	Un			JAUDYK010004850.1	Chromosome		NW_026700867.1	unplaced-scaffold	46217			HAP1_SCAFFOLD_2648
GCA_030435755.1	Primary Assembly	Un			JAUDYK010004851.1	Chromosome		NW_026700868.1	unplaced-scaffold	25865			HAP1_SCAFFOLD_5399
GCA_030435755.1	Primary Assembly	Un			JAUDYK010004852.1	Chromosome		NW_026700869.1	unplaced-scaffold	63995			HAP1_SCAFFOLD_1532
GCA_030435755.1	Primary Assembly	Un			JAUDYK010004853.1	Chromosome		NW_026700870.1	unplaced-scaffold	30750			HAP1_SCAFFOLD_4746
GCA_030435755.1	Primary Assembly	Un			JAUDYK010004854.1	Chromosome		NW_026700871.1	unplaced-scaffold	78476			HAP1_SCAFFOLD_1104
GCA_030435755.1	Primary Assembly	Un			JAUDYK010004855.1	Chromosome		NW_026700872.1	unplaced-scaffold	29917			HAP1_SCAFFOLD_4859
GCA_030435755.1	Primary Assembly	Un			JAUDYK010004856.1	Chromosome		NW_026700873.1	unplaced-scaffold	41790			HAP1_SCAFFOLD_3127
GCA_030435755.1	Primary Assembly	Un			JAUDYK010004857.1	Chromosome		NW_026700874.1	unplaced-scaffold	65288			HAP1_SCAFFOLD_1484
GCA_030435755.1	Primary Assembly	Un			JAUDYK010004858.1	Chromosome		NW_026700875.1	unplaced-scaffold	36165			HAP1_SCAFFOLD_3902
GCA_030435755.1	Primary Assembly	Un			JAUDYK010004859.1	Chromosome		NW_026700876.1	unplaced-scaffold	85575			HAP1_SCAFFOLD_963
GCA_030435755.1	Primary Assembly	Un			JAUDYK010004860.1	Chromosome		NW_026700877.1	unplaced-scaffold	92629			HAP1_SCAFFOLD_833
GCA_030435755.1	Primary Assembly	Un			JAUDYK010004861.1	Chromosome		NW_026700878.1	unplaced-scaffold	72408			HAP1_SCAFFOLD_1253
GCA_030435755.1	Primary Assembly	Un			JAUDYK010004862.1	Chromosome		NW_026700879.1	unplaced-scaffold	33787			HAP1_SCAFFOLD_4240
GCA_030435755.1	Primary Assembly	Un			JAUDYK010004863.1	Chromosome		NW_026700880.1	unplaced-scaffold	25365			HAP1_SCAFFOLD_5472
GCA_030435755.1	Primary Assembly	Un			JAUDYK010004864.1	Chromosome		NW_026700881.1	unplaced-scaffold	39138			HAP1_SCAFFOLD_3450
GCA_030435755.1	Primary Assembly	Un			JAUDYK010004865.1	Chromosome		NW_026700882.1	unplaced-scaffold	23262			HAP1_SCAFFOLD_5681
GCA_030435755.1	Primary Assembly	Un			JAUDYK010004866.1	Chromosome		NW_026700883.1	unplaced-scaffold	20666			HAP1_SCAFFOLD_5818
GCA_030435755.1	Primary Assembly	Un			JAUDYK010004867.1	Chromosome		NW_026700884.1	unplaced-scaffold	34498			HAP1_SCAFFOLD_4131
GCA_030435755.1	Primary Assembly	Un			JAUDYK010004868.1	Chromosome		NW_026700885.1	unplaced-scaffold	100645			HAP1_SCAFFOLD_729
GCA_030435755.1	Primary Assembly	Un			JAUDYK010004869.1	Chromosome		NW_026700886.1	unplaced-scaffold	39152			HAP1_SCAFFOLD_3447
GCA_030435755.1	Primary Assembly	Un			JAUDYK010004870.1	Chromosome		NW_026700887.1	unplaced-scaffold	33676			HAP1_SCAFFOLD_4257
GCA_030435755.1	Primary Assembly	Un			JAUDYK010004871.1	Chromosome		NW_026700888.1	unplaced-scaffold	26780			HAP1_SCAFFOLD_5290
GCA_030435755.1	Primary Assembly	Un			JAUDYK010004872.1	Chromosome		NW_026700889.1	unplaced-scaffold	48975			HAP1_SCAFFOLD_2422
GCA_030435755.1	Primary Assembly	Un			JAUDYK010004873.1	Chromosome		NW_026700890.1	unplaced-scaffold	31234			HAP1_SCAFFOLD_4669
GCA_030435755.1	Primary Assembly	Un			JAUDYK010004874.1	Chromosome		NW_026700891.1	unplaced-scaffold	44467			HAP1_SCAFFOLD_2839
GCA_030435755.1	Primary Assembly	Un			JAUDYK010004875.1	Chromosome		NW_026700892.1	unplaced-scaffold	59576			HAP1_SCAFFOLD_1720
GCA_030435755.1	Primary Assembly	Un			JAUDYK010004876.1	Chromosome		NW_026700893.1	unplaced-scaffold	114297			HAP1_SCAFFOLD_596
GCA_030435755.1	Primary Assembly	Un			JAUDYK010004877.1	Chromosome		NW_026700894.1	unplaced-scaffold	35302			HAP1_SCAFFOLD_4018
GCA_030435755.1	Primary Assembly	Un			JAUDYK010004878.1	Chromosome		NW_026700895.1	unplaced-scaffold	63196			HAP1_SCAFFOLD_1566
GCA_030435755.1	Primary Assembly	Un			JAUDYK010004879.1	Chromosome		NW_026700896.1	unplaced-scaffold	54639			HAP1_SCAFFOLD_1995
GCA_030435755.1	Primary Assembly	Un			JAUDYK010004880.1	Chromosome		NW_026700897.1	unplaced-scaffold	154299			HAP1_SCAFFOLD_382
GCA_030435755.1	Primary Assembly	Un			JAUDYK010004881.1	Chromosome		NW_026700898.1	unplaced-scaffold	49536			HAP1_SCAFFOLD_2368
GCA_030435755.1	Primary Assembly	Un			JAUDYK010004882.1	Chromosome		NW_026700899.1	unplaced-scaffold	36820			HAP1_SCAFFOLD_3803
GCA_030435755.1	Primary Assembly	Un			JAUDYK010004883.1	Chromosome		NW_026700900.1	unplaced-scaffold	99451			HAP1_SCAFFOLD_743
GCA_030435755.1	Primary Assembly	Un			JAUDYK010004884.1	Chromosome		NW_026700901.1	unplaced-scaffold	47846			HAP1_SCAFFOLD_2512
GCA_030435755.1	Primary Assembly	Un			JAUDYK010004885.1	Chromosome		NW_026700902.1	unplaced-scaffold	65202			HAP1_SCAFFOLD_1485
GCA_030435755.1	Primary Assembly	Un			JAUDYK010004886.1	Chromosome		NW_026700903.1	unplaced-scaffold	24571			HAP1_SCAFFOLD_5561
GCA_030435755.1	Primary Assembly	Un			JAUDYK010004887.1	Chromosome		NW_026700904.1	unplaced-scaffold	31552			HAP1_SCAFFOLD_4600
GCA_030435755.1	Primary Assembly	Un			JAUDYK010004888.1	Chromosome		NW_026700905.1	unplaced-scaffold	78474			HAP1_SCAFFOLD_1105
GCA_030435755.1	Primary Assembly	Un			JAUDYK010004889.1	Chromosome		NW_026700906.1	unplaced-scaffold	25639			HAP1_SCAFFOLD_5430
GCA_030435755.1	Primary Assembly	Un			JAUDYK010004890.1	Chromosome		NW_026700907.1	unplaced-scaffold	80644			HAP1_SCAFFOLD_1058
GCA_030435755.1	Primary Assembly	Un			JAUDYK010004891.1	Chromosome		NW_026700908.1	unplaced-scaffold	41875			HAP1_SCAFFOLD_3116
GCA_030435755.1	Primary Assembly	Un			JAUDYK010004892.1	Chromosome		NW_026700909.1	unplaced-scaffold	30166			HAP1_SCAFFOLD_4824
GCA_030435755.1	Primary Assembly	Un			JAUDYK010004893.1	Chromosome		NW_026700910.1	unplaced-scaffold	28841			HAP1_SCAFFOLD_5024
GCA_030435755.1	Primary Assembly	Un			JAUDYK010004894.1	Chromosome		NW_026700911.1	unplaced-scaffold	31599			HAP1_SCAFFOLD_4589
GCA_030435755.1	Primary Assembly	Un			JAUDYK010004895.1	Chromosome		NW_026700912.1	unplaced-scaffold	67787			HAP1_SCAFFOLD_1398
GCA_030435755.1	Primary Assembly	Un			JAUDYK010004896.1	Chromosome		NW_026700913.1	unplaced-scaffold	33962			HAP1_SCAFFOLD_4213
GCA_030435755.1	Primary Assembly	Un			JAUDYK010004897.1	Chromosome		NW_026700914.1	unplaced-scaffold	75268			HAP1_SCAFFOLD_1173
GCA_030435755.1	Primary Assembly	Un			JAUDYK010004898.1	Chromosome		NW_026700915.1	unplaced-scaffold	39629			HAP1_SCAFFOLD_3386
GCA_030435755.1	Primary Assembly	Un			JAUDYK010004899.1	Chromosome		NW_026700916.1	unplaced-scaffold	36387			HAP1_SCAFFOLD_3875
GCA_030435755.1	Primary Assembly	Un			JAUDYK010004900.1	Chromosome		NW_026700917.1	unplaced-scaffold	43179			HAP1_SCAFFOLD_2965
GCA_030435755.1	Primary Assembly	Un			JAUDYK010004901.1	Chromosome		NW_026700918.1	unplaced-scaffold	46721			HAP1_SCAFFOLD_2596
GCA_030435755.1	Primary Assembly	Un			JAUDYK010004902.1	Chromosome		NW_026700919.1	unplaced-scaffold	60523			HAP1_SCAFFOLD_1686
GCA_030435755.1	Primary Assembly	Un			JAUDYK010004903.1	Chromosome		NW_026700920.1	unplaced-scaffold	53359			HAP1_SCAFFOLD_2074
GCA_030435755.1	Primary Assembly	Un			JAUDYK010004904.1	Chromosome		NW_026700921.1	unplaced-scaffold	41207			HAP1_SCAFFOLD_3192
GCA_030435755.1	Primary Assembly	Un			JAUDYK010004905.1	Chromosome		NW_026700922.1	unplaced-scaffold	37491			HAP1_SCAFFOLD_3698
GCA_030435755.1	Primary Assembly	Un			JAUDYK010004906.1	Chromosome		NW_026700923.1	unplaced-scaffold	36913			HAP1_SCAFFOLD_3789
GCA_030435755.1	Primary Assembly	Un			JAUDYK010004907.1	Chromosome		NW_026700924.1	unplaced-scaffold	73594			HAP1_SCAFFOLD_1217
GCA_030435755.1	Primary Assembly	Un			JAUDYK010004908.1	Chromosome		NW_026700925.1	unplaced-scaffold	34204			HAP1_SCAFFOLD_4177
GCA_030435755.1	Primary Assembly	Un			JAUDYK010004909.1	Chromosome		NW_026700926.1	unplaced-scaffold	68746			HAP1_SCAFFOLD_1361
GCA_030435755.1	Primary Assembly	Un			JAUDYK010004910.1	Chromosome		NW_026700927.1	unplaced-scaffold	22965			HAP1_SCAFFOLD_5700
GCA_030435755.1	Primary Assembly	Un			JAUDYK010004911.1	Chromosome		NW_026700928.1	unplaced-scaffold	51279			HAP1_SCAFFOLD_2229
GCA_030435755.1	Primary Assembly	Un			JAUDYK010004912.1	Chromosome		NW_026700929.1	unplaced-scaffold	97951			HAP1_SCAFFOLD_770
GCA_030435755.1	Primary Assembly	Un			JAUDYK010004913.1	Chromosome		NW_026700930.1	unplaced-scaffold	50927			HAP1_SCAFFOLD_2255
GCA_030435755.1	Primary Assembly	Un			JAUDYK010004914.1	Chromosome		NW_026700931.1	unplaced-scaffold	172547			HAP1_SCAFFOLD_323
GCA_030435755.1	Primary Assembly	Un			JAUDYK010004915.1	Chromosome		NW_026700932.1	unplaced-scaffold	26875			HAP1_SCAFFOLD_5279
GCA_030435755.1	Primary Assembly	Un			JAUDYK010004916.1	Chromosome		NW_026700933.1	unplaced-scaffold	86058			HAP1_SCAFFOLD_955
GCA_030435755.1	Primary Assembly	Un			JAUDYK010004917.1	Chromosome		NW_026700934.1	unplaced-scaffold	37731			HAP1_SCAFFOLD_3661
GCA_030435755.1	Primary Assembly	Un			JAUDYK010004918.1	Chromosome		NW_026700935.1	unplaced-scaffold	42883			HAP1_SCAFFOLD_2993
GCA_030435755.1	Primary Assembly	Un			JAUDYK010004919.1	Chromosome		NW_026700936.1	unplaced-scaffold	32204			HAP1_SCAFFOLD_4494
GCA_030435755.1	Primary Assembly	Un			JAUDYK010004920.1	Chromosome		NW_026700937.1	unplaced-scaffold	244453			HAP1_SCAFFOLD_212
GCA_030435755.1	Primary Assembly	Un			JAUDYK010004921.1	Chromosome		NW_026700938.1	unplaced-scaffold	24165			HAP1_SCAFFOLD_5598
GCA_030435755.1	Primary Assembly	Un			JAUDYK010004922.1	Chromosome		NW_026700939.1	unplaced-scaffold	37133			HAP1_SCAFFOLD_3748
GCA_030435755.1	Primary Assembly	Un			JAUDYK010004923.1	Chromosome		NW_026700940.1	unplaced-scaffold	124268			HAP1_SCAFFOLD_517
GCA_030435755.1	Primary Assembly	Un			JAUDYK010004924.1	Chromosome		NW_026700941.1	unplaced-scaffold	41673			HAP1_SCAFFOLD_3139
GCA_030435755.1	Primary Assembly	Un			JAUDYK010004925.1	Chromosome		NW_026700942.1	unplaced-scaffold	31842			HAP1_SCAFFOLD_4548
GCA_030435755.1	Primary Assembly	Un			JAUDYK010004926.1	Chromosome		NW_026700943.1	unplaced-scaffold	25528			HAP1_SCAFFOLD_5444
GCA_030435755.1	Primary Assembly	Un			JAUDYK010004927.1	Chromosome		NW_026700944.1	unplaced-scaffold	56922			HAP1_SCAFFOLD_1862
GCA_030435755.1	Primary Assembly	Un			JAUDYK010004928.1	Chromosome		NW_026700945.1	unplaced-scaffold	147830			HAP1_SCAFFOLD_398
GCA_030435755.1	Primary Assembly	Un			JAUDYK010004929.1	Chromosome		NW_026700946.1	unplaced-scaffold	162908			HAP1_SCAFFOLD_349
GCA_030435755.1	Primary Assembly	Un			JAUDYK010004930.1	Chromosome		NW_026700947.1	unplaced-scaffold	53889			HAP1_SCAFFOLD_2042
GCA_030435755.1	Primary Assembly	Un			JAUDYK010004931.1	Chromosome		NW_026700948.1	unplaced-scaffold	30496			HAP1_SCAFFOLD_4781
GCA_030435755.1	Primary Assembly	Un			JAUDYK010004932.1	Chromosome		NW_026700949.1	unplaced-scaffold	83099			HAP1_SCAFFOLD_1004
GCA_030435755.1	Primary Assembly	Un			JAUDYK010004933.1	Chromosome		NW_026700950.1	unplaced-scaffold	42614			HAP1_SCAFFOLD_3027
GCA_030435755.1	Primary Assembly	Un			JAUDYK010004934.1	Chromosome		NW_026700951.1	unplaced-scaffold	44676			HAP1_SCAFFOLD_2816
GCA_030435755.1	Primary Assembly	Un			JAUDYK010004935.1	Chromosome		NW_026700952.1	unplaced-scaffold	123582			HAP1_SCAFFOLD_525
GCA_030435755.1	Primary Assembly	Un			JAUDYK010004936.1	Chromosome		NW_026700953.1	unplaced-scaffold	52958			HAP1_SCAFFOLD_2103
GCA_030435755.1	Primary Assembly	Un			JAUDYK010004937.1	Chromosome		NW_026700954.1	unplaced-scaffold	38255			HAP1_SCAFFOLD_3581
GCA_030435755.1	Primary Assembly	Un			JAUDYK010004938.1	Chromosome		NW_026700955.1	unplaced-scaffold	49244			HAP1_SCAFFOLD_2391
GCA_030435755.1	Primary Assembly	Un			JAUDYK010004939.1	Chromosome		NW_026700956.1	unplaced-scaffold	48230			HAP1_SCAFFOLD_2483
GCA_030435755.1	Primary Assembly	Un			JAUDYK010004940.1	Chromosome		NW_026700957.1	unplaced-scaffold	29139			HAP1_SCAFFOLD_4984
GCA_030435755.1	Primary Assembly	Un			JAUDYK010004941.1	Chromosome		NW_026700958.1	unplaced-scaffold	29223			HAP1_SCAFFOLD_4967
GCA_030435755.1	Primary Assembly	Un			JAUDYK010004942.1	Chromosome		NW_026700959.1	unplaced-scaffold	43955			HAP1_SCAFFOLD_2892
GCA_030435755.1	Primary Assembly	Un			JAUDYK010004943.1	Chromosome		NW_026700960.1	unplaced-scaffold	28082			HAP1_SCAFFOLD_5125
GCA_030435755.1	Primary Assembly	Un			JAUDYK010004944.1	Chromosome		NW_026700961.1	unplaced-scaffold	21782			HAP1_SCAFFOLD_5769
GCA_030435755.1	Primary Assembly	Un			JAUDYK010004945.1	Chromosome		NW_026700962.1	unplaced-scaffold	53727			HAP1_SCAFFOLD_2051
GCA_030435755.1	Primary Assembly	Un			JAUDYK010004946.1	Chromosome		NW_026700963.1	unplaced-scaffold	90329			HAP1_SCAFFOLD_871
GCA_030435755.1	Primary Assembly	Un			JAUDYK010004947.1	Chromosome		NW_026700964.1	unplaced-scaffold	52055			HAP1_SCAFFOLD_2175
GCA_030435755.1	Primary Assembly	Un			JAUDYK010004948.1	Chromosome		NW_026700965.1	unplaced-scaffold	33806			HAP1_SCAFFOLD_4234
GCA_030435755.1	Primary Assembly	Un			JAUDYK010004949.1	Chromosome		NW_026700966.1	unplaced-scaffold	27857			HAP1_SCAFFOLD_5159
GCA_030435755.1	Primary Assembly	Un			JAUDYK010004950.1	Chromosome		NW_026700967.1	unplaced-scaffold	55046			HAP1_SCAFFOLD_1963
GCA_030435755.1	Primary Assembly	Un			JAUDYK010004951.1	Chromosome		NW_026700968.1	unplaced-scaffold	26197			HAP1_SCAFFOLD_5366
GCA_030435755.1	Primary Assembly	Un			JAUDYK010004952.1	Chromosome		NW_026700969.1	unplaced-scaffold	37901			HAP1_SCAFFOLD_3634
GCA_030435755.1	Primary Assembly	Un			JAUDYK010004953.1	Chromosome		NW_026700970.1	unplaced-scaffold	29182			HAP1_SCAFFOLD_4974
GCA_030435755.1	Primary Assembly	Un			JAUDYK010004954.1	Chromosome		NW_026700971.1	unplaced-scaffold	38296			HAP1_SCAFFOLD_3571
GCA_030435755.1	Primary Assembly	Un			JAUDYK010004955.1	Chromosome		NW_026700972.1	unplaced-scaffold	48360			HAP1_SCAFFOLD_2473
GCA_030435755.1	Primary Assembly	Un			JAUDYK010004956.1	Chromosome		NW_026700973.1	unplaced-scaffold	38718			HAP1_SCAFFOLD_3508
GCA_030435755.1	Primary Assembly	Un			JAUDYK010004957.1	Chromosome		NW_026700974.1	unplaced-scaffold	554830			HAP1_SCAFFOLD_104
GCA_030435755.1	Primary Assembly	Un			JAUDYK010004958.1	Chromosome		NW_026700975.1	unplaced-scaffold	34940			HAP1_SCAFFOLD_4065
GCA_030435755.1	Primary Assembly	Un			JAUDYK010004959.1	Chromosome		NW_026700976.1	unplaced-scaffold	31005			HAP1_SCAFFOLD_4708
GCA_030435755.1	Primary Assembly	Un			JAUDYK010004960.1	Chromosome		NW_026700977.1	unplaced-scaffold	30570			HAP1_SCAFFOLD_4771
GCA_030435755.1	Primary Assembly	Un			JAUDYK010004961.1	Chromosome		NW_026700978.1	unplaced-scaffold	69945			HAP1_SCAFFOLD_1334
GCA_030435755.1	Primary Assembly	Un			JAUDYK010004962.1	Chromosome		NW_026700979.1	unplaced-scaffold	25698			HAP1_SCAFFOLD_5423
GCA_030435755.1	Primary Assembly	Un			JAUDYK010004963.1	Chromosome		NW_026700980.1	unplaced-scaffold	46641			HAP1_SCAFFOLD_2606
GCA_030435755.1	Primary Assembly	Un			JAUDYK010004964.1	Chromosome		NW_026700981.1	unplaced-scaffold	50244			HAP1_SCAFFOLD_2315
GCA_030435755.1	Primary Assembly	Un			JAUDYK010004965.1	Chromosome		NW_026700982.1	unplaced-scaffold	51932			HAP1_SCAFFOLD_2185
GCA_030435755.1	Primary Assembly	Un			JAUDYK010004966.1	Chromosome		NW_026700983.1	unplaced-scaffold	24808			HAP1_SCAFFOLD_5540
GCA_030435755.1	Primary Assembly	Un			JAUDYK010004967.1	Chromosome		NW_026700984.1	unplaced-scaffold	49139			HAP1_SCAFFOLD_2405
GCA_030435755.1	Primary Assembly	Un			JAUDYK010004968.1	Chromosome		NW_026700985.1	unplaced-scaffold	36897			HAP1_SCAFFOLD_3790
GCA_030435755.1	Primary Assembly	Un			JAUDYK010004969.1	Chromosome		NW_026700986.1	unplaced-scaffold	35758			HAP1_SCAFFOLD_3959
GCA_030435755.1	Primary Assembly	Un			JAUDYK010004970.1	Chromosome		NW_026700987.1	unplaced-scaffold	98863			HAP1_SCAFFOLD_754
GCA_030435755.1	Primary Assembly	Un			JAUDYK010004971.1	Chromosome		NW_026700988.1	unplaced-scaffold	19498			HAP1_SCAFFOLD_5865
GCA_030435755.1	Primary Assembly	Un			JAUDYK010004972.1	Chromosome		NW_026700989.1	unplaced-scaffold	263921			HAP1_SCAFFOLD_189
GCA_030435755.1	Primary Assembly	Un			JAUDYK010004973.1	Chromosome		NW_026700990.1	unplaced-scaffold	36011			HAP1_SCAFFOLD_3925
GCA_030435755.1	Primary Assembly	Un			JAUDYK010004974.1	Chromosome		NW_026700991.1	unplaced-scaffold	31586			HAP1_SCAFFOLD_4590
GCA_030435755.1	Primary Assembly	Un			JAUDYK010004975.1	Chromosome		NW_026700992.1	unplaced-scaffold	24604			HAP1_SCAFFOLD_5557
GCA_030435755.1	Primary Assembly	Un			JAUDYK010004976.1	Chromosome		NW_026700993.1	unplaced-scaffold	25044			HAP1_SCAFFOLD_5513
GCA_030435755.1	Primary Assembly	Un			JAUDYK010004977.1	Chromosome		NW_026700994.1	unplaced-scaffold	23518			HAP1_SCAFFOLD_5654
GCA_030435755.1	Primary Assembly	Un			JAUDYK010004978.1	Chromosome		NW_026700995.1	unplaced-scaffold	26782			HAP1_SCAFFOLD_5289
GCA_030435755.1	Primary Assembly	Un			JAUDYK010004979.1	Chromosome		NW_026700996.1	unplaced-scaffold	43658			HAP1_SCAFFOLD_2918
GCA_030435755.1	Primary Assembly	Un			JAUDYK010004980.1	Chromosome		NW_026700997.1	unplaced-scaffold	39047			HAP1_SCAFFOLD_3462
GCA_030435755.1	Primary Assembly	Un			JAUDYK010004981.1	Chromosome		NW_026700998.1	unplaced-scaffold	51017			HAP1_SCAFFOLD_2246
GCA_030435755.1	Primary Assembly	Un			JAUDYK010004982.1	Chromosome		NW_026700999.1	unplaced-scaffold	123047			HAP1_SCAFFOLD_531
GCA_030435755.1	Primary Assembly	Un			JAUDYK010004983.1	Chromosome		NW_026701000.1	unplaced-scaffold	124259			HAP1_SCAFFOLD_518
GCA_030435755.1	Primary Assembly	Un			JAUDYK010004984.1	Chromosome		NW_026701001.1	unplaced-scaffold	30811			HAP1_SCAFFOLD_4737
GCA_030435755.1	Primary Assembly	Un			JAUDYK010004985.1	Chromosome		NW_026701002.1	unplaced-scaffold	133572			HAP1_SCAFFOLD_463
GCA_030435755.1	Primary Assembly	Un			JAUDYK010004986.1	Chromosome		NW_026701003.1	unplaced-scaffold	121766			HAP1_SCAFFOLD_540
GCA_030435755.1	Primary Assembly	Un			JAUDYK010004987.1	Chromosome		NW_026701004.1	unplaced-scaffold	187933			HAP1_SCAFFOLD_286
GCA_030435755.1	Primary Assembly	Un			JAUDYK010004988.1	Chromosome		NW_026701005.1	unplaced-scaffold	33651			HAP1_SCAFFOLD_4261
GCA_030435755.1	Primary Assembly	Un			JAUDYK010004989.1	Chromosome		NW_026701006.1	unplaced-scaffold	147933			HAP1_SCAFFOLD_397
GCA_030435755.1	Primary Assembly	Un			JAUDYK010004990.1	Chromosome		NW_026701007.1	unplaced-scaffold	16108			HAP1_SCAFFOLD_5939
GCA_030435755.1	Primary Assembly	Un			JAUDYK010004991.1	Chromosome		NW_026701008.1	unplaced-scaffold	40139			HAP1_SCAFFOLD_3328
GCA_030435755.1	Primary Assembly	Un			JAUDYK010004992.1	Chromosome		NW_026701009.1	unplaced-scaffold	61592			HAP1_SCAFFOLD_1628
GCA_030435755.1	Primary Assembly	Un			JAUDYK010004993.1	Chromosome		NW_026701010.1	unplaced-scaffold	77749			HAP1_SCAFFOLD_1122
GCA_030435755.1	Primary Assembly	Un			JAUDYK010004994.1	Chromosome		NW_026701011.1	unplaced-scaffold	38485			HAP1_SCAFFOLD_3537
GCA_030435755.1	Primary Assembly	Un			JAUDYK010004995.1	Chromosome		NW_026701012.1	unplaced-scaffold	59261			HAP1_SCAFFOLD_1733
GCA_030435755.1	Primary Assembly	Un			JAUDYK010004996.1	Chromosome		NW_026701013.1	unplaced-scaffold	17835			HAP1_SCAFFOLD_5916
GCA_030435755.1	Primary Assembly	Un			JAUDYK010004997.1	Chromosome		NW_026701014.1	unplaced-scaffold	70608			HAP1_SCAFFOLD_1313
GCA_030435755.1	Primary Assembly	Un			JAUDYK010004998.1	Chromosome		NW_026701015.1	unplaced-scaffold	30695			HAP1_SCAFFOLD_4754
GCA_030435755.1	Primary Assembly	Un			JAUDYK010004999.1	Chromosome		NW_026701016.1	unplaced-scaffold	33364			HAP1_SCAFFOLD_4298
GCA_030435755.1	Primary Assembly	Un			JAUDYK010005000.1	Chromosome		NW_026701017.1	unplaced-scaffold	27124			HAP1_SCAFFOLD_5248
GCA_030435755.1	Primary Assembly	Un			JAUDYK010005001.1	Chromosome		NW_026701018.1	unplaced-scaffold	38010			HAP1_SCAFFOLD_3613
GCA_030435755.1	Primary Assembly	Un			JAUDYK010005002.1	Chromosome		NW_026701019.1	unplaced-scaffold	29323			HAP1_SCAFFOLD_4951
GCA_030435755.1	Primary Assembly	Un			JAUDYK010005003.1	Chromosome		NW_026701020.1	unplaced-scaffold	34277			HAP1_SCAFFOLD_4164
GCA_030435755.1	Primary Assembly	Un			JAUDYK010005004.1	Chromosome		NW_026701021.1	unplaced-scaffold	33244			HAP1_SCAFFOLD_4317
GCA_030435755.1	Primary Assembly	Un			JAUDYK010005005.1	Chromosome		NW_026701022.1	unplaced-scaffold	38418			HAP1_SCAFFOLD_3554
GCA_030435755.1	Primary Assembly	Un			JAUDYK010005006.1	Chromosome		NW_026701023.1	unplaced-scaffold	30243			HAP1_SCAFFOLD_4810
GCA_030435755.1	Primary Assembly	Un			JAUDYK010005007.1	Chromosome		NW_026701024.1	unplaced-scaffold	53438			HAP1_SCAFFOLD_2067
GCA_030435755.1	Primary Assembly	Un			JAUDYK010005008.1	Chromosome		NW_026701025.1	unplaced-scaffold	65607			HAP1_SCAFFOLD_1475
GCA_030435755.1	Primary Assembly	Un			JAUDYK010005009.1	Chromosome		NW_026701026.1	unplaced-scaffold	60672			HAP1_SCAFFOLD_1676
GCA_030435755.1	Primary Assembly	Un			JAUDYK010005010.1	Chromosome		NW_026701027.1	unplaced-scaffold	53238			HAP1_SCAFFOLD_2084
GCA_030435755.1	Primary Assembly	Un			JAUDYK010005011.1	Chromosome		NW_026701028.1	unplaced-scaffold	28944			HAP1_SCAFFOLD_5010
GCA_030435755.1	Primary Assembly	Un			JAUDYK010005012.1	Chromosome		NW_026701029.1	unplaced-scaffold	116527			HAP1_SCAFFOLD_573
GCA_030435755.1	Primary Assembly	Un			JAUDYK010005013.1	Chromosome		NW_026701030.1	unplaced-scaffold	36968			HAP1_SCAFFOLD_3779
GCA_030435755.1	Primary Assembly	Un			JAUDYK010005014.1	Chromosome		NW_026701031.1	unplaced-scaffold	34158			HAP1_SCAFFOLD_4187
GCA_030435755.1	Primary Assembly	Un			JAUDYK010005015.1	Chromosome		NW_026701032.1	unplaced-scaffold	23694			HAP1_SCAFFOLD_5637
GCA_030435755.1	Primary Assembly	Un			JAUDYK010005016.1	Chromosome		NW_026701033.1	unplaced-scaffold	32729			HAP1_SCAFFOLD_4407
GCA_030435755.1	Primary Assembly	Un			JAUDYK010005017.1	Chromosome		NW_026701034.1	unplaced-scaffold	104257			HAP1_SCAFFOLD_701
GCA_030435755.1	Primary Assembly	Un			JAUDYK010005018.1	Chromosome		NW_026701035.1	unplaced-scaffold	67675			HAP1_SCAFFOLD_1403
GCA_030435755.1	Primary Assembly	Un			JAUDYK010005019.1	Chromosome		NW_026701036.1	unplaced-scaffold	31669			HAP1_SCAFFOLD_4579
GCA_030435755.1	Primary Assembly	Un			JAUDYK010005020.1	Chromosome		NW_026701037.1	unplaced-scaffold	74796			HAP1_SCAFFOLD_1183
GCA_030435755.1	Primary Assembly	Un			JAUDYK010005021.1	Chromosome		NW_026701038.1	unplaced-scaffold	29369			HAP1_SCAFFOLD_4942
GCA_030435755.1	Primary Assembly	Un			JAUDYK010005022.1	Chromosome		NW_026701039.1	unplaced-scaffold	36265			HAP1_SCAFFOLD_3885
GCA_030435755.1	Primary Assembly	Un			JAUDYK010005023.1	Chromosome		NW_026701040.1	unplaced-scaffold	39759			HAP1_SCAFFOLD_3376
GCA_030435755.1	Primary Assembly	Un			JAUDYK010005024.1	Chromosome		NW_026701041.1	unplaced-scaffold	41169			HAP1_SCAFFOLD_3200
GCA_030435755.1	Primary Assembly	Un			JAUDYK010005025.1	Chromosome		NW_026701042.1	unplaced-scaffold	28727			HAP1_SCAFFOLD_5043
GCA_030435755.1	Primary Assembly	Un			JAUDYK010005026.1	Chromosome		NW_026701043.1	unplaced-scaffold	78669			HAP1_SCAFFOLD_1097
GCA_030435755.1	Primary Assembly	Un			JAUDYK010005027.1	Chromosome		NW_026701044.1	unplaced-scaffold	46504			HAP1_SCAFFOLD_2621
GCA_030435755.1	Primary Assembly	Un			JAUDYK010005028.1	Chromosome		NW_026701045.1	unplaced-scaffold	372456			HAP1_SCAFFOLD_142
GCA_030435755.1	Primary Assembly	Un			JAUDYK010005029.1	Chromosome		NW_026701046.1	unplaced-scaffold	40589			HAP1_SCAFFOLD_3269
GCA_030435755.1	Primary Assembly	Un			JAUDYK010005030.1	Chromosome		NW_026701047.1	unplaced-scaffold	24871			HAP1_SCAFFOLD_5534
GCA_030435755.1	Primary Assembly	Un			JAUDYK010005031.1	Chromosome		NW_026701048.1	unplaced-scaffold	95537			HAP1_SCAFFOLD_800
GCA_030435755.1	Primary Assembly	Un			JAUDYK010005032.1	Chromosome		NW_026701049.1	unplaced-scaffold	32509			HAP1_SCAFFOLD_4438
GCA_030435755.1	Primary Assembly	Un			JAUDYK010005033.1	Chromosome		NW_026701050.1	unplaced-scaffold	34784			HAP1_SCAFFOLD_4093
GCA_030435755.1	Primary Assembly	Un			JAUDYK010005034.1	Chromosome		NW_026701051.1	unplaced-scaffold	25271			HAP1_SCAFFOLD_5482
GCA_030435755.1	Primary Assembly	Un			JAUDYK010005035.1	Chromosome		NW_026701052.1	unplaced-scaffold	23372			HAP1_SCAFFOLD_5671
GCA_030435755.1	Primary Assembly	Un			JAUDYK010005036.1	Chromosome		NW_026701053.1	unplaced-scaffold	24056			HAP1_SCAFFOLD_5608
GCA_030435755.1	Primary Assembly	Un			JAUDYK010005037.1	Chromosome		NW_026701054.1	unplaced-scaffold	28245			HAP1_SCAFFOLD_5102
GCA_030435755.1	Primary Assembly	Un			JAUDYK010005038.1	Chromosome		NW_026701055.1	unplaced-scaffold	18854			HAP1_SCAFFOLD_5893
GCA_030435755.1	Primary Assembly	Un			JAUDYK010005039.1	Chromosome		NW_026701056.1	unplaced-scaffold	57097			HAP1_SCAFFOLD_1847
GCA_030435755.1	Primary Assembly	Un			JAUDYK010005040.1	Chromosome		NW_026701057.1	unplaced-scaffold	33030			HAP1_SCAFFOLD_4353
GCA_030435755.1	Primary Assembly	Un			JAUDYK010005041.1	Chromosome		NW_026701058.1	unplaced-scaffold	45445			HAP1_SCAFFOLD_2735
GCA_030435755.1	Primary Assembly	Un			JAUDYK010005042.1	Chromosome		NW_026701059.1	unplaced-scaffold	69794			HAP1_SCAFFOLD_1340
GCA_030435755.1	Primary Assembly	Un			JAUDYK010005043.1	Chromosome		NW_026701060.1	unplaced-scaffold	156037			HAP1_SCAFFOLD_375
GCA_030435755.1	Primary Assembly	Un			JAUDYK010005044.1	Chromosome		NW_026701061.1	unplaced-scaffold	59756			HAP1_SCAFFOLD_1714
GCA_030435755.1	Primary Assembly	Un			JAUDYK010005045.1	Chromosome		NW_026701062.1	unplaced-scaffold	37752			HAP1_SCAFFOLD_3657
GCA_030435755.1	Primary Assembly	Un			JAUDYK010005046.1	Chromosome		NW_026701063.1	unplaced-scaffold	37861			HAP1_SCAFFOLD_3640
GCA_030435755.1	Primary Assembly	Un			JAUDYK010005047.1	Chromosome		NW_026701064.1	unplaced-scaffold	68849			HAP1_SCAFFOLD_1357
GCA_030435755.1	Primary Assembly	Un			JAUDYK010005048.1	Chromosome		NW_026701065.1	unplaced-scaffold	174354			HAP1_SCAFFOLD_316
GCA_030435755.1	Primary Assembly	Un			JAUDYK010005049.1	Chromosome		NW_026701066.1	unplaced-scaffold	135199			HAP1_SCAFFOLD_455
GCA_030435755.1	Primary Assembly	Un			JAUDYK010005050.1	Chromosome		NW_026701067.1	unplaced-scaffold	55961			HAP1_SCAFFOLD_1911
GCA_030435755.1	Primary Assembly	Un			JAUDYK010005051.1	Chromosome		NW_026701068.1	unplaced-scaffold	57045			HAP1_SCAFFOLD_1850
GCA_030435755.1	Primary Assembly	Un			JAUDYK010005052.1	Chromosome		NW_026701069.1	unplaced-scaffold	29995			HAP1_SCAFFOLD_4843
GCA_030435755.1	Primary Assembly	Un			JAUDYK010005053.1	Chromosome		NW_026701070.1	unplaced-scaffold	72496			HAP1_SCAFFOLD_1249
GCA_030435755.1	Primary Assembly	Un			JAUDYK010005054.1	Chromosome		NW_026701071.1	unplaced-scaffold	48583			HAP1_SCAFFOLD_2458
GCA_030435755.1	Primary Assembly	Un			JAUDYK010005055.1	Chromosome		NW_026701072.1	unplaced-scaffold	36279			HAP1_SCAFFOLD_3884
GCA_030435755.1	Primary Assembly	Un			JAUDYK010005056.1	Chromosome		NW_026701073.1	unplaced-scaffold	53235			HAP1_SCAFFOLD_2085
GCA_030435755.1	Primary Assembly	Un			JAUDYK010005057.1	Chromosome		NW_026701074.1	unplaced-scaffold	34269			HAP1_SCAFFOLD_4165
GCA_030435755.1	Primary Assembly	Un			JAUDYK010005058.1	Chromosome		NW_026701075.1	unplaced-scaffold	38413			HAP1_SCAFFOLD_3555
GCA_030435755.1	Primary Assembly	Un			JAUDYK010005059.1	Chromosome		NW_026701076.1	unplaced-scaffold	60941			HAP1_SCAFFOLD_1660
GCA_030435755.1	Primary Assembly	Un			JAUDYK010005060.1	Chromosome		NW_026701077.1	unplaced-scaffold	17070			HAP1_SCAFFOLD_5927
GCA_030435755.1	Primary Assembly	Un			JAUDYK010005061.1	Chromosome		NW_026701078.1	unplaced-scaffold	30871			HAP1_SCAFFOLD_4729
GCA_030435755.1	Primary Assembly	Un			JAUDYK010005062.1	Chromosome		NW_026701079.1	unplaced-scaffold	65667			HAP1_SCAFFOLD_1474
GCA_030435755.1	Primary Assembly	Un			JAUDYK010005063.1	Chromosome		NW_026701080.1	unplaced-scaffold	43067			HAP1_SCAFFOLD_2977
GCA_030435755.1	Primary Assembly	Un			JAUDYK010005064.1	Chromosome		NW_026701081.1	unplaced-scaffold	36447			HAP1_SCAFFOLD_3867
GCA_030435755.1	Primary Assembly	Un			JAUDYK010005065.1	Chromosome		NW_026701082.1	unplaced-scaffold	38513			HAP1_SCAFFOLD_3529
GCA_030435755.1	Primary Assembly	Un			JAUDYK010005066.1	Chromosome		NW_026701083.1	unplaced-scaffold	33210			HAP1_SCAFFOLD_4326
GCA_030435755.1	Primary Assembly	Un			JAUDYK010005067.1	Chromosome		NW_026701084.1	unplaced-scaffold	50034			HAP1_SCAFFOLD_2333
GCA_030435755.1	Primary Assembly	Un			JAUDYK010005068.1	Chromosome		NW_026701085.1	unplaced-scaffold	30690			HAP1_SCAFFOLD_4755
GCA_030435755.1	Primary Assembly	Un			JAUDYK010005069.1	Chromosome		NW_026701086.1	unplaced-scaffold	39871			HAP1_SCAFFOLD_3360
GCA_030435755.1	Primary Assembly	Un			JAUDYK010005070.1	Chromosome		NW_026701087.1	unplaced-scaffold	37440			HAP1_SCAFFOLD_3706
GCA_030435755.1	Primary Assembly	Un			JAUDYK010005071.1	Chromosome		NW_026701088.1	unplaced-scaffold	43465			HAP1_SCAFFOLD_2931
GCA_030435755.1	Primary Assembly	Un			JAUDYK010005072.1	Chromosome		NW_026701089.1	unplaced-scaffold	82182			HAP1_SCAFFOLD_1022
GCA_030435755.1	Primary Assembly	Un			JAUDYK010005073.1	Chromosome		NW_026701090.1	unplaced-scaffold	61936			HAP1_SCAFFOLD_1609
GCA_030435755.1	Primary Assembly	Un			JAUDYK010005074.1	Chromosome		NW_026701091.1	unplaced-scaffold	124992			HAP1_SCAFFOLD_508
GCA_030435755.1	Primary Assembly	Un			JAUDYK010005075.1	Chromosome		NW_026701092.1	unplaced-scaffold	40279			HAP1_SCAFFOLD_3309
GCA_030435755.1	Primary Assembly	Un			JAUDYK010005076.1	Chromosome		NW_026701093.1	unplaced-scaffold	32149			HAP1_SCAFFOLD_4506
GCA_030435755.1	Primary Assembly	Un			JAUDYK010005077.1	Chromosome		NW_026701094.1	unplaced-scaffold	59719			HAP1_SCAFFOLD_1715
GCA_030435755.1	Primary Assembly	Un			JAUDYK010005078.1	Chromosome		NW_026701095.1	unplaced-scaffold	45449			HAP1_SCAFFOLD_2734
GCA_030435755.1	Primary Assembly	Un			JAUDYK010005079.1	Chromosome		NW_026701096.1	unplaced-scaffold	62770			HAP1_SCAFFOLD_1580
GCA_030435755.1	Primary Assembly	Un			JAUDYK010005080.1	Chromosome		NW_026701097.1	unplaced-scaffold	24854			HAP1_SCAFFOLD_5535
GCA_030435755.1	Primary Assembly	Un			JAUDYK010005081.1	Chromosome		NW_026701098.1	unplaced-scaffold	39402			HAP1_SCAFFOLD_3419
GCA_030435755.1	Primary Assembly	Un			JAUDYK010005082.1	Chromosome		NW_026701099.1	unplaced-scaffold	50662			HAP1_SCAFFOLD_2281
GCA_030435755.1	Primary Assembly	Un			JAUDYK010005083.1	Chromosome		NW_026701100.1	unplaced-scaffold	127945			HAP1_SCAFFOLD_488
GCA_030435755.1	Primary Assembly	Un			JAUDYK010005084.1	Chromosome		NW_026701101.1	unplaced-scaffold	45797			HAP1_SCAFFOLD_2690
GCA_030435755.1	Primary Assembly	Un			JAUDYK010005085.1	Chromosome		NW_026701102.1	unplaced-scaffold	79073			HAP1_SCAFFOLD_1083
GCA_030435755.1	Primary Assembly	Un			JAUDYK010005086.1	Chromosome		NW_026701103.1	unplaced-scaffold	32038			HAP1_SCAFFOLD_4521
GCA_030435755.1	Primary Assembly	Un			JAUDYK010005087.1	Chromosome		NW_026701104.1	unplaced-scaffold	39228			HAP1_SCAFFOLD_3436
GCA_030435755.1	Primary Assembly	Un			JAUDYK010005088.1	Chromosome		NW_026701105.1	unplaced-scaffold	36012			HAP1_SCAFFOLD_3924
GCA_030435755.1	Primary Assembly	Un			JAUDYK010005089.1	Chromosome		NW_026701106.1	unplaced-scaffold	56045			HAP1_SCAFFOLD_1907
GCA_030435755.1	Primary Assembly	Un			JAUDYK010005090.1	Chromosome		NW_026701107.1	unplaced-scaffold	49140			HAP1_SCAFFOLD_2404
GCA_030435755.1	Primary Assembly	Un			JAUDYK010005091.1	Chromosome		NW_026701108.1	unplaced-scaffold	29637			HAP1_SCAFFOLD_4903
GCA_030435755.1	Primary Assembly	Un			JAUDYK010005092.1	Chromosome		NW_026701109.1	unplaced-scaffold	51957			HAP1_SCAFFOLD_2184
GCA_030435755.1	Primary Assembly	Un			JAUDYK010005093.1	Chromosome		NW_026701110.1	unplaced-scaffold	28189			HAP1_SCAFFOLD_5110
GCA_030435755.1	Primary Assembly	Un			JAUDYK010005094.1	Chromosome		NW_026701111.1	unplaced-scaffold	37340			HAP1_SCAFFOLD_3721
GCA_030435755.1	Primary Assembly	Un			JAUDYK010005095.1	Chromosome		NW_026701112.1	unplaced-scaffold	34806			HAP1_SCAFFOLD_4087
GCA_030435755.1	Primary Assembly	Un			JAUDYK010005096.1	Chromosome		NW_026701113.1	unplaced-scaffold	19624			HAP1_SCAFFOLD_5864
GCA_030435755.1	Primary Assembly	Un			JAUDYK010005097.1	Chromosome		NW_026701114.1	unplaced-scaffold	66528			HAP1_SCAFFOLD_1442
GCA_030435755.1	Primary Assembly	Un			JAUDYK010005098.1	Chromosome		NW_026701115.1	unplaced-scaffold	107430			HAP1_SCAFFOLD_660
GCA_030435755.1	Primary Assembly	Un			JAUDYK010005099.1	Chromosome		NW_026701116.1	unplaced-scaffold	89142			HAP1_SCAFFOLD_899
GCA_030435755.1	Primary Assembly	Un			JAUDYK010005100.1	Chromosome		NW_026701117.1	unplaced-scaffold	103353			HAP1_SCAFFOLD_711
GCA_030435755.1	Primary Assembly	Un			JAUDYK010005101.1	Chromosome		NW_026701118.1	unplaced-scaffold	100025			HAP1_SCAFFOLD_738
GCA_030435755.1	Primary Assembly	Un			JAUDYK010005102.1	Chromosome		NW_026701119.1	unplaced-scaffold	34944			HAP1_SCAFFOLD_4064
GCA_030435755.1	Primary Assembly	Un			JAUDYK010005103.1	Chromosome		NW_026701120.1	unplaced-scaffold	19057			HAP1_SCAFFOLD_5887
GCA_030435755.1	Primary Assembly	Un			JAUDYK010005104.1	Chromosome		NW_026701121.1	unplaced-scaffold	26056			HAP1_SCAFFOLD_5380
GCA_030435755.1	Primary Assembly	Un			JAUDYK010005105.1	Chromosome		NW_026701122.1	unplaced-scaffold	52202			HAP1_SCAFFOLD_2167
GCA_030435755.1	Primary Assembly	Un			JAUDYK010005106.1	Chromosome		NW_026701123.1	unplaced-scaffold	50278			HAP1_SCAFFOLD_2314
GCA_030435755.1	Primary Assembly	Un			JAUDYK010005107.1	Chromosome		NW_026701124.1	unplaced-scaffold	45365			HAP1_SCAFFOLD_2740
GCA_030435755.1	Primary Assembly	Un			JAUDYK010005108.1	Chromosome		NW_026701125.1	unplaced-scaffold	69936			HAP1_SCAFFOLD_1335
GCA_030435755.1	Primary Assembly	Un			JAUDYK010005109.1	Chromosome		NW_026701126.1	unplaced-scaffold	45237			HAP1_SCAFFOLD_2757
GCA_030435755.1	Primary Assembly	Un			JAUDYK010005110.1	Chromosome		NW_026701127.1	unplaced-scaffold	196352			HAP1_SCAFFOLD_265
GCA_030435755.1	Primary Assembly	Un			JAUDYK010005111.1	Chromosome		NW_026701128.1	unplaced-scaffold	66369			HAP1_SCAFFOLD_1451
GCA_030435755.1	Primary Assembly	Un			JAUDYK010005112.1	Chromosome		NW_026701129.1	unplaced-scaffold	37888			HAP1_SCAFFOLD_3635
GCA_030435755.1	Primary Assembly	Un			JAUDYK010005113.1	Chromosome		NW_026701130.1	unplaced-scaffold	29177			HAP1_SCAFFOLD_4975
GCA_030435755.1	Primary Assembly	Un			JAUDYK010005114.1	Chromosome		NW_026701131.1	unplaced-scaffold	176903			HAP1_SCAFFOLD_306
GCA_030435755.1	Primary Assembly	Un			JAUDYK010005115.1	Chromosome		NW_026701132.1	unplaced-scaffold	25460			HAP1_SCAFFOLD_5456
GCA_030435755.1	Primary Assembly	Un			JAUDYK010005116.1	Chromosome		NW_026701133.1	unplaced-scaffold	45592			HAP1_SCAFFOLD_2713
GCA_030435755.1	Primary Assembly	Un			JAUDYK010005117.1	Chromosome		NW_026701134.1	unplaced-scaffold	71357			HAP1_SCAFFOLD_1288
GCA_030435755.1	Primary Assembly	Un			JAUDYK010005118.1	Chromosome		NW_026701135.1	unplaced-scaffold	30328			HAP1_SCAFFOLD_4802
GCA_030435755.1	Primary Assembly	Un			JAUDYK010005119.1	Chromosome		NW_026701136.1	unplaced-scaffold	111285			HAP1_SCAFFOLD_624
GCA_030435755.1	Primary Assembly	Un			JAUDYK010005120.1	Chromosome		NW_026701137.1	unplaced-scaffold	32710			HAP1_SCAFFOLD_4411
GCA_030435755.1	Primary Assembly	Un			JAUDYK010005121.1	Chromosome		NW_026701138.1	unplaced-scaffold	40433			HAP1_SCAFFOLD_3296
GCA_030435755.1	Primary Assembly	Un			JAUDYK010005122.1	Chromosome		NW_026701139.1	unplaced-scaffold	84067			HAP1_SCAFFOLD_987
GCA_030435755.1	Primary Assembly	Un			JAUDYK010005123.1	Chromosome		NW_026701140.1	unplaced-scaffold	91667			HAP1_SCAFFOLD_848
GCA_030435755.1	Primary Assembly	Un			JAUDYK010005124.1	Chromosome		NW_026701141.1	unplaced-scaffold	23759			HAP1_SCAFFOLD_5629
GCA_030435755.1	Primary Assembly	Un			JAUDYK010005125.1	Chromosome		NW_026701142.1	unplaced-scaffold	94997			HAP1_SCAFFOLD_810
GCA_030435755.1	Primary Assembly	Un			JAUDYK010005126.1	Chromosome		NW_026701143.1	unplaced-scaffold	34118			HAP1_SCAFFOLD_4193
GCA_030435755.1	Primary Assembly	Un			JAUDYK010005127.1	Chromosome		NW_026701144.1	unplaced-scaffold	29021			HAP1_SCAFFOLD_5002
GCA_030435755.1	Primary Assembly	Un			JAUDYK010005128.1	Chromosome		NW_026701145.1	unplaced-scaffold	33359			HAP1_SCAFFOLD_4301
GCA_030435755.1	Primary Assembly	Un			JAUDYK010005129.1	Chromosome		NW_026701146.1	unplaced-scaffold	32919			HAP1_SCAFFOLD_4378
GCA_030435755.1	Primary Assembly	Un			JAUDYK010005130.1	Chromosome		NW_026701147.1	unplaced-scaffold	127289			HAP1_SCAFFOLD_492
GCA_030435755.1	Primary Assembly	Un			JAUDYK010005131.1	Chromosome		NW_026701148.1	unplaced-scaffold	23506			HAP1_SCAFFOLD_5655
GCA_030435755.1	Primary Assembly	Un			JAUDYK010005132.1	Chromosome		NW_026701149.1	unplaced-scaffold	41093			HAP1_SCAFFOLD_3212
GCA_030435755.1	Primary Assembly	Un			JAUDYK010005133.1	Chromosome		NW_026701150.1	unplaced-scaffold	27967			HAP1_SCAFFOLD_5143
GCA_030435755.1	Primary Assembly	Un			JAUDYK010005134.1	Chromosome		NW_026701151.1	unplaced-scaffold	74178			HAP1_SCAFFOLD_1197
GCA_030435755.1	Primary Assembly	Un			JAUDYK010005135.1	Chromosome		NW_026701152.1	unplaced-scaffold	45956			HAP1_SCAFFOLD_2679
GCA_030435755.1	Primary Assembly	Un			JAUDYK010005136.1	Chromosome		NW_026701153.1	unplaced-scaffold	55378			HAP1_SCAFFOLD_1938
GCA_030435755.1	Primary Assembly	Un			JAUDYK010005137.1	Chromosome		NW_026701154.1	unplaced-scaffold	53835			HAP1_SCAFFOLD_2045
GCA_030435755.1	Primary Assembly	Un			JAUDYK010005138.1	Chromosome		NW_026701155.1	unplaced-scaffold	32066			HAP1_SCAFFOLD_4517
GCA_030435755.1	Primary Assembly	Un			JAUDYK010005139.1	Chromosome		NW_026701156.1	unplaced-scaffold	39892			HAP1_SCAFFOLD_3354
GCA_030435755.1	Primary Assembly	Un			JAUDYK010005140.1	Chromosome		NW_026701157.1	unplaced-scaffold	71354			HAP1_SCAFFOLD_1289
GCA_030435755.1	Primary Assembly	Un			JAUDYK010005141.1	Chromosome		NW_026701158.1	unplaced-scaffold	61123			HAP1_SCAFFOLD_1654
GCA_030435755.1	Primary Assembly	Un			JAUDYK010005142.1	Chromosome		NW_026701159.1	unplaced-scaffold	37377			HAP1_SCAFFOLD_3717
GCA_030435755.1	Primary Assembly	Un			JAUDYK010005143.1	Chromosome		NW_026701160.1	unplaced-scaffold	159198			HAP1_SCAFFOLD_361
GCA_030435755.1	Primary Assembly	Un			JAUDYK010005144.1	Chromosome		NW_026701161.1	unplaced-scaffold	64444			HAP1_SCAFFOLD_1513
GCA_030435755.1	Primary Assembly	Un			JAUDYK010005145.1	Chromosome		NW_026701162.1	unplaced-scaffold	36639			HAP1_SCAFFOLD_3844
GCA_030435755.1	Primary Assembly	Un			JAUDYK010005146.1	Chromosome		NW_026701163.1	unplaced-scaffold	28090			HAP1_SCAFFOLD_5122
GCA_030435755.1	Primary Assembly	Un			JAUDYK010005147.1	Chromosome		NW_026701164.1	unplaced-scaffold	23774			HAP1_SCAFFOLD_5628
GCA_030435755.1	Primary Assembly	Un			JAUDYK010005148.1	Chromosome		NW_026701165.1	unplaced-scaffold	43912			HAP1_SCAFFOLD_2895
GCA_030435755.1	Primary Assembly	Un			JAUDYK010005149.1	Chromosome		NW_026701166.1	unplaced-scaffold	38272			HAP1_SCAFFOLD_3576
GCA_030435755.1	Primary Assembly	Un			JAUDYK010005150.1	Chromosome		NW_026701167.1	unplaced-scaffold	22346			HAP1_SCAFFOLD_5733
GCA_030435755.1	Primary Assembly	Un			JAUDYK010005151.1	Chromosome		NW_026701168.1	unplaced-scaffold	95471			HAP1_SCAFFOLD_802
GCA_030435755.1	Primary Assembly	Un			JAUDYK010005152.1	Chromosome		NW_026701169.1	unplaced-scaffold	32918			HAP1_SCAFFOLD_4379
GCA_030435755.1	Primary Assembly	Un			JAUDYK010005153.1	Chromosome		NW_026701170.1	unplaced-scaffold	380829			HAP1_SCAFFOLD_140
GCA_030435755.1	Primary Assembly	Un			JAUDYK010005154.1	Chromosome		NW_026701171.1	unplaced-scaffold	45965			HAP1_SCAFFOLD_2678
GCA_030435755.1	Primary Assembly	Un			JAUDYK010005155.1	Chromosome		NW_026701172.1	unplaced-scaffold	52067			HAP1_SCAFFOLD_2172
GCA_030435755.1	Primary Assembly	Un			JAUDYK010005156.1	Chromosome		NW_026701173.1	unplaced-scaffold	46691			HAP1_SCAFFOLD_2601
GCA_030435755.1	Primary Assembly	Un			JAUDYK010005157.1	Chromosome		NW_026701174.1	unplaced-scaffold	42060			HAP1_SCAFFOLD_3094
GCA_030435755.1	Primary Assembly	Un			JAUDYK010005158.1	Chromosome		NW_026701175.1	unplaced-scaffold	55367			HAP1_SCAFFOLD_1939
GCA_030435755.1	Primary Assembly	Un			JAUDYK010005159.1	Chromosome		NW_026701176.1	unplaced-scaffold	30525			HAP1_SCAFFOLD_4776
GCA_030435755.1	Primary Assembly	Un			JAUDYK010005160.1	Chromosome		NW_026701177.1	unplaced-scaffold	40995			HAP1_SCAFFOLD_3220
GCA_030435755.1	Primary Assembly	Un			JAUDYK010005161.1	Chromosome		NW_026701178.1	unplaced-scaffold	33618			HAP1_SCAFFOLD_4266
GCA_030435755.1	Primary Assembly	Un			JAUDYK010005162.1	Chromosome		NW_026701179.1	unplaced-scaffold	125539			HAP1_SCAFFOLD_504
GCA_030435755.1	Primary Assembly	Un			JAUDYK010005163.1	Chromosome		NW_026701180.1	unplaced-scaffold	66925			HAP1_SCAFFOLD_1423
GCA_030435755.1	Primary Assembly	Un			JAUDYK010005164.1	Chromosome		NW_026701181.1	unplaced-scaffold	26443			HAP1_SCAFFOLD_5334
GCA_030435755.1	Primary Assembly	Un			JAUDYK010005165.1	Chromosome		NW_026701182.1	unplaced-scaffold	32616			HAP1_SCAFFOLD_4427
GCA_030435755.1	Primary Assembly	Un			JAUDYK010005166.1	Chromosome		NW_026701183.1	unplaced-scaffold	50933			HAP1_SCAFFOLD_2252
GCA_030435755.1	Primary Assembly	Un			JAUDYK010005167.1	Chromosome		NW_026701184.1	unplaced-scaffold	145834			HAP1_SCAFFOLD_409
GCA_030435755.1	Primary Assembly	Un			JAUDYK010005168.1	Chromosome		NW_026701185.1	unplaced-scaffold	115064			HAP1_SCAFFOLD_589
GCA_030435755.1	Primary Assembly	Un			JAUDYK010005169.1	Chromosome		NW_026701186.1	unplaced-scaffold	63485			HAP1_SCAFFOLD_1557
GCA_030435755.1	Primary Assembly	Un			JAUDYK010005170.1	Chromosome		NW_026701187.1	unplaced-scaffold	139548			HAP1_SCAFFOLD_435
GCA_030435755.1	Primary Assembly	Un			JAUDYK010005171.1	Chromosome		NW_026701188.1	unplaced-scaffold	37089			HAP1_SCAFFOLD_3753
GCA_030435755.1	Primary Assembly	Un			JAUDYK010005172.1	Chromosome		NW_026701189.1	unplaced-scaffold	31487			HAP1_SCAFFOLD_4614
GCA_030435755.1	Primary Assembly	Un			JAUDYK010005173.1	Chromosome		NW_026701190.1	unplaced-scaffold	52730			HAP1_SCAFFOLD_2130
GCA_030435755.1	Primary Assembly	Un			JAUDYK010005174.1	Chromosome		NW_026701191.1	unplaced-scaffold	63884			HAP1_SCAFFOLD_1540
GCA_030435755.1	Primary Assembly	Un			JAUDYK010005175.1	Chromosome		NW_026701192.1	unplaced-scaffold	31782			HAP1_SCAFFOLD_4553
GCA_030435755.1	Primary Assembly	Un			JAUDYK010005176.1	Chromosome		NW_026701193.1	unplaced-scaffold	41504			HAP1_SCAFFOLD_3163
GCA_030435755.1	Primary Assembly	Un			JAUDYK010005177.1	Chromosome		NW_026701194.1	unplaced-scaffold	51087			HAP1_SCAFFOLD_2241
GCA_030435755.1	Primary Assembly	Un			JAUDYK010005178.1	Chromosome		NW_026701195.1	unplaced-scaffold	129954			HAP1_SCAFFOLD_484
GCA_030435755.1	Primary Assembly	Un			JAUDYK010005179.1	Chromosome		NW_026701196.1	unplaced-scaffold	56908			HAP1_SCAFFOLD_1865
GCA_030435755.1	Primary Assembly	Un			JAUDYK010005180.1	Chromosome		NW_026701197.1	unplaced-scaffold	52491			HAP1_SCAFFOLD_2144
GCA_030435755.1	Primary Assembly	Un			JAUDYK010005181.1	Chromosome		NW_026701198.1	unplaced-scaffold	47798			HAP1_SCAFFOLD_2515
GCA_030435755.1	Primary Assembly	Un			JAUDYK010005182.1	Chromosome		NW_026701199.1	unplaced-scaffold	63930			HAP1_SCAFFOLD_1534
GCA_030435755.1	Primary Assembly	Un			JAUDYK010005183.1	Chromosome		NW_026701200.1	unplaced-scaffold	88079			HAP1_SCAFFOLD_921
GCA_030435755.1	Primary Assembly	Un			JAUDYK010005184.1	Chromosome		NW_026701201.1	unplaced-scaffold	78502			HAP1_SCAFFOLD_1102
GCA_030435755.1	Primary Assembly	Un			JAUDYK010005185.1	Chromosome		NW_026701202.1	unplaced-scaffold	61976			HAP1_SCAFFOLD_1608
GCA_030435755.1	Primary Assembly	Un			JAUDYK010005186.1	Chromosome		NW_026701203.1	unplaced-scaffold	60747			HAP1_SCAFFOLD_1671
GCA_030435755.1	Primary Assembly	Un			JAUDYK010005187.1	Chromosome		NW_026701204.1	unplaced-scaffold	210558			HAP1_SCAFFOLD_247
GCA_030435755.1	Primary Assembly	Un			JAUDYK010005188.1	Chromosome		NW_026701205.1	unplaced-scaffold	65373			HAP1_SCAFFOLD_1482
GCA_030435755.1	Primary Assembly	Un			JAUDYK010005189.1	Chromosome		NW_026701206.1	unplaced-scaffold	35043			HAP1_SCAFFOLD_4047
GCA_030435755.1	Primary Assembly	Un			JAUDYK010005190.1	Chromosome		NW_026701207.1	unplaced-scaffold	28287			HAP1_SCAFFOLD_5097
GCA_030435755.1	Primary Assembly	Un			JAUDYK010005191.1	Chromosome		NW_026701208.1	unplaced-scaffold	40286			HAP1_SCAFFOLD_3308
GCA_030435755.1	Primary Assembly	Un			JAUDYK010005192.1	Chromosome		NW_026701209.1	unplaced-scaffold	35031			HAP1_SCAFFOLD_4050
GCA_030435755.1	Primary Assembly	Un			JAUDYK010005193.1	Chromosome		NW_026701210.1	unplaced-scaffold	81352			HAP1_SCAFFOLD_1043
GCA_030435755.1	Primary Assembly	Un			JAUDYK010005194.1	Chromosome		NW_026701211.1	unplaced-scaffold	39798			HAP1_SCAFFOLD_3371
GCA_030435755.1	Primary Assembly	Un			JAUDYK010005195.1	Chromosome		NW_026701212.1	unplaced-scaffold	121233			HAP1_SCAFFOLD_542
GCA_030435755.1	Primary Assembly	Un			JAUDYK010005196.1	Chromosome		NW_026701213.1	unplaced-scaffold	32830			HAP1_SCAFFOLD_4390
GCA_030435755.1	Primary Assembly	Un			JAUDYK010005197.1	Chromosome		NW_026701214.1	unplaced-scaffold	18113			HAP1_SCAFFOLD_5911
GCA_030435755.1	Primary Assembly	Un			JAUDYK010005198.1	Chromosome		NW_026701215.1	unplaced-scaffold	26257			HAP1_SCAFFOLD_5357
GCA_030435755.1	Primary Assembly	Un			JAUDYK010005199.1	Chromosome		NW_026701216.1	unplaced-scaffold	96747			HAP1_SCAFFOLD_785
GCA_030435755.1	Primary Assembly	Un			JAUDYK010005200.1	Chromosome		NW_026701217.1	unplaced-scaffold	39406			HAP1_SCAFFOLD_3418
GCA_030435755.1	Primary Assembly	Un			JAUDYK010005201.1	Chromosome		NW_026701218.1	unplaced-scaffold	36421			HAP1_SCAFFOLD_3872
GCA_030435755.1	Primary Assembly	Un			JAUDYK010005202.1	Chromosome		NW_026701219.1	unplaced-scaffold	43188			HAP1_SCAFFOLD_2962
GCA_030435755.1	Primary Assembly	Un			JAUDYK010005203.1	Chromosome		NW_026701220.1	unplaced-scaffold	19922			HAP1_SCAFFOLD_5850
GCA_030435755.1	Primary Assembly	Un			JAUDYK010005204.1	Chromosome		NW_026701221.1	unplaced-scaffold	29665			HAP1_SCAFFOLD_4897
GCA_030435755.1	Primary Assembly	Un			JAUDYK010005205.1	Chromosome		NW_026701222.1	unplaced-scaffold	19969			HAP1_SCAFFOLD_5847
GCA_030435755.1	Primary Assembly	Un			JAUDYK010005206.1	Chromosome		NW_026701223.1	unplaced-scaffold	56219			HAP1_SCAFFOLD_1893
GCA_030435755.1	Primary Assembly	Un			JAUDYK010005207.1	Chromosome		NW_026701224.1	unplaced-scaffold	100163			HAP1_SCAFFOLD_734
GCA_030435755.1	Primary Assembly	Un			JAUDYK010005208.1	Chromosome		NW_026701225.1	unplaced-scaffold	22779			HAP1_SCAFFOLD_5714
GCA_030435755.1	Primary Assembly	Un			JAUDYK010005209.1	Chromosome		NW_026701226.1	unplaced-scaffold	44965			HAP1_SCAFFOLD_2780
GCA_030435755.1	Primary Assembly	Un			JAUDYK010005210.1	Chromosome		NW_026701227.1	unplaced-scaffold	41184			HAP1_SCAFFOLD_3195
GCA_030435755.1	Primary Assembly	Un			JAUDYK010005211.1	Chromosome		NW_026701228.1	unplaced-scaffold	29306			HAP1_SCAFFOLD_4956
GCA_030435755.1	Primary Assembly	Un			JAUDYK010005212.1	Chromosome		NW_026701229.1	unplaced-scaffold	26352			HAP1_SCAFFOLD_5340
GCA_030435755.1	Primary Assembly	Un			JAUDYK010005213.1	Chromosome		NW_026701230.1	unplaced-scaffold	120463			HAP1_SCAFFOLD_551
GCA_030435755.1	Primary Assembly	Un			JAUDYK010005214.1	Chromosome		NW_026701231.1	unplaced-scaffold	36137			HAP1_SCAFFOLD_3905
GCA_030435755.1	Primary Assembly	Un			JAUDYK010005215.1	Chromosome		NW_026701232.1	unplaced-scaffold	111117			HAP1_SCAFFOLD_628
GCA_030435755.1	Primary Assembly	Un			JAUDYK010005216.1	Chromosome		NW_026701233.1	unplaced-scaffold	72516			HAP1_SCAFFOLD_1248
GCA_030435755.1	Primary Assembly	Un			JAUDYK010005217.1	Chromosome		NW_026701234.1	unplaced-scaffold	48578			HAP1_SCAFFOLD_2459
GCA_030435755.1	Primary Assembly	Un			JAUDYK010005218.1	Chromosome		NW_026701235.1	unplaced-scaffold	25327			HAP1_SCAFFOLD_5475
GCA_030435755.1	Primary Assembly	Un			JAUDYK010005219.1	Chromosome		NW_026701236.1	unplaced-scaffold	48939			HAP1_SCAFFOLD_2425
GCA_030435755.1	Primary Assembly	Un			JAUDYK010005220.1	Chromosome		NW_026701237.1	unplaced-scaffold	26584			HAP1_SCAFFOLD_5313
GCA_030435755.1	Primary Assembly	Un			JAUDYK010005221.1	Chromosome		NW_026701238.1	unplaced-scaffold	55817			HAP1_SCAFFOLD_1916
GCA_030435755.1	Primary Assembly	Un			JAUDYK010005222.1	Chromosome		NW_026701239.1	unplaced-scaffold	31419			HAP1_SCAFFOLD_4633
GCA_030435755.1	Primary Assembly	Un			JAUDYK010005223.1	Chromosome		NW_026701240.1	unplaced-scaffold	46471			HAP1_SCAFFOLD_2626
GCA_030435755.1	Primary Assembly	Un			JAUDYK010005224.1	Chromosome		NW_026701241.1	unplaced-scaffold	27610			HAP1_SCAFFOLD_5183
GCA_030435755.1	Primary Assembly	Un			JAUDYK010005225.1	Chromosome		NW_026701242.1	unplaced-scaffold	25813			HAP1_SCAFFOLD_5403
GCA_030435755.1	Primary Assembly	Un			JAUDYK010005226.1	Chromosome		NW_026701243.1	unplaced-scaffold	40087			HAP1_SCAFFOLD_3337
GCA_030435755.1	Primary Assembly	Un			JAUDYK010005227.1	Chromosome		NW_026701244.1	unplaced-scaffold	36681			HAP1_SCAFFOLD_3830
GCA_030435755.1	Primary Assembly	Un			JAUDYK010005228.1	Chromosome		NW_026701245.1	unplaced-scaffold	30875			HAP1_SCAFFOLD_4728
GCA_030435755.1	Primary Assembly	Un			JAUDYK010005229.1	Chromosome		NW_026701246.1	unplaced-scaffold	35674			HAP1_SCAFFOLD_3973
GCA_030435755.1	Primary Assembly	Un			JAUDYK010005230.1	Chromosome		NW_026701247.1	unplaced-scaffold	44285			HAP1_SCAFFOLD_2863
GCA_030435755.1	Primary Assembly	Un			JAUDYK010005231.1	Chromosome		NW_026701248.1	unplaced-scaffold	104838			HAP1_SCAFFOLD_693
GCA_030435755.1	Primary Assembly	Un			JAUDYK010005232.1	Chromosome		NW_026701249.1	unplaced-scaffold	38523			HAP1_SCAFFOLD_3528
GCA_030435755.1	Primary Assembly	Un			JAUDYK010005233.1	Chromosome		NW_026701250.1	unplaced-scaffold	54675			HAP1_SCAFFOLD_1992
GCA_030435755.1	Primary Assembly	Un			JAUDYK010005234.1	Chromosome		NW_026701251.1	unplaced-scaffold	82710			HAP1_SCAFFOLD_1010
GCA_030435755.1	Primary Assembly	Un			JAUDYK010005235.1	Chromosome		NW_026701252.1	unplaced-scaffold	91855			HAP1_SCAFFOLD_844
GCA_030435755.1	Primary Assembly	Un			JAUDYK010005236.1	Chromosome		NW_026701253.1	unplaced-scaffold	23335			HAP1_SCAFFOLD_5676
GCA_030435755.1	Primary Assembly	Un			JAUDYK010005237.1	Chromosome		NW_026701254.1	unplaced-scaffold	61421			HAP1_SCAFFOLD_1637
GCA_030435755.1	Primary Assembly	Un			JAUDYK010005238.1	Chromosome		NW_026701255.1	unplaced-scaffold	294903			HAP1_SCAFFOLD_173
GCA_030435755.1	Primary Assembly	Un			JAUDYK010005239.1	Chromosome		NW_026701256.1	unplaced-scaffold	528773			HAP1_SCAFFOLD_108
GCA_030435755.1	Primary Assembly	Un			JAUDYK010005240.1	Chromosome		NW_026701257.1	unplaced-scaffold	53395			HAP1_SCAFFOLD_2072
GCA_030435755.1	Primary Assembly	Un			JAUDYK010005241.1	Chromosome		NW_026701258.1	unplaced-scaffold	41185			HAP1_SCAFFOLD_3194
GCA_030435755.1	Primary Assembly	Un			JAUDYK010005242.1	Chromosome		NW_026701259.1	unplaced-scaffold	22743			HAP1_SCAFFOLD_5715
GCA_030435755.1	Primary Assembly	Un			JAUDYK010005243.1	Chromosome		NW_026701260.1	unplaced-scaffold	40599			HAP1_SCAFFOLD_3268
GCA_030435755.1	Primary Assembly	Un			JAUDYK010005244.1	Chromosome		NW_026701261.1	unplaced-scaffold	127510			HAP1_SCAFFOLD_490
GCA_030435755.1	Primary Assembly	Un			JAUDYK010005245.1	Chromosome		NW_026701262.1	unplaced-scaffold	33228			HAP1_SCAFFOLD_4321
GCA_030435755.1	Primary Assembly	Un			JAUDYK010005246.1	Chromosome		NW_026701263.1	unplaced-scaffold	28852			HAP1_SCAFFOLD_5022
GCA_030435755.1	Primary Assembly	Un			JAUDYK010005247.1	Chromosome		NW_026701264.1	unplaced-scaffold	32506			HAP1_SCAFFOLD_4439
GCA_030435755.1	Primary Assembly	Un			JAUDYK010005248.1	Chromosome		NW_026701265.1	unplaced-scaffold	94926			HAP1_SCAFFOLD_812
GCA_030435755.1	Primary Assembly	Un			JAUDYK010005249.1	Chromosome		NW_026701266.1	unplaced-scaffold	24047			HAP1_SCAFFOLD_5609
GCA_030435755.1	Primary Assembly	Un			JAUDYK010005250.1	Chromosome		NW_026701267.1	unplaced-scaffold	30177			HAP1_SCAFFOLD_4822
GCA_030435755.1	Primary Assembly	Un			JAUDYK010005251.1	Chromosome		NW_026701268.1	unplaced-scaffold	63921			HAP1_SCAFFOLD_1535
GCA_030435755.1	Primary Assembly	Un			JAUDYK010005252.1	Chromosome		NW_026701269.1	unplaced-scaffold	46132			HAP1_SCAFFOLD_2653
GCA_030435755.1	Primary Assembly	Un			JAUDYK010005253.1	Chromosome		NW_026701270.1	unplaced-scaffold	24315			HAP1_SCAFFOLD_5580
GCA_030435755.1	Primary Assembly	Un			JAUDYK010005254.1	Chromosome		NW_026701271.1	unplaced-scaffold	47804			HAP1_SCAFFOLD_2514
GCA_030435755.1	Primary Assembly	Un			JAUDYK010005255.1	Chromosome		NW_026701272.1	unplaced-scaffold	52491			HAP1_SCAFFOLD_2145
GCA_030435755.1	Primary Assembly	Un			JAUDYK010005256.1	Chromosome		NW_026701273.1	unplaced-scaffold	86779			HAP1_SCAFFOLD_946
GCA_030435755.1	Primary Assembly	Un			JAUDYK010005257.1	Chromosome		NW_026701274.1	unplaced-scaffold	98638			HAP1_SCAFFOLD_758
GCA_030435755.1	Primary Assembly	Un			JAUDYK010005258.1	Chromosome		NW_026701275.1	unplaced-scaffold	54102			HAP1_SCAFFOLD_2030
GCA_030435755.1	Primary Assembly	Un			JAUDYK010005259.1	Chromosome		NW_026701276.1	unplaced-scaffold	42291			HAP1_SCAFFOLD_3063
GCA_030435755.1	Primary Assembly	Un			JAUDYK010005260.1	Chromosome		NW_026701277.1	unplaced-scaffold	50616			HAP1_SCAFFOLD_2286
GCA_030435755.1	Primary Assembly	Un			JAUDYK010005261.1	Chromosome		NW_026701278.1	unplaced-scaffold	192597			HAP1_SCAFFOLD_271
GCA_030435755.1	Primary Assembly	Un			JAUDYK010005262.1	Chromosome		NW_026701279.1	unplaced-scaffold	46558			HAP1_SCAFFOLD_2617
GCA_030435755.1	Primary Assembly	Un			JAUDYK010005263.1	Chromosome		NW_026701280.1	unplaced-scaffold	33362			HAP1_SCAFFOLD_4299
GCA_030435755.1	Primary Assembly	Un			JAUDYK010005264.1	Chromosome		NW_026701281.1	unplaced-scaffold	27119			HAP1_SCAFFOLD_5249
GCA_030435755.1	Primary Assembly	Un			JAUDYK010005265.1	Chromosome		NW_026701282.1	unplaced-scaffold	107244			HAP1_SCAFFOLD_662
GCA_030435755.1	Primary Assembly	Un			JAUDYK010005266.1	Chromosome		NW_026701283.1	unplaced-scaffold	143984			HAP1_SCAFFOLD_419
GCA_030435755.1	Primary Assembly	Un			JAUDYK010005267.1	Chromosome		NW_026701284.1	unplaced-scaffold	37475			HAP1_SCAFFOLD_3701
GCA_030435755.1	Primary Assembly	Un			JAUDYK010005268.1	Chromosome		NW_026701285.1	unplaced-scaffold	36971			HAP1_SCAFFOLD_3778
GCA_030435755.1	Primary Assembly	Un			JAUDYK010005269.1	Chromosome		NW_026701286.1	unplaced-scaffold	29473			HAP1_SCAFFOLD_4923
GCA_030435755.1	Primary Assembly	Un			JAUDYK010005270.1	Chromosome		NW_026701287.1	unplaced-scaffold	43420			HAP1_SCAFFOLD_2936
GCA_030435755.1	Primary Assembly	Un			JAUDYK010005271.1	Chromosome		NW_026701288.1	unplaced-scaffold	48952			HAP1_SCAFFOLD_2424
GCA_030435755.1	Primary Assembly	Un			JAUDYK010005272.1	Chromosome		NW_026701289.1	unplaced-scaffold	55596			HAP1_SCAFFOLD_1927
GCA_030435755.1	Primary Assembly	Un			JAUDYK010005273.1	Chromosome		NW_026701290.1	unplaced-scaffold	36157			HAP1_SCAFFOLD_3904
GCA_030435755.1	Primary Assembly	Un			JAUDYK010005274.1	Chromosome		NW_026701291.1	unplaced-scaffold	31685			HAP1_SCAFFOLD_4578
GCA_030435755.1	Primary Assembly	Un			JAUDYK010005275.1	Chromosome		NW_026701292.1	unplaced-scaffold	32168			HAP1_SCAFFOLD_4501
GCA_030435755.1	Primary Assembly	Un			JAUDYK010005276.1	Chromosome		NW_026701293.1	unplaced-scaffold	23447			HAP1_SCAFFOLD_5660
GCA_030435755.1	Primary Assembly	Un			JAUDYK010005277.1	Chromosome		NW_026701294.1	unplaced-scaffold	124407			HAP1_SCAFFOLD_514
GCA_030435755.1	Primary Assembly	Un			JAUDYK010005278.1	Chromosome		NW_026701295.1	unplaced-scaffold	25334			HAP1_SCAFFOLD_5474
GCA_030435755.1	Primary Assembly	Un			JAUDYK010005279.1	Chromosome		NW_026701296.1	unplaced-scaffold	98177			HAP1_SCAFFOLD_766
GCA_030435755.1	Primary Assembly	Un			JAUDYK010005280.1	Chromosome		NW_026701297.1	unplaced-scaffold	33813			HAP1_SCAFFOLD_4232
GCA_030435755.1	Primary Assembly	Un			JAUDYK010005281.1	Chromosome		NW_026701298.1	unplaced-scaffold	26793			HAP1_SCAFFOLD_5288
GCA_030435755.1	Primary Assembly	Un			JAUDYK010005282.1	Chromosome		NW_026701299.1	unplaced-scaffold	43658			HAP1_SCAFFOLD_2919
GCA_030435755.1	Primary Assembly	Un			JAUDYK010005283.1	Chromosome		NW_026701300.1	unplaced-scaffold	42051			HAP1_SCAFFOLD_3095
GCA_030435755.1	Primary Assembly	Un			JAUDYK010005284.1	Chromosome		NW_026701301.1	unplaced-scaffold	43919			HAP1_SCAFFOLD_2894
GCA_030435755.1	Primary Assembly	Un			JAUDYK010005285.1	Chromosome		NW_026701302.1	unplaced-scaffold	66326			HAP1_SCAFFOLD_1456
GCA_030435755.1	Primary Assembly	Un			JAUDYK010005286.1	Chromosome		NW_026701303.1	unplaced-scaffold	27500			HAP1_SCAFFOLD_5197
GCA_030435755.1	Primary Assembly	Un			JAUDYK010005287.1	Chromosome		NW_026701304.1	unplaced-scaffold	76802			HAP1_SCAFFOLD_1143
GCA_030435755.1	Primary Assembly	Un			JAUDYK010005288.1	Chromosome		NW_026701305.1	unplaced-scaffold	34400			HAP1_SCAFFOLD_4150
GCA_030435755.1	Primary Assembly	Un			JAUDYK010005289.1	Chromosome		NW_026701306.1	unplaced-scaffold	38382			HAP1_SCAFFOLD_3560
GCA_030435755.1	Primary Assembly	Un			JAUDYK010005290.1	Chromosome		NW_026701307.1	unplaced-scaffold	47526			HAP1_SCAFFOLD_2533
GCA_030435755.1	Primary Assembly	Un			JAUDYK010005291.1	Chromosome		NW_026701308.1	unplaced-scaffold	32003			HAP1_SCAFFOLD_4526
GCA_030435755.1	Primary Assembly	Un			JAUDYK010005292.1	Chromosome		NW_026701309.1	unplaced-scaffold	61106			HAP1_SCAFFOLD_1655
GCA_030435755.1	Primary Assembly	Un			JAUDYK010005293.1	Chromosome		NW_026701310.1	unplaced-scaffold	39264			HAP1_SCAFFOLD_3431
GCA_030435755.1	Primary Assembly	Un			JAUDYK010005294.1	Chromosome		NW_026701311.1	unplaced-scaffold	40131			HAP1_SCAFFOLD_3329
GCA_030435755.1	Primary Assembly	Un			JAUDYK010005295.1	Chromosome		NW_026701312.1	unplaced-scaffold	16264			HAP1_SCAFFOLD_5938
GCA_030435755.1	Primary Assembly	Un			JAUDYK010005296.1	Chromosome		NW_026701313.1	unplaced-scaffold	36621			HAP1_SCAFFOLD_3845
GCA_030435755.1	Primary Assembly	Un			JAUDYK010005297.1	Chromosome		NW_026701314.1	unplaced-scaffold	29150			HAP1_SCAFFOLD_4982
GCA_030435755.1	Primary Assembly	Un			JAUDYK010005298.1	Chromosome		NW_026701315.1	unplaced-scaffold	53836			HAP1_SCAFFOLD_2044
GCA_030435755.1	Primary Assembly	Un			JAUDYK010005299.1	Chromosome		NW_026701316.1	unplaced-scaffold	61577			HAP1_SCAFFOLD_1629
GCA_030435755.1	Primary Assembly	Un			JAUDYK010005300.1	Chromosome		NW_026701317.1	unplaced-scaffold	30675			HAP1_SCAFFOLD_4760
GCA_030435755.1	Primary Assembly	Un			JAUDYK010005301.1	Chromosome		NW_026701318.1	unplaced-scaffold	83265			HAP1_SCAFFOLD_1002
GCA_030435755.1	Primary Assembly	Un			JAUDYK010005302.1	Chromosome		NW_026701319.1	unplaced-scaffold	223098			HAP1_SCAFFOLD_233
GCA_030435755.1	Primary Assembly	Un			JAUDYK010005303.1	Chromosome		NW_026701320.1	unplaced-scaffold	37311			HAP1_SCAFFOLD_3726
GCA_030435755.1	Primary Assembly	Un			JAUDYK010005304.1	Chromosome		NW_026701321.1	unplaced-scaffold	34413			HAP1_SCAFFOLD_4147
GCA_030435755.1	Primary Assembly	Un			JAUDYK010005305.1	Chromosome		NW_026701322.1	unplaced-scaffold	39887			HAP1_SCAFFOLD_3355
GCA_030435755.1	Primary Assembly	Un			JAUDYK010005306.1	Chromosome		NW_026701323.1	unplaced-scaffold	33594			HAP1_SCAFFOLD_4270
GCA_030435755.1	Primary Assembly	Un			JAUDYK010005307.1	Chromosome		NW_026701324.1	unplaced-scaffold	78289			HAP1_SCAFFOLD_1110
GCA_030435755.1	Primary Assembly	Un			JAUDYK010005308.1	Chromosome		NW_026701325.1	unplaced-scaffold	31484			HAP1_SCAFFOLD_4615
GCA_030435755.1	Primary Assembly	Un			JAUDYK010005309.1	Chromosome		NW_026701326.1	unplaced-scaffold	33342			HAP1_SCAFFOLD_4306
GCA_030435755.1	Primary Assembly	Un			JAUDYK010005310.1	Chromosome		NW_026701327.1	unplaced-scaffold	25557			HAP1_SCAFFOLD_5442
GCA_030435755.1	Primary Assembly	Un			JAUDYK010005311.1	Chromosome		NW_026701328.1	unplaced-scaffold	38712			HAP1_SCAFFOLD_3509
GCA_030435755.1	Primary Assembly	Un			JAUDYK010005312.1	Chromosome		NW_026701329.1	unplaced-scaffold	56910			HAP1_SCAFFOLD_1864
GCA_030435755.1	Primary Assembly	Un			JAUDYK010005313.1	Chromosome		NW_026701330.1	unplaced-scaffold	38955			HAP1_SCAFFOLD_3477
GCA_030435755.1	Primary Assembly	Un			JAUDYK010005314.1	Chromosome		NW_026701331.1	unplaced-scaffold	28375			HAP1_SCAFFOLD_5083
GCA_030435755.1	Primary Assembly	Un			JAUDYK010005315.1	Chromosome		NW_026701332.1	unplaced-scaffold	32211			HAP1_SCAFFOLD_4492
GCA_030435755.1	Primary Assembly	Un			JAUDYK010005316.1	Chromosome		NW_026701333.1	unplaced-scaffold	31000			HAP1_SCAFFOLD_4709
GCA_030435755.1	Primary Assembly	Un			JAUDYK010005317.1	Chromosome		NW_026701334.1	unplaced-scaffold	18214			HAP1_SCAFFOLD_5907
GCA_030435755.1	Primary Assembly	Un			JAUDYK010005318.1	Chromosome		NW_026701335.1	unplaced-scaffold	25494			HAP1_SCAFFOLD_5451
GCA_030435755.1	Primary Assembly	Un			JAUDYK010005319.1	Chromosome		NW_026701336.1	unplaced-scaffold	37612			HAP1_SCAFFOLD_3680
GCA_030435755.1	Primary Assembly	Un			JAUDYK010005320.1	Chromosome		NW_026701337.1	unplaced-scaffold	35764			HAP1_SCAFFOLD_3958
GCA_030435755.1	Primary Assembly	Un			JAUDYK010005321.1	Chromosome		NW_026701338.1	unplaced-scaffold	29745			HAP1_SCAFFOLD_4883
GCA_030435755.1	Primary Assembly	Un			JAUDYK010005322.1	Chromosome		NW_026701339.1	unplaced-scaffold	56348			HAP1_SCAFFOLD_1887
GCA_030435755.1	Primary Assembly	Un			JAUDYK010005323.1	Chromosome		NW_026701340.1	unplaced-scaffold	40467			HAP1_SCAFFOLD_3291
GCA_030435755.1	Primary Assembly	Un			JAUDYK010005324.1	Chromosome		NW_026701341.1	unplaced-scaffold	26442			HAP1_SCAFFOLD_5335
GCA_030435755.1	Primary Assembly	Un			JAUDYK010005325.1	Chromosome		NW_026701342.1	unplaced-scaffold	32674			HAP1_SCAFFOLD_4416
GCA_030435755.1	Primary Assembly	Un			JAUDYK010005326.1	Chromosome		NW_026701343.1	unplaced-scaffold	68213			HAP1_SCAFFOLD_1380
GCA_030435755.1	Primary Assembly	Un			JAUDYK010005327.1	Chromosome		NW_026701344.1	unplaced-scaffold	28495			HAP1_SCAFFOLD_5073
GCA_030435755.1	Primary Assembly	Un			JAUDYK010005328.1	Chromosome		NW_026701345.1	unplaced-scaffold	38905			HAP1_SCAFFOLD_3487
GCA_030435755.1	Primary Assembly	Un			JAUDYK010005329.1	Chromosome		NW_026701346.1	unplaced-scaffold	31094			HAP1_SCAFFOLD_4691
GCA_030435755.1	Primary Assembly	Un			JAUDYK010005330.1	Chromosome		NW_026701347.1	unplaced-scaffold	77656			HAP1_SCAFFOLD_1124
GCA_030435755.1	Primary Assembly	Un			JAUDYK010005331.1	Chromosome		NW_026701348.1	unplaced-scaffold	41926			HAP1_SCAFFOLD_3107
GCA_030435755.1	Primary Assembly	Un			JAUDYK010005332.1	Chromosome		NW_026701349.1	unplaced-scaffold	88156			HAP1_SCAFFOLD_919
GCA_030435755.1	Primary Assembly	Un			JAUDYK010005333.1	Chromosome		NW_026701350.1	unplaced-scaffold	33492			HAP1_SCAFFOLD_4280
GCA_030435755.1	Primary Assembly	Un			JAUDYK010005334.1	Chromosome		NW_026701351.1	unplaced-scaffold	30261			HAP1_SCAFFOLD_4805
GCA_030435755.1	Primary Assembly	Un			JAUDYK010005335.1	Chromosome		NW_026701352.1	unplaced-scaffold	54192			HAP1_SCAFFOLD_2023
GCA_030435755.1	Primary Assembly	Un			JAUDYK010005336.1	Chromosome		NW_026701353.1	unplaced-scaffold	35135			HAP1_SCAFFOLD_4036
GCA_030435755.1	Primary Assembly	Un			JAUDYK010005337.1	Chromosome		NW_026701354.1	unplaced-scaffold	23681			HAP1_SCAFFOLD_5641
GCA_030435755.1	Primary Assembly	Un			JAUDYK010005338.1	Chromosome		NW_026701355.1	unplaced-scaffold	56590			HAP1_SCAFFOLD_1877
GCA_030435755.1	Primary Assembly	Un			JAUDYK010005339.1	Chromosome		NW_026701356.1	unplaced-scaffold	20189			HAP1_SCAFFOLD_5836
GCA_030435755.1	Primary Assembly	Un			JAUDYK010005340.1	Chromosome		NW_026701357.1	unplaced-scaffold	28998			HAP1_SCAFFOLD_5005
GCA_030435755.1	Primary Assembly	Un			JAUDYK010005341.1	Chromosome		NW_026701358.1	unplaced-scaffold	73759			HAP1_SCAFFOLD_1206
GCA_030435755.1	Primary Assembly	Un			JAUDYK010005342.1	Chromosome		NW_026701359.1	unplaced-scaffold	21807			HAP1_SCAFFOLD_5768
GCA_030435755.1	Primary Assembly	Un			JAUDYK010005343.1	Chromosome		NW_026701360.1	unplaced-scaffold	68503			HAP1_SCAFFOLD_1370
GCA_030435755.1	Primary Assembly	Un			JAUDYK010005344.1	Chromosome		NW_026701361.1	unplaced-scaffold	41048			HAP1_SCAFFOLD_3215
GCA_030435755.1	Primary Assembly	Un			JAUDYK010005345.1	Chromosome		NW_026701362.1	unplaced-scaffold	27877			HAP1_SCAFFOLD_5158
GCA_030435755.1	Primary Assembly	Un			JAUDYK010005346.1	Chromosome		NW_026701363.1	unplaced-scaffold	23558			HAP1_SCAFFOLD_5652
GCA_030435755.1	Primary Assembly	Un			JAUDYK010005347.1	Chromosome		NW_026701364.1	unplaced-scaffold	37680			HAP1_SCAFFOLD_3670
GCA_030435755.1	Primary Assembly	Un			JAUDYK010005348.1	Chromosome		NW_026701365.1	unplaced-scaffold	29419			HAP1_SCAFFOLD_4930
GCA_030435755.1	Primary Assembly	Un			JAUDYK010005349.1	Chromosome		NW_026701366.1	unplaced-scaffold	39038			HAP1_SCAFFOLD_3464
GCA_030435755.1	Primary Assembly	Un			JAUDYK010005350.1	Chromosome		NW_026701367.1	unplaced-scaffold	29823			HAP1_SCAFFOLD_4873
GCA_030435755.1	Primary Assembly	Un			JAUDYK010005351.1	Chromosome		NW_026701368.1	unplaced-scaffold	51284			HAP1_SCAFFOLD_2228
GCA_030435755.1	Primary Assembly	Un			JAUDYK010005352.1	Chromosome		NW_026701369.1	unplaced-scaffold	113372			HAP1_SCAFFOLD_605
GCA_030435755.1	Primary Assembly	Un			JAUDYK010005353.1	Chromosome		NW_026701370.1	unplaced-scaffold	42751			HAP1_SCAFFOLD_3011
GCA_030435755.1	Primary Assembly	Un			JAUDYK010005354.1	Chromosome		NW_026701371.1	unplaced-scaffold	26875			HAP1_SCAFFOLD_5278
GCA_030435755.1	Primary Assembly	Un			JAUDYK010005355.1	Chromosome		NW_026701372.1	unplaced-scaffold	27475			HAP1_SCAFFOLD_5201
GCA_030435755.1	Primary Assembly	Un			JAUDYK010005356.1	Chromosome		NW_026701373.1	unplaced-scaffold	57444			HAP1_SCAFFOLD_1831
GCA_030435755.1	Primary Assembly	Un			JAUDYK010005357.1	Chromosome		NW_026701374.1	unplaced-scaffold	137133			HAP1_SCAFFOLD_446
GCA_030435755.1	Primary Assembly	Un			JAUDYK010005358.1	Chromosome		NW_026701375.1	unplaced-scaffold	66474			HAP1_SCAFFOLD_1445
GCA_030435755.1	Primary Assembly	Un			JAUDYK010005359.1	Chromosome		NW_026701376.1	unplaced-scaffold	61322			HAP1_SCAFFOLD_1646
GCA_030435755.1	Primary Assembly	Un			JAUDYK010005360.1	Chromosome		NW_026701377.1	unplaced-scaffold	24117			HAP1_SCAFFOLD_5599
GCA_030435755.1	Primary Assembly	Un			JAUDYK010005361.1	Chromosome		NW_026701378.1	unplaced-scaffold	69990			HAP1_SCAFFOLD_1332
GCA_030435755.1	Primary Assembly	Un			JAUDYK010005362.1	Chromosome		NW_026701379.1	unplaced-scaffold	252485			HAP1_SCAFFOLD_200
GCA_030435755.1	Primary Assembly	Un			JAUDYK010005363.1	Chromosome		NW_026701380.1	unplaced-scaffold	37123			HAP1_SCAFFOLD_3749
GCA_030435755.1	Primary Assembly	Un			JAUDYK010005364.1	Chromosome		NW_026701381.1	unplaced-scaffold	36529			HAP1_SCAFFOLD_3856
GCA_030435755.1	Primary Assembly	Un			JAUDYK010005365.1	Chromosome		NW_026701382.1	unplaced-scaffold	83861			HAP1_SCAFFOLD_990
GCA_030435755.1	Primary Assembly	Un			JAUDYK010005366.1	Chromosome		NW_026701383.1	unplaced-scaffold	41675			HAP1_SCAFFOLD_3138
GCA_030435755.1	Primary Assembly	Un			JAUDYK010005367.1	Chromosome		NW_026701384.1	unplaced-scaffold	37914			HAP1_SCAFFOLD_3632
GCA_030435755.1	Primary Assembly	Un			JAUDYK010005368.1	Chromosome		NW_026701385.1	unplaced-scaffold	109912			HAP1_SCAFFOLD_639
GCA_030435755.1	Primary Assembly	Un			JAUDYK010005369.1	Chromosome		NW_026701386.1	unplaced-scaffold	31830			HAP1_SCAFFOLD_4549
GCA_030435755.1	Primary Assembly	Un			JAUDYK010005370.1	Chromosome		NW_026701387.1	unplaced-scaffold	29187			HAP1_SCAFFOLD_4972
GCA_030435755.1	Primary Assembly	Un			JAUDYK010005371.1	Chromosome		NW_026701388.1	unplaced-scaffold	35472			HAP1_SCAFFOLD_3997
GCA_030435755.1	Primary Assembly	Un			JAUDYK010005372.1	Chromosome		NW_026701389.1	unplaced-scaffold	39949			HAP1_SCAFFOLD_3346
GCA_030435755.1	Primary Assembly	Un			JAUDYK010005373.1	Chromosome		NW_026701390.1	unplaced-scaffold	82027			HAP1_SCAFFOLD_1025
GCA_030435755.1	Primary Assembly	Un			JAUDYK010005374.1	Chromosome		NW_026701391.1	unplaced-scaffold	27271			HAP1_SCAFFOLD_5226
GCA_030435755.1	Primary Assembly	Un			JAUDYK010005375.1	Chromosome		NW_026701392.1	unplaced-scaffold	80521			HAP1_SCAFFOLD_1059
GCA_030435755.1	Primary Assembly	Un			JAUDYK010005376.1	Chromosome		NW_026701393.1	unplaced-scaffold	50398			HAP1_SCAFFOLD_2300
GCA_030435755.1	Primary Assembly	Un			JAUDYK010005377.1	Chromosome		NW_026701394.1	unplaced-scaffold	25381			HAP1_SCAFFOLD_5467
GCA_030435755.1	Primary Assembly	Un			JAUDYK010005378.1	Chromosome		NW_026701395.1	unplaced-scaffold	50714			HAP1_SCAFFOLD_2276
GCA_030435755.1	Primary Assembly	Un			JAUDYK010005379.1	Chromosome		NW_026701396.1	unplaced-scaffold	44734			HAP1_SCAFFOLD_2807
GCA_030435755.1	Primary Assembly	Un			JAUDYK010005380.1	Chromosome		NW_026701397.1	unplaced-scaffold	59823			HAP1_SCAFFOLD_1712
GCA_030435755.1	Primary Assembly	Un			JAUDYK010005381.1	Chromosome		NW_026701398.1	unplaced-scaffold	31610			HAP1_SCAFFOLD_4588
GCA_030435755.1	Primary Assembly	Un			JAUDYK010005382.1	Chromosome		NW_026701399.1	unplaced-scaffold	67736			HAP1_SCAFFOLD_1399
GCA_030435755.1	Primary Assembly	Un			JAUDYK010005383.1	Chromosome		NW_026701400.1	unplaced-scaffold	24882			HAP1_SCAFFOLD_5532
GCA_030435755.1	Primary Assembly	Un			JAUDYK010005384.1	Chromosome		NW_026701401.1	unplaced-scaffold	49079			HAP1_SCAFFOLD_2410
GCA_030435755.1	Primary Assembly	Un			JAUDYK010005385.1	Chromosome		NW_026701402.1	unplaced-scaffold	148470			HAP1_SCAFFOLD_394
GCA_030435755.1	Primary Assembly	Un			JAUDYK010005386.1	Chromosome		NW_026701403.1	unplaced-scaffold	25250			HAP1_SCAFFOLD_5484
GCA_030435755.1	Primary Assembly	Un			JAUDYK010005387.1	Chromosome		NW_026701404.1	unplaced-scaffold	28222			HAP1_SCAFFOLD_5104
GCA_030435755.1	Primary Assembly	Un			JAUDYK010005388.1	Chromosome		NW_026701405.1	unplaced-scaffold	58143			HAP1_SCAFFOLD_1796
GCA_030435755.1	Primary Assembly	Un			JAUDYK010005389.1	Chromosome		NW_026701406.1	unplaced-scaffold	37486			HAP1_SCAFFOLD_3699
GCA_030435755.1	Primary Assembly	Un			JAUDYK010005390.1	Chromosome		NW_026701407.1	unplaced-scaffold	36913			HAP1_SCAFFOLD_3788
GCA_030435755.1	Primary Assembly	Un			JAUDYK010005391.1	Chromosome		NW_026701408.1	unplaced-scaffold	29352			HAP1_SCAFFOLD_4944
GCA_030435755.1	Primary Assembly	Un			JAUDYK010005392.1	Chromosome		NW_026701409.1	unplaced-scaffold	38462			HAP1_SCAFFOLD_3541
GCA_030435755.1	Primary Assembly	Un			JAUDYK010005393.1	Chromosome		NW_026701410.1	unplaced-scaffold	48770			HAP1_SCAFFOLD_2443
GCA_030435755.1	Primary Assembly	Un			JAUDYK010005394.1	Chromosome		NW_026701411.1	unplaced-scaffold	20659			HAP1_SCAFFOLD_5819
GCA_030435755.1	Primary Assembly	Un			JAUDYK010005395.1	Chromosome		NW_026701412.1	unplaced-scaffold	21183			HAP1_SCAFFOLD_5791
GCA_030435755.1	Primary Assembly	Un			JAUDYK010005396.1	Chromosome		NW_026701413.1	unplaced-scaffold	30780			HAP1_SCAFFOLD_4741
GCA_030435755.1	Primary Assembly	Un			JAUDYK010005397.1	Chromosome		NW_026701414.1	unplaced-scaffold	89578			HAP1_SCAFFOLD_886
GCA_030435755.1	Primary Assembly	Un			JAUDYK010005398.1	Chromosome		NW_026701415.1	unplaced-scaffold	53253			HAP1_SCAFFOLD_2082
GCA_030435755.1	Primary Assembly	Un			JAUDYK010005399.1	Chromosome		NW_026701416.1	unplaced-scaffold	34291			HAP1_SCAFFOLD_4162
GCA_030435755.1	Primary Assembly	Un			JAUDYK010005400.1	Chromosome		NW_026701417.1	unplaced-scaffold	31255			HAP1_SCAFFOLD_4668
GCA_030435755.1	Primary Assembly	Un			JAUDYK010005401.1	Chromosome		NW_026701418.1	unplaced-scaffold	38420			HAP1_SCAFFOLD_3552
GCA_030435755.1	Primary Assembly	Un			JAUDYK010005402.1	Chromosome		NW_026701419.1	unplaced-scaffold	24440			HAP1_SCAFFOLD_5570
GCA_030435755.1	Primary Assembly	Un			JAUDYK010005403.1	Chromosome		NW_026701420.1	unplaced-scaffold	44483			HAP1_SCAFFOLD_2838
GCA_030435755.1	Primary Assembly	Un			JAUDYK010005404.1	Chromosome		NW_026701421.1	unplaced-scaffold	45112			HAP1_SCAFFOLD_2766
GCA_030435755.1	Primary Assembly	Un			JAUDYK010005405.1	Chromosome		NW_026701422.1	unplaced-scaffold	98759			HAP1_SCAFFOLD_757
GCA_030435755.1	Primary Assembly	Un			JAUDYK010005406.1	Chromosome		NW_026701423.1	unplaced-scaffold	47734			HAP1_SCAFFOLD_2520
GCA_030435755.1	Primary Assembly	Un			JAUDYK010005407.1	Chromosome		NW_026701424.1	unplaced-scaffold	35298			HAP1_SCAFFOLD_4019
GCA_030435755.1	Primary Assembly	Un			JAUDYK010005408.1	Chromosome		NW_026701425.1	unplaced-scaffold	52373			HAP1_SCAFFOLD_2156
GCA_030435755.1	Primary Assembly	Un			JAUDYK010005409.1	Chromosome		NW_026701426.1	unplaced-scaffold	30698			HAP1_SCAFFOLD_4752
GCA_030435755.1	Primary Assembly	Un			JAUDYK010005410.1	Chromosome		NW_026701427.1	unplaced-scaffold	73496			HAP1_SCAFFOLD_1221
GCA_030435755.1	Primary Assembly	Un			JAUDYK010005411.1	Chromosome		NW_026701428.1	unplaced-scaffold	49533			HAP1_SCAFFOLD_2369
GCA_030435755.1	Primary Assembly	Un			JAUDYK010005412.1	Chromosome		NW_026701429.1	unplaced-scaffold	28614			HAP1_SCAFFOLD_5058
GCA_030435755.1	Primary Assembly	Un			JAUDYK010005413.1	Chromosome		NW_026701430.1	unplaced-scaffold	87261			HAP1_SCAFFOLD_935
GCA_030435755.1	Primary Assembly	Un			JAUDYK010005414.1	Chromosome		NW_026701431.1	unplaced-scaffold	90665			HAP1_SCAFFOLD_865
GCA_030435755.1	Primary Assembly	Un			JAUDYK010005415.1	Chromosome		NW_026701432.1	unplaced-scaffold	50878			HAP1_SCAFFOLD_2260
GCA_030435755.1	Primary Assembly	Un			JAUDYK010005416.1	Chromosome		NW_026701433.1	unplaced-scaffold	40886			HAP1_SCAFFOLD_3233
GCA_030435755.1	Primary Assembly	Un			JAUDYK010005417.1	Chromosome		NW_026701434.1	unplaced-scaffold	111138			HAP1_SCAFFOLD_627
GCA_030435755.1	Primary Assembly	Un			JAUDYK010005418.1	Chromosome		NW_026701435.1	unplaced-scaffold	84299			HAP1_SCAFFOLD_984
GCA_030435755.1	Primary Assembly	Un			JAUDYK010005419.1	Chromosome		NW_026701436.1	unplaced-scaffold	66778			HAP1_SCAFFOLD_1430
GCA_030435755.1	Primary Assembly	Un			JAUDYK010005420.1	Chromosome		NW_026701437.1	unplaced-scaffold	28217			HAP1_SCAFFOLD_5105
GCA_030435755.1	Primary Assembly	Un			JAUDYK010005421.1	Chromosome		NW_026701438.1	unplaced-scaffold	63348			HAP1_SCAFFOLD_1561
GCA_030435755.1	Primary Assembly	Un			JAUDYK010005422.1	Chromosome		NW_026701439.1	unplaced-scaffold	25237			HAP1_SCAFFOLD_5485
GCA_030435755.1	Primary Assembly	Un			JAUDYK010005423.1	Chromosome		NW_026701440.1	unplaced-scaffold	182493			HAP1_SCAFFOLD_299
GCA_030435755.1	Primary Assembly	Un			JAUDYK010005424.1	Chromosome		NW_026701441.1	unplaced-scaffold	23157			HAP1_SCAFFOLD_5686
GCA_030435755.1	Primary Assembly	Un			JAUDYK010005425.1	Chromosome		NW_026701442.1	unplaced-scaffold	34465			HAP1_SCAFFOLD_4136
GCA_030435755.1	Primary Assembly	Un			JAUDYK010005426.1	Chromosome		NW_026701443.1	unplaced-scaffold	52813			HAP1_SCAFFOLD_2123
GCA_030435755.1	Primary Assembly	Un			JAUDYK010005427.1	Chromosome		NW_026701444.1	unplaced-scaffold	33076			HAP1_SCAFFOLD_4348
GCA_030435755.1	Primary Assembly	Un			JAUDYK010005428.1	Chromosome		NW_026701445.1	unplaced-scaffold	27358			HAP1_SCAFFOLD_5217
GCA_030435755.1	Primary Assembly	Un			JAUDYK010005429.1	Chromosome		NW_026701446.1	unplaced-scaffold	45467			HAP1_SCAFFOLD_2732
GCA_030435755.1	Primary Assembly	Un			JAUDYK010005430.1	Chromosome		NW_026701447.1	unplaced-scaffold	27734			HAP1_SCAFFOLD_5173
GCA_030435755.1	Primary Assembly	Un			JAUDYK010005431.1	Chromosome		NW_026701448.1	unplaced-scaffold	46209			HAP1_SCAFFOLD_2649
GCA_030435755.1	Primary Assembly	Un			JAUDYK010005432.1	Chromosome		NW_026701449.1	unplaced-scaffold	25902			HAP1_SCAFFOLD_5398
GCA_030435755.1	Primary Assembly	Un			JAUDYK010005433.1	Chromosome		NW_026701450.1	unplaced-scaffold	82150			HAP1_SCAFFOLD_1024
GCA_030435755.1	Primary Assembly	Un			JAUDYK010005434.1	Chromosome		NW_026701451.1	unplaced-scaffold	42769			HAP1_SCAFFOLD_3007
GCA_030435755.1	Primary Assembly	Un			JAUDYK010005435.1	Chromosome		NW_026701452.1	unplaced-scaffold	29921			HAP1_SCAFFOLD_4858
GCA_030435755.1	Primary Assembly	Un			JAUDYK010005436.1	Chromosome		NW_026701453.1	unplaced-scaffold	88806			HAP1_SCAFFOLD_909
GCA_030435755.1	Primary Assembly	Un			JAUDYK010005437.1	Chromosome		NW_026701454.1	unplaced-scaffold	35574			HAP1_SCAFFOLD_3983
GCA_030435755.1	Primary Assembly	Un			JAUDYK010005438.1	Chromosome		NW_026701455.1	unplaced-scaffold	46788			HAP1_SCAFFOLD_2591
GCA_030435755.1	Primary Assembly	Un			JAUDYK010005439.1	Chromosome		NW_026701456.1	unplaced-scaffold	39691			HAP1_SCAFFOLD_3381
GCA_030435755.1	Primary Assembly	Un			JAUDYK010005440.1	Chromosome		NW_026701457.1	unplaced-scaffold	38857			HAP1_SCAFFOLD_3493
GCA_030435755.1	Primary Assembly	Un			JAUDYK010005441.1	Chromosome		NW_026701458.1	unplaced-scaffold	42506			HAP1_SCAFFOLD_3038
GCA_030435755.1	Primary Assembly	Un			JAUDYK010005442.1	Chromosome		NW_026701459.1	unplaced-scaffold	71353			HAP1_SCAFFOLD_1290
GCA_030435755.1	Primary Assembly	Un			JAUDYK010005443.1	Chromosome		NW_026701460.1	unplaced-scaffold	27086			HAP1_SCAFFOLD_5253
GCA_030435755.1	Primary Assembly	Un			JAUDYK010005444.1	Chromosome		NW_026701461.1	unplaced-scaffold	57654			HAP1_SCAFFOLD_1818
GCA_030435755.1	Primary Assembly	Un			JAUDYK010005445.1	Chromosome		NW_026701462.1	unplaced-scaffold	60600			HAP1_SCAFFOLD_1681
GCA_030435755.1	Primary Assembly	Un			JAUDYK010005446.1	Chromosome		NW_026701463.1	unplaced-scaffold	246738			HAP1_SCAFFOLD_210
GCA_030435755.1	Primary Assembly	Un			JAUDYK010005447.1	Chromosome		NW_026701464.1	unplaced-scaffold	209812			HAP1_SCAFFOLD_248
GCA_030435755.1	Primary Assembly	Un			JAUDYK010005448.1	Chromosome		NW_026701465.1	unplaced-scaffold	65728			HAP1_SCAFFOLD_1472
GCA_030435755.1	Primary Assembly	Un			JAUDYK010005449.1	Chromosome		NW_026701466.1	unplaced-scaffold	24470			HAP1_SCAFFOLD_5566
GCA_030435755.1	Primary Assembly	Un			JAUDYK010005450.1	Chromosome		NW_026701467.1	unplaced-scaffold	45091			HAP1_SCAFFOLD_2770
GCA_030435755.1	Primary Assembly	Un			JAUDYK010005451.1	Chromosome		NW_026701468.1	unplaced-scaffold	105951			HAP1_SCAFFOLD_676
GCA_030435755.1	Primary Assembly	Un			JAUDYK010005452.1	Chromosome		NW_026701469.1	unplaced-scaffold	112363			HAP1_SCAFFOLD_615
GCA_030435755.1	Primary Assembly	Un			JAUDYK010005453.1	Chromosome		NW_026701470.1	unplaced-scaffold	97891			HAP1_SCAFFOLD_772
GCA_030435755.1	Primary Assembly	Un			JAUDYK010005454.1	Chromosome		NW_026701471.1	unplaced-scaffold	51479			HAP1_SCAFFOLD_2209
GCA_030435755.1	Primary Assembly	Un			JAUDYK010005455.1	Chromosome		NW_026701472.1	unplaced-scaffold	29352			HAP1_SCAFFOLD_4945
GCA_030435755.1	Primary Assembly	Un			JAUDYK010005456.1	Chromosome		NW_026701473.1	unplaced-scaffold	22694			HAP1_SCAFFOLD_5720
GCA_030435755.1	Primary Assembly	Un			JAUDYK010005457.1	Chromosome		NW_026701474.1	unplaced-scaffold	36323			HAP1_SCAFFOLD_3882
GCA_030435755.1	Primary Assembly	Un			JAUDYK010005458.1	Chromosome		NW_026701475.1	unplaced-scaffold	254905			HAP1_SCAFFOLD_196
GCA_030435755.1	Primary Assembly	Un			JAUDYK010005459.1	Chromosome		NW_026701476.1	unplaced-scaffold	41911			HAP1_SCAFFOLD_3111
GCA_030435755.1	Primary Assembly	Un			JAUDYK010005460.1	Chromosome		NW_026701477.1	unplaced-scaffold	41082			HAP1_SCAFFOLD_3214
GCA_030435755.1	Primary Assembly	Un			JAUDYK010005461.1	Chromosome		NW_026701478.1	unplaced-scaffold	39034			HAP1_SCAFFOLD_3465
GCA_030435755.1	Primary Assembly	Un			JAUDYK010005462.1	Chromosome		NW_026701479.1	unplaced-scaffold	91296			HAP1_SCAFFOLD_853
GCA_030435755.1	Primary Assembly	Un			JAUDYK010005463.1	Chromosome		NW_026701480.1	unplaced-scaffold	29008			HAP1_SCAFFOLD_5004
GCA_030435755.1	Primary Assembly	Un			JAUDYK010005464.1	Chromosome		NW_026701481.1	unplaced-scaffold	76066			HAP1_SCAFFOLD_1159
GCA_030435755.1	Primary Assembly	Un			JAUDYK010005465.1	Chromosome		NW_026701482.1	unplaced-scaffold	30271			HAP1_SCAFFOLD_4804
GCA_030435755.1	Primary Assembly	Un			JAUDYK010005466.1	Chromosome		NW_026701483.1	unplaced-scaffold	47032			HAP1_SCAFFOLD_2568
GCA_030435755.1	Primary Assembly	Un			JAUDYK010005467.1	Chromosome		NW_026701484.1	unplaced-scaffold	68637			HAP1_SCAFFOLD_1366
GCA_030435755.1	Primary Assembly	Un			JAUDYK010005468.1	Chromosome		NW_026701485.1	unplaced-scaffold	77632			HAP1_SCAFFOLD_1125
GCA_030435755.1	Primary Assembly	Un			JAUDYK010005469.1	Chromosome		NW_026701486.1	unplaced-scaffold	37700			HAP1_SCAFFOLD_3666
GCA_030435755.1	Primary Assembly	Un			JAUDYK010005470.1	Chromosome		NW_026701487.1	unplaced-scaffold	31460			HAP1_SCAFFOLD_4620
GCA_030435755.1	Primary Assembly	Un			JAUDYK010005471.1	Chromosome		NW_026701488.1	unplaced-scaffold	58602			HAP1_SCAFFOLD_1769
GCA_030435755.1	Primary Assembly	Un			JAUDYK010005472.1	Chromosome		NW_026701489.1	unplaced-scaffold	36701			HAP1_SCAFFOLD_3823
GCA_030435755.1	Primary Assembly	Un			JAUDYK010005473.1	Chromosome		NW_026701490.1	unplaced-scaffold	155099			HAP1_SCAFFOLD_380
GCA_030435755.1	Primary Assembly	Un			JAUDYK010005474.1	Chromosome		NW_026701491.1	unplaced-scaffold	71648			HAP1_SCAFFOLD_1279
GCA_030435755.1	Primary Assembly	Un			JAUDYK010005475.1	Chromosome		NW_026701492.1	unplaced-scaffold	34594			HAP1_SCAFFOLD_4119
GCA_030435755.1	Primary Assembly	Un			JAUDYK010005476.1	Chromosome		NW_026701493.1	unplaced-scaffold	53598			HAP1_SCAFFOLD_2056
GCA_030435755.1	Primary Assembly	Un			JAUDYK010005477.1	Chromosome		NW_026701494.1	unplaced-scaffold	60270			HAP1_SCAFFOLD_1700
GCA_030435755.1	Primary Assembly	Un			JAUDYK010005478.1	Chromosome		NW_026701495.1	unplaced-scaffold	26228			HAP1_SCAFFOLD_5361
GCA_030435755.1	Primary Assembly	Un			JAUDYK010005479.1	Chromosome		NW_026701496.1	unplaced-scaffold	34958			HAP1_SCAFFOLD_4062
GCA_030435755.1	Primary Assembly	Un			JAUDYK010005480.1	Chromosome		NW_026701497.1	unplaced-scaffold	50300			HAP1_SCAFFOLD_2312
GCA_030435755.1	Primary Assembly	Un			JAUDYK010005481.1	Chromosome		NW_026701498.1	unplaced-scaffold	49162			HAP1_SCAFFOLD_2402
GCA_030435755.1	Primary Assembly	Un			JAUDYK010005482.1	Chromosome		NW_026701499.1	unplaced-scaffold	51983			HAP1_SCAFFOLD_2182
GCA_030435755.1	Primary Assembly	Un			JAUDYK010005483.1	Chromosome		NW_026701500.1	unplaced-scaffold	45826			HAP1_SCAFFOLD_2688
GCA_030435755.1	Primary Assembly	Un			JAUDYK010005484.1	Chromosome		NW_026701501.1	unplaced-scaffold	44708			HAP1_SCAFFOLD_2811
GCA_030435755.1	Primary Assembly	Un			JAUDYK010005485.1	Chromosome		NW_026701502.1	unplaced-scaffold	143208			HAP1_SCAFFOLD_421
GCA_030435755.1	Primary Assembly	Un			JAUDYK010005486.1	Chromosome		NW_026701503.1	unplaced-scaffold	44801			HAP1_SCAFFOLD_2799
GCA_030435755.1	Primary Assembly	Un			JAUDYK010005487.1	Chromosome		NW_026701504.1	unplaced-scaffold	19658			HAP1_SCAFFOLD_5862
GCA_030435755.1	Primary Assembly	Un			JAUDYK010005488.1	Chromosome		NW_026701505.1	unplaced-scaffold	43269			HAP1_SCAFFOLD_2950
GCA_030435755.1	Primary Assembly	Un			JAUDYK010005489.1	Chromosome		NW_026701506.1	unplaced-scaffold	66515			HAP1_SCAFFOLD_1444
GCA_030435755.1	Primary Assembly	Un			JAUDYK010005490.1	Chromosome		NW_026701507.1	unplaced-scaffold	30431			HAP1_SCAFFOLD_4786
GCA_030435755.1	Primary Assembly	Un			JAUDYK010005491.1	Chromosome		NW_026701508.1	unplaced-scaffold	49192			HAP1_SCAFFOLD_2396
GCA_030435755.1	Primary Assembly	Un			JAUDYK010005492.1	Chromosome		NW_026701509.1	unplaced-scaffold	43288			HAP1_SCAFFOLD_2947
GCA_030435755.1	Primary Assembly	Un			JAUDYK010005493.1	Chromosome		NW_026701510.1	unplaced-scaffold	38220			HAP1_SCAFFOLD_3586
GCA_030435755.1	Primary Assembly	Un			JAUDYK010005494.1	Chromosome		NW_026701511.1	unplaced-scaffold	32840			HAP1_SCAFFOLD_4389
GCA_030435755.1	Primary Assembly	Un			JAUDYK010005495.1	Chromosome		NW_026701512.1	unplaced-scaffold	62282			HAP1_SCAFFOLD_1598
GCA_030435755.1	Primary Assembly	Un			JAUDYK010005496.1	Chromosome		NW_026701513.1	unplaced-scaffold	36020			HAP1_SCAFFOLD_3922
GCA_030435755.1	Primary Assembly	Un			JAUDYK010005497.1	Chromosome		NW_026701514.1	unplaced-scaffold	82641			HAP1_SCAFFOLD_1011
GCA_030435755.1	Primary Assembly	Un			JAUDYK010005498.1	Chromosome		NW_026701515.1	unplaced-scaffold	33832			HAP1_SCAFFOLD_4229
GCA_030435755.1	Primary Assembly	Un			JAUDYK010005499.1	Chromosome		NW_026701516.1	unplaced-scaffold	39158			HAP1_SCAFFOLD_3445
GCA_030435755.1	Primary Assembly	Un			JAUDYK010005500.1	Chromosome		NW_026701517.1	unplaced-scaffold	33688			HAP1_SCAFFOLD_4255
GCA_030435755.1	Primary Assembly	Un			JAUDYK010005501.1	Chromosome		NW_026701518.1	unplaced-scaffold	36680			HAP1_SCAFFOLD_3831
GCA_030435755.1	Primary Assembly	Un			JAUDYK010005502.1	Chromosome		NW_026701519.1	unplaced-scaffold	40119			HAP1_SCAFFOLD_3332
GCA_030435755.1	Primary Assembly	Un			JAUDYK010005503.1	Chromosome		NW_026701520.1	unplaced-scaffold	106695			HAP1_SCAFFOLD_669
GCA_030435755.1	Primary Assembly	Un			JAUDYK010005504.1	Chromosome		NW_026701521.1	unplaced-scaffold	58961			HAP1_SCAFFOLD_1749
GCA_030435755.1	Primary Assembly	Un			JAUDYK010005505.1	Chromosome		NW_026701522.1	unplaced-scaffold	89490			HAP1_SCAFFOLD_890
GCA_030435755.1	Primary Assembly	Un			JAUDYK010005506.1	Chromosome		NW_026701523.1	unplaced-scaffold	56999			HAP1_SCAFFOLD_1856
GCA_030435755.1	Primary Assembly	Un			JAUDYK010005507.1	Chromosome		NW_026701524.1	unplaced-scaffold	29085			HAP1_SCAFFOLD_4993
GCA_030435755.1	Primary Assembly	Un			JAUDYK010005508.1	Chromosome		NW_026701525.1	unplaced-scaffold	48142			HAP1_SCAFFOLD_2494
GCA_030435755.1	Primary Assembly	Un			JAUDYK010005509.1	Chromosome		NW_026701526.1	unplaced-scaffold	145594			HAP1_SCAFFOLD_412
GCA_030435755.1	Primary Assembly	Un			JAUDYK010005510.1	Chromosome		NW_026701527.1	unplaced-scaffold	37812			HAP1_SCAFFOLD_3646
GCA_030435755.1	Primary Assembly	Un			JAUDYK010005511.1	Chromosome		NW_026701528.1	unplaced-scaffold	69083			HAP1_SCAFFOLD_1346
GCA_030435755.1	Primary Assembly	Un			JAUDYK010005512.1	Chromosome		NW_026701529.1	unplaced-scaffold	54594			HAP1_SCAFFOLD_1997
GCA_030435755.1	Primary Assembly	Un			JAUDYK010005513.1	Chromosome		NW_026701530.1	unplaced-scaffold	15112			HAP1_SCAFFOLD_5943
GCA_030435755.1	Primary Assembly	Un			JAUDYK010005514.1	Chromosome		NW_026701531.1	unplaced-scaffold	77011			HAP1_SCAFFOLD_1138
GCA_030435755.1	Primary Assembly	Un			JAUDYK010005515.1	Chromosome		NW_026701532.1	unplaced-scaffold	61520			HAP1_SCAFFOLD_1632
GCA_030435755.1	Primary Assembly	Un			JAUDYK010005516.1	Chromosome		NW_026701533.1	unplaced-scaffold	47385			HAP1_SCAFFOLD_2548
GCA_030435755.1	Primary Assembly	Un			JAUDYK010005517.1	Chromosome		NW_026701534.1	unplaced-scaffold	30201			HAP1_SCAFFOLD_4816
GCA_030435755.1	Primary Assembly	Un			JAUDYK010005518.1	Chromosome		NW_026701535.1	unplaced-scaffold	65134			HAP1_SCAFFOLD_1487
GCA_030435755.1	Primary Assembly	Un			JAUDYK010005519.1	Chromosome		NW_026701536.1	unplaced-scaffold	26351			HAP1_SCAFFOLD_5341
GCA_030435755.1	Primary Assembly	Un			JAUDYK010005520.1	Chromosome		NW_026701537.1	unplaced-scaffold	35080			HAP1_SCAFFOLD_4042
GCA_030435755.1	Primary Assembly	Un			JAUDYK010005521.1	Chromosome		NW_026701538.1	unplaced-scaffold	78446			HAP1_SCAFFOLD_1107
GCA_030435755.1	Primary Assembly	Un			JAUDYK010005522.1	Chromosome		NW_026701539.1	unplaced-scaffold	41815			HAP1_SCAFFOLD_3124
GCA_030435755.1	Primary Assembly	Un			JAUDYK010005523.1	Chromosome		NW_026701540.1	unplaced-scaffold	44957			HAP1_SCAFFOLD_2781
GCA_030435755.1	Primary Assembly	Un			JAUDYK010005524.1	Chromosome		NW_026701541.1	unplaced-scaffold	34708			HAP1_SCAFFOLD_4103
GCA_030435755.1	Primary Assembly	Un			JAUDYK010005525.1	Chromosome		NW_026701542.1	unplaced-scaffold	32827			HAP1_SCAFFOLD_4391
GCA_030435755.1	Primary Assembly	Un			JAUDYK010005526.1	Chromosome		NW_026701543.1	unplaced-scaffold	18122			HAP1_SCAFFOLD_5910
GCA_030435755.1	Primary Assembly	Un			JAUDYK010005527.1	Chromosome		NW_026701544.1	unplaced-scaffold	28314			HAP1_SCAFFOLD_5092
GCA_030435755.1	Primary Assembly	Un			JAUDYK010005528.1	Chromosome		NW_026701545.1	unplaced-scaffold	32246			HAP1_SCAFFOLD_4483
GCA_030435755.1	Primary Assembly	Un			JAUDYK010005529.1	Chromosome		NW_026701546.1	unplaced-scaffold	42963			HAP1_SCAFFOLD_2984
GCA_030435755.1	Primary Assembly	Un			JAUDYK010005530.1	Chromosome		NW_026701547.1	unplaced-scaffold	19919			HAP1_SCAFFOLD_5851
GCA_030435755.1	Primary Assembly	Un			JAUDYK010005531.1	Chromosome		NW_026701548.1	unplaced-scaffold	96321			HAP1_SCAFFOLD_791
GCA_030435755.1	Primary Assembly	Un			JAUDYK010005532.1	Chromosome		NW_026701549.1	unplaced-scaffold	93992			HAP1_SCAFFOLD_819
GCA_030435755.1	Primary Assembly	Un			JAUDYK010005533.1	Chromosome		NW_026701550.1	unplaced-scaffold	41144			HAP1_SCAFFOLD_3206
GCA_030435755.1	Primary Assembly	Un			JAUDYK010005534.1	Chromosome		NW_026701551.1	unplaced-scaffold	35031			HAP1_SCAFFOLD_4051
GCA_030435755.1	Primary Assembly	Un			JAUDYK010005535.1	Chromosome		NW_026701552.1	unplaced-scaffold	26318			HAP1_SCAFFOLD_5352
GCA_030435755.1	Primary Assembly	Un			JAUDYK010005536.1	Chromosome		NW_026701553.1	unplaced-scaffold	39813			HAP1_SCAFFOLD_3370
GCA_030435755.1	Primary Assembly	Un			JAUDYK010005537.1	Chromosome		NW_026701554.1	unplaced-scaffold	36372			HAP1_SCAFFOLD_3877
GCA_030435755.1	Primary Assembly	Un			JAUDYK010005538.1	Chromosome		NW_026701555.1	unplaced-scaffold	43171			HAP1_SCAFFOLD_2967
GCA_030435755.1	Primary Assembly	Un			JAUDYK010005539.1	Chromosome		NW_026701556.1	unplaced-scaffold	29693			HAP1_SCAFFOLD_4892
GCA_030435755.1	Primary Assembly	Un			JAUDYK010005540.1	Chromosome		NW_026701557.1	unplaced-scaffold	20084			HAP1_SCAFFOLD_5842
GCA_030435755.1	Primary Assembly	Un			JAUDYK010005541.1	Chromosome		NW_026701558.1	unplaced-scaffold	66078			HAP1_SCAFFOLD_1464
GCA_030435755.1	Primary Assembly	Un			JAUDYK010005542.1	Chromosome		NW_026701559.1	unplaced-scaffold	28881			HAP1_SCAFFOLD_5016
GCA_030435755.1	Primary Assembly	Un			JAUDYK010005543.1	Chromosome		NW_026701560.1	unplaced-scaffold	34213			HAP1_SCAFFOLD_4175
GCA_030435755.1	Primary Assembly	Un			JAUDYK010005544.1	Chromosome		NW_026701561.1	unplaced-scaffold	73604			HAP1_SCAFFOLD_1215
GCA_030435755.1	Primary Assembly	Un			JAUDYK010005545.1	Chromosome		NW_026701562.1	unplaced-scaffold	60765			HAP1_SCAFFOLD_1670
GCA_030435755.1	Primary Assembly	Un			JAUDYK010005546.1	Chromosome		NW_026701563.1	unplaced-scaffold	51202			HAP1_SCAFFOLD_2234
GCA_030435755.1	Primary Assembly	Un			JAUDYK010005547.1	Chromosome		NW_026701564.1	unplaced-scaffold	63864			HAP1_SCAFFOLD_1541
GCA_030435755.1	Primary Assembly	Un			JAUDYK010005548.1	Chromosome		NW_026701565.1	unplaced-scaffold	84110			HAP1_SCAFFOLD_986
GCA_030435755.1	Primary Assembly	Un			JAUDYK010005549.1	Chromosome		NW_026701566.1	unplaced-scaffold	52721			HAP1_SCAFFOLD_2131
GCA_030435755.1	Primary Assembly	Un			JAUDYK010005550.1	Chromosome		NW_026701567.1	unplaced-scaffold	51097			HAP1_SCAFFOLD_2240
GCA_030435755.1	Primary Assembly	Un			JAUDYK010005551.1	Chromosome		NW_026701568.1	unplaced-scaffold	50917			HAP1_SCAFFOLD_2257
GCA_030435755.1	Primary Assembly	Un			JAUDYK010005552.1	Chromosome		NW_026701569.1	unplaced-scaffold	32631			HAP1_SCAFFOLD_4422
GCA_030435755.1	Primary Assembly	Un			JAUDYK010005553.1	Chromosome		NW_026701570.1	unplaced-scaffold	28741			HAP1_SCAFFOLD_5039
GCA_030435755.1	Primary Assembly	Un			JAUDYK010005554.1	Chromosome		NW_026701571.1	unplaced-scaffold	176899			HAP1_SCAFFOLD_307
GCA_030435755.1	Primary Assembly	Un			JAUDYK010005555.1	Chromosome		NW_026701572.1	unplaced-scaffold	30003			HAP1_SCAFFOLD_4839
GCA_030435755.1	Primary Assembly	Un			JAUDYK010005556.1	Chromosome		NW_026701573.1	unplaced-scaffold	63565			HAP1_SCAFFOLD_1552
GCA_030435755.1	Primary Assembly	Un			JAUDYK010005557.1	Chromosome		NW_026701574.1	unplaced-scaffold	46036			HAP1_SCAFFOLD_2669
GCA_030435755.1	Primary Assembly	Un			JAUDYK010005558.1	Chromosome		NW_026701575.1	unplaced-scaffold	32969			HAP1_SCAFFOLD_4368
GCA_030435755.1	Primary Assembly	Un			JAUDYK010005559.1	Chromosome		NW_026701576.1	unplaced-scaffold	40993			HAP1_SCAFFOLD_3221
GCA_030435755.1	Primary Assembly	Un			JAUDYK010005560.1	Chromosome		NW_026701577.1	unplaced-scaffold	54252			HAP1_SCAFFOLD_2018
GCA_030435755.1	Primary Assembly	Un			JAUDYK010005561.1	Chromosome		NW_026701578.1	unplaced-scaffold	19292			HAP1_SCAFFOLD_5874
GCA_030435755.1	Primary Assembly	Un			JAUDYK010005562.1	Chromosome		NW_026701579.1	unplaced-scaffold	46696			HAP1_SCAFFOLD_2600
GCA_030435755.1	Primary Assembly	Un			JAUDYK010005563.1	Chromosome		NW_026701580.1	unplaced-scaffold	42626			HAP1_SCAFFOLD_3025
GCA_030435755.1	Primary Assembly	Un			JAUDYK010005564.1	Chromosome		NW_026701581.1	unplaced-scaffold	32080			HAP1_SCAFFOLD_4512
GCA_030435755.1	Primary Assembly	Un			JAUDYK010005565.1	Chromosome		NW_026701582.1	unplaced-scaffold	37402			HAP1_SCAFFOLD_3712
GCA_030435755.1	Primary Assembly	Un			JAUDYK010005566.1	Chromosome		NW_026701583.1	unplaced-scaffold	44600			HAP1_SCAFFOLD_2824
GCA_030435755.1	Primary Assembly	Un			JAUDYK010005567.1	Chromosome		NW_026701584.1	unplaced-scaffold	42304			HAP1_SCAFFOLD_3059
GCA_030435755.1	Primary Assembly	Un			JAUDYK010005568.1	Chromosome		NW_026701585.1	unplaced-scaffold	31569			HAP1_SCAFFOLD_4596
GCA_030435755.1	Primary Assembly	Un			JAUDYK010005569.1	Chromosome		NW_026701586.1	unplaced-scaffold	29246			HAP1_SCAFFOLD_4965
GCA_030435755.1	Primary Assembly	Un			JAUDYK010005570.1	Chromosome		NW_026701587.1	unplaced-scaffold	257366			HAP1_SCAFFOLD_194
GCA_030435755.1	Primary Assembly	Un			JAUDYK010005571.1	Chromosome		NW_026701588.1	unplaced-scaffold	28071			HAP1_SCAFFOLD_5127
GCA_030435755.1	Primary Assembly	Un			JAUDYK010005572.1	Chromosome		NW_026701589.1	unplaced-scaffold	46823			HAP1_SCAFFOLD_2589
GCA_030435755.1	Primary Assembly	Un			JAUDYK010005573.1	Chromosome		NW_026701590.1	unplaced-scaffold	39554			HAP1_SCAFFOLD_3399
GCA_030435755.1	Primary Assembly	Un			JAUDYK010005574.1	Chromosome		NW_026701591.1	unplaced-scaffold	51425			HAP1_SCAFFOLD_2213
GCA_030435755.1	Primary Assembly	Un			JAUDYK010005575.1	Chromosome		NW_026701592.1	unplaced-scaffold	58264			HAP1_SCAFFOLD_1788
GCA_030435755.1	Primary Assembly	Un			JAUDYK010005576.1	Chromosome		NW_026701593.1	unplaced-scaffold	52033			HAP1_SCAFFOLD_2177
GCA_030435755.1	Primary Assembly	Un			JAUDYK010005577.1	Chromosome		NW_026701594.1	unplaced-scaffold	106136			HAP1_SCAFFOLD_674
GCA_030435755.1	Primary Assembly	Un			JAUDYK010005578.1	Chromosome		NW_026701595.1	unplaced-scaffold	60277			HAP1_SCAFFOLD_1699
GCA_030435755.1	Primary Assembly	Un			JAUDYK010005579.1	Chromosome		NW_026701596.1	unplaced-scaffold	36872			HAP1_SCAFFOLD_3796
GCA_030435755.1	Primary Assembly	Un			JAUDYK010005580.1	Chromosome		NW_026701597.1	unplaced-scaffold	24746			HAP1_SCAFFOLD_5546
GCA_030435755.1	Primary Assembly	Un			JAUDYK010005581.1	Chromosome		NW_026701598.1	unplaced-scaffold	34890			HAP1_SCAFFOLD_4074
GCA_030435755.1	Primary Assembly	Un			JAUDYK010005582.1	Chromosome		NW_026701599.1	unplaced-scaffold	40474			HAP1_SCAFFOLD_3290
GCA_030435755.1	Primary Assembly	Un			JAUDYK010005583.1	Chromosome		NW_026701600.1	unplaced-scaffold	25523			HAP1_SCAFFOLD_5447
GCA_030435755.1	Primary Assembly	Un			JAUDYK010005584.1	Chromosome		NW_026701601.1	unplaced-scaffold	81573			HAP1_SCAFFOLD_1038
GCA_030435755.1	Primary Assembly	Un			JAUDYK010005585.1	Chromosome		NW_026701602.1	unplaced-scaffold	65003			HAP1_SCAFFOLD_1493
GCA_030435755.1	Primary Assembly	Un			JAUDYK010005586.1	Chromosome		NW_026701603.1	unplaced-scaffold	68204			HAP1_SCAFFOLD_1381
GCA_030435755.1	Primary Assembly	Un			JAUDYK010005587.1	Chromosome		NW_026701604.1	unplaced-scaffold	36748			HAP1_SCAFFOLD_3818
GCA_030435755.1	Primary Assembly	Un			JAUDYK010005588.1	Chromosome		NW_026701605.1	unplaced-scaffold	37609			HAP1_SCAFFOLD_3681
GCA_030435755.1	Primary Assembly	Un			JAUDYK010005589.1	Chromosome		NW_026701606.1	unplaced-scaffold	25508			HAP1_SCAFFOLD_5450
GCA_030435755.1	Primary Assembly	Un			JAUDYK010005590.1	Chromosome		NW_026701607.1	unplaced-scaffold	38972			HAP1_SCAFFOLD_3472
GCA_030435755.1	Primary Assembly	Un			JAUDYK010005591.1	Chromosome		NW_026701608.1	unplaced-scaffold	32200			HAP1_SCAFFOLD_4497
GCA_030435755.1	Primary Assembly	Un			JAUDYK010005592.1	Chromosome		NW_026701609.1	unplaced-scaffold	147099			HAP1_SCAFFOLD_402
GCA_030435755.1	Primary Assembly	Un			JAUDYK010005593.1	Chromosome		NW_026701610.1	unplaced-scaffold	18374			HAP1_SCAFFOLD_5902
GCA_030435755.1	Primary Assembly	Un			JAUDYK010005594.1	Chromosome		NW_026701611.1	unplaced-scaffold	99337			HAP1_SCAFFOLD_745
GCA_030435755.1	Primary Assembly	Un			JAUDYK010005595.1	Chromosome		NW_026701612.1	unplaced-scaffold	115659			HAP1_SCAFFOLD_582
GCA_030435755.1	Primary Assembly	Un			JAUDYK010005596.1	Chromosome		NW_026701613.1	unplaced-scaffold	33998			HAP1_SCAFFOLD_4208
GCA_030435755.1	Primary Assembly	Un			JAUDYK010005597.1	Chromosome		NW_026701614.1	unplaced-scaffold	148234			HAP1_SCAFFOLD_396
GCA_030435755.1	Primary Assembly	Un			JAUDYK010005598.1	Chromosome		NW_026701615.1	unplaced-scaffold	56487			HAP1_SCAFFOLD_1882
GCA_030435755.1	Primary Assembly	Un			JAUDYK010005599.1	Chromosome		NW_026701616.1	unplaced-scaffold	187765			HAP1_SCAFFOLD_287
GCA_030435755.1	Primary Assembly	Un			JAUDYK010005600.1	Chromosome		NW_026701617.1	unplaced-scaffold	33586			HAP1_SCAFFOLD_4271
GCA_030435755.1	Primary Assembly	Un			JAUDYK010005601.1	Chromosome		NW_026701618.1	unplaced-scaffold	78233			HAP1_SCAFFOLD_1111
GCA_030435755.1	Primary Assembly	Un			JAUDYK010005602.1	Chromosome		NW_026701619.1	unplaced-scaffold	33799			HAP1_SCAFFOLD_4237
GCA_030435755.1	Primary Assembly	Un			JAUDYK010005603.1	Chromosome		NW_026701620.1	unplaced-scaffold	34888			HAP1_SCAFFOLD_4075
GCA_030435755.1	Primary Assembly	Un			JAUDYK010005604.1	Chromosome		NW_026701621.1	unplaced-scaffold	28129			HAP1_SCAFFOLD_5116
GCA_030435755.1	Primary Assembly	Un			JAUDYK010005605.1	Chromosome		NW_026701622.1	unplaced-scaffold	30672			HAP1_SCAFFOLD_4761
GCA_030435755.1	Primary Assembly	Un			JAUDYK010005606.1	Chromosome		NW_026701623.1	unplaced-scaffold	89674			HAP1_SCAFFOLD_884
GCA_030435755.1	Primary Assembly	Un			JAUDYK010005607.1	Chromosome		NW_026701624.1	unplaced-scaffold	39281			HAP1_SCAFFOLD_3430
GCA_030435755.1	Primary Assembly	Un			JAUDYK010005608.1	Chromosome		NW_026701625.1	unplaced-scaffold	29257			HAP1_SCAFFOLD_4964
GCA_030435755.1	Primary Assembly	Un			JAUDYK010005609.1	Chromosome		NW_026701626.1	unplaced-scaffold	48513			HAP1_SCAFFOLD_2463
GCA_030435755.1	Primary Assembly	Un			JAUDYK010005610.1	Chromosome		NW_026701627.1	unplaced-scaffold	38365			HAP1_SCAFFOLD_3561
GCA_030435755.1	Primary Assembly	Un			JAUDYK010005611.1	Chromosome		NW_026701628.1	unplaced-scaffold	34397			HAP1_SCAFFOLD_4151
GCA_030435755.1	Primary Assembly	Un			JAUDYK010005612.1	Chromosome		NW_026701629.1	unplaced-scaffold	85444			HAP1_SCAFFOLD_965
GCA_030435755.1	Primary Assembly	Un			JAUDYK010005613.1	Chromosome		NW_026701630.1	unplaced-scaffold	73027			HAP1_SCAFFOLD_1233
GCA_030435755.1	Primary Assembly	Un			JAUDYK010005614.1	Chromosome		NW_026701631.1	unplaced-scaffold	92433			HAP1_SCAFFOLD_835
GCA_030435755.1	Primary Assembly	Un			JAUDYK010005615.1	Chromosome		NW_026701632.1	unplaced-scaffold	20979			HAP1_SCAFFOLD_5803
GCA_030435755.1	Primary Assembly	Un			JAUDYK010005616.1	Chromosome		NW_026701633.1	unplaced-scaffold	35429			HAP1_SCAFFOLD_4003
GCA_030435755.1	Primary Assembly	Un			JAUDYK010005617.1	Chromosome		NW_026701634.1	unplaced-scaffold	44598			HAP1_SCAFFOLD_2825
GCA_030435755.1	Primary Assembly	Un			JAUDYK010005618.1	Chromosome		NW_026701635.1	unplaced-scaffold	49789			HAP1_SCAFFOLD_2349
GCA_030435755.1	Primary Assembly	Un			JAUDYK010005619.1	Chromosome		NW_026701636.1	unplaced-scaffold	22989			HAP1_SCAFFOLD_5698
GCA_030435755.1	Primary Assembly	Un			JAUDYK010005620.1	Chromosome		NW_026701637.1	unplaced-scaffold	27551			HAP1_SCAFFOLD_5192
GCA_030435755.1	Primary Assembly	Un			JAUDYK010005621.1	Chromosome		NW_026701638.1	unplaced-scaffold	21221			HAP1_SCAFFOLD_5789
GCA_030435755.1	Primary Assembly	Un			JAUDYK010005622.1	Chromosome		NW_026701639.1	unplaced-scaffold	29117			HAP1_SCAFFOLD_4987
GCA_030435755.1	Primary Assembly	Un			JAUDYK010005623.1	Chromosome		NW_026701640.1	unplaced-scaffold	95101			HAP1_SCAFFOLD_809
GCA_030435755.1	Primary Assembly	Un			JAUDYK010005624.1	Chromosome		NW_026701641.1	unplaced-scaffold	44301			HAP1_SCAFFOLD_2859
GCA_030435755.1	Primary Assembly	Un			JAUDYK010005625.1	Chromosome		NW_026701642.1	unplaced-scaffold	45337			HAP1_SCAFFOLD_2746
GCA_030435755.1	Primary Assembly	Un			JAUDYK010005626.1	Chromosome		NW_026701643.1	unplaced-scaffold	25994			HAP1_SCAFFOLD_5386
GCA_030435755.1	Primary Assembly	Un			JAUDYK010005627.1	Chromosome		NW_026701644.1	unplaced-scaffold	19290			HAP1_SCAFFOLD_5875
GCA_030435755.1	Primary Assembly	Un			JAUDYK010005628.1	Chromosome		NW_026701645.1	unplaced-scaffold	54757			HAP1_SCAFFOLD_1983
GCA_030435755.1	Primary Assembly	Un			JAUDYK010005629.1	Chromosome		NW_026701646.1	unplaced-scaffold	31357			HAP1_SCAFFOLD_4648
GCA_030435755.1	Primary Assembly	Un			JAUDYK010005630.1	Chromosome		NW_026701647.1	unplaced-scaffold	34435			HAP1_SCAFFOLD_4142
GCA_030435755.1	Primary Assembly	Un			JAUDYK010005631.1	Chromosome		NW_026701648.1	unplaced-scaffold	42638			HAP1_SCAFFOLD_3024
GCA_030435755.1	Primary Assembly	Un			JAUDYK010005632.1	Chromosome		NW_026701649.1	unplaced-scaffold	82932			HAP1_SCAFFOLD_1007
GCA_030435755.1	Primary Assembly	Un			JAUDYK010005633.1	Chromosome		NW_026701650.1	unplaced-scaffold	23433			HAP1_SCAFFOLD_5661
GCA_030435755.1	Primary Assembly	Un			JAUDYK010005634.1	Chromosome		NW_026701651.1	unplaced-scaffold	32172			HAP1_SCAFFOLD_4500
GCA_030435755.1	Primary Assembly	Un			JAUDYK010005635.1	Chromosome		NW_026701652.1	unplaced-scaffold	123693			HAP1_SCAFFOLD_523
GCA_030435755.1	Primary Assembly	Un			JAUDYK010005636.1	Chromosome		NW_026701653.1	unplaced-scaffold	40539			HAP1_SCAFFOLD_3279
GCA_030435755.1	Primary Assembly	Un			JAUDYK010005637.1	Chromosome		NW_026701654.1	unplaced-scaffold	46596			HAP1_SCAFFOLD_2612
GCA_030435755.1	Primary Assembly	Un			JAUDYK010005638.1	Chromosome		NW_026701655.1	unplaced-scaffold	52831			HAP1_SCAFFOLD_2118
GCA_030435755.1	Primary Assembly	Un			JAUDYK010005639.1	Chromosome		NW_026701656.1	unplaced-scaffold	278290			HAP1_SCAFFOLD_180
GCA_030435755.1	Primary Assembly	Un			JAUDYK010005640.1	Chromosome		NW_026701657.1	unplaced-scaffold	37479			HAP1_SCAFFOLD_3700
GCA_030435755.1	Primary Assembly	Un			JAUDYK010005641.1	Chromosome		NW_026701658.1	unplaced-scaffold	48087			HAP1_SCAFFOLD_2495
GCA_030435755.1	Primary Assembly	Un			JAUDYK010005642.1	Chromosome		NW_026701659.1	unplaced-scaffold	39158			HAP1_SCAFFOLD_3444
GCA_030435755.1	Primary Assembly	Un			JAUDYK010005643.1	Chromosome		NW_026701660.1	unplaced-scaffold	114178			HAP1_SCAFFOLD_598
GCA_030435755.1	Primary Assembly	Un			JAUDYK010005644.1	Chromosome		NW_026701661.1	unplaced-scaffold	45721			HAP1_SCAFFOLD_2696
GCA_030435755.1	Primary Assembly	Un			JAUDYK010005645.1	Chromosome		NW_026701662.1	unplaced-scaffold	33695			HAP1_SCAFFOLD_4254
GCA_030435755.1	Primary Assembly	Un			JAUDYK010005646.1	Chromosome		NW_026701663.1	unplaced-scaffold	31104			HAP1_SCAFFOLD_4689
GCA_030435755.1	Primary Assembly	Un			JAUDYK010005647.1	Chromosome		NW_026701664.1	unplaced-scaffold	30343			HAP1_SCAFFOLD_4798
GCA_030435755.1	Primary Assembly	Un			JAUDYK010005648.1	Chromosome		NW_026701665.1	unplaced-scaffold	27979			HAP1_SCAFFOLD_5139
GCA_030435755.1	Primary Assembly	Un			JAUDYK010005649.1	Chromosome		NW_026701666.1	unplaced-scaffold	174144			HAP1_SCAFFOLD_317
GCA_030435755.1	Primary Assembly	Un			JAUDYK010005650.1	Chromosome		NW_026701667.1	unplaced-scaffold	22194			HAP1_SCAFFOLD_5748
GCA_030435755.1	Primary Assembly	Un			JAUDYK010005651.1	Chromosome		NW_026701668.1	unplaced-scaffold	49330			HAP1_SCAFFOLD_2388
GCA_030435755.1	Primary Assembly	Un			JAUDYK010005652.1	Chromosome		NW_026701669.1	unplaced-scaffold	38131			HAP1_SCAFFOLD_3598
GCA_030435755.1	Primary Assembly	Un			JAUDYK010005653.1	Chromosome		NW_026701670.1	unplaced-scaffold	55703			HAP1_SCAFFOLD_1922
GCA_030435755.1	Primary Assembly	Un			JAUDYK010005654.1	Chromosome		NW_026701671.1	unplaced-scaffold	54087			HAP1_SCAFFOLD_2031
GCA_030435755.1	Primary Assembly	Un			JAUDYK010005655.1	Chromosome		NW_026701672.1	unplaced-scaffold	62624			HAP1_SCAFFOLD_1586
GCA_030435755.1	Primary Assembly	Un			JAUDYK010005656.1	Chromosome		NW_026701673.1	unplaced-scaffold	137337			HAP1_SCAFFOLD_444
GCA_030435755.1	Primary Assembly	Un			JAUDYK010005657.1	Chromosome		NW_026701674.1	unplaced-scaffold	24313			HAP1_SCAFFOLD_5581
GCA_030435755.1	Primary Assembly	Un			JAUDYK010005658.1	Chromosome		NW_026701675.1	unplaced-scaffold	66066			HAP1_SCAFFOLD_1465
GCA_030435755.1	Primary Assembly	Un			JAUDYK010005659.1	Chromosome		NW_026701676.1	unplaced-scaffold	53328			HAP1_SCAFFOLD_2077
GCA_030435755.1	Primary Assembly	Un			JAUDYK010005660.1	Chromosome		NW_026701677.1	unplaced-scaffold	51179			HAP1_SCAFFOLD_2235
GCA_030435755.1	Primary Assembly	Un			JAUDYK010005661.1	Chromosome		NW_026701678.1	unplaced-scaffold	171330			HAP1_SCAFFOLD_325
GCA_030435755.1	Primary Assembly	Un			JAUDYK010005662.1	Chromosome		NW_026701679.1	unplaced-scaffold	86271			HAP1_SCAFFOLD_953
GCA_030435755.1	Primary Assembly	Un			JAUDYK010005663.1	Chromosome		NW_026701680.1	unplaced-scaffold	34221			HAP1_SCAFFOLD_4174
GCA_030435755.1	Primary Assembly	Un			JAUDYK010005664.1	Chromosome		NW_026701681.1	unplaced-scaffold	73637			HAP1_SCAFFOLD_1214
GCA_030435755.1	Primary Assembly	Un			JAUDYK010005665.1	Chromosome		NW_026701682.1	unplaced-scaffold	28817			HAP1_SCAFFOLD_5027
GCA_030435755.1	Primary Assembly	Un			JAUDYK010005666.1	Chromosome		NW_026701683.1	unplaced-scaffold	120733			HAP1_SCAFFOLD_549
GCA_030435755.1	Primary Assembly	Un			JAUDYK010005667.1	Chromosome		NW_026701684.1	unplaced-scaffold	42947			HAP1_SCAFFOLD_2985
GCA_030435755.1	Primary Assembly	Un			JAUDYK010005668.1	Chromosome		NW_026701685.1	unplaced-scaffold	39836			HAP1_SCAFFOLD_3366
GCA_030435755.1	Primary Assembly	Un			JAUDYK010005669.1	Chromosome		NW_026701686.1	unplaced-scaffold	33232			HAP1_SCAFFOLD_4320
GCA_030435755.1	Primary Assembly	Un			JAUDYK010005670.1	Chromosome		NW_026701687.1	unplaced-scaffold	30123			HAP1_SCAFFOLD_4827
GCA_030435755.1	Primary Assembly	Un			JAUDYK010005671.1	Chromosome		NW_026701688.1	unplaced-scaffold	41534			HAP1_SCAFFOLD_3159
GCA_030435755.1	Primary Assembly	Un			JAUDYK010005672.1	Chromosome		NW_026701689.1	unplaced-scaffold	31717			HAP1_SCAFFOLD_4569
GCA_030435755.1	Primary Assembly	Un			JAUDYK010005673.1	Chromosome		NW_026701690.1	unplaced-scaffold	37015			HAP1_SCAFFOLD_3769
GCA_030435755.1	Primary Assembly	Un			JAUDYK010005674.1	Chromosome		NW_026701691.1	unplaced-scaffold	57578			HAP1_SCAFFOLD_1823
GCA_030435755.1	Primary Assembly	Un			JAUDYK010005675.1	Chromosome		NW_026701692.1	unplaced-scaffold	60850			HAP1_SCAFFOLD_1666
GCA_030435755.1	Primary Assembly	Un			JAUDYK010005676.1	Chromosome		NW_026701693.1	unplaced-scaffold	41809			HAP1_SCAFFOLD_3125
GCA_030435755.1	Primary Assembly	Un			JAUDYK010005677.1	Chromosome		NW_026701694.1	unplaced-scaffold	39362			HAP1_SCAFFOLD_3423
GCA_030435755.1	Primary Assembly	Un			JAUDYK010005678.1	Chromosome		NW_026701695.1	unplaced-scaffold	47727			HAP1_SCAFFOLD_2521
GCA_030435755.1	Primary Assembly	Un			JAUDYK010005679.1	Chromosome		NW_026701696.1	unplaced-scaffold	73514			HAP1_SCAFFOLD_1220
GCA_030435755.1	Primary Assembly	Un			JAUDYK010005680.1	Chromosome		NW_026701697.1	unplaced-scaffold	53214			HAP1_SCAFFOLD_2087
GCA_030435755.1	Primary Assembly	Un			JAUDYK010005681.1	Chromosome		NW_026701698.1	unplaced-scaffold	25060			HAP1_SCAFFOLD_5508
GCA_030435755.1	Primary Assembly	Un			JAUDYK010005682.1	Chromosome		NW_026701699.1	unplaced-scaffold	24419			HAP1_SCAFFOLD_5571
GCA_030435755.1	Primary Assembly	Un			JAUDYK010005683.1	Chromosome		NW_026701700.1	unplaced-scaffold	32739			HAP1_SCAFFOLD_4404
GCA_030435755.1	Primary Assembly	Un			JAUDYK010005684.1	Chromosome		NW_026701701.1	unplaced-scaffold	43821			HAP1_SCAFFOLD_2903
GCA_030435755.1	Primary Assembly	Un			JAUDYK010005685.1	Chromosome		NW_026701702.1	unplaced-scaffold	34172			HAP1_SCAFFOLD_4184
GCA_030435755.1	Primary Assembly	Un			JAUDYK010005686.1	Chromosome		NW_026701703.1	unplaced-scaffold	23733			HAP1_SCAFFOLD_5634
GCA_030435755.1	Primary Assembly	Un			JAUDYK010005687.1	Chromosome		NW_026701704.1	unplaced-scaffold	33269			HAP1_SCAFFOLD_4314
GCA_030435755.1	Primary Assembly	Un			JAUDYK010005688.1	Chromosome		NW_026701705.1	unplaced-scaffold	34261			HAP1_SCAFFOLD_4167
GCA_030435755.1	Primary Assembly	Un			JAUDYK010005689.1	Chromosome		NW_026701706.1	unplaced-scaffold	38403			HAP1_SCAFFOLD_3557
GCA_030435755.1	Primary Assembly	Un			JAUDYK010005690.1	Chromosome		NW_026701707.1	unplaced-scaffold	58868			HAP1_SCAFFOLD_1753
GCA_030435755.1	Primary Assembly	Un			JAUDYK010005691.1	Chromosome		NW_026701708.1	unplaced-scaffold	30782			HAP1_SCAFFOLD_4740
GCA_030435755.1	Primary Assembly	Un			JAUDYK010005692.1	Chromosome		NW_026701709.1	unplaced-scaffold	17114			HAP1_SCAFFOLD_5925
GCA_030435755.1	Primary Assembly	Un			JAUDYK010005693.1	Chromosome		NW_026701710.1	unplaced-scaffold	53504			HAP1_SCAFFOLD_2064
GCA_030435755.1	Primary Assembly	Un			JAUDYK010005694.1	Chromosome		NW_026701711.1	unplaced-scaffold	43077			HAP1_SCAFFOLD_2975
GCA_030435755.1	Primary Assembly	Un			JAUDYK010005695.1	Chromosome		NW_026701712.1	unplaced-scaffold	36452			HAP1_SCAFFOLD_3865
GCA_030435755.1	Primary Assembly	Un			JAUDYK010005696.1	Chromosome		NW_026701713.1	unplaced-scaffold	97149			HAP1_SCAFFOLD_779
GCA_030435755.1	Primary Assembly	Un			JAUDYK010005697.1	Chromosome		NW_026701714.1	unplaced-scaffold	30684			HAP1_SCAFFOLD_4757
GCA_030435755.1	Primary Assembly	Un			JAUDYK010005698.1	Chromosome		NW_026701715.1	unplaced-scaffold	21194			HAP1_SCAFFOLD_5790
GCA_030435755.1	Primary Assembly	Un			JAUDYK010005699.1	Chromosome		NW_026701716.1	unplaced-scaffold	133142			HAP1_SCAFFOLD_465
GCA_030435755.1	Primary Assembly	Un			JAUDYK010005700.1	Chromosome		NW_026701717.1	unplaced-scaffold	38464			HAP1_SCAFFOLD_3540
GCA_030435755.1	Primary Assembly	Un			JAUDYK010005701.1	Chromosome		NW_026701718.1	unplaced-scaffold	75761			HAP1_SCAFFOLD_1163
GCA_030435755.1	Primary Assembly	Un			JAUDYK010005702.1	Chromosome		NW_026701719.1	unplaced-scaffold	68988			HAP1_SCAFFOLD_1354
GCA_030435755.1	Primary Assembly	Un			JAUDYK010005703.1	Chromosome		NW_026701720.1	unplaced-scaffold	168267			HAP1_SCAFFOLD_331
GCA_030435755.1	Primary Assembly	Un			JAUDYK010005704.1	Chromosome		NW_026701721.1	unplaced-scaffold	30973			HAP1_SCAFFOLD_4713
GCA_030435755.1	Primary Assembly	Un			JAUDYK010005705.1	Chromosome		NW_026701722.1	unplaced-scaffold	25418			HAP1_SCAFFOLD_5462
GCA_030435755.1	Primary Assembly	Un			JAUDYK010005706.1	Chromosome		NW_026701723.1	unplaced-scaffold	57145			HAP1_SCAFFOLD_1844
GCA_030435755.1	Primary Assembly	Un			JAUDYK010005707.1	Chromosome		NW_026701724.1	unplaced-scaffold	44781			HAP1_SCAFFOLD_2802
GCA_030435755.1	Primary Assembly	Un			JAUDYK010005708.1	Chromosome		NW_026701725.1	unplaced-scaffold	312341			HAP1_SCAFFOLD_161
GCA_030435755.1	Primary Assembly	Un			JAUDYK010005709.1	Chromosome		NW_026701726.1	unplaced-scaffold	40508			HAP1_SCAFFOLD_3289
GCA_030435755.1	Primary Assembly	Un			JAUDYK010005710.1	Chromosome		NW_026701727.1	unplaced-scaffold	37757			HAP1_SCAFFOLD_3654
GCA_030435755.1	Primary Assembly	Un			JAUDYK010005711.1	Chromosome		NW_026701728.1	unplaced-scaffold	59692			HAP1_SCAFFOLD_1717
GCA_030435755.1	Primary Assembly	Un			JAUDYK010005712.1	Chromosome		NW_026701729.1	unplaced-scaffold	49070			HAP1_SCAFFOLD_2411
GCA_030435755.1	Primary Assembly	Un			JAUDYK010005713.1	Chromosome		NW_026701730.1	unplaced-scaffold	38654			HAP1_SCAFFOLD_3513
GCA_030435755.1	Primary Assembly	Un			JAUDYK010005714.1	Chromosome		NW_026701731.1	unplaced-scaffold	51791			HAP1_SCAFFOLD_2193
GCA_030435755.1	Primary Assembly	Un			JAUDYK010005715.1	Chromosome		NW_026701732.1	unplaced-scaffold	185215			HAP1_SCAFFOLD_292
GCA_030435755.1	Primary Assembly	Un			JAUDYK010005716.1	Chromosome		NW_026701733.1	unplaced-scaffold	49357			HAP1_SCAFFOLD_2378
GCA_030435755.1	Primary Assembly	Un			JAUDYK010005717.1	Chromosome		NW_026701734.1	unplaced-scaffold	50396			HAP1_SCAFFOLD_2301
GCA_030435755.1	Primary Assembly	Un			JAUDYK010005718.1	Chromosome		NW_026701735.1	unplaced-scaffold	24841			HAP1_SCAFFOLD_5537
GCA_030435755.1	Primary Assembly	Un			JAUDYK010005719.1	Chromosome		NW_026701736.1	unplaced-scaffold	62891			HAP1_SCAFFOLD_1576
GCA_030435755.1	Primary Assembly	Un			JAUDYK010005720.1	Chromosome		NW_026701737.1	unplaced-scaffold	35938			HAP1_SCAFFOLD_3939
GCA_030435755.1	Primary Assembly	Un			JAUDYK010005721.1	Chromosome		NW_026701738.1	unplaced-scaffold	26497			HAP1_SCAFFOLD_5328
GCA_030435755.1	Primary Assembly	Un			JAUDYK010005722.1	Chromosome		NW_026701739.1	unplaced-scaffold	114246			HAP1_SCAFFOLD_597
GCA_030435755.1	Primary Assembly	Un			JAUDYK010005723.1	Chromosome		NW_026701740.1	unplaced-scaffold	78825			HAP1_SCAFFOLD_1094
GCA_030435755.1	Primary Assembly	Un			JAUDYK010005724.1	Chromosome		NW_026701741.1	unplaced-scaffold	165109			HAP1_SCAFFOLD_340
GCA_030435755.1	Primary Assembly	Un			JAUDYK010005725.1	Chromosome		NW_026701742.1	unplaced-scaffold	89053			HAP1_SCAFFOLD_902
GCA_030435755.1	Primary Assembly	Un			JAUDYK010005726.1	Chromosome		NW_026701743.1	unplaced-scaffold	173022			HAP1_SCAFFOLD_318
GCA_030435755.1	Primary Assembly	Un			JAUDYK010005727.1	Chromosome		NW_026701744.1	unplaced-scaffold	31183			HAP1_SCAFFOLD_4679
GCA_030435755.1	Primary Assembly	Un			JAUDYK010005728.1	Chromosome		NW_026701745.1	unplaced-scaffold	32380			HAP1_SCAFFOLD_4458
GCA_030435755.1	Primary Assembly	Un			JAUDYK010005729.1	Chromosome		NW_026701746.1	unplaced-scaffold	24631			HAP1_SCAFFOLD_5554
GCA_030435755.1	Primary Assembly	Un			JAUDYK010005730.1	Chromosome		NW_026701747.1	unplaced-scaffold	40801			HAP1_SCAFFOLD_3248
GCA_030435755.1	Primary Assembly	Un			JAUDYK010005731.1	Chromosome		NW_026701748.1	unplaced-scaffold	23977			HAP1_SCAFFOLD_5613
GCA_030435755.1	Primary Assembly	Un			JAUDYK010005732.1	Chromosome		NW_026701749.1	unplaced-scaffold	56060			HAP1_SCAFFOLD_1905
GCA_030435755.1	Primary Assembly	Un			JAUDYK010005733.1	Chromosome		NW_026701750.1	unplaced-scaffold	36069			HAP1_SCAFFOLD_3916
GCA_030435755.1	Primary Assembly	Un			JAUDYK010005734.1	Chromosome		NW_026701751.1	unplaced-scaffold	34812			HAP1_SCAFFOLD_4085
GCA_030435755.1	Primary Assembly	Un			JAUDYK010005735.1	Chromosome		NW_026701752.1	unplaced-scaffold	86846			HAP1_SCAFFOLD_944
GCA_030435755.1	Primary Assembly	Un			JAUDYK010005736.1	Chromosome		NW_026701753.1	unplaced-scaffold	27478			HAP1_SCAFFOLD_5200
GCA_030435755.1	Primary Assembly	Un			JAUDYK010005737.1	Chromosome		NW_026701754.1	unplaced-scaffold	57493			HAP1_SCAFFOLD_1830
GCA_030435755.1	Primary Assembly	Un			JAUDYK010005738.1	Chromosome		NW_026701755.1	unplaced-scaffold	45495			HAP1_SCAFFOLD_2729
GCA_030435755.1	Primary Assembly	Un			JAUDYK010005739.1	Chromosome		NW_026701756.1	unplaced-scaffold	54886			HAP1_SCAFFOLD_1973
GCA_030435755.1	Primary Assembly	Un			JAUDYK010005740.1	Chromosome		NW_026701757.1	unplaced-scaffold	26086			HAP1_SCAFFOLD_5376
GCA_030435755.1	Primary Assembly	Un			JAUDYK010005741.1	Chromosome		NW_026701758.1	unplaced-scaffold	19095			HAP1_SCAFFOLD_5885
GCA_030435755.1	Primary Assembly	Un			JAUDYK010005742.1	Chromosome		NW_026701759.1	unplaced-scaffold	101641			HAP1_SCAFFOLD_720
GCA_030435755.1	Primary Assembly	Un			JAUDYK010005743.1	Chromosome		NW_026701760.1	unplaced-scaffold	52239			HAP1_SCAFFOLD_2165
GCA_030435755.1	Primary Assembly	Un			JAUDYK010005744.1	Chromosome		NW_026701761.1	unplaced-scaffold	69833			HAP1_SCAFFOLD_1337
GCA_030435755.1	Primary Assembly	Un			JAUDYK010005745.1	Chromosome		NW_026701762.1	unplaced-scaffold	135553			HAP1_SCAFFOLD_453
GCA_030435755.1	Primary Assembly	Un			JAUDYK010005746.1	Chromosome		NW_026701763.1	unplaced-scaffold	45253			HAP1_SCAFFOLD_2755
GCA_030435755.1	Primary Assembly	Un			JAUDYK010005747.1	Chromosome		NW_026701764.1	unplaced-scaffold	33169			HAP1_SCAFFOLD_4333
GCA_030435755.1	Primary Assembly	Un			JAUDYK010005748.1	Chromosome		NW_026701765.1	unplaced-scaffold	50119			HAP1_SCAFFOLD_2326
GCA_030435755.1	Primary Assembly	Un			JAUDYK010005749.1	Chromosome		NW_026701766.1	unplaced-scaffold	156482			HAP1_SCAFFOLD_373
GCA_030435755.1	Primary Assembly	Un			JAUDYK010005750.1	Chromosome		NW_026701767.1	unplaced-scaffold	21493			HAP1_SCAFFOLD_5779
GCA_030435755.1	Primary Assembly	Un			JAUDYK010005751.1	Chromosome		NW_026701768.1	unplaced-scaffold	37882			HAP1_SCAFFOLD_3637
GCA_030435755.1	Primary Assembly	Un			JAUDYK010005752.1	Chromosome		NW_026701769.1	unplaced-scaffold	29172			HAP1_SCAFFOLD_4977
GCA_030435755.1	Primary Assembly	Un			JAUDYK010005753.1	Chromosome		NW_026701770.1	unplaced-scaffold	35520			HAP1_SCAFFOLD_3992
GCA_030435755.1	Primary Assembly	Un			JAUDYK010005754.1	Chromosome		NW_026701771.1	unplaced-scaffold	64092			HAP1_SCAFFOLD_1528
GCA_030435755.1	Primary Assembly	Un			JAUDYK010005755.1	Chromosome		NW_026701772.1	unplaced-scaffold	42761			HAP1_SCAFFOLD_3010
GCA_030435755.1	Primary Assembly	Un			JAUDYK010005756.1	Chromosome		NW_026701773.1	unplaced-scaffold	41972			HAP1_SCAFFOLD_3102
GCA_030435755.1	Primary Assembly	Un			JAUDYK010005757.1	Chromosome		NW_026701774.1	unplaced-scaffold	38052			HAP1_SCAFFOLD_3608
GCA_030435755.1	Primary Assembly	Un			JAUDYK010005758.1	Chromosome		NW_026701775.1	unplaced-scaffold	37663			HAP1_SCAFFOLD_3671
GCA_030435755.1	Primary Assembly	Un			JAUDYK010005759.1	Chromosome		NW_026701776.1	unplaced-scaffold	38930			HAP1_SCAFFOLD_3482
GCA_030435755.1	Primary Assembly	Un			JAUDYK010005760.1	Chromosome		NW_026701777.1	unplaced-scaffold	26952			HAP1_SCAFFOLD_5269
GCA_030435755.1	Primary Assembly	Un			JAUDYK010005761.1	Chromosome		NW_026701778.1	unplaced-scaffold	29419			HAP1_SCAFFOLD_4931
GCA_030435755.1	Primary Assembly	Un			JAUDYK010005762.1	Chromosome		NW_026701779.1	unplaced-scaffold	38495			HAP1_SCAFFOLD_3534
GCA_030435755.1	Primary Assembly	Un			JAUDYK010005763.1	Chromosome		NW_026701780.1	unplaced-scaffold	93900			HAP1_SCAFFOLD_821
GCA_030435755.1	Primary Assembly	Un			JAUDYK010005764.1	Chromosome		NW_026701781.1	unplaced-scaffold	47913			HAP1_SCAFFOLD_2506
GCA_030435755.1	Primary Assembly	Un			JAUDYK010005765.1	Chromosome		NW_026701782.1	unplaced-scaffold	30842			HAP1_SCAFFOLD_4734
GCA_030435755.1	Primary Assembly	Un			JAUDYK010005766.1	Chromosome		NW_026701783.1	unplaced-scaffold	70794			HAP1_SCAFFOLD_1308
GCA_030435755.1	Primary Assembly	Un			JAUDYK010005767.1	Chromosome		NW_026701784.1	unplaced-scaffold	42468			HAP1_SCAFFOLD_3043
GCA_030435755.1	Primary Assembly	Un			JAUDYK010005768.1	Chromosome		NW_026701785.1	unplaced-scaffold	68491			HAP1_SCAFFOLD_1371
GCA_030435755.1	Primary Assembly	Un			JAUDYK010005769.1	Chromosome		NW_026701786.1	unplaced-scaffold	67127			HAP1_SCAFFOLD_1418
GCA_030435755.1	Primary Assembly	Un			JAUDYK010005770.1	Chromosome		NW_026701787.1	unplaced-scaffold	56731			HAP1_SCAFFOLD_1872
GCA_030435755.1	Primary Assembly	Un			JAUDYK010005771.1	Chromosome		NW_026701788.1	unplaced-scaffold	98260			HAP1_SCAFFOLD_764
GCA_030435755.1	Primary Assembly	Un			JAUDYK010005772.1	Chromosome		NW_026701789.1	unplaced-scaffold	33485			HAP1_SCAFFOLD_4281
GCA_030435755.1	Primary Assembly	Un			JAUDYK010005773.1	Chromosome		NW_026701790.1	unplaced-scaffold	187718			HAP1_SCAFFOLD_288
GCA_030435755.1	Primary Assembly	Un			JAUDYK010005774.1	Chromosome		NW_026701791.1	unplaced-scaffold	124273			HAP1_SCAFFOLD_516
GCA_030435755.1	Primary Assembly	Un			JAUDYK010005775.1	Chromosome		NW_026701792.1	unplaced-scaffold	23682			HAP1_SCAFFOLD_5640
GCA_030435755.1	Primary Assembly	Un			JAUDYK010005776.1	Chromosome		NW_026701793.1	unplaced-scaffold	116493			HAP1_SCAFFOLD_575
GCA_030435755.1	Primary Assembly	Un			JAUDYK010005777.1	Chromosome		NW_026701794.1	unplaced-scaffold	31098			HAP1_SCAFFOLD_4690
GCA_030435755.1	Primary Assembly	Un			JAUDYK010005778.1	Chromosome		NW_026701795.1	unplaced-scaffold	23491			HAP1_SCAFFOLD_5657
GCA_030435755.1	Primary Assembly	Un			JAUDYK010005779.1	Chromosome		NW_026701796.1	unplaced-scaffold	74197			HAP1_SCAFFOLD_1195
GCA_030435755.1	Primary Assembly	Un			JAUDYK010005780.1	Chromosome		NW_026701797.1	unplaced-scaffold	36242			HAP1_SCAFFOLD_3893
GCA_030435755.1	Primary Assembly	Un			JAUDYK010005781.1	Chromosome		NW_026701798.1	unplaced-scaffold	45268			HAP1_SCAFFOLD_2754
GCA_030435755.1	Primary Assembly	Un			JAUDYK010005782.1	Chromosome		NW_026701799.1	unplaced-scaffold	50426			HAP1_SCAFFOLD_2298
GCA_030435755.1	Primary Assembly	Un			JAUDYK010005783.1	Chromosome		NW_026701800.1	unplaced-scaffold	80165			HAP1_SCAFFOLD_1063
GCA_030435755.1	Primary Assembly	Un			JAUDYK010005784.1	Chromosome		NW_026701801.1	unplaced-scaffold	44712			HAP1_SCAFFOLD_2810
GCA_030435755.1	Primary Assembly	Un			JAUDYK010005785.1	Chromosome		NW_026701802.1	unplaced-scaffold	19107			HAP1_SCAFFOLD_5884
GCA_030435755.1	Primary Assembly	Un			JAUDYK010005786.1	Chromosome		NW_026701803.1	unplaced-scaffold	34932			HAP1_SCAFFOLD_4067
GCA_030435755.1	Primary Assembly	Un			JAUDYK010005787.1	Chromosome		NW_026701804.1	unplaced-scaffold	43267			HAP1_SCAFFOLD_2951
GCA_030435755.1	Primary Assembly	Un			JAUDYK010005788.1	Chromosome		NW_026701805.1	unplaced-scaffold	52293			HAP1_SCAFFOLD_2164
GCA_030435755.1	Primary Assembly	Un			JAUDYK010005789.1	Chromosome		NW_026701806.1	unplaced-scaffold	50241			HAP1_SCAFFOLD_2317
GCA_030435755.1	Primary Assembly	Un			JAUDYK010005790.1	Chromosome		NW_026701807.1	unplaced-scaffold	51884			HAP1_SCAFFOLD_2187
GCA_030435755.1	Primary Assembly	Un			JAUDYK010005791.1	Chromosome		NW_026701808.1	unplaced-scaffold	60257			HAP1_SCAFFOLD_1701
GCA_030435755.1	Primary Assembly	Un			JAUDYK010005792.1	Chromosome		NW_026701809.1	unplaced-scaffold	26233			HAP1_SCAFFOLD_5360
GCA_030435755.1	Primary Assembly	Un			JAUDYK010005793.1	Chromosome		NW_026701810.1	unplaced-scaffold	58428			HAP1_SCAFFOLD_1778
GCA_030435755.1	Primary Assembly	Un			JAUDYK010005794.1	Chromosome		NW_026701811.1	unplaced-scaffold	49094			HAP1_SCAFFOLD_2407
GCA_030435755.1	Primary Assembly	Un			JAUDYK010005795.1	Chromosome		NW_026701812.1	unplaced-scaffold	100053			HAP1_SCAFFOLD_736
GCA_030435755.1	Primary Assembly	Un			JAUDYK010005796.1	Chromosome		NW_026701813.1	unplaced-scaffold	19451			HAP1_SCAFFOLD_5867
GCA_030435755.1	Primary Assembly	Un			JAUDYK010005797.1	Chromosome		NW_026701814.1	unplaced-scaffold	24895			HAP1_SCAFFOLD_5529
GCA_030435755.1	Primary Assembly	Un			JAUDYK010005798.1	Chromosome		NW_026701815.1	unplaced-scaffold	34818			HAP1_SCAFFOLD_4084
GCA_030435755.1	Primary Assembly	Un			JAUDYK010005799.1	Chromosome		NW_026701816.1	unplaced-scaffold	43385			HAP1_SCAFFOLD_2942
GCA_030435755.1	Primary Assembly	Un			JAUDYK010005800.1	Chromosome		NW_026701817.1	unplaced-scaffold	110711			HAP1_SCAFFOLD_632
GCA_030435755.1	Primary Assembly	Un			JAUDYK010005801.1	Chromosome		NW_026701818.1	unplaced-scaffold	46937			HAP1_SCAFFOLD_2579
GCA_030435755.1	Primary Assembly	Un			JAUDYK010005802.1	Chromosome		NW_026701819.1	unplaced-scaffold	35994			HAP1_SCAFFOLD_3927
GCA_030435755.1	Primary Assembly	Un			JAUDYK010005803.1	Chromosome		NW_026701820.1	unplaced-scaffold	56061			HAP1_SCAFFOLD_1904
GCA_030435755.1	Primary Assembly	Un			JAUDYK010005804.1	Chromosome		NW_026701821.1	unplaced-scaffold	24623			HAP1_SCAFFOLD_5555
GCA_030435755.1	Primary Assembly	Un			JAUDYK010005805.1	Chromosome		NW_026701822.1	unplaced-scaffold	31454			HAP1_SCAFFOLD_4621
GCA_030435755.1	Primary Assembly	Un			JAUDYK010005806.1	Chromosome		NW_026701823.1	unplaced-scaffold	74205			HAP1_SCAFFOLD_1194
GCA_030435755.1	Primary Assembly	Un			JAUDYK010005807.1	Chromosome		NW_026701824.1	unplaced-scaffold	175590			HAP1_SCAFFOLD_308
GCA_030435755.1	Primary Assembly	Un			JAUDYK010005808.1	Chromosome		NW_026701825.1	unplaced-scaffold	88719			HAP1_SCAFFOLD_912
GCA_030435755.1	Primary Assembly	Un			JAUDYK010005809.1	Chromosome		NW_026701826.1	unplaced-scaffold	26616			HAP1_SCAFFOLD_5309
GCA_030435755.1	Primary Assembly	Un			JAUDYK010005810.1	Chromosome		NW_026701827.1	unplaced-scaffold	48813			HAP1_SCAFFOLD_2438
GCA_030435755.1	Primary Assembly	Un			JAUDYK010005811.1	Chromosome		NW_026701828.1	unplaced-scaffold	108583			HAP1_SCAFFOLD_650
GCA_030435755.1	Primary Assembly	Un			JAUDYK010005812.1	Chromosome		NW_026701829.1	unplaced-scaffold	53094			HAP1_SCAFFOLD_2093
GCA_030435755.1	Primary Assembly	Un			JAUDYK010005813.1	Chromosome		NW_026701830.1	unplaced-scaffold	71863			HAP1_SCAFFOLD_1268
GCA_030435755.1	Primary Assembly	Un			JAUDYK010005814.1	Chromosome		NW_026701831.1	unplaced-scaffold	22901			HAP1_SCAFFOLD_5706
GCA_030435755.1	Primary Assembly	Un			JAUDYK010005815.1	Chromosome		NW_026701832.1	unplaced-scaffold	49774			HAP1_SCAFFOLD_2353
GCA_030435755.1	Primary Assembly	Un			JAUDYK010005816.1	Chromosome		NW_026701833.1	unplaced-scaffold	30813			HAP1_SCAFFOLD_4735
GCA_030435755.1	Primary Assembly	Un			JAUDYK010005817.1	Chromosome		NW_026701834.1	unplaced-scaffold	91693			HAP1_SCAFFOLD_846
GCA_030435755.1	Primary Assembly	Un			JAUDYK010005818.1	Chromosome		NW_026701835.1	unplaced-scaffold	44411			HAP1_SCAFFOLD_2843
GCA_030435755.1	Primary Assembly	Un			JAUDYK010005819.1	Chromosome		NW_026701836.1	unplaced-scaffold	25720			HAP1_SCAFFOLD_5419
GCA_030435755.1	Primary Assembly	Un			JAUDYK010005820.1	Chromosome		NW_026701837.1	unplaced-scaffold	38493			HAP1_SCAFFOLD_3535
GCA_030435755.1	Primary Assembly	Un			JAUDYK010005821.1	Chromosome		NW_026701838.1	unplaced-scaffold	202485			HAP1_SCAFFOLD_255
GCA_030435755.1	Primary Assembly	Un			JAUDYK010005822.1	Chromosome		NW_026701839.1	unplaced-scaffold	36479			HAP1_SCAFFOLD_3864
GCA_030435755.1	Primary Assembly	Un			JAUDYK010005823.1	Chromosome		NW_026701840.1	unplaced-scaffold	64516			HAP1_SCAFFOLD_1509
GCA_030435755.1	Primary Assembly	Un			JAUDYK010005824.1	Chromosome		NW_026701841.1	unplaced-scaffold	43101			HAP1_SCAFFOLD_2974
GCA_030435755.1	Primary Assembly	Un			JAUDYK010005825.1	Chromosome		NW_026701842.1	unplaced-scaffold	32278			HAP1_SCAFFOLD_4473
GCA_030435755.1	Primary Assembly	Un			JAUDYK010005826.1	Chromosome		NW_026701843.1	unplaced-scaffold	22665			HAP1_SCAFFOLD_5721
GCA_030435755.1	Primary Assembly	Un			JAUDYK010005827.1	Chromosome		NW_026701844.1	unplaced-scaffold	41912			HAP1_SCAFFOLD_3110
GCA_030435755.1	Primary Assembly	Un			JAUDYK010005828.1	Chromosome		NW_026701845.1	unplaced-scaffold	25581			HAP1_SCAFFOLD_5436
GCA_030435755.1	Primary Assembly	Un			JAUDYK010005829.1	Chromosome		NW_026701846.1	unplaced-scaffold	17193			HAP1_SCAFFOLD_5924
GCA_030435755.1	Primary Assembly	Un			JAUDYK010005830.1	Chromosome		NW_026701847.1	unplaced-scaffold	31511			HAP1_SCAFFOLD_4606
GCA_030435755.1	Primary Assembly	Un			JAUDYK010005831.1	Chromosome		NW_026701848.1	unplaced-scaffold	33265			HAP1_SCAFFOLD_4315
GCA_030435755.1	Primary Assembly	Un			JAUDYK010005832.1	Chromosome		NW_026701849.1	unplaced-scaffold	53481			HAP1_SCAFFOLD_2065
GCA_030435755.1	Primary Assembly	Un			JAUDYK010005833.1	Chromosome		NW_026701850.1	unplaced-scaffold	65544			HAP1_SCAFFOLD_1477
GCA_030435755.1	Primary Assembly	Un			JAUDYK010005834.1	Chromosome		NW_026701851.1	unplaced-scaffold	45075			HAP1_SCAFFOLD_2771
GCA_030435755.1	Primary Assembly	Un			JAUDYK010005835.1	Chromosome		NW_026701852.1	unplaced-scaffold	45637			HAP1_SCAFFOLD_2708
GCA_030435755.1	Primary Assembly	Un			JAUDYK010005836.1	Chromosome		NW_026701853.1	unplaced-scaffold	55095			HAP1_SCAFFOLD_1958
GCA_030435755.1	Primary Assembly	Un			JAUDYK010005837.1	Chromosome		NW_026701854.1	unplaced-scaffold	34172			HAP1_SCAFFOLD_4185
GCA_030435755.1	Primary Assembly	Un			JAUDYK010005838.1	Chromosome		NW_026701855.1	unplaced-scaffold	23701			HAP1_SCAFFOLD_5635
GCA_030435755.1	Primary Assembly	Un			JAUDYK010005839.1	Chromosome		NW_026701856.1	unplaced-scaffold	32738			HAP1_SCAFFOLD_4405
GCA_030435755.1	Primary Assembly	Un			JAUDYK010005840.1	Chromosome		NW_026701857.1	unplaced-scaffold	60618			HAP1_SCAFFOLD_1680
GCA_030435755.1	Primary Assembly	Un			JAUDYK010005841.1	Chromosome		NW_026701858.1	unplaced-scaffold	46803			HAP1_SCAFFOLD_2590
GCA_030435755.1	Primary Assembly	Un			JAUDYK010005842.1	Chromosome		NW_026701859.1	unplaced-scaffold	39698			HAP1_SCAFFOLD_3380
GCA_030435755.1	Primary Assembly	Un			JAUDYK010005843.1	Chromosome		NW_026701860.1	unplaced-scaffold	71336			HAP1_SCAFFOLD_1291
GCA_030435755.1	Primary Assembly	Un			JAUDYK010005844.1	Chromosome		NW_026701861.1	unplaced-scaffold	36259			HAP1_SCAFFOLD_3887
GCA_030435755.1	Primary Assembly	Un			JAUDYK010005845.1	Chromosome		NW_026701862.1	unplaced-scaffold	29509			HAP1_SCAFFOLD_4918
GCA_030435755.1	Primary Assembly	Un			JAUDYK010005846.1	Chromosome		NW_026701863.1	unplaced-scaffold	26728			HAP1_SCAFFOLD_5296
GCA_030435755.1	Primary Assembly	Un			JAUDYK010005847.1	Chromosome		NW_026701864.1	unplaced-scaffold	78740			HAP1_SCAFFOLD_1095
GCA_030435755.1	Primary Assembly	Un			JAUDYK010005848.1	Chromosome		NW_026701865.1	unplaced-scaffold	39080			HAP1_SCAFFOLD_3456
GCA_030435755.1	Primary Assembly	Un			JAUDYK010005849.1	Chromosome		NW_026701866.1	unplaced-scaffold	33751			HAP1_SCAFFOLD_4246
GCA_030435755.1	Primary Assembly	Un			JAUDYK010005850.1	Chromosome		NW_026701867.1	unplaced-scaffold	125247			HAP1_SCAFFOLD_506
GCA_030435755.1	Primary Assembly	Un			JAUDYK010005851.1	Chromosome		NW_026701868.1	unplaced-scaffold	129280			HAP1_SCAFFOLD_486
GCA_030435755.1	Primary Assembly	Un			JAUDYK010005852.1	Chromosome		NW_026701869.1	unplaced-scaffold	50873			HAP1_SCAFFOLD_2261
GCA_030435755.1	Primary Assembly	Un			JAUDYK010005853.1	Chromosome		NW_026701870.1	unplaced-scaffold	70010			HAP1_SCAFFOLD_1329
GCA_030435755.1	Primary Assembly	Un			JAUDYK010005854.1	Chromosome		NW_026701871.1	unplaced-scaffold	57111			HAP1_SCAFFOLD_1845
GCA_030435755.1	Primary Assembly	Un			JAUDYK010005855.1	Chromosome		NW_026701872.1	unplaced-scaffold	45436			HAP1_SCAFFOLD_2737
GCA_030435755.1	Primary Assembly	Un			JAUDYK010005856.1	Chromosome		NW_026701873.1	unplaced-scaffold	27401			HAP1_SCAFFOLD_5212
GCA_030435755.1	Primary Assembly	Un			JAUDYK010005857.1	Chromosome		NW_026701874.1	unplaced-scaffold	41646			HAP1_SCAFFOLD_3143
GCA_030435755.1	Primary Assembly	Un			JAUDYK010005858.1	Chromosome		NW_026701875.1	unplaced-scaffold	63366			HAP1_SCAFFOLD_1560
GCA_030435755.1	Primary Assembly	Un			JAUDYK010005859.1	Chromosome		NW_026701876.1	unplaced-scaffold	197137			HAP1_SCAFFOLD_263
GCA_030435755.1	Primary Assembly	Un			JAUDYK010005860.1	Chromosome		NW_026701877.1	unplaced-scaffold	66770			HAP1_SCAFFOLD_1431
GCA_030435755.1	Primary Assembly	Un			JAUDYK010005861.1	Chromosome		NW_026701878.1	unplaced-scaffold	37755			HAP1_SCAFFOLD_3655
GCA_030435755.1	Primary Assembly	Un			JAUDYK010005862.1	Chromosome		NW_026701879.1	unplaced-scaffold	42796			HAP1_SCAFFOLD_3002
GCA_030435755.1	Primary Assembly	Un			JAUDYK010005863.1	Chromosome		NW_026701880.1	unplaced-scaffold	59508			HAP1_SCAFFOLD_1726
GCA_030435755.1	Primary Assembly	Un			JAUDYK010005864.1	Chromosome		NW_026701881.1	unplaced-scaffold	68909			HAP1_SCAFFOLD_1355
GCA_030435755.1	Primary Assembly	Un			JAUDYK010005865.1	Chromosome		NW_026701882.1	unplaced-scaffold	37927			HAP1_SCAFFOLD_3629
GCA_030435755.1	non-nuclear	MT	7375	43	CM059820.1	Mitochondrion			assembled-molecule	17227			atg000001l_rotated
