Assembly Accession	Assembly-unit name	Chromosome name	GC Count	GC Percent	GenBank seq accession	Molecule type	Ordering	RefSeq seq accession	Role	Seq length	UCSC style name	Unlocalized Count	Sequence name
GCF_901001165.1	Primary Assembly	1	34039182	43.5	LR584410.1	Chromosome		NC_042957.1	assembled-molecule	81542925			Super_scaffold_5
GCF_901001165.1	Primary Assembly	2	30635407	43	LR584445.1	Chromosome		NC_042958.1	assembled-molecule	75345318			Super_scaffold_40
GCF_901001165.1	Primary Assembly	3	31529705	43.5	LR584416.1	Chromosome		NC_042959.1	assembled-molecule	74753489			Super_scaffold_11
GCF_901001165.1	Primary Assembly	4	31020543	43	LR584420.1	Chromosome		NC_042960.1	assembled-molecule	73168960			Super_scaffold_15
GCF_901001165.1	Primary Assembly	5	28118674	43	LR584433.1	Chromosome		NC_042961.1	assembled-molecule	67763595			Super_scaffold_28
GCF_901001165.1	Primary Assembly	6	25186086	43.5	LR584406.1	Chromosome		NC_042962.1	assembled-molecule	60103141			Super_scaffold_1
GCF_901001165.1	Primary Assembly	7	25538248	43	LR584430.1	Chromosome		NC_042963.1	assembled-molecule	59837330			Super_scaffold_25
GCF_901001165.1	Primary Assembly	8	21586839	43.5	LR584407.1	Chromosome		NC_042964.1	assembled-molecule	51188276			Super_scaffold_2
GCF_901001165.1	Primary Assembly	9	20919115	43.5	LR584409.1	Chromosome		NC_042965.1	assembled-molecule	49359203			Super_scaffold_4
GCF_901001165.1	Primary Assembly	10	19696186	43	LR584419.1	Chromosome		NC_042966.1	assembled-molecule	46595448			Super_scaffold_14
GCF_901001165.1	Primary Assembly	11	9346865	43.5	LR584438.1	Chromosome		NC_042967.1	assembled-molecule	22956941			Super_scaffold_33
GCF_901001165.1	Primary Assembly	12	40761165	43.5	LR584441.1	Chromosome		NC_042968.1	assembled-molecule	97529106			Super_scaffold_36
GCF_901001165.1	Primary Assembly	13	38230431	43.5	LR584428.1	Chromosome		NC_042969.1	assembled-molecule	91488822			Super_scaffold_23
GCF_901001165.1	Primary Assembly	14	35922089	43	LR584411.1	Chromosome		NC_042970.1	assembled-molecule	86253525			Super_scaffold_6
GCF_901001165.1	Primary Assembly	15	28041407	43	LR584415.1	Chromosome		NC_042971.1	assembled-molecule	66900148			Super_scaffold_10
GCF_901001165.1	Primary Assembly	16	26049077	43	LR584431.1	Chromosome		NC_042972.1	assembled-molecule	61349433			Super_scaffold_26
GCF_901001165.1	Primary Assembly	17	25423918	43	LR584426.1	Chromosome		NC_042973.1	assembled-molecule	59764774			Super_scaffold_21
GCF_901001165.1	Primary Assembly	18	25002897	43	LR584435.1	Chromosome		NC_042974.1	assembled-molecule	59142494			Super_scaffold_30
GCF_901001165.1	Primary Assembly	19	23944085	43	LR584427.1	Chromosome		NC_042975.1	assembled-molecule	56583805			Super_scaffold_22
GCF_901001165.1	Primary Assembly	20	23394940	43	LR584429.1	Chromosome		NC_042976.1	assembled-molecule	55161844			Super_scaffold_24
GCF_901001165.1	Primary Assembly	21	21700260	43	LR584437.1	Chromosome		NC_042977.1	assembled-molecule	52728040			Super_scaffold_32
GCF_901001165.1	Primary Assembly	22	21959976	43.5	LR584440.1	Chromosome		NC_042978.1	assembled-molecule	52209666			Super_scaffold_35
GCF_901001165.1	Primary Assembly	23	21423211	43	LR584421.1	Chromosome		NC_042979.1	assembled-molecule	51488243			Super_scaffold_16
GCF_901001165.1	Primary Assembly	24	21380777	43	LR584412.1	Chromosome		NC_042980.1	assembled-molecule	50333583			Super_scaffold_7
GCF_901001165.1	Primary Assembly	25	20789444	43.5	LR584436.1	Chromosome		NC_042981.1	assembled-molecule	48970219			Super_scaffold_31
GCF_901001165.1	Primary Assembly	26	20844107	44	LR584439.1	Chromosome		NC_042982.1	assembled-molecule	48699937			Super_scaffold_34
GCF_901001165.1	Primary Assembly	27	19831553	43.5	LR584424.1	Chromosome		NC_042983.1	assembled-molecule	46405705			Super_scaffold_19
GCF_901001165.1	Primary Assembly	28	19599882	43.5	LR584422.1	Chromosome		NC_042984.1	assembled-molecule	46383311			Super_scaffold_17
GCF_901001165.1	Primary Assembly	29	19208368	43.5	LR584418.1	Chromosome		NC_042985.1	assembled-molecule	46063367			Super_scaffold_13
GCF_901001165.1	Primary Assembly	30	19289622	43.5	LR584432.1	Chromosome		NC_042986.1	assembled-molecule	45787633			Super_scaffold_27
GCF_901001165.1	Primary Assembly	31	19283943	43	LR584423.1	Chromosome		NC_042987.1	assembled-molecule	45589842			Super_scaffold_18
GCF_901001165.1	Primary Assembly	32	18711340	43.5	LR584408.1	Chromosome		NC_042988.1	assembled-molecule	44953446			Super_scaffold_3
GCF_901001165.1	Primary Assembly	33	19031690	43.5	LR584414.1	Chromosome		NC_042989.1	assembled-molecule	44893998			Super_scaffold_9
GCF_901001165.1	Primary Assembly	34	17269124	43.5	LR584434.1	Chromosome		NC_042990.1	assembled-molecule	42900288			Super_scaffold_29
GCF_901001165.1	Primary Assembly	35	17337049	43	LR584444.1	Chromosome		NC_042991.1	assembled-molecule	41918599			Super_scaffold_39
GCF_901001165.1	Primary Assembly	36	17020903	43.5	LR584442.1	Chromosome		NC_042992.1	assembled-molecule	41684595			Super_scaffold_37
GCF_901001165.1	Primary Assembly	37	14930112	43.5	LR584417.1	Chromosome		NC_042993.1	assembled-molecule	35205783			Super_scaffold_12
GCF_901001165.1	Primary Assembly	38	14579536	43	LR584425.1	Chromosome		NC_042994.1	assembled-molecule	34894132			Super_scaffold_20
GCF_901001165.1	Primary Assembly	39	10931281	43.5	LR584413.1	Chromosome		NC_042995.1	assembled-molecule	25826328			Super_scaffold_8
GCF_901001165.1	Primary Assembly	40	10704717	44	LR584443.1	Chromosome		NC_042996.1	assembled-molecule	25483426			Super_scaffold_38
GCF_901001165.1	Primary Assembly	Un			CAAJIE010000001.1	Chromosome		NW_021822130.1	unplaced-scaffold	38471			contig1
GCF_901001165.1	Primary Assembly	Un			CAAJIE010000002.1	Chromosome		NW_021822131.1	unplaced-scaffold	38314			contig2
GCF_901001165.1	Primary Assembly	Un			CAAJIE010000003.1	Chromosome		NW_021822132.1	unplaced-scaffold	38389			contig3
GCF_901001165.1	Primary Assembly	Un			CAAJIE010000004.1	Chromosome		NW_021822133.1	unplaced-scaffold	38163			contig4
GCF_901001165.1	Primary Assembly	Un			CAAJIE010000005.1	Chromosome		NW_021822134.1	unplaced-scaffold	38222			contig5
GCF_901001165.1	Primary Assembly	Un			CAAJIE010000006.1	Chromosome		NW_021822135.1	unplaced-scaffold	38145			contig6
GCF_901001165.1	Primary Assembly	Un			CAAJIE010000007.1	Chromosome		NW_021822136.1	unplaced-scaffold	38100			contig7
GCF_901001165.1	Primary Assembly	Un			CAAJIE010000008.1	Chromosome		NW_021822137.1	unplaced-scaffold	38222			contig8
GCF_901001165.1	Primary Assembly	Un			CAAJIE010000009.1	Chromosome		NW_021822138.1	unplaced-scaffold	37982			contig9
GCF_901001165.1	Primary Assembly	Un			CAAJIE010000010.1	Chromosome		NW_021822139.1	unplaced-scaffold	37926			contig10
GCF_901001165.1	Primary Assembly	Un			CAAJIE010000011.1	Chromosome		NW_021822140.1	unplaced-scaffold	37919			contig11
GCF_901001165.1	Primary Assembly	Un			CAAJIE010000012.1	Chromosome		NW_021822141.1	unplaced-scaffold	37625			contig12
GCF_901001165.1	Primary Assembly	Un			CAAJIE010000013.1	Chromosome		NW_021822142.1	unplaced-scaffold	37735			contig13
GCF_901001165.1	Primary Assembly	Un			CAAJIE010000014.1	Chromosome		NW_021822143.1	unplaced-scaffold	37839			contig14
GCF_901001165.1	Primary Assembly	Un			CAAJIE010000015.1	Chromosome		NW_021822144.1	unplaced-scaffold	37830			contig15
GCF_901001165.1	Primary Assembly	Un			CAAJIE010000016.1	Chromosome		NW_021822145.1	unplaced-scaffold	37747			contig16
GCF_901001165.1	Primary Assembly	Un			CAAJIE010000017.1	Chromosome		NW_021822146.1	unplaced-scaffold	37788			contig17
GCF_901001165.1	Primary Assembly	Un			CAAJIE010000018.1	Chromosome		NW_021822147.1	unplaced-scaffold	37652			contig18
GCF_901001165.1	Primary Assembly	Un			CAAJIE010000019.1	Chromosome		NW_021822148.1	unplaced-scaffold	37665			contig19
GCF_901001165.1	Primary Assembly	Un			CAAJIE010000020.1	Chromosome		NW_021822149.1	unplaced-scaffold	38107			contig20
GCF_901001165.1	Primary Assembly	Un			CAAJIE010000021.1	Chromosome		NW_021822150.1	unplaced-scaffold	37566			contig21
GCF_901001165.1	Primary Assembly	Un			CAAJIE010000022.1	Chromosome		NW_021822151.1	unplaced-scaffold	37483			contig22
GCF_901001165.1	Primary Assembly	Un			CAAJIE010000023.1	Chromosome		NW_021822152.1	unplaced-scaffold	37526			contig23
GCF_901001165.1	Primary Assembly	Un			CAAJIE010000024.1	Chromosome		NW_021822153.1	unplaced-scaffold	37470			contig24
GCF_901001165.1	Primary Assembly	Un			CAAJIE010000025.1	Chromosome		NW_021822154.1	unplaced-scaffold	37272			contig25
GCF_901001165.1	Primary Assembly	Un			CAAJIE010000026.1	Chromosome		NW_021822155.1	unplaced-scaffold	37044			contig26
GCF_901001165.1	Primary Assembly	Un			CAAJIE010000027.1	Chromosome		NW_021822156.1	unplaced-scaffold	36950			contig27
GCF_901001165.1	Primary Assembly	Un			CAAJIE010000028.1	Chromosome		NW_021822157.1	unplaced-scaffold	37166			contig28
GCF_901001165.1	Primary Assembly	Un			CAAJIE010000029.1	Chromosome		NW_021822158.1	unplaced-scaffold	36956			contig29
GCF_901001165.1	Primary Assembly	Un			CAAJIE010000030.1	Chromosome		NW_021822159.1	unplaced-scaffold	36869			contig30
GCF_901001165.1	Primary Assembly	Un			CAAJIE010000031.1	Chromosome		NW_021822160.1	unplaced-scaffold	36753			contig31
GCF_901001165.1	Primary Assembly	Un			CAAJIE010000032.1	Chromosome		NW_021822161.1	unplaced-scaffold	36753			contig32
GCF_901001165.1	Primary Assembly	Un			CAAJIE010000033.1	Chromosome		NW_021822162.1	unplaced-scaffold	36896			contig33
GCF_901001165.1	Primary Assembly	Un			CAAJIE010000034.1	Chromosome		NW_021822163.1	unplaced-scaffold	36623			contig34
GCF_901001165.1	Primary Assembly	Un			CAAJIE010000035.1	Chromosome		NW_021822164.1	unplaced-scaffold	36814			contig35
GCF_901001165.1	Primary Assembly	Un			CAAJIE010000036.1	Chromosome		NW_021822165.1	unplaced-scaffold	36514			contig36
GCF_901001165.1	Primary Assembly	Un			CAAJIE010000037.1	Chromosome		NW_021822166.1	unplaced-scaffold	36597			contig37
GCF_901001165.1	Primary Assembly	Un			CAAJIE010000038.1	Chromosome		NW_021822167.1	unplaced-scaffold	37715			contig38
GCF_901001165.1	Primary Assembly	Un			CAAJIE010000039.1	Chromosome		NW_021822168.1	unplaced-scaffold	36414			contig39
GCF_901001165.1	Primary Assembly	Un			CAAJIE010000040.1	Chromosome		NW_021822169.1	unplaced-scaffold	36459			contig40
GCF_901001165.1	Primary Assembly	Un			CAAJIE010000041.1	Chromosome		NW_021822170.1	unplaced-scaffold	36254			contig41
GCF_901001165.1	Primary Assembly	Un			CAAJIE010000042.1	Chromosome		NW_021822171.1	unplaced-scaffold	36340			contig42
GCF_901001165.1	Primary Assembly	Un			CAAJIE010000043.1	Chromosome		NW_021822172.1	unplaced-scaffold	36286			contig43
GCF_901001165.1	Primary Assembly	Un			CAAJIE010000044.1	Chromosome		NW_021822173.1	unplaced-scaffold	36261			contig44
GCF_901001165.1	Primary Assembly	Un			CAAJIE010000045.1	Chromosome		NW_021822174.1	unplaced-scaffold	36298			contig45
GCF_901001165.1	Primary Assembly	Un			CAAJIE010000046.1	Chromosome		NW_021822175.1	unplaced-scaffold	36186			contig46
GCF_901001165.1	Primary Assembly	Un			CAAJIE010000047.1	Chromosome		NW_021822176.1	unplaced-scaffold	35918			contig47
GCF_901001165.1	Primary Assembly	Un			CAAJIE010000048.1	Chromosome		NW_021822177.1	unplaced-scaffold	36136			contig48
GCF_901001165.1	Primary Assembly	Un			CAAJIE010000049.1	Chromosome		NW_021822178.1	unplaced-scaffold	1095237			contig49
GCF_901001165.1	Primary Assembly	Un			CAAJIE010000050.1	Chromosome		NW_021822179.1	unplaced-scaffold	36209			contig50
GCF_901001165.1	Primary Assembly	Un			CAAJIE010000051.1	Chromosome		NW_021822180.1	unplaced-scaffold	36187			contig51
GCF_901001165.1	Primary Assembly	Un			CAAJIE010000052.1	Chromosome		NW_021822181.1	unplaced-scaffold	35864			contig52
GCF_901001165.1	Primary Assembly	Un			CAAJIE010000053.1	Chromosome		NW_021822182.1	unplaced-scaffold	36052			contig53
GCF_901001165.1	Primary Assembly	Un			CAAJIE010000054.1	Chromosome		NW_021822183.1	unplaced-scaffold	35890			contig54
GCF_901001165.1	Primary Assembly	Un			CAAJIE010000055.1	Chromosome		NW_021822184.1	unplaced-scaffold	35877			contig55
GCF_901001165.1	Primary Assembly	Un			CAAJIE010000056.1	Chromosome		NW_021822185.1	unplaced-scaffold	35840			contig56
GCF_901001165.1	Primary Assembly	Un			CAAJIE010000057.1	Chromosome		NW_021822186.1	unplaced-scaffold	35693			contig57
GCF_901001165.1	Primary Assembly	Un			CAAJIE010000058.1	Chromosome		NW_021822187.1	unplaced-scaffold	35700			contig58
GCF_901001165.1	Primary Assembly	Un			CAAJIE010000059.1	Chromosome		NW_021822188.1	unplaced-scaffold	35649			contig59
GCF_901001165.1	Primary Assembly	Un			CAAJIE010000060.1	Chromosome		NW_021822189.1	unplaced-scaffold	1079381			contig60
GCF_901001165.1	Primary Assembly	Un			CAAJIE010000061.1	Chromosome		NW_021822190.1	unplaced-scaffold	35574			contig61
GCF_901001165.1	Primary Assembly	Un			CAAJIE010000062.1	Chromosome		NW_021822191.1	unplaced-scaffold	35598			contig62
GCF_901001165.1	Primary Assembly	Un			CAAJIE010000063.1	Chromosome		NW_021822192.1	unplaced-scaffold	35483			contig63
GCF_901001165.1	Primary Assembly	Un			CAAJIE010000064.1	Chromosome		NW_021822193.1	unplaced-scaffold	35425			contig64
GCF_901001165.1	Primary Assembly	Un			CAAJIE010000065.1	Chromosome		NW_021822194.1	unplaced-scaffold	35648			contig65
GCF_901001165.1	Primary Assembly	Un			CAAJIE010000066.1	Chromosome		NW_021822195.1	unplaced-scaffold	35430			contig66
GCF_901001165.1	Primary Assembly	Un			CAAJIE010000067.1	Chromosome		NW_021822196.1	unplaced-scaffold	35368			contig67
GCF_901001165.1	Primary Assembly	Un			CAAJIE010000068.1	Chromosome		NW_021822197.1	unplaced-scaffold	35379			contig68
GCF_901001165.1	Primary Assembly	Un			CAAJIE010000069.1	Chromosome		NW_021822198.1	unplaced-scaffold	35334			contig69
GCF_901001165.1	Primary Assembly	Un			CAAJIE010000070.1	Chromosome		NW_021822199.1	unplaced-scaffold	35362			contig70
GCF_901001165.1	Primary Assembly	Un			CAAJIE010000071.1	Chromosome		NW_021822200.1	unplaced-scaffold	692429			contig71
GCF_901001165.1	Primary Assembly	Un			CAAJIE010000072.1	Chromosome		NW_021822201.1	unplaced-scaffold	35534			contig72
GCF_901001165.1	Primary Assembly	Un			CAAJIE010000073.1	Chromosome		NW_021822202.1	unplaced-scaffold	35315			contig73
GCF_901001165.1	Primary Assembly	Un			CAAJIE010000074.1	Chromosome		NW_021822203.1	unplaced-scaffold	35078			contig74
GCF_901001165.1	Primary Assembly	Un			CAAJIE010000075.1	Chromosome		NW_021822204.1	unplaced-scaffold	34588			contig75
GCF_901001165.1	Primary Assembly	Un			CAAJIE010000076.1	Chromosome		NW_021822205.1	unplaced-scaffold	35685			contig76
GCF_901001165.1	Primary Assembly	Un			CAAJIE010000077.1	Chromosome		NW_021822206.1	unplaced-scaffold	35016			contig77
GCF_901001165.1	Primary Assembly	Un			CAAJIE010000078.1	Chromosome		NW_021822207.1	unplaced-scaffold	35042			contig78
GCF_901001165.1	Primary Assembly	Un			CAAJIE010000079.1	Chromosome		NW_021822208.1	unplaced-scaffold	34976			contig79
GCF_901001165.1	Primary Assembly	Un			CAAJIE010000080.1	Chromosome		NW_021822209.1	unplaced-scaffold	35309			contig80
GCF_901001165.1	Primary Assembly	Un			CAAJIE010000081.1	Chromosome		NW_021822210.1	unplaced-scaffold	34688			contig81
GCF_901001165.1	Primary Assembly	Un			CAAJIE010000082.1	Chromosome		NW_021822211.1	unplaced-scaffold	1064445			contig82
GCF_901001165.1	Primary Assembly	Un			CAAJIE010000083.1	Chromosome		NW_021822212.1	unplaced-scaffold	34880			contig83
GCF_901001165.1	Primary Assembly	Un			CAAJIE010000084.1	Chromosome		NW_021822213.1	unplaced-scaffold	34851			contig84
GCF_901001165.1	Primary Assembly	Un			CAAJIE010000085.1	Chromosome		NW_021822214.1	unplaced-scaffold	34423			contig85
GCF_901001165.1	Primary Assembly	Un			CAAJIE010000086.1	Chromosome		NW_021822215.1	unplaced-scaffold	34889			contig86
GCF_901001165.1	Primary Assembly	Un			CAAJIE010000087.1	Chromosome		NW_021822216.1	unplaced-scaffold	34561			contig87
GCF_901001165.1	Primary Assembly	Un			CAAJIE010000088.1	Chromosome		NW_021822217.1	unplaced-scaffold	34484			contig88
GCF_901001165.1	Primary Assembly	Un			CAAJIE010000089.1	Chromosome		NW_021822218.1	unplaced-scaffold	34481			contig89
GCF_901001165.1	Primary Assembly	Un			CAAJIE010000090.1	Chromosome		NW_021822219.1	unplaced-scaffold	34225			contig90
GCF_901001165.1	Primary Assembly	Un			CAAJIE010000091.1	Chromosome		NW_021822220.1	unplaced-scaffold	34218			contig91
GCF_901001165.1	Primary Assembly	Un			CAAJIE010000092.1	Chromosome		NW_021822221.1	unplaced-scaffold	34239			contig92
GCF_901001165.1	Primary Assembly	Un			CAAJIE010000093.1	Chromosome		NW_021822222.1	unplaced-scaffold	1051655			contig93
GCF_901001165.1	Primary Assembly	Un			CAAJIE010000094.1	Chromosome		NW_021822223.1	unplaced-scaffold	34285			contig94
GCF_901001165.1	Primary Assembly	Un			CAAJIE010000095.1	Chromosome		NW_021822224.1	unplaced-scaffold	34112			contig95
GCF_901001165.1	Primary Assembly	Un			CAAJIE010000096.1	Chromosome		NW_021822225.1	unplaced-scaffold	34347			contig96
GCF_901001165.1	Primary Assembly	Un			CAAJIE010000097.1	Chromosome		NW_021822226.1	unplaced-scaffold	34423			contig97
GCF_901001165.1	Primary Assembly	Un			CAAJIE010000098.1	Chromosome		NW_021822227.1	unplaced-scaffold	33928			contig98
GCF_901001165.1	Primary Assembly	Un			CAAJIE010000099.1	Chromosome		NW_021822228.1	unplaced-scaffold	33964			contig99
GCF_901001165.1	Primary Assembly	Un			CAAJIE010000100.1	Chromosome		NW_021822229.1	unplaced-scaffold	33780			contig100
GCF_901001165.1	Primary Assembly	Un			CAAJIE010000101.1	Chromosome		NW_021822230.1	unplaced-scaffold	33731			contig101
GCF_901001165.1	Primary Assembly	Un			CAAJIE010000102.1	Chromosome		NW_021822231.1	unplaced-scaffold	33563			contig102
GCF_901001165.1	Primary Assembly	Un			CAAJIE010000103.1	Chromosome		NW_021822232.1	unplaced-scaffold	33624			contig103
GCF_901001165.1	Primary Assembly	Un			CAAJIE010000104.1	Chromosome		NW_021822233.1	unplaced-scaffold	1024606			contig104
GCF_901001165.1	Primary Assembly	Un			CAAJIE010000105.1	Chromosome		NW_021822234.1	unplaced-scaffold	33730			contig105
GCF_901001165.1	Primary Assembly	Un			CAAJIE010000106.1	Chromosome		NW_021822235.1	unplaced-scaffold	33438			contig106
GCF_901001165.1	Primary Assembly	Un			CAAJIE010000107.1	Chromosome		NW_021822236.1	unplaced-scaffold	33546			contig107
GCF_901001165.1	Primary Assembly	Un			CAAJIE010000108.1	Chromosome		NW_021822237.1	unplaced-scaffold	33515			contig108
GCF_901001165.1	Primary Assembly	Un			CAAJIE010000109.1	Chromosome		NW_021822238.1	unplaced-scaffold	33502			contig109
GCF_901001165.1	Primary Assembly	Un			CAAJIE010000110.1	Chromosome		NW_021822239.1	unplaced-scaffold	33403			contig110
GCF_901001165.1	Primary Assembly	Un			CAAJIE010000111.1	Chromosome		NW_021822240.1	unplaced-scaffold	33348			contig111
GCF_901001165.1	Primary Assembly	Un			CAAJIE010000112.1	Chromosome		NW_021822241.1	unplaced-scaffold	33846			contig112
GCF_901001165.1	Primary Assembly	Un			CAAJIE010000113.1	Chromosome		NW_021822242.1	unplaced-scaffold	33461			contig113
GCF_901001165.1	Primary Assembly	Un			CAAJIE010000114.1	Chromosome		NW_021822243.1	unplaced-scaffold	33551			contig114
GCF_901001165.1	Primary Assembly	Un			CAAJIE010000115.1	Chromosome		NW_021822244.1	unplaced-scaffold	971680			contig115
GCF_901001165.1	Primary Assembly	Un			CAAJIE010000116.1	Chromosome		NW_021822245.1	unplaced-scaffold	33308			contig116
GCF_901001165.1	Primary Assembly	Un			CAAJIE010000117.1	Chromosome		NW_021822246.1	unplaced-scaffold	33900			contig117
GCF_901001165.1	Primary Assembly	Un			CAAJIE010000118.1	Chromosome		NW_021822247.1	unplaced-scaffold	33198			contig118
GCF_901001165.1	Primary Assembly	Un			CAAJIE010000119.1	Chromosome		NW_021822248.1	unplaced-scaffold	33274			contig119
GCF_901001165.1	Primary Assembly	Un			CAAJIE010000120.1	Chromosome		NW_021822249.1	unplaced-scaffold	33076			contig120
GCF_901001165.1	Primary Assembly	Un			CAAJIE010000121.1	Chromosome		NW_021822250.1	unplaced-scaffold	33130			contig121
GCF_901001165.1	Primary Assembly	Un			CAAJIE010000122.1	Chromosome		NW_021822251.1	unplaced-scaffold	33131			contig122
GCF_901001165.1	Primary Assembly	Un			CAAJIE010000123.1	Chromosome		NW_021822252.1	unplaced-scaffold	33147			contig123
GCF_901001165.1	Primary Assembly	Un			CAAJIE010000124.1	Chromosome		NW_021822253.1	unplaced-scaffold	33146			contig124
GCF_901001165.1	Primary Assembly	Un			CAAJIE010000125.1	Chromosome		NW_021822254.1	unplaced-scaffold	33006			contig125
GCF_901001165.1	Primary Assembly	Un			CAAJIE010000126.1	Chromosome		NW_021822255.1	unplaced-scaffold	966806			contig126
GCF_901001165.1	Primary Assembly	Un			CAAJIE010000127.1	Chromosome		NW_021822256.1	unplaced-scaffold	32943			contig127
GCF_901001165.1	Primary Assembly	Un			CAAJIE010000128.1	Chromosome		NW_021822257.1	unplaced-scaffold	33053			contig128
GCF_901001165.1	Primary Assembly	Un			CAAJIE010000129.1	Chromosome		NW_021822258.1	unplaced-scaffold	32954			contig129
GCF_901001165.1	Primary Assembly	Un			CAAJIE010000130.1	Chromosome		NW_021822259.1	unplaced-scaffold	32914			contig130
GCF_901001165.1	Primary Assembly	Un			CAAJIE010000131.1	Chromosome		NW_021822260.1	unplaced-scaffold	32859			contig131
GCF_901001165.1	Primary Assembly	Un			CAAJIE010000132.1	Chromosome		NW_021822261.1	unplaced-scaffold	32867			contig132
GCF_901001165.1	Primary Assembly	Un			CAAJIE010000133.1	Chromosome		NW_021822262.1	unplaced-scaffold	32806			contig133
GCF_901001165.1	Primary Assembly	Un			CAAJIE010000134.1	Chromosome		NW_021822263.1	unplaced-scaffold	32756			contig134
GCF_901001165.1	Primary Assembly	Un			CAAJIE010000135.1	Chromosome		NW_021822264.1	unplaced-scaffold	32881			contig135
GCF_901001165.1	Primary Assembly	Un			CAAJIE010000136.1	Chromosome		NW_021822265.1	unplaced-scaffold	32696			contig136
GCF_901001165.1	Primary Assembly	Un			CAAJIE010000137.1	Chromosome		NW_021822266.1	unplaced-scaffold	956275			contig137
GCF_901001165.1	Primary Assembly	Un			CAAJIE010000138.1	Chromosome		NW_021822267.1	unplaced-scaffold	32873			contig138
GCF_901001165.1	Primary Assembly	Un			CAAJIE010000139.1	Chromosome		NW_021822268.1	unplaced-scaffold	32626			contig139
GCF_901001165.1	Primary Assembly	Un			CAAJIE010000140.1	Chromosome		NW_021822269.1	unplaced-scaffold	32511			contig140
GCF_901001165.1	Primary Assembly	Un			CAAJIE010000141.1	Chromosome		NW_021822270.1	unplaced-scaffold	32475			contig141
GCF_901001165.1	Primary Assembly	Un			CAAJIE010000142.1	Chromosome		NW_021822271.1	unplaced-scaffold	32383			contig142
GCF_901001165.1	Primary Assembly	Un			CAAJIE010000143.1	Chromosome		NW_021822272.1	unplaced-scaffold	32559			contig143
GCF_901001165.1	Primary Assembly	Un			CAAJIE010000144.1	Chromosome		NW_021822273.1	unplaced-scaffold	32455			contig144
GCF_901001165.1	Primary Assembly	Un			CAAJIE010000145.1	Chromosome		NW_021822274.1	unplaced-scaffold	32298			contig145
GCF_901001165.1	Primary Assembly	Un			CAAJIE010000146.1	Chromosome		NW_021822275.1	unplaced-scaffold	32316			contig146
GCF_901001165.1	Primary Assembly	Un			CAAJIE010000147.1	Chromosome		NW_021822276.1	unplaced-scaffold	32374			contig147
GCF_901001165.1	Primary Assembly	Un			CAAJIE010000148.1	Chromosome		NW_021822277.1	unplaced-scaffold	32286			contig148
GCF_901001165.1	Primary Assembly	Un			CAAJIE010000149.1	Chromosome		NW_021822278.1	unplaced-scaffold	32386			contig149
GCF_901001165.1	Primary Assembly	Un			CAAJIE010000150.1	Chromosome		NW_021822279.1	unplaced-scaffold	32289			contig150
GCF_901001165.1	Primary Assembly	Un			CAAJIE010000151.1	Chromosome		NW_021822280.1	unplaced-scaffold	32228			contig151
GCF_901001165.1	Primary Assembly	Un			CAAJIE010000152.1	Chromosome		NW_021822281.1	unplaced-scaffold	32152			contig152
GCF_901001165.1	Primary Assembly	Un			CAAJIE010000153.1	Chromosome		NW_021822282.1	unplaced-scaffold	32154			contig153
GCF_901001165.1	Primary Assembly	Un			CAAJIE010000154.1	Chromosome		NW_021822283.1	unplaced-scaffold	32126			contig154
GCF_901001165.1	Primary Assembly	Un			CAAJIE010000155.1	Chromosome		NW_021822284.1	unplaced-scaffold	31268			contig155
GCF_901001165.1	Primary Assembly	Un			CAAJIE010000156.1	Chromosome		NW_021822285.1	unplaced-scaffold	31977			contig156
GCF_901001165.1	Primary Assembly	Un			CAAJIE010000157.1	Chromosome		NW_021822286.1	unplaced-scaffold	31986			contig157
GCF_901001165.1	Primary Assembly	Un			CAAJIE010000158.1	Chromosome		NW_021822287.1	unplaced-scaffold	31939			contig158
GCF_901001165.1	Primary Assembly	Un			CAAJIE010000159.1	Chromosome		NW_021822288.1	unplaced-scaffold	31935			contig159
GCF_901001165.1	Primary Assembly	Un			CAAJIE010000160.1	Chromosome		NW_021822289.1	unplaced-scaffold	31875			contig160
GCF_901001165.1	Primary Assembly	Un			CAAJIE010000161.1	Chromosome		NW_021822290.1	unplaced-scaffold	31894			contig161
GCF_901001165.1	Primary Assembly	Un			CAAJIE010000162.1	Chromosome		NW_021822291.1	unplaced-scaffold	31827			contig162
GCF_901001165.1	Primary Assembly	Un			CAAJIE010000163.1	Chromosome		NW_021822292.1	unplaced-scaffold	31819			contig163
GCF_901001165.1	Primary Assembly	Un			CAAJIE010000164.1	Chromosome		NW_021822293.1	unplaced-scaffold	31797			contig164
GCF_901001165.1	Primary Assembly	Un			CAAJIE010000165.1	Chromosome		NW_021822294.1	unplaced-scaffold	31703			contig165
GCF_901001165.1	Primary Assembly	Un			CAAJIE010000166.1	Chromosome		NW_021822295.1	unplaced-scaffold	31788			contig166
GCF_901001165.1	Primary Assembly	Un			CAAJIE010000167.1	Chromosome		NW_021822296.1	unplaced-scaffold	31806			contig167
GCF_901001165.1	Primary Assembly	Un			CAAJIE010000168.1	Chromosome		NW_021822297.1	unplaced-scaffold	941317			contig168
GCF_901001165.1	Primary Assembly	Un			CAAJIE010000169.1	Chromosome		NW_021822298.1	unplaced-scaffold	31477			contig169
GCF_901001165.1	Primary Assembly	Un			CAAJIE010000170.1	Chromosome		NW_021822299.1	unplaced-scaffold	31546			contig170
GCF_901001165.1	Primary Assembly	Un			CAAJIE010000171.1	Chromosome		NW_021822300.1	unplaced-scaffold	31604			contig171
GCF_901001165.1	Primary Assembly	Un			CAAJIE010000172.1	Chromosome		NW_021822301.1	unplaced-scaffold	31493			contig172
GCF_901001165.1	Primary Assembly	Un			CAAJIE010000173.1	Chromosome		NW_021822302.1	unplaced-scaffold	31456			contig173
GCF_901001165.1	Primary Assembly	Un			CAAJIE010000174.1	Chromosome		NW_021822303.1	unplaced-scaffold	31348			contig174
GCF_901001165.1	Primary Assembly	Un			CAAJIE010000175.1	Chromosome		NW_021822304.1	unplaced-scaffold	31472			contig175
GCF_901001165.1	Primary Assembly	Un			CAAJIE010000176.1	Chromosome		NW_021822305.1	unplaced-scaffold	31294			contig176
GCF_901001165.1	Primary Assembly	Un			CAAJIE010000177.1	Chromosome		NW_021822306.1	unplaced-scaffold	31288			contig177
GCF_901001165.1	Primary Assembly	Un			CAAJIE010000178.1	Chromosome		NW_021822307.1	unplaced-scaffold	31456			contig178
GCF_901001165.1	Primary Assembly	Un			CAAJIE010000179.1	Chromosome		NW_021822308.1	unplaced-scaffold	940306			contig179
GCF_901001165.1	Primary Assembly	Un			CAAJIE010000180.1	Chromosome		NW_021822309.1	unplaced-scaffold	31352			contig180
GCF_901001165.1	Primary Assembly	Un			CAAJIE010000181.1	Chromosome		NW_021822310.1	unplaced-scaffold	31314			contig181
GCF_901001165.1	Primary Assembly	Un			CAAJIE010000182.1	Chromosome		NW_021822311.1	unplaced-scaffold	31415			contig182
GCF_901001165.1	Primary Assembly	Un			CAAJIE010000183.1	Chromosome		NW_021822312.1	unplaced-scaffold	31213			contig183
GCF_901001165.1	Primary Assembly	Un			CAAJIE010000184.1	Chromosome		NW_021822313.1	unplaced-scaffold	31208			contig184
GCF_901001165.1	Primary Assembly	Un			CAAJIE010000185.1	Chromosome		NW_021822314.1	unplaced-scaffold	31013			contig185
GCF_901001165.1	Primary Assembly	Un			CAAJIE010000186.1	Chromosome		NW_021822315.1	unplaced-scaffold	31046			contig186
GCF_901001165.1	Primary Assembly	Un			CAAJIE010000187.1	Chromosome		NW_021822316.1	unplaced-scaffold	30983			contig187
GCF_901001165.1	Primary Assembly	Un			CAAJIE010000188.1	Chromosome		NW_021822317.1	unplaced-scaffold	31008			contig188
GCF_901001165.1	Primary Assembly	Un			CAAJIE010000189.1	Chromosome		NW_021822318.1	unplaced-scaffold	30953			contig189
GCF_901001165.1	Primary Assembly	Un			CAAJIE010000190.1	Chromosome		NW_021822319.1	unplaced-scaffold	943909			contig190
GCF_901001165.1	Primary Assembly	Un			CAAJIE010000191.1	Chromosome		NW_021822320.1	unplaced-scaffold	30938			contig191
GCF_901001165.1	Primary Assembly	Un			CAAJIE010000192.1	Chromosome		NW_021822321.1	unplaced-scaffold	31456			contig192
GCF_901001165.1	Primary Assembly	Un			CAAJIE010000193.1	Chromosome		NW_021822322.1	unplaced-scaffold	30944			contig193
GCF_901001165.1	Primary Assembly	Un			CAAJIE010000194.1	Chromosome		NW_021822323.1	unplaced-scaffold	30884			contig194
GCF_901001165.1	Primary Assembly	Un			CAAJIE010000195.1	Chromosome		NW_021822324.1	unplaced-scaffold	30824			contig195
GCF_901001165.1	Primary Assembly	Un			CAAJIE010000196.1	Chromosome		NW_021822325.1	unplaced-scaffold	30453			contig196
GCF_901001165.1	Primary Assembly	Un			CAAJIE010000197.1	Chromosome		NW_021822326.1	unplaced-scaffold	30664			contig197
GCF_901001165.1	Primary Assembly	Un			CAAJIE010000198.1	Chromosome		NW_021822327.1	unplaced-scaffold	30726			contig198
GCF_901001165.1	Primary Assembly	Un			CAAJIE010000199.1	Chromosome		NW_021822328.1	unplaced-scaffold	31013			contig199
GCF_901001165.1	Primary Assembly	Un			CAAJIE010000200.1	Chromosome		NW_021822329.1	unplaced-scaffold	30666			contig200
GCF_901001165.1	Primary Assembly	Un			CAAJIE010000201.1	Chromosome		NW_021822330.1	unplaced-scaffold	30660			contig201
GCF_901001165.1	Primary Assembly	Un			CAAJIE010000202.1	Chromosome		NW_021822331.1	unplaced-scaffold	30614			contig202
GCF_901001165.1	Primary Assembly	Un			CAAJIE010000203.1	Chromosome		NW_021822332.1	unplaced-scaffold	30541			contig203
GCF_901001165.1	Primary Assembly	Un			CAAJIE010000204.1	Chromosome		NW_021822333.1	unplaced-scaffold	30937			contig204
GCF_901001165.1	Primary Assembly	Un			CAAJIE010000205.1	Chromosome		NW_021822334.1	unplaced-scaffold	30484			contig205
GCF_901001165.1	Primary Assembly	Un			CAAJIE010000206.1	Chromosome		NW_021822335.1	unplaced-scaffold	30408			contig206
GCF_901001165.1	Primary Assembly	Un			CAAJIE010000207.1	Chromosome		NW_021822336.1	unplaced-scaffold	30651			contig207
GCF_901001165.1	Primary Assembly	Un			CAAJIE010000208.1	Chromosome		NW_021822337.1	unplaced-scaffold	30583			contig208
GCF_901001165.1	Primary Assembly	Un			CAAJIE010000209.1	Chromosome		NW_021822338.1	unplaced-scaffold	30417			contig209
GCF_901001165.1	Primary Assembly	Un			CAAJIE010000210.1	Chromosome		NW_021822339.1	unplaced-scaffold	30418			contig210
GCF_901001165.1	Primary Assembly	Un			CAAJIE010000211.1	Chromosome		NW_021822340.1	unplaced-scaffold	910636			contig211
GCF_901001165.1	Primary Assembly	Un			CAAJIE010000212.1	Chromosome		NW_021822341.1	unplaced-scaffold	30377			contig212
GCF_901001165.1	Primary Assembly	Un			CAAJIE010000213.1	Chromosome		NW_021822342.1	unplaced-scaffold	30348			contig213
GCF_901001165.1	Primary Assembly	Un			CAAJIE010000214.1	Chromosome		NW_021822343.1	unplaced-scaffold	30356			contig214
GCF_901001165.1	Primary Assembly	Un			CAAJIE010000215.1	Chromosome		NW_021822344.1	unplaced-scaffold	30249			contig215
GCF_901001165.1	Primary Assembly	Un			CAAJIE010000216.1	Chromosome		NW_021822345.1	unplaced-scaffold	30257			contig216
GCF_901001165.1	Primary Assembly	Un			CAAJIE010000217.1	Chromosome		NW_021822346.1	unplaced-scaffold	30331			contig217
GCF_901001165.1	Primary Assembly	Un			CAAJIE010000218.1	Chromosome		NW_021822347.1	unplaced-scaffold	30240			contig218
GCF_901001165.1	Primary Assembly	Un			CAAJIE010000219.1	Chromosome		NW_021822348.1	unplaced-scaffold	30418			contig219
GCF_901001165.1	Primary Assembly	Un			CAAJIE010000220.1	Chromosome		NW_021822349.1	unplaced-scaffold	30504			contig220
GCF_901001165.1	Primary Assembly	Un			CAAJIE010000221.1	Chromosome		NW_021822350.1	unplaced-scaffold	30089			contig221
GCF_901001165.1	Primary Assembly	Un			CAAJIE010000222.1	Chromosome		NW_021822351.1	unplaced-scaffold	898009			contig222
GCF_901001165.1	Primary Assembly	Un			CAAJIE010000223.1	Chromosome		NW_021822352.1	unplaced-scaffold	30282			contig223
GCF_901001165.1	Primary Assembly	Un			CAAJIE010000224.1	Chromosome		NW_021822353.1	unplaced-scaffold	30081			contig224
GCF_901001165.1	Primary Assembly	Un			CAAJIE010000225.1	Chromosome		NW_021822354.1	unplaced-scaffold	30084			contig225
GCF_901001165.1	Primary Assembly	Un			CAAJIE010000226.1	Chromosome		NW_021822355.1	unplaced-scaffold	29972			contig226
GCF_901001165.1	Primary Assembly	Un			CAAJIE010000227.1	Chromosome		NW_021822356.1	unplaced-scaffold	30012			contig227
GCF_901001165.1	Primary Assembly	Un			CAAJIE010000228.1	Chromosome		NW_021822357.1	unplaced-scaffold	30111			contig228
GCF_901001165.1	Primary Assembly	Un			CAAJIE010000229.1	Chromosome		NW_021822358.1	unplaced-scaffold	29964			contig229
GCF_901001165.1	Primary Assembly	Un			CAAJIE010000230.1	Chromosome		NW_021822359.1	unplaced-scaffold	29826			contig230
GCF_901001165.1	Primary Assembly	Un			CAAJIE010000231.1	Chromosome		NW_021822360.1	unplaced-scaffold	29841			contig231
GCF_901001165.1	Primary Assembly	Un			CAAJIE010000232.1	Chromosome		NW_021822361.1	unplaced-scaffold	29893			contig232
GCF_901001165.1	Primary Assembly	Un			CAAJIE010000233.1	Chromosome		NW_021822362.1	unplaced-scaffold	885114			contig233
GCF_901001165.1	Primary Assembly	Un			CAAJIE010000234.1	Chromosome		NW_021822363.1	unplaced-scaffold	29879			contig234
GCF_901001165.1	Primary Assembly	Un			CAAJIE010000235.1	Chromosome		NW_021822364.1	unplaced-scaffold	29853			contig235
GCF_901001165.1	Primary Assembly	Un			CAAJIE010000236.1	Chromosome		NW_021822365.1	unplaced-scaffold	29199			contig236
GCF_901001165.1	Primary Assembly	Un			CAAJIE010000237.1	Chromosome		NW_021822366.1	unplaced-scaffold	29794			contig237
GCF_901001165.1	Primary Assembly	Un			CAAJIE010000238.1	Chromosome		NW_021822367.1	unplaced-scaffold	29766			contig238
GCF_901001165.1	Primary Assembly	Un			CAAJIE010000239.1	Chromosome		NW_021822368.1	unplaced-scaffold	29742			contig239
GCF_901001165.1	Primary Assembly	Un			CAAJIE010000240.1	Chromosome		NW_021822369.1	unplaced-scaffold	29736			contig240
GCF_901001165.1	Primary Assembly	Un			CAAJIE010000241.1	Chromosome		NW_021822370.1	unplaced-scaffold	29927			contig241
GCF_901001165.1	Primary Assembly	Un			CAAJIE010000242.1	Chromosome		NW_021822371.1	unplaced-scaffold	29715			contig242
GCF_901001165.1	Primary Assembly	Un			CAAJIE010000243.1	Chromosome		NW_021822372.1	unplaced-scaffold	29655			contig243
GCF_901001165.1	Primary Assembly	Un			CAAJIE010000244.1	Chromosome		NW_021822373.1	unplaced-scaffold	871018			contig244
GCF_901001165.1	Primary Assembly	Un			CAAJIE010000245.1	Chromosome		NW_021822374.1	unplaced-scaffold	29525			contig245
GCF_901001165.1	Primary Assembly	Un			CAAJIE010000246.1	Chromosome		NW_021822375.1	unplaced-scaffold	29419			contig246
GCF_901001165.1	Primary Assembly	Un			CAAJIE010000247.1	Chromosome		NW_021822376.1	unplaced-scaffold	29430			contig247
GCF_901001165.1	Primary Assembly	Un			CAAJIE010000248.1	Chromosome		NW_021822377.1	unplaced-scaffold	29285			contig248
GCF_901001165.1	Primary Assembly	Un			CAAJIE010000249.1	Chromosome		NW_021822378.1	unplaced-scaffold	29369			contig249
GCF_901001165.1	Primary Assembly	Un			CAAJIE010000250.1	Chromosome		NW_021822379.1	unplaced-scaffold	29413			contig250
GCF_901001165.1	Primary Assembly	Un			CAAJIE010000251.1	Chromosome		NW_021822380.1	unplaced-scaffold	29320			contig251
GCF_901001165.1	Primary Assembly	Un			CAAJIE010000252.1	Chromosome		NW_021822381.1	unplaced-scaffold	29203			contig252
GCF_901001165.1	Primary Assembly	Un			CAAJIE010000253.1	Chromosome		NW_021822382.1	unplaced-scaffold	29189			contig253
GCF_901001165.1	Primary Assembly	Un			CAAJIE010000254.1	Chromosome		NW_021822383.1	unplaced-scaffold	29171			contig254
GCF_901001165.1	Primary Assembly	Un			CAAJIE010000255.1	Chromosome		NW_021822384.1	unplaced-scaffold	830879			contig255
GCF_901001165.1	Primary Assembly	Un			CAAJIE010000256.1	Chromosome		NW_021822385.1	unplaced-scaffold	29270			contig256
GCF_901001165.1	Primary Assembly	Un			CAAJIE010000257.1	Chromosome		NW_021822386.1	unplaced-scaffold	29212			contig257
GCF_901001165.1	Primary Assembly	Un			CAAJIE010000258.1	Chromosome		NW_021822387.1	unplaced-scaffold	29090			contig258
GCF_901001165.1	Primary Assembly	Un			CAAJIE010000259.1	Chromosome		NW_021822388.1	unplaced-scaffold	29414			contig259
GCF_901001165.1	Primary Assembly	Un			CAAJIE010000260.1	Chromosome		NW_021822389.1	unplaced-scaffold	29491			contig260
GCF_901001165.1	Primary Assembly	Un			CAAJIE010000261.1	Chromosome		NW_021822390.1	unplaced-scaffold	28955			contig261
GCF_901001165.1	Primary Assembly	Un			CAAJIE010000262.1	Chromosome		NW_021822391.1	unplaced-scaffold	28999			contig262
GCF_901001165.1	Primary Assembly	Un			CAAJIE010000263.1	Chromosome		NW_021822392.1	unplaced-scaffold	29071			contig263
GCF_901001165.1	Primary Assembly	Un			CAAJIE010000264.1	Chromosome		NW_021822393.1	unplaced-scaffold	28985			contig264
GCF_901001165.1	Primary Assembly	Un			CAAJIE010000265.1	Chromosome		NW_021822394.1	unplaced-scaffold	28948			contig265
GCF_901001165.1	Primary Assembly	Un			CAAJIE010000266.1	Chromosome		NW_021822395.1	unplaced-scaffold	738284			contig266
GCF_901001165.1	Primary Assembly	Un			CAAJIE010000267.1	Chromosome		NW_021822396.1	unplaced-scaffold	28879			contig267
GCF_901001165.1	Primary Assembly	Un			CAAJIE010000268.1	Chromosome		NW_021822397.1	unplaced-scaffold	28857			contig268
GCF_901001165.1	Primary Assembly	Un			CAAJIE010000269.1	Chromosome		NW_021822398.1	unplaced-scaffold	28937			contig269
GCF_901001165.1	Primary Assembly	Un			CAAJIE010000270.1	Chromosome		NW_021822399.1	unplaced-scaffold	28650			contig270
GCF_901001165.1	Primary Assembly	Un			CAAJIE010000271.1	Chromosome		NW_021822400.1	unplaced-scaffold	28716			contig271
GCF_901001165.1	Primary Assembly	Un			CAAJIE010000272.1	Chromosome		NW_021822401.1	unplaced-scaffold	28608			contig272
GCF_901001165.1	Primary Assembly	Un			CAAJIE010000273.1	Chromosome		NW_021822402.1	unplaced-scaffold	28598			contig273
GCF_901001165.1	Primary Assembly	Un			CAAJIE010000274.1	Chromosome		NW_021822403.1	unplaced-scaffold	28586			contig274
GCF_901001165.1	Primary Assembly	Un			CAAJIE010000275.1	Chromosome		NW_021822404.1	unplaced-scaffold	28722			contig275
GCF_901001165.1	Primary Assembly	Un			CAAJIE010000276.1	Chromosome		NW_021822405.1	unplaced-scaffold	28479			contig276
GCF_901001165.1	Primary Assembly	Un			CAAJIE010000277.1	Chromosome		NW_021822406.1	unplaced-scaffold	801702			contig277
GCF_901001165.1	Primary Assembly	Un			CAAJIE010000278.1	Chromosome		NW_021822407.1	unplaced-scaffold	28390			contig278
GCF_901001165.1	Primary Assembly	Un			CAAJIE010000279.1	Chromosome		NW_021822408.1	unplaced-scaffold	28460			contig279
GCF_901001165.1	Primary Assembly	Un			CAAJIE010000280.1	Chromosome		NW_021822409.1	unplaced-scaffold	28251			contig280
GCF_901001165.1	Primary Assembly	Un			CAAJIE010000281.1	Chromosome		NW_021822410.1	unplaced-scaffold	28345			contig281
GCF_901001165.1	Primary Assembly	Un			CAAJIE010000282.1	Chromosome		NW_021822411.1	unplaced-scaffold	28292			contig282
GCF_901001165.1	Primary Assembly	Un			CAAJIE010000283.1	Chromosome		NW_021822412.1	unplaced-scaffold	28124			contig283
GCF_901001165.1	Primary Assembly	Un			CAAJIE010000284.1	Chromosome		NW_021822413.1	unplaced-scaffold	28178			contig284
GCF_901001165.1	Primary Assembly	Un			CAAJIE010000285.1	Chromosome		NW_021822414.1	unplaced-scaffold	27981			contig285
GCF_901001165.1	Primary Assembly	Un			CAAJIE010000286.1	Chromosome		NW_021822415.1	unplaced-scaffold	27975			contig286
GCF_901001165.1	Primary Assembly	Un			CAAJIE010000287.1	Chromosome		NW_021822416.1	unplaced-scaffold	27937			contig287
GCF_901001165.1	Primary Assembly	Un			CAAJIE010000288.1	Chromosome		NW_021822417.1	unplaced-scaffold	27802			contig288
GCF_901001165.1	Primary Assembly	Un			CAAJIE010000289.1	Chromosome		NW_021822418.1	unplaced-scaffold	27773			contig289
GCF_901001165.1	Primary Assembly	Un			CAAJIE010000290.1	Chromosome		NW_021822419.1	unplaced-scaffold	28032			contig290
GCF_901001165.1	Primary Assembly	Un			CAAJIE010000291.1	Chromosome		NW_021822420.1	unplaced-scaffold	27642			contig291
GCF_901001165.1	Primary Assembly	Un			CAAJIE010000292.1	Chromosome		NW_021822421.1	unplaced-scaffold	27666			contig292
GCF_901001165.1	Primary Assembly	Un			CAAJIE010000293.1	Chromosome		NW_021822422.1	unplaced-scaffold	27608			contig293
GCF_901001165.1	Primary Assembly	Un			CAAJIE010000294.1	Chromosome		NW_021822423.1	unplaced-scaffold	27599			contig294
GCF_901001165.1	Primary Assembly	Un			CAAJIE010000295.1	Chromosome		NW_021822424.1	unplaced-scaffold	27597			contig295
GCF_901001165.1	Primary Assembly	Un			CAAJIE010000296.1	Chromosome		NW_021822425.1	unplaced-scaffold	27453			contig296
GCF_901001165.1	Primary Assembly	Un			CAAJIE010000297.1	Chromosome		NW_021822426.1	unplaced-scaffold	27434			contig297
GCF_901001165.1	Primary Assembly	Un			CAAJIE010000298.1	Chromosome		NW_021822427.1	unplaced-scaffold	27421			contig298
GCF_901001165.1	Primary Assembly	Un			CAAJIE010000299.1	Chromosome		NW_021822428.1	unplaced-scaffold	27603			contig299
GCF_901001165.1	Primary Assembly	Un			CAAJIE010000300.1	Chromosome		NW_021822429.1	unplaced-scaffold	27607			contig300
GCF_901001165.1	Primary Assembly	Un			CAAJIE010000301.1	Chromosome		NW_021822430.1	unplaced-scaffold	27423			contig301
GCF_901001165.1	Primary Assembly	Un			CAAJIE010000302.1	Chromosome		NW_021822431.1	unplaced-scaffold	27368			contig302
GCF_901001165.1	Primary Assembly	Un			CAAJIE010000303.1	Chromosome		NW_021822432.1	unplaced-scaffold	27287			contig303
GCF_901001165.1	Primary Assembly	Un			CAAJIE010000304.1	Chromosome		NW_021822433.1	unplaced-scaffold	27376			contig304
GCF_901001165.1	Primary Assembly	Un			CAAJIE010000305.1	Chromosome		NW_021822434.1	unplaced-scaffold	27389			contig305
GCF_901001165.1	Primary Assembly	Un			CAAJIE010000306.1	Chromosome		NW_021822435.1	unplaced-scaffold	27321			contig306
GCF_901001165.1	Primary Assembly	Un			CAAJIE010000307.1	Chromosome		NW_021822436.1	unplaced-scaffold	27452			contig307
GCF_901001165.1	Primary Assembly	Un			CAAJIE010000308.1	Chromosome		NW_021822437.1	unplaced-scaffold	796403			contig308
GCF_901001165.1	Primary Assembly	Un			CAAJIE010000309.1	Chromosome		NW_021822438.1	unplaced-scaffold	27331			contig309
GCF_901001165.1	Primary Assembly	Un			CAAJIE010000310.1	Chromosome		NW_021822439.1	unplaced-scaffold	27665			contig310
GCF_901001165.1	Primary Assembly	Un			CAAJIE010000311.1	Chromosome		NW_021822440.1	unplaced-scaffold	27298			contig311
GCF_901001165.1	Primary Assembly	Un			CAAJIE010000312.1	Chromosome		NW_021822441.1	unplaced-scaffold	27750			contig312
GCF_901001165.1	Primary Assembly	Un			CAAJIE010000313.1	Chromosome		NW_021822442.1	unplaced-scaffold	27197			contig313
GCF_901001165.1	Primary Assembly	Un			CAAJIE010000314.1	Chromosome		NW_021822443.1	unplaced-scaffold	27125			contig314
GCF_901001165.1	Primary Assembly	Un			CAAJIE010000315.1	Chromosome		NW_021822444.1	unplaced-scaffold	27198			contig315
GCF_901001165.1	Primary Assembly	Un			CAAJIE010000316.1	Chromosome		NW_021822445.1	unplaced-scaffold	27067			contig316
GCF_901001165.1	Primary Assembly	Un			CAAJIE010000317.1	Chromosome		NW_021822446.1	unplaced-scaffold	27044			contig317
GCF_901001165.1	Primary Assembly	Un			CAAJIE010000318.1	Chromosome		NW_021822447.1	unplaced-scaffold	27026			contig318
GCF_901001165.1	Primary Assembly	Un			CAAJIE010000319.1	Chromosome		NW_021822448.1	unplaced-scaffold	26961			contig319
GCF_901001165.1	Primary Assembly	Un			CAAJIE010000320.1	Chromosome		NW_021822449.1	unplaced-scaffold	26985			contig320
GCF_901001165.1	Primary Assembly	Un			CAAJIE010000321.1	Chromosome		NW_021822450.1	unplaced-scaffold	26960			contig321
GCF_901001165.1	Primary Assembly	Un			CAAJIE010000322.1	Chromosome		NW_021822451.1	unplaced-scaffold	27010			contig322
GCF_901001165.1	Primary Assembly	Un			CAAJIE010000323.1	Chromosome		NW_021822452.1	unplaced-scaffold	26870			contig323
GCF_901001165.1	Primary Assembly	Un			CAAJIE010000324.1	Chromosome		NW_021822453.1	unplaced-scaffold	26798			contig324
GCF_901001165.1	Primary Assembly	Un			CAAJIE010000325.1	Chromosome		NW_021822454.1	unplaced-scaffold	26847			contig325
GCF_901001165.1	Primary Assembly	Un			CAAJIE010000326.1	Chromosome		NW_021822455.1	unplaced-scaffold	26745			contig326
GCF_901001165.1	Primary Assembly	Un			CAAJIE010000327.1	Chromosome		NW_021822456.1	unplaced-scaffold	26726			contig327
GCF_901001165.1	Primary Assembly	Un			CAAJIE010000328.1	Chromosome		NW_021822457.1	unplaced-scaffold	26630			contig328
GCF_901001165.1	Primary Assembly	Un			CAAJIE010000329.1	Chromosome		NW_021822458.1	unplaced-scaffold	541368			contig329
GCF_901001165.1	Primary Assembly	Un			CAAJIE010000330.1	Chromosome		NW_021822459.1	unplaced-scaffold	26762			contig330
GCF_901001165.1	Primary Assembly	Un			CAAJIE010000331.1	Chromosome		NW_021822460.1	unplaced-scaffold	26601			contig331
GCF_901001165.1	Primary Assembly	Un			CAAJIE010000332.1	Chromosome		NW_021822461.1	unplaced-scaffold	26598			contig332
GCF_901001165.1	Primary Assembly	Un			CAAJIE010000333.1	Chromosome		NW_021822462.1	unplaced-scaffold	26754			contig333
GCF_901001165.1	Primary Assembly	Un			CAAJIE010000334.1	Chromosome		NW_021822463.1	unplaced-scaffold	26520			contig334
GCF_901001165.1	Primary Assembly	Un			CAAJIE010000335.1	Chromosome		NW_021822464.1	unplaced-scaffold	26471			contig335
GCF_901001165.1	Primary Assembly	Un			CAAJIE010000336.1	Chromosome		NW_021822465.1	unplaced-scaffold	26583			contig336
GCF_901001165.1	Primary Assembly	Un			CAAJIE010000337.1	Chromosome		NW_021822466.1	unplaced-scaffold	26507			contig337
GCF_901001165.1	Primary Assembly	Un			CAAJIE010000338.1	Chromosome		NW_021822467.1	unplaced-scaffold	26191			contig338
GCF_901001165.1	Primary Assembly	Un			CAAJIE010000339.1	Chromosome		NW_021822468.1	unplaced-scaffold	26276			contig339
GCF_901001165.1	Primary Assembly	Un			CAAJIE010000340.1	Chromosome		NW_021822469.1	unplaced-scaffold	772549			contig340
GCF_901001165.1	Primary Assembly	Un			CAAJIE010000341.1	Chromosome		NW_021822470.1	unplaced-scaffold	26098			contig341
GCF_901001165.1	Primary Assembly	Un			CAAJIE010000342.1	Chromosome		NW_021822471.1	unplaced-scaffold	25872			contig342
GCF_901001165.1	Primary Assembly	Un			CAAJIE010000343.1	Chromosome		NW_021822472.1	unplaced-scaffold	25978			contig343
GCF_901001165.1	Primary Assembly	Un			CAAJIE010000344.1	Chromosome		NW_021822473.1	unplaced-scaffold	25840			contig344
GCF_901001165.1	Primary Assembly	Un			CAAJIE010000345.1	Chromosome		NW_021822474.1	unplaced-scaffold	25879			contig345
GCF_901001165.1	Primary Assembly	Un			CAAJIE010000346.1	Chromosome		NW_021822475.1	unplaced-scaffold	25878			contig346
GCF_901001165.1	Primary Assembly	Un			CAAJIE010000347.1	Chromosome		NW_021822476.1	unplaced-scaffold	25756			contig347
GCF_901001165.1	Primary Assembly	Un			CAAJIE010000348.1	Chromosome		NW_021822477.1	unplaced-scaffold	25763			contig348
GCF_901001165.1	Primary Assembly	Un			CAAJIE010000349.1	Chromosome		NW_021822478.1	unplaced-scaffold	25674			contig349
GCF_901001165.1	Primary Assembly	Un			CAAJIE010000350.1	Chromosome		NW_021822479.1	unplaced-scaffold	25699			contig350
GCF_901001165.1	Primary Assembly	Un			CAAJIE010000351.1	Chromosome		NW_021822480.1	unplaced-scaffold	757280			contig351
GCF_901001165.1	Primary Assembly	Un			CAAJIE010000352.1	Chromosome		NW_021822481.1	unplaced-scaffold	25712			contig352
GCF_901001165.1	Primary Assembly	Un			CAAJIE010000353.1	Chromosome		NW_021822482.1	unplaced-scaffold	25601			contig353
GCF_901001165.1	Primary Assembly	Un			CAAJIE010000354.1	Chromosome		NW_021822483.1	unplaced-scaffold	25948			contig354
GCF_901001165.1	Primary Assembly	Un			CAAJIE010000355.1	Chromosome		NW_021822484.1	unplaced-scaffold	25580			contig355
GCF_901001165.1	Primary Assembly	Un			CAAJIE010000356.1	Chromosome		NW_021822485.1	unplaced-scaffold	25160			contig356
GCF_901001165.1	Primary Assembly	Un			CAAJIE010000357.1	Chromosome		NW_021822486.1	unplaced-scaffold	25545			contig357
GCF_901001165.1	Primary Assembly	Un			CAAJIE010000358.1	Chromosome		NW_021822487.1	unplaced-scaffold	25622			contig358
GCF_901001165.1	Primary Assembly	Un			CAAJIE010000359.1	Chromosome		NW_021822488.1	unplaced-scaffold	25804			contig359
GCF_901001165.1	Primary Assembly	Un			CAAJIE010000360.1	Chromosome		NW_021822489.1	unplaced-scaffold	25475			contig360
GCF_901001165.1	Primary Assembly	Un			CAAJIE010000361.1	Chromosome		NW_021822490.1	unplaced-scaffold	25510			contig361
GCF_901001165.1	Primary Assembly	Un			CAAJIE010000362.1	Chromosome		NW_021822491.1	unplaced-scaffold	25549			contig362
GCF_901001165.1	Primary Assembly	Un			CAAJIE010000363.1	Chromosome		NW_021822492.1	unplaced-scaffold	25407			contig363
GCF_901001165.1	Primary Assembly	Un			CAAJIE010000364.1	Chromosome		NW_021822493.1	unplaced-scaffold	25425			contig364
GCF_901001165.1	Primary Assembly	Un			CAAJIE010000365.1	Chromosome		NW_021822494.1	unplaced-scaffold	25370			contig365
GCF_901001165.1	Primary Assembly	Un			CAAJIE010000366.1	Chromosome		NW_021822495.1	unplaced-scaffold	25570			contig366
GCF_901001165.1	Primary Assembly	Un			CAAJIE010000367.1	Chromosome		NW_021822496.1	unplaced-scaffold	25104			contig367
GCF_901001165.1	Primary Assembly	Un			CAAJIE010000368.1	Chromosome		NW_021822497.1	unplaced-scaffold	25110			contig368
GCF_901001165.1	Primary Assembly	Un			CAAJIE010000369.1	Chromosome		NW_021822498.1	unplaced-scaffold	25034			contig369
GCF_901001165.1	Primary Assembly	Un			CAAJIE010000370.1	Chromosome		NW_021822499.1	unplaced-scaffold	25022			contig370
GCF_901001165.1	Primary Assembly	Un			CAAJIE010000371.1	Chromosome		NW_021822500.1	unplaced-scaffold	25049			contig371
GCF_901001165.1	Primary Assembly	Un			CAAJIE010000372.1	Chromosome		NW_021822501.1	unplaced-scaffold	24988			contig372
GCF_901001165.1	Primary Assembly	Un			CAAJIE010000373.1	Chromosome		NW_021822502.1	unplaced-scaffold	25016			contig373
GCF_901001165.1	Primary Assembly	Un			CAAJIE010000374.1	Chromosome		NW_021822503.1	unplaced-scaffold	25270			contig374
GCF_901001165.1	Primary Assembly	Un			CAAJIE010000375.1	Chromosome		NW_021822504.1	unplaced-scaffold	24740			contig375
GCF_901001165.1	Primary Assembly	Un			CAAJIE010000376.1	Chromosome		NW_021822505.1	unplaced-scaffold	24771			contig376
GCF_901001165.1	Primary Assembly	Un			CAAJIE010000377.1	Chromosome		NW_021822506.1	unplaced-scaffold	24941			contig377
GCF_901001165.1	Primary Assembly	Un			CAAJIE010000378.1	Chromosome		NW_021822507.1	unplaced-scaffold	25377			contig378
GCF_901001165.1	Primary Assembly	Un			CAAJIE010000379.1	Chromosome		NW_021822508.1	unplaced-scaffold	24851			contig379
GCF_901001165.1	Primary Assembly	Un			CAAJIE010000380.1	Chromosome		NW_021822509.1	unplaced-scaffold	24721			contig380
GCF_901001165.1	Primary Assembly	Un			CAAJIE010000381.1	Chromosome		NW_021822510.1	unplaced-scaffold	24652			contig381
GCF_901001165.1	Primary Assembly	Un			CAAJIE010000382.1	Chromosome		NW_021822511.1	unplaced-scaffold	740993			contig382
GCF_901001165.1	Primary Assembly	Un			CAAJIE010000383.1	Chromosome		NW_021822512.1	unplaced-scaffold	24686			contig383
GCF_901001165.1	Primary Assembly	Un			CAAJIE010000384.1	Chromosome		NW_021822513.1	unplaced-scaffold	24646			contig384
GCF_901001165.1	Primary Assembly	Un			CAAJIE010000385.1	Chromosome		NW_021822514.1	unplaced-scaffold	24633			contig385
GCF_901001165.1	Primary Assembly	Un			CAAJIE010000386.1	Chromosome		NW_021822515.1	unplaced-scaffold	24639			contig386
GCF_901001165.1	Primary Assembly	Un			CAAJIE010000387.1	Chromosome		NW_021822516.1	unplaced-scaffold	24569			contig387
GCF_901001165.1	Primary Assembly	Un			CAAJIE010000388.1	Chromosome		NW_021822517.1	unplaced-scaffold	24822			contig388
GCF_901001165.1	Primary Assembly	Un			CAAJIE010000389.1	Chromosome		NW_021822518.1	unplaced-scaffold	24567			contig389
GCF_901001165.1	Primary Assembly	Un			CAAJIE010000390.1	Chromosome		NW_021822519.1	unplaced-scaffold	24502			contig390
GCF_901001165.1	Primary Assembly	Un			CAAJIE010000391.1	Chromosome		NW_021822520.1	unplaced-scaffold	24258			contig391
GCF_901001165.1	Primary Assembly	Un			CAAJIE010000392.1	Chromosome		NW_021822521.1	unplaced-scaffold	688903			contig392
GCF_901001165.1	Primary Assembly	Un			CAAJIE010000393.1	Chromosome		NW_021822522.1	unplaced-scaffold	24315			contig393
GCF_901001165.1	Primary Assembly	Un			CAAJIE010000394.1	Chromosome		NW_021822523.1	unplaced-scaffold	24316			contig394
GCF_901001165.1	Primary Assembly	Un			CAAJIE010000395.1	Chromosome		NW_021822524.1	unplaced-scaffold	24358			contig395
GCF_901001165.1	Primary Assembly	Un			CAAJIE010000396.1	Chromosome		NW_021822525.1	unplaced-scaffold	24470			contig396
GCF_901001165.1	Primary Assembly	Un			CAAJIE010000397.1	Chromosome		NW_021822526.1	unplaced-scaffold	24221			contig397
GCF_901001165.1	Primary Assembly	Un			CAAJIE010000398.1	Chromosome		NW_021822527.1	unplaced-scaffold	24144			contig398
GCF_901001165.1	Primary Assembly	Un			CAAJIE010000399.1	Chromosome		NW_021822528.1	unplaced-scaffold	24231			contig399
GCF_901001165.1	Primary Assembly	Un			CAAJIE010000400.1	Chromosome		NW_021822529.1	unplaced-scaffold	24097			contig400
GCF_901001165.1	Primary Assembly	Un			CAAJIE010000401.1	Chromosome		NW_021822530.1	unplaced-scaffold	24047			contig401
GCF_901001165.1	Primary Assembly	Un			CAAJIE010000402.1	Chromosome		NW_021822531.1	unplaced-scaffold	24018			contig402
GCF_901001165.1	Primary Assembly	Un			CAAJIE010000403.1	Chromosome		NW_021822532.1	unplaced-scaffold	711590			contig403
GCF_901001165.1	Primary Assembly	Un			CAAJIE010000404.1	Chromosome		NW_021822533.1	unplaced-scaffold	24012			contig404
GCF_901001165.1	Primary Assembly	Un			CAAJIE010000405.1	Chromosome		NW_021822534.1	unplaced-scaffold	24041			contig405
GCF_901001165.1	Primary Assembly	Un			CAAJIE010000406.1	Chromosome		NW_021822535.1	unplaced-scaffold	23871			contig406
GCF_901001165.1	Primary Assembly	Un			CAAJIE010000407.1	Chromosome		NW_021822536.1	unplaced-scaffold	23850			contig407
GCF_901001165.1	Primary Assembly	Un			CAAJIE010000408.1	Chromosome		NW_021822537.1	unplaced-scaffold	23806			contig408
GCF_901001165.1	Primary Assembly	Un			CAAJIE010000409.1	Chromosome		NW_021822538.1	unplaced-scaffold	23803			contig409
GCF_901001165.1	Primary Assembly	Un			CAAJIE010000410.1	Chromosome		NW_021822539.1	unplaced-scaffold	23762			contig410
GCF_901001165.1	Primary Assembly	Un			CAAJIE010000411.1	Chromosome		NW_021822540.1	unplaced-scaffold	23846			contig411
GCF_901001165.1	Primary Assembly	Un			CAAJIE010000412.1	Chromosome		NW_021822541.1	unplaced-scaffold	23630			contig412
GCF_901001165.1	Primary Assembly	Un			CAAJIE010000413.1	Chromosome		NW_021822542.1	unplaced-scaffold	23626			contig413
GCF_901001165.1	Primary Assembly	Un			CAAJIE010000414.1	Chromosome		NW_021822543.1	unplaced-scaffold	709421			contig414
GCF_901001165.1	Primary Assembly	Un			CAAJIE010000415.1	Chromosome		NW_021822544.1	unplaced-scaffold	23626			contig415
GCF_901001165.1	Primary Assembly	Un			CAAJIE010000416.1	Chromosome		NW_021822545.1	unplaced-scaffold	23587			contig416
GCF_901001165.1	Primary Assembly	Un			CAAJIE010000417.1	Chromosome		NW_021822546.1	unplaced-scaffold	23584			contig417
GCF_901001165.1	Primary Assembly	Un			CAAJIE010000418.1	Chromosome		NW_021822547.1	unplaced-scaffold	23614			contig418
GCF_901001165.1	Primary Assembly	Un			CAAJIE010000419.1	Chromosome		NW_021822548.1	unplaced-scaffold	23485			contig419
GCF_901001165.1	Primary Assembly	Un			CAAJIE010000420.1	Chromosome		NW_021822549.1	unplaced-scaffold	23462			contig420
GCF_901001165.1	Primary Assembly	Un			CAAJIE010000421.1	Chromosome		NW_021822550.1	unplaced-scaffold	23417			contig421
GCF_901001165.1	Primary Assembly	Un			CAAJIE010000422.1	Chromosome		NW_021822551.1	unplaced-scaffold	23407			contig422
GCF_901001165.1	Primary Assembly	Un			CAAJIE010000423.1	Chromosome		NW_021822552.1	unplaced-scaffold	23332			contig423
GCF_901001165.1	Primary Assembly	Un			CAAJIE010000424.1	Chromosome		NW_021822553.1	unplaced-scaffold	23360			contig424
GCF_901001165.1	Primary Assembly	Un			CAAJIE010000425.1	Chromosome		NW_021822554.1	unplaced-scaffold	547844			contig425
GCF_901001165.1	Primary Assembly	Un			CAAJIE010000426.1	Chromosome		NW_021822555.1	unplaced-scaffold	23437			contig426
GCF_901001165.1	Primary Assembly	Un			CAAJIE010000427.1	Chromosome		NW_021822556.1	unplaced-scaffold	23361			contig427
GCF_901001165.1	Primary Assembly	Un			CAAJIE010000428.1	Chromosome		NW_021822557.1	unplaced-scaffold	23277			contig428
GCF_901001165.1	Primary Assembly	Un			CAAJIE010000429.1	Chromosome		NW_021822558.1	unplaced-scaffold	23229			contig429
GCF_901001165.1	Primary Assembly	Un			CAAJIE010000430.1	Chromosome		NW_021822559.1	unplaced-scaffold	23208			contig430
GCF_901001165.1	Primary Assembly	Un			CAAJIE010000431.1	Chromosome		NW_021822560.1	unplaced-scaffold	23197			contig431
GCF_901001165.1	Primary Assembly	Un			CAAJIE010000432.1	Chromosome		NW_021822561.1	unplaced-scaffold	23221			contig432
GCF_901001165.1	Primary Assembly	Un			CAAJIE010000433.1	Chromosome		NW_021822562.1	unplaced-scaffold	23016			contig433
GCF_901001165.1	Primary Assembly	Un			CAAJIE010000434.1	Chromosome		NW_021822563.1	unplaced-scaffold	23092			contig434
GCF_901001165.1	Primary Assembly	Un			CAAJIE010000435.1	Chromosome		NW_021822564.1	unplaced-scaffold	22900			contig435
GCF_901001165.1	Primary Assembly	Un			CAAJIE010000436.1	Chromosome		NW_021822565.1	unplaced-scaffold	694601			contig436
GCF_901001165.1	Primary Assembly	Un			CAAJIE010000437.1	Chromosome		NW_021822566.1	unplaced-scaffold	23010			contig437
GCF_901001165.1	Primary Assembly	Un			CAAJIE010000438.1	Chromosome		NW_021822567.1	unplaced-scaffold	22828			contig438
GCF_901001165.1	Primary Assembly	Un			CAAJIE010000439.1	Chromosome		NW_021822568.1	unplaced-scaffold	22757			contig439
GCF_901001165.1	Primary Assembly	Un			CAAJIE010000440.1	Chromosome		NW_021822569.1	unplaced-scaffold	23063			contig440
GCF_901001165.1	Primary Assembly	Un			CAAJIE010000441.1	Chromosome		NW_021822570.1	unplaced-scaffold	22728			contig441
GCF_901001165.1	Primary Assembly	Un			CAAJIE010000442.1	Chromosome		NW_021822571.1	unplaced-scaffold	22938			contig442
GCF_901001165.1	Primary Assembly	Un			CAAJIE010000443.1	Chromosome		NW_021822572.1	unplaced-scaffold	22654			contig443
GCF_901001165.1	Primary Assembly	Un			CAAJIE010000444.1	Chromosome		NW_021822573.1	unplaced-scaffold	22688			contig444
GCF_901001165.1	Primary Assembly	Un			CAAJIE010000445.1	Chromosome		NW_021822574.1	unplaced-scaffold	22524			contig445
GCF_901001165.1	Primary Assembly	Un			CAAJIE010000446.1	Chromosome		NW_021822575.1	unplaced-scaffold	22508			contig446
GCF_901001165.1	Primary Assembly	Un			CAAJIE010000447.1	Chromosome		NW_021822576.1	unplaced-scaffold	693525			contig447
GCF_901001165.1	Primary Assembly	Un			CAAJIE010000448.1	Chromosome		NW_021822577.1	unplaced-scaffold	22470			contig448
GCF_901001165.1	Primary Assembly	Un			CAAJIE010000449.1	Chromosome		NW_021822578.1	unplaced-scaffold	22518			contig449
GCF_901001165.1	Primary Assembly	Un			CAAJIE010000450.1	Chromosome		NW_021822579.1	unplaced-scaffold	22431			contig450
GCF_901001165.1	Primary Assembly	Un			CAAJIE010000451.1	Chromosome		NW_021822580.1	unplaced-scaffold	22408			contig451
GCF_901001165.1	Primary Assembly	Un			CAAJIE010000452.1	Chromosome		NW_021822581.1	unplaced-scaffold	22352			contig452
GCF_901001165.1	Primary Assembly	Un			CAAJIE010000453.1	Chromosome		NW_021822582.1	unplaced-scaffold	22583			contig453
GCF_901001165.1	Primary Assembly	Un			CAAJIE010000454.1	Chromosome		NW_021822583.1	unplaced-scaffold	22374			contig454
GCF_901001165.1	Primary Assembly	Un			CAAJIE010000455.1	Chromosome		NW_021822584.1	unplaced-scaffold	22272			contig455
GCF_901001165.1	Primary Assembly	Un			CAAJIE010000456.1	Chromosome		NW_021822585.1	unplaced-scaffold	22154			contig456
GCF_901001165.1	Primary Assembly	Un			CAAJIE010000457.1	Chromosome		NW_021822586.1	unplaced-scaffold	22146			contig457
GCF_901001165.1	Primary Assembly	Un			CAAJIE010000458.1	Chromosome		NW_021822587.1	unplaced-scaffold	22124			contig458
GCF_901001165.1	Primary Assembly	Un			CAAJIE010000459.1	Chromosome		NW_021822588.1	unplaced-scaffold	22127			contig459
GCF_901001165.1	Primary Assembly	Un			CAAJIE010000460.1	Chromosome		NW_021822589.1	unplaced-scaffold	22084			contig460
GCF_901001165.1	Primary Assembly	Un			CAAJIE010000461.1	Chromosome		NW_021822590.1	unplaced-scaffold	22069			contig461
GCF_901001165.1	Primary Assembly	Un			CAAJIE010000462.1	Chromosome		NW_021822591.1	unplaced-scaffold	22043			contig462
GCF_901001165.1	Primary Assembly	Un			CAAJIE010000463.1	Chromosome		NW_021822592.1	unplaced-scaffold	22021			contig463
GCF_901001165.1	Primary Assembly	Un			CAAJIE010000464.1	Chromosome		NW_021822593.1	unplaced-scaffold	22031			contig464
GCF_901001165.1	Primary Assembly	Un			CAAJIE010000465.1	Chromosome		NW_021822594.1	unplaced-scaffold	22058			contig465
GCF_901001165.1	Primary Assembly	Un			CAAJIE010000466.1	Chromosome		NW_021822595.1	unplaced-scaffold	21839			contig466
GCF_901001165.1	Primary Assembly	Un			CAAJIE010000467.1	Chromosome		NW_021822596.1	unplaced-scaffold	22170			contig467
GCF_901001165.1	Primary Assembly	Un			CAAJIE010000468.1	Chromosome		NW_021822597.1	unplaced-scaffold	624746			contig468
GCF_901001165.1	Primary Assembly	Un			CAAJIE010000469.1	Chromosome		NW_021822598.1	unplaced-scaffold	22038			contig469
GCF_901001165.1	Primary Assembly	Un			CAAJIE010000470.1	Chromosome		NW_021822599.1	unplaced-scaffold	21816			contig470
GCF_901001165.1	Primary Assembly	Un			CAAJIE010000471.1	Chromosome		NW_021822600.1	unplaced-scaffold	21791			contig471
GCF_901001165.1	Primary Assembly	Un			CAAJIE010000472.1	Chromosome		NW_021822601.1	unplaced-scaffold	21850			contig472
GCF_901001165.1	Primary Assembly	Un			CAAJIE010000473.1	Chromosome		NW_021822602.1	unplaced-scaffold	21911			contig473
GCF_901001165.1	Primary Assembly	Un			CAAJIE010000474.1	Chromosome		NW_021822603.1	unplaced-scaffold	21650			contig474
GCF_901001165.1	Primary Assembly	Un			CAAJIE010000475.1	Chromosome		NW_021822604.1	unplaced-scaffold	21645			contig475
GCF_901001165.1	Primary Assembly	Un			CAAJIE010000476.1	Chromosome		NW_021822605.1	unplaced-scaffold	21558			contig476
GCF_901001165.1	Primary Assembly	Un			CAAJIE010000477.1	Chromosome		NW_021822606.1	unplaced-scaffold	21682			contig477
GCF_901001165.1	Primary Assembly	Un			CAAJIE010000478.1	Chromosome		NW_021822607.1	unplaced-scaffold	21520			contig478
GCF_901001165.1	Primary Assembly	Un			CAAJIE010000479.1	Chromosome		NW_021822608.1	unplaced-scaffold	623469			contig479
GCF_901001165.1	Primary Assembly	Un			CAAJIE010000480.1	Chromosome		NW_021822609.1	unplaced-scaffold	21512			contig480
GCF_901001165.1	Primary Assembly	Un			CAAJIE010000481.1	Chromosome		NW_021822610.1	unplaced-scaffold	21814			contig481
GCF_901001165.1	Primary Assembly	Un			CAAJIE010000482.1	Chromosome		NW_021822611.1	unplaced-scaffold	21464			contig482
GCF_901001165.1	Primary Assembly	Un			CAAJIE010000483.1	Chromosome		NW_021822612.1	unplaced-scaffold	21697			contig483
GCF_901001165.1	Primary Assembly	Un			CAAJIE010000484.1	Chromosome		NW_021822613.1	unplaced-scaffold	21402			contig484
GCF_901001165.1	Primary Assembly	Un			CAAJIE010000485.1	Chromosome		NW_021822614.1	unplaced-scaffold	21470			contig485
GCF_901001165.1	Primary Assembly	Un			CAAJIE010000486.1	Chromosome		NW_021822615.1	unplaced-scaffold	21422			contig486
GCF_901001165.1	Primary Assembly	Un			CAAJIE010000487.1	Chromosome		NW_021822616.1	unplaced-scaffold	21353			contig487
GCF_901001165.1	Primary Assembly	Un			CAAJIE010000488.1	Chromosome		NW_021822617.1	unplaced-scaffold	21317			contig488
GCF_901001165.1	Primary Assembly	Un			CAAJIE010000489.1	Chromosome		NW_021822618.1	unplaced-scaffold	21281			contig489
GCF_901001165.1	Primary Assembly	Un			CAAJIE010000490.1	Chromosome		NW_021822619.1	unplaced-scaffold	624441			contig490
GCF_901001165.1	Primary Assembly	Un			CAAJIE010000491.1	Chromosome		NW_021822620.1	unplaced-scaffold	21268			contig491
GCF_901001165.1	Primary Assembly	Un			CAAJIE010000492.1	Chromosome		NW_021822621.1	unplaced-scaffold	21361			contig492
GCF_901001165.1	Primary Assembly	Un			CAAJIE010000493.1	Chromosome		NW_021822622.1	unplaced-scaffold	21196			contig493
GCF_901001165.1	Primary Assembly	Un			CAAJIE010000494.1	Chromosome		NW_021822623.1	unplaced-scaffold	21183			contig494
GCF_901001165.1	Primary Assembly	Un			CAAJIE010000495.1	Chromosome		NW_021822624.1	unplaced-scaffold	21132			contig495
GCF_901001165.1	Primary Assembly	Un			CAAJIE010000496.1	Chromosome		NW_021822625.1	unplaced-scaffold	21191			contig496
GCF_901001165.1	Primary Assembly	Un			CAAJIE010000497.1	Chromosome		NW_021822626.1	unplaced-scaffold	21036			contig497
GCF_901001165.1	Primary Assembly	Un			CAAJIE010000498.1	Chromosome		NW_021822627.1	unplaced-scaffold	21204			contig498
GCF_901001165.1	Primary Assembly	Un			CAAJIE010000499.1	Chromosome		NW_021822628.1	unplaced-scaffold	21137			contig499
GCF_901001165.1	Primary Assembly	Un			CAAJIE010000500.1	Chromosome		NW_021822629.1	unplaced-scaffold	21027			contig500
GCF_901001165.1	Primary Assembly	Un			CAAJIE010000501.1	Chromosome		NW_021822630.1	unplaced-scaffold	586636			contig501
GCF_901001165.1	Primary Assembly	Un			CAAJIE010000502.1	Chromosome		NW_021822631.1	unplaced-scaffold	21188			contig502
GCF_901001165.1	Primary Assembly	Un			CAAJIE010000503.1	Chromosome		NW_021822632.1	unplaced-scaffold	20887			contig503
GCF_901001165.1	Primary Assembly	Un			CAAJIE010000504.1	Chromosome		NW_021822633.1	unplaced-scaffold	20923			contig504
GCF_901001165.1	Primary Assembly	Un			CAAJIE010000505.1	Chromosome		NW_021822634.1	unplaced-scaffold	20910			contig505
GCF_901001165.1	Primary Assembly	Un			CAAJIE010000506.1	Chromosome		NW_021822635.1	unplaced-scaffold	20914			contig506
GCF_901001165.1	Primary Assembly	Un			CAAJIE010000507.1	Chromosome		NW_021822636.1	unplaced-scaffold	20746			contig507
GCF_901001165.1	Primary Assembly	Un			CAAJIE010000508.1	Chromosome		NW_021822637.1	unplaced-scaffold	20689			contig508
GCF_901001165.1	Primary Assembly	Un			CAAJIE010000509.1	Chromosome		NW_021822638.1	unplaced-scaffold	20980			contig509
GCF_901001165.1	Primary Assembly	Un			CAAJIE010000510.1	Chromosome		NW_021822639.1	unplaced-scaffold	20666			contig510
GCF_901001165.1	Primary Assembly	Un			CAAJIE010000511.1	Chromosome		NW_021822640.1	unplaced-scaffold	20944			contig511
GCF_901001165.1	Primary Assembly	Un			CAAJIE010000512.1	Chromosome		NW_021822641.1	unplaced-scaffold	20681			contig512
GCF_901001165.1	Primary Assembly	Un			CAAJIE010000513.1	Chromosome		NW_021822642.1	unplaced-scaffold	20766			contig513
GCF_901001165.1	Primary Assembly	Un			CAAJIE010000514.1	Chromosome		NW_021822643.1	unplaced-scaffold	20601			contig514
GCF_901001165.1	Primary Assembly	Un			CAAJIE010000515.1	Chromosome		NW_021822644.1	unplaced-scaffold	20586			contig515
GCF_901001165.1	Primary Assembly	Un			CAAJIE010000516.1	Chromosome		NW_021822645.1	unplaced-scaffold	20556			contig516
GCF_901001165.1	Primary Assembly	Un			CAAJIE010000517.1	Chromosome		NW_021822646.1	unplaced-scaffold	20706			contig517
GCF_901001165.1	Primary Assembly	Un			CAAJIE010000518.1	Chromosome		NW_021822647.1	unplaced-scaffold	20566			contig518
GCF_901001165.1	Primary Assembly	Un			CAAJIE010000519.1	Chromosome		NW_021822648.1	unplaced-scaffold	20759			contig519
GCF_901001165.1	Primary Assembly	Un			CAAJIE010000520.1	Chromosome		NW_021822649.1	unplaced-scaffold	20460			contig520
GCF_901001165.1	Primary Assembly	Un			CAAJIE010000521.1	Chromosome		NW_021822650.1	unplaced-scaffold	20525			contig521
GCF_901001165.1	Primary Assembly	Un			CAAJIE010000522.1	Chromosome		NW_021822651.1	unplaced-scaffold	569905			contig522
GCF_901001165.1	Primary Assembly	Un			CAAJIE010000523.1	Chromosome		NW_021822652.1	unplaced-scaffold	20472			contig523
GCF_901001165.1	Primary Assembly	Un			CAAJIE010000524.1	Chromosome		NW_021822653.1	unplaced-scaffold	20330			contig524
GCF_901001165.1	Primary Assembly	Un			CAAJIE010000525.1	Chromosome		NW_021822654.1	unplaced-scaffold	20528			contig525
GCF_901001165.1	Primary Assembly	Un			CAAJIE010000526.1	Chromosome		NW_021822655.1	unplaced-scaffold	20328			contig526
GCF_901001165.1	Primary Assembly	Un			CAAJIE010000527.1	Chromosome		NW_021822656.1	unplaced-scaffold	20243			contig527
GCF_901001165.1	Primary Assembly	Un			CAAJIE010000528.1	Chromosome		NW_021822657.1	unplaced-scaffold	20237			contig528
GCF_901001165.1	Primary Assembly	Un			CAAJIE010000529.1	Chromosome		NW_021822658.1	unplaced-scaffold	19910			contig529
GCF_901001165.1	Primary Assembly	Un			CAAJIE010000530.1	Chromosome		NW_021822659.1	unplaced-scaffold	17471			contig530
GCF_901001165.1	Primary Assembly	Un			CAAJIE010000531.1	Chromosome		NW_021822660.1	unplaced-scaffold	12988			contig531
GCF_901001165.1	Primary Assembly	Un			CAAJIE010000532.1	Chromosome		NW_021822661.1	unplaced-scaffold	12885			contig532
GCF_901001165.1	Primary Assembly	Un			CAAJIE010000533.1	Chromosome		NW_021822662.1	unplaced-scaffold	554181			contig533
GCF_901001165.1	Primary Assembly	Un			CAAJIE010000534.1	Chromosome		NW_021822663.1	unplaced-scaffold	12209			contig534
GCF_901001165.1	Primary Assembly	Un			CAAJIE010000535.1	Chromosome		NW_021822664.1	unplaced-scaffold	9127			contig535
GCF_901001165.1	Primary Assembly	Un			CAAJIE010000536.1	Chromosome		NW_021822665.1	unplaced-scaffold	8730			contig536
GCF_901001165.1	Primary Assembly	Un			CAAJIE010000537.1	Chromosome		NW_021822666.1	unplaced-scaffold	8128			contig537
GCF_901001165.1	Primary Assembly	Un			CAAJIE010000538.1	Chromosome		NW_021822667.1	unplaced-scaffold	7883			contig538
GCF_901001165.1	Primary Assembly	Un			CAAJIE010000539.1	Chromosome		NW_021822668.1	unplaced-scaffold	7747			contig539
GCF_901001165.1	Primary Assembly	Un			CAAJIE010000540.1	Chromosome		NW_021822669.1	unplaced-scaffold	7444			contig540
GCF_901001165.1	Primary Assembly	Un			CAAJIE010000541.1	Chromosome		NW_021822670.1	unplaced-scaffold	6004			contig541
GCF_901001165.1	Primary Assembly	Un			CAAJIE010000542.1	Chromosome		NW_021822671.1	unplaced-scaffold	554029			contig542
GCF_901001165.1	Primary Assembly	Un			CAAJIE010000543.1	Chromosome		NW_021822672.1	unplaced-scaffold	555202			contig543
GCF_901001165.1	Primary Assembly	Un			CAAJIE010000544.1	Chromosome		NW_021822673.1	unplaced-scaffold	548161			contig544
GCF_901001165.1	Primary Assembly	Un			CAAJIE010000545.1	Chromosome		NW_021822674.1	unplaced-scaffold	539937			contig545
GCF_901001165.1	Primary Assembly	Un			CAAJIE010000546.1	Chromosome		NW_021822675.1	unplaced-scaffold	529608			contig546
GCF_901001165.1	Primary Assembly	Un			CAAJIE010000547.1	Chromosome		NW_021822676.1	unplaced-scaffold	513420			contig547
GCF_901001165.1	Primary Assembly	Un			CAAJIE010000548.1	Chromosome		NW_021822677.1	unplaced-scaffold	490014			contig548
GCF_901001165.1	Primary Assembly	Un			CAAJIE010000549.1	Chromosome		NW_021822678.1	unplaced-scaffold	473657			contig549
GCF_901001165.1	Primary Assembly	Un			CAAJIE010000550.1	Chromosome		NW_021822679.1	unplaced-scaffold	474430			contig550
GCF_901001165.1	Primary Assembly	Un			CAAJIE010000551.1	Chromosome		NW_021822680.1	unplaced-scaffold	467021			contig551
GCF_901001165.1	Primary Assembly	Un			CAAJIE010000552.1	Chromosome		NW_021822681.1	unplaced-scaffold	453816			contig552
GCF_901001165.1	Primary Assembly	Un			CAAJIE010000553.1	Chromosome		NW_021822682.1	unplaced-scaffold	448731			contig553
GCF_901001165.1	Primary Assembly	Un			CAAJIE010000554.1	Chromosome		NW_021822683.1	unplaced-scaffold	446433			contig554
GCF_901001165.1	Primary Assembly	Un			CAAJIE010000555.1	Chromosome		NW_021822684.1	unplaced-scaffold	443006			contig555
GCF_901001165.1	Primary Assembly	Un			CAAJIE010000556.1	Chromosome		NW_021822685.1	unplaced-scaffold	442336			contig556
GCF_901001165.1	Primary Assembly	Un			CAAJIE010000557.1	Chromosome		NW_021822686.1	unplaced-scaffold	441616			contig557
GCF_901001165.1	Primary Assembly	Un			CAAJIE010000558.1	Chromosome		NW_021822687.1	unplaced-scaffold	437019			contig558
GCF_901001165.1	Primary Assembly	Un			CAAJIE010000559.1	Chromosome		NW_021822688.1	unplaced-scaffold	433803			contig559
GCF_901001165.1	Primary Assembly	Un			CAAJIE010000560.1	Chromosome		NW_021822689.1	unplaced-scaffold	426983			contig560
GCF_901001165.1	Primary Assembly	Un			CAAJIE010000561.1	Chromosome		NW_021822690.1	unplaced-scaffold	429655			contig561
GCF_901001165.1	Primary Assembly	Un			CAAJIE010000562.1	Chromosome		NW_021822691.1	unplaced-scaffold	420555			contig562
GCF_901001165.1	Primary Assembly	Un			CAAJIE010000563.1	Chromosome		NW_021822692.1	unplaced-scaffold	404647			contig563
GCF_901001165.1	Primary Assembly	Un			CAAJIE010000564.1	Chromosome		NW_021822693.1	unplaced-scaffold	403251			contig564
GCF_901001165.1	Primary Assembly	Un			CAAJIE010000565.1	Chromosome		NW_021822694.1	unplaced-scaffold	401693			contig565
GCF_901001165.1	Primary Assembly	Un			CAAJIE010000566.1	Chromosome		NW_021822695.1	unplaced-scaffold	400387			contig566
GCF_901001165.1	Primary Assembly	Un			CAAJIE010000567.1	Chromosome		NW_021822696.1	unplaced-scaffold	393552			contig567
GCF_901001165.1	Primary Assembly	Un			CAAJIE010000568.1	Chromosome		NW_021822697.1	unplaced-scaffold	386718			contig568
GCF_901001165.1	Primary Assembly	Un			CAAJIE010000569.1	Chromosome		NW_021822698.1	unplaced-scaffold	384213			contig569
GCF_901001165.1	Primary Assembly	Un			CAAJIE010000570.1	Chromosome		NW_021822699.1	unplaced-scaffold	382164			contig570
GCF_901001165.1	Primary Assembly	Un			CAAJIE010000571.1	Chromosome		NW_021822700.1	unplaced-scaffold	84717			contig571
GCF_901001165.1	Primary Assembly	Un			CAAJIE010000572.1	Chromosome		NW_021822701.1	unplaced-scaffold	359826			contig572
GCF_901001165.1	Primary Assembly	Un			CAAJIE010000573.1	Chromosome		NW_021822702.1	unplaced-scaffold	357697			contig573
GCF_901001165.1	Primary Assembly	Un			CAAJIE010000574.1	Chromosome		NW_021822703.1	unplaced-scaffold	346188			contig574
GCF_901001165.1	Primary Assembly	Un			CAAJIE010000575.1	Chromosome		NW_021822704.1	unplaced-scaffold	336107			contig575
GCF_901001165.1	Primary Assembly	Un			CAAJIE010000576.1	Chromosome		NW_021822705.1	unplaced-scaffold	285316			contig576
GCF_901001165.1	Primary Assembly	Un			CAAJIE010000577.1	Chromosome		NW_021822706.1	unplaced-scaffold	330672			contig577
GCF_901001165.1	Primary Assembly	Un			CAAJIE010000578.1	Chromosome		NW_021822707.1	unplaced-scaffold	327679			contig578
GCF_901001165.1	Primary Assembly	Un			CAAJIE010000579.1	Chromosome		NW_021822708.1	unplaced-scaffold	324495			contig579
GCF_901001165.1	Primary Assembly	Un			CAAJIE010000580.1	Chromosome		NW_021822709.1	unplaced-scaffold	324415			contig580
GCF_901001165.1	Primary Assembly	Un			CAAJIE010000581.1	Chromosome		NW_021822710.1	unplaced-scaffold	325040			contig581
GCF_901001165.1	Primary Assembly	Un			CAAJIE010000582.1	Chromosome		NW_021822711.1	unplaced-scaffold	322322			contig582
GCF_901001165.1	Primary Assembly	Un			CAAJIE010000583.1	Chromosome		NW_021822712.1	unplaced-scaffold	324903			contig583
GCF_901001165.1	Primary Assembly	Un			CAAJIE010000584.1	Chromosome		NW_021822713.1	unplaced-scaffold	322980			contig584
GCF_901001165.1	Primary Assembly	Un			CAAJIE010000585.1	Chromosome		NW_021822714.1	unplaced-scaffold	317240			contig585
GCF_901001165.1	Primary Assembly	Un			CAAJIE010000586.1	Chromosome		NW_021822715.1	unplaced-scaffold	315441			contig586
GCF_901001165.1	Primary Assembly	Un			CAAJIE010000587.1	Chromosome		NW_021822716.1	unplaced-scaffold	316585			contig587
GCF_901001165.1	Primary Assembly	Un			CAAJIE010000588.1	Chromosome		NW_021822717.1	unplaced-scaffold	312665			contig588
GCF_901001165.1	Primary Assembly	Un			CAAJIE010000589.1	Chromosome		NW_021822718.1	unplaced-scaffold	308068			contig589
GCF_901001165.1	Primary Assembly	Un			CAAJIE010000590.1	Chromosome		NW_021822719.1	unplaced-scaffold	308100			contig590
GCF_901001165.1	Primary Assembly	Un			CAAJIE010000591.1	Chromosome		NW_021822720.1	unplaced-scaffold	289804			contig591
GCF_901001165.1	Primary Assembly	Un			CAAJIE010000592.1	Chromosome		NW_021822721.1	unplaced-scaffold	278266			contig592
GCF_901001165.1	Primary Assembly	Un			CAAJIE010000593.1	Chromosome		NW_021822722.1	unplaced-scaffold	275109			contig593
GCF_901001165.1	Primary Assembly	Un			CAAJIE010000594.1	Chromosome		NW_021822723.1	unplaced-scaffold	273249			contig594
GCF_901001165.1	Primary Assembly	Un			CAAJIE010000595.1	Chromosome		NW_021822724.1	unplaced-scaffold	152183			contig595
GCF_901001165.1	Primary Assembly	Un			CAAJIE010000596.1	Chromosome		NW_021822725.1	unplaced-scaffold	263141			contig596
GCF_901001165.1	Primary Assembly	Un			CAAJIE010000597.1	Chromosome		NW_021822726.1	unplaced-scaffold	261681			contig597
GCF_901001165.1	Primary Assembly	Un			CAAJIE010000598.1	Chromosome		NW_021822727.1	unplaced-scaffold	261174			contig598
GCF_901001165.1	Primary Assembly	Un			CAAJIE010000599.1	Chromosome		NW_021822728.1	unplaced-scaffold	252626			contig599
GCF_901001165.1	Primary Assembly	Un			CAAJIE010000600.1	Chromosome		NW_021822729.1	unplaced-scaffold	247934			contig600
GCF_901001165.1	Primary Assembly	Un			CAAJIE010000601.1	Chromosome		NW_021822730.1	unplaced-scaffold	245453			contig601
GCF_901001165.1	Primary Assembly	Un			CAAJIE010000602.1	Chromosome		NW_021822731.1	unplaced-scaffold	236350			contig602
GCF_901001165.1	Primary Assembly	Un			CAAJIE010000603.1	Chromosome		NW_021822732.1	unplaced-scaffold	232872			contig603
GCF_901001165.1	Primary Assembly	Un			CAAJIE010000604.1	Chromosome		NW_021822733.1	unplaced-scaffold	231117			contig604
GCF_901001165.1	Primary Assembly	Un			CAAJIE010000605.1	Chromosome		NW_021822734.1	unplaced-scaffold	229984			contig605
GCF_901001165.1	Primary Assembly	Un			CAAJIE010000606.1	Chromosome		NW_021822735.1	unplaced-scaffold	230547			contig606
GCF_901001165.1	Primary Assembly	Un			CAAJIE010000607.1	Chromosome		NW_021822736.1	unplaced-scaffold	228165			contig607
GCF_901001165.1	Primary Assembly	Un			CAAJIE010000608.1	Chromosome		NW_021822737.1	unplaced-scaffold	227278			contig608
GCF_901001165.1	Primary Assembly	Un			CAAJIE010000609.1	Chromosome		NW_021822738.1	unplaced-scaffold	225894			contig609
GCF_901001165.1	Primary Assembly	Un			CAAJIE010000610.1	Chromosome		NW_021822739.1	unplaced-scaffold	220438			contig610
GCF_901001165.1	Primary Assembly	Un			CAAJIE010000611.1	Chromosome		NW_021822740.1	unplaced-scaffold	218138			contig611
GCF_901001165.1	Primary Assembly	Un			CAAJIE010000612.1	Chromosome		NW_021822741.1	unplaced-scaffold	208989			contig612
GCF_901001165.1	Primary Assembly	Un			CAAJIE010000613.1	Chromosome		NW_021822742.1	unplaced-scaffold	215909			contig613
GCF_901001165.1	Primary Assembly	Un			CAAJIE010000614.1	Chromosome		NW_021822743.1	unplaced-scaffold	216651			contig614
GCF_901001165.1	Primary Assembly	Un			CAAJIE010000615.1	Chromosome		NW_021822744.1	unplaced-scaffold	215876			contig615
GCF_901001165.1	Primary Assembly	Un			CAAJIE010000616.1	Chromosome		NW_021822745.1	unplaced-scaffold	214388			contig616
GCF_901001165.1	Primary Assembly	Un			CAAJIE010000617.1	Chromosome		NW_021822746.1	unplaced-scaffold	213577			contig617
GCF_901001165.1	Primary Assembly	Un			CAAJIE010000618.1	Chromosome		NW_021822747.1	unplaced-scaffold	212643			contig618
GCF_901001165.1	Primary Assembly	Un			CAAJIE010000619.1	Chromosome		NW_021822748.1	unplaced-scaffold	212226			contig619
GCF_901001165.1	Primary Assembly	Un			CAAJIE010000620.1	Chromosome		NW_021822749.1	unplaced-scaffold	211007			contig620
GCF_901001165.1	Primary Assembly	Un			CAAJIE010000621.1	Chromosome		NW_021822750.1	unplaced-scaffold	205362			contig621
GCF_901001165.1	Primary Assembly	Un			CAAJIE010000622.1	Chromosome		NW_021822751.1	unplaced-scaffold	205648			contig622
GCF_901001165.1	Primary Assembly	Un			CAAJIE010000623.1	Chromosome		NW_021822752.1	unplaced-scaffold	203828			contig623
GCF_901001165.1	Primary Assembly	Un			CAAJIE010000624.1	Chromosome		NW_021822753.1	unplaced-scaffold	203960			contig624
GCF_901001165.1	Primary Assembly	Un			CAAJIE010000625.1	Chromosome		NW_021822754.1	unplaced-scaffold	205150			contig625
GCF_901001165.1	Primary Assembly	Un			CAAJIE010000626.1	Chromosome		NW_021822755.1	unplaced-scaffold	203940			contig626
GCF_901001165.1	Primary Assembly	Un			CAAJIE010000627.1	Chromosome		NW_021822756.1	unplaced-scaffold	203218			contig627
GCF_901001165.1	Primary Assembly	Un			CAAJIE010000628.1	Chromosome		NW_021822757.1	unplaced-scaffold	198191			contig628
GCF_901001165.1	Primary Assembly	Un			CAAJIE010000629.1	Chromosome		NW_021822758.1	unplaced-scaffold	192937			contig629
GCF_901001165.1	Primary Assembly	Un			CAAJIE010000630.1	Chromosome		NW_021822759.1	unplaced-scaffold	192923			contig630
GCF_901001165.1	Primary Assembly	Un			CAAJIE010000631.1	Chromosome		NW_021822760.1	unplaced-scaffold	191436			contig631
GCF_901001165.1	Primary Assembly	Un			CAAJIE010000632.1	Chromosome		NW_021822761.1	unplaced-scaffold	189522			contig632
GCF_901001165.1	Primary Assembly	Un			CAAJIE010000633.1	Chromosome		NW_021822762.1	unplaced-scaffold	188427			contig633
GCF_901001165.1	Primary Assembly	Un			CAAJIE010000634.1	Chromosome		NW_021822763.1	unplaced-scaffold	189384			contig634
GCF_901001165.1	Primary Assembly	Un			CAAJIE010000635.1	Chromosome		NW_021822764.1	unplaced-scaffold	187943			contig635
GCF_901001165.1	Primary Assembly	Un			CAAJIE010000636.1	Chromosome		NW_021822765.1	unplaced-scaffold	189488			contig636
GCF_901001165.1	Primary Assembly	Un			CAAJIE010000637.1	Chromosome		NW_021822766.1	unplaced-scaffold	181877			contig637
GCF_901001165.1	Primary Assembly	Un			CAAJIE010000638.1	Chromosome		NW_021822767.1	unplaced-scaffold	178474			contig638
GCF_901001165.1	Primary Assembly	Un			CAAJIE010000639.1	Chromosome		NW_021822768.1	unplaced-scaffold	174936			contig639
GCF_901001165.1	Primary Assembly	Un			CAAJIE010000640.1	Chromosome		NW_021822769.1	unplaced-scaffold	172101			contig640
GCF_901001165.1	Primary Assembly	Un			CAAJIE010000641.1	Chromosome		NW_021822770.1	unplaced-scaffold	171638			contig641
GCF_901001165.1	Primary Assembly	Un			CAAJIE010000642.1	Chromosome		NW_021822771.1	unplaced-scaffold	171789			contig642
GCF_901001165.1	Primary Assembly	Un			CAAJIE010000643.1	Chromosome		NW_021822772.1	unplaced-scaffold	170393			contig643
GCF_901001165.1	Primary Assembly	Un			CAAJIE010000644.1	Chromosome		NW_021822773.1	unplaced-scaffold	170350			contig644
GCF_901001165.1	Primary Assembly	Un			CAAJIE010000645.1	Chromosome		NW_021822774.1	unplaced-scaffold	168859			contig645
GCF_901001165.1	Primary Assembly	Un			CAAJIE010000646.1	Chromosome		NW_021822775.1	unplaced-scaffold	167750			contig646
GCF_901001165.1	Primary Assembly	Un			CAAJIE010000647.1	Chromosome		NW_021822776.1	unplaced-scaffold	165289			contig647
GCF_901001165.1	Primary Assembly	Un			CAAJIE010000648.1	Chromosome		NW_021822777.1	unplaced-scaffold	166864			contig648
GCF_901001165.1	Primary Assembly	Un			CAAJIE010000649.1	Chromosome		NW_021822778.1	unplaced-scaffold	163834			contig649
GCF_901001165.1	Primary Assembly	Un			CAAJIE010000650.1	Chromosome		NW_021822779.1	unplaced-scaffold	162577			contig650
GCF_901001165.1	Primary Assembly	Un			CAAJIE010000651.1	Chromosome		NW_021822780.1	unplaced-scaffold	161488			contig651
GCF_901001165.1	Primary Assembly	Un			CAAJIE010000652.1	Chromosome		NW_021822781.1	unplaced-scaffold	160968			contig652
GCF_901001165.1	Primary Assembly	Un			CAAJIE010000653.1	Chromosome		NW_021822782.1	unplaced-scaffold	158314			contig653
GCF_901001165.1	Primary Assembly	Un			CAAJIE010000654.1	Chromosome		NW_021822783.1	unplaced-scaffold	157116			contig654
GCF_901001165.1	Primary Assembly	Un			CAAJIE010000655.1	Chromosome		NW_021822784.1	unplaced-scaffold	152880			contig655
GCF_901001165.1	Primary Assembly	Un			CAAJIE010000656.1	Chromosome		NW_021822785.1	unplaced-scaffold	152880			contig656
GCF_901001165.1	Primary Assembly	Un			CAAJIE010000657.1	Chromosome		NW_021822786.1	unplaced-scaffold	151585			contig657
GCF_901001165.1	Primary Assembly	Un			CAAJIE010000658.1	Chromosome		NW_021822787.1	unplaced-scaffold	151029			contig658
GCF_901001165.1	Primary Assembly	Un			CAAJIE010000659.1	Chromosome		NW_021822788.1	unplaced-scaffold	148330			contig659
GCF_901001165.1	Primary Assembly	Un			CAAJIE010000660.1	Chromosome		NW_021822789.1	unplaced-scaffold	147029			contig660
GCF_901001165.1	Primary Assembly	Un			CAAJIE010000661.1	Chromosome		NW_021822790.1	unplaced-scaffold	146724			contig661
GCF_901001165.1	Primary Assembly	Un			CAAJIE010000662.1	Chromosome		NW_021822791.1	unplaced-scaffold	148067			contig662
GCF_901001165.1	Primary Assembly	Un			CAAJIE010000663.1	Chromosome		NW_021822792.1	unplaced-scaffold	144244			contig663
GCF_901001165.1	Primary Assembly	Un			CAAJIE010000664.1	Chromosome		NW_021822793.1	unplaced-scaffold	144108			contig664
GCF_901001165.1	Primary Assembly	Un			CAAJIE010000665.1	Chromosome		NW_021822794.1	unplaced-scaffold	143053			contig665
GCF_901001165.1	Primary Assembly	Un			CAAJIE010000666.1	Chromosome		NW_021822795.1	unplaced-scaffold	143775			contig666
GCF_901001165.1	Primary Assembly	Un			CAAJIE010000667.1	Chromosome		NW_021822796.1	unplaced-scaffold	143632			contig667
GCF_901001165.1	Primary Assembly	Un			CAAJIE010000668.1	Chromosome		NW_021822797.1	unplaced-scaffold	141473			contig668
GCF_901001165.1	Primary Assembly	Un			CAAJIE010000669.1	Chromosome		NW_021822798.1	unplaced-scaffold	140749			contig669
GCF_901001165.1	Primary Assembly	Un			CAAJIE010000670.1	Chromosome		NW_021822799.1	unplaced-scaffold	140450			contig670
GCF_901001165.1	Primary Assembly	Un			CAAJIE010000671.1	Chromosome		NW_021822800.1	unplaced-scaffold	140890			contig671
GCF_901001165.1	Primary Assembly	Un			CAAJIE010000672.1	Chromosome		NW_021822801.1	unplaced-scaffold	139223			contig672
GCF_901001165.1	Primary Assembly	Un			CAAJIE010000673.1	Chromosome		NW_021822802.1	unplaced-scaffold	137110			contig673
GCF_901001165.1	Primary Assembly	Un			CAAJIE010000674.1	Chromosome		NW_021822803.1	unplaced-scaffold	137538			contig674
GCF_901001165.1	Primary Assembly	Un			CAAJIE010000675.1	Chromosome		NW_021822804.1	unplaced-scaffold	134994			contig675
GCF_901001165.1	Primary Assembly	Un			CAAJIE010000676.1	Chromosome		NW_021822805.1	unplaced-scaffold	134401			contig676
GCF_901001165.1	Primary Assembly	Un			CAAJIE010000677.1	Chromosome		NW_021822806.1	unplaced-scaffold	135080			contig677
GCF_901001165.1	Primary Assembly	Un			CAAJIE010000678.1	Chromosome		NW_021822807.1	unplaced-scaffold	134587			contig678
GCF_901001165.1	Primary Assembly	Un			CAAJIE010000679.1	Chromosome		NW_021822808.1	unplaced-scaffold	133136			contig679
GCF_901001165.1	Primary Assembly	Un			CAAJIE010000680.1	Chromosome		NW_021822809.1	unplaced-scaffold	132379			contig680
GCF_901001165.1	Primary Assembly	Un			CAAJIE010000681.1	Chromosome		NW_021822810.1	unplaced-scaffold	131966			contig681
GCF_901001165.1	Primary Assembly	Un			CAAJIE010000682.1	Chromosome		NW_021822811.1	unplaced-scaffold	130673			contig682
GCF_901001165.1	Primary Assembly	Un			CAAJIE010000683.1	Chromosome		NW_021822812.1	unplaced-scaffold	129906			contig683
GCF_901001165.1	Primary Assembly	Un			CAAJIE010000684.1	Chromosome		NW_021822813.1	unplaced-scaffold	128367			contig684
GCF_901001165.1	Primary Assembly	Un			CAAJIE010000685.1	Chromosome		NW_021822814.1	unplaced-scaffold	128000			contig685
GCF_901001165.1	Primary Assembly	Un			CAAJIE010000686.1	Chromosome		NW_021822815.1	unplaced-scaffold	128511			contig686
GCF_901001165.1	Primary Assembly	Un			CAAJIE010000687.1	Chromosome		NW_021822816.1	unplaced-scaffold	129163			contig687
GCF_901001165.1	Primary Assembly	Un			CAAJIE010000688.1	Chromosome		NW_021822817.1	unplaced-scaffold	127217			contig688
GCF_901001165.1	Primary Assembly	Un			CAAJIE010000689.1	Chromosome		NW_021822818.1	unplaced-scaffold	126905			contig689
GCF_901001165.1	Primary Assembly	Un			CAAJIE010000690.1	Chromosome		NW_021822819.1	unplaced-scaffold	125719			contig690
GCF_901001165.1	Primary Assembly	Un			CAAJIE010000691.1	Chromosome		NW_021822820.1	unplaced-scaffold	123949			contig691
GCF_901001165.1	Primary Assembly	Un			CAAJIE010000692.1	Chromosome		NW_021822821.1	unplaced-scaffold	121787			contig692
GCF_901001165.1	Primary Assembly	Un			CAAJIE010000693.1	Chromosome		NW_021822822.1	unplaced-scaffold	121402			contig693
GCF_901001165.1	Primary Assembly	Un			CAAJIE010000694.1	Chromosome		NW_021822823.1	unplaced-scaffold	119969			contig694
GCF_901001165.1	Primary Assembly	Un			CAAJIE010000695.1	Chromosome		NW_021822824.1	unplaced-scaffold	119892			contig695
GCF_901001165.1	Primary Assembly	Un			CAAJIE010000696.1	Chromosome		NW_021822825.1	unplaced-scaffold	119705			contig696
GCF_901001165.1	Primary Assembly	Un			CAAJIE010000697.1	Chromosome		NW_021822826.1	unplaced-scaffold	120326			contig697
GCF_901001165.1	Primary Assembly	Un			CAAJIE010000698.1	Chromosome		NW_021822827.1	unplaced-scaffold	119242			contig698
GCF_901001165.1	Primary Assembly	Un			CAAJIE010000699.1	Chromosome		NW_021822828.1	unplaced-scaffold	120049			contig699
GCF_901001165.1	Primary Assembly	Un			CAAJIE010000700.1	Chromosome		NW_021822829.1	unplaced-scaffold	120367			contig700
GCF_901001165.1	Primary Assembly	Un			CAAJIE010000701.1	Chromosome		NW_021822830.1	unplaced-scaffold	118482			contig701
GCF_901001165.1	Primary Assembly	Un			CAAJIE010000702.1	Chromosome		NW_021822831.1	unplaced-scaffold	117437			contig702
GCF_901001165.1	Primary Assembly	Un			CAAJIE010000703.1	Chromosome		NW_021822832.1	unplaced-scaffold	117209			contig703
GCF_901001165.1	Primary Assembly	Un			CAAJIE010000704.1	Chromosome		NW_021822833.1	unplaced-scaffold	117235			contig704
GCF_901001165.1	Primary Assembly	Un			CAAJIE010000705.1	Chromosome		NW_021822834.1	unplaced-scaffold	116418			contig705
GCF_901001165.1	Primary Assembly	Un			CAAJIE010000706.1	Chromosome		NW_021822835.1	unplaced-scaffold	115963			contig706
GCF_901001165.1	Primary Assembly	Un			CAAJIE010000707.1	Chromosome		NW_021822836.1	unplaced-scaffold	117065			contig707
GCF_901001165.1	Primary Assembly	Un			CAAJIE010000708.1	Chromosome		NW_021822837.1	unplaced-scaffold	116222			contig708
GCF_901001165.1	Primary Assembly	Un			CAAJIE010000709.1	Chromosome		NW_021822838.1	unplaced-scaffold	114897			contig709
GCF_901001165.1	Primary Assembly	Un			CAAJIE010000710.1	Chromosome		NW_021822839.1	unplaced-scaffold	114829			contig710
GCF_901001165.1	Primary Assembly	Un			CAAJIE010000711.1	Chromosome		NW_021822840.1	unplaced-scaffold	115403			contig711
GCF_901001165.1	Primary Assembly	Un			CAAJIE010000712.1	Chromosome		NW_021822841.1	unplaced-scaffold	113513			contig712
GCF_901001165.1	Primary Assembly	Un			CAAJIE010000713.1	Chromosome		NW_021822842.1	unplaced-scaffold	113525			contig713
GCF_901001165.1	Primary Assembly	Un			CAAJIE010000714.1	Chromosome		NW_021822843.1	unplaced-scaffold	111898			contig714
GCF_901001165.1	Primary Assembly	Un			CAAJIE010000715.1	Chromosome		NW_021822844.1	unplaced-scaffold	111721			contig715
GCF_901001165.1	Primary Assembly	Un			CAAJIE010000716.1	Chromosome		NW_021822845.1	unplaced-scaffold	110156			contig716
GCF_901001165.1	Primary Assembly	Un			CAAJIE010000717.1	Chromosome		NW_021822846.1	unplaced-scaffold	110975			contig717
GCF_901001165.1	Primary Assembly	Un			CAAJIE010000718.1	Chromosome		NW_021822847.1	unplaced-scaffold	109200			contig718
GCF_901001165.1	Primary Assembly	Un			CAAJIE010000719.1	Chromosome		NW_021822848.1	unplaced-scaffold	109495			contig719
GCF_901001165.1	Primary Assembly	Un			CAAJIE010000720.1	Chromosome		NW_021822849.1	unplaced-scaffold	107588			contig720
GCF_901001165.1	Primary Assembly	Un			CAAJIE010000721.1	Chromosome		NW_021822850.1	unplaced-scaffold	105882			contig721
GCF_901001165.1	Primary Assembly	Un			CAAJIE010000722.1	Chromosome		NW_021822851.1	unplaced-scaffold	106803			contig722
GCF_901001165.1	Primary Assembly	Un			CAAJIE010000723.1	Chromosome		NW_021822852.1	unplaced-scaffold	106664			contig723
GCF_901001165.1	Primary Assembly	Un			CAAJIE010000724.1	Chromosome		NW_021822853.1	unplaced-scaffold	106806			contig724
GCF_901001165.1	Primary Assembly	Un			CAAJIE010000725.1	Chromosome		NW_021822854.1	unplaced-scaffold	105563			contig725
GCF_901001165.1	Primary Assembly	Un			CAAJIE010000726.1	Chromosome		NW_021822855.1	unplaced-scaffold	105570			contig726
GCF_901001165.1	Primary Assembly	Un			CAAJIE010000727.1	Chromosome		NW_021822856.1	unplaced-scaffold	104107			contig727
GCF_901001165.1	Primary Assembly	Un			CAAJIE010000728.1	Chromosome		NW_021822857.1	unplaced-scaffold	104010			contig728
GCF_901001165.1	Primary Assembly	Un			CAAJIE010000729.1	Chromosome		NW_021822858.1	unplaced-scaffold	104154			contig729
GCF_901001165.1	Primary Assembly	Un			CAAJIE010000730.1	Chromosome		NW_021822859.1	unplaced-scaffold	103561			contig730
GCF_901001165.1	Primary Assembly	Un			CAAJIE010000731.1	Chromosome		NW_021822860.1	unplaced-scaffold	103826			contig731
GCF_901001165.1	Primary Assembly	Un			CAAJIE010000732.1	Chromosome		NW_021822861.1	unplaced-scaffold	103363			contig732
GCF_901001165.1	Primary Assembly	Un			CAAJIE010000733.1	Chromosome		NW_021822862.1	unplaced-scaffold	104305			contig733
GCF_901001165.1	Primary Assembly	Un			CAAJIE010000734.1	Chromosome		NW_021822863.1	unplaced-scaffold	103843			contig734
GCF_901001165.1	Primary Assembly	Un			CAAJIE010000735.1	Chromosome		NW_021822864.1	unplaced-scaffold	103420			contig735
GCF_901001165.1	Primary Assembly	Un			CAAJIE010000736.1	Chromosome		NW_021822865.1	unplaced-scaffold	103056			contig736
GCF_901001165.1	Primary Assembly	Un			CAAJIE010000737.1	Chromosome		NW_021822866.1	unplaced-scaffold	101996			contig737
GCF_901001165.1	Primary Assembly	Un			CAAJIE010000738.1	Chromosome		NW_021822867.1	unplaced-scaffold	102689			contig738
GCF_901001165.1	Primary Assembly	Un			CAAJIE010000739.1	Chromosome		NW_021822868.1	unplaced-scaffold	101298			contig739
GCF_901001165.1	Primary Assembly	Un			CAAJIE010000740.1	Chromosome		NW_021822869.1	unplaced-scaffold	100746			contig740
GCF_901001165.1	Primary Assembly	Un			CAAJIE010000741.1	Chromosome		NW_021822870.1	unplaced-scaffold	100957			contig741
GCF_901001165.1	Primary Assembly	Un			CAAJIE010000742.1	Chromosome		NW_021822871.1	unplaced-scaffold	100896			contig742
GCF_901001165.1	Primary Assembly	Un			CAAJIE010000743.1	Chromosome		NW_021822872.1	unplaced-scaffold	99928			contig743
GCF_901001165.1	Primary Assembly	Un			CAAJIE010000744.1	Chromosome		NW_021822873.1	unplaced-scaffold	100254			contig744
GCF_901001165.1	Primary Assembly	Un			CAAJIE010000745.1	Chromosome		NW_021822874.1	unplaced-scaffold	98773			contig745
GCF_901001165.1	Primary Assembly	Un			CAAJIE010000746.1	Chromosome		NW_021822875.1	unplaced-scaffold	99444			contig746
GCF_901001165.1	Primary Assembly	Un			CAAJIE010000747.1	Chromosome		NW_021822876.1	unplaced-scaffold	97215			contig747
GCF_901001165.1	Primary Assembly	Un			CAAJIE010000748.1	Chromosome		NW_021822877.1	unplaced-scaffold	97433			contig748
GCF_901001165.1	Primary Assembly	Un			CAAJIE010000749.1	Chromosome		NW_021822878.1	unplaced-scaffold	97515			contig749
GCF_901001165.1	Primary Assembly	Un			CAAJIE010000750.1	Chromosome		NW_021822879.1	unplaced-scaffold	96952			contig750
GCF_901001165.1	Primary Assembly	Un			CAAJIE010000751.1	Chromosome		NW_021822880.1	unplaced-scaffold	96032			contig751
GCF_901001165.1	Primary Assembly	Un			CAAJIE010000752.1	Chromosome		NW_021822881.1	unplaced-scaffold	96183			contig752
GCF_901001165.1	Primary Assembly	Un			CAAJIE010000753.1	Chromosome		NW_021822882.1	unplaced-scaffold	97008			contig753
GCF_901001165.1	Primary Assembly	Un			CAAJIE010000754.1	Chromosome		NW_021822883.1	unplaced-scaffold	96153			contig754
GCF_901001165.1	Primary Assembly	Un			CAAJIE010000755.1	Chromosome		NW_021822884.1	unplaced-scaffold	94468			contig755
GCF_901001165.1	Primary Assembly	Un			CAAJIE010000756.1	Chromosome		NW_021822885.1	unplaced-scaffold	94266			contig756
GCF_901001165.1	Primary Assembly	Un			CAAJIE010000757.1	Chromosome		NW_021822886.1	unplaced-scaffold	94134			contig757
GCF_901001165.1	Primary Assembly	Un			CAAJIE010000758.1	Chromosome		NW_021822887.1	unplaced-scaffold	93977			contig758
GCF_901001165.1	Primary Assembly	Un			CAAJIE010000759.1	Chromosome		NW_021822888.1	unplaced-scaffold	93654			contig759
GCF_901001165.1	Primary Assembly	Un			CAAJIE010000760.1	Chromosome		NW_021822889.1	unplaced-scaffold	93081			contig760
GCF_901001165.1	Primary Assembly	Un			CAAJIE010000761.1	Chromosome		NW_021822890.1	unplaced-scaffold	93198			contig761
GCF_901001165.1	Primary Assembly	Un			CAAJIE010000762.1	Chromosome		NW_021822891.1	unplaced-scaffold	92720			contig762
GCF_901001165.1	Primary Assembly	Un			CAAJIE010000763.1	Chromosome		NW_021822892.1	unplaced-scaffold	93299			contig763
GCF_901001165.1	Primary Assembly	Un			CAAJIE010000764.1	Chromosome		NW_021822893.1	unplaced-scaffold	93381			contig764
GCF_901001165.1	Primary Assembly	Un			CAAJIE010000765.1	Chromosome		NW_021822894.1	unplaced-scaffold	92606			contig765
GCF_901001165.1	Primary Assembly	Un			CAAJIE010000766.1	Chromosome		NW_021822895.1	unplaced-scaffold	91744			contig766
GCF_901001165.1	Primary Assembly	Un			CAAJIE010000767.1	Chromosome		NW_021822896.1	unplaced-scaffold	90912			contig767
GCF_901001165.1	Primary Assembly	Un			CAAJIE010000768.1	Chromosome		NW_021822897.1	unplaced-scaffold	91304			contig768
GCF_901001165.1	Primary Assembly	Un			CAAJIE010000769.1	Chromosome		NW_021822898.1	unplaced-scaffold	90668			contig769
GCF_901001165.1	Primary Assembly	Un			CAAJIE010000770.1	Chromosome		NW_021822899.1	unplaced-scaffold	90968			contig770
GCF_901001165.1	Primary Assembly	Un			CAAJIE010000771.1	Chromosome		NW_021822900.1	unplaced-scaffold	90822			contig771
GCF_901001165.1	Primary Assembly	Un			CAAJIE010000772.1	Chromosome		NW_021822901.1	unplaced-scaffold	91090			contig772
GCF_901001165.1	Primary Assembly	Un			CAAJIE010000773.1	Chromosome		NW_021822902.1	unplaced-scaffold	90016			contig773
GCF_901001165.1	Primary Assembly	Un			CAAJIE010000774.1	Chromosome		NW_021822903.1	unplaced-scaffold	90304			contig774
GCF_901001165.1	Primary Assembly	Un			CAAJIE010000775.1	Chromosome		NW_021822904.1	unplaced-scaffold	89939			contig775
GCF_901001165.1	Primary Assembly	Un			CAAJIE010000776.1	Chromosome		NW_021822905.1	unplaced-scaffold	90316			contig776
GCF_901001165.1	Primary Assembly	Un			CAAJIE010000777.1	Chromosome		NW_021822906.1	unplaced-scaffold	89802			contig777
GCF_901001165.1	Primary Assembly	Un			CAAJIE010000778.1	Chromosome		NW_021822907.1	unplaced-scaffold	90107			contig778
GCF_901001165.1	Primary Assembly	Un			CAAJIE010000779.1	Chromosome		NW_021822908.1	unplaced-scaffold	89560			contig779
GCF_901001165.1	Primary Assembly	Un			CAAJIE010000780.1	Chromosome		NW_021822909.1	unplaced-scaffold	90091			contig780
GCF_901001165.1	Primary Assembly	Un			CAAJIE010000781.1	Chromosome		NW_021822910.1	unplaced-scaffold	90050			contig781
GCF_901001165.1	Primary Assembly	Un			CAAJIE010000782.1	Chromosome		NW_021822911.1	unplaced-scaffold	19918725			contig782
GCF_901001165.1	Primary Assembly	Un			CAAJIE010000783.1	Chromosome		NW_021822912.1	unplaced-scaffold	89563			contig783
GCF_901001165.1	Primary Assembly	Un			CAAJIE010000784.1	Chromosome		NW_021822913.1	unplaced-scaffold	89479			contig784
GCF_901001165.1	Primary Assembly	Un			CAAJIE010000785.1	Chromosome		NW_021822914.1	unplaced-scaffold	89272			contig785
GCF_901001165.1	Primary Assembly	Un			CAAJIE010000786.1	Chromosome		NW_021822915.1	unplaced-scaffold	88419			contig786
GCF_901001165.1	Primary Assembly	Un			CAAJIE010000787.1	Chromosome		NW_021822916.1	unplaced-scaffold	88681			contig787
GCF_901001165.1	Primary Assembly	Un			CAAJIE010000788.1	Chromosome		NW_021822917.1	unplaced-scaffold	87877			contig788
GCF_901001165.1	Primary Assembly	Un			CAAJIE010000789.1	Chromosome		NW_021822918.1	unplaced-scaffold	87781			contig789
GCF_901001165.1	Primary Assembly	Un			CAAJIE010000790.1	Chromosome		NW_021822919.1	unplaced-scaffold	87721			contig790
GCF_901001165.1	Primary Assembly	Un			CAAJIE010000791.1	Chromosome		NW_021822920.1	unplaced-scaffold	87803			contig791
GCF_901001165.1	Primary Assembly	Un			CAAJIE010000792.1	Chromosome		NW_021822921.1	unplaced-scaffold	87797			contig792
GCF_901001165.1	Primary Assembly	Un			CAAJIE010000793.1	Chromosome		NW_021822922.1	unplaced-scaffold	86783			contig793
GCF_901001165.1	Primary Assembly	Un			CAAJIE010000794.1	Chromosome		NW_021822923.1	unplaced-scaffold	86335			contig794
GCF_901001165.1	Primary Assembly	Un			CAAJIE010000795.1	Chromosome		NW_021822924.1	unplaced-scaffold	86733			contig795
GCF_901001165.1	Primary Assembly	Un			CAAJIE010000796.1	Chromosome		NW_021822925.1	unplaced-scaffold	86727			contig796
GCF_901001165.1	Primary Assembly	Un			CAAJIE010000797.1	Chromosome		NW_021822926.1	unplaced-scaffold	86096			contig797
GCF_901001165.1	Primary Assembly	Un			CAAJIE010000798.1	Chromosome		NW_021822927.1	unplaced-scaffold	85691			contig798
GCF_901001165.1	Primary Assembly	Un			CAAJIE010000799.1	Chromosome		NW_021822928.1	unplaced-scaffold	85853			contig799
GCF_901001165.1	Primary Assembly	Un			CAAJIE010000800.1	Chromosome		NW_021822929.1	unplaced-scaffold	85717			contig800
GCF_901001165.1	Primary Assembly	Un			CAAJIE010000801.1	Chromosome		NW_021822930.1	unplaced-scaffold	84969			contig801
GCF_901001165.1	Primary Assembly	Un			CAAJIE010000802.1	Chromosome		NW_021822931.1	unplaced-scaffold	85151			contig802
GCF_901001165.1	Primary Assembly	Un			CAAJIE010000803.1	Chromosome		NW_021822932.1	unplaced-scaffold	85638			contig803
GCF_901001165.1	Primary Assembly	Un			CAAJIE010000804.1	Chromosome		NW_021822933.1	unplaced-scaffold	85294			contig804
GCF_901001165.1	Primary Assembly	Un			CAAJIE010000805.1	Chromosome		NW_021822934.1	unplaced-scaffold	84753			contig805
GCF_901001165.1	Primary Assembly	Un			CAAJIE010000806.1	Chromosome		NW_021822935.1	unplaced-scaffold	84171			contig806
GCF_901001165.1	Primary Assembly	Un			CAAJIE010000807.1	Chromosome		NW_021822936.1	unplaced-scaffold	84066			contig807
GCF_901001165.1	Primary Assembly	Un			CAAJIE010000808.1	Chromosome		NW_021822937.1	unplaced-scaffold	82838			contig808
GCF_901001165.1	Primary Assembly	Un			CAAJIE010000809.1	Chromosome		NW_021822938.1	unplaced-scaffold	82489			contig809
GCF_901001165.1	Primary Assembly	Un			CAAJIE010000810.1	Chromosome		NW_021822939.1	unplaced-scaffold	82619			contig810
GCF_901001165.1	Primary Assembly	Un			CAAJIE010000811.1	Chromosome		NW_021822940.1	unplaced-scaffold	82346			contig811
GCF_901001165.1	Primary Assembly	Un			CAAJIE010000812.1	Chromosome		NW_021822941.1	unplaced-scaffold	5246469			contig812
GCF_901001165.1	Primary Assembly	Un			CAAJIE010000813.1	Chromosome		NW_021822942.1	unplaced-scaffold	82916			contig813
GCF_901001165.1	Primary Assembly	Un			CAAJIE010000814.1	Chromosome		NW_021822943.1	unplaced-scaffold	81793			contig814
GCF_901001165.1	Primary Assembly	Un			CAAJIE010000815.1	Chromosome		NW_021822944.1	unplaced-scaffold	82241			contig815
GCF_901001165.1	Primary Assembly	Un			CAAJIE010000816.1	Chromosome		NW_021822945.1	unplaced-scaffold	81504			contig816
GCF_901001165.1	Primary Assembly	Un			CAAJIE010000817.1	Chromosome		NW_021822946.1	unplaced-scaffold	80997			contig817
GCF_901001165.1	Primary Assembly	Un			CAAJIE010000818.1	Chromosome		NW_021822947.1	unplaced-scaffold	80823			contig818
GCF_901001165.1	Primary Assembly	Un			CAAJIE010000819.1	Chromosome		NW_021822948.1	unplaced-scaffold	81230			contig819
GCF_901001165.1	Primary Assembly	Un			CAAJIE010000820.1	Chromosome		NW_021822949.1	unplaced-scaffold	80958			contig820
GCF_901001165.1	Primary Assembly	Un			CAAJIE010000821.1	Chromosome		NW_021822950.1	unplaced-scaffold	81090			contig821
GCF_901001165.1	Primary Assembly	Un			CAAJIE010000822.1	Chromosome		NW_021822951.1	unplaced-scaffold	80476			contig822
GCF_901001165.1	Primary Assembly	Un			CAAJIE010000823.1	Chromosome		NW_021822952.1	unplaced-scaffold	80752			contig823
GCF_901001165.1	Primary Assembly	Un			CAAJIE010000824.1	Chromosome		NW_021822953.1	unplaced-scaffold	80625			contig824
GCF_901001165.1	Primary Assembly	Un			CAAJIE010000825.1	Chromosome		NW_021822954.1	unplaced-scaffold	80035			contig825
GCF_901001165.1	Primary Assembly	Un			CAAJIE010000826.1	Chromosome		NW_021822955.1	unplaced-scaffold	79593			contig826
GCF_901001165.1	Primary Assembly	Un			CAAJIE010000827.1	Chromosome		NW_021822956.1	unplaced-scaffold	79332			contig827
GCF_901001165.1	Primary Assembly	Un			CAAJIE010000828.1	Chromosome		NW_021822957.1	unplaced-scaffold	78688			contig828
GCF_901001165.1	Primary Assembly	Un			CAAJIE010000829.1	Chromosome		NW_021822958.1	unplaced-scaffold	78618			contig829
GCF_901001165.1	Primary Assembly	Un			CAAJIE010000830.1	Chromosome		NW_021822959.1	unplaced-scaffold	78986			contig830
GCF_901001165.1	Primary Assembly	Un			CAAJIE010000831.1	Chromosome		NW_021822960.1	unplaced-scaffold	78322			contig831
GCF_901001165.1	Primary Assembly	Un			CAAJIE010000832.1	Chromosome		NW_021822961.1	unplaced-scaffold	78192			contig832
GCF_901001165.1	Primary Assembly	Un			CAAJIE010000833.1	Chromosome		NW_021822962.1	unplaced-scaffold	4759194			contig833
GCF_901001165.1	Primary Assembly	Un			CAAJIE010000834.1	Chromosome		NW_021822963.1	unplaced-scaffold	78862			contig834
GCF_901001165.1	Primary Assembly	Un			CAAJIE010000835.1	Chromosome		NW_021822964.1	unplaced-scaffold	77889			contig835
GCF_901001165.1	Primary Assembly	Un			CAAJIE010000836.1	Chromosome		NW_021822965.1	unplaced-scaffold	77746			contig836
GCF_901001165.1	Primary Assembly	Un			CAAJIE010000837.1	Chromosome		NW_021822966.1	unplaced-scaffold	77619			contig837
GCF_901001165.1	Primary Assembly	Un			CAAJIE010000838.1	Chromosome		NW_021822967.1	unplaced-scaffold	77233			contig838
GCF_901001165.1	Primary Assembly	Un			CAAJIE010000839.1	Chromosome		NW_021822968.1	unplaced-scaffold	76939			contig839
GCF_901001165.1	Primary Assembly	Un			CAAJIE010000840.1	Chromosome		NW_021822969.1	unplaced-scaffold	77316			contig840
GCF_901001165.1	Primary Assembly	Un			CAAJIE010000841.1	Chromosome		NW_021822970.1	unplaced-scaffold	76325			contig841
GCF_901001165.1	Primary Assembly	Un			CAAJIE010000842.1	Chromosome		NW_021822971.1	unplaced-scaffold	76620			contig842
GCF_901001165.1	Primary Assembly	Un			CAAJIE010000843.1	Chromosome		NW_021822972.1	unplaced-scaffold	76687			contig843
GCF_901001165.1	Primary Assembly	Un			CAAJIE010000844.1	Chromosome		NW_021822973.1	unplaced-scaffold	75950			contig844
GCF_901001165.1	Primary Assembly	Un			CAAJIE010000845.1	Chromosome		NW_021822974.1	unplaced-scaffold	75805			contig845
GCF_901001165.1	Primary Assembly	Un			CAAJIE010000846.1	Chromosome		NW_021822975.1	unplaced-scaffold	75771			contig846
GCF_901001165.1	Primary Assembly	Un			CAAJIE010000847.1	Chromosome		NW_021822976.1	unplaced-scaffold	75736			contig847
GCF_901001165.1	Primary Assembly	Un			CAAJIE010000848.1	Chromosome		NW_021822977.1	unplaced-scaffold	75272			contig848
GCF_901001165.1	Primary Assembly	Un			CAAJIE010000849.1	Chromosome		NW_021822978.1	unplaced-scaffold	75198			contig849
GCF_901001165.1	Primary Assembly	Un			CAAJIE010000850.1	Chromosome		NW_021822979.1	unplaced-scaffold	74698			contig850
GCF_901001165.1	Primary Assembly	Un			CAAJIE010000851.1	Chromosome		NW_021822980.1	unplaced-scaffold	74627			contig851
GCF_901001165.1	Primary Assembly	Un			CAAJIE010000852.1	Chromosome		NW_021822981.1	unplaced-scaffold	74647			contig852
GCF_901001165.1	Primary Assembly	Un			CAAJIE010000853.1	Chromosome		NW_021822982.1	unplaced-scaffold	74513			contig853
GCF_901001165.1	Primary Assembly	Un			CAAJIE010000854.1	Chromosome		NW_021822983.1	unplaced-scaffold	74960			contig854
GCF_901001165.1	Primary Assembly	Un			CAAJIE010000855.1	Chromosome		NW_021822984.1	unplaced-scaffold	74577			contig855
GCF_901001165.1	Primary Assembly	Un			CAAJIE010000856.1	Chromosome		NW_021822985.1	unplaced-scaffold	74137			contig856
GCF_901001165.1	Primary Assembly	Un			CAAJIE010000857.1	Chromosome		NW_021822986.1	unplaced-scaffold	73784			contig857
GCF_901001165.1	Primary Assembly	Un			CAAJIE010000858.1	Chromosome		NW_021822987.1	unplaced-scaffold	73983			contig858
GCF_901001165.1	Primary Assembly	Un			CAAJIE010000859.1	Chromosome		NW_021822988.1	unplaced-scaffold	72833			contig859
GCF_901001165.1	Primary Assembly	Un			CAAJIE010000860.1	Chromosome		NW_021822989.1	unplaced-scaffold	73416			contig860
GCF_901001165.1	Primary Assembly	Un			CAAJIE010000861.1	Chromosome		NW_021822990.1	unplaced-scaffold	72364			contig861
GCF_901001165.1	Primary Assembly	Un			CAAJIE010000862.1	Chromosome		NW_021822991.1	unplaced-scaffold	72396			contig862
GCF_901001165.1	Primary Assembly	Un			CAAJIE010000863.1	Chromosome		NW_021822992.1	unplaced-scaffold	4443743			contig863
GCF_901001165.1	Primary Assembly	Un			CAAJIE010000864.1	Chromosome		NW_021822993.1	unplaced-scaffold	72170			contig864
GCF_901001165.1	Primary Assembly	Un			CAAJIE010000865.1	Chromosome		NW_021822994.1	unplaced-scaffold	71910			contig865
GCF_901001165.1	Primary Assembly	Un			CAAJIE010000866.1	Chromosome		NW_021822995.1	unplaced-scaffold	72298			contig866
GCF_901001165.1	Primary Assembly	Un			CAAJIE010000867.1	Chromosome		NW_021822996.1	unplaced-scaffold	72095			contig867
GCF_901001165.1	Primary Assembly	Un			CAAJIE010000868.1	Chromosome		NW_021822997.1	unplaced-scaffold	72036			contig868
GCF_901001165.1	Primary Assembly	Un			CAAJIE010000869.1	Chromosome		NW_021822998.1	unplaced-scaffold	71701			contig869
GCF_901001165.1	Primary Assembly	Un			CAAJIE010000870.1	Chromosome		NW_021822999.1	unplaced-scaffold	71568			contig870
GCF_901001165.1	Primary Assembly	Un			CAAJIE010000871.1	Chromosome		NW_021823000.1	unplaced-scaffold	71104			contig871
GCF_901001165.1	Primary Assembly	Un			CAAJIE010000872.1	Chromosome		NW_021823001.1	unplaced-scaffold	70881			contig872
GCF_901001165.1	Primary Assembly	Un			CAAJIE010000873.1	Chromosome		NW_021823002.1	unplaced-scaffold	70646			contig873
GCF_901001165.1	Primary Assembly	Un			CAAJIE010000874.1	Chromosome		NW_021823003.1	unplaced-scaffold	70636			contig874
GCF_901001165.1	Primary Assembly	Un			CAAJIE010000875.1	Chromosome		NW_021823004.1	unplaced-scaffold	70690			contig875
GCF_901001165.1	Primary Assembly	Un			CAAJIE010000876.1	Chromosome		NW_021823005.1	unplaced-scaffold	70679			contig876
GCF_901001165.1	Primary Assembly	Un			CAAJIE010000877.1	Chromosome		NW_021823006.1	unplaced-scaffold	70333			contig877
GCF_901001165.1	Primary Assembly	Un			CAAJIE010000878.1	Chromosome		NW_021823007.1	unplaced-scaffold	70822			contig878
GCF_901001165.1	Primary Assembly	Un			CAAJIE010000879.1	Chromosome		NW_021823008.1	unplaced-scaffold	70496			contig879
GCF_901001165.1	Primary Assembly	Un			CAAJIE010000880.1	Chromosome		NW_021823009.1	unplaced-scaffold	70384			contig880
GCF_901001165.1	Primary Assembly	Un			CAAJIE010000881.1	Chromosome		NW_021823010.1	unplaced-scaffold	69401			contig881
GCF_901001165.1	Primary Assembly	Un			CAAJIE010000882.1	Chromosome		NW_021823011.1	unplaced-scaffold	69174			contig882
GCF_901001165.1	Primary Assembly	Un			CAAJIE010000883.1	Chromosome		NW_021823012.1	unplaced-scaffold	69456			contig883
GCF_901001165.1	Primary Assembly	Un			CAAJIE010000884.1	Chromosome		NW_021823013.1	unplaced-scaffold	68883			contig884
GCF_901001165.1	Primary Assembly	Un			CAAJIE010000885.1	Chromosome		NW_021823014.1	unplaced-scaffold	69062			contig885
GCF_901001165.1	Primary Assembly	Un			CAAJIE010000886.1	Chromosome		NW_021823015.1	unplaced-scaffold	68689			contig886
GCF_901001165.1	Primary Assembly	Un			CAAJIE010000887.1	Chromosome		NW_021823016.1	unplaced-scaffold	69053			contig887
GCF_901001165.1	Primary Assembly	Un			CAAJIE010000888.1	Chromosome		NW_021823017.1	unplaced-scaffold	68525			contig888
GCF_901001165.1	Primary Assembly	Un			CAAJIE010000889.1	Chromosome		NW_021823018.1	unplaced-scaffold	69047			contig889
GCF_901001165.1	Primary Assembly	Un			CAAJIE010000890.1	Chromosome		NW_021823019.1	unplaced-scaffold	68697			contig890
GCF_901001165.1	Primary Assembly	Un			CAAJIE010000891.1	Chromosome		NW_021823020.1	unplaced-scaffold	67475			contig891
GCF_901001165.1	Primary Assembly	Un			CAAJIE010000892.1	Chromosome		NW_021823021.1	unplaced-scaffold	66646			contig892
GCF_901001165.1	Primary Assembly	Un			CAAJIE010000893.1	Chromosome		NW_021823022.1	unplaced-scaffold	67134			contig893
GCF_901001165.1	Primary Assembly	Un			CAAJIE010000894.1	Chromosome		NW_021823023.1	unplaced-scaffold	66562			contig894
GCF_901001165.1	Primary Assembly	Un			CAAJIE010000895.1	Chromosome		NW_021823024.1	unplaced-scaffold	65921			contig895
GCF_901001165.1	Primary Assembly	Un			CAAJIE010000896.1	Chromosome		NW_021823025.1	unplaced-scaffold	65737			contig896
GCF_901001165.1	Primary Assembly	Un			CAAJIE010000897.1	Chromosome		NW_021823026.1	unplaced-scaffold	65813			contig897
GCF_901001165.1	Primary Assembly	Un			CAAJIE010000898.1	Chromosome		NW_021823027.1	unplaced-scaffold	65649			contig898
GCF_901001165.1	Primary Assembly	Un			CAAJIE010000899.1	Chromosome		NW_021823028.1	unplaced-scaffold	65267			contig899
GCF_901001165.1	Primary Assembly	Un			CAAJIE010000900.1	Chromosome		NW_021823029.1	unplaced-scaffold	65088			contig900
GCF_901001165.1	Primary Assembly	Un			CAAJIE010000901.1	Chromosome		NW_021823030.1	unplaced-scaffold	64663			contig901
GCF_901001165.1	Primary Assembly	Un			CAAJIE010000902.1	Chromosome		NW_021823031.1	unplaced-scaffold	64351			contig902
GCF_901001165.1	Primary Assembly	Un			CAAJIE010000903.1	Chromosome		NW_021823032.1	unplaced-scaffold	63919			contig903
GCF_901001165.1	Primary Assembly	Un			CAAJIE010000904.1	Chromosome		NW_021823033.1	unplaced-scaffold	63920			contig904
GCF_901001165.1	Primary Assembly	Un			CAAJIE010000905.1	Chromosome		NW_021823034.1	unplaced-scaffold	63769			contig905
GCF_901001165.1	Primary Assembly	Un			CAAJIE010000906.1	Chromosome		NW_021823035.1	unplaced-scaffold	63474			contig906
GCF_901001165.1	Primary Assembly	Un			CAAJIE010000907.1	Chromosome		NW_021823036.1	unplaced-scaffold	63696			contig907
GCF_901001165.1	Primary Assembly	Un			CAAJIE010000908.1	Chromosome		NW_021823037.1	unplaced-scaffold	64537			contig908
GCF_901001165.1	Primary Assembly	Un			CAAJIE010000909.1	Chromosome		NW_021823038.1	unplaced-scaffold	63373			contig909
GCF_901001165.1	Primary Assembly	Un			CAAJIE010000910.1	Chromosome		NW_021823039.1	unplaced-scaffold	63478			contig910
GCF_901001165.1	Primary Assembly	Un			CAAJIE010000911.1	Chromosome		NW_021823040.1	unplaced-scaffold	63171			contig911
GCF_901001165.1	Primary Assembly	Un			CAAJIE010000912.1	Chromosome		NW_021823041.1	unplaced-scaffold	63484			contig912
GCF_901001165.1	Primary Assembly	Un			CAAJIE010000913.1	Chromosome		NW_021823042.1	unplaced-scaffold	62828			contig913
GCF_901001165.1	Primary Assembly	Un			CAAJIE010000914.1	Chromosome		NW_021823043.1	unplaced-scaffold	3741878			contig914
GCF_901001165.1	Primary Assembly	Un			CAAJIE010000915.1	Chromosome		NW_021823044.1	unplaced-scaffold	62536			contig915
GCF_901001165.1	Primary Assembly	Un			CAAJIE010000916.1	Chromosome		NW_021823045.1	unplaced-scaffold	62254			contig916
GCF_901001165.1	Primary Assembly	Un			CAAJIE010000917.1	Chromosome		NW_021823046.1	unplaced-scaffold	62041			contig917
GCF_901001165.1	Primary Assembly	Un			CAAJIE010000918.1	Chromosome		NW_021823047.1	unplaced-scaffold	62081			contig918
GCF_901001165.1	Primary Assembly	Un			CAAJIE010000919.1	Chromosome		NW_021823048.1	unplaced-scaffold	62202			contig919
GCF_901001165.1	Primary Assembly	Un			CAAJIE010000920.1	Chromosome		NW_021823049.1	unplaced-scaffold	61810			contig920
GCF_901001165.1	Primary Assembly	Un			CAAJIE010000921.1	Chromosome		NW_021823050.1	unplaced-scaffold	61709			contig921
GCF_901001165.1	Primary Assembly	Un			CAAJIE010000922.1	Chromosome		NW_021823051.1	unplaced-scaffold	61233			contig922
GCF_901001165.1	Primary Assembly	Un			CAAJIE010000923.1	Chromosome		NW_021823052.1	unplaced-scaffold	61557			contig923
GCF_901001165.1	Primary Assembly	Un			CAAJIE010000924.1	Chromosome		NW_021823053.1	unplaced-scaffold	60780			contig924
GCF_901001165.1	Primary Assembly	Un			CAAJIE010000925.1	Chromosome		NW_021823054.1	unplaced-scaffold	60864			contig925
GCF_901001165.1	Primary Assembly	Un			CAAJIE010000926.1	Chromosome		NW_021823055.1	unplaced-scaffold	60105			contig926
GCF_901001165.1	Primary Assembly	Un			CAAJIE010000927.1	Chromosome		NW_021823056.1	unplaced-scaffold	60162			contig927
GCF_901001165.1	Primary Assembly	Un			CAAJIE010000928.1	Chromosome		NW_021823057.1	unplaced-scaffold	60073			contig928
GCF_901001165.1	Primary Assembly	Un			CAAJIE010000929.1	Chromosome		NW_021823058.1	unplaced-scaffold	60037			contig929
GCF_901001165.1	Primary Assembly	Un			CAAJIE010000930.1	Chromosome		NW_021823059.1	unplaced-scaffold	59961			contig930
GCF_901001165.1	Primary Assembly	Un			CAAJIE010000931.1	Chromosome		NW_021823060.1	unplaced-scaffold	59968			contig931
GCF_901001165.1	Primary Assembly	Un			CAAJIE010000932.1	Chromosome		NW_021823061.1	unplaced-scaffold	59897			contig932
GCF_901001165.1	Primary Assembly	Un			CAAJIE010000933.1	Chromosome		NW_021823062.1	unplaced-scaffold	60180			contig933
GCF_901001165.1	Primary Assembly	Un			CAAJIE010000934.1	Chromosome		NW_021823063.1	unplaced-scaffold	59719			contig934
GCF_901001165.1	Primary Assembly	Un			CAAJIE010000935.1	Chromosome		NW_021823064.1	unplaced-scaffold	59701			contig935
GCF_901001165.1	Primary Assembly	Un			CAAJIE010000936.1	Chromosome		NW_021823065.1	unplaced-scaffold	59683			contig936
GCF_901001165.1	Primary Assembly	Un			CAAJIE010000937.1	Chromosome		NW_021823066.1	unplaced-scaffold	59540			contig937
GCF_901001165.1	Primary Assembly	Un			CAAJIE010000938.1	Chromosome		NW_021823067.1	unplaced-scaffold	59460			contig938
GCF_901001165.1	Primary Assembly	Un			CAAJIE010000939.1	Chromosome		NW_021823068.1	unplaced-scaffold	59395			contig939
GCF_901001165.1	Primary Assembly	Un			CAAJIE010000940.1	Chromosome		NW_021823069.1	unplaced-scaffold	59350			contig940
GCF_901001165.1	Primary Assembly	Un			CAAJIE010000941.1	Chromosome		NW_021823070.1	unplaced-scaffold	59217			contig941
GCF_901001165.1	Primary Assembly	Un			CAAJIE010000942.1	Chromosome		NW_021823071.1	unplaced-scaffold	59625			contig942
GCF_901001165.1	Primary Assembly	Un			CAAJIE010000943.1	Chromosome		NW_021823072.1	unplaced-scaffold	59083			contig943
GCF_901001165.1	Primary Assembly	Un			CAAJIE010000944.1	Chromosome		NW_021823073.1	unplaced-scaffold	3482325			contig944
GCF_901001165.1	Primary Assembly	Un			CAAJIE010000945.1	Chromosome		NW_021823074.1	unplaced-scaffold	59061			contig945
GCF_901001165.1	Primary Assembly	Un			CAAJIE010000946.1	Chromosome		NW_021823075.1	unplaced-scaffold	59158			contig946
GCF_901001165.1	Primary Assembly	Un			CAAJIE010000947.1	Chromosome		NW_021823076.1	unplaced-scaffold	59058			contig947
GCF_901001165.1	Primary Assembly	Un			CAAJIE010000948.1	Chromosome		NW_021823077.1	unplaced-scaffold	58904			contig948
GCF_901001165.1	Primary Assembly	Un			CAAJIE010000949.1	Chromosome		NW_021823078.1	unplaced-scaffold	58853			contig949
GCF_901001165.1	Primary Assembly	Un			CAAJIE010000950.1	Chromosome		NW_021823079.1	unplaced-scaffold	58843			contig950
GCF_901001165.1	Primary Assembly	Un			CAAJIE010000951.1	Chromosome		NW_021823080.1	unplaced-scaffold	58879			contig951
GCF_901001165.1	Primary Assembly	Un			CAAJIE010000952.1	Chromosome		NW_021823081.1	unplaced-scaffold	58668			contig952
GCF_901001165.1	Primary Assembly	Un			CAAJIE010000953.1	Chromosome		NW_021823082.1	unplaced-scaffold	59035			contig953
GCF_901001165.1	Primary Assembly	Un			CAAJIE010000954.1	Chromosome		NW_021823083.1	unplaced-scaffold	58406			contig954
GCF_901001165.1	Primary Assembly	Un			CAAJIE010000955.1	Chromosome		NW_021823084.1	unplaced-scaffold	58383			contig955
GCF_901001165.1	Primary Assembly	Un			CAAJIE010000956.1	Chromosome		NW_021823085.1	unplaced-scaffold	58359			contig956
GCF_901001165.1	Primary Assembly	Un			CAAJIE010000957.1	Chromosome		NW_021823086.1	unplaced-scaffold	58432			contig957
GCF_901001165.1	Primary Assembly	Un			CAAJIE010000958.1	Chromosome		NW_021823087.1	unplaced-scaffold	58280			contig958
GCF_901001165.1	Primary Assembly	Un			CAAJIE010000959.1	Chromosome		NW_021823088.1	unplaced-scaffold	58734			contig959
GCF_901001165.1	Primary Assembly	Un			CAAJIE010000960.1	Chromosome		NW_021823089.1	unplaced-scaffold	58155			contig960
GCF_901001165.1	Primary Assembly	Un			CAAJIE010000961.1	Chromosome		NW_021823090.1	unplaced-scaffold	58120			contig961
GCF_901001165.1	Primary Assembly	Un			CAAJIE010000962.1	Chromosome		NW_021823091.1	unplaced-scaffold	57975			contig962
GCF_901001165.1	Primary Assembly	Un			CAAJIE010000963.1	Chromosome		NW_021823092.1	unplaced-scaffold	57975			contig963
GCF_901001165.1	Primary Assembly	Un			CAAJIE010000964.1	Chromosome		NW_021823093.1	unplaced-scaffold	57820			contig964
GCF_901001165.1	Primary Assembly	Un			CAAJIE010000965.1	Chromosome		NW_021823094.1	unplaced-scaffold	57603			contig965
GCF_901001165.1	Primary Assembly	Un			CAAJIE010000966.1	Chromosome		NW_021823095.1	unplaced-scaffold	57671			contig966
GCF_901001165.1	Primary Assembly	Un			CAAJIE010000967.1	Chromosome		NW_021823096.1	unplaced-scaffold	57587			contig967
GCF_901001165.1	Primary Assembly	Un			CAAJIE010000968.1	Chromosome		NW_021823097.1	unplaced-scaffold	57767			contig968
GCF_901001165.1	Primary Assembly	Un			CAAJIE010000969.1	Chromosome		NW_021823098.1	unplaced-scaffold	57664			contig969
GCF_901001165.1	Primary Assembly	Un			CAAJIE010000970.1	Chromosome		NW_021823099.1	unplaced-scaffold	57546			contig970
GCF_901001165.1	Primary Assembly	Un			CAAJIE010000971.1	Chromosome		NW_021823100.1	unplaced-scaffold	57317			contig971
GCF_901001165.1	Primary Assembly	Un			CAAJIE010000972.1	Chromosome		NW_021823101.1	unplaced-scaffold	57257			contig972
GCF_901001165.1	Primary Assembly	Un			CAAJIE010000973.1	Chromosome		NW_021823102.1	unplaced-scaffold	57274			contig973
GCF_901001165.1	Primary Assembly	Un			CAAJIE010000974.1	Chromosome		NW_021823103.1	unplaced-scaffold	56405			contig974
GCF_901001165.1	Primary Assembly	Un			CAAJIE010000975.1	Chromosome		NW_021823104.1	unplaced-scaffold	3241233			contig975
GCF_901001165.1	Primary Assembly	Un			CAAJIE010000976.1	Chromosome		NW_021823105.1	unplaced-scaffold	57549			contig976
GCF_901001165.1	Primary Assembly	Un			CAAJIE010000977.1	Chromosome		NW_021823106.1	unplaced-scaffold	58201			contig977
GCF_901001165.1	Primary Assembly	Un			CAAJIE010000978.1	Chromosome		NW_021823107.1	unplaced-scaffold	57080			contig978
GCF_901001165.1	Primary Assembly	Un			CAAJIE010000979.1	Chromosome		NW_021823108.1	unplaced-scaffold	57047			contig979
GCF_901001165.1	Primary Assembly	Un			CAAJIE010000980.1	Chromosome		NW_021823109.1	unplaced-scaffold	56966			contig980
GCF_901001165.1	Primary Assembly	Un			CAAJIE010000981.1	Chromosome		NW_021823110.1	unplaced-scaffold	57400			contig981
GCF_901001165.1	Primary Assembly	Un			CAAJIE010000982.1	Chromosome		NW_021823111.1	unplaced-scaffold	57166			contig982
GCF_901001165.1	Primary Assembly	Un			CAAJIE010000983.1	Chromosome		NW_021823112.1	unplaced-scaffold	57304			contig983
GCF_901001165.1	Primary Assembly	Un			CAAJIE010000984.1	Chromosome		NW_021823113.1	unplaced-scaffold	57446			contig984
GCF_901001165.1	Primary Assembly	Un			CAAJIE010000985.1	Chromosome		NW_021823114.1	unplaced-scaffold	56868			contig985
GCF_901001165.1	Primary Assembly	Un			CAAJIE010000986.1	Chromosome		NW_021823115.1	unplaced-scaffold	3192219			contig986
GCF_901001165.1	Primary Assembly	Un			CAAJIE010000987.1	Chromosome		NW_021823116.1	unplaced-scaffold	56857			contig987
GCF_901001165.1	Primary Assembly	Un			CAAJIE010000988.1	Chromosome		NW_021823117.1	unplaced-scaffold	57042			contig988
GCF_901001165.1	Primary Assembly	Un			CAAJIE010000989.1	Chromosome		NW_021823118.1	unplaced-scaffold	56828			contig989
GCF_901001165.1	Primary Assembly	Un			CAAJIE010000990.1	Chromosome		NW_021823119.1	unplaced-scaffold	57275			contig990
GCF_901001165.1	Primary Assembly	Un			CAAJIE010000991.1	Chromosome		NW_021823120.1	unplaced-scaffold	56666			contig991
GCF_901001165.1	Primary Assembly	Un			CAAJIE010000992.1	Chromosome		NW_021823121.1	unplaced-scaffold	56641			contig992
GCF_901001165.1	Primary Assembly	Un			CAAJIE010000993.1	Chromosome		NW_021823122.1	unplaced-scaffold	56591			contig993
GCF_901001165.1	Primary Assembly	Un			CAAJIE010000994.1	Chromosome		NW_021823123.1	unplaced-scaffold	56411			contig994
GCF_901001165.1	Primary Assembly	Un			CAAJIE010000995.1	Chromosome		NW_021823124.1	unplaced-scaffold	56116			contig995
GCF_901001165.1	Primary Assembly	Un			CAAJIE010000996.1	Chromosome		NW_021823125.1	unplaced-scaffold	55625			contig996
GCF_901001165.1	Primary Assembly	Un			CAAJIE010000997.1	Chromosome		NW_021823126.1	unplaced-scaffold	55917			contig997
GCF_901001165.1	Primary Assembly	Un			CAAJIE010000998.1	Chromosome		NW_021823127.1	unplaced-scaffold	56167			contig998
GCF_901001165.1	Primary Assembly	Un			CAAJIE010000999.1	Chromosome		NW_021823128.1	unplaced-scaffold	55919			contig999
GCF_901001165.1	Primary Assembly	Un			CAAJIE010001000.1	Chromosome		NW_021823129.1	unplaced-scaffold	55943			contig1000
GCF_901001165.1	Primary Assembly	Un			CAAJIE010001001.1	Chromosome		NW_021823130.1	unplaced-scaffold	56059			contig1001
GCF_901001165.1	Primary Assembly	Un			CAAJIE010001002.1	Chromosome		NW_021823131.1	unplaced-scaffold	57852			contig1002
GCF_901001165.1	Primary Assembly	Un			CAAJIE010001003.1	Chromosome		NW_021823132.1	unplaced-scaffold	55814			contig1003
GCF_901001165.1	Primary Assembly	Un			CAAJIE010001004.1	Chromosome		NW_021823133.1	unplaced-scaffold	55942			contig1004
GCF_901001165.1	Primary Assembly	Un			CAAJIE010001005.1	Chromosome		NW_021823134.1	unplaced-scaffold	55686			contig1005
GCF_901001165.1	Primary Assembly	Un			CAAJIE010001006.1	Chromosome		NW_021823135.1	unplaced-scaffold	55755			contig1006
GCF_901001165.1	Primary Assembly	Un			CAAJIE010001007.1	Chromosome		NW_021823136.1	unplaced-scaffold	55692			contig1007
GCF_901001165.1	Primary Assembly	Un			CAAJIE010001008.1	Chromosome		NW_021823137.1	unplaced-scaffold	56152			contig1008
GCF_901001165.1	Primary Assembly	Un			CAAJIE010001009.1	Chromosome		NW_021823138.1	unplaced-scaffold	55618			contig1009
GCF_901001165.1	Primary Assembly	Un			CAAJIE010001010.1	Chromosome		NW_021823139.1	unplaced-scaffold	55575			contig1010
GCF_901001165.1	Primary Assembly	Un			CAAJIE010001011.1	Chromosome		NW_021823140.1	unplaced-scaffold	56118			contig1011
GCF_901001165.1	Primary Assembly	Un			CAAJIE010001012.1	Chromosome		NW_021823141.1	unplaced-scaffold	55509			contig1012
GCF_901001165.1	Primary Assembly	Un			CAAJIE010001013.1	Chromosome		NW_021823142.1	unplaced-scaffold	55418			contig1013
GCF_901001165.1	Primary Assembly	Un			CAAJIE010001014.1	Chromosome		NW_021823143.1	unplaced-scaffold	55294			contig1014
GCF_901001165.1	Primary Assembly	Un			CAAJIE010001015.1	Chromosome		NW_021823144.1	unplaced-scaffold	55388			contig1015
GCF_901001165.1	Primary Assembly	Un			CAAJIE010001016.1	Chromosome		NW_021823145.1	unplaced-scaffold	55253			contig1016
GCF_901001165.1	Primary Assembly	Un			CAAJIE010001017.1	Chromosome		NW_021823146.1	unplaced-scaffold	55363			contig1017
GCF_901001165.1	Primary Assembly	Un			CAAJIE010001018.1	Chromosome		NW_021823147.1	unplaced-scaffold	55251			contig1018
GCF_901001165.1	Primary Assembly	Un			CAAJIE010001019.1	Chromosome		NW_021823148.1	unplaced-scaffold	55174			contig1019
GCF_901001165.1	Primary Assembly	Un			CAAJIE010001020.1	Chromosome		NW_021823149.1	unplaced-scaffold	55144			contig1020
GCF_901001165.1	Primary Assembly	Un			CAAJIE010001021.1	Chromosome		NW_021823150.1	unplaced-scaffold	54972			contig1021
GCF_901001165.1	Primary Assembly	Un			CAAJIE010001022.1	Chromosome		NW_021823151.1	unplaced-scaffold	55075			contig1022
GCF_901001165.1	Primary Assembly	Un			CAAJIE010001023.1	Chromosome		NW_021823152.1	unplaced-scaffold	54892			contig1023
GCF_901001165.1	Primary Assembly	Un			CAAJIE010001024.1	Chromosome		NW_021823153.1	unplaced-scaffold	54872			contig1024
GCF_901001165.1	Primary Assembly	Un			CAAJIE010001025.1	Chromosome		NW_021823154.1	unplaced-scaffold	2988091			contig1025
GCF_901001165.1	Primary Assembly	Un			CAAJIE010001026.1	Chromosome		NW_021823155.1	unplaced-scaffold	56378			contig1026
GCF_901001165.1	Primary Assembly	Un			CAAJIE010001027.1	Chromosome		NW_021823156.1	unplaced-scaffold	54670			contig1027
GCF_901001165.1	Primary Assembly	Un			CAAJIE010001028.1	Chromosome		NW_021823157.1	unplaced-scaffold	55230			contig1028
GCF_901001165.1	Primary Assembly	Un			CAAJIE010001029.1	Chromosome		NW_021823158.1	unplaced-scaffold	54612			contig1029
GCF_901001165.1	Primary Assembly	Un			CAAJIE010001030.1	Chromosome		NW_021823159.1	unplaced-scaffold	54635			contig1030
GCF_901001165.1	Primary Assembly	Un			CAAJIE010001031.1	Chromosome		NW_021823160.1	unplaced-scaffold	54517			contig1031
GCF_901001165.1	Primary Assembly	Un			CAAJIE010001032.1	Chromosome		NW_021823161.1	unplaced-scaffold	54401			contig1032
GCF_901001165.1	Primary Assembly	Un			CAAJIE010001033.1	Chromosome		NW_021823162.1	unplaced-scaffold	54462			contig1033
GCF_901001165.1	Primary Assembly	Un			CAAJIE010001034.1	Chromosome		NW_021823163.1	unplaced-scaffold	54243			contig1034
GCF_901001165.1	Primary Assembly	Un			CAAJIE010001035.1	Chromosome		NW_021823164.1	unplaced-scaffold	54739			contig1035
GCF_901001165.1	Primary Assembly	Un			CAAJIE010001036.1	Chromosome		NW_021823165.1	unplaced-scaffold	54108			contig1036
GCF_901001165.1	Primary Assembly	Un			CAAJIE010001037.1	Chromosome		NW_021823166.1	unplaced-scaffold	54054			contig1037
GCF_901001165.1	Primary Assembly	Un			CAAJIE010001038.1	Chromosome		NW_021823167.1	unplaced-scaffold	54106			contig1038
GCF_901001165.1	Primary Assembly	Un			CAAJIE010001039.1	Chromosome		NW_021823168.1	unplaced-scaffold	54111			contig1039
GCF_901001165.1	Primary Assembly	Un			CAAJIE010001040.1	Chromosome		NW_021823169.1	unplaced-scaffold	53919			contig1040
GCF_901001165.1	Primary Assembly	Un			CAAJIE010001041.1	Chromosome		NW_021823170.1	unplaced-scaffold	53913			contig1041
GCF_901001165.1	Primary Assembly	Un			CAAJIE010001042.1	Chromosome		NW_021823171.1	unplaced-scaffold	53838			contig1042
GCF_901001165.1	Primary Assembly	Un			CAAJIE010001043.1	Chromosome		NW_021823172.1	unplaced-scaffold	54621			contig1043
GCF_901001165.1	Primary Assembly	Un			CAAJIE010001044.1	Chromosome		NW_021823173.1	unplaced-scaffold	53630			contig1044
GCF_901001165.1	Primary Assembly	Un			CAAJIE010001045.1	Chromosome		NW_021823174.1	unplaced-scaffold	53639			contig1045
GCF_901001165.1	Primary Assembly	Un			CAAJIE010001046.1	Chromosome		NW_021823175.1	unplaced-scaffold	53681			contig1046
GCF_901001165.1	Primary Assembly	Un			CAAJIE010001047.1	Chromosome		NW_021823176.1	unplaced-scaffold	53519			contig1047
GCF_901001165.1	Primary Assembly	Un			CAAJIE010001048.1	Chromosome		NW_021823177.1	unplaced-scaffold	53492			contig1048
GCF_901001165.1	Primary Assembly	Un			CAAJIE010001049.1	Chromosome		NW_021823178.1	unplaced-scaffold	53436			contig1049
GCF_901001165.1	Primary Assembly	Un			CAAJIE010001050.1	Chromosome		NW_021823179.1	unplaced-scaffold	53418			contig1050
GCF_901001165.1	Primary Assembly	Un			CAAJIE010001051.1	Chromosome		NW_021823180.1	unplaced-scaffold	53459			contig1051
GCF_901001165.1	Primary Assembly	Un			CAAJIE010001052.1	Chromosome		NW_021823181.1	unplaced-scaffold	53159			contig1052
GCF_901001165.1	Primary Assembly	Un			CAAJIE010001053.1	Chromosome		NW_021823182.1	unplaced-scaffold	52969			contig1053
GCF_901001165.1	Primary Assembly	Un			CAAJIE010001054.1	Chromosome		NW_021823183.1	unplaced-scaffold	53056			contig1054
GCF_901001165.1	Primary Assembly	Un			CAAJIE010001055.1	Chromosome		NW_021823184.1	unplaced-scaffold	53279			contig1055
GCF_901001165.1	Primary Assembly	Un			CAAJIE010001056.1	Chromosome		NW_021823185.1	unplaced-scaffold	53145			contig1056
GCF_901001165.1	Primary Assembly	Un			CAAJIE010001057.1	Chromosome		NW_021823186.1	unplaced-scaffold	53227			contig1057
GCF_901001165.1	Primary Assembly	Un			CAAJIE010001058.1	Chromosome		NW_021823187.1	unplaced-scaffold	53506			contig1058
GCF_901001165.1	Primary Assembly	Un			CAAJIE010001059.1	Chromosome		NW_021823188.1	unplaced-scaffold	52828			contig1059
GCF_901001165.1	Primary Assembly	Un			CAAJIE010001060.1	Chromosome		NW_021823189.1	unplaced-scaffold	52679			contig1060
GCF_901001165.1	Primary Assembly	Un			CAAJIE010001061.1	Chromosome		NW_021823190.1	unplaced-scaffold	52676			contig1061
GCF_901001165.1	Primary Assembly	Un			CAAJIE010001062.1	Chromosome		NW_021823191.1	unplaced-scaffold	52697			contig1062
GCF_901001165.1	Primary Assembly	Un			CAAJIE010001063.1	Chromosome		NW_021823192.1	unplaced-scaffold	52854			contig1063
GCF_901001165.1	Primary Assembly	Un			CAAJIE010001064.1	Chromosome		NW_021823193.1	unplaced-scaffold	52620			contig1064
GCF_901001165.1	Primary Assembly	Un			CAAJIE010001065.1	Chromosome		NW_021823194.1	unplaced-scaffold	52678			contig1065
GCF_901001165.1	Primary Assembly	Un			CAAJIE010001066.1	Chromosome		NW_021823195.1	unplaced-scaffold	2907930			contig1066
GCF_901001165.1	Primary Assembly	Un			CAAJIE010001067.1	Chromosome		NW_021823196.1	unplaced-scaffold	52570			contig1067
GCF_901001165.1	Primary Assembly	Un			CAAJIE010001068.1	Chromosome		NW_021823197.1	unplaced-scaffold	52369			contig1068
GCF_901001165.1	Primary Assembly	Un			CAAJIE010001069.1	Chromosome		NW_021823198.1	unplaced-scaffold	52546			contig1069
GCF_901001165.1	Primary Assembly	Un			CAAJIE010001070.1	Chromosome		NW_021823199.1	unplaced-scaffold	52377			contig1070
GCF_901001165.1	Primary Assembly	Un			CAAJIE010001071.1	Chromosome		NW_021823200.1	unplaced-scaffold	52287			contig1071
GCF_901001165.1	Primary Assembly	Un			CAAJIE010001072.1	Chromosome		NW_021823201.1	unplaced-scaffold	52472			contig1072
GCF_901001165.1	Primary Assembly	Un			CAAJIE010001073.1	Chromosome		NW_021823202.1	unplaced-scaffold	52192			contig1073
GCF_901001165.1	Primary Assembly	Un			CAAJIE010001074.1	Chromosome		NW_021823203.1	unplaced-scaffold	52107			contig1074
GCF_901001165.1	Primary Assembly	Un			CAAJIE010001075.1	Chromosome		NW_021823204.1	unplaced-scaffold	52042			contig1075
GCF_901001165.1	Primary Assembly	Un			CAAJIE010001076.1	Chromosome		NW_021823205.1	unplaced-scaffold	52083			contig1076
GCF_901001165.1	Primary Assembly	Un			CAAJIE010001077.1	Chromosome		NW_021823206.1	unplaced-scaffold	52008			contig1077
GCF_901001165.1	Primary Assembly	Un			CAAJIE010001078.1	Chromosome		NW_021823207.1	unplaced-scaffold	51942			contig1078
GCF_901001165.1	Primary Assembly	Un			CAAJIE010001079.1	Chromosome		NW_021823208.1	unplaced-scaffold	51941			contig1079
GCF_901001165.1	Primary Assembly	Un			CAAJIE010001080.1	Chromosome		NW_021823209.1	unplaced-scaffold	51937			contig1080
GCF_901001165.1	Primary Assembly	Un			CAAJIE010001081.1	Chromosome		NW_021823210.1	unplaced-scaffold	51838			contig1081
GCF_901001165.1	Primary Assembly	Un			CAAJIE010001082.1	Chromosome		NW_021823211.1	unplaced-scaffold	51785			contig1082
GCF_901001165.1	Primary Assembly	Un			CAAJIE010001083.1	Chromosome		NW_021823212.1	unplaced-scaffold	51738			contig1083
GCF_901001165.1	Primary Assembly	Un			CAAJIE010001084.1	Chromosome		NW_021823213.1	unplaced-scaffold	51851			contig1084
GCF_901001165.1	Primary Assembly	Un			CAAJIE010001085.1	Chromosome		NW_021823214.1	unplaced-scaffold	51958			contig1085
GCF_901001165.1	Primary Assembly	Un			CAAJIE010001086.1	Chromosome		NW_021823215.1	unplaced-scaffold	51754			contig1086
GCF_901001165.1	Primary Assembly	Un			CAAJIE010001087.1	Chromosome		NW_021823216.1	unplaced-scaffold	2833277			contig1087
GCF_901001165.1	Primary Assembly	Un			CAAJIE010001088.1	Chromosome		NW_021823217.1	unplaced-scaffold	51637			contig1088
GCF_901001165.1	Primary Assembly	Un			CAAJIE010001089.1	Chromosome		NW_021823218.1	unplaced-scaffold	51599			contig1089
GCF_901001165.1	Primary Assembly	Un			CAAJIE010001090.1	Chromosome		NW_021823219.1	unplaced-scaffold	51573			contig1090
GCF_901001165.1	Primary Assembly	Un			CAAJIE010001091.1	Chromosome		NW_021823220.1	unplaced-scaffold	51562			contig1091
GCF_901001165.1	Primary Assembly	Un			CAAJIE010001092.1	Chromosome		NW_021823221.1	unplaced-scaffold	51708			contig1092
GCF_901001165.1	Primary Assembly	Un			CAAJIE010001093.1	Chromosome		NW_021823222.1	unplaced-scaffold	51307			contig1093
GCF_901001165.1	Primary Assembly	Un			CAAJIE010001094.1	Chromosome		NW_021823223.1	unplaced-scaffold	51206			contig1094
GCF_901001165.1	Primary Assembly	Un			CAAJIE010001095.1	Chromosome		NW_021823224.1	unplaced-scaffold	51321			contig1095
GCF_901001165.1	Primary Assembly	Un			CAAJIE010001096.1	Chromosome		NW_021823225.1	unplaced-scaffold	51107			contig1096
GCF_901001165.1	Primary Assembly	Un			CAAJIE010001097.1	Chromosome		NW_021823226.1	unplaced-scaffold	50987			contig1097
GCF_901001165.1	Primary Assembly	Un			CAAJIE010001098.1	Chromosome		NW_021823227.1	unplaced-scaffold	51178			contig1098
GCF_901001165.1	Primary Assembly	Un			CAAJIE010001099.1	Chromosome		NW_021823228.1	unplaced-scaffold	51102			contig1099
GCF_901001165.1	Primary Assembly	Un			CAAJIE010001100.1	Chromosome		NW_021823229.1	unplaced-scaffold	51596			contig1100
GCF_901001165.1	Primary Assembly	Un			CAAJIE010001101.1	Chromosome		NW_021823230.1	unplaced-scaffold	50905			contig1101
GCF_901001165.1	Primary Assembly	Un			CAAJIE010001102.1	Chromosome		NW_021823231.1	unplaced-scaffold	51449			contig1102
GCF_901001165.1	Primary Assembly	Un			CAAJIE010001103.1	Chromosome		NW_021823232.1	unplaced-scaffold	50851			contig1103
GCF_901001165.1	Primary Assembly	Un			CAAJIE010001104.1	Chromosome		NW_021823233.1	unplaced-scaffold	50838			contig1104
GCF_901001165.1	Primary Assembly	Un			CAAJIE010001105.1	Chromosome		NW_021823234.1	unplaced-scaffold	50811			contig1105
GCF_901001165.1	Primary Assembly	Un			CAAJIE010001106.1	Chromosome		NW_021823235.1	unplaced-scaffold	50642			contig1106
GCF_901001165.1	Primary Assembly	Un			CAAJIE010001107.1	Chromosome		NW_021823236.1	unplaced-scaffold	50720			contig1107
GCF_901001165.1	Primary Assembly	Un			CAAJIE010001108.1	Chromosome		NW_021823237.1	unplaced-scaffold	2760988			contig1108
GCF_901001165.1	Primary Assembly	Un			CAAJIE010001109.1	Chromosome		NW_021823238.1	unplaced-scaffold	50643			contig1109
GCF_901001165.1	Primary Assembly	Un			CAAJIE010001110.1	Chromosome		NW_021823239.1	unplaced-scaffold	50579			contig1110
GCF_901001165.1	Primary Assembly	Un			CAAJIE010001111.1	Chromosome		NW_021823240.1	unplaced-scaffold	50439			contig1111
GCF_901001165.1	Primary Assembly	Un			CAAJIE010001112.1	Chromosome		NW_021823241.1	unplaced-scaffold	50750			contig1112
GCF_901001165.1	Primary Assembly	Un			CAAJIE010001113.1	Chromosome		NW_021823242.1	unplaced-scaffold	50439			contig1113
GCF_901001165.1	Primary Assembly	Un			CAAJIE010001114.1	Chromosome		NW_021823243.1	unplaced-scaffold	50394			contig1114
GCF_901001165.1	Primary Assembly	Un			CAAJIE010001115.1	Chromosome		NW_021823244.1	unplaced-scaffold	50467			contig1115
GCF_901001165.1	Primary Assembly	Un			CAAJIE010001116.1	Chromosome		NW_021823245.1	unplaced-scaffold	50459			contig1116
GCF_901001165.1	Primary Assembly	Un			CAAJIE010001117.1	Chromosome		NW_021823246.1	unplaced-scaffold	50303			contig1117
GCF_901001165.1	Primary Assembly	Un			CAAJIE010001118.1	Chromosome		NW_021823247.1	unplaced-scaffold	50276			contig1118
GCF_901001165.1	Primary Assembly	Un			CAAJIE010001119.1	Chromosome		NW_021823248.1	unplaced-scaffold	50412			contig1119
GCF_901001165.1	Primary Assembly	Un			CAAJIE010001120.1	Chromosome		NW_021823249.1	unplaced-scaffold	50193			contig1120
GCF_901001165.1	Primary Assembly	Un			CAAJIE010001121.1	Chromosome		NW_021823250.1	unplaced-scaffold	50718			contig1121
GCF_901001165.1	Primary Assembly	Un			CAAJIE010001122.1	Chromosome		NW_021823251.1	unplaced-scaffold	50265			contig1122
GCF_901001165.1	Primary Assembly	Un			CAAJIE010001123.1	Chromosome		NW_021823252.1	unplaced-scaffold	50203			contig1123
GCF_901001165.1	Primary Assembly	Un			CAAJIE010001124.1	Chromosome		NW_021823253.1	unplaced-scaffold	50218			contig1124
GCF_901001165.1	Primary Assembly	Un			CAAJIE010001125.1	Chromosome		NW_021823254.1	unplaced-scaffold	50042			contig1125
GCF_901001165.1	Primary Assembly	Un			CAAJIE010001126.1	Chromosome		NW_021823255.1	unplaced-scaffold	50247			contig1126
GCF_901001165.1	Primary Assembly	Un			CAAJIE010001127.1	Chromosome		NW_021823256.1	unplaced-scaffold	50341			contig1127
GCF_901001165.1	Primary Assembly	Un			CAAJIE010001128.1	Chromosome		NW_021823257.1	unplaced-scaffold	50094			contig1128
GCF_901001165.1	Primary Assembly	Un			CAAJIE010001129.1	Chromosome		NW_021823258.1	unplaced-scaffold	2688013			contig1129
GCF_901001165.1	Primary Assembly	Un			CAAJIE010001130.1	Chromosome		NW_021823259.1	unplaced-scaffold	50017			contig1130
GCF_901001165.1	Primary Assembly	Un			CAAJIE010001131.1	Chromosome		NW_021823260.1	unplaced-scaffold	50021			contig1131
GCF_901001165.1	Primary Assembly	Un			CAAJIE010001132.1	Chromosome		NW_021823261.1	unplaced-scaffold	50132			contig1132
GCF_901001165.1	Primary Assembly	Un			CAAJIE010001133.1	Chromosome		NW_021823262.1	unplaced-scaffold	49955			contig1133
GCF_901001165.1	Primary Assembly	Un			CAAJIE010001134.1	Chromosome		NW_021823263.1	unplaced-scaffold	50039			contig1134
GCF_901001165.1	Primary Assembly	Un			CAAJIE010001135.1	Chromosome		NW_021823264.1	unplaced-scaffold	50073			contig1135
GCF_901001165.1	Primary Assembly	Un			CAAJIE010001136.1	Chromosome		NW_021823265.1	unplaced-scaffold	50013			contig1136
GCF_901001165.1	Primary Assembly	Un			CAAJIE010001137.1	Chromosome		NW_021823266.1	unplaced-scaffold	50017			contig1137
GCF_901001165.1	Primary Assembly	Un			CAAJIE010001138.1	Chromosome		NW_021823267.1	unplaced-scaffold	50005			contig1138
GCF_901001165.1	Primary Assembly	Un			CAAJIE010001139.1	Chromosome		NW_021823268.1	unplaced-scaffold	50067			contig1139
GCF_901001165.1	Primary Assembly	Un			CAAJIE010001140.1	Chromosome		NW_021823269.1	unplaced-scaffold	50014			contig1140
GCF_901001165.1	Primary Assembly	Un			CAAJIE010001141.1	Chromosome		NW_021823270.1	unplaced-scaffold	49996			contig1141
GCF_901001165.1	Primary Assembly	Un			CAAJIE010001142.1	Chromosome		NW_021823271.1	unplaced-scaffold	50219			contig1142
GCF_901001165.1	Primary Assembly	Un			CAAJIE010001143.1	Chromosome		NW_021823272.1	unplaced-scaffold	50281			contig1143
GCF_901001165.1	Primary Assembly	Un			CAAJIE010001144.1	Chromosome		NW_021823273.1	unplaced-scaffold	50001			contig1144
GCF_901001165.1	Primary Assembly	Un			CAAJIE010001145.1	Chromosome		NW_021823274.1	unplaced-scaffold	50274			contig1145
GCF_901001165.1	Primary Assembly	Un			CAAJIE010001146.1	Chromosome		NW_021823275.1	unplaced-scaffold	50128			contig1146
GCF_901001165.1	Primary Assembly	Un			CAAJIE010001147.1	Chromosome		NW_021823276.1	unplaced-scaffold	50216			contig1147
GCF_901001165.1	Primary Assembly	Un			CAAJIE010001148.1	Chromosome		NW_021823277.1	unplaced-scaffold	50217			contig1148
GCF_901001165.1	Primary Assembly	Un			CAAJIE010001149.1	Chromosome		NW_021823278.1	unplaced-scaffold	49973			contig1149
GCF_901001165.1	Primary Assembly	Un			CAAJIE010001150.1	Chromosome		NW_021823279.1	unplaced-scaffold	50229			contig1150
GCF_901001165.1	Primary Assembly	Un			CAAJIE010001151.1	Chromosome		NW_021823280.1	unplaced-scaffold	49932			contig1151
GCF_901001165.1	Primary Assembly	Un			CAAJIE010001152.1	Chromosome		NW_021823281.1	unplaced-scaffold	49998			contig1152
GCF_901001165.1	Primary Assembly	Un			CAAJIE010001153.1	Chromosome		NW_021823282.1	unplaced-scaffold	49936			contig1153
GCF_901001165.1	Primary Assembly	Un			CAAJIE010001154.1	Chromosome		NW_021823283.1	unplaced-scaffold	49904			contig1154
GCF_901001165.1	Primary Assembly	Un			CAAJIE010001155.1	Chromosome		NW_021823284.1	unplaced-scaffold	49737			contig1155
GCF_901001165.1	Primary Assembly	Un			CAAJIE010001156.1	Chromosome		NW_021823285.1	unplaced-scaffold	49517			contig1156
GCF_901001165.1	Primary Assembly	Un			CAAJIE010001157.1	Chromosome		NW_021823286.1	unplaced-scaffold	49524			contig1157
GCF_901001165.1	Primary Assembly	Un			CAAJIE010001158.1	Chromosome		NW_021823287.1	unplaced-scaffold	49431			contig1158
GCF_901001165.1	Primary Assembly	Un			CAAJIE010001159.1	Chromosome		NW_021823288.1	unplaced-scaffold	49933			contig1159
GCF_901001165.1	Primary Assembly	Un			CAAJIE010001160.1	Chromosome		NW_021823289.1	unplaced-scaffold	49395			contig1160
GCF_901001165.1	Primary Assembly	Un			CAAJIE010001161.1	Chromosome		NW_021823290.1	unplaced-scaffold	49574			contig1161
GCF_901001165.1	Primary Assembly	Un			CAAJIE010001162.1	Chromosome		NW_021823291.1	unplaced-scaffold	49372			contig1162
GCF_901001165.1	Primary Assembly	Un			CAAJIE010001163.1	Chromosome		NW_021823292.1	unplaced-scaffold	49286			contig1163
GCF_901001165.1	Primary Assembly	Un			CAAJIE010001164.1	Chromosome		NW_021823293.1	unplaced-scaffold	49163			contig1164
GCF_901001165.1	Primary Assembly	Un			CAAJIE010001165.1	Chromosome		NW_021823294.1	unplaced-scaffold	49181			contig1165
GCF_901001165.1	Primary Assembly	Un			CAAJIE010001166.1	Chromosome		NW_021823295.1	unplaced-scaffold	49140			contig1166
GCF_901001165.1	Primary Assembly	Un			CAAJIE010001167.1	Chromosome		NW_021823296.1	unplaced-scaffold	49120			contig1167
GCF_901001165.1	Primary Assembly	Un			CAAJIE010001168.1	Chromosome		NW_021823297.1	unplaced-scaffold	49203			contig1168
GCF_901001165.1	Primary Assembly	Un			CAAJIE010001169.1	Chromosome		NW_021823298.1	unplaced-scaffold	49007			contig1169
GCF_901001165.1	Primary Assembly	Un			CAAJIE010001170.1	Chromosome		NW_021823299.1	unplaced-scaffold	49047			contig1170
GCF_901001165.1	Primary Assembly	Un			CAAJIE010001171.1	Chromosome		NW_021823300.1	unplaced-scaffold	48821			contig1171
GCF_901001165.1	Primary Assembly	Un			CAAJIE010001172.1	Chromosome		NW_021823301.1	unplaced-scaffold	48821			contig1172
GCF_901001165.1	Primary Assembly	Un			CAAJIE010001173.1	Chromosome		NW_021823302.1	unplaced-scaffold	48803			contig1173
GCF_901001165.1	Primary Assembly	Un			CAAJIE010001174.1	Chromosome		NW_021823303.1	unplaced-scaffold	48773			contig1174
GCF_901001165.1	Primary Assembly	Un			CAAJIE010001175.1	Chromosome		NW_021823304.1	unplaced-scaffold	48659			contig1175
GCF_901001165.1	Primary Assembly	Un			CAAJIE010001176.1	Chromosome		NW_021823305.1	unplaced-scaffold	48697			contig1176
GCF_901001165.1	Primary Assembly	Un			CAAJIE010001177.1	Chromosome		NW_021823306.1	unplaced-scaffold	48593			contig1177
GCF_901001165.1	Primary Assembly	Un			CAAJIE010001178.1	Chromosome		NW_021823307.1	unplaced-scaffold	48565			contig1178
GCF_901001165.1	Primary Assembly	Un			CAAJIE010001179.1	Chromosome		NW_021823308.1	unplaced-scaffold	48858			contig1179
GCF_901001165.1	Primary Assembly	Un			CAAJIE010001180.1	Chromosome		NW_021823309.1	unplaced-scaffold	48481			contig1180
GCF_901001165.1	Primary Assembly	Un			CAAJIE010001181.1	Chromosome		NW_021823310.1	unplaced-scaffold	48802			contig1181
GCF_901001165.1	Primary Assembly	Un			CAAJIE010001182.1	Chromosome		NW_021823311.1	unplaced-scaffold	48431			contig1182
GCF_901001165.1	Primary Assembly	Un			CAAJIE010001183.1	Chromosome		NW_021823312.1	unplaced-scaffold	48390			contig1183
GCF_901001165.1	Primary Assembly	Un			CAAJIE010001184.1	Chromosome		NW_021823313.1	unplaced-scaffold	48277			contig1184
GCF_901001165.1	Primary Assembly	Un			CAAJIE010001185.1	Chromosome		NW_021823314.1	unplaced-scaffold	48301			contig1185
GCF_901001165.1	Primary Assembly	Un			CAAJIE010001186.1	Chromosome		NW_021823315.1	unplaced-scaffold	48487			contig1186
GCF_901001165.1	Primary Assembly	Un			CAAJIE010001187.1	Chromosome		NW_021823316.1	unplaced-scaffold	48419			contig1187
GCF_901001165.1	Primary Assembly	Un			CAAJIE010001188.1	Chromosome		NW_021823317.1	unplaced-scaffold	48427			contig1188
GCF_901001165.1	Primary Assembly	Un			CAAJIE010001189.1	Chromosome		NW_021823318.1	unplaced-scaffold	48295			contig1189
GCF_901001165.1	Primary Assembly	Un			CAAJIE010001190.1	Chromosome		NW_021823319.1	unplaced-scaffold	2233757			contig1190
GCF_901001165.1	Primary Assembly	Un			CAAJIE010001191.1	Chromosome		NW_021823320.1	unplaced-scaffold	48568			contig1191
GCF_901001165.1	Primary Assembly	Un			CAAJIE010001192.1	Chromosome		NW_021823321.1	unplaced-scaffold	48474			contig1192
GCF_901001165.1	Primary Assembly	Un			CAAJIE010001193.1	Chromosome		NW_021823322.1	unplaced-scaffold	48058			contig1193
GCF_901001165.1	Primary Assembly	Un			CAAJIE010001194.1	Chromosome		NW_021823323.1	unplaced-scaffold	48183			contig1194
GCF_901001165.1	Primary Assembly	Un			CAAJIE010001195.1	Chromosome		NW_021823324.1	unplaced-scaffold	48031			contig1195
GCF_901001165.1	Primary Assembly	Un			CAAJIE010001196.1	Chromosome		NW_021823325.1	unplaced-scaffold	48196			contig1196
GCF_901001165.1	Primary Assembly	Un			CAAJIE010001197.1	Chromosome		NW_021823326.1	unplaced-scaffold	47949			contig1197
GCF_901001165.1	Primary Assembly	Un			CAAJIE010001198.1	Chromosome		NW_021823327.1	unplaced-scaffold	47842			contig1198
GCF_901001165.1	Primary Assembly	Un			CAAJIE010001199.1	Chromosome		NW_021823328.1	unplaced-scaffold	47511			contig1199
GCF_901001165.1	Primary Assembly	Un			CAAJIE010001200.1	Chromosome		NW_021823329.1	unplaced-scaffold	47003			contig1200
GCF_901001165.1	Primary Assembly	Un			CAAJIE010001201.1	Chromosome		NW_021823330.1	unplaced-scaffold	47404			contig1201
GCF_901001165.1	Primary Assembly	Un			CAAJIE010001202.1	Chromosome		NW_021823331.1	unplaced-scaffold	47162			contig1202
GCF_901001165.1	Primary Assembly	Un			CAAJIE010001203.1	Chromosome		NW_021823332.1	unplaced-scaffold	47110			contig1203
GCF_901001165.1	Primary Assembly	Un			CAAJIE010001204.1	Chromosome		NW_021823333.1	unplaced-scaffold	47017			contig1204
GCF_901001165.1	Primary Assembly	Un			CAAJIE010001205.1	Chromosome		NW_021823334.1	unplaced-scaffold	47064			contig1205
GCF_901001165.1	Primary Assembly	Un			CAAJIE010001206.1	Chromosome		NW_021823335.1	unplaced-scaffold	46963			contig1206
GCF_901001165.1	Primary Assembly	Un			CAAJIE010001207.1	Chromosome		NW_021823336.1	unplaced-scaffold	46966			contig1207
GCF_901001165.1	Primary Assembly	Un			CAAJIE010001208.1	Chromosome		NW_021823337.1	unplaced-scaffold	46860			contig1208
GCF_901001165.1	Primary Assembly	Un			CAAJIE010001209.1	Chromosome		NW_021823338.1	unplaced-scaffold	46797			contig1209
GCF_901001165.1	Primary Assembly	Un			CAAJIE010001210.1	Chromosome		NW_021823339.1	unplaced-scaffold	46848			contig1210
GCF_901001165.1	Primary Assembly	Un			CAAJIE010001211.1	Chromosome		NW_021823340.1	unplaced-scaffold	46740			contig1211
GCF_901001165.1	Primary Assembly	Un			CAAJIE010001212.1	Chromosome		NW_021823341.1	unplaced-scaffold	45913			contig1212
GCF_901001165.1	Primary Assembly	Un			CAAJIE010001213.1	Chromosome		NW_021823342.1	unplaced-scaffold	46615			contig1213
GCF_901001165.1	Primary Assembly	Un			CAAJIE010001214.1	Chromosome		NW_021823343.1	unplaced-scaffold	46750			contig1214
GCF_901001165.1	Primary Assembly	Un			CAAJIE010001215.1	Chromosome		NW_021823344.1	unplaced-scaffold	46711			contig1215
GCF_901001165.1	Primary Assembly	Un			CAAJIE010001216.1	Chromosome		NW_021823345.1	unplaced-scaffold	46670			contig1216
GCF_901001165.1	Primary Assembly	Un			CAAJIE010001217.1	Chromosome		NW_021823346.1	unplaced-scaffold	46535			contig1217
GCF_901001165.1	Primary Assembly	Un			CAAJIE010001218.1	Chromosome		NW_021823347.1	unplaced-scaffold	46440			contig1218
GCF_901001165.1	Primary Assembly	Un			CAAJIE010001219.1	Chromosome		NW_021823348.1	unplaced-scaffold	46406			contig1219
GCF_901001165.1	Primary Assembly	Un			CAAJIE010001220.1	Chromosome		NW_021823349.1	unplaced-scaffold	46352			contig1220
GCF_901001165.1	Primary Assembly	Un			CAAJIE010001221.1	Chromosome		NW_021823350.1	unplaced-scaffold	2061308			contig1221
GCF_901001165.1	Primary Assembly	Un			CAAJIE010001222.1	Chromosome		NW_021823351.1	unplaced-scaffold	46305			contig1222
GCF_901001165.1	Primary Assembly	Un			CAAJIE010001223.1	Chromosome		NW_021823352.1	unplaced-scaffold	46232			contig1223
GCF_901001165.1	Primary Assembly	Un			CAAJIE010001224.1	Chromosome		NW_021823353.1	unplaced-scaffold	46129			contig1224
GCF_901001165.1	Primary Assembly	Un			CAAJIE010001225.1	Chromosome		NW_021823354.1	unplaced-scaffold	46149			contig1225
GCF_901001165.1	Primary Assembly	Un			CAAJIE010001226.1	Chromosome		NW_021823355.1	unplaced-scaffold	46070			contig1226
GCF_901001165.1	Primary Assembly	Un			CAAJIE010001227.1	Chromosome		NW_021823356.1	unplaced-scaffold	46136			contig1227
GCF_901001165.1	Primary Assembly	Un			CAAJIE010001228.1	Chromosome		NW_021823357.1	unplaced-scaffold	46040			contig1228
GCF_901001165.1	Primary Assembly	Un			CAAJIE010001229.1	Chromosome		NW_021823358.1	unplaced-scaffold	45981			contig1229
GCF_901001165.1	Primary Assembly	Un			CAAJIE010001230.1	Chromosome		NW_021823359.1	unplaced-scaffold	45838			contig1230
GCF_901001165.1	Primary Assembly	Un			CAAJIE010001231.1	Chromosome		NW_021823360.1	unplaced-scaffold	45952			contig1231
GCF_901001165.1	Primary Assembly	Un			CAAJIE010001232.1	Chromosome		NW_021823361.1	unplaced-scaffold	46073			contig1232
GCF_901001165.1	Primary Assembly	Un			CAAJIE010001233.1	Chromosome		NW_021823362.1	unplaced-scaffold	46596			contig1233
GCF_901001165.1	Primary Assembly	Un			CAAJIE010001234.1	Chromosome		NW_021823363.1	unplaced-scaffold	45723			contig1234
GCF_901001165.1	Primary Assembly	Un			CAAJIE010001235.1	Chromosome		NW_021823364.1	unplaced-scaffold	45617			contig1235
GCF_901001165.1	Primary Assembly	Un			CAAJIE010001236.1	Chromosome		NW_021823365.1	unplaced-scaffold	45519			contig1236
GCF_901001165.1	Primary Assembly	Un			CAAJIE010001237.1	Chromosome		NW_021823366.1	unplaced-scaffold	45554			contig1237
GCF_901001165.1	Primary Assembly	Un			CAAJIE010001238.1	Chromosome		NW_021823367.1	unplaced-scaffold	45585			contig1238
GCF_901001165.1	Primary Assembly	Un			CAAJIE010001239.1	Chromosome		NW_021823368.1	unplaced-scaffold	45458			contig1239
GCF_901001165.1	Primary Assembly	Un			CAAJIE010001240.1	Chromosome		NW_021823369.1	unplaced-scaffold	45366			contig1240
GCF_901001165.1	Primary Assembly	Un			CAAJIE010001241.1	Chromosome		NW_021823370.1	unplaced-scaffold	45391			contig1241
GCF_901001165.1	Primary Assembly	Un			CAAJIE010001242.1	Chromosome		NW_021823371.1	unplaced-scaffold	45212			contig1242
GCF_901001165.1	Primary Assembly	Un			CAAJIE010001243.1	Chromosome		NW_021823372.1	unplaced-scaffold	45358			contig1243
GCF_901001165.1	Primary Assembly	Un			CAAJIE010001244.1	Chromosome		NW_021823373.1	unplaced-scaffold	45135			contig1244
GCF_901001165.1	Primary Assembly	Un			CAAJIE010001245.1	Chromosome		NW_021823374.1	unplaced-scaffold	45230			contig1245
GCF_901001165.1	Primary Assembly	Un			CAAJIE010001246.1	Chromosome		NW_021823375.1	unplaced-scaffold	45144			contig1246
GCF_901001165.1	Primary Assembly	Un			CAAJIE010001247.1	Chromosome		NW_021823376.1	unplaced-scaffold	45487			contig1247
GCF_901001165.1	Primary Assembly	Un			CAAJIE010001248.1	Chromosome		NW_021823377.1	unplaced-scaffold	45052			contig1248
GCF_901001165.1	Primary Assembly	Un			CAAJIE010001249.1	Chromosome		NW_021823378.1	unplaced-scaffold	45004			contig1249
GCF_901001165.1	Primary Assembly	Un			CAAJIE010001250.1	Chromosome		NW_021823379.1	unplaced-scaffold	45061			contig1250
GCF_901001165.1	Primary Assembly	Un			CAAJIE010001251.1	Chromosome		NW_021823380.1	unplaced-scaffold	44958			contig1251
GCF_901001165.1	Primary Assembly	Un			CAAJIE010001252.1	Chromosome		NW_021823381.1	unplaced-scaffold	44898			contig1252
GCF_901001165.1	Primary Assembly	Un			CAAJIE010001253.1	Chromosome		NW_021823382.1	unplaced-scaffold	44816			contig1253
GCF_901001165.1	Primary Assembly	Un			CAAJIE010001254.1	Chromosome		NW_021823383.1	unplaced-scaffold	44733			contig1254
GCF_901001165.1	Primary Assembly	Un			CAAJIE010001255.1	Chromosome		NW_021823384.1	unplaced-scaffold	44746			contig1255
GCF_901001165.1	Primary Assembly	Un			CAAJIE010001256.1	Chromosome		NW_021823385.1	unplaced-scaffold	44890			contig1256
GCF_901001165.1	Primary Assembly	Un			CAAJIE010001257.1	Chromosome		NW_021823386.1	unplaced-scaffold	44885			contig1257
GCF_901001165.1	Primary Assembly	Un			CAAJIE010001258.1	Chromosome		NW_021823387.1	unplaced-scaffold	44573			contig1258
GCF_901001165.1	Primary Assembly	Un			CAAJIE010001259.1	Chromosome		NW_021823388.1	unplaced-scaffold	44335			contig1259
GCF_901001165.1	Primary Assembly	Un			CAAJIE010001260.1	Chromosome		NW_021823389.1	unplaced-scaffold	44324			contig1260
GCF_901001165.1	Primary Assembly	Un			CAAJIE010001261.1	Chromosome		NW_021823390.1	unplaced-scaffold	44377			contig1261
GCF_901001165.1	Primary Assembly	Un			CAAJIE010001262.1	Chromosome		NW_021823391.1	unplaced-scaffold	44363			contig1262
GCF_901001165.1	Primary Assembly	Un			CAAJIE010001263.1	Chromosome		NW_021823392.1	unplaced-scaffold	44356			contig1263
GCF_901001165.1	Primary Assembly	Un			CAAJIE010001264.1	Chromosome		NW_021823393.1	unplaced-scaffold	44462			contig1264
GCF_901001165.1	Primary Assembly	Un			CAAJIE010001265.1	Chromosome		NW_021823394.1	unplaced-scaffold	44453			contig1265
GCF_901001165.1	Primary Assembly	Un			CAAJIE010001266.1	Chromosome		NW_021823395.1	unplaced-scaffold	44153			contig1266
GCF_901001165.1	Primary Assembly	Un			CAAJIE010001267.1	Chromosome		NW_021823396.1	unplaced-scaffold	44174			contig1267
GCF_901001165.1	Primary Assembly	Un			CAAJIE010001268.1	Chromosome		NW_021823397.1	unplaced-scaffold	44142			contig1268
GCF_901001165.1	Primary Assembly	Un			CAAJIE010001269.1	Chromosome		NW_021823398.1	unplaced-scaffold	44113			contig1269
GCF_901001165.1	Primary Assembly	Un			CAAJIE010001270.1	Chromosome		NW_021823399.1	unplaced-scaffold	44119			contig1270
GCF_901001165.1	Primary Assembly	Un			CAAJIE010001271.1	Chromosome		NW_021823400.1	unplaced-scaffold	44044			contig1271
GCF_901001165.1	Primary Assembly	Un			CAAJIE010001272.1	Chromosome		NW_021823401.1	unplaced-scaffold	1008803			contig1272
GCF_901001165.1	Primary Assembly	Un			CAAJIE010001273.1	Chromosome		NW_021823402.1	unplaced-scaffold	44025			contig1273
GCF_901001165.1	Primary Assembly	Un			CAAJIE010001274.1	Chromosome		NW_021823403.1	unplaced-scaffold	44081			contig1274
GCF_901001165.1	Primary Assembly	Un			CAAJIE010001275.1	Chromosome		NW_021823404.1	unplaced-scaffold	43892			contig1275
GCF_901001165.1	Primary Assembly	Un			CAAJIE010001276.1	Chromosome		NW_021823405.1	unplaced-scaffold	43993			contig1276
GCF_901001165.1	Primary Assembly	Un			CAAJIE010001277.1	Chromosome		NW_021823406.1	unplaced-scaffold	43911			contig1277
GCF_901001165.1	Primary Assembly	Un			CAAJIE010001278.1	Chromosome		NW_021823407.1	unplaced-scaffold	43701			contig1278
GCF_901001165.1	Primary Assembly	Un			CAAJIE010001279.1	Chromosome		NW_021823408.1	unplaced-scaffold	45218			contig1279
GCF_901001165.1	Primary Assembly	Un			CAAJIE010001280.1	Chromosome		NW_021823409.1	unplaced-scaffold	43976			contig1280
GCF_901001165.1	Primary Assembly	Un			CAAJIE010001281.1	Chromosome		NW_021823410.1	unplaced-scaffold	43179			contig1281
GCF_901001165.1	Primary Assembly	Un			CAAJIE010001282.1	Chromosome		NW_021823411.1	unplaced-scaffold	43394			contig1282
GCF_901001165.1	Primary Assembly	Un			CAAJIE010001283.1	Chromosome		NW_021823412.1	unplaced-scaffold	1718048			contig1283
GCF_901001165.1	Primary Assembly	Un			CAAJIE010001284.1	Chromosome		NW_021823413.1	unplaced-scaffold	43173			contig1284
GCF_901001165.1	Primary Assembly	Un			CAAJIE010001285.1	Chromosome		NW_021823414.1	unplaced-scaffold	43456			contig1285
GCF_901001165.1	Primary Assembly	Un			CAAJIE010001286.1	Chromosome		NW_021823415.1	unplaced-scaffold	43131			contig1286
GCF_901001165.1	Primary Assembly	Un			CAAJIE010001287.1	Chromosome		NW_021823416.1	unplaced-scaffold	43157			contig1287
GCF_901001165.1	Primary Assembly	Un			CAAJIE010001288.1	Chromosome		NW_021823417.1	unplaced-scaffold	43304			contig1288
GCF_901001165.1	Primary Assembly	Un			CAAJIE010001289.1	Chromosome		NW_021823418.1	unplaced-scaffold	43128			contig1289
GCF_901001165.1	Primary Assembly	Un			CAAJIE010001290.1	Chromosome		NW_021823419.1	unplaced-scaffold	42988			contig1290
GCF_901001165.1	Primary Assembly	Un			CAAJIE010001291.1	Chromosome		NW_021823420.1	unplaced-scaffold	42916			contig1291
GCF_901001165.1	Primary Assembly	Un			CAAJIE010001292.1	Chromosome		NW_021823421.1	unplaced-scaffold	42953			contig1292
GCF_901001165.1	Primary Assembly	Un			CAAJIE010001293.1	Chromosome		NW_021823422.1	unplaced-scaffold	42864			contig1293
GCF_901001165.1	Primary Assembly	Un			CAAJIE010001294.1	Chromosome		NW_021823423.1	unplaced-scaffold	1700181			contig1294
GCF_901001165.1	Primary Assembly	Un			CAAJIE010001295.1	Chromosome		NW_021823424.1	unplaced-scaffold	43120			contig1295
GCF_901001165.1	Primary Assembly	Un			CAAJIE010001296.1	Chromosome		NW_021823425.1	unplaced-scaffold	42800			contig1296
GCF_901001165.1	Primary Assembly	Un			CAAJIE010001297.1	Chromosome		NW_021823426.1	unplaced-scaffold	42773			contig1297
GCF_901001165.1	Primary Assembly	Un			CAAJIE010001298.1	Chromosome		NW_021823427.1	unplaced-scaffold	42744			contig1298
GCF_901001165.1	Primary Assembly	Un			CAAJIE010001299.1	Chromosome		NW_021823428.1	unplaced-scaffold	42189			contig1299
GCF_901001165.1	Primary Assembly	Un			CAAJIE010001300.1	Chromosome		NW_021823429.1	unplaced-scaffold	42806			contig1300
GCF_901001165.1	Primary Assembly	Un			CAAJIE010001301.1	Chromosome		NW_021823430.1	unplaced-scaffold	42730			contig1301
GCF_901001165.1	Primary Assembly	Un			CAAJIE010001302.1	Chromosome		NW_021823431.1	unplaced-scaffold	42547			contig1302
GCF_901001165.1	Primary Assembly	Un			CAAJIE010001303.1	Chromosome		NW_021823432.1	unplaced-scaffold	42526			contig1303
GCF_901001165.1	Primary Assembly	Un			CAAJIE010001304.1	Chromosome		NW_021823433.1	unplaced-scaffold	42466			contig1304
GCF_901001165.1	Primary Assembly	Un			CAAJIE010001305.1	Chromosome		NW_021823434.1	unplaced-scaffold	1567845			contig1305
GCF_901001165.1	Primary Assembly	Un			CAAJIE010001306.1	Chromosome		NW_021823435.1	unplaced-scaffold	42387			contig1306
GCF_901001165.1	Primary Assembly	Un			CAAJIE010001307.1	Chromosome		NW_021823436.1	unplaced-scaffold	42439			contig1307
GCF_901001165.1	Primary Assembly	Un			CAAJIE010001308.1	Chromosome		NW_021823437.1	unplaced-scaffold	42314			contig1308
GCF_901001165.1	Primary Assembly	Un			CAAJIE010001309.1	Chromosome		NW_021823438.1	unplaced-scaffold	42209			contig1309
GCF_901001165.1	Primary Assembly	Un			CAAJIE010001310.1	Chromosome		NW_021823439.1	unplaced-scaffold	42198			contig1310
GCF_901001165.1	Primary Assembly	Un			CAAJIE010001311.1	Chromosome		NW_021823440.1	unplaced-scaffold	42177			contig1311
GCF_901001165.1	Primary Assembly	Un			CAAJIE010001312.1	Chromosome		NW_021823441.1	unplaced-scaffold	42266			contig1312
GCF_901001165.1	Primary Assembly	Un			CAAJIE010001313.1	Chromosome		NW_021823442.1	unplaced-scaffold	42092			contig1313
GCF_901001165.1	Primary Assembly	Un			CAAJIE010001314.1	Chromosome		NW_021823443.1	unplaced-scaffold	42297			contig1314
GCF_901001165.1	Primary Assembly	Un			CAAJIE010001315.1	Chromosome		NW_021823444.1	unplaced-scaffold	42327			contig1315
GCF_901001165.1	Primary Assembly	Un			CAAJIE010001316.1	Chromosome		NW_021823445.1	unplaced-scaffold	1349658			contig1316
GCF_901001165.1	Primary Assembly	Un			CAAJIE010001317.1	Chromosome		NW_021823446.1	unplaced-scaffold	42377			contig1317
GCF_901001165.1	Primary Assembly	Un			CAAJIE010001318.1	Chromosome		NW_021823447.1	unplaced-scaffold	41780			contig1318
GCF_901001165.1	Primary Assembly	Un			CAAJIE010001319.1	Chromosome		NW_021823448.1	unplaced-scaffold	41910			contig1319
GCF_901001165.1	Primary Assembly	Un			CAAJIE010001320.1	Chromosome		NW_021823449.1	unplaced-scaffold	41730			contig1320
GCF_901001165.1	Primary Assembly	Un			CAAJIE010001321.1	Chromosome		NW_021823450.1	unplaced-scaffold	41794			contig1321
GCF_901001165.1	Primary Assembly	Un			CAAJIE010001322.1	Chromosome		NW_021823451.1	unplaced-scaffold	41685			contig1322
GCF_901001165.1	Primary Assembly	Un			CAAJIE010001323.1	Chromosome		NW_021823452.1	unplaced-scaffold	41562			contig1323
GCF_901001165.1	Primary Assembly	Un			CAAJIE010001324.1	Chromosome		NW_021823453.1	unplaced-scaffold	41825			contig1324
GCF_901001165.1	Primary Assembly	Un			CAAJIE010001325.1	Chromosome		NW_021823454.1	unplaced-scaffold	41485			contig1325
GCF_901001165.1	Primary Assembly	Un			CAAJIE010001326.1	Chromosome		NW_021823455.1	unplaced-scaffold	41483			contig1326
GCF_901001165.1	Primary Assembly	Un			CAAJIE010001327.1	Chromosome		NW_021823456.1	unplaced-scaffold	1348957			contig1327
GCF_901001165.1	Primary Assembly	Un			CAAJIE010001328.1	Chromosome		NW_021823457.1	unplaced-scaffold	41664			contig1328
GCF_901001165.1	Primary Assembly	Un			CAAJIE010001329.1	Chromosome		NW_021823458.1	unplaced-scaffold	41456			contig1329
GCF_901001165.1	Primary Assembly	Un			CAAJIE010001330.1	Chromosome		NW_021823459.1	unplaced-scaffold	41286			contig1330
GCF_901001165.1	Primary Assembly	Un			CAAJIE010001331.1	Chromosome		NW_021823460.1	unplaced-scaffold	41209			contig1331
GCF_901001165.1	Primary Assembly	Un			CAAJIE010001332.1	Chromosome		NW_021823461.1	unplaced-scaffold	41224			contig1332
GCF_901001165.1	Primary Assembly	Un			CAAJIE010001333.1	Chromosome		NW_021823462.1	unplaced-scaffold	41238			contig1333
GCF_901001165.1	Primary Assembly	Un			CAAJIE010001334.1	Chromosome		NW_021823463.1	unplaced-scaffold	41136			contig1334
GCF_901001165.1	Primary Assembly	Un			CAAJIE010001335.1	Chromosome		NW_021823464.1	unplaced-scaffold	41215			contig1335
GCF_901001165.1	Primary Assembly	Un			CAAJIE010001336.1	Chromosome		NW_021823465.1	unplaced-scaffold	40955			contig1336
GCF_901001165.1	Primary Assembly	Un			CAAJIE010001337.1	Chromosome		NW_021823466.1	unplaced-scaffold	937027			contig1337
GCF_901001165.1	Primary Assembly	Un			CAAJIE010001338.1	Chromosome		NW_021823467.1	unplaced-scaffold	41371			contig1338
GCF_901001165.1	Primary Assembly	Un			CAAJIE010001339.1	Chromosome		NW_021823468.1	unplaced-scaffold	40898			contig1339
GCF_901001165.1	Primary Assembly	Un			CAAJIE010001340.1	Chromosome		NW_021823469.1	unplaced-scaffold	40861			contig1340
GCF_901001165.1	Primary Assembly	Un			CAAJIE010001341.1	Chromosome		NW_021823470.1	unplaced-scaffold	40669			contig1341
GCF_901001165.1	Primary Assembly	Un			CAAJIE010001342.1	Chromosome		NW_021823471.1	unplaced-scaffold	40831			contig1342
GCF_901001165.1	Primary Assembly	Un			CAAJIE010001343.1	Chromosome		NW_021823472.1	unplaced-scaffold	40884			contig1343
GCF_901001165.1	Primary Assembly	Un			CAAJIE010001344.1	Chromosome		NW_021823473.1	unplaced-scaffold	40693			contig1344
GCF_901001165.1	Primary Assembly	Un			CAAJIE010001345.1	Chromosome		NW_021823474.1	unplaced-scaffold	40608			contig1345
GCF_901001165.1	Primary Assembly	Un			CAAJIE010001346.1	Chromosome		NW_021823475.1	unplaced-scaffold	40418			contig1346
GCF_901001165.1	Primary Assembly	Un			CAAJIE010001347.1	Chromosome		NW_021823476.1	unplaced-scaffold	40404			contig1347
GCF_901001165.1	Primary Assembly	Un			CAAJIE010001348.1	Chromosome		NW_021823477.1	unplaced-scaffold	1198084			contig1348
GCF_901001165.1	Primary Assembly	Un			CAAJIE010001349.1	Chromosome		NW_021823478.1	unplaced-scaffold	40400			contig1349
GCF_901001165.1	Primary Assembly	Un			CAAJIE010001350.1	Chromosome		NW_021823479.1	unplaced-scaffold	40567			contig1350
GCF_901001165.1	Primary Assembly	Un			CAAJIE010001351.1	Chromosome		NW_021823480.1	unplaced-scaffold	40203			contig1351
GCF_901001165.1	Primary Assembly	Un			CAAJIE010001352.1	Chromosome		NW_021823481.1	unplaced-scaffold	40178			contig1352
GCF_901001165.1	Primary Assembly	Un			CAAJIE010001353.1	Chromosome		NW_021823482.1	unplaced-scaffold	40175			contig1353
GCF_901001165.1	Primary Assembly	Un			CAAJIE010001354.1	Chromosome		NW_021823483.1	unplaced-scaffold	40131			contig1354
GCF_901001165.1	Primary Assembly	Un			CAAJIE010001355.1	Chromosome		NW_021823484.1	unplaced-scaffold	40218			contig1355
GCF_901001165.1	Primary Assembly	Un			CAAJIE010001356.1	Chromosome		NW_021823485.1	unplaced-scaffold	40166			contig1356
GCF_901001165.1	Primary Assembly	Un			CAAJIE010001357.1	Chromosome		NW_021823486.1	unplaced-scaffold	40068			contig1357
GCF_901001165.1	Primary Assembly	Un			CAAJIE010001358.1	Chromosome		NW_021823487.1	unplaced-scaffold	40001			contig1358
GCF_901001165.1	Primary Assembly	Un			CAAJIE010001359.1	Chromosome		NW_021823488.1	unplaced-scaffold	1265985			contig1359
GCF_901001165.1	Primary Assembly	Un			CAAJIE010001360.1	Chromosome		NW_021823489.1	unplaced-scaffold	39942			contig1360
GCF_901001165.1	Primary Assembly	Un			CAAJIE010001361.1	Chromosome		NW_021823490.1	unplaced-scaffold	39946			contig1361
GCF_901001165.1	Primary Assembly	Un			CAAJIE010001362.1	Chromosome		NW_021823491.1	unplaced-scaffold	39932			contig1362
GCF_901001165.1	Primary Assembly	Un			CAAJIE010001363.1	Chromosome		NW_021823492.1	unplaced-scaffold	39726			contig1363
GCF_901001165.1	Primary Assembly	Un			CAAJIE010001364.1	Chromosome		NW_021823493.1	unplaced-scaffold	39627			contig1364
GCF_901001165.1	Primary Assembly	Un			CAAJIE010001365.1	Chromosome		NW_021823494.1	unplaced-scaffold	39687			contig1365
GCF_901001165.1	Primary Assembly	Un			CAAJIE010001366.1	Chromosome		NW_021823495.1	unplaced-scaffold	39709			contig1366
GCF_901001165.1	Primary Assembly	Un			CAAJIE010001367.1	Chromosome		NW_021823496.1	unplaced-scaffold	39844			contig1367
GCF_901001165.1	Primary Assembly	Un			CAAJIE010001368.1	Chromosome		NW_021823497.1	unplaced-scaffold	39692			contig1368
GCF_901001165.1	Primary Assembly	Un			CAAJIE010001369.1	Chromosome		NW_021823498.1	unplaced-scaffold	39747			contig1369
GCF_901001165.1	Primary Assembly	Un			CAAJIE010001370.1	Chromosome		NW_021823499.1	unplaced-scaffold	39483			contig1370
GCF_901001165.1	Primary Assembly	Un			CAAJIE010001371.1	Chromosome		NW_021823500.1	unplaced-scaffold	39467			contig1371
GCF_901001165.1	Primary Assembly	Un			CAAJIE010001372.1	Chromosome		NW_021823501.1	unplaced-scaffold	39590			contig1372
GCF_901001165.1	Primary Assembly	Un			CAAJIE010001373.1	Chromosome		NW_021823502.1	unplaced-scaffold	39509			contig1373
GCF_901001165.1	Primary Assembly	Un			CAAJIE010001374.1	Chromosome		NW_021823503.1	unplaced-scaffold	39405			contig1374
GCF_901001165.1	Primary Assembly	Un			CAAJIE010001375.1	Chromosome		NW_021823504.1	unplaced-scaffold	39433			contig1375
GCF_901001165.1	Primary Assembly	Un			CAAJIE010001376.1	Chromosome		NW_021823505.1	unplaced-scaffold	39293			contig1376
GCF_901001165.1	Primary Assembly	Un			CAAJIE010001377.1	Chromosome		NW_021823506.1	unplaced-scaffold	39465			contig1377
GCF_901001165.1	Primary Assembly	Un			CAAJIE010001378.1	Chromosome		NW_021823507.1	unplaced-scaffold	39156			contig1378
GCF_901001165.1	Primary Assembly	Un			CAAJIE010001379.1	Chromosome		NW_021823508.1	unplaced-scaffold	39195			contig1379
GCF_901001165.1	Primary Assembly	Un			CAAJIE010001380.1	Chromosome		NW_021823509.1	unplaced-scaffold	1250738			contig1380
GCF_901001165.1	Primary Assembly	Un			CAAJIE010001381.1	Chromosome		NW_021823510.1	unplaced-scaffold	39183			contig1381
GCF_901001165.1	Primary Assembly	Un			CAAJIE010001382.1	Chromosome		NW_021823511.1	unplaced-scaffold	39321			contig1382
GCF_901001165.1	Primary Assembly	Un			CAAJIE010001383.1	Chromosome		NW_021823512.1	unplaced-scaffold	39062			contig1383
GCF_901001165.1	Primary Assembly	Un			CAAJIE010001384.1	Chromosome		NW_021823513.1	unplaced-scaffold	39118			contig1384
GCF_901001165.1	Primary Assembly	Un			CAAJIE010001385.1	Chromosome		NW_021823514.1	unplaced-scaffold	39011			contig1385
GCF_901001165.1	Primary Assembly	Un			CAAJIE010001386.1	Chromosome		NW_021823515.1	unplaced-scaffold	38928			contig1386
GCF_901001165.1	Primary Assembly	Un			CAAJIE010001387.1	Chromosome		NW_021823516.1	unplaced-scaffold	39076			contig1387
GCF_901001165.1	Primary Assembly	Un			CAAJIE010001388.1	Chromosome		NW_021823517.1	unplaced-scaffold	39118			contig1388
GCF_901001165.1	Primary Assembly	Un			CAAJIE010001389.1	Chromosome		NW_021823518.1	unplaced-scaffold	38921			contig1389
GCF_901001165.1	Primary Assembly	Un			CAAJIE010001390.1	Chromosome		NW_021823519.1	unplaced-scaffold	38795			contig1390
GCF_901001165.1	Primary Assembly	Un			CAAJIE010001391.1	Chromosome		NW_021823520.1	unplaced-scaffold	38910			contig1391
GCF_901001165.1	Primary Assembly	Un			CAAJIE010001392.1	Chromosome		NW_021823521.1	unplaced-scaffold	38740			contig1392
GCF_901001165.1	Primary Assembly	Un			CAAJIE010001393.1	Chromosome		NW_021823522.1	unplaced-scaffold	38992			contig1393
GCF_901001165.1	Primary Assembly	Un			CAAJIE010001394.1	Chromosome		NW_021823523.1	unplaced-scaffold	38546			contig1394
GCF_901001165.1	Primary Assembly	Un			CAAJIE010001395.1	Chromosome		NW_021823524.1	unplaced-scaffold	38707			contig1395
GCF_901001165.1	Primary Assembly	Un			CAAJIE010001396.1	Chromosome		NW_021823525.1	unplaced-scaffold	38553			contig1396
GCF_901001165.1	Primary Assembly	Un			CAAJIE010001397.1	Chromosome		NW_021823526.1	unplaced-scaffold	38537			contig1397
GCF_901001165.1	Primary Assembly	Un			CAAJIE010001398.1	Chromosome		NW_021823527.1	unplaced-scaffold	38508			contig1398
GCF_901001165.1	Primary Assembly	Un			CAAJIE010001399.1	Chromosome		NW_021823528.1	unplaced-scaffold	38502			contig1399
GCF_901001165.1	Primary Assembly	Un			CAAJIE010001400.1	Chromosome		NW_021823529.1	unplaced-scaffold	38390			contig1400
GCF_901001165.1	non-nuclear	MT	7658	46	JQ390057.1	Mitochondrion		NC_024032.1	assembled-molecule	16677			MT
