species,tas_score,habitat_label,total_n,r_terr,r_aqua,r_anim,r_plant,tas_score_raw
Bacteroides uniformis,0.7613110081938012,Mostly Terrestrial,9999,1,0,0,0,0.7613110081938012
Ruthenibacterium lactatiformans,0.8657992565055762,Terrestrial Specialist,9999,1,0,0,0,0.8657992565055762
Parabacteroides merdae,0.7705146036161334,Mostly Terrestrial,9999,1,0,0,0,0.7705146036161334
Bifidobacterium pseudocatenulatum,0.7122383556477465,Mostly Terrestrial,9999,1,0,0,0,0.7122383556477465
Flavonifractor plautii,0.9126082771896052,Terrestrial Specialist,9999,1,0,0,0,0.9126082771896052
Alistipes putredinis,0.7211343686698177,Mostly Terrestrial,9999,1,0,0,0,0.7211343686698177
Turicibacter sanguinis,0.5935100680863392,Mostly Terrestrial,9999,1,0,0,0,0.5935100680863392
Streptococcus vestibularis,0.7500454793523741,Mostly Terrestrial,9999,1,0,0,0,0.7500454793523741
Streptococcus salivarius,0.7500454793523741,Mostly Terrestrial,9999,1,0,0,0,0.7500454793523741
Bacteroides caccae,0.8454497447632459,Terrestrial Specialist,9999,1,0,0,0,0.8454497447632459
Bacteroides fragilis,0.7786130426611539,Mostly Terrestrial,9999,1,0,0,0,0.7786130426611539
Faecalibacillus intestinalis,0.722360469249911,Mostly Terrestrial,9999,1,0,0,0,0.722360469249911
Bacteroides xylanisolvens,0.8504958047292143,Terrestrial Specialist,9999,1,0,0,0,0.8504958047292143
Rothia mucilaginosa,0.8324528301886793,Terrestrial Specialist,9999,1,0,0,0,0.8324528301886793
Odoribacter splanchnicus,0.8272599859845831,Terrestrial Specialist,9999,1,0,0,0,0.8272599859845831
Dysosmobacter welbionis,0.9054222222222224,Terrestrial Specialist,9999,1,0,0,0,0.9054222222222224
Alistipes shahii,0.8703961084086173,Terrestrial Specialist,9999,1,0,0,0,0.8703961084086173
Bifidobacterium bifidum,0.7972280235428136,Mostly Terrestrial,9999,1,0,0,0,0.7972280235428136
Streptococcus cristatus,0.82346917878353465,Terrestrial Specialist,9999,1,0,0,0,0.82346917878353465
Lactobacillus gasseri,0.8279226538939152,Terrestrial Specialist,9999,1,0,0,0,0.8279226538939152
Lactobacillus taiwanensis,0.8279226538939152,Terrestrial Specialist,9999,1,0,0,0,0.8279226538939152
Lactobacillus paragasseri,0.8279226538939152,Terrestrial Specialist,9999,1,0,0,0,0.8279226538939152
Lactobacillus johnsonii,0.8279226538939152,Terrestrial Specialist,9999,1,0,0,0,0.8279226538939152
Dialister invisus,0.7302538787023978,Mostly Terrestrial,9999,1,0,0,0,0.7302538787023978
Bacteroides eggerthii,0.7195121951219512,Mostly Terrestrial,9999,1,0,0,0,0.7195121951219512
Bacteroides acidifaciens,0.9450754365146636,Terrestrial Specialist,9999,1,0,0,0,0.9450754365146636
Phocaeicola coprocola,0.6511041009463722,Mostly Terrestrial,9999,1,0,0,0,0.6511041009463722
Enhydrobacter aerosaccus,0.14835443037974688,Mostly Terrestrial,9999,1,0,0,0,0.14835443037974688
Moraxella osloensis,0.18580609108689575,Mostly Terrestrial,9999,1,0,0,0,0.18580609108689575
Granulicatella adiacens,0.8137541398792129,Terrestrial Specialist,9999,1,0,0,0,0.8137541398792129
Lancefieldella parvula,0.9014679268047455,Terrestrial Specialist,9999,1,0,0,0,0.9014679268047455
Phocaeicola massiliensis,0.7663759192748418,Mostly Terrestrial,9999,1,0,0,0,0.7663759192748418
Lactococcus lactis,0.5537991737021735,Mostly Terrestrial,9999,1,0,0,0,0.5537991737021735
Lactococcus cremoris,0.5537991737021735,Mostly Terrestrial,9999,1,0,0,0,0.5537991737021735
Lactobacillus hominis,0.8608003034325811,Terrestrial Specialist,9999,1,0,0,0,0.8608003034325811
Gemmiger formicilis,0.8991735537190083,Terrestrial Specialist,9999,1,0,0,0,0.8991735537190083
Subdoligranulum variabile,0.8991735537190083,Terrestrial Specialist,9999,1,0,0,0,0.8991735537190083
Clostridium carnis,0.7023008849557524,Mostly Terrestrial,9999,1,0,0,0,0.7023008849557524
Streptococcus gordonii,0.8337012509197939,Terrestrial Specialist,9999,1,0,0,0,0.8337012509197939
Bifidobacterium breve,0.8558633617996251,Terrestrial Specialist,9999,1,0,0,0,0.8558633617996251
Sutterella wadsworthensis,0.7895114942528736,Mostly Terrestrial,9999,1,0,0,0,0.7895114942528736
Parabacteroides goldsteinii,0.8160959499391622,Terrestrial Specialist,9999,1,0,0,0,0.8160959499391622
Akkermansia muciniphila,0.7953386744355427,Mostly Terrestrial,9999,1,0,0,0,0.7953386744355427
Sphingobium yanoikuyae,0.2546397694524496,Mostly Terrestrial,9999,1,0,0,0,0.2546397694524496
Sphingobium scionense,0.2546397694524496,Mostly Terrestrial,9999,1,0,0,0,0.2546397694524496
Abiotrophia defectiva,0.8363106088224571,Terrestrial Specialist,9999,1,0,0,0,0.8363106088224571
Phocaeicola dorei,0.7983018540980766,Mostly Terrestrial,9999,1,0,0,0,0.7983018540980766
Haemophilus parainfluenzae,0.8207661639798924,Terrestrial Specialist,9999,1,0,0,0,0.8207661639798924
Anaerotignum faecicola,0.8867319679430098,Terrestrial Specialist,9999,1,0,0,0,0.8867319679430098
Phocaeicola sartorii,0.8541768840935099,Terrestrial Specialist,9999,1,0,0,0,0.8541768840935099
Desulfovibrio piger,0.7606951871657753,Mostly Terrestrial,9999,1,0,0,0,0.7606951871657753
Actinomyces graevenitzii,0.8869565217391304,Terrestrial Specialist,9999,1,0,0,0,0.8869565217391304
Streptococcus mutans,0.7919583916783356,Mostly Terrestrial,9999,1,0,0,0,0.7919583916783356
Aerococcus viridans,0.49515816655907036,Mostly Terrestrial,9999,1,0,0,0,0.49515816655907036
Aerococcus urinaeequi,0.49515816655907036,Mostly Terrestrial,9999,1,0,0,0,0.49515816655907036
Lautropia mirabilis,0.7339637509850276,Mostly Terrestrial,9999,1,0,0,0,0.7339637509850276
Megamonas funiformis,0.5061485489424495,Mostly Terrestrial,9999,1,0,0,0,0.5061485489424495
Methylorubrum populi,0.3880470360043641,Mostly Terrestrial,9999,1,0,0,0,0.3880470360043641
Methylorubrum aminovorans,0.3880470360043641,Mostly Terrestrial,9999,1,0,0,0,0.3880470360043641
Methylorubrum rhodesianum,0.3880470360043641,Mostly Terrestrial,9999,1,0,0,0,0.3880470360043641
Methylorubrum zatmanii,0.3880470360043641,Mostly Terrestrial,9999,1,0,0,0,0.3880470360043641
Methylorubrum extorquens,0.3880470360043641,Mostly Terrestrial,9999,1,0,0,0,0.3880470360043641
Methylorubrum suomiense,0.3880470360043641,Mostly Terrestrial,9999,1,0,0,0,0.3880470360043641
Methylorubrum thiocyanatum,0.3880470360043641,Mostly Terrestrial,9999,1,0,0,0,0.3880470360043641
Lactobacillus iners,0.7153846153846154,Mostly Terrestrial,9999,1,0,0,0,0.7153846153846154
Finegoldia magna,0.8097535757366878,Terrestrial Specialist,9999,1,0,0,0,0.8097535757366878
Bacteroides salyersiae,0.8311050939245218,Terrestrial Specialist,9999,1,0,0,0,0.8311050939245218
Peptostreptococcus stomatis,0.9005971874397997,Terrestrial Specialist,9999,1,0,0,0,0.9005971874397997
Clostridium fessum,0.8975785340314135,Terrestrial Specialist,9999,1,0,0,0,0.8975785340314135
Dorea longicatena,0.7948011705973489,Mostly Terrestrial,9999,1,0,0,0,0.7948011705973489
Adlercreutzia equolifaciens,0.8475987949672161,Terrestrial Specialist,9999,1,0,0,0,0.8475987949672161
Bifidobacterium dentium,0.8639240506329114,Terrestrial Specialist,9999,1,0,0,0,0.8639240506329114
Haemophilus sputorum,0.7843544479058498,Mostly Terrestrial,9999,1,0,0,0,0.7843544479058498
Bacteroides stercoris,0.7508673385098299,Mostly Terrestrial,9999,1,0,0,0,0.7508673385098299
Mucispirillum schaedleri,0.830398966241318,Terrestrial Specialist,9999,1,0,0,0,0.830398966241318
Dialister hominis,0.6721199727334697,Mostly Terrestrial,9999,1,0,0,0,0.6721199727334697
Escherichia coli,0.6747598253275109,Mostly Terrestrial,9999,1,0,0,0,0.6747598253275109
Escherichia fergusonii,0.6747598253275109,Mostly Terrestrial,9999,1,0,0,0,0.6747598253275109
Shigella flexneri,0.6747598253275109,Mostly Terrestrial,9999,1,0,0,0,0.6747598253275109
Shigella sonnei,0.6747598253275109,Mostly Terrestrial,9999,1,0,0,0,0.6747598253275109
Shigella boydii,0.6747598253275109,Mostly Terrestrial,9999,1,0,0,0,0.6747598253275109
Lactobacillus crispatus,0.7794771474301974,Mostly Terrestrial,9999,1,0,0,0,0.7794771474301974
Bifidobacterium adolescentis,0.8191599420649701,Terrestrial Specialist,9999,1,0,0,0,0.8191599420649701
Lactococcus petauri,0.5613370089593385,Mostly Terrestrial,9999,1,0,0,0,0.5613370089593385
Parasutterella excrementihominis,0.8072620891412837,Terrestrial Specialist,9999,1,0,0,0,0.8072620891412837
Prevotella bivia,0.8904458598726115,Terrestrial Specialist,9999,1,0,0,0,0.8904458598726115
Streptococcus intermedius,0.8935212370326875,Terrestrial Specialist,9999,1,0,0,0,0.8935212370326875
Clostridium perfringens,0.4607809847198642,Mostly Terrestrial,9999,1,0,0,0,0.4607809847198642
Acidaminococcus intestini,0.6866185070519436,Mostly Terrestrial,9999,1,0,0,0,0.6866185070519436
Bacteroides fluxus,0.9080176211453744,Terrestrial Specialist,9999,1,0,0,0,0.9080176211453744
Lawsonella clevelandensis,0.5481107541685788,Mostly Terrestrial,9999,1,0,0,0,0.5481107541685788
Mesosutterella multiformis,0.6362773029439696,Mostly Terrestrial,9999,1,0,0,0,0.6362773029439696
Turicimonas muris,0.847001620745543,Terrestrial Specialist,9999,1,0,0,0,0.847001620745543
Prevotella histicola,0.9016822429906541,Terrestrial Specialist,9999,1,0,0,0,0.9016822429906541
Bifidobacterium pseudolongum,0.8954171562867215,Terrestrial Specialist,9999,1,0,0,0,0.8954171562867215
Dialister pneumosintes,0.9061277705345501,Terrestrial Specialist,9999,1,0,0,0,0.9061277705345501
Bifidobacterium saguini,0.9104148278905559,Terrestrial Specialist,9999,1,0,0,0,0.9104148278905559
Faecalibacillus faecis,0.782413235029671,Mostly Terrestrial,9999,1,0,0,0,0.782413235029671
Streptococcus suis,0.8,Terrestrial Specialist,9999,1,0,0,0,0.8
Stenotrophomonas rhizophila,0.4960649286768323,Mostly Terrestrial,9999,1,0,0,0,0.4960649286768323
Stenotrophomonas bentonitica,0.4960649286768323,Mostly Terrestrial,9999,1,0,0,0,0.4960649286768323
Bacteroides ovatus,0.8837571354436949,Terrestrial Specialist,9999,1,0,0,0,0.8837571354436949
Alistipes communis,0.8510358434725419,Terrestrial Specialist,9999,1,0,0,0,0.8510358434725419
Ruminococcus callidus,0.7517405331974868,Mostly Terrestrial,9999,1,0,0,0,0.7517405331974868
Enterococcus faecalis,0.756060890809998,Mostly Terrestrial,9999,1,0,0,0,0.756060890809998
Anaerostipes caccae,0.9022556390977443,Terrestrial Specialist,9999,1,0,0,0,0.9022556390977443
Phascolarctobacterium succinatutens,0.7615101289134439,Mostly Terrestrial,9999,1,0,0,0,0.7615101289134439
Prevotella nigrescens,0.9009972801450591,Terrestrial Specialist,9999,1,0,0,0,0.9009972801450591
Lactococcus raffinolactis,0.13792603335750545,Mostly Terrestrial,9999,1,0,0,0,0.13792603335750545
Phocaeicola coprophilus,0.6661466458658347,Mostly Terrestrial,9999,1,0,0,0,0.6661466458658347
Streptococcus sanguinis,0.8741686140571634,Terrestrial Specialist,9999,1,0,0,0,0.8741686140571634
Coprococcus comes,0.8534904805077063,Terrestrial Specialist,9999,1,0,0,0,0.8534904805077063
Tannerella forsythia,0.9373855120732721,Terrestrial Specialist,9999,1,0,0,0,0.9373855120732721
Peptoniphilus lacrimalis,0.9054636951833213,Terrestrial Specialist,9999,1,0,0,0,0.9054636951833213
Faecalibaculum rodentium,0.8682959945689069,Terrestrial Specialist,9999,1,0,0,0,0.8682959945689069
Intestinimonas butyriciproducens,0.9591764912898119,Terrestrial Specialist,9999,1,0,0,0,0.9591764912898119
Bacteroides intestinalis,0.8481746844080518,Terrestrial Specialist,9999,1,0,0,0,0.8481746844080518
Pseudomonas psychrotolerans,0.49656236845797674,Mostly Terrestrial,9999,1,0,0,0,0.49656236845797674
Pseudomonas rhizoryzae,0.49656236845797674,Mostly Terrestrial,9999,1,0,0,0,0.49656236845797674
Allisonella histaminiformans,0.8655231560891937,Terrestrial Specialist,9999,1,0,0,0,0.8655231560891937
Intestinibacter bartlettii,0.6467713787085515,Mostly Terrestrial,9999,1,0,0,0,0.6467713787085515
Parabacteroides johnsonii,0.8084003574620197,Terrestrial Specialist,9999,1,0,0,0,0.8084003574620197
Peptoniphilus coxii,0.8966346153846154,Terrestrial Specialist,9999,1,0,0,0,0.8966346153846154
Ezakiella coagulans,0.8701254662597491,Terrestrial Specialist,9999,1,0,0,0,0.8701254662597491
Bacteroides graminisolvens,-0.08551967709384461,Generalist,9999,0,1,0,0,-0.08551967709384461
Ligilactobacillus apodemi,0.9324820710162672,Terrestrial Specialist,9999,1,0,0,0,0.9324820710162672
Streptococcus agalactiae,0.7639978114171074,Mostly Terrestrial,9999,1,0,0,0,0.7639978114171074
Prevotella intermedia,0.8652700018060323,Terrestrial Specialist,9999,1,0,0,0,0.8652700018060323
Prevotella pallens,0.8966599003506183,Terrestrial Specialist,9999,1,0,0,0,0.8966599003506183
Citrobacter freundii,0.4366444366444366,Mostly Terrestrial,9999,1,0,0,0,0.4366444366444366
Citrobacter cronae,0.4366444366444366,Mostly Terrestrial,9999,1,0,0,0,0.4366444366444366
Citrobacter werkmanii,0.4366444366444366,Mostly Terrestrial,9999,1,0,0,0,0.4366444366444366
Barnesiella intestinihominis,0.7677463818056512,Mostly Terrestrial,9999,1,0,0,0,0.7677463818056512
Campylobacter concisus,0.9345238095238096,Terrestrial Specialist,9999,1,0,0,0,0.9345238095238096
Lactobacillus amylovorus,0.7123602892833663,Mostly Terrestrial,9999,1,0,0,0,0.7123602892833663
Exiguobacterium indicum,0.1440083181700026,Mostly Terrestrial,9999,1,0,0,0,0.1440083181700026
Granulicatella elegans,0.8671378091872792,Terrestrial Specialist,9999,1,0,0,0,0.8671378091872792
Capnocytophaga sputigena,0.8597634150522886,Terrestrial Specialist,9999,1,0,0,0,0.8597634150522886
Clostridium paraputrificum,0.5270270270270271,Mostly Terrestrial,9999,1,0,0,0,0.5270270270270271
Acinetobacter variabilis,0.2104059462550028,Mostly Terrestrial,9999,1,0,0,0,0.2104059462550028
Corynebacterium durum,0.8476257973068747,Terrestrial Specialist,9999,1,0,0,0,0.8476257973068747
Gemella haemolysans,0.9013919168203925,Terrestrial Specialist,9999,1,0,0,0,0.9013919168203925
Peptostreptococcus anaerobius,0.90177909562639,Terrestrial Specialist,9999,1,0,0,0,0.90177909562639
Bifidobacterium ruminantium,0.8687607573149743,Terrestrial Specialist,9999,1,0,0,0,0.8687607573149743
Streptococcus pneumoniae,0.8689655172413794,Terrestrial Specialist,9999,1,0,0,0,0.8689655172413794
Streptococcus mitis,0.8689655172413794,Terrestrial Specialist,9999,1,0,0,0,0.8689655172413794
Streptococcus pseudopneumoniae,0.8689655172413794,Terrestrial Specialist,9999,1,0,0,0,0.8689655172413794
Neisseria flavescens,0.8653530377668309,Terrestrial Specialist,9999,1,0,0,0,0.8653530377668309
Gardnerella vaginalis,0.8495486459378134,Terrestrial Specialist,9999,1,0,0,0,0.8495486459378134
Delftia tsuruhatensis,0.16327555890479778,Mostly Terrestrial,9999,1,0,0,0,0.16327555890479778
Delftia lacustris,0.16327555890479778,Mostly Terrestrial,9999,1,0,0,0,0.16327555890479778
Prevotella disiens,0.9243466299862447,Terrestrial Specialist,9999,1,0,0,0,0.9243466299862447
Butyricicoccus faecihominis,0.9123672230652503,Terrestrial Specialist,9999,1,0,0,0,0.9123672230652503
Roseburia hominis,0.895293315143247,Terrestrial Specialist,9999,1,0,0,0,0.895293315143247
Micrococcus luteus,0.36580310880829026,Mostly Terrestrial,9999,1,0,0,0,0.36580310880829026
Micrococcus endophyticus,0.36580310880829026,Mostly Terrestrial,9999,1,0,0,0,0.36580310880829026
Micrococcus yunnanensis,0.36580310880829026,Mostly Terrestrial,9999,1,0,0,0,0.36580310880829026
Streptococcus rubneri,0.9254119687771033,Terrestrial Specialist,9999,1,0,0,0,0.9254119687771033
Streptococcus australis,0.9254119687771033,Terrestrial Specialist,9999,1,0,0,0,0.9254119687771033
Bacteroides oleiciplenus,0.9293286219081272,Terrestrial Specialist,9999,1,0,0,0,0.9293286219081272
Anaerostipes hadrus,0.8908230522224101,Terrestrial Specialist,9999,1,0,0,0,0.8908230522224101
Enterococcus faecium,0.7473069198466313,Mostly Terrestrial,9999,1,0,0,0,0.7473069198466313
Enterococcus thailandicus,0.7473069198466313,Mostly Terrestrial,9999,1,0,0,0,0.7473069198466313
Enterococcus hirae,0.7473069198466313,Mostly Terrestrial,9999,1,0,0,0,0.7473069198466313
Enterococcus lactis,0.7473069198466313,Mostly Terrestrial,9999,1,0,0,0,0.7473069198466313
Enterococcus durans,0.7473069198466313,Mostly Terrestrial,9999,1,0,0,0,0.7473069198466313
Fournierella massiliensis,0.8586618681498446,Terrestrial Specialist,9999,1,0,0,0,0.8586618681498446
Sediminibacterium goheungense,-0.10617237837333082,Mostly Aquatic,9999,0,1,0,0,-0.10617237837333082
Fusobacterium varium,0.6648465449067973,Mostly Terrestrial,9999,1,0,0,0,0.6648465449067973
Blastomonas natatoria,-0.03322151282328753,Generalist,9999,0,1,0,0,-0.03322151282328753
Sphingomonas ursincola,-0.03322151282328753,Generalist,9999,0,1,0,0,-0.03322151282328753
Faecalimonas umbilicata,0.8352897335569218,Terrestrial Specialist,9999,1,0,0,0,0.8352897335569218
Anaerotruncus colihominis,0.9321584233465985,Terrestrial Specialist,9999,1,0,0,0,0.9321584233465985
Megamonas rupellensis,0.5061485489424495,Mostly Terrestrial,9999,1,0,0,0,0.5061485489424495
Campylobacter ureolyticus,0.8850067842605156,Terrestrial Specialist,9999,1,0,0,0,0.8850067842605156
Fusicatenibacter saccharivorans,0.8568093385214007,Terrestrial Specialist,9999,1,0,0,0,0.8568093385214007
Duncaniella dubosii,0.8480400064526536,Terrestrial Specialist,9999,1,0,0,0,0.8480400064526536
Xanthomonas nasturtii,0.5935114503816795,Mostly Terrestrial,9999,1,0,0,0,0.5935114503816795
Xanthomonas prunicola,0.5935114503816795,Mostly Terrestrial,9999,1,0,0,0,0.5935114503816795
Xanthomonas campestris,0.5935114503816795,Mostly Terrestrial,9999,1,0,0,0,0.5935114503816795
Xanthomonas oryzae,0.5935114503816795,Mostly Terrestrial,9999,1,0,0,0,0.5935114503816795
Xanthomonas fragariae,0.5935114503816795,Mostly Terrestrial,9999,1,0,0,0,0.5935114503816795
Xanthomonas axonopodis,0.5935114503816795,Mostly Terrestrial,9999,1,0,0,0,0.5935114503816795
Xanthomonas populi,0.5935114503816795,Mostly Terrestrial,9999,1,0,0,0,0.5935114503816795
Xanthomonas arboricola,0.5935114503816795,Mostly Terrestrial,9999,1,0,0,0,0.5935114503816795
Xanthomonas bromi,0.5935114503816795,Mostly Terrestrial,9999,1,0,0,0,0.5935114503816795
Xanthomonas cucurbitae,0.5935114503816795,Mostly Terrestrial,9999,1,0,0,0,0.5935114503816795
Xanthomonas hortorum,0.5935114503816795,Mostly Terrestrial,9999,1,0,0,0,0.5935114503816795
Xanthomonas pisi,0.5935114503816795,Mostly Terrestrial,9999,1,0,0,0,0.5935114503816795
Xanthomonas vasicola,0.5935114503816795,Mostly Terrestrial,9999,1,0,0,0,0.5935114503816795
Xanthomonas vesicatoria,0.5935114503816795,Mostly Terrestrial,9999,1,0,0,0,0.5935114503816795
Xanthomonas euvesicatoria,0.5935114503816795,Mostly Terrestrial,9999,1,0,0,0,0.5935114503816795
Xanthomonas floridensis,0.5935114503816795,Mostly Terrestrial,9999,1,0,0,0,0.5935114503816795
Xanthomonas melonis,0.5935114503816795,Mostly Terrestrial,9999,1,0,0,0,0.5935114503816795
Xanthomonas dyei,0.5935114503816795,Mostly Terrestrial,9999,1,0,0,0,0.5935114503816795
Xanthomonas perforans,0.5935114503816795,Mostly Terrestrial,9999,1,0,0,0,0.5935114503816795
Paraclostridium benzoelyticum,0.40103652517275423,Mostly Terrestrial,9999,1,0,0,0,0.40103652517275423
Clostridium chauvoei,0.660377358490566,Mostly Terrestrial,9999,1,0,0,0,0.660377358490566
Clostridium septicum,0.660377358490566,Mostly Terrestrial,9999,1,0,0,0,0.660377358490566
Cutibacterium granulosum,0.5268072289156627,Mostly Terrestrial,9999,1,0,0,0,0.5268072289156627
Lysobacter brunescens,0.30621610346266176,Mostly Terrestrial,9999,1,0,0,0,0.30621610346266176
Bacteroides cellulosilyticus,0.8354408453143946,Terrestrial Specialist,9999,1,0,0,0,0.8354408453143946
Campylobacter gracilis,0.9022426682001151,Terrestrial Specialist,9999,1,0,0,0,0.9022426682001151
Mesorhizobium carmichaelinearum,0.5924647401124372,Mostly Terrestrial,9999,1,0,0,0,0.5924647401124372
Mesorhizobium waimense,0.5924647401124372,Mostly Terrestrial,9999,1,0,0,0,0.5924647401124372
Mesorhizobium atlanticum,0.5924647401124372,Mostly Terrestrial,9999,1,0,0,0,0.5924647401124372
Mesorhizobium huakuii,0.5924647401124372,Mostly Terrestrial,9999,1,0,0,0,0.5924647401124372
Mesorhizobium silamurunense,0.5924647401124372,Mostly Terrestrial,9999,1,0,0,0,0.5924647401124372
Mesorhizobium amorphae,0.5924647401124372,Mostly Terrestrial,9999,1,0,0,0,0.5924647401124372
Mesorhizobium shonense,0.5924647401124372,Mostly Terrestrial,9999,1,0,0,0,0.5924647401124372
Mesorhizobium plurifarium,0.5924647401124372,Mostly Terrestrial,9999,1,0,0,0,0.5924647401124372
Mesorhizobium opportunistum,0.5924647401124372,Mostly Terrestrial,9999,1,0,0,0,0.5924647401124372
Mesorhizobium erdmanii,0.5924647401124372,Mostly Terrestrial,9999,1,0,0,0,0.5924647401124372
Mesorhizobium septentrionale,0.5924647401124372,Mostly Terrestrial,9999,1,0,0,0,0.5924647401124372
Curtobacterium flaccumfaciens,0.589010989010989,Mostly Terrestrial,9999,1,0,0,0,0.589010989010989
Curtobacterium pusillum,0.589010989010989,Mostly Terrestrial,9999,1,0,0,0,0.589010989010989
Curtobacterium oceanosedimentum,0.589010989010989,Mostly Terrestrial,9999,1,0,0,0,0.589010989010989
Curtobacterium albidum,0.589010989010989,Mostly Terrestrial,9999,1,0,0,0,0.589010989010989
Curtobacterium citreum,0.589010989010989,Mostly Terrestrial,9999,1,0,0,0,0.589010989010989
Actinomyces massiliensis,0.8403962575674188,Terrestrial Specialist,9999,1,0,0,0,0.8403962575674188
Fannyhessea vaginae,0.8197094346227901,Terrestrial Specialist,9999,1,0,0,0,0.8197094346227901
Negativicoccus succinicivorans,0.8873239436619718,Terrestrial Specialist,9999,1,0,0,0,0.8873239436619718
Stenotrophomonas maltophilia,0.27383255042829513,Mostly Terrestrial,9999,1,0,0,0,0.27383255042829513
Stenotrophomonas pavanii,0.27383255042829513,Mostly Terrestrial,9999,1,0,0,0,0.27383255042829513
Oribacterium sinus,0.9370813882687234,Terrestrial Specialist,9999,1,0,0,0,0.9370813882687234
Solibacillus isronensis,0.6918714555765596,Mostly Terrestrial,9999,1,0,0,0,0.6918714555765596
Corynebacterium propinquum,0.7587752053771472,Mostly Terrestrial,9999,1,0,0,0,0.7587752053771472
Klebsiella variicola,0.5748492678725238,Mostly Terrestrial,9999,1,0,0,0,0.5748492678725238
Corynebacterium kroppenstedtii,0.5967897271268058,Mostly Terrestrial,9999,1,0,0,0,0.5967897271268058
Lactobacillus helveticus,0.7516438098816457,Mostly Terrestrial,9999,1,0,0,0,0.7516438098816457
Lactobacillus gallinarum,0.7516438098816457,Mostly Terrestrial,9999,1,0,0,0,0.7516438098816457
Blautia stercoris,0.8310577098124886,Terrestrial Specialist,9999,1,0,0,0,0.8310577098124886
Butyrivibrio crossotus,0.7945609945609947,Mostly Terrestrial,9999,1,0,0,0,0.7945609945609947
Peptoniphilus vaginalis,0.9258165107500411,Terrestrial Specialist,9999,1,0,0,0,0.9258165107500411
Roseburia faecis,0.9166262724188076,Terrestrial Specialist,9999,1,0,0,0,0.9166262724188076
Paeniclostridium sordellii,0.5715704355227692,Mostly Terrestrial,9999,1,0,0,0,0.5715704355227692
Acinetobacter seifertii,0.2256312788487646,Mostly Terrestrial,9999,1,0,0,0,0.2256312788487646
Acinetobacter pittii,0.2256312788487646,Mostly Terrestrial,9999,1,0,0,0,0.2256312788487646
Staphylococcus auricularis,0.740997464074387,Mostly Terrestrial,9999,1,0,0,0,0.740997464074387
Acinetobacter nosocomialis,0.2256312788487646,Mostly Terrestrial,9999,1,0,0,0,0.2256312788487646
Acinetobacter calcoaceticus,0.2256312788487646,Mostly Terrestrial,9999,1,0,0,0,0.2256312788487646
Acinetobacter oleivorans,0.2256312788487646,Mostly Terrestrial,9999,1,0,0,0,0.2256312788487646
Anaerococcus senegalensis,0.855282738095238,Terrestrial Specialist,9999,1,0,0,0,0.855282738095238
Lactobacillus jensenii,0.8639328984156571,Terrestrial Specialist,9999,1,0,0,0,0.8639328984156571
Lactobacillus mulieris,0.8639328984156571,Terrestrial Specialist,9999,1,0,0,0,0.8639328984156571
Gardnerella piotii,0.81104599538270294,Terrestrial Specialist,9999,1,0,0,0,0.81104599538270294
Gardnerella swidsinskii,0.81104599538270294,Terrestrial Specialist,9999,1,0,0,0,0.81104599538270294
Enterovibrio coralii,-0.06718382047374985,Generalist,9999,0,1,0,0,-0.06718382047374985
Comamonas testosteroni,-0.05674625208217656,Generalist,9999,0,1,0,0,-0.05674625208217656
Comamonas thiooxydans,-0.05674625208217656,Generalist,9999,0,1,0,0,-0.05674625208217656
Bacteroides caecimuris,0.9107173875282265,Terrestrial Specialist,9999,1,0,0,0,0.9107173875282265
Megasphaera hexanoica,0.753516409912927,Mostly Terrestrial,9999,1,0,0,0,0.753516409912927
Sellimonas intestinalis,0.9012787723785166,Terrestrial Specialist,9999,1,0,0,0,0.9012787723785166
Leuconostoc litchii,0.39809523809523806,Mostly Terrestrial,9999,1,0,0,0,0.39809523809523806
Leuconostoc mesenteroides,0.39809523809523806,Mostly Terrestrial,9999,1,0,0,0,0.39809523809523806
Leuconostoc suionicum,0.39809523809523806,Mostly Terrestrial,9999,1,0,0,0,0.39809523809523806
Prevotella denticola,0.9226666666666666,Terrestrial Specialist,9999,1,0,0,0,0.9226666666666666
Lacticaseibacillus rhamnosus,0.6929244337542593,Mostly Terrestrial,9999,1,0,0,0,0.6929244337542593
Lacticaseibacillus casei,0.6929244337542593,Mostly Terrestrial,9999,1,0,0,0,0.6929244337542593
Lacticaseibacillus chiayiensis,0.6929244337542593,Mostly Terrestrial,9999,1,0,0,0,0.6929244337542593
Lacticaseibacillus zeae,0.6929244337542593,Mostly Terrestrial,9999,1,0,0,0,0.6929244337542593
Merdimonas faecis,0.8156081206928664,Terrestrial Specialist,9999,1,0,0,0,0.8156081206928664
Prevotella buccae,0.8910658307210031,Terrestrial Specialist,9999,1,0,0,0,0.8910658307210031
Weissella cibaria,0.5692128732066692,Mostly Terrestrial,9999,1,0,0,0,0.5692128732066692
Duncaniella muris,0.9145514740658994,Terrestrial Specialist,9999,1,0,0,0,0.9145514740658994
Streptococcus pasteurianus,0.6739766081871345,Mostly Terrestrial,9999,1,0,0,0,0.6739766081871345
Streptococcus macedonicus,0.6739766081871345,Mostly Terrestrial,9999,1,0,0,0,0.6739766081871345
Enterocloster lavalensis,0.9336511720301947,Terrestrial Specialist,9999,1,0,0,0,0.9336511720301947
Alloscardovia omnicolens,0.9041065482796894,Terrestrial Specialist,9999,1,0,0,0,0.9041065482796894
Campylobacter hominis,0.9423237206201035,Terrestrial Specialist,9999,1,0,0,0,0.9423237206201035
Lactobacillus equicursoris,0.6630141907670198,Mostly Terrestrial,9999,1,0,0,0,0.6630141907670198
Corynebacterium tuberculostearicum,0.7269602226223604,Mostly Terrestrial,9999,1,0,0,0,0.7269602226223604
Amedibacillus dolichus,0.8587896253602306,Terrestrial Specialist,9999,1,0,0,0,0.8587896253602306
Polynucleobacter sinensis,-0.810771733236942,Aquatic Specialist,9999,0,1,0,0,-0.810771733236942
Polynucleobacter yangtzensis,-0.810771733236942,Aquatic Specialist,9999,0,1,0,0,-0.810771733236942
Polynucleobacter campilacus,-0.810771733236942,Aquatic Specialist,9999,0,1,0,0,-0.810771733236942
Polynucleobacter hirudinilacicola,-0.810771733236942,Aquatic Specialist,9999,0,1,0,0,-0.810771733236942
Polynucleobacter wuianus,-0.810771733236942,Aquatic Specialist,9999,0,1,0,0,-0.810771733236942
Polynucleobacter duraquae,-0.810771733236942,Aquatic Specialist,9999,0,1,0,0,-0.810771733236942
Polynucleobacter paneuropaeus,-0.810771733236942,Aquatic Specialist,9999,0,1,0,0,-0.810771733236942
Polynucleobacter necessarius,-0.810771733236942,Aquatic Specialist,9999,0,1,0,0,-0.810771733236942
Polynucleobacter asymbioticus,-0.810771733236942,Aquatic Specialist,9999,0,1,0,0,-0.810771733236942
Eggerthella lenta,0.7799678197908286,Mostly Terrestrial,9999,1,0,0,0,0.7799678197908286
Paramuribaculum intestinale,0.8771060455896929,Terrestrial Specialist,9999,1,0,0,0,0.8771060455896929
Pseudomonas frederiksbergensis,0.47706834532374093,Mostly Terrestrial,9999,1,0,0,0,0.47706834532374093
Pseudomonas prosekii,0.47706834532374093,Mostly Terrestrial,9999,1,0,0,0,0.47706834532374093
Pseudomonas mediterranea,0.47706834532374093,Mostly Terrestrial,9999,1,0,0,0,0.47706834532374093
Pseudomonas bijieensis,0.47706834532374093,Mostly Terrestrial,9999,1,0,0,0,0.47706834532374093
Pseudomonas corrugata,0.47706834532374093,Mostly Terrestrial,9999,1,0,0,0,0.47706834532374093
Pseudomonas arsenicoxydans,0.47706834532374093,Mostly Terrestrial,9999,1,0,0,0,0.47706834532374093
Pseudomonas mandelii,0.47706834532374093,Mostly Terrestrial,9999,1,0,0,0,0.47706834532374093
Pseudomonas brassicacearum,0.47706834532374093,Mostly Terrestrial,9999,1,0,0,0,0.47706834532374093
Pseudomonas lini,0.47706834532374093,Mostly Terrestrial,9999,1,0,0,0,0.47706834532374093
Pseudomonas thivervalensis,0.47706834532374093,Mostly Terrestrial,9999,1,0,0,0,0.47706834532374093
Pseudomonas viciae,0.47706834532374093,Mostly Terrestrial,9999,1,0,0,0,0.47706834532374093
Pseudomonas kilonensis,0.47706834532374093,Mostly Terrestrial,9999,1,0,0,0,0.47706834532374093
Pseudomonas silesiensis,0.47706834532374093,Mostly Terrestrial,9999,1,0,0,0,0.47706834532374093
Bifidobacterium pullorum,0.864635557269572,Terrestrial Specialist,9999,1,0,0,0,0.864635557269572
Bifidobacterium choerinum,0.958020326999558,Terrestrial Specialist,9999,1,0,0,0,0.958020326999558
Microbacterium oxydans,0.3523391812865497,Mostly Terrestrial,9999,1,0,0,0,0.3523391812865497
Microbacterium paraoxydans,0.3523391812865497,Mostly Terrestrial,9999,1,0,0,0,0.3523391812865497
Microbacterium liquefaciens,0.3523391812865497,Mostly Terrestrial,9999,1,0,0,0,0.3523391812865497
Eubacterium limosum,0.6191656340355226,Mostly Terrestrial,9999,1,0,0,0,0.6191656340355226
Eubacterium callanderi,0.6191656340355226,Mostly Terrestrial,9999,1,0,0,0,0.6191656340355226
Peptoniphilus rhinitidis,0.8308264596474204,Terrestrial Specialist,9999,1,0,0,0,0.8308264596474204
Peptoniphilus lacydonensis,0.8308264596474204,Terrestrial Specialist,9999,1,0,0,0,0.8308264596474204
Clostridium sporogenes,0.6683362664139704,Mostly Terrestrial,9999,1,0,0,0,0.6683362664139704
Clostridium combesii,0.5961302629786074,Mostly Terrestrial,9999,1,0,0,0,0.5961302629786074
Mediterraneibacter faecis,0.9114378526243802,Terrestrial Specialist,9999,1,0,0,0,0.9114378526243802
Prevotella amnii,0.928558344019051,Terrestrial Specialist,9999,1,0,0,0,0.928558344019051
Acinetobacter tjernbergiae,-0.12882963722599663,Mostly Aquatic,9999,0,1,0,0,-0.12882963722599663
Haemophilus paraphrohaemolyticus,0.9246971109040073,Terrestrial Specialist,9999,1,0,0,0,0.9246971109040073
Parasutterella secunda,0.7658459094519461,Mostly Terrestrial,9999,1,0,0,0,0.7658459094519461
Bifidobacterium tissieri,0.8653247941445563,Terrestrial Specialist,9999,1,0,0,0,0.8653247941445563
Enterococcus cecorum,0.5110961667787491,Mostly Terrestrial,9999,1,0,0,0,0.5110961667787491
Clostridium bornimense,0.5691764066322371,Mostly Terrestrial,9999,1,0,0,0,0.5691764066322371
Harryflintia acetispora,0.9399928135106,Terrestrial Specialist,9999,1,0,0,0,0.9399928135106
Brochothrix thermosphacta,0.41613110539845766,Mostly Terrestrial,9999,1,0,0,0,0.41613110539845766
Lactobacillus acidophilus,0.8391959798994976,Terrestrial Specialist,9999,1,0,0,0,0.8391959798994976
Fusobacterium pseudoperiodonticum,0.9252510226850131,Terrestrial Specialist,9999,1,0,0,0,0.9252510226850131
Fusobacterium periodonticum,0.9252510226850131,Terrestrial Specialist,9999,1,0,0,0,0.9252510226850131
Clostridioides difficile,0.8351543032394098,Terrestrial Specialist,9999,1,0,0,0,0.8351543032394098
Leptotrichia hongkongensis,0.9323529411764705,Terrestrial Specialist,9999,1,0,0,0,0.9323529411764705
Corynebacterium diphtheriae,0.48747528015820696,Mostly Terrestrial,9999,1,0,0,0,0.48747528015820696
Corynebacterium rouxii,0.48747528015820696,Mostly Terrestrial,9999,1,0,0,0,0.48747528015820696
Bacteroides pyogenes,0.912728470278281,Terrestrial Specialist,9999,1,0,0,0,0.912728470278281
Hungatella effluvii,0.8985949908368966,Terrestrial Specialist,9999,1,0,0,0,0.8985949908368966
Methyloversatilis discipulorum,-0.2777193351567431,Mostly Aquatic,9999,0,1,0,0,-0.2777193351567431
Methyloversatilis universalis,-0.2777193351567431,Mostly Aquatic,9999,0,1,0,0,-0.2777193351567431
Thermoactinomyces vulgaris,0.6886666666666666,Mostly Terrestrial,9999,1,0,0,0,0.6886666666666666
Thermoactinomyces intermedius,0.6886666666666666,Mostly Terrestrial,9999,1,0,0,0,0.6886666666666666
Trichococcus palustris,-0.3242424242424242,Mostly Aquatic,9999,0,1,0,0,-0.3242424242424242
Trichococcus alkaliphilus,-0.3242424242424242,Mostly Aquatic,9999,0,1,0,0,-0.3242424242424242
Trichococcus collinsii,-0.3242424242424242,Mostly Aquatic,9999,0,1,0,0,-0.3242424242424242
Trichococcus ilyis,-0.3242424242424242,Mostly Aquatic,9999,0,1,0,0,-0.3242424242424242
Trichococcus flocculiformis,-0.3242424242424242,Mostly Aquatic,9999,0,1,0,0,-0.3242424242424242
Trichococcus paludicola,-0.3242424242424242,Mostly Aquatic,9999,0,1,0,0,-0.3242424242424242
Trichococcus patagoniensis,-0.3242424242424242,Mostly Aquatic,9999,0,1,0,0,-0.3242424242424242
Trichococcus shcherbakoviae,-0.3242424242424242,Mostly Aquatic,9999,0,1,0,0,-0.3242424242424242
Trichococcus pasteurii,-0.3242424242424242,Mostly Aquatic,9999,0,1,0,0,-0.3242424242424242
Lactiplantibacillus plantarum,0.46512468377303945,Mostly Terrestrial,9999,1,0,0,0,0.46512468377303945
Streptomyces chartreusis,1,Terrestrial Specialist,9999,1,0,0,0,1
Lactiplantibacillus daowaiensis,0.46512468377303945,Mostly Terrestrial,9999,1,0,0,0,0.46512468377303945
Lactiplantibacillus daoliensis,0.46512468377303945,Mostly Terrestrial,9999,1,0,0,0,0.46512468377303945
Lactiplantibacillus paraplantarum,0.46512468377303945,Mostly Terrestrial,9999,1,0,0,0,0.46512468377303945
Lactiplantibacillus pentosus,0.46512468377303945,Mostly Terrestrial,9999,1,0,0,0,0.46512468377303945
Lactiplantibacillus pingfangensis,0.46512468377303945,Mostly Terrestrial,9999,1,0,0,0,0.46512468377303945
Lactiplantibacillus fabifermentans,0.46512468377303945,Mostly Terrestrial,9999,1,0,0,0,0.46512468377303945
Lactiplantibacillus nangangensis,0.46512468377303945,Mostly Terrestrial,9999,1,0,0,0,0.46512468377303945
Roseburia intestinalis,0.8545393182585217,Terrestrial Specialist,9999,1,0,0,0,0.8545393182585217
Veillonella ratti,0.7714748784440842,Mostly Terrestrial,9999,1,0,0,0,0.7714748784440842
Veillonella seminalis,0.7714748784440842,Mostly Terrestrial,9999,1,0,0,0,0.7714748784440842
Megasphaera lornae,0.8670852956567242,Terrestrial Specialist,9999,1,0,0,0,0.8670852956567242
Limnobacter alexandrii,-0.305136567468406,Mostly Aquatic,9999,0,1,0,0,-0.305136567468406
Phocaeicola plebeius,0.7391016078236368,Mostly Terrestrial,9999,1,0,0,0,0.7391016078236368
Caulobacter henricii,0.46891219150513724,Mostly Terrestrial,9999,1,0,0,0,0.46891219150513724
Dermabacter hominis,0.7718120805369126,Mostly Terrestrial,9999,1,0,0,0,0.7718120805369126
Dermabacter jinjuensis,0.7718120805369126,Mostly Terrestrial,9999,1,0,0,0,0.7718120805369126
Sphingomonas olei,0.38968035436370163,Mostly Terrestrial,9999,1,0,0,0,0.38968035436370163
Massilimicrobiota timonensis,0.9138686131386862,Terrestrial Specialist,9999,1,0,0,0,0.9138686131386862
Prevotella melaninogenica,0.9378238341968913,Terrestrial Specialist,9999,1,0,0,0,0.9378238341968913
Robinsoniella peoriensis,0.8854034451495919,Terrestrial Specialist,9999,1,0,0,0,0.8854034451495919
Anoxybacillus rupiensis,0.435384404549815,Mostly Terrestrial,9999,1,0,0,0,0.435384404549815
Streptococcus lutetiensis,0.7340248194110021,Mostly Terrestrial,9999,1,0,0,0,0.7340248194110021
Streptococcus equinus,0.7340248194110021,Mostly Terrestrial,9999,1,0,0,0,0.7340248194110021
Panacibacter ginsenosidivorans,0.6893704850361198,Mostly Terrestrial,9999,1,0,0,0,0.6893704850361198
Schaalia meyeri,0.9199844630025247,Terrestrial Specialist,9999,1,0,0,0,0.9199844630025247
Dubosiella newyorkensis,0.9037317468902109,Terrestrial Specialist,9999,1,0,0,0,0.9037317468902109
Paraprevotella xylaniphila,0.7664186347460369,Mostly Terrestrial,9999,1,0,0,0,0.7664186347460369
Leptotrichia wadei,0.8805185046026677,Terrestrial Specialist,9999,1,0,0,0,0.8805185046026677
Porphyromonas somerae,0.8820738732633007,Terrestrial Specialist,9999,1,0,0,0,0.8820738732633007
Anaerococcus nagyae,0.818092749836708,Terrestrial Specialist,9999,1,0,0,0,0.818092749836708
Adlercreutzia caecimuris,0.9347181008902078,Terrestrial Specialist,9999,1,0,0,0,0.9347181008902078
Bifidobacterium asteroides,0.8607064458191978,Terrestrial Specialist,9999,1,0,0,0,0.8607064458191978
Sphingomonas faeni,0.4663556851311953,Mostly Terrestrial,9999,1,0,0,0,0.4663556851311953
Sphingomonas aerolata,0.4663556851311953,Mostly Terrestrial,9999,1,0,0,0,0.4663556851311953
Dielma fastidiosa,0.9263987983477281,Terrestrial Specialist,9999,1,0,0,0,0.9263987983477281
Porphyromonas gingivalis,0.8147117296222666,Terrestrial Specialist,9999,1,0,0,0,0.8147117296222666
Holdemania filiformis,0.918101286979776,Terrestrial Specialist,9999,1,0,0,0,0.918101286979776
Romboutsia sedimentorum,0.7531019318360296,Mostly Terrestrial,9999,1,0,0,0,0.7531019318360296
Corynebacterium efficiens,0.4938788659793814,Mostly Terrestrial,9999,1,0,0,0,0.4938788659793814
Mobiluncus holmesii,0.9080206033848418,Terrestrial Specialist,9999,1,0,0,0,0.9080206033848418
Thermomonas carbonis,0.25366427730822727,Mostly Terrestrial,9999,1,0,0,0,0.25366427730822727
Mycobacterium decipiens,0.4802948402948403,Mostly Terrestrial,9999,1,0,0,0,0.4802948402948403
Globicatella sulfidifaciens,0.6543837357052096,Mostly Terrestrial,9999,1,0,0,0,0.6543837357052096
Mogibacterium diversum,0.9073419709462113,Terrestrial Specialist,9999,1,0,0,0,0.9073419709462113
Peptidiphaga gingivicola,0.8533384793516018,Terrestrial Specialist,9999,1,0,0,0,0.8533384793516018
Flavobacterium kayseriense,0.025029541304114354,Generalist,9999,1,0,0,0,0.025029541304114354
Alistipes indistinctus,0.90505086560771,Terrestrial Specialist,9999,1,0,0,0,0.90505086560771
Yersinia similis,0.313459531971978,Mostly Terrestrial,9999,1,0,0,0,0.313459531971978
Yersinia pseudotuberculosis,0.313459531971978,Mostly Terrestrial,9999,1,0,0,0,0.313459531971978
Yersinia pestis,0.313459531971978,Mostly Terrestrial,9999,1,0,0,0,0.313459531971978
Yersinia wautersii,0.313459531971978,Mostly Terrestrial,9999,1,0,0,0,0.313459531971978
Dolosigranulum pigrum,0.6804904435629283,Mostly Terrestrial,9999,1,0,0,0,0.6804904435629283
Ralstonia insidiosa,0.3536196319018404,Mostly Terrestrial,9999,1,0,0,0,0.3536196319018404
Cetobacterium somerae,-0.30682261208576994,Mostly Aquatic,9999,0,1,0,0,-0.30682261208576994
Aurantimicrobium minutum,-0.6166729394053443,Mostly Aquatic,9999,0,1,0,0,-0.6166729394053443
Parvimonas micra,0.9260811583158698,Terrestrial Specialist,9999,1,0,0,0,0.9260811583158698
Streptococcus danieliae,0.9239669421487603,Terrestrial Specialist,9999,1,0,0,0,0.9239669421487603
Prevotella micans,0.9298953936502111,Terrestrial Specialist,9999,1,0,0,0,0.9298953936502111
Fusobacterium mortiferum,0.6382274089260369,Mostly Terrestrial,9999,1,0,0,0,0.6382274089260369
Aerococcus christensenii,0.8493223024115473,Terrestrial Specialist,9999,1,0,0,0,0.8493223024115473
Kineococcus radiotolerans,0.6583805070145212,Mostly Terrestrial,9999,1,0,0,0,0.6583805070145212
Serratia quinivorans,0.3083874252259132,Mostly Terrestrial,9999,1,0,0,0,0.3083874252259132
Serratia grimesii,0.3083874252259132,Mostly Terrestrial,9999,1,0,0,0,0.3083874252259132
Pediococcus pentosaceus,0.639736684619988,Mostly Terrestrial,9999,1,0,0,0,0.639736684619988
Azospira oryzae,-0.20034136974610617,Mostly Aquatic,9999,0,1,0,0,-0.20034136974610617
Abyssicoccus albus,0.6526580459770114,Mostly Terrestrial,9999,1,0,0,0,0.6526580459770114
Bacteroides neonati,0.30976380321949754,Mostly Terrestrial,9999,1,0,0,0,0.30976380321949754
Modestobacter roseus,0.7869379014989293,Mostly Terrestrial,9999,1,0,0,0,0.7869379014989293
Modestobacter altitudinis,0.7869379014989293,Mostly Terrestrial,9999,1,0,0,0,0.7869379014989293
Modestobacter italicus,0.7869379014989293,Mostly Terrestrial,9999,1,0,0,0,0.7869379014989293
Modestobacter marinus,0.7869379014989293,Mostly Terrestrial,9999,1,0,0,0,0.7869379014989293
Modestobacter caceresii,0.7869379014989293,Mostly Terrestrial,9999,1,0,0,0,0.7869379014989293
Haemophilus influenzae,0.8983771251931993,Terrestrial Specialist,9999,1,0,0,0,0.8983771251931993
Haemophilus aegyptius,0.8983771251931993,Terrestrial Specialist,9999,1,0,0,0,0.8983771251931993
Neisseria polysaccharea,0.6215718755751887,Mostly Terrestrial,9999,1,0,0,0,0.6215718755751887
Blautia hydrogenotrophica,0.8656031904287139,Terrestrial Specialist,9999,1,0,0,0,0.8656031904287139
Prescottella equi,0.6814511669063157,Mostly Terrestrial,9999,1,0,0,0,0.6814511669063157
Leuconostoc lactis,0.401077752117013,Mostly Terrestrial,9999,1,0,0,0,0.401077752117013
Mesorhizobium qingshengii,0.5866419294990723,Mostly Terrestrial,9999,1,0,0,0,0.5866419294990723
Mesorhizobium kowhaii,0.5866419294990723,Mostly Terrestrial,9999,1,0,0,0,0.5866419294990723
Mesorhizobium sophorae,0.5866419294990723,Mostly Terrestrial,9999,1,0,0,0,0.5866419294990723
Mesorhizobium loti,0.6369064817490129,Mostly Terrestrial,9999,1,0,0,0,0.6369064817490129
Mesorhizobium shangrilense,0.5866419294990723,Mostly Terrestrial,9999,1,0,0,0,0.5866419294990723
Mesorhizobium sangaii,0.5866419294990723,Mostly Terrestrial,9999,1,0,0,0,0.5866419294990723
Mesorhizobium australicum,0.5866419294990723,Mostly Terrestrial,9999,1,0,0,0,0.5866419294990723
Rhizobium sophorae,0.8493150684931506,Terrestrial Specialist,9999,1,0,0,0,0.8493150684931506
Mesorhizobium cantuariense,0.5866419294990723,Mostly Terrestrial,9999,1,0,0,0,0.5866419294990723
Mesorhizobium norvegicum,0.5866419294990723,Mostly Terrestrial,9999,1,0,0,0,0.5866419294990723
Mesorhizobium waitakense,0.5866419294990723,Mostly Terrestrial,9999,1,0,0,0,0.5866419294990723
Mesorhizobium calcicola,0.5866419294990723,Mostly Terrestrial,9999,1,0,0,0,0.5866419294990723
Cupriavidus necator,0.5561919810389098,Mostly Terrestrial,9999,1,0,0,0,0.5561919810389098
Cupriavidus lacunae,0.5561919810389098,Mostly Terrestrial,9999,1,0,0,0,0.5561919810389098
Actinomyces gerencseriae,0.88558524651863,Terrestrial Specialist,9999,1,0,0,0,0.88558524651863
Paraburkholderia fungorum,0.6548523206751055,Mostly Terrestrial,9999,1,0,0,0,0.6548523206751055
Cardiobacterium hominis,0.7897336390897866,Mostly Terrestrial,9999,1,0,0,0,0.7897336390897866
Corynebacterium ulcerans,0.631383158606696,Mostly Terrestrial,9999,1,0,0,0,0.631383158606696
Corynebacterium pseudotuberculosis,0.631383158606696,Mostly Terrestrial,9999,1,0,0,0,0.631383158606696
Corynebacterium silvaticum,0.631383158606696,Mostly Terrestrial,9999,1,0,0,0,0.631383158606696
Cutibacterium avidum,0.6751935375294513,Mostly Terrestrial,9999,1,0,0,0,0.6751935375294513
Neisseria canis,0.4398277717976319,Mostly Terrestrial,9999,1,0,0,0,0.4398277717976319
Levilactobacillus angrenensis,0.537963843958135,Mostly Terrestrial,9999,1,0,0,0,0.537963843958135
Megasphaera elsdenii,0.7352139765988139,Mostly Terrestrial,9999,1,0,0,0,0.7352139765988139
Clostridium saudiense,0.8085252664145754,Terrestrial Specialist,9999,1,0,0,0,0.8085252664145754
Rosenbergiella epipactidis,0.6533414708574917,Mostly Terrestrial,9999,1,0,0,0,0.6533414708574917
Rosenbergiella australiborealis,0.6533414708574917,Mostly Terrestrial,9999,1,0,0,0,0.6533414708574917
Rosenbergiella nectarea,0.6533414708574917,Mostly Terrestrial,9999,1,0,0,0,0.6533414708574917
Rosenbergiella collisarenosi,0.6533414708574917,Mostly Terrestrial,9999,1,0,0,0,0.6533414708574917
Jeotgalibaca arthritidis,0.19899690219796426,Mostly Terrestrial,9999,1,0,0,0,0.19899690219796426
Bradyrhizobium murdochi,0.5970825941257639,Mostly Terrestrial,9999,1,0,0,0,0.5970825941257639
Bradyrhizobium icense,0.5970825941257639,Mostly Terrestrial,9999,1,0,0,0,0.5970825941257639
Bradyrhizobium retamae,0.5970825941257639,Mostly Terrestrial,9999,1,0,0,0,0.5970825941257639
Bradyrhizobium erythrophlei,0.5970825941257639,Mostly Terrestrial,9999,1,0,0,0,0.5970825941257639
Bradyrhizobium viridifuturi,0.5970825941257639,Mostly Terrestrial,9999,1,0,0,0,0.5970825941257639
Bradyrhizobium paxllaeri,0.5970825941257639,Mostly Terrestrial,9999,1,0,0,0,0.5970825941257639
Bradyrhizobium ivorense,0.5970825941257639,Mostly Terrestrial,9999,1,0,0,0,0.5970825941257639
Bradyrhizobium uaiense,0.5970825941257639,Mostly Terrestrial,9999,1,0,0,0,0.5970825941257639
Bradyrhizobium archetypum,0.5970825941257639,Mostly Terrestrial,9999,1,0,0,0,0.5970825941257639
Bradyrhizobium australiense,0.5970825941257639,Mostly Terrestrial,9999,1,0,0,0,0.5970825941257639
Bradyrhizobium jicamae,0.5970825941257639,Mostly Terrestrial,9999,1,0,0,0,0.5970825941257639
Bradyrhizobium pachyrhizi,0.5970825941257639,Mostly Terrestrial,9999,1,0,0,0,0.5970825941257639
Bradyrhizobium elkanii,0.5970825941257639,Mostly Terrestrial,9999,1,0,0,0,0.5970825941257639
Bradyrhizobium tropiciagri,0.5970825941257639,Mostly Terrestrial,9999,1,0,0,0,0.5970825941257639
Rhizobium tropici,0.5970825941257639,Mostly Terrestrial,9999,1,0,0,0,0.5970825941257639
Bradyrhizobium embrapense,0.5970825941257639,Mostly Terrestrial,9999,1,0,0,0,0.5970825941257639
Bradyrhizobium algeriense,0.5970825941257639,Mostly Terrestrial,9999,1,0,0,0,0.5970825941257639
Bradyrhizobium lablabi,0.5970825941257639,Mostly Terrestrial,9999,1,0,0,0,0.5970825941257639
Bradyrhizobium namibiense,0.5970825941257639,Mostly Terrestrial,9999,1,0,0,0,0.5970825941257639
Butyricicoccus pullicaecorum,0.8980673849837525,Terrestrial Specialist,9999,1,0,0,0,0.8980673849837525
Faecalitalea cylindroides,0.5558277913895695,Mostly Terrestrial,9999,1,0,0,0,0.5558277913895695
Rhodococcus erythropolis,0.34786775275515097,Mostly Terrestrial,9999,1,0,0,0,0.34786775275515097
Rhodococcus qingshengii,0.34786775275515097,Mostly Terrestrial,9999,1,0,0,0,0.34786775275515097
Pseudomonas protegens,0.33772139779798943,Mostly Terrestrial,9999,1,0,0,0,0.33772139779798943
Cardiobacterium valvarum,0.9134756995581738,Terrestrial Specialist,9999,1,0,0,0,0.9134756995581738
Sanguibacter inulinus,0.5239413230002767,Mostly Terrestrial,9999,1,0,0,0,0.5239413230002767
Sanguibacter keddieii,0.5239413230002767,Mostly Terrestrial,9999,1,0,0,0,0.5239413230002767
Listeria monocytogenes,0.7464347826086957,Mostly Terrestrial,9999,1,0,0,0,0.7464347826086957
Listeria innocua,0.7464347826086957,Mostly Terrestrial,9999,1,0,0,0,0.7464347826086957
Listeria marthii,0.7464347826086957,Mostly Terrestrial,9999,1,0,0,0,0.7464347826086957
Listeria welshimeri,0.7464347826086957,Mostly Terrestrial,9999,1,0,0,0,0.7464347826086957
Corynebacterium glutamicum,0.5205293518832711,Mostly Terrestrial,9999,1,0,0,0,0.5205293518832711
Streptococcus parauberis,0.49444159397981874,Mostly Terrestrial,9999,1,0,0,0,0.49444159397981874
Blautia hansenii,0.856710393541877,Terrestrial Specialist,9999,1,0,0,0,0.856710393541877
Capnocytophaga endodontalis,0.919269406392694,Terrestrial Specialist,9999,1,0,0,0,0.919269406392694
Hafnia alvei,0.34186818397344715,Mostly Terrestrial,9999,1,0,0,0,0.34186818397344715
Obesumbacterium proteus,0.34186818397344715,Mostly Terrestrial,9999,1,0,0,0,0.34186818397344715
Alistipes ihumii,0.8795986622073578,Terrestrial Specialist,9999,1,0,0,0,0.8795986622073578
Moraxella nonliquefaciens,0.5643668122270743,Mostly Terrestrial,9999,1,0,0,0,0.5643668122270743
Moraxella catarrhalis,0.5643668122270743,Mostly Terrestrial,9999,1,0,0,0,0.5643668122270743
Acidaminococcus fermentans,0.7931976920740965,Mostly Terrestrial,9999,1,0,0,0,0.7931976920740965
Brevibacterium ravenspurgense,0.6828803877445042,Mostly Terrestrial,9999,1,0,0,0,0.6828803877445042
Pseudoxanthomonas indica,0.5703039580144325,Mostly Terrestrial,9999,1,0,0,0,0.5703039580144325
Xanthomonas indica,0.5703039580144325,Mostly Terrestrial,9999,1,0,0,0,0.5703039580144325
Treponema berlinense,0.8797505938242282,Terrestrial Specialist,9999,1,0,0,0,0.8797505938242282
Staphylococcus xylosus,0.6869895536562203,Mostly Terrestrial,9999,1,0,0,0,0.6869895536562203
Staphylococcus gallinarum,0.6869895536562203,Mostly Terrestrial,9999,1,0,0,0,0.6869895536562203
Streptomyces brasiliensis,0.8689480116574222,Terrestrial Specialist,9999,1,0,0,0,0.8689480116574222
Staphylococcus succinus,0.6869895536562203,Mostly Terrestrial,9999,1,0,0,0,0.6869895536562203
Staphylococcus caeli,0.6869895536562203,Mostly Terrestrial,9999,1,0,0,0,0.6869895536562203
Staphylococcus pseudoxylosus,0.6869895536562203,Mostly Terrestrial,9999,1,0,0,0,0.6869895536562203
Latilactobacillus graminis,0.5376676986584108,Mostly Terrestrial,9999,1,0,0,0,0.5376676986584108
Asticcacaulis taihuensis,0.5945594322885867,Mostly Terrestrial,9999,1,0,0,0,0.5945594322885867
Corynebacterium aurimucosum,0.7410901467505242,Mostly Terrestrial,9999,1,0,0,0,0.7410901467505242
Cronobacter turicensis,0.5419485791610285,Mostly Terrestrial,9999,1,0,0,0,0.5419485791610285
Cronobacter universalis,0.5419485791610285,Mostly Terrestrial,9999,1,0,0,0,0.5419485791610285
Lachnobacterium bovis,0.943679216406489,Terrestrial Specialist,9999,1,0,0,0,0.943679216406489
Terrisporobacter glycolicus,0.8262691377921031,Terrestrial Specialist,9999,1,0,0,0,0.8262691377921031
Terrisporobacter mayombei,0.8262691377921031,Terrestrial Specialist,9999,1,0,0,0,0.8262691377921031
Terrisporobacter othiniensis,0.8262691377921031,Terrestrial Specialist,9999,1,0,0,0,0.8262691377921031
Terrisporobacter petrolearius,0.8262691377921031,Terrestrial Specialist,9999,1,0,0,0,0.8262691377921031
Ligilactobacillus aviarius,0.6574605451936871,Mostly Terrestrial,9999,1,0,0,0,0.6574605451936871
Streptomyces avidinii,0.8663466863577627,Terrestrial Specialist,9999,1,0,0,0,0.8663466863577627
Streptomyces goshikiensis,0.8663466863577627,Terrestrial Specialist,9999,1,0,0,0,0.8663466863577627
Streptomyces virginiae,0.8663466863577627,Terrestrial Specialist,9999,1,0,0,0,0.8663466863577627
Streptomyces spororaveus,0.8663466863577627,Terrestrial Specialist,9999,1,0,0,0,0.8663466863577627
Streptomyces subrutilus,0.8663466863577627,Terrestrial Specialist,9999,1,0,0,0,0.8663466863577627
Streptomyces xanthophaeus,0.8663466863577627,Terrestrial Specialist,9999,1,0,0,0,0.8663466863577627
Streptomyces cirratus,0.8663466863577627,Terrestrial Specialist,9999,1,0,0,0,0.8663466863577627
Streptomyces nojiriensis,0.8663466863577627,Terrestrial Specialist,9999,1,0,0,0,0.8663466863577627
Rothia aeria,0.883768276883213,Terrestrial Specialist,9999,1,0,0,0,0.883768276883213
Neisseria elongata,0.8212809917355373,Terrestrial Specialist,9999,1,0,0,0,0.8212809917355373
Campylobacter showae,0.9325004661570016,Terrestrial Specialist,9999,1,0,0,0,0.9325004661570016
Brevundimonas naejangsanensis,0.28387760349704294,Mostly Terrestrial,9999,1,0,0,0,0.28387760349704294
Sutterella faecalis,0.7071011156366214,Mostly Terrestrial,9999,1,0,0,0,0.7071011156366214
Streptococcus uberis,0.8532654792196777,Terrestrial Specialist,9999,1,0,0,0,0.8532654792196777
Dialister micraerophilus,0.9348237968927624,Terrestrial Specialist,9999,1,0,0,0,0.9348237968927624
Rudanella paleaurantiibacter,0.7151674124363523,Mostly Terrestrial,9999,1,0,0,0,0.7151674124363523
Streptococcus alactolyticus,0.7069221873451182,Mostly Terrestrial,9999,1,0,0,0,0.7069221873451182
Ileibacterium valens,0.8077394501838556,Terrestrial Specialist,9999,1,0,0,0,0.8077394501838556
Peptoniphilus obesi,0.8983279851376458,Terrestrial Specialist,9999,1,0,0,0,0.8983279851376458
Enterocloster citroniae,0.9398692810457516,Terrestrial Specialist,9999,1,0,0,0,0.9398692810457516
Streptococcus criceti,0.9472873523874722,Terrestrial Specialist,9999,1,0,0,0,0.9472873523874722
Leuconostoc citreum,0.39667644183773215,Mostly Terrestrial,9999,1,0,0,0,0.39667644183773215
Psychrobacter sanguinis,0.23485878266122945,Mostly Terrestrial,9999,1,0,0,0,0.23485878266122945
Psychrobacter pasteurii,0.20883945558319914,Mostly Terrestrial,9999,1,0,0,0,0.20883945558319914
Bifidobacterium thermophilum,0.8238626609442059,Terrestrial Specialist,9999,1,0,0,0,0.8238626609442059
Blautia obeum,0.8785425101214573,Terrestrial Specialist,9999,1,0,0,0,0.8785425101214573
Streptococcus sinensis,0.9431750447049474,Terrestrial Specialist,9999,1,0,0,0,0.9431750447049474
Bariatricus massiliensis,0.944583482302467,Terrestrial Specialist,9999,1,0,0,0,0.944583482302467
Bifidobacterium lemurum,0.8525307227660904,Terrestrial Specialist,9999,1,0,0,0,0.8525307227660904
Bifidobacterium eulemuris,0.8525307227660904,Terrestrial Specialist,9999,1,0,0,0,0.8525307227660904
Williamsia muralis,0.26386273278928646,Mostly Terrestrial,9999,1,0,0,0,0.26386273278928646
Williamsia marianensis,0.26386273278928646,Mostly Terrestrial,9999,1,0,0,0,0.26386273278928646
Sphaerotilus natans,-0.530802364018832,Mostly Aquatic,9999,0,1,0,0,-0.530802364018832
Lactococcus piscium,0.23675123855276986,Mostly Terrestrial,9999,1,0,0,0,0.23675123855276986
Gordonibacter urolithinfaciens,0.874646178730287,Terrestrial Specialist,9999,1,0,0,0,0.874646178730287
Rhizorhapis suberifaciens,0.46178913066330296,Mostly Terrestrial,9999,1,0,0,0,0.46178913066330296
Methylobacterium bullatum,0.6103957471943297,Mostly Terrestrial,9999,1,0,0,0,0.6103957471943297
Eikenella corrodens,0.8945821854912764,Terrestrial Specialist,9999,1,0,0,0,0.8945821854912764
Dermacoccus nishinomiyaensis,0.5249913822819717,Mostly Terrestrial,9999,1,0,0,0,0.5249913822819717
Treponema porcinum,0.8274797942689199,Terrestrial Specialist,9999,1,0,0,0,0.8274797942689199
Bacteroides clarus,0.839073359073359,Terrestrial Specialist,9999,1,0,0,0,0.839073359073359
Brevibacterium luteolum,0.5215248110417351,Mostly Terrestrial,9999,1,0,0,0,0.5215248110417351
Mycobacterium avium,0.5499398315282792,Mostly Terrestrial,9999,1,0,0,0,0.5499398315282792
Mycobacterium colombiense,0.5499398315282792,Mostly Terrestrial,9999,1,0,0,0,0.5499398315282792
Mycolicibacterium vulneris,0.5499398315282792,Mostly Terrestrial,9999,1,0,0,0,0.5499398315282792
Mycobacterium marseillense,0.5499398315282792,Mostly Terrestrial,9999,1,0,0,0,0.5499398315282792
Mycobacterium timonense,0.5499398315282792,Mostly Terrestrial,9999,1,0,0,0,0.5499398315282792
Mycobacterium bouchedurhonense,0.5499398315282792,Mostly Terrestrial,9999,1,0,0,0,0.5499398315282792
Mobiluncus mulieris,0.9541593204039109,Terrestrial Specialist,9999,1,0,0,0,0.9541593204039109
Listeria seeligeri,0.7835122965015587,Mostly Terrestrial,9999,1,0,0,0,0.7835122965015587
Desulfovibrio porci,0.846077457795432,Terrestrial Specialist,9999,1,0,0,0,0.846077457795432
Fictibacillus phosphorivorans,0.453904873752202,Mostly Terrestrial,9999,1,0,0,0,0.453904873752202
Fictibacillus nanhaiensis,0.453904873752202,Mostly Terrestrial,9999,1,0,0,0,0.453904873752202
Fictibacillus halophilus,0.453904873752202,Mostly Terrestrial,9999,1,0,0,0,0.453904873752202
Sutterella parvirubra,0.8927557879014189,Terrestrial Specialist,9999,1,0,0,0,0.8927557879014189
Prevotella corporis,0.9223659889094269,Terrestrial Specialist,9999,1,0,0,0,0.9223659889094269
Pseudomonas luteola,0.20107166778298724,Mostly Terrestrial,9999,1,0,0,0,0.20107166778298724
Pseudomonas zeshuii,0.20107166778298724,Mostly Terrestrial,9999,1,0,0,0,0.20107166778298724
Prevotella bryantii,0.9088976617066504,Terrestrial Specialist,9999,1,0,0,0,0.9088976617066504
Pelosinus fermentans,0.4041945560017849,Mostly Terrestrial,9999,1,0,0,0,0.4041945560017849
Olegusella massiliensis,0.8851374869474418,Terrestrial Specialist,9999,1,0,0,0,0.8851374869474418
Staphylococcus aureus,0.7562738405942582,Mostly Terrestrial,9999,1,0,0,0,0.7562738405942582
Staphylococcus simiae,0.7562738405942582,Mostly Terrestrial,9999,1,0,0,0,0.7562738405942582
Staphylococcus argenteus,0.7562738405942582,Mostly Terrestrial,9999,1,0,0,0,0.7562738405942582
Staphylococcus schweitzeri,0.7562738405942582,Mostly Terrestrial,9999,1,0,0,0,0.7562738405942582
Bordetella holmesii,0.0030986216476119152,Generalist,9999,1,0,0,0,0.0030986216476119152
Bordetella bronchiseptica,0.0030986216476119152,Generalist,9999,1,0,0,0,0.0030986216476119152
Bordetella parapertussis,0.0030986216476119152,Generalist,9999,1,0,0,0,0.0030986216476119152
Bordetella pertussis,0.0030986216476119152,Generalist,9999,1,0,0,0,0.0030986216476119152
Actinomyces naeslundii,0.8793626707132018,Terrestrial Specialist,9999,1,0,0,0,0.8793626707132018
Amedibacterium intestinale,0.6718364469510045,Mostly Terrestrial,9999,1,0,0,0,0.6718364469510045
Yoonia vestfoldensis,-0.7864061864061863,Mostly Aquatic,9999,0,1,0,0,-0.7864061864061863
Cuneatibacter caecimuris,0.9316811788345613,Terrestrial Specialist,9999,1,0,0,0,0.9316811788345613
Neisseria bacilliformis,0.8438716855182644,Terrestrial Specialist,9999,1,0,0,0,0.8438716855182644
Pseudomonas aeruginosa,0.1745579007415858,Mostly Terrestrial,9999,1,0,0,0,0.1745579007415858
Lactobacillus intestinalis,0.8571195563529603,Terrestrial Specialist,9999,1,0,0,0,0.8571195563529603
Edwardsiella tarda,0.43896866840731075,Mostly Terrestrial,9999,1,0,0,0,0.43896866840731075
Edwardsiella hoshinae,0.43896866840731075,Mostly Terrestrial,9999,1,0,0,0,0.43896866840731075
Edwardsiella ictaluri,0.43896866840731075,Mostly Terrestrial,9999,1,0,0,0,0.43896866840731075
Edwardsiella anguillarum,0.43896866840731075,Mostly Terrestrial,9999,1,0,0,0,0.43896866840731075
Serratia marcescens,0.5356314731797805,Mostly Terrestrial,9999,1,0,0,0,0.5356314731797805
Serratia ureilytica,0.5356314731797805,Mostly Terrestrial,9999,1,0,0,0,0.5356314731797805
Serratia nematodiphila,0.5356314731797805,Mostly Terrestrial,9999,1,0,0,0,0.5356314731797805
Clostridioides mangenotii,0.7069910439780778,Mostly Terrestrial,9999,1,0,0,0,0.7069910439780778
Odoribacter laneus,0.6780439776829668,Mostly Terrestrial,9999,1,0,0,0,0.6780439776829668
Vulcaniibacterium thermophilum,0.3608630952380953,Mostly Terrestrial,9999,1,0,0,0,0.3608630952380953
Paludibacter propionicigenes,0.401578749530134,Mostly Terrestrial,9999,1,0,0,0,0.401578749530134
Staphylococcus debuckii,0.6963587739148323,Mostly Terrestrial,9999,1,0,0,0,0.6963587739148323
Staphylococcus carnosus,0.6963587739148323,Mostly Terrestrial,9999,1,0,0,0,0.6963587739148323
Staphylococcus piscifermentans,0.793151642208246,Mostly Terrestrial,9999,1,0,0,0,0.793151642208246
Corynebacterium minutissimum,0.7341163908168714,Mostly Terrestrial,9999,1,0,0,0,0.7341163908168714
Corynebacterium singulare,0.7341163908168714,Mostly Terrestrial,9999,1,0,0,0,0.7341163908168714
Limosilactobacillus equigenerosi,0.884844983631812,Terrestrial Specialist,9999,1,0,0,0,0.884844983631812
Rhodocytophaga rosea,0.8053402239448753,Terrestrial Specialist,9999,1,0,0,0,0.8053402239448753
Mycobacteroides saopaulense,0.2661617824607617,Mostly Terrestrial,9999,1,0,0,0,0.2661617824607617
Mycobacteroides chelonae,0.2661617824607617,Mostly Terrestrial,9999,1,0,0,0,0.2661617824607617
Mycobacteroides salmoniphilum,0.2661617824607617,Mostly Terrestrial,9999,1,0,0,0,0.2661617824607617
Mycobacteroides immunogenum,0.2661617824607617,Mostly Terrestrial,9999,1,0,0,0,0.2661617824607617
Mycobacteroides franklinii,0.2661617824607617,Mostly Terrestrial,9999,1,0,0,0,0.2661617824607617
Sphingobium xenophagum,-0.15540609395699584,Mostly Aquatic,9999,0,1,0,0,-0.15540609395699584
Corynebacterium bovis,0.7461721674038788,Mostly Terrestrial,9999,1,0,0,0,0.7461721674038788
Asaia siamensis,0.5247804582618352,Mostly Terrestrial,9999,1,0,0,0,0.5247804582618352
Asaia bogorensis,0.5247804582618352,Mostly Terrestrial,9999,1,0,0,0,0.5247804582618352
Nocardioides allogilvus,0.7159967519285425,Mostly Terrestrial,9999,1,0,0,0,0.7159967519285425
Corynebacterium godavarianum,0.6435783879539415,Mostly Terrestrial,9999,1,0,0,0,0.6435783879539415
Corynebacterium gottingense,0.6435783879539415,Mostly Terrestrial,9999,1,0,0,0,0.6435783879539415
Neisseria mucosa,0.863720757519495,Terrestrial Specialist,9999,1,0,0,0,0.863720757519495
Morococcus cerebrosus,0.863720757519495,Terrestrial Specialist,9999,1,0,0,0,0.863720757519495
Christensenella timonensis,0.8485780169100693,Terrestrial Specialist,9999,1,0,0,0,0.8485780169100693
Novibacillus thermophilus,0.791799494338793,Mostly Terrestrial,9999,1,0,0,0,0.791799494338793
Priestia koreensis,0.5355074018450976,Mostly Terrestrial,9999,1,0,0,0,0.5355074018450976
Rothia koreensis,0.6977813852813852,Mostly Terrestrial,9999,1,0,0,0,0.6977813852813852
Fluviibacter phosphoraccumulans,-0.7424334402913885,Mostly Aquatic,9999,0,1,0,0,-0.7424334402913885
Kandleria vitulina,0.8432881773399016,Terrestrial Specialist,9999,1,0,0,0,0.8432881773399016
Diaphorobacter nitroreducens,0.14206896551724138,Mostly Terrestrial,9999,1,0,0,0,0.14206896551724138
Brevundimonas nasdae,0.3856132075471699,Mostly Terrestrial,9999,1,0,0,0,0.3856132075471699
Brevundimonas vesicularis,0.3856132075471699,Mostly Terrestrial,9999,1,0,0,0,0.3856132075471699
Brevundimonas intermedia,0.3856132075471699,Mostly Terrestrial,9999,1,0,0,0,0.3856132075471699
Chryseolinea serpens,0.8970789834440579,Terrestrial Specialist,9999,1,0,0,0,0.8970789834440579
Leptotrichia trevisanii,0.9308452250274424,Terrestrial Specialist,9999,1,0,0,0,0.9308452250274424
Catenulispora rubra,0.9125630089181852,Terrestrial Specialist,9999,1,0,0,0,0.9125630089181852
Catenulispora acidiphila,0.9125630089181852,Terrestrial Specialist,9999,1,0,0,0,0.9125630089181852
Ralstonia pseudosolanacearum,0.45877333333333326,Mostly Terrestrial,9999,1,0,0,0,0.45877333333333326
Burkholderia sola,0.45877333333333326,Mostly Terrestrial,9999,1,0,0,0,0.45877333333333326
Ralstonia solanacearum,0.45877333333333326,Mostly Terrestrial,9999,1,0,0,0,0.45877333333333326
Corynebacterium pseudodiphtheriticum,0.8200037814331632,Terrestrial Specialist,9999,1,0,0,0,0.8200037814331632
Acetoanaerobium sticklandii,-0.5723620782003214,Mostly Aquatic,9999,0,1,0,0,-0.5723620782003214
Acetoanaerobium noterae,-0.5723620782003214,Mostly Aquatic,9999,0,1,0,0,-0.5723620782003214
Bacteroides stercorirosoris,0.928845832637381,Terrestrial Specialist,9999,1,0,0,0,0.928845832637381
Prevotella multiformis,0.9046507102549133,Terrestrial Specialist,9999,1,0,0,0,0.9046507102549133
Rothia kristinae,0.5256985167299069,Mostly Terrestrial,9999,1,0,0,0,0.5256985167299069
Pseudoxanthomonas mexicana,0.09932520421451403,Generalist,9999,1,0,0,0,0.09932520421451403
Pseudoxanthomonas japonensis,0.09932520421451403,Generalist,9999,1,0,0,0,0.09932520421451403
Bifidobacterium mongoliense,0.7074954296160877,Mostly Terrestrial,9999,1,0,0,0,0.7074954296160877
Pandoraea bronchicola,0.5258855585831064,Mostly Terrestrial,9999,1,0,0,0,0.5258855585831064
Pandoraea eparura,0.5258855585831064,Mostly Terrestrial,9999,1,0,0,0,0.5258855585831064
Pandoraea terrigena,0.5258855585831064,Mostly Terrestrial,9999,1,0,0,0,0.5258855585831064
Pandoraea anhela,0.5258855585831064,Mostly Terrestrial,9999,1,0,0,0,0.5258855585831064
Pandoraea nosoerga,0.5258855585831064,Mostly Terrestrial,9999,1,0,0,0,0.5258855585831064
Pandoraea communis,0.5258855585831064,Mostly Terrestrial,9999,1,0,0,0,0.5258855585831064
Pandoraea horticolens,0.5258855585831064,Mostly Terrestrial,9999,1,0,0,0,0.5258855585831064
Pandoraea pneumonica,0.5258855585831064,Mostly Terrestrial,9999,1,0,0,0,0.5258855585831064
Pandoraea captiosa,0.5258855585831064,Mostly Terrestrial,9999,1,0,0,0,0.5258855585831064
Pandoraea vervacti,0.5258855585831064,Mostly Terrestrial,9999,1,0,0,0,0.5258855585831064
Pandoraea faecigallinarum,0.5258855585831064,Mostly Terrestrial,9999,1,0,0,0,0.5258855585831064
Pandoraea apista,0.5258855585831064,Mostly Terrestrial,9999,1,0,0,0,0.5258855585831064
Pandoraea pnomenusa,0.5258855585831064,Mostly Terrestrial,9999,1,0,0,0,0.5258855585831064
Pandoraea pulmonicola,0.5258855585831064,Mostly Terrestrial,9999,1,0,0,0,0.5258855585831064
Pandoraea fibrosis,0.5258855585831064,Mostly Terrestrial,9999,1,0,0,0,0.5258855585831064
Pandoraea soli,0.5258855585831064,Mostly Terrestrial,9999,1,0,0,0,0.5258855585831064
Pandoraea morbifera,0.5258855585831064,Mostly Terrestrial,9999,1,0,0,0,0.5258855585831064
Slackia piriformis,0.7268871925360476,Mostly Terrestrial,9999,1,0,0,0,0.7268871925360476
Anaeromassilibacillus senegalensis,0.9177510040160641,Terrestrial Specialist,9999,1,0,0,0,0.9177510040160641
Anaerofustis stercorihominis,0.8784729162502499,Terrestrial Specialist,9999,1,0,0,0,0.8784729162502499
Bifidobacterium ramosum,0.9447887323943662,Terrestrial Specialist,9999,1,0,0,0,0.9447887323943662
Bacillus xiamenensis,0.538881309686221,Mostly Terrestrial,9999,1,0,0,0,0.538881309686221
Bacillus pumilus,0.538881309686221,Mostly Terrestrial,9999,1,0,0,0,0.538881309686221
Bacillus australimaris,0.538881309686221,Mostly Terrestrial,9999,1,0,0,0,0.538881309686221
Bacillus altitudinis,0.538881309686221,Mostly Terrestrial,9999,1,0,0,0,0.538881309686221
Bacillus zhangzhouensis,0.538881309686221,Mostly Terrestrial,9999,1,0,0,0,0.538881309686221
Aquidulcibacter paucihalophilus,-0.8236453979020428,Aquatic Specialist,9999,0,1,0,0,-0.8236453979020428
Peptostreptococcus russellii,0.32163537462712766,Mostly Terrestrial,9999,1,0,0,0,0.32163537462712766
Xanthomonas albilineans,0.5234567901234568,Mostly Terrestrial,9999,1,0,0,0,0.5234567901234568
Xanthomonas translucens,0.5234567901234568,Mostly Terrestrial,9999,1,0,0,0,0.5234567901234568
Xanthomonas hyacinthi,0.5234567901234568,Mostly Terrestrial,9999,1,0,0,0,0.5234567901234568
Xanthomonas sacchari,0.5234567901234568,Mostly Terrestrial,9999,1,0,0,0,0.5234567901234568
Pediococcus acidilactici,0.6543958423559982,Mostly Terrestrial,9999,1,0,0,0,0.6543958423559982
Anaerococcus hydrogenalis,0.9509788317682636,Terrestrial Specialist,9999,1,0,0,0,0.9509788317682636
Longibaculum muris,0.8602723505032563,Terrestrial Specialist,9999,1,0,0,0,0.8602723505032563
Clostridium algidicarnis,0.345257185148637,Mostly Terrestrial,9999,1,0,0,0,0.345257185148637
Clostridium putrefaciens,0.345257185148637,Mostly Terrestrial,9999,1,0,0,0,0.345257185148637
Bulleidia extructa,0.8895138609883487,Terrestrial Specialist,9999,1,0,0,0,0.8895138609883487
Emergencia timonensis,0.8070686070686071,Terrestrial Specialist,9999,1,0,0,0,0.8070686070686071
Ruminococcus champanellensis,0.8413804546208727,Terrestrial Specialist,9999,1,0,0,0,0.8413804546208727
Cobetia pacifica,-0.6642592592592593,Mostly Aquatic,9999,0,1,0,0,-0.6642592592592593
Cobetia amphilecti,-0.6642592592592593,Mostly Aquatic,9999,0,1,0,0,-0.6642592592592593
Cobetia marina,-0.6642592592592593,Mostly Aquatic,9999,0,1,0,0,-0.6642592592592593
Cobetia litoralis,-0.6642592592592593,Mostly Aquatic,9999,0,1,0,0,-0.6642592592592593
Parascardovia denticolens,0.8615631446252577,Terrestrial Specialist,9999,1,0,0,0,0.8615631446252577
Eggerthia catenaformis,0.9196074731081335,Terrestrial Specialist,9999,1,0,0,0,0.9196074731081335
Ureibacillus thermosphaericus,0.6938249467667825,Mostly Terrestrial,9999,1,0,0,0,0.6938249467667825
Erwinia rhapontici,0.6196504747488647,Mostly Terrestrial,9999,1,0,0,0,0.6196504747488647
Stigmatella erecta,0.7619408642911296,Mostly Terrestrial,9999,1,0,0,0,0.7619408642911296
Stigmatella aurantiaca,0.7619408642911296,Mostly Terrestrial,9999,1,0,0,0,0.7619408642911296
Stigmatella hybrida,0.7619408642911296,Mostly Terrestrial,9999,1,0,0,0,0.7619408642911296
Porphyromonas catoniae,0.929083226162043,Terrestrial Specialist,9999,1,0,0,0,0.929083226162043
Jeotgalibaca porci,0.33432259979225404,Mostly Terrestrial,9999,1,0,0,0,0.33432259979225404
Alterileibacterium massiliense,0.8265386431607116,Terrestrial Specialist,9999,1,0,0,0,0.8265386431607116
Parabacteroides chartae,-0.33828346800611486,Mostly Aquatic,9999,0,1,0,0,-0.33828346800611486
Macellibacteroides fermentans,-0.33828346800611486,Mostly Aquatic,9999,0,1,0,0,-0.33828346800611486
Enterococcus casseliflavus,0.7473069198466313,Mostly Terrestrial,9999,1,0,0,0,0.7473069198466313
Enterococcus gallinarum,0.5342785006797436,Mostly Terrestrial,9999,1,0,0,0,0.5342785006797436
Enterococcus saccharolyticus,0.5342785006797436,Mostly Terrestrial,9999,1,0,0,0,0.5342785006797436
Propionibacterium acidifaciens,0.8093393587260599,Terrestrial Specialist,9999,1,0,0,0,0.8093393587260599
Corynebacterium argentoratense,0.7732434350603264,Mostly Terrestrial,9999,1,0,0,0,0.7732434350603264
Bifidobacterium boum,0.9171683999270205,Terrestrial Specialist,9999,1,0,0,0,0.9171683999270205
Priestia aryabhattai,0.7591792656587472,Mostly Terrestrial,9999,1,0,0,0,0.7591792656587472
Clostridium ljungdahlii,0.6889554677924554,Mostly Terrestrial,9999,1,0,0,0,0.6889554677924554
Clostridium autoethanogenum,0.6889554677924554,Mostly Terrestrial,9999,1,0,0,0,0.6889554677924554
Corynebacterium amycolatum,0.7629218979292351,Mostly Terrestrial,9999,1,0,0,0,0.7629218979292351
Bifidobacterium aesculapii,0.9246624022743424,Terrestrial Specialist,9999,1,0,0,0,0.9246624022743424
Selenomonas bovis,0.5364326628480086,Mostly Terrestrial,9999,1,0,0,0,0.5364326628480086
Marivivens donghaensis,-0.8138028402956566,Aquatic Specialist,9999,0,1,0,0,-0.8138028402956566
Clostridium frigoris,0.3693540139764786,Mostly Terrestrial,9999,1,0,0,0,0.3693540139764786
Clostridium estertheticum,0.3693540139764786,Mostly Terrestrial,9999,1,0,0,0,0.3693540139764786
Sporosarcina globispora,0.7223500265439745,Mostly Terrestrial,9999,1,0,0,0,0.7223500265439745
Sporosarcina psychrophila,0.7223500265439745,Mostly Terrestrial,9999,1,0,0,0,0.7223500265439745
Janibacter limosus,0.5592529711375213,Mostly Terrestrial,9999,1,0,0,0,0.5592529711375213
Actinomyces dentalis,0.859507313317937,Terrestrial Specialist,9999,1,0,0,0,0.859507313317937
Corynebacterium confusum,0.8038856304985337,Terrestrial Specialist,9999,1,0,0,0,0.8038856304985337
Nosocomiicoccus ampullae,0.7180361404705081,Mostly Terrestrial,9999,1,0,0,0,0.7180361404705081
Corynebacterium pyruviciproducens,0.8683848797250859,Terrestrial Specialist,9999,1,0,0,0,0.8683848797250859
Gemella asaccharolytica,0.9186576691592195,Terrestrial Specialist,9999,1,0,0,0,0.9186576691592195
Duganella phyllosphaerae,0.4937113196246756,Mostly Terrestrial,9999,1,0,0,0,0.4937113196246756
Microterricola gilva,0.5218344965104685,Mostly Terrestrial,9999,1,0,0,0,0.5218344965104685
Microterricola viridarii,0.5218344965104685,Mostly Terrestrial,9999,1,0,0,0,0.5218344965104685
Microterricola pindariensis,0.5218344965104685,Mostly Terrestrial,9999,1,0,0,0,0.5218344965104685
Bacillus mojavensis,0.4831908831908832,Mostly Terrestrial,9999,1,0,0,0,0.4831908831908832
Bacillus amyloliquefaciens,0.4831908831908832,Mostly Terrestrial,9999,1,0,0,0,0.4831908831908832
Bacillus nakamurai,0.4831908831908832,Mostly Terrestrial,9999,1,0,0,0,0.4831908831908832
Bacillus vallismortis,0.4831908831908832,Mostly Terrestrial,9999,1,0,0,0,0.4831908831908832
Bacillus siamensis,0.4831908831908832,Mostly Terrestrial,9999,1,0,0,0,0.4831908831908832
Bacillus spizizenii,0.4831908831908832,Mostly Terrestrial,9999,1,0,0,0,0.4831908831908832
Bacillus methanolicus,0.5768458357944478,Mostly Terrestrial,9999,1,0,0,0,0.5768458357944478
Croceibacterium mercuriale,0.5319909448349814,Mostly Terrestrial,9999,1,0,0,0,0.5319909448349814
Croceibacterium ferulae,0.5319909448349814,Mostly Terrestrial,9999,1,0,0,0,0.5319909448349814
Rhodobacter capsulatus,-0.6114649681528663,Mostly Aquatic,9999,0,1,0,0,-0.6114649681528663
Rhodobacter viridis,-0.6114649681528663,Mostly Aquatic,9999,0,1,0,0,-0.6114649681528663
Helicobacter pylori,0.7242569511025888,Mostly Terrestrial,9999,1,0,0,0,0.7242569511025888
Lacipirellula limnantheis,0.3926765122395307,Mostly Terrestrial,9999,1,0,0,0,0.3926765122395307
Christensenella intestinihominis,0.8910411622276028,Terrestrial Specialist,9999,1,0,0,0,0.8910411622276028
Christensenella minuta,0.8910411622276028,Terrestrial Specialist,9999,1,0,0,0,0.8910411622276028
Faecalicoccus pleomorphus,0.7569841804106362,Mostly Terrestrial,9999,1,0,0,0,0.7569841804106362
Moraxella lincolnii,0.30544066178810053,Mostly Terrestrial,9999,1,0,0,0,0.30544066178810053
Saccharomonospora viridis,0.7625294315506221,Mostly Terrestrial,9999,1,0,0,0,0.7625294315506221
Allocatelliglobosispora scoriae,0.8973825947273929,Terrestrial Specialist,9999,1,0,0,0,0.8973825947273929
Sphingosinicella microcystinivorans,0.014894919404203231,Generalist,9999,1,0,0,0,0.014894919404203231
Sphingosinicella soli,0.014894919404203231,Generalist,9999,1,0,0,0,0.014894919404203231
Sphingosinicella xenopeptidilytica,0.014894919404203231,Generalist,9999,1,0,0,0,0.014894919404203231
Inquilinus limosus,0.8189603664608643,Terrestrial Specialist,9999,1,0,0,0,0.8189603664608643
Adlercreutzia mucosicola,0.9578127535291255,Terrestrial Specialist,9999,1,0,0,0,0.9578127535291255
Tatumella morbirosei,0.41115637731118776,Mostly Terrestrial,9999,1,0,0,0,0.41115637731118776
Parabacteroides gordonii,0.8051152737752163,Terrestrial Specialist,9999,1,0,0,0,0.8051152737752163
Prevotella baroniae,0.9376265694613204,Terrestrial Specialist,9999,1,0,0,0,0.9376265694613204
Weissella bombi,0.6032388663967612,Mostly Terrestrial,9999,1,0,0,0,0.6032388663967612
Weissella hellenica,0.6032388663967612,Mostly Terrestrial,9999,1,0,0,0,0.6032388663967612
Faecalibacterium prausnitzii,0.9152,Terrestrial Specialist,9999,1,0,0,0,0.9152
Exiguobacterium antarcticum,-0.11764072758583576,Mostly Aquatic,9999,0,1,0,0,-0.11764072758583576
Exiguobacterium undae,-0.11764072758583576,Mostly Aquatic,9999,0,1,0,0,-0.11764072758583576
Prevotella maculosa,0.9444759206798867,Terrestrial Specialist,9999,1,0,0,0,0.9444759206798867
Pseudoclavibacter helvolus,0.30457209847596717,Mostly Terrestrial,9999,1,0,0,0,0.30457209847596717
Pseudoclavibacter terrae,0.30457209847596717,Mostly Terrestrial,9999,1,0,0,0,0.30457209847596717
Oscillibacter valericigenes,0.6994366197183098,Mostly Terrestrial,9999,1,0,0,0,0.6994366197183098
Bacteroides reticulotermitis,0.5253318110460968,Mostly Terrestrial,9999,1,0,0,0,0.5253318110460968
Bifidobacterium scardovii,0.9195356285028023,Terrestrial Specialist,9999,1,0,0,0,0.9195356285028023
Veillonella montpellierensis,0.8416896235078053,Terrestrial Specialist,9999,1,0,0,0,0.8416896235078053
Pseudonocardia antarctica,0.6935414884516681,Mostly Terrestrial,9999,1,0,0,0,0.6935414884516681
Pseudonocardia alni,0.6935414884516681,Mostly Terrestrial,9999,1,0,0,0,0.6935414884516681
Pseudonocardia carboxydivorans,0.6935414884516681,Mostly Terrestrial,9999,1,0,0,0,0.6935414884516681
Polymorphobacter fuscus,-0.58103888731195,Mostly Aquatic,9999,0,1,0,0,-0.58103888731195
Polymorphobacter glacialis,-0.58103888731195,Mostly Aquatic,9999,0,1,0,0,-0.58103888731195
Frederiksenia canicola,0.8952644313861043,Terrestrial Specialist,9999,1,0,0,0,0.8952644313861043
Limosilactobacillus ingluviei,0.7892113227701619,Mostly Terrestrial,9999,1,0,0,0,0.7892113227701619
Flavobacterium terrae,-0.011049723756906066,Generalist,9999,0,1,0,0,-0.011049723756906066
Enterococcus italicus,0.3606119907489771,Mostly Terrestrial,9999,1,0,0,0,0.3606119907489771
Corynebacterium variabile,0.32244636567403134,Mostly Terrestrial,9999,1,0,0,0,0.32244636567403134
Lysobacter capsici,0.8249225724175624,Terrestrial Specialist,9999,1,0,0,0,0.8249225724175624
Lysobacter antibioticus,0.8249225724175624,Terrestrial Specialist,9999,1,0,0,0,0.8249225724175624
Lysobacter gummosus,0.8249225724175624,Terrestrial Specialist,9999,1,0,0,0,0.8249225724175624
Thermobifida fusca,0.7552779927047641,Mostly Terrestrial,9999,1,0,0,0,0.7552779927047641
Helicobacter rodentium,0.8268527750083083,Terrestrial Specialist,9999,1,0,0,0,0.8268527750083083
Paracoccus chinensis,0.10307262569832407,Mostly Terrestrial,9999,1,0,0,0,0.10307262569832407
Sphingobacterium kitahiroshimense,0.4469953581733785,Mostly Terrestrial,9999,1,0,0,0,0.4469953581733785
Aliarcobacter butzleri,-0.5316184351554126,Mostly Aquatic,9999,0,1,0,0,-0.5316184351554126
Enterocloster aldenensis,0.9079681274900397,Terrestrial Specialist,9999,1,0,0,0,0.9079681274900397
Longicatena caecimuris,0.851578515785158,Terrestrial Specialist,9999,1,0,0,0,0.851578515785158
Variovorax ginsengisoli,0.1151168335717692,Mostly Terrestrial,9999,1,0,0,0,0.1151168335717692
Actinomyces johnsonii,0.8753612716763005,Terrestrial Specialist,9999,1,0,0,0,0.8753612716763005
Clostridium frigidicarnis,0.12771713779270452,Mostly Terrestrial,9999,1,0,0,0,0.12771713779270452
Dialister succinatiphilus,0.6661166941652916,Mostly Terrestrial,9999,1,0,0,0,0.6661166941652916
Methylobacterium hispanicum,0.3580122976534069,Mostly Terrestrial,9999,1,0,0,0,0.3580122976534069
Paraglaciecola agarilytica,-0.6654408110525794,Mostly Aquatic,9999,0,1,0,0,-0.6654408110525794
Porphyromonas cangingivalis,0.8911111111111111,Terrestrial Specialist,9999,1,0,0,0,0.8911111111111111
Adlercreutzia muris,0.9528907922912205,Terrestrial Specialist,9999,1,0,0,0,0.9528907922912205
Williamsia herbipolensis,0.5196652719665271,Mostly Terrestrial,9999,1,0,0,0,0.5196652719665271
Nocardioides luteus,0.8683538919608678,Terrestrial Specialist,9999,1,0,0,0,0.8683538919608678
Nocardioides albus,0.8683538919608678,Terrestrial Specialist,9999,1,0,0,0,0.8683538919608678
Morganella morganii,0.4949713755222034,Mostly Terrestrial,9999,1,0,0,0,0.4949713755222034
Nocardioides panzhihuensis,0.8683538919608678,Terrestrial Specialist,9999,1,0,0,0,0.8683538919608678
Croceibacter atlanticus,-0.8650263120466505,Aquatic Specialist,9999,0,1,0,0,-0.8650263120466505
Nocardioides zeae,0.6140160260763277,Mostly Terrestrial,9999,1,0,0,0,0.6140160260763277
Bifidobacterium magnum,0.9299546765554181,Terrestrial Specialist,9999,1,0,0,0,0.9299546765554181
Burkholderia pseudomallei,0.6836446714151325,Mostly Terrestrial,9999,1,0,0,0,0.6836446714151325
Burkholderia mallei,0.6836446714151325,Mostly Terrestrial,9999,1,0,0,0,0.6836446714151325
Brevibacillus halotolerans,0.8024018568977695,Terrestrial Specialist,9999,1,0,0,0,0.8024018568977695
Urinicoccus massiliensis,0.8925806451612904,Terrestrial Specialist,9999,1,0,0,0,0.8925806451612904
Limosilactobacillus frumenti,0.9301925722145804,Terrestrial Specialist,9999,1,0,0,0,0.9301925722145804
Eubacterium pyruvativorans,0.931292008961912,Terrestrial Specialist,9999,1,0,0,0,0.931292008961912
Corynebacterium striatum,0.803305785123967,Terrestrial Specialist,9999,1,0,0,0,0.803305785123967
Marvinbryantia formatexigens,0.9235463029432878,Terrestrial Specialist,9999,1,0,0,0,0.9235463029432878
Sulfuricurvum kujiense,-0.45391591096455075,Mostly Aquatic,9999,0,1,0,0,-0.45391591096455075
Embleya hyalina,0.8179607434427653,Terrestrial Specialist,9999,1,0,0,0,0.8179607434427653
Traorella massiliensis,0.9122331413080313,Terrestrial Specialist,9999,1,0,0,0,0.9122331413080313
Bacillus mesophilum,0.662824517936012,Mostly Terrestrial,9999,1,0,0,0,0.662824517936012
Cytobacillus gottheilii,0.662824517936012,Mostly Terrestrial,9999,1,0,0,0,0.662824517936012
Methylobacillus flagellatus,0.33246259795772976,Mostly Terrestrial,9999,1,0,0,0,0.33246259795772976
Methylobacillus arboreus,0.33246259795772976,Mostly Terrestrial,9999,1,0,0,0,0.33246259795772976
Parolsenella massiliensis,0.8002129169623846,Terrestrial Specialist,9999,1,0,0,0,0.8002129169623846
Allobaculum stercoricanis,0.8571428571428572,Terrestrial Specialist,9999,1,0,0,0,0.8571428571428572
Owenweeksia hongkongensis,-0.11497824735860786,Mostly Aquatic,9999,0,1,0,0,-0.11497824735860786
Bifidobacterium apri,0.8816858816858816,Terrestrial Specialist,9999,1,0,0,0,0.8816858816858816
Porphyromonas asaccharolytica,0.9342324034731202,Terrestrial Specialist,9999,1,0,0,0,0.9342324034731202
Methylobacterium goesingense,0.5921357919159848,Mostly Terrestrial,9999,1,0,0,0,0.5921357919159848
Methylobacterium adhaesivum,0.5921357919159848,Mostly Terrestrial,9999,1,0,0,0,0.5921357919159848
Methylobacterium gossipiicola,0.5921357919159848,Mostly Terrestrial,9999,1,0,0,0,0.5921357919159848
Colibacter massiliensis,0.851123595505618,Terrestrial Specialist,9999,1,0,0,0,0.851123595505618
Weissella thailandensis,0.6840013249420338,Mostly Terrestrial,9999,1,0,0,0,0.6840013249420338
Weissella jogaejeotgali,0.6840013249420338,Mostly Terrestrial,9999,1,0,0,0,0.6840013249420338
Duncaniella freteri,0.8732464102987291,Terrestrial Specialist,9999,1,0,0,0,0.8732464102987291
Anaerobiospirillum succiniciproducens,0.8810068649885584,Terrestrial Specialist,9999,1,0,0,0,0.8810068649885584
Glaciecola amylolytica,-0.8599413851611908,Aquatic Specialist,9999,0,1,0,0,-0.8599413851611908
Senegalimassilia anaerobia,0.694080113434952,Mostly Terrestrial,9999,1,0,0,0,0.694080113434952
Comamonas denitrificans,-0.3194224891980188,Mostly Aquatic,9999,0,1,0,0,-0.3194224891980188
Mannheimia haemolytica,0.8637143837967731,Terrestrial Specialist,9999,1,0,0,0,0.8637143837967731
Succinivibrio dextrinosolvens,0.788755281117972,Mostly Terrestrial,9999,1,0,0,0,0.788755281117972
Phaselicystis flava,0.7748060978871356,Mostly Terrestrial,9999,1,0,0,0,0.7748060978871356
Pseudoflavonifractor capillosus,0.9755683746182559,Terrestrial Specialist,9999,1,0,0,0,0.9755683746182559
Sulfuricella denitrificans,-0.35117666556181637,Mostly Aquatic,9999,0,1,0,0,-0.35117666556181637
Christensenella massiliensis,0.8989310009718172,Terrestrial Specialist,9999,1,0,0,0,0.8989310009718172
Schaalia georgiae,0.9315373708729999,Terrestrial Specialist,9999,1,0,0,0,0.9315373708729999
Deinococcus wulumuqiensis,0.0975211518480035,Generalist,9999,1,0,0,0,0.0975211518480035
Enteroscipio rubneri,0.8917638483965015,Terrestrial Specialist,9999,1,0,0,0,0.8917638483965015
Parageobacillus thermantarcticus,0.5960119124692477,Mostly Terrestrial,9999,1,0,0,0,0.5960119124692477
Parageobacillus thermoglucosidasius,0.5960119124692477,Mostly Terrestrial,9999,1,0,0,0,0.5960119124692477
Trueperella pyogenes,0.7734545454545456,Mostly Terrestrial,9999,1,0,0,0,0.7734545454545456
Sphingobacterium alimentarium,0.34266533352378226,Mostly Terrestrial,9999,1,0,0,0,0.34266533352378226
Gordonibacter pamelaeae,0.7604690117252931,Mostly Terrestrial,9999,1,0,0,0,0.7604690117252931
Lactobacillus ultunensis,0.8192090395480226,Terrestrial Specialist,9999,1,0,0,0,0.8192090395480226
Sorangium cellulosum,0.7696829729162293,Mostly Terrestrial,9999,1,0,0,0,0.7696829729162293
Fenollaria massiliensis,0.854936198791135,Terrestrial Specialist,9999,1,0,0,0,0.854936198791135
Johnsonella ignava,0.9109691960931631,Terrestrial Specialist,9999,1,0,0,0,0.9109691960931631
Williamsia maris,0.524923076923077,Mostly Terrestrial,9999,1,0,0,0,0.524923076923077
Williamsia phyllosphaerae,0.524923076923077,Mostly Terrestrial,9999,1,0,0,0,0.524923076923077
Methylobacterium radiotolerans,0.31569620253164554,Mostly Terrestrial,9999,1,0,0,0,0.31569620253164554
Methylobacterium tardum,0.31569620253164554,Mostly Terrestrial,9999,1,0,0,0,0.31569620253164554
Methylobacterium oryzae,0.31569620253164554,Mostly Terrestrial,9999,1,0,0,0,0.31569620253164554
Alistipes timonensis,0.9694709453599305,Terrestrial Specialist,9999,1,0,0,0,0.9694709453599305
Coprobacillus cateniformis,0.859166495586122,Terrestrial Specialist,9999,1,0,0,0,0.859166495586122
Tumebacillus permanentifrigoris,0.7055445544554455,Mostly Terrestrial,9999,1,0,0,0,0.7055445544554455
Enterobacter mori,0.6928559307653148,Mostly Terrestrial,9999,1,0,0,0,0.6928559307653148
Enterobacter cloacae,0.5279696132596685,Mostly Terrestrial,9999,1,0,0,0,0.5279696132596685
Leclercia adecarboxylata,0.6928559307653148,Mostly Terrestrial,9999,1,0,0,0,0.6928559307653148
Enterobacter ludwigii,0.6928559307653148,Mostly Terrestrial,9999,1,0,0,0,0.6928559307653148
Enterobacter sichuanensis,0.6928559307653148,Mostly Terrestrial,9999,1,0,0,0,0.6928559307653148
Enterobacter chuandaensis,0.6928559307653148,Mostly Terrestrial,9999,1,0,0,0,0.6928559307653148
Enterobacter chengduensis,0.6928559307653148,Mostly Terrestrial,9999,1,0,0,0,0.6928559307653148
Nicoletella semolina,0.8771794476161087,Terrestrial Specialist,9999,1,0,0,0,0.8771794476161087
Priestia endophytica,0.5827565270188222,Mostly Terrestrial,9999,1,0,0,0,0.5827565270188222
Priestia filamentosa,0.5827565270188222,Mostly Terrestrial,9999,1,0,0,0,0.5827565270188222
Frigoribacterium faeni,0.711313109188479,Mostly Terrestrial,9999,1,0,0,0,0.711313109188479
Frigoribacterium endophyticum,0.711313109188479,Mostly Terrestrial,9999,1,0,0,0,0.711313109188479
Corynebacterium marinum,0.48428053204353094,Mostly Terrestrial,9999,1,0,0,0,0.48428053204353094
Kytococcus sedentarius,0.4703947368421052,Mostly Terrestrial,9999,1,0,0,0,0.4703947368421052
Hydrobacter penzbergensis,0.3822832780672667,Mostly Terrestrial,9999,1,0,0,0,0.3822832780672667
Vibrio metoecus,-0.3865956502441189,Mostly Aquatic,9999,0,1,0,0,-0.3865956502441189
Vibrio mimicus,-0.3865956502441189,Mostly Aquatic,9999,0,1,0,0,-0.3865956502441189
Phenylobacterium haematophilum,0.3071598305610084,Mostly Terrestrial,9999,1,0,0,0,0.3071598305610084
Schaalia cardiffensis,0.9207155926001219,Terrestrial Specialist,9999,1,0,0,0,0.9207155926001219
Criibacterium bergeronii,0.9426827200271325,Terrestrial Specialist,9999,1,0,0,0,0.9426827200271325
Sanguibacter antarcticus,0.5752777777777778,Mostly Terrestrial,9999,1,0,0,0,0.5752777777777778
Corynebacterium crudilactis,0.5962835306458864,Mostly Terrestrial,9999,1,0,0,0,0.5962835306458864
Rhodopila globiformis,0.9007895959126799,Terrestrial Specialist,9999,1,0,0,0,0.9007895959126799
Weissella confusa,0.599053559905356,Mostly Terrestrial,9999,1,0,0,0,0.599053559905356
Laceyella sacchari,0.7816722146074015,Mostly Terrestrial,9999,1,0,0,0,0.7816722146074015
Laceyella tengchongensis,0.7816722146074015,Mostly Terrestrial,9999,1,0,0,0,0.7816722146074015
Laceyella sediminis,0.7816722146074015,Mostly Terrestrial,9999,1,0,0,0,0.7816722146074015
Acutalibacter muris,0.9770584538026399,Terrestrial Specialist,9999,1,0,0,0,0.9770584538026399
Mediterraneibacter massiliensis,0.963686667819471,Terrestrial Specialist,9999,1,0,0,0,0.963686667819471
Pseudorhizobium halotolerans,0.5335868187579214,Mostly Terrestrial,9999,1,0,0,0,0.5335868187579214
Pseudorhizobium flavum,0.5335868187579214,Mostly Terrestrial,9999,1,0,0,0,0.5335868187579214
Pseudorhizobium banfieldiae,0.5335868187579214,Mostly Terrestrial,9999,1,0,0,0,0.5335868187579214
Clostridium porci,0.9498399146211314,Terrestrial Specialist,9999,1,0,0,0,0.9498399146211314
Clostridium cadaveris,0.7309486780715396,Mostly Terrestrial,9999,1,0,0,0,0.7309486780715396
Acetatifactor muris,0.9799417664186348,Terrestrial Specialist,9999,1,0,0,0,0.9799417664186348
Hypericibacter terrae,0.7873932648949439,Mostly Terrestrial,9999,1,0,0,0,0.7873932648949439
Megasphaera massiliensis,0.6616897944844545,Mostly Terrestrial,9999,1,0,0,0,0.6616897944844545
Enterobacter asburiae,0.5279696132596685,Mostly Terrestrial,9999,1,0,0,0,0.5279696132596685
Enterobacter bugandensis,0.6928559307653148,Mostly Terrestrial,9999,1,0,0,0,0.6928559307653148
Enterobacter cancerogenus,0.5279696132596685,Mostly Terrestrial,9999,1,0,0,0,0.5279696132596685
Enterobacter huaxiensis,0.5279696132596685,Mostly Terrestrial,9999,1,0,0,0,0.5279696132596685
Galliscardovia ingluviei,0.8448023426061493,Terrestrial Specialist,9999,1,0,0,0,0.8448023426061493
Pseudomonas guguanensis,-0.23482993197278915,Mostly Aquatic,9999,0,1,0,0,-0.23482993197278915
Sharpea azabuensis,0.8965893163058712,Terrestrial Specialist,9999,1,0,0,0,0.8965893163058712
Pseudoglutamicibacter cumminsii,0.7392944727409924,Mostly Terrestrial,9999,1,0,0,0,0.7392944727409924
Drancourtella massiliensis,0.941213258286429,Terrestrial Specialist,9999,1,0,0,0,0.941213258286429
Barnesiella viscericola,0.8656694091249065,Terrestrial Specialist,9999,1,0,0,0,0.8656694091249065
Nereida ignava,-0.939538043478261,Aquatic Specialist,9999,0,1,0,0,-0.939538043478261
Microbacterium saccharophilum,0.3161977538497164,Mostly Terrestrial,9999,1,0,0,0,0.3161977538497164
Corallococcus coralloides,0.8223832370508174,Terrestrial Specialist,9999,1,0,0,0,0.8223832370508174
Corallococcus exiguus,0.8223832370508174,Terrestrial Specialist,9999,1,0,0,0,0.8223832370508174
Corticibacterium populi,0.5717844202898551,Mostly Terrestrial,9999,1,0,0,0,0.5717844202898551
Pantoea dispersa,0.5354567307692307,Mostly Terrestrial,9999,1,0,0,0,0.5354567307692307
Elizabethkingia meningoseptica,-0.11005563848554756,Mostly Aquatic,9999,0,1,0,0,-0.11005563848554756
Janibacter indicus,0.594888178913738,Mostly Terrestrial,9999,1,0,0,0,0.594888178913738
Gabonia massiliensis,0.9252966163761536,Terrestrial Specialist,9999,1,0,0,0,0.9252966163761536
Ligilactobacillus saerimneri,0.8999659748213679,Terrestrial Specialist,9999,1,0,0,0,0.8999659748213679
Coprobacter secundus,0.9252966163761536,Terrestrial Specialist,9999,1,0,0,0,0.9252966163761536
Veillonella parvula,0.9747145187601959,Terrestrial Specialist,9999,1,0,0,0,0.9747145187601959
Veillonella atypica,0.9468697752182798,Terrestrial Specialist,9999,1,0,0,0,0.9468697752182798
Cystobacter fuscus,0.8937721308060822,Terrestrial Specialist,9999,1,0,0,0,0.8937721308060822
Cystobacter ferrugineus,0.8937721308060822,Terrestrial Specialist,9999,1,0,0,0,0.8937721308060822
Cystobacter velatus,0.8937721308060822,Terrestrial Specialist,9999,1,0,0,0,0.8937721308060822
Sphingorhabdus rigui,-0.803810544035504,Aquatic Specialist,9999,0,1,0,0,-0.803810544035504
Turneriella parva,-0.013382827000097729,Generalist,9999,0,1,0,0,-0.013382827000097729
Pediococcus damnosus,0.7386454183266932,Mostly Terrestrial,9999,1,0,0,0,0.7386454183266932
Pediococcus inopinatus,0.7386454183266932,Mostly Terrestrial,9999,1,0,0,0,0.7386454183266932
Bacteroides heparinolyticus,0.9485388715309686,Terrestrial Specialist,9999,1,0,0,0,0.9485388715309686
Bergeyella zoohelcum,0.7505889281507656,Mostly Terrestrial,9999,1,0,0,0,0.7505889281507656
Eubacterium maltosivorans,0.5140431090790333,Mostly Terrestrial,9999,1,0,0,0,0.5140431090790333
Gemella morbillorum,0.904661463826197,Terrestrial Specialist,9999,1,0,0,0,0.904661463826197
Corynebacterium otitidis,0.534127843986999,Mostly Terrestrial,9999,1,0,0,0,0.534127843986999
Bradyrhizobium guangdongense,0.44206890112967984,Mostly Terrestrial,9999,1,0,0,0,0.44206890112967984
Bradyrhizobium guangxiense,0.44206890112967984,Mostly Terrestrial,9999,1,0,0,0,0.44206890112967984
Bradyrhizobium nanningense,0.44206890112967984,Mostly Terrestrial,9999,1,0,0,0,0.44206890112967984
Bradyrhizobium diazoefficiens,0.44206890112967984,Mostly Terrestrial,9999,1,0,0,0,0.44206890112967984
Bradyrhizobium symbiodeficiens,0.44206890112967984,Mostly Terrestrial,9999,1,0,0,0,0.44206890112967984
Bradyrhizobium amphicarpaeae,0.44206890112967984,Mostly Terrestrial,9999,1,0,0,0,0.44206890112967984
Bradyrhizobium cosmicum,0.44206890112967984,Mostly Terrestrial,9999,1,0,0,0,0.44206890112967984
Bradyrhizobium vignae,0.44206890112967984,Mostly Terrestrial,9999,1,0,0,0,0.44206890112967984
Bradyrhizobium betae,0.44206890112967984,Mostly Terrestrial,9999,1,0,0,0,0.44206890112967984
Bradyrhizobium canariense,0.44206890112967984,Mostly Terrestrial,9999,1,0,0,0,0.44206890112967984
Bradyrhizobium hipponense,0.44206890112967984,Mostly Terrestrial,9999,1,0,0,0,0.44206890112967984
Bradyrhizobium agreste,0.44206890112967984,Mostly Terrestrial,9999,1,0,0,0,0.44206890112967984
Bradyrhizobium glycinis,0.44206890112967984,Mostly Terrestrial,9999,1,0,0,0,0.44206890112967984
Bradyrhizobium diversitatis,0.44206890112967984,Mostly Terrestrial,9999,1,0,0,0,0.44206890112967984
Bradyrhizobium japonicum,0.44206890112967984,Mostly Terrestrial,9999,1,0,0,0,0.44206890112967984
Bradyrhizobium liaoningense,0.44206890112967984,Mostly Terrestrial,9999,1,0,0,0,0.44206890112967984
Bradyrhizobium cytisi,0.44206890112967984,Mostly Terrestrial,9999,1,0,0,0,0.44206890112967984
Bradyrhizobium rifense,0.44206890112967984,Mostly Terrestrial,9999,1,0,0,0,0.44206890112967984
Bradyrhizobium nitroreducens,0.44206890112967984,Mostly Terrestrial,9999,1,0,0,0,0.44206890112967984
Bradyrhizobium manausense,0.44206890112967984,Mostly Terrestrial,9999,1,0,0,0,0.44206890112967984
Bradyrhizobium daqingense,0.44206890112967984,Mostly Terrestrial,9999,1,0,0,0,0.44206890112967984
Bradyrhizobium ottawaense,0.44206890112967984,Mostly Terrestrial,9999,1,0,0,0,0.44206890112967984
Bradyrhizobium subterraneum,0.44206890112967984,Mostly Terrestrial,9999,1,0,0,0,0.44206890112967984
Planococcus citreus,0.5698948290972832,Mostly Terrestrial,9999,1,0,0,0,0.5698948290972832
Planococcus maritimus,0.5698948290972832,Mostly Terrestrial,9999,1,0,0,0,0.5698948290972832
Planococcus rifietoensis,0.5698948290972832,Mostly Terrestrial,9999,1,0,0,0,0.5698948290972832
Carnobacterium maltaromaticum,0.1909268439236894,Mostly Terrestrial,9999,1,0,0,0,0.1909268439236894
Pannonibacter phragmitetus,-0.11305691475663149,Mostly Aquatic,9999,0,1,0,0,-0.11305691475663149
Pannonibacter indicus,-0.11305691475663149,Mostly Aquatic,9999,0,1,0,0,-0.11305691475663149
Mitsuokella multacida,0.5931553326449329,Mostly Terrestrial,9999,1,0,0,0,0.5931553326449329
Streptococcus gwangjuense,0.8689655172413794,Terrestrial Specialist,9999,1,0,0,0,0.8689655172413794
Schaedlerella arabinosiphila,0.9649536647009267,Terrestrial Specialist,9999,1,0,0,0,0.9649536647009267
Erwinia persicina,0.6196504747488647,Mostly Terrestrial,9999,1,0,0,0,0.6196504747488647
Erwinia aphidicola,0.6196504747488647,Mostly Terrestrial,9999,1,0,0,0,0.6196504747488647
Hyphomonas beringensis,-0.9275720164609053,Aquatic Specialist,9999,0,1,0,0,-0.9275720164609053
Hyphomonas atlantica,-0.9275720164609053,Aquatic Specialist,9999,0,1,0,0,-0.9275720164609053
Sphingomonas echinoides,0.06299468719505585,Generalist,9999,1,0,0,0,0.06299468719505585
Thermoactinomyces daqus,0.6612982906827388,Mostly Terrestrial,9999,1,0,0,0,0.6612982906827388
Pseudoglutamicibacter albus,0.8214411247803164,Terrestrial Specialist,9999,1,0,0,0,0.8214411247803164
Corynebacterium camporealensis,0.7249496670280317,Mostly Terrestrial,9999,1,0,0,0,0.7249496670280317
Bifidobacterium psychraerophilum,0.48267898383371827,Mostly Terrestrial,9999,1,0,0,0,0.48267898383371827
Weissella paramesenteroides,0.5853391684901532,Mostly Terrestrial,9999,1,0,0,0,0.5853391684901532
Thermus thermophilus,0.13520822065981608,Mostly Terrestrial,9999,1,0,0,0,0.13520822065981608
Actinocrinis puniceicyclus,0.9162231421249754,Terrestrial Specialist,9999,1,0,0,0,0.9162231421249754
Aureimonas phyllosphaerae,0.7349156777014366,Mostly Terrestrial,9999,1,0,0,0,0.7349156777014366
Holdemania massiliensis,0.9181431608788093,Terrestrial Specialist,9999,1,0,0,0,0.9181431608788093
Acetobacter peroxydans,0.24288213774455222,Mostly Terrestrial,9999,1,0,0,0,0.24288213774455222
Acetobacter oryzoeni,0.4780976220275344,Mostly Terrestrial,9999,1,0,0,0,0.4780976220275344
Acetobacter pasteurianus,0.4780976220275344,Mostly Terrestrial,9999,1,0,0,0,0.4780976220275344
Acetobacter pomorum,0.4780976220275344,Mostly Terrestrial,9999,1,0,0,0,0.4780976220275344
Acetobacter ascendens,0.4780976220275344,Mostly Terrestrial,9999,1,0,0,0,0.4780976220275344
Tsukamurella ocularis,0.3065313887127457,Mostly Terrestrial,9999,1,0,0,0,0.3065313887127457
Tsukamurella asaccharolytica,0.3065313887127457,Mostly Terrestrial,9999,1,0,0,0,0.3065313887127457
Tsukamurella tyrosinosolvens,0.3065313887127457,Mostly Terrestrial,9999,1,0,0,0,0.3065313887127457
Tsukamurella paurometabola,0.3065313887127457,Mostly Terrestrial,9999,1,0,0,0,0.3065313887127457
Tsukamurella pseudospumae,0.3065313887127457,Mostly Terrestrial,9999,1,0,0,0,0.3065313887127457
Tsukamurella pulmonis,0.3065313887127457,Mostly Terrestrial,9999,1,0,0,0,0.3065313887127457
Tsukamurella sputi,0.3065313887127457,Mostly Terrestrial,9999,1,0,0,0,0.3065313887127457
Tsukamurella conjunctivitidis,0.3065313887127457,Mostly Terrestrial,9999,1,0,0,0,0.3065313887127457
Tsukamurella spumae,0.3065313887127457,Mostly Terrestrial,9999,1,0,0,0,0.3065313887127457
Tsukamurella strandjordii,0.3065313887127457,Mostly Terrestrial,9999,1,0,0,0,0.3065313887127457
Actinomyces israelii,0.8922533903028051,Terrestrial Specialist,9999,1,0,0,0,0.8922533903028051
Streptococcus pantholopis,0.7994849785407726,Mostly Terrestrial,9999,1,0,0,0,0.7994849785407726
Sphingorhabdus profundilacus,-0.8266082132951598,Aquatic Specialist,9999,0,1,0,0,-0.8266082132951598
Sphingorhabdus lacus,-0.8266082132951598,Aquatic Specialist,9999,0,1,0,0,-0.8266082132951598
Fusobacterium hwasookii,0.9252510226850131,Terrestrial Specialist,9999,1,0,0,0,0.9252510226850131
Fusobacterium canifelinum,0.9252510226850131,Terrestrial Specialist,9999,1,0,0,0,0.9252510226850131
Paraglaciecola mesophila,-0.6041293584746655,Mostly Aquatic,9999,0,1,0,0,-0.6041293584746655
Dermabacter vaginalis,0.7527272727272727,Mostly Terrestrial,9999,1,0,0,0,0.7527272727272727
Dysgonomonas mossii,-0.3984521575984991,Mostly Aquatic,9999,0,1,0,0,-0.3984521575984991
Kocuria carniphila,0.5383637807783955,Mostly Terrestrial,9999,1,0,0,0,0.5383637807783955
Anaerococcus octavius,0.7993464052287581,Mostly Terrestrial,9999,1,0,0,0,0.7993464052287581
Anaerorhabdus furcosa,0.5774826059456041,Mostly Terrestrial,9999,1,0,0,0,0.5774826059456041
Clostridium scatologenes,0.22563548925311605,Mostly Terrestrial,9999,1,0,0,0,0.22563548925311605
Clostridium drakei,0.22563548925311605,Mostly Terrestrial,9999,1,0,0,0,0.22563548925311605
Slackia exigua,0.9446421510478451,Terrestrial Specialist,9999,1,0,0,0,0.9446421510478451
Ligilactobacillus equi,0.8923628908252179,Terrestrial Specialist,9999,1,0,0,0,0.8923628908252179
Eikenella halliae,0.8953323903818955,Terrestrial Specialist,9999,1,0,0,0,0.8953323903818955
Lentibacter algarum,-0.9188104089219331,Aquatic Specialist,9999,0,1,0,0,-0.9188104089219331
Dellaglioa algida,0.731058297785903,Mostly Terrestrial,9999,1,0,0,0,0.731058297785903
Paraphotobacterium marinum,-0.946819156540386,Aquatic Specialist,9999,0,1,0,0,-0.946819156540386
Photobacterium marinum,-0.8563557274045434,Aquatic Specialist,9999,0,1,0,0,-0.8563557274045434
Sporocytophaga myxococcoides,0.7580835750349123,Mostly Terrestrial,9999,1,0,0,0,0.7580835750349123
Kineothrix alysoides,0.8780410742496051,Terrestrial Specialist,9999,1,0,0,0,0.8780410742496051
Fructilactobacillus sanfranciscensis,0.41948529411764707,Mostly Terrestrial,9999,1,0,0,0,0.41948529411764707
Intestinibaculum porci,0.8906741759151897,Terrestrial Specialist,9999,1,0,0,0,0.8906741759151897
Clostridium sardiniense,0.5380190544670141,Mostly Terrestrial,9999,1,0,0,0,0.5380190544670141
Clostridium baratii,0.5380190544670141,Mostly Terrestrial,9999,1,0,0,0,0.5380190544670141
Brachyspira hampsonii,0.8143236074270558,Terrestrial Specialist,9999,1,0,0,0,0.8143236074270558
Brachyspira murdochii,0.8143236074270558,Terrestrial Specialist,9999,1,0,0,0,0.8143236074270558
Brachyspira hyodysenteriae,0.8143236074270558,Terrestrial Specialist,9999,1,0,0,0,0.8143236074270558
Brachyspira suanatina,0.8143236074270558,Terrestrial Specialist,9999,1,0,0,0,0.8143236074270558
Prevotella aurantiaca,0.9360374414976599,Terrestrial Specialist,9999,1,0,0,0,0.9360374414976599
Rhodococcus pyridinivorans,0.37746882930596937,Mostly Terrestrial,9999,1,0,0,0,0.37746882930596937
Rhodococcus gordoniae,0.37746882930596937,Mostly Terrestrial,9999,1,0,0,0,0.37746882930596937
Shewanella vesiculosa,-0.786741494212557,Mostly Aquatic,9999,0,1,0,0,-0.786741494212557
Shewanella frigidimarina,-0.786741494212557,Mostly Aquatic,9999,0,1,0,0,-0.786741494212557
Hydrotalea flava,0.10473961380924521,Mostly Terrestrial,9999,1,0,0,0,0.10473961380924521
Bifidobacterium tsurumiense,0.9525233644859812,Terrestrial Specialist,9999,1,0,0,0,0.9525233644859812
Moellerella wisconsensis,0.46708171206225685,Mostly Terrestrial,9999,1,0,0,0,0.46708171206225685
Umboniibacter marinipuniceus,-0.9617897727272727,Aquatic Specialist,9999,0,1,0,0,-0.9617897727272727
Providencia stuartii,0.4736669401148483,Mostly Terrestrial,9999,1,0,0,0,0.4736669401148483
Limosilactobacillus secaliphilus,0.8355743373031117,Terrestrial Specialist,9999,1,0,0,0,0.8355743373031117
Caballeronia zhejiangensis,0.8860510805500983,Terrestrial Specialist,9999,1,0,0,0,0.8860510805500983
Bombilactobacillus mellis,0.7183196792748824,Mostly Terrestrial,9999,1,0,0,0,0.7183196792748824
Nocardia carnea,0.912442396313364,Terrestrial Specialist,9999,1,0,0,0,0.912442396313364
Nocardia flavorosea,0.912442396313364,Terrestrial Specialist,9999,1,0,0,0,0.912442396313364
Nocardia testacea,0.912442396313364,Terrestrial Specialist,9999,1,0,0,0,0.912442396313364
Nocardia sienata,0.912442396313364,Terrestrial Specialist,9999,1,0,0,0,0.912442396313364
Bifidobacterium jacchi,0.955353075170843,Terrestrial Specialist,9999,1,0,0,0,0.955353075170843
Paracoccus aerius,0.4523580365736285,Mostly Terrestrial,9999,1,0,0,0,0.4523580365736285
Kocuria tytonis,0.6358982562789953,Mostly Terrestrial,9999,1,0,0,0,0.6358982562789953
Fusobacterium animalis,0.9508581752484192,Terrestrial Specialist,9999,1,0,0,0,0.9508581752484192
Secundilactobacillus collinoides,0.6639857015192135,Mostly Terrestrial,9999,1,0,0,0,0.6639857015192135
Microbacterium phyllosphaerae,0.47245082996233795,Mostly Terrestrial,9999,1,0,0,0,0.47245082996233795
Microbacterium foliorum,0.47245082996233795,Mostly Terrestrial,9999,1,0,0,0,0.47245082996233795
Rikenella microfusus,0.6652974288757036,Mostly Terrestrial,9999,1,0,0,0,0.6652974288757036
Shewanella algidipiscicola,-0.8425834307816857,Aquatic Specialist,9999,0,1,0,0,-0.8425834307816857
Shewanella colwelliana,-0.8425834307816857,Aquatic Specialist,9999,0,1,0,0,-0.8425834307816857
Plesiomonas shigelloides,0.12647612527811053,Mostly Terrestrial,9999,1,0,0,0,0.12647612527811053
Bacteroides coprosuis,0.4833166260919376,Mostly Terrestrial,9999,1,0,0,0,0.4833166260919376
Streptococcus parasanguinis,0.9161276862090549,Terrestrial Specialist,9999,1,0,0,0,0.9161276862090549
Faecalicatena contorta,0.9285401139850942,Terrestrial Specialist,9999,1,0,0,0,0.9285401139850942
Dietzia kunjamensis,0.11101905550952784,Mostly Terrestrial,9999,1,0,0,0,0.11101905550952784
Paracoccus marcusii,0.023598451741790493,Generalist,9999,1,0,0,0,0.023598451741790493
Paracoccus hibiscisoli,0.023598451741790493,Generalist,9999,1,0,0,0,0.023598451741790493
Paracoccus haeundaensis,0.023598451741790493,Generalist,9999,1,0,0,0,0.023598451741790493
Acinetobacter lwoffii,0.06068743286788405,Generalist,9999,1,0,0,0,0.06068743286788405
Cloacibacterium normanense,-0.3915601312365652,Mostly Aquatic,9999,0,1,0,0,-0.3915601312365652
Peptococcus niger,0.9117647058823529,Terrestrial Specialist,9999,1,0,0,0,0.9117647058823529
Peptoniphilus pacaensis,0.9236641221374047,Terrestrial Specialist,9999,1,0,0,0,0.9236641221374047
Clostridium pasteurianum,0.38865979381443294,Mostly Terrestrial,9999,1,0,0,0,0.38865979381443294
Pyramidobacter piscolens,0.8182646322022318,Terrestrial Specialist,9999,1,0,0,0,0.8182646322022318
Oerskovia turbata,0.6835844567803332,Mostly Terrestrial,9999,1,0,0,0,0.6835844567803332
Oerskovia enterophila,0.6835844567803332,Mostly Terrestrial,9999,1,0,0,0,0.6835844567803332
Oerskovia paurometabola,0.6835844567803332,Mostly Terrestrial,9999,1,0,0,0,0.6835844567803332
Aquimonas voraii,-0.5440931780366056,Mostly Aquatic,9999,0,1,0,0,-0.5440931780366056
Arcobacter aquimarinus,-0.85238713868139,Aquatic Specialist,9999,0,1,0,0,-0.85238713868139
Arcobacter ellisii,-0.85238713868139,Aquatic Specialist,9999,0,1,0,0,-0.85238713868139
Arcobacter cloacae,-0.85238713868139,Aquatic Specialist,9999,0,1,0,0,-0.85238713868139
Arcobacter defluvii,-0.85238713868139,Aquatic Specialist,9999,0,1,0,0,-0.85238713868139
Macrococcus canis,0.5867356718420548,Mostly Terrestrial,9999,1,0,0,0,0.5867356718420548
Macrococcus goetzii,0.5867356718420548,Mostly Terrestrial,9999,1,0,0,0,0.5867356718420548
Macrococcus epidermidis,0.5867356718420548,Mostly Terrestrial,9999,1,0,0,0,0.5867356718420548
Uruburuella suis,-0.679782288241297,Mostly Aquatic,9999,0,1,0,0,-0.679782288241297
Megasphaera cerevisiae,0.19092728485657107,Mostly Terrestrial,9999,1,0,0,0,0.19092728485657107
Eisenbergiella tayi,0.9085619285120531,Terrestrial Specialist,9999,1,0,0,0,0.9085619285120531
Peribacillus butanolivorans,0.7613229214515389,Mostly Terrestrial,9999,1,0,0,0,0.7613229214515389
Peribacillus muralis,0.7613229214515389,Mostly Terrestrial,9999,1,0,0,0,0.7613229214515389
Brevibacillus thermoruber,0.6642665233745297,Mostly Terrestrial,9999,1,0,0,0,0.6642665233745297
Loigolactobacillus backii,0.5894517169417568,Mostly Terrestrial,9999,1,0,0,0,0.5894517169417568
Loigolactobacillus iwatensis,0.5894517169417568,Mostly Terrestrial,9999,1,0,0,0,0.5894517169417568
Terribacillus goriensis,0.7688383955483422,Mostly Terrestrial,9999,1,0,0,0,0.7688383955483422
Terribacillus saccharophilus,0.7688383955483422,Mostly Terrestrial,9999,1,0,0,0,0.7688383955483422
Sinorhizobium medicae,0.6369064817490129,Mostly Terrestrial,9999,1,0,0,0,0.6369064817490129
Sinorhizobium arboris,0.6369064817490129,Mostly Terrestrial,9999,1,0,0,0,0.6369064817490129
Sinorhizobium meliloti,0.6369064817490129,Mostly Terrestrial,9999,1,0,0,0,0.6369064817490129
Lentilactobacillus sunkii,0.37616990640748743,Mostly Terrestrial,9999,1,0,0,0,0.37616990640748743
Lentilactobacillus otakiensis,0.37616990640748743,Mostly Terrestrial,9999,1,0,0,0,0.37616990640748743
Lentilactobacillus kefiri,0.37616990640748743,Mostly Terrestrial,9999,1,0,0,0,0.37616990640748743
Arsenicicoccus bolidensis,0.145401867153128,Mostly Terrestrial,9999,1,0,0,0,0.145401867153128
Paenarthrobacter aurescens,0.7865117338801548,Mostly Terrestrial,9999,1,0,0,0,0.7865117338801548
Paenarthrobacter nitroguajacolicus,0.7865117338801548,Mostly Terrestrial,9999,1,0,0,0,0.7865117338801548
Magnetospirillum caucaseum,-0.36730321378667913,Mostly Aquatic,9999,0,1,0,0,-0.36730321378667913
Magnetospirillum magnetotacticum,-0.36730321378667913,Mostly Aquatic,9999,0,1,0,0,-0.36730321378667913
Aquirufa antheringensis,-0.7594077729796421,Mostly Aquatic,9999,0,1,0,0,-0.7594077729796421
Slackia faecicanis,0.9078476066427874,Terrestrial Specialist,9999,1,0,0,0,0.9078476066427874
Stenotrophomonas indicatrix,0.4693982074263765,Mostly Terrestrial,9999,1,0,0,0,0.4693982074263765
Stenotrophomonas cyclobalanopsidis,0.4693982074263765,Mostly Terrestrial,9999,1,0,0,0,0.4693982074263765
Stenotrophomonas lactitubi,0.4693982074263765,Mostly Terrestrial,9999,1,0,0,0,0.4693982074263765
Sulfobacillus thermosulfidooxidans,0.751345227980742,Mostly Terrestrial,9999,1,0,0,0,0.751345227980742
Alistipes senegalensis,0.9266151685393257,Terrestrial Specialist,9999,1,0,0,0,0.9266151685393257
Bifidobacterium hapali,0.9191433566433566,Terrestrial Specialist,9999,1,0,0,0,0.9191433566433566
Nosocomiicoccus massiliensis,0.6976288108397217,Mostly Terrestrial,9999,1,0,0,0,0.6976288108397217
Chromobacterium amazonense,-0.0046838407494144895,Generalist,9999,0,1,0,0,-0.0046838407494144895
Chromobacterium phragmitis,-0.0046838407494144895,Generalist,9999,0,1,0,0,-0.0046838407494144895
Erysipelothrix rhusiopathiae,0.3712002779225291,Mostly Terrestrial,9999,1,0,0,0,0.3712002779225291
Flavobacterium antarcticum,0.057032825967357405,Generalist,9999,1,0,0,0,0.057032825967357405
Clostridium beijerinckii,0.3644977890082122,Mostly Terrestrial,9999,1,0,0,0,0.3644977890082122
Clostridium felsineum,-0.25264873675631627,Mostly Aquatic,9999,0,1,0,0,-0.25264873675631627
Clostridium diolis,0.3644977890082122,Mostly Terrestrial,9999,1,0,0,0,0.3644977890082122
Actinomyces urogenitalis,0.9301827762226248,Terrestrial Specialist,9999,1,0,0,0,0.9301827762226248
Microvirga massiliensis,0.8520358570039962,Terrestrial Specialist,9999,1,0,0,0,0.8520358570039962
Serratia symbiotica,0.6309689383402874,Mostly Terrestrial,9999,1,0,0,0,0.6309689383402874
Bifidobacterium reuteri,0.9544369711434152,Terrestrial Specialist,9999,1,0,0,0,0.9544369711434152
Erwinia endophytica,0.5864437145416542,Mostly Terrestrial,9999,1,0,0,0,0.5864437145416542
Murimonas intestini,0.9475357710651828,Terrestrial Specialist,9999,1,0,0,0,0.9475357710651828
Allorhizobium taibaishanense,0.2301660992468791,Mostly Terrestrial,9999,1,0,0,0,0.2301660992468791
Acinetobacter baumannii,-0.2453928225024249,Mostly Aquatic,9999,0,1,0,0,-0.2453928225024249
Anaeromyxobacter dehalogenans,0.5082994579945799,Mostly Terrestrial,9999,1,0,0,0,0.5082994579945799
Alloprevotella rava,0.9304763656428177,Terrestrial Specialist,9999,1,0,0,0,0.9304763656428177
Paenibacillus crassostreae,0.7638229775962917,Mostly Terrestrial,9999,1,0,0,0,0.7638229775962917
Halomonas aquamarina,-0.4687697160883282,Mostly Aquatic,9999,0,1,0,0,-0.4687697160883282
Halomonas meridiana,-0.4687697160883282,Mostly Aquatic,9999,0,1,0,0,-0.4687697160883282
Halomonas axialensis,-0.4687697160883282,Mostly Aquatic,9999,0,1,0,0,-0.4687697160883282
Halomonas piezotolerans,-0.4687697160883282,Mostly Aquatic,9999,0,1,0,0,-0.4687697160883282
Streptococcus acidominimus,0.9099249374478734,Terrestrial Specialist,9999,1,0,0,0,0.9099249374478734
Glutamicibacter creatinolyticus,0.5345573966263623,Mostly Terrestrial,9999,1,0,0,0,0.5345573966263623
Eubacterium coprostanoligenes,0.897173086460572,Terrestrial Specialist,9999,1,0,0,0,0.897173086460572
Vibrio crassostreae,-0.5922313629039099,Mostly Aquatic,9999,0,1,0,0,-0.5922313629039099
Vibrio pomeroyi,-0.5922313629039099,Mostly Aquatic,9999,0,1,0,0,-0.5922313629039099
Citrobacter pasteurii,0.46770645870825833,Mostly Terrestrial,9999,1,0,0,0,0.46770645870825833
Acidomonas methanolica,0.488110964332893,Mostly Terrestrial,9999,1,0,0,0,0.488110964332893
Sphingorhabdus wooponensis,-0.6473741519390234,Mostly Aquatic,9999,0,1,0,0,-0.6473741519390234
Leptotrichia hofstadii,0.8775510204081632,Terrestrial Specialist,9999,1,0,0,0,0.8775510204081632
Prevotella rara,0.7885753613214039,Mostly Terrestrial,9999,1,0,0,0,0.7885753613214039
Faecalicatena fissicatena,0.9392061955469506,Terrestrial Specialist,9999,1,0,0,0,0.9392061955469506
Fermentimonas caenicola,0.6396474497904927,Mostly Terrestrial,9999,1,0,0,0,0.6396474497904927
Bifidobacterium minimum,0.6954824316787508,Mostly Terrestrial,9999,1,0,0,0,0.6954824316787508
Dinghuibacter silviterrae,0.9331115391350028,Terrestrial Specialist,9999,1,0,0,0,0.9331115391350028
Lentisphaera marina,-0.9692026621427637,Aquatic Specialist,9999,0,1,0,0,-0.9692026621427637
Anaerococcus prevotii,0.8920909382004484,Terrestrial Specialist,9999,1,0,0,0,0.8920909382004484
Methylovorus menthalis,0.352150868975718,Mostly Terrestrial,9999,1,0,0,0,0.352150868975718
Methylovorus mays,0.352150868975718,Mostly Terrestrial,9999,1,0,0,0,0.352150868975718
Thalassolituus oleivorans,-0.8524480214621059,Aquatic Specialist,9999,0,1,0,0,-0.8524480214621059
Methylovorus glucosotrophus,0.352150868975718,Mostly Terrestrial,9999,1,0,0,0,0.352150868975718
Streptomyces rishiriensis,0.9290662806328196,Terrestrial Specialist,9999,1,0,0,0,0.9290662806328196
Aureimonas glaciei,0.6016506857628354,Mostly Terrestrial,9999,1,0,0,0,0.6016506857628354
Aeribacillus pallidus,0.4396384764364105,Mostly Terrestrial,9999,1,0,0,0,0.4396384764364105
Bacteroides gallinaceum,0.5862364363221017,Mostly Terrestrial,9999,1,0,0,0,0.5862364363221017
Massilioclostridium coli,0.8763141620284477,Terrestrial Specialist,9999,1,0,0,0,0.8763141620284477
Variovorax gossypii,0.4750172691687774,Mostly Terrestrial,9999,1,0,0,0,0.4750172691687774
Variovorax guangxiensis,0.4750172691687774,Mostly Terrestrial,9999,1,0,0,0,0.4750172691687774
Variovorax paradoxus,0.4750172691687774,Mostly Terrestrial,9999,1,0,0,0,0.4750172691687774
Variovorax boronicumulans,0.4750172691687774,Mostly Terrestrial,9999,1,0,0,0,0.4750172691687774
Streptomyces thermovulgaris,0.7091652634111137,Mostly Terrestrial,9999,1,0,0,0,0.7091652634111137
Weissella koreensis,0.5028037383177569,Mostly Terrestrial,9999,1,0,0,0,0.5028037383177569
Paenibacillus brasilensis,0.8084960266849798,Terrestrial Specialist,9999,1,0,0,0,0.8084960266849798
Paenibacillus peoriae,0.8084960266849798,Terrestrial Specialist,9999,1,0,0,0,0.8084960266849798
Paenibacillus odorifer,0.6752867975889558,Mostly Terrestrial,9999,1,0,0,0,0.6752867975889558
Lactobacillus acetotolerans,0.5376444860980945,Mostly Terrestrial,9999,1,0,0,0,0.5376444860980945
Corynebacterium urealyticum,0.7527462946817787,Mostly Terrestrial,9999,1,0,0,0,0.7527462946817787
Megasphaera vaginalis,0.8774025974025974,Terrestrial Specialist,9999,1,0,0,0,0.8774025974025974
Hydrogenophaga borbori,0.10705754614549402,Mostly Terrestrial,9999,1,0,0,0,0.10705754614549402
Hydrogenophaga intermedia,0.10705754614549402,Mostly Terrestrial,9999,1,0,0,0,0.10705754614549402
Actinomyces denticolens,0.911453966124434,Terrestrial Specialist,9999,1,0,0,0,0.911453966124434
Collinsella vaginalis,0.9393611261505144,Terrestrial Specialist,9999,1,0,0,0,0.9393611261505144
Sinorhizobium americanum,0.6364891518737671,Mostly Terrestrial,9999,1,0,0,0,0.6364891518737671
Sinorhizobium fredii,0.6364891518737671,Mostly Terrestrial,9999,1,0,0,0,0.6364891518737671
Sinorhizobium kostiense,0.6364891518737671,Mostly Terrestrial,9999,1,0,0,0,0.6364891518737671
Sinorhizobium saheli,0.6364891518737671,Mostly Terrestrial,9999,1,0,0,0,0.6364891518737671
Halomonas johnsoniae,-0.2862453531598512,Mostly Aquatic,9999,0,1,0,0,-0.2862453531598512
Halomonas hamiltonii,-0.2862453531598512,Mostly Aquatic,9999,0,1,0,0,-0.2862453531598512
Oligella urethralis,0.5243488108720271,Mostly Terrestrial,9999,1,0,0,0,0.5243488108720271
Streptococcus infantis,0.9404651162790697,Terrestrial Specialist,9999,1,0,0,0,0.9404651162790697
Butyrivibrio fibrisolvens,0.9041794087665647,Terrestrial Specialist,9999,1,0,0,0,0.9041794087665647
Paenibacillus mucilaginosus,0.8541396831722625,Terrestrial Specialist,9999,1,0,0,0,0.8541396831722625
Jeotgalicoccus schoeneichii,0.7484905985854753,Mostly Terrestrial,9999,1,0,0,0,0.7484905985854753
Arenibacter algicola,-0.6385830132309005,Mostly Aquatic,9999,0,1,0,0,-0.6385830132309005
Arenibacter echinorum,-0.6385830132309005,Mostly Aquatic,9999,0,1,0,0,-0.6385830132309005
Arenibacter troitsensis,-0.6385830132309005,Mostly Aquatic,9999,0,1,0,0,-0.6385830132309005
Arenibacter palladensis,-0.6385830132309005,Mostly Aquatic,9999,0,1,0,0,-0.6385830132309005
Vibrio plantisponsor,-0.6132443661085232,Mostly Aquatic,9999,0,1,0,0,-0.6132443661085232
Arthrobacter psychrolactophilus,0.5105533371363377,Mostly Terrestrial,9999,1,0,0,0,0.5105533371363377
Paenibacillus larvae,0.7778787190551896,Mostly Terrestrial,9999,1,0,0,0,0.7778787190551896
Methylobacterium indicum,0.36820138254858487,Mostly Terrestrial,9999,1,0,0,0,0.36820138254858487
Capnocytophaga gingivalis,0.9366209720491365,Terrestrial Specialist,9999,1,0,0,0,0.9366209720491365
Rhodococcus trifolii,0.5345487283367094,Mostly Terrestrial,9999,1,0,0,0,0.5345487283367094
Rhodococcus kroppenstedtii,0.5345487283367094,Mostly Terrestrial,9999,1,0,0,0,0.5345487283367094
Jonquetella anthropi,0.8438061041292638,Terrestrial Specialist,9999,1,0,0,0,0.8438061041292638
Streptomyces venezuelae,0.9241998877035373,Terrestrial Specialist,9999,1,0,0,0,0.9241998877035373
Streptomyces litmocidini,0.9241998877035373,Terrestrial Specialist,9999,1,0,0,0,0.9241998877035373
Streptomyces narbonensis,0.1751067724222087,Mostly Terrestrial,9999,1,0,0,0,0.1751067724222087
Streptomyces zaomyceticus,0.9241998877035373,Terrestrial Specialist,9999,1,0,0,0,0.9241998877035373
Streptomyces exfoliatus,0.9241998877035373,Terrestrial Specialist,9999,1,0,0,0,0.9241998877035373
Streptomyces omiyaensis,0.9241998877035373,Terrestrial Specialist,9999,1,0,0,0,0.9241998877035373
Butyricicoccus porcorum,0.9353068592057763,Terrestrial Specialist,9999,1,0,0,0,0.9353068592057763
Vagococcus fluvialis,0.21196493037648276,Mostly Terrestrial,9999,1,0,0,0,0.21196493037648276
Vagococcus carniphilus,0.21196493037648276,Mostly Terrestrial,9999,1,0,0,0,0.21196493037648276
Mesonia algae,-0.8595885032197268,Aquatic Specialist,9999,0,1,0,0,-0.8595885032197268
Loigolactobacillus coryniformis,0.206482982171799,Mostly Terrestrial,9999,1,0,0,0,0.206482982171799
Loigolactobacillus jiayinensis,0.206482982171799,Mostly Terrestrial,9999,1,0,0,0,0.206482982171799
Floricoccus penangensis,0.5856852979155137,Mostly Terrestrial,9999,1,0,0,0,0.5856852979155137
Floricoccus tropicus,0.5856852979155137,Mostly Terrestrial,9999,1,0,0,0,0.5856852979155137
Peptoniphilus porci,0.8908954100827691,Terrestrial Specialist,9999,1,0,0,0,0.8908954100827691
Leptonema illini,0.009542743538767405,Generalist,9999,1,0,0,0,0.009542743538767405
Pseudoscardovia suis,0.9138950480413895,Terrestrial Specialist,9999,1,0,0,0,0.9138950480413895
Corynebacterium accolens,0.7566334291025857,Mostly Terrestrial,9999,1,0,0,0,0.7566334291025857
Brachyspira pilosicoli,0.8734783476352025,Terrestrial Specialist,9999,1,0,0,0,0.8734783476352025
Rhodopseudomonas faecalis,0.41237837295616403,Mostly Terrestrial,9999,1,0,0,0,0.41237837295616403
Cutibacterium namnetense,0.823238566131026,Terrestrial Specialist,9999,1,0,0,0,0.823238566131026
Pediococcus claussenii,0.6952908587257617,Mostly Terrestrial,9999,1,0,0,0,0.6952908587257617
Nitrobacter vulgaris,0.6901204382866974,Mostly Terrestrial,9999,1,0,0,0,0.6901204382866974
Nitrobacter winogradskyi,0.6901204382866974,Mostly Terrestrial,9999,1,0,0,0,0.6901204382866974
Anaerococcus lactolyticus,0.948220064724919,Terrestrial Specialist,9999,1,0,0,0,0.948220064724919
Eisenbergiella massiliensis,0.9051416579223506,Terrestrial Specialist,9999,1,0,0,0,0.9051416579223506
Myxococcus xanthus,0.8041112454655381,Terrestrial Specialist,9999,1,0,0,0,0.8041112454655381
Corallococcus macrosporus,0.8041112454655381,Terrestrial Specialist,9999,1,0,0,0,0.8041112454655381
Myxococcus virescens,0.8041112454655381,Terrestrial Specialist,9999,1,0,0,0,0.8041112454655381
Lactococcus plantarum,0.24428179322964313,Mostly Terrestrial,9999,1,0,0,0,0.24428179322964313
Clostridium massiliamazoniense,0.552442396313364,Mostly Terrestrial,9999,1,0,0,0,0.552442396313364
Sulfuricaulis limicola,5.025967498743103e-4,Generalist,9999,1,0,0,0,5.025967498743103e-4
Rothia dentocariosa,0.945996275605214,Terrestrial Specialist,9999,1,0,0,0,0.945996275605214
Nitrosomonas communis,0.6065742167437084,Mostly Terrestrial,9999,1,0,0,0,0.6065742167437084
Flectobacillus roseus,-0.4871853027897483,Mostly Aquatic,9999,0,1,0,0,-0.4871853027897483
Clostridium tetanomorphum,0.620769053649551,Mostly Terrestrial,9999,1,0,0,0,0.620769053649551
Rhodopseudomonas pentothenatexigens,0.32753744631821513,Mostly Terrestrial,9999,1,0,0,0,0.32753744631821513
Rhodopseudomonas thermotolerans,0.32753744631821513,Mostly Terrestrial,9999,1,0,0,0,0.32753744631821513
Slackia equolifaciens,0.766967569374791,Mostly Terrestrial,9999,1,0,0,0,0.766967569374791
Thermomonas koreensis,-0.15980522355024346,Mostly Aquatic,9999,0,1,0,0,-0.15980522355024346
Modestobacter versicolor,0.830337571240684,Terrestrial Specialist,9999,1,0,0,0,0.830337571240684
Pantoea allii,0.696229913473424,Mostly Terrestrial,9999,1,0,0,0,0.696229913473424
Pantoea ananatis,0.696229913473424,Mostly Terrestrial,9999,1,0,0,0,0.696229913473424
Pantoea vagans,0.43436154949784794,Mostly Terrestrial,9999,1,0,0,0,0.43436154949784794
Pantoea deleyi,0.5683453237410072,Mostly Terrestrial,9999,1,0,0,0,0.5683453237410072
Pantoea anthophila,0.5683453237410072,Mostly Terrestrial,9999,1,0,0,0,0.5683453237410072
Olsenella uli,0.9133709981167608,Terrestrial Specialist,9999,1,0,0,0,0.9133709981167608
Pantoea eucrina,0.5873807776962582,Mostly Terrestrial,9999,1,0,0,0,0.5873807776962582
Hafnia psychrotolerans,0.3542440909766612,Mostly Terrestrial,9999,1,0,0,0,0.3542440909766612
Clostridium ihumii,0.40103652517275423,Mostly Terrestrial,9999,1,0,0,0,0.40103652517275423
Paenibacillus contaminans,0.7955056179775281,Mostly Terrestrial,9999,1,0,0,0,0.7955056179775281
Blautia glucerasea,0.8477248298101039,Terrestrial Specialist,9999,1,0,0,0,0.8477248298101039
Halomonas pacifica,-0.07901234567901232,Generalist,9999,0,1,0,0,-0.07901234567901232
Ruminobacter amylophilus,0.9219341683658607,Terrestrial Specialist,9999,1,0,0,0,0.9219341683658607
Thalassospira profundimaris,-0.8120485630859076,Aquatic Specialist,9999,0,1,0,0,-0.8120485630859076
Thalassospira povalilytica,-0.8120485630859076,Aquatic Specialist,9999,0,1,0,0,-0.8120485630859076
Thalassospira tepidiphila,-0.8120485630859076,Aquatic Specialist,9999,0,1,0,0,-0.8120485630859076
Prevotella brunnea,0.9332051057877252,Terrestrial Specialist,9999,1,0,0,0,0.9332051057877252
Pseudomonas cichorii,0.4243902439024391,Mostly Terrestrial,9999,1,0,0,0,0.4243902439024391
Berryella intestinalis,0.9383700922884405,Terrestrial Specialist,9999,1,0,0,0,0.9383700922884405
Synergistes jonesii,0.7257210123602118,Mostly Terrestrial,9999,1,0,0,0,0.7257210123602118
Thermomonas fusca,-0.1709419248922635,Mostly Aquatic,9999,0,1,0,0,-0.1709419248922635
Anaerococcus tetradius,0.9700264472524245,Terrestrial Specialist,9999,1,0,0,0,0.9700264472524245
Staphylococcus epidermidis,0.7986008055967776,Mostly Terrestrial,9999,1,0,0,0,0.7986008055967776
Staphylococcus saccharolyticus,0.7986008055967776,Mostly Terrestrial,9999,1,0,0,0,0.7986008055967776
Staphylococcus caprae,0.7986008055967776,Mostly Terrestrial,9999,1,0,0,0,0.7986008055967776
Williamsia limnetica,0.5673347068739465,Mostly Terrestrial,9999,1,0,0,0,0.5673347068739465
Porphyromonas levii,0.6548018804566823,Mostly Terrestrial,9999,1,0,0,0,0.6548018804566823
Clostridium homopropionicum,0.7940074906367041,Mostly Terrestrial,9999,1,0,0,0,0.7940074906367041
Algoriella xinjiangensis,-0.13925367312443118,Mostly Aquatic,9999,0,1,0,0,-0.13925367312443118
Porphyromonas gingivicanis,0.9420825631546518,Terrestrial Specialist,9999,1,0,0,0,0.9420825631546518
Vibrio kanaloae,-0.8802190280629706,Aquatic Specialist,9999,0,1,0,0,-0.8802190280629706
Vibrio cyclitrophicus,-0.8802190280629706,Aquatic Specialist,9999,0,1,0,0,-0.8802190280629706
Vibrio tasmaniensis,-0.8802190280629706,Aquatic Specialist,9999,0,1,0,0,-0.8802190280629706
Vibrio atlanticus,-0.8979055506888588,Aquatic Specialist,9999,0,1,0,0,-0.8979055506888588
Vibrio breoganii,-0.9003187481889308,Aquatic Specialist,9999,0,1,0,0,-0.9003187481889308
Vibrio superstes,-0.9003187481889308,Aquatic Specialist,9999,0,1,0,0,-0.9003187481889308
Psychrobacillus psychrotolerans,0.7704980117402006,Mostly Terrestrial,9999,1,0,0,0,0.7704980117402006
Psychrobacillus psychrodurans,0.77258566978193155,Mostly Terrestrial,9999,1,0,0,0,0.77258566978193155
Prevotella albensis,0.9564015965612527,Terrestrial Specialist,9999,1,0,0,0,0.9564015965612527
Sphingobacterium hotanense,0.3419599179422439,Mostly Terrestrial,9999,1,0,0,0,0.3419599179422439
Thalassobaculum salexigens,-0.7293570360525006,Mostly Aquatic,9999,0,1,0,0,-0.7293570360525006
Paracnuella aquatica,0.6618867924528302,Mostly Terrestrial,9999,1,0,0,0,0.6618867924528302
Bernardetia litoralis,-0.6783987787295396,Mostly Aquatic,9999,0,1,0,0,-0.6783987787295396
Blastomonas aquatica,-0.23396409509946628,Mostly Aquatic,9999,0,1,0,0,-0.23396409509946628
Streptococcus ferus,0.5099448437238844,Mostly Terrestrial,9999,1,0,0,0,0.5099448437238844
Blastomonas fulva,-0.23396409509946628,Mostly Aquatic,9999,0,1,0,0,-0.23396409509946628
Paucilactobacillus nenjiangensis,-0.14201877934272306,Mostly Aquatic,9999,0,1,0,0,-0.14201877934272306
Helcococcus sueciensis,0.8841231407817364,Terrestrial Specialist,9999,1,0,0,0,0.8841231407817364
Planifilum fulgidum,0.7993318020463562,Mostly Terrestrial,9999,1,0,0,0,0.7993318020463562
Akkermansia glycaniphila,0.26708278580814715,Mostly Terrestrial,9999,1,0,0,0,0.26708278580814715
Kurthia huakuii,0.5702908587257617,Mostly Terrestrial,9999,1,0,0,0,0.5702908587257617
Ralstonia mannitolilytica,0.45877333333333326,Mostly Terrestrial,9999,1,0,0,0,0.45877333333333326
Ralstonia pickettii,0.5778035657769807,Mostly Terrestrial,9999,1,0,0,0,0.5778035657769807
Bacteroides luti,-0.13177177177177177,Mostly Aquatic,9999,0,1,0,0,-0.13177177177177177
Prevotella phocaeensis,0.9567002612915269,Terrestrial Specialist,9999,1,0,0,0,0.9567002612915269
Caulobacter rhizosphaerae,0.6200759373516848,Mostly Terrestrial,9999,1,0,0,0,0.6200759373516848
Georhizobium profundi,0.31688894134308976,Mostly Terrestrial,9999,1,0,0,0,0.31688894134308976
Anaerosporomusa subterranea,0.6021533613445378,Mostly Terrestrial,9999,1,0,0,0,0.6021533613445378
Rummeliibacillus stabekisii,0.724508486994749,Mostly Terrestrial,9999,1,0,0,0,0.724508486994749
Pseudomonas brenneri,0.4390947927491052,Mostly Terrestrial,9999,1,0,0,0,0.4390947927491052
Pseudomonas lactis,0.4390947927491052,Mostly Terrestrial,9999,1,0,0,0,0.4390947927491052
Pseudomonas salomonii,0.4390947927491052,Mostly Terrestrial,9999,1,0,0,0,0.4390947927491052
Pseudomonas proteolytica,0.4390947927491052,Mostly Terrestrial,9999,1,0,0,0,0.4390947927491052
Pseudomonas azotoformans,0.4390947927491052,Mostly Terrestrial,9999,1,0,0,0,0.4390947927491052
Pseudomonas synxantha,0.4390947927491052,Mostly Terrestrial,9999,1,0,0,0,0.4390947927491052
Pseudomonas cedrina,0.4390947927491052,Mostly Terrestrial,9999,1,0,0,0,0.4390947927491052
Pseudomonas gessardii,0.4390947927491052,Mostly Terrestrial,9999,1,0,0,0,0.4390947927491052
Pseudomonas canadensis,0.4390947927491052,Mostly Terrestrial,9999,1,0,0,0,0.4390947927491052
Pseudomonas paralactis,0.4390947927491052,Mostly Terrestrial,9999,1,0,0,0,0.4390947927491052
Pseudomonas libanensis,0.4390947927491052,Mostly Terrestrial,9999,1,0,0,0,0.4390947927491052
Pseudomonas edaphica,0.4390947927491052,Mostly Terrestrial,9999,1,0,0,0,0.4390947927491052
Micrococcus lylae,0.5480510752688171,Mostly Terrestrial,9999,1,0,0,0,0.5480510752688171
Bacteroides caecicola,0.6764874141876429,Mostly Terrestrial,9999,1,0,0,0,0.6764874141876429
Succinatimonas hippei,0.7434033812608628,Mostly Terrestrial,9999,1,0,0,0,0.7434033812608628
Agathobacter ruminis,0.9691764328142559,Terrestrial Specialist,9999,1,0,0,0,0.9691764328142559
Rodentibacter heylii,0.8556910569105692,Terrestrial Specialist,9999,1,0,0,0,0.8556910569105692
Pasteurella caecimuris,0.8556910569105692,Terrestrial Specialist,9999,1,0,0,0,0.8556910569105692
Rathayibacter agropyri,0.7860289490245437,Mostly Terrestrial,9999,1,0,0,0,0.7860289490245437
Rathayibacter rathayi,0.7860289490245437,Mostly Terrestrial,9999,1,0,0,0,0.7860289490245437
Rathayibacter iranicus,0.7860289490245437,Mostly Terrestrial,9999,1,0,0,0,0.7860289490245437
Rathayibacter festucae,0.7860289490245437,Mostly Terrestrial,9999,1,0,0,0,0.7860289490245437
Rathayibacter tritici,0.7860289490245437,Mostly Terrestrial,9999,1,0,0,0,0.7860289490245437
Pauljensenia hongkongensis,0.9047095473703499,Terrestrial Specialist,9999,1,0,0,0,0.9047095473703499
Prevotella koreensis,0.9054726368159204,Terrestrial Specialist,9999,1,0,0,0,0.9054726368159204
Comamonas aquatica,-0.014135556361000383,Generalist,9999,0,1,0,0,-0.014135556361000383
Corynebacterium imitans,0.6983713355048861,Mostly Terrestrial,9999,1,0,0,0,0.6983713355048861
Massilibacterium senegalense,0.6302357836338419,Mostly Terrestrial,9999,1,0,0,0,0.6302357836338419
Bacteroides faecis,0.8001373626373627,Terrestrial Specialist,9999,1,0,0,0,0.8001373626373627
Staphylococcus pettenkoferi,0.6741646647739681,Mostly Terrestrial,9999,1,0,0,0,0.6741646647739681
Eremococcus coleocola,0.8366718027734978,Terrestrial Specialist,9999,1,0,0,0,0.8366718027734978
Serratia plymuthica,0.3269584406031629,Mostly Terrestrial,9999,1,0,0,0,0.3269584406031629
Francisella philomiragia,-0.9067186822713481,Aquatic Specialist,9999,0,1,0,0,-0.9067186822713481
Francisella noatunensis,-0.9067186822713481,Aquatic Specialist,9999,0,1,0,0,-0.9067186822713481
Thalassococcus halodurans,-0.9230947417187862,Aquatic Specialist,9999,0,1,0,0,-0.9230947417187862
Clostridium algoriphilum,0.20323608727629325,Mostly Terrestrial,9999,1,0,0,0,0.20323608727629325
Varibaculum cambriense,0.963246056269312,Terrestrial Specialist,9999,1,0,0,0,0.963246056269312
Histophilus somni,0.7863713159376761,Mostly Terrestrial,9999,1,0,0,0,0.7863713159376761
Coprobacter fastidiosus,0.8359577781623118,Terrestrial Specialist,9999,1,0,0,0,0.8359577781623118
Anaerococcus mediterraneensis,0.9324469996406755,Terrestrial Specialist,9999,1,0,0,0,0.9324469996406755
Aureimonas pseudogalii,0.7053990610328639,Mostly Terrestrial,9999,1,0,0,0,0.7053990610328639
Prevotella jejuni,0.9673532841041584,Terrestrial Specialist,9999,1,0,0,0,0.9673532841041584
Geodermatophilus nigrescens,0.8635255889520715,Terrestrial Specialist,9999,1,0,0,0,0.8635255889520715
Corynebacterium stationis,0.7459795321637426,Mostly Terrestrial,9999,1,0,0,0,0.7459795321637426
Georgenia satyanarayanai,0.6706909090909091,Mostly Terrestrial,9999,1,0,0,0,0.6706909090909091
Chryseobacterium taklimakanense,0.2742765844132789,Mostly Terrestrial,9999,1,0,0,0,0.2742765844132789
Clostridium tertium,0.7117770566902081,Mostly Terrestrial,9999,1,0,0,0,0.7117770566902081
Insolitispirillum peregrinum,-0.7213973799126637,Mostly Aquatic,9999,0,1,0,0,-0.7213973799126637
Sphingobacterium spiritivorum,0.3202542138712352,Mostly Terrestrial,9999,1,0,0,0,0.3202542138712352
Brevibacillus gelatini,0.606553646603709,Mostly Terrestrial,9999,1,0,0,0,0.606553646603709
Brevibacillus formosus,0.606553646603709,Mostly Terrestrial,9999,1,0,0,0,0.606553646603709
Brevibacillus agri,0.606553646603709,Mostly Terrestrial,9999,1,0,0,0,0.606553646603709
Peptostreptococcus canis,0.9217595701813298,Terrestrial Specialist,9999,1,0,0,0,0.9217595701813298
Streptococcus canis,0.7028650646950093,Mostly Terrestrial,9999,1,0,0,0,0.7028650646950093
Pantoea conspicua,0.5683453237410072,Mostly Terrestrial,9999,1,0,0,0,0.5683453237410072
Pantoea brenneri,0.5683453237410072,Mostly Terrestrial,9999,1,0,0,0,0.5683453237410072
Paenibacillus catalpae,0.8807510901486161,Terrestrial Specialist,9999,1,0,0,0,0.8807510901486161
Paenibacillus glycanilyticus,0.8807510901486161,Terrestrial Specialist,9999,1,0,0,0,0.8807510901486161
Kocuria rosea,0.6620607974733518,Mostly Terrestrial,9999,1,0,0,0,0.6620607974733518
Kocuria polaris,0.6620607974733518,Mostly Terrestrial,9999,1,0,0,0,0.6620607974733518
Kocuria salina,0.6620607974733518,Mostly Terrestrial,9999,1,0,0,0,0.6620607974733518
Hoeflea olei,0.22523620847302658,Mostly Terrestrial,9999,1,0,0,0,0.22523620847302658
Hoeflea alexandrii,0.22523620847302658,Mostly Terrestrial,9999,1,0,0,0,0.22523620847302658
Hoeflea halophila,0.22523620847302658,Mostly Terrestrial,9999,1,0,0,0,0.22523620847302658
Parvibacter caecicola,0.9530225782957029,Terrestrial Specialist,9999,1,0,0,0,0.9530225782957029
Rhizobium laguerreae,0.8493150684931506,Terrestrial Specialist,9999,1,0,0,0,0.8493150684931506
Rhizobium hidalgonense,0.8493150684931506,Terrestrial Specialist,9999,1,0,0,0,0.8493150684931506
Rhizobium changzhiense,0.8493150684931506,Terrestrial Specialist,9999,1,0,0,0,0.8493150684931506
Rhizobium ruizarguesonis,0.8493150684931506,Terrestrial Specialist,9999,1,0,0,0,0.8493150684931506
Rhizobium anhuiense,0.8493150684931506,Terrestrial Specialist,9999,1,0,0,0,0.8493150684931506
Rhizobium acidisoli,0.8493150684931506,Terrestrial Specialist,9999,1,0,0,0,0.8493150684931506
Psychrobacter arcticus,-0.278499604564456,Mostly Aquatic,9999,0,1,0,0,-0.278499604564456
Psychrobacter urativorans,-0.278499604564456,Mostly Aquatic,9999,0,1,0,0,-0.278499604564456
Psychrobacter glaciei,-0.278499604564456,Mostly Aquatic,9999,0,1,0,0,-0.278499604564456
Psychrobacter glacincola,-0.30183592245474394,Mostly Aquatic,9999,0,1,0,0,-0.30183592245474394
Psychrobacter cibarius,-0.278499604564456,Mostly Aquatic,9999,0,1,0,0,-0.278499604564456
Psychrobacter okhotskensis,-0.278499604564456,Mostly Aquatic,9999,0,1,0,0,-0.278499604564456
Psychrobacter fozii,-0.278499604564456,Mostly Aquatic,9999,0,1,0,0,-0.278499604564456
Arthrobacter woluwensis,0.6753790613718411,Mostly Terrestrial,9999,1,0,0,0,0.6753790613718411
Geobacter anodireducens,-0.08172136492066945,Generalist,9999,0,1,0,0,-0.08172136492066945
Geobacter soli,-0.08172136492066945,Generalist,9999,0,1,0,0,-0.08172136492066945
Aureimonas altamirensis,0.6317979197622586,Mostly Terrestrial,9999,1,0,0,0,0.6317979197622586
Photobacterium angustum,-0.9273153575615474,Aquatic Specialist,9999,0,1,0,0,-0.9273153575615474
Chryseotalea sanaruensis,-0.1365878208354303,Mostly Aquatic,9999,0,1,0,0,-0.1365878208354303
Peptacetobacter hiranonis,0.9057544177616675,Terrestrial Specialist,9999,1,0,0,0,0.9057544177616675
Stenotrophomonas acidaminiphila,-0.09262579180112346,Generalist,9999,0,1,0,0,-0.09262579180112346
Hylemonella gracilis,-0.08477787250165764,Generalist,9999,0,1,0,0,-0.08477787250165764
Actinobacillus delphinicola,0.7088400798693046,Mostly Terrestrial,9999,1,0,0,0,0.7088400798693046
Porphyromonas gulae,0.960541715432202,Terrestrial Specialist,9999,1,0,0,0,0.960541715432202
Maribacter dokdonensis,-0.9031466512702079,Aquatic Specialist,9999,0,1,0,0,-0.9031466512702079
Iamia majanohamensis,0.5770210357513442,Mostly Terrestrial,9999,1,0,0,0,0.5770210357513442
Methylobacterium isbiliense,0.6877242579101881,Mostly Terrestrial,9999,1,0,0,0,0.6877242579101881
Mammaliicoccus sciuri,0.7650557620817843,Mostly Terrestrial,9999,1,0,0,0,0.7650557620817843
Mammaliicoccus stepanovicii,0.1751067724222087,Mostly Terrestrial,9999,1,0,0,0,0.1751067724222087
Mammaliicoccus lentus,0.7650557620817843,Mostly Terrestrial,9999,1,0,0,0,0.7650557620817843
Myroides profundi,0.28903100236340884,Mostly Terrestrial,9999,1,0,0,0,0.28903100236340884
Pseudoxanthomonas taiwanensis,0.28044937662693514,Mostly Terrestrial,9999,1,0,0,0,0.28044937662693514
Phaeobacter porticola,-0.8790024862502827,Aquatic Specialist,9999,0,1,0,0,-0.8790024862502827
Phaeobacter inhibens,-0.8790024862502827,Aquatic Specialist,9999,0,1,0,0,-0.8790024862502827
Phaeobacter gallaeciensis,-0.8790024862502827,Aquatic Specialist,9999,0,1,0,0,-0.8790024862502827
Phaeobacter piscinae,-0.8790024862502827,Aquatic Specialist,9999,0,1,0,0,-0.8790024862502827
Pseudomonas toyotomiensis,0.06863953966296753,Generalist,9999,1,0,0,0,0.06863953966296753
Pseudomonas alcaliphila,0.06863953966296753,Generalist,9999,1,0,0,0,0.06863953966296753
Pseudomonas chengduensis,0.06863953966296753,Generalist,9999,1,0,0,0,0.06863953966296753
Pseudomonas indoloxydans,0.06863953966296753,Generalist,9999,1,0,0,0,0.06863953966296753
Hafnia paralvei,0.46262254901960786,Mostly Terrestrial,9999,1,0,0,0,0.46262254901960786
Pseudomonas laurentiana,0.2064523616107695,Mostly Terrestrial,9999,1,0,0,0,0.2064523616107695
Pseudomonas qingdaonensis,0.2064523616107695,Mostly Terrestrial,9999,1,0,0,0,0.2064523616107695
Thiothrix fructosivorans,-0.9169375225713254,Aquatic Specialist,9999,0,1,0,0,-0.9169375225713254
Clostridium senegalense,-0.1400750583223451,Mostly Aquatic,9999,0,1,0,0,-0.1400750583223451
Corynebacterium simulans,0.8942276684940341,Terrestrial Specialist,9999,1,0,0,0,0.8942276684940341
Gulbenkiania indica,-0.0034943969152909883,Generalist,9999,0,1,0,0,-0.0034943969152909883
Acetivibrio thermocellus,0.6257186436700691,Mostly Terrestrial,9999,1,0,0,0,0.6257186436700691
Pigmentiphaga kullae,-0.08365584995534384,Generalist,9999,0,1,0,0,-0.08365584995534384
Acetivibrio saccincola,0.6982215840053022,Mostly Terrestrial,9999,1,0,0,0,0.6982215840053022
Phocaeicola salanitronis,0.9538486364369857,Terrestrial Specialist,9999,1,0,0,0,0.9538486364369857
Achromobacter pestifer,0.5271426746710945,Mostly Terrestrial,9999,1,0,0,0,0.5271426746710945
Achromobacter kerstersii,0.5271426746710945,Mostly Terrestrial,9999,1,0,0,0,0.5271426746710945
Achromobacter deleyi,0.5271426746710945,Mostly Terrestrial,9999,1,0,0,0,0.5271426746710945
Achromobacter spanius,0.5271426746710945,Mostly Terrestrial,9999,1,0,0,0,0.5271426746710945
Achromobacter insolitus,0.5271426746710945,Mostly Terrestrial,9999,1,0,0,0,0.5271426746710945
Achromobacter ruhlandii,0.5271426746710945,Mostly Terrestrial,9999,1,0,0,0,0.5271426746710945
Oribacterium parvum,0.9689238442355649,Terrestrial Specialist,9999,1,0,0,0,0.9689238442355649
Brachybacterium muris,0.5606650159179342,Mostly Terrestrial,9999,1,0,0,0,0.5606650159179342
Varibaculum massiliense,0.9248514505417686,Terrestrial Specialist,9999,1,0,0,0,0.9248514505417686
Porphyromonas canoris,0.9419335528284946,Terrestrial Specialist,9999,1,0,0,0,0.9419335528284946
Minicystis rosea,0.8377180302592271,Terrestrial Specialist,9999,1,0,0,0,0.8377180302592271
Buttiauxella agrestis,0.3764004073912411,Mostly Terrestrial,9999,1,0,0,0,0.3764004073912411
Buttiauxella warmboldiae,0.3764004073912411,Mostly Terrestrial,9999,1,0,0,0,0.3764004073912411
Buttiauxella ferragutiae,0.3764004073912411,Mostly Terrestrial,9999,1,0,0,0,0.3764004073912411
Buttiauxella izardii,0.3764004073912411,Mostly Terrestrial,9999,1,0,0,0,0.3764004073912411
Buttiauxella noackiae,0.3764004073912411,Mostly Terrestrial,9999,1,0,0,0,0.3764004073912411
Mediterraneibacter glycyrrhizinilyticus,0.9118683901292597,Terrestrial Specialist,9999,1,0,0,0,0.9118683901292597
Arthrobacter subterraneus,0.7134670487106017,Mostly Terrestrial,9999,1,0,0,0,0.7134670487106017
Chitinophaga rupis,0.9531804662765039,Terrestrial Specialist,9999,1,0,0,0,0.9531804662765039
Gilvibacter sediminis,-0.9346339836584959,Aquatic Specialist,9999,0,1,0,0,-0.9346339836584959
Azospirillum thiophilum,-0.15004778591908255,Mostly Aquatic,9999,0,1,0,0,-0.15004778591908255
Flavobacterium columnare,-0.2630098452883264,Mostly Aquatic,9999,0,1,0,0,-0.2630098452883264
Robbsia andropogonis,0.6639907147693199,Mostly Terrestrial,9999,1,0,0,0,0.6639907147693199
Corynebacterium atypicum,0.777529761904762,Mostly Terrestrial,9999,1,0,0,0,0.777529761904762
Ensifer adhaerens,0.6605766184391172,Mostly Terrestrial,9999,1,0,0,0,0.6605766184391172
Ensifer sesbaniae,0.6605766184391172,Mostly Terrestrial,9999,1,0,0,0,0.6605766184391172
Parasphingorhabdus flavimaris,-0.8143429195485984,Aquatic Specialist,9999,0,1,0,0,-0.8143429195485984
Pseudorhizobium marinum,0.14388237353404515,Mostly Terrestrial,9999,1,0,0,0,0.14388237353404515
Symbiobacterium thermophilum,0.7447460595446586,Mostly Terrestrial,9999,1,0,0,0,0.7447460595446586
Corynebacterium glucuronolyticum,0.7382357901838422,Mostly Terrestrial,9999,1,0,0,0,0.7382357901838422
Asticcacaulis solisilvae,0.7755561109722569,Mostly Terrestrial,9999,1,0,0,0,0.7755561109722569
Rhodococcus fascians,0.13017044837694056,Mostly Terrestrial,9999,1,0,0,0,0.13017044837694056
Halomonas titanicae,-0.6682612999010228,Mostly Aquatic,9999,0,1,0,0,-0.6682612999010228
Kurthia gibsonii,0.41248925809223713,Mostly Terrestrial,9999,1,0,0,0,0.41248925809223713
Leuconostoc pseudomesenteroides,0.39809523809523806,Mostly Terrestrial,9999,1,0,0,0,0.39809523809523806
Celeribacter baekdonensis,-0.9170278637770898,Aquatic Specialist,9999,0,1,0,0,-0.9170278637770898
Corynebacterium appendicis,0.8152826018313861,Terrestrial Specialist,9999,1,0,0,0,0.8152826018313861
Desulfotomaculum nigrificans,0.5567942151250377,Mostly Terrestrial,9999,1,0,0,0,0.5567942151250377
Micrococcus terreus,0.6469740634005763,Mostly Terrestrial,9999,1,0,0,0,0.6469740634005763
Acinetobacter celticus,-0.5028795208477309,Mostly Aquatic,9999,0,1,0,0,-0.5028795208477309
Dysgonomonas capnocytophagoides,0.2666991711360312,Mostly Terrestrial,9999,1,0,0,0,0.2666991711360312
Methylobacterium oxalidis,0.749614700652045,Mostly Terrestrial,9999,1,0,0,0,0.749614700652045
Paraburkholderia caribensis,0.8701608100059558,Terrestrial Specialist,9999,1,0,0,0,0.8701608100059558
Streptomyces harbinensis,0.7589295838530447,Mostly Terrestrial,9999,1,0,0,0,0.7589295838530447
Porphyromonas uenonis,0.9626200873362445,Terrestrial Specialist,9999,1,0,0,0,0.9626200873362445
Haematospirillum jordaniae,-0.4500392704424469,Mostly Aquatic,9999,0,1,0,0,-0.4500392704424469
Helcococcus ovis,0.6590551181102363,Mostly Terrestrial,9999,1,0,0,0,0.6590551181102363
Clostridium nigeriense,0.5594548551959114,Mostly Terrestrial,9999,1,0,0,0,0.5594548551959114
Atopobium deltae,0.9499913778237626,Terrestrial Specialist,9999,1,0,0,0,0.9499913778237626
Clostridium oryzae,0.3557264265479562,Mostly Terrestrial,9999,1,0,0,0,0.3557264265479562
Mesotoga infera,-0.6788938407039197,Mostly Aquatic,9999,0,1,0,0,-0.6788938407039197
Saccharopolyspora rectivirgula,0.7667884237145266,Mostly Terrestrial,9999,1,0,0,0,0.7667884237145266
Limosilactobacillus gastricus,0.8909904413260118,Terrestrial Specialist,9999,1,0,0,0,0.8909904413260118
Castellaniella denitrificans,-0.13555992141453824,Mostly Aquatic,9999,0,1,0,0,-0.13555992141453824
Geodermatophilus normandii,0.8654329679171276,Terrestrial Specialist,9999,1,0,0,0,0.8654329679171276
Geodermatophilus saharensis,0.8654329679171276,Terrestrial Specialist,9999,1,0,0,0,0.8654329679171276
Geodermatophilus amargosae,0.8654329679171276,Terrestrial Specialist,9999,1,0,0,0,0.8654329679171276
Geodermatophilus aquaeductus,0.8654329679171276,Terrestrial Specialist,9999,1,0,0,0,0.8654329679171276
Geodermatophilus obscurus,0.6968909110605569,Mostly Terrestrial,9999,1,0,0,0,0.6968909110605569
Geodermatophilus tzadiensis,0.8654329679171276,Terrestrial Specialist,9999,1,0,0,0,0.8654329679171276
Kluyvera ascorbata,0.6258042079638324,Mostly Terrestrial,9999,1,0,0,0,0.6258042079638324
Latilactobacillus fuchuensis,0.3884057971014493,Mostly Terrestrial,9999,1,0,0,0,0.3884057971014493
Robertkochia marina,-0.6922261751570661,Mostly Aquatic,9999,0,1,0,0,-0.6922261751570661
Chitinophaga pinensis,0.8115358819584171,Terrestrial Specialist,9999,1,0,0,0,0.8115358819584171
Apilactobacillus kunkeei,0.7992150382152449,Mostly Terrestrial,9999,1,0,0,0,0.7992150382152449
Leuconostoc fallax,0.5002832861189801,Mostly Terrestrial,9999,1,0,0,0,0.5002832861189801
Gottschalkia acidurici,0.5105456212746446,Mostly Terrestrial,9999,1,0,0,0,0.5105456212746446
Alkaliphilus oremlandii,0.5243963782696177,Mostly Terrestrial,9999,1,0,0,0,0.5243963782696177
Glaesserella parasuis,0.7691829760795279,Mostly Terrestrial,9999,1,0,0,0,0.7691829760795279
Paenibacillus eucommiae,0.9120175599048838,Terrestrial Specialist,9999,1,0,0,0,0.9120175599048838
Plantibacter flavus,0.5495136528770656,Mostly Terrestrial,9999,1,0,0,0,0.5495136528770656
Aliidongia dinghuensis,0.840455396132252,Terrestrial Specialist,9999,1,0,0,0,0.840455396132252
Gemmatimonas phototrophica,-0.38370320176181605,Mostly Aquatic,9999,0,1,0,0,-0.38370320176181605
Inediibacterium massiliense,0.18255468539022413,Mostly Terrestrial,9999,1,0,0,0,0.18255468539022413
Psychrobacter aquimaris,-0.5533840028954036,Mostly Aquatic,9999,0,1,0,0,-0.5533840028954036
Psychrobacter nivimaris,-0.5533840028954036,Mostly Aquatic,9999,0,1,0,0,-0.5533840028954036
Zunongwangia profunda,-0.747081418995255,Mostly Aquatic,9999,0,1,0,0,-0.747081418995255
Blastococcus saxobsidens,0.840614608416466,Terrestrial Specialist,9999,1,0,0,0,0.840614608416466
Blastococcus capsensis,0.840614608416466,Terrestrial Specialist,9999,1,0,0,0,0.840614608416466
Blastococcus xanthinilyticus,0.840614608416466,Terrestrial Specialist,9999,1,0,0,0,0.840614608416466
Denitrobaculum tricleocarpae,-0.8721608762007361,Aquatic Specialist,9999,0,1,0,0,-0.8721608762007361
Granulibacter bethesdensis,0.430930796158334,Mostly Terrestrial,9999,1,0,0,0,0.430930796158334
Beduini massiliensis,0.8538579458354625,Terrestrial Specialist,9999,1,0,0,0,0.8538579458354625
Exiguobacterium alkaliphilum,-0.09914388290527476,Generalist,9999,0,1,0,0,-0.09914388290527476
Streptococcus pyogenes,0.7222484648086915,Mostly Terrestrial,9999,1,0,0,0,0.7222484648086915
Levilinea saccharolytica,-0.6886892177589852,Mostly Aquatic,9999,0,1,0,0,-0.6886892177589852
Acetoanaerobium pronyense,-0.5243186582809224,Mostly Aquatic,9999,0,1,0,0,-0.5243186582809224
Corynebacterium xerosis,0.5370006548788474,Mostly Terrestrial,9999,1,0,0,0,0.5370006548788474
Deinococcus reticulitermitis,0.13256188662662952,Mostly Terrestrial,9999,1,0,0,0,0.13256188662662952
Fretibacterium fastidiosum,0.9087035909920876,Terrestrial Specialist,9999,1,0,0,0,0.9087035909920876
Flavobacterium fontis,-0.752580808935522,Mostly Aquatic,9999,0,1,0,0,-0.752580808935522
Tistlia consotensis,-0.09404888416578107,Generalist,9999,0,1,0,0,-0.09404888416578107
Carnobacterium divergens,0.33015536723163846,Mostly Terrestrial,9999,1,0,0,0,0.33015536723163846
Basfia succiniciproducens,0.7899573350836889,Mostly Terrestrial,9999,1,0,0,0,0.7899573350836889
Secundilactobacillus folii,0.45284159613059255,Mostly Terrestrial,9999,1,0,0,0,0.45284159613059255
Maricaulis maris,-0.914762477450391,Aquatic Specialist,9999,0,1,0,0,-0.914762477450391
Phyllobacterium salinisoli,0.45637242431951147,Mostly Terrestrial,9999,1,0,0,0,0.45637242431951147
Photobacterium damselae,-0.7111659034871435,Mostly Aquatic,9999,0,1,0,0,-0.7111659034871435
Nocardioides ginsengisegetis,0.8235176681972449,Terrestrial Specialist,9999,1,0,0,0,0.8235176681972449
Pseudomonas leptonychotis,-0.5216676758065911,Mostly Aquatic,9999,0,1,0,0,-0.5216676758065911
Pseudomonas guineae,-0.5216676758065911,Mostly Aquatic,9999,0,1,0,0,-0.5216676758065911
Pseudomonas peli,-0.5216676758065911,Mostly Aquatic,9999,0,1,0,0,-0.5216676758065911
Tistrella mobilis,-0.4564281132594154,Mostly Aquatic,9999,0,1,0,0,-0.4564281132594154
Clostridium cellulovorans,0.3795216445937933,Mostly Terrestrial,9999,1,0,0,0,0.3795216445937933
Agromyces soli,0.6860090979695994,Mostly Terrestrial,9999,1,0,0,0,0.6860090979695994
Agromyces mediolanus,0.6860090979695994,Mostly Terrestrial,9999,1,0,0,0,0.6860090979695994
Clostridium tyrobutyricum,0.34978196006426443,Mostly Terrestrial,9999,1,0,0,0,0.34978196006426443
Paracoccus sanguinis,0.1415783977323586,Mostly Terrestrial,9999,1,0,0,0,0.1415783977323586
Mycobacterium xenopi,0.6630842936682636,Mostly Terrestrial,9999,1,0,0,0,0.6630842936682636
Heliobacterium chlorum,0.9030486650255632,Terrestrial Specialist,9999,1,0,0,0,0.9030486650255632
Bartonella apis,0.5793231094658912,Mostly Terrestrial,9999,1,0,0,0,0.5793231094658912
Bifidobacterium commune,0.898505114083399,Terrestrial Specialist,9999,1,0,0,0,0.898505114083399
Vulgatibacter incomptus,0.7363713397985123,Mostly Terrestrial,9999,1,0,0,0,0.7363713397985123
Halomonas litopenaei,-0.6104241185487991,Mostly Aquatic,9999,0,1,0,0,-0.6104241185487991
Terrimicrobium sacchariphilum,0.112849939141019,Mostly Terrestrial,9999,1,0,0,0,0.112849939141019
Nonlabens tegetincola,-0.9027184134040007,Aquatic Specialist,9999,0,1,0,0,-0.9027184134040007
Agromyces albus,0.8518981688253686,Terrestrial Specialist,9999,1,0,0,0,0.8518981688253686
Streptococcus parasuis,0.6938132360258749,Mostly Terrestrial,9999,1,0,0,0,0.6938132360258749
Vibrio gigantis,-0.8979055506888588,Aquatic Specialist,9999,0,1,0,0,-0.8979055506888588
Vibrio artabrorum,-0.8979055506888588,Aquatic Specialist,9999,0,1,0,0,-0.8979055506888588
Vibrio coralliirubri,-0.8979055506888588,Aquatic Specialist,9999,0,1,0,0,-0.8979055506888588
Vibrio celticus,-0.8979055506888588,Aquatic Specialist,9999,0,1,0,0,-0.8979055506888588
Chryseobacterium koreense,-0.035447311309380246,Generalist,9999,0,1,0,0,-0.035447311309380246
Hyphomonas adhaerens,-0.8545982106875152,Aquatic Specialist,9999,0,1,0,0,-0.8545982106875152
Liquorilactobacillus sicerae,0.7799926172019195,Mostly Terrestrial,9999,1,0,0,0,0.7799926172019195
Liquorilactobacillus vini,0.7799926172019195,Mostly Terrestrial,9999,1,0,0,0,0.7799926172019195
Bibersteinia trehalosi,0.8505326761011289,Terrestrial Specialist,9999,1,0,0,0,0.8505326761011289
Janthinobacterium lividum,0.22308371773481206,Mostly Terrestrial,9999,1,0,0,0,0.22308371773481206
Caulobacter vibrioides,0.19847991313789362,Mostly Terrestrial,9999,1,0,0,0,0.19847991313789362
Caulobacter segnis,0.19847991313789362,Mostly Terrestrial,9999,1,0,0,0,0.19847991313789362
Cryobacterium arcticum,0.5179325931020929,Mostly Terrestrial,9999,1,0,0,0,0.5179325931020929
Cryobacterium zongtaii,0.5179325931020929,Mostly Terrestrial,9999,1,0,0,0,0.5179325931020929
Cryobacterium soli,0.5179325931020929,Mostly Terrestrial,9999,1,0,0,0,0.5179325931020929
Defluviitoga tunisiensis,-0.35229581470946775,Mostly Aquatic,9999,0,1,0,0,-0.35229581470946775
Formosimonas limnophila,-0.9144222744860026,Aquatic Specialist,9999,0,1,0,0,-0.9144222744860026
Shimia thalassica,-0.9536852909102571,Aquatic Specialist,9999,0,1,0,0,-0.9536852909102571
Campylobacter upsaliensis,0.7892652010299069,Mostly Terrestrial,9999,1,0,0,0,0.7892652010299069
Ancylobacter aquaticus,-0.0052638021789692705,Generalist,9999,0,1,0,0,-0.0052638021789692705
Ancylobacter rudongensis,-0.0052638021789692705,Generalist,9999,0,1,0,0,-0.0052638021789692705
Ancylobacter polymorphus,-0.0052638021789692705,Generalist,9999,0,1,0,0,-0.0052638021789692705
Ancylobacter dichloromethanicus,-0.0052638021789692705,Generalist,9999,0,1,0,0,-0.0052638021789692705
Paraburkholderia caledonica,0.6586445899114363,Mostly Terrestrial,9999,1,0,0,0,0.6586445899114363
Paraburkholderia strydomiana,0.6586445899114363,Mostly Terrestrial,9999,1,0,0,0,0.6586445899114363
Cupriavidus numazuensis,0.25839843749999997,Mostly Terrestrial,9999,1,0,0,0,0.25839843749999997
Cupriavidus basilensis,0.25839843749999997,Mostly Terrestrial,9999,1,0,0,0,0.25839843749999997
Streptomyces yangpuensis,0.9207165367390944,Terrestrial Specialist,9999,1,0,0,0,0.9207165367390944
Rhodovulum sulfidophilum,-0.7032610897306055,Mostly Aquatic,9999,0,1,0,0,-0.7032610897306055
Streptomyces flavotricini,0.9207165367390944,Terrestrial Specialist,9999,1,0,0,0,0.9207165367390944
Streptomyces amritsarensis,0.9207165367390944,Terrestrial Specialist,9999,1,0,0,0,0.9207165367390944
Streptomyces polychromogenes,0.9207165367390944,Terrestrial Specialist,9999,1,0,0,0,0.9207165367390944
Metalysinibacillus jejuensis,0.24194053208137709,Mostly Terrestrial,9999,1,0,0,0,0.24194053208137709
Pseudolysobacter antarcticus,0.41473149492017414,Mostly Terrestrial,9999,1,0,0,0,0.41473149492017414
Streptococcus iniae,0.676290832455216,Mostly Terrestrial,9999,1,0,0,0,0.676290832455216
Actinobacillus lignieresii,0.8363887928052576,Terrestrial Specialist,9999,1,0,0,0,0.8363887928052576
Actinobacillus pleuropneumoniae,0.8363887928052576,Terrestrial Specialist,9999,1,0,0,0,0.8363887928052576
Vagococcus lutrae,0.7931996512641674,Mostly Terrestrial,9999,1,0,0,0,0.7931996512641674
Thermoclostridium stercorarium,0.6366258111031002,Mostly Terrestrial,9999,1,0,0,0,0.6366258111031002
Pseudohongiella spirulinae,-0.8923804816044064,Aquatic Specialist,9999,0,1,0,0,-0.8923804816044064
Kocuria flava,0.5874145006839945,Mostly Terrestrial,9999,1,0,0,0,0.5874145006839945
Halobacillus dabanensis,0.026620261499388564,Generalist,9999,1,0,0,0,0.026620261499388564
Halobacillus litoralis,0.026620261499388564,Generalist,9999,1,0,0,0,0.026620261499388564
Halobacillus karajensis,0.026620261499388564,Generalist,9999,1,0,0,0,0.026620261499388564
Halobacillus faecis,0.026620261499388564,Generalist,9999,1,0,0,0,0.026620261499388564
Halobacillus trueperi,0.026620261499388564,Generalist,9999,1,0,0,0,0.026620261499388564
Halobacillus yeomjeoni,0.026620261499388564,Generalist,9999,1,0,0,0,0.026620261499388564
Treponema ruminis,0.991510538641686,Terrestrial Specialist,9999,1,0,0,0,0.991510538641686
Clostridium sartagoforme,0.6655972825061333,Mostly Terrestrial,9999,1,0,0,0,0.6655972825061333
Massilia violaceinigra,0.45270958777211673,Mostly Terrestrial,9999,1,0,0,0,0.45270958777211673
Massilia atriviolacea,0.45270958777211673,Mostly Terrestrial,9999,1,0,0,0,0.45270958777211673
Massilia rubra,0.45270958777211673,Mostly Terrestrial,9999,1,0,0,0,0.45270958777211673
Massilia frigida,0.45270958777211673,Mostly Terrestrial,9999,1,0,0,0,0.45270958777211673
Massilia mucilaginosa,0.45270958777211673,Mostly Terrestrial,9999,1,0,0,0,0.45270958777211673
Clostridium intestinale,0.5648834745762712,Mostly Terrestrial,9999,1,0,0,0,0.5648834745762712
Bremerella cremea,-0.6494826139647618,Mostly Aquatic,9999,0,1,0,0,-0.6494826139647618
Bremerella volcania,-0.6494826139647618,Mostly Aquatic,9999,0,1,0,0,-0.6494826139647618
Bremerella alba,-0.6494826139647618,Mostly Aquatic,9999,0,1,0,0,-0.6494826139647618
Moritella viscosa,-0.9260168841135842,Aquatic Specialist,9999,0,1,0,0,-0.9260168841135842
Aureicoccus marinus,-0.9041814534794013,Aquatic Specialist,9999,0,1,0,0,-0.9041814534794013
Cellulomonas xylanilytica,0.7596749619095988,Mostly Terrestrial,9999,1,0,0,0,0.7596749619095988
Cellulomonas humilata,0.7596749619095988,Mostly Terrestrial,9999,1,0,0,0,0.7596749619095988
Agrobacterium radiobacter,0.47873058744091834,Mostly Terrestrial,9999,1,0,0,0,0.47873058744091834
Veillonella nakazawae,0.9856801909307875,Terrestrial Specialist,9999,1,0,0,0,0.9856801909307875
Veillonella dispar,0.9856801909307875,Terrestrial Specialist,9999,1,0,0,0,0.9856801909307875
Veillonella infantium,0.9856801909307875,Terrestrial Specialist,9999,1,0,0,0,0.9856801909307875
Bifidobacterium stellenboschense,0.9442379182156133,Terrestrial Specialist,9999,1,0,0,0,0.9442379182156133
Nakamurella panacisegetis,0.7016890924706557,Mostly Terrestrial,9999,1,0,0,0,0.7016890924706557
Amycolatopsis balhimycina,0.9442142496210206,Terrestrial Specialist,9999,1,0,0,0,0.9442142496210206
Amycolatopsis pretoriensis,0.9442142496210206,Terrestrial Specialist,9999,1,0,0,0,0.9442142496210206
Amycolatopsis mediterranei,0.9442142496210206,Terrestrial Specialist,9999,1,0,0,0,0.9442142496210206
Amycolatopsis rifamycinica,0.9442142496210206,Terrestrial Specialist,9999,1,0,0,0,0.9442142496210206
Amycolatopsis lexingtonensis,0.9442142496210206,Terrestrial Specialist,9999,1,0,0,0,0.9442142496210206
Amycolatopsis kentuckyensis,0.9442142496210206,Terrestrial Specialist,9999,1,0,0,0,0.9442142496210206
Conexibacter woesei,0.6223902679598882,Mostly Terrestrial,9999,1,0,0,0,0.6223902679598882
Brevibacterium senegalense,0.6842839699982558,Mostly Terrestrial,9999,1,0,0,0,0.6842839699982558
Rhizobium calliandrae,0.8375286041189932,Terrestrial Specialist,9999,1,0,0,0,0.8375286041189932
Rhizobium jaguaris,0.8375286041189932,Terrestrial Specialist,9999,1,0,0,0,0.8375286041189932
Rhizobium leucaenae,0.8375286041189932,Terrestrial Specialist,9999,1,0,0,0,0.8375286041189932
Agrobacterium rhizogenes,0.8375286041189932,Terrestrial Specialist,9999,1,0,0,0,0.8375286041189932
Rhizobium hainanense,0.8375286041189932,Terrestrial Specialist,9999,1,0,0,0,0.8375286041189932
Rhizobium mayense,0.8375286041189932,Terrestrial Specialist,9999,1,0,0,0,0.8375286041189932
Rhizobium miluonense,0.8375286041189932,Terrestrial Specialist,9999,1,0,0,0,0.8375286041189932
Rhizobium multihospitium,0.8375286041189932,Terrestrial Specialist,9999,1,0,0,0,0.8375286041189932
Rhizobium paranaense,0.8375286041189932,Terrestrial Specialist,9999,1,0,0,0,0.8375286041189932
Frischella perrara,0.4200839522118178,Mostly Terrestrial,9999,1,0,0,0,0.4200839522118178
Alteromonas macleodii,-0.9699942296595497,Aquatic Specialist,9999,0,1,0,0,-0.9699942296595497
Alteromonas portus,-0.9699942296595497,Aquatic Specialist,9999,0,1,0,0,-0.9699942296595497
Aliicoccus persicus,0.7033026529507309,Mostly Terrestrial,9999,1,0,0,0,0.7033026529507309
Arthrobacter oryzae,0.8635137938187099,Terrestrial Specialist,9999,1,0,0,0,0.8635137938187099
Arthrobacter humicola,0.8635137938187099,Terrestrial Specialist,9999,1,0,0,0,0.8635137938187099
Enorma massiliensis,0.7924429740553717,Mostly Terrestrial,9999,1,0,0,0,0.7924429740553717
Yersinia hibernica,0.07314629258517029,Generalist,9999,1,0,0,0,0.07314629258517029
Gulosibacter bifidus,0.7233152594887684,Mostly Terrestrial,9999,1,0,0,0,0.7233152594887684
Aeromonas media,-0.5571471804700898,Mostly Aquatic,9999,0,1,0,0,-0.5571471804700898
Reyranella aquatilis,-0.3869135282979171,Mostly Aquatic,9999,0,1,0,0,-0.3869135282979171
Ohtaekwangia koreensis,0.7456570155902004,Mostly Terrestrial,9999,1,0,0,0,0.7456570155902004
Sphaerobacter thermophilus,0.8040547712557052,Terrestrial Specialist,9999,1,0,0,0,0.8040547712557052
Baia soyae,0.6174684276487034,Mostly Terrestrial,9999,1,0,0,0,0.6174684276487034
Pseudomonas nicosulfuronedens,-0.05782759031834984,Generalist,9999,0,1,0,0,-0.05782759031834984
Albimonas pacifica,-0.5581339521485157,Mostly Aquatic,9999,0,1,0,0,-0.5581339521485157
Anaerospora hongkongensis,0.3429703394367705,Mostly Terrestrial,9999,1,0,0,0,0.3429703394367705
Mesorhizobium terrae,0.47858617131062947,Mostly Terrestrial,9999,1,0,0,0,0.47858617131062947
Pandoraea capi,0.45885466794995194,Mostly Terrestrial,9999,1,0,0,0,0.45885466794995194
Pandoraea aquatica,0.45885466794995194,Mostly Terrestrial,9999,1,0,0,0,0.45885466794995194
Pandoraea anapnoica,0.45885466794995194,Mostly Terrestrial,9999,1,0,0,0,0.45885466794995194
Pandoraea oxalativorans,0.45885466794995194,Mostly Terrestrial,9999,1,0,0,0,0.45885466794995194
Pandoraea sputorum,0.45885466794995194,Mostly Terrestrial,9999,1,0,0,0,0.45885466794995194
Pandoraea commovens,0.45885466794995194,Mostly Terrestrial,9999,1,0,0,0,0.45885466794995194
Agaricicola taiwanensis,0.737116912599319,Mostly Terrestrial,9999,1,0,0,0,0.737116912599319
Paraburkholderia hospita,0.8775510204081632,Terrestrial Specialist,9999,1,0,0,0,0.8775510204081632
Dietzia timorensis,0.25712843805198077,Mostly Terrestrial,9999,1,0,0,0,0.25712843805198077
Formivibrio citricus,-0.5541841982234689,Mostly Aquatic,9999,0,1,0,0,-0.5541841982234689
Opitutus terrae,-0.1660788714331516,Mostly Aquatic,9999,0,1,0,0,-0.1660788714331516
Olsenella urininfantis,0.8892015997629981,Terrestrial Specialist,9999,1,0,0,0,0.8892015997629981
Bifidobacterium cuniculi,0.9127134724857685,Terrestrial Specialist,9999,1,0,0,0,0.9127134724857685
Arthrobacter tumbae,0.757396449704142,Mostly Terrestrial,9999,1,0,0,0,0.757396449704142
Roseburia porci,0.9399083347479205,Terrestrial Specialist,9999,1,0,0,0,0.9399083347479205
Corynebacterium lowii,0.8730094738963919,Terrestrial Specialist,9999,1,0,0,0,0.8730094738963919
Tepidimonas fonticaldi,0.04578578303313623,Generalist,9999,1,0,0,0,0.04578578303313623
Neptunomonas japonica,-0.9273235499650595,Aquatic Specialist,9999,0,1,0,0,-0.9273235499650595
Treponema parvum,0.9398618447785454,Terrestrial Specialist,9999,1,0,0,0,0.9398618447785454
Pedococcus bigeumensis,0.8059375889215593,Terrestrial Specialist,9999,1,0,0,0,0.8059375889215593
Pedococcus badiiscoriae,0.8059375889215593,Terrestrial Specialist,9999,1,0,0,0,0.8059375889215593
Pedococcus dokdonensis,0.8059375889215593,Terrestrial Specialist,9999,1,0,0,0,0.8059375889215593
Capnocytophaga granulosa,0.9234907352062163,Terrestrial Specialist,9999,1,0,0,0,0.9234907352062163
Sandarakinorhabdus limnophila,-0.802860696517413,Aquatic Specialist,9999,0,1,0,0,-0.802860696517413
Pseudoxanthomonas suwonensis,0.41713014460511677,Mostly Terrestrial,9999,1,0,0,0,0.41713014460511677
Desulfobacter postgatei,-0.8325034691045629,Aquatic Specialist,9999,0,1,0,0,-0.8325034691045629
Marinobacter litoralis,-0.7614664825893542,Mostly Aquatic,9999,0,1,0,0,-0.7614664825893542
Phaeobacter italicus,-0.8850644735506144,Aquatic Specialist,9999,0,1,0,0,-0.8850644735506144
Mesorhizobium camelthorni,0.7096498719043554,Mostly Terrestrial,9999,1,0,0,0,0.7096498719043554
Pseudovibrio denitrificans,-0.930067279446603,Aquatic Specialist,9999,0,1,0,0,-0.930067279446603
Granulicella tundricola,0.7438702032631483,Mostly Terrestrial,9999,1,0,0,0,0.7438702032631483
Cellulosimicrobium cellulans,0.8032713421465382,Terrestrial Specialist,9999,1,0,0,0,0.8032713421465382
Cellulosimicrobium funkei,0.8032713421465382,Terrestrial Specialist,9999,1,0,0,0,0.8032713421465382
Acinetobacter nectaris,0.142551238910982,Mostly Terrestrial,9999,1,0,0,0,0.142551238910982
Cellulosimicrobium aquatile,0.8032713421465382,Terrestrial Specialist,9999,1,0,0,0,0.8032713421465382
Actinomyces gaoshouyii,0.9197896120973045,Terrestrial Specialist,9999,1,0,0,0,0.9197896120973045
Pseudomonas palleroniana,0.4896456511734929,Mostly Terrestrial,9999,1,0,0,0,0.4896456511734929
Pseudomonas trivialis,0.4896456511734929,Mostly Terrestrial,9999,1,0,0,0,0.4896456511734929
Pseudomonas poae,0.4896456511734929,Mostly Terrestrial,9999,1,0,0,0,0.4896456511734929
Pseudomonas nabeulensis,0.4896456511734929,Mostly Terrestrial,9999,1,0,0,0,0.4896456511734929
Pseudomonas lurida,0.4896456511734929,Mostly Terrestrial,9999,1,0,0,0,0.4896456511734929
Pseudomonas kitaguniensis,0.4896456511734929,Mostly Terrestrial,9999,1,0,0,0,0.4896456511734929
Pseudomonas marginalis,0.4896456511734929,Mostly Terrestrial,9999,1,0,0,0,0.4896456511734929
Pseudomonas extremaustralis,0.4896456511734929,Mostly Terrestrial,9999,1,0,0,0,0.4896456511734929
Pseudomonas orientalis,0.4896456511734929,Mostly Terrestrial,9999,1,0,0,0,0.4896456511734929
Pseudomonas rhodesiae,0.4896456511734929,Mostly Terrestrial,9999,1,0,0,0,0.4896456511734929
Pseudomonas veronii,0.4896456511734929,Mostly Terrestrial,9999,1,0,0,0,0.4896456511734929
Pseudomonas grimontii,0.4896456511734929,Mostly Terrestrial,9999,1,0,0,0,0.4896456511734929
Pseudomonas costantinii,0.4896456511734929,Mostly Terrestrial,9999,1,0,0,0,0.4896456511734929
Pseudomonas antarctica,0.4896456511734929,Mostly Terrestrial,9999,1,0,0,0,0.4896456511734929
Pseudomonas kairouanensis,0.4896456511734929,Mostly Terrestrial,9999,1,0,0,0,0.4896456511734929
Pseudomonas allii,0.4896456511734929,Mostly Terrestrial,9999,1,0,0,0,0.4896456511734929
Pseudomonas simiae,0.4896456511734929,Mostly Terrestrial,9999,1,0,0,0,0.4896456511734929
Streptomyces cinerochromogenes,0.8689480116574222,Terrestrial Specialist,9999,1,0,0,0,0.8689480116574222
Pseudomonas extremorientalis,0.4896456511734929,Mostly Terrestrial,9999,1,0,0,0,0.4896456511734929
Paenibacillus terrae,0.7955097677130917,Mostly Terrestrial,9999,1,0,0,0,0.7955097677130917
Paenibacillus maysiensis,0.7955097677130917,Mostly Terrestrial,9999,1,0,0,0,0.7955097677130917
Corynebacterium faecale,0.31075589271200216,Mostly Terrestrial,9999,1,0,0,0,0.31075589271200216
Hydrogenoanaerobacterium saccharovorans,0.5491431082466676,Mostly Terrestrial,9999,1,0,0,0,0.5491431082466676
Streptomyces humi,0.9317073170731707,Terrestrial Specialist,9999,1,0,0,0,0.9317073170731707
Streptomyces tendae,0.5262690980778708,Mostly Terrestrial,9999,1,0,0,0,0.5262690980778708
Streptomyces aurantiogriseus,0.5262690980778708,Mostly Terrestrial,9999,1,0,0,0,0.5262690980778708
Streptomyces violaceoruber,0.5262690980778708,Mostly Terrestrial,9999,1,0,0,0,0.5262690980778708
Streptomyces chattanoogensis,0.5262690980778708,Mostly Terrestrial,9999,1,0,0,0,0.5262690980778708
Streptomyces rubrogriseus,0.5262690980778708,Mostly Terrestrial,9999,1,0,0,0,0.5262690980778708
Streptomyces anthocyanicus,0.5262690980778708,Mostly Terrestrial,9999,1,0,0,0,0.5262690980778708
Streptomyces violaceorubidus,0.5262690980778708,Mostly Terrestrial,9999,1,0,0,0,0.5262690980778708
Streptomyces viridodiastaticus,1,Terrestrial Specialist,9999,1,0,0,0,1
Streptomyces lienomycini,0.5262690980778708,Mostly Terrestrial,9999,1,0,0,0,0.5262690980778708
Streptomyces albogriseolus,0.5262690980778708,Mostly Terrestrial,9999,1,0,0,0,0.5262690980778708
Streptomyces tricolor,0.8268215417106652,Terrestrial Specialist,9999,1,0,0,0,0.8268215417106652
Simonsiella muelleri,0.8230852211434735,Terrestrial Specialist,9999,1,0,0,0,0.8230852211434735
Weissella viridescens,0.5172697368421052,Mostly Terrestrial,9999,1,0,0,0,0.5172697368421052
Gordonia sputi,0.05726439790575922,Generalist,9999,1,0,0,0,0.05726439790575922
Gordonia jacobaea,0.05726439790575922,Generalist,9999,1,0,0,0,0.05726439790575922
Gordonia otitidis,0.05726439790575922,Generalist,9999,1,0,0,0,0.05726439790575922
Aeriscardovia aeriphila,0.8133710361543124,Terrestrial Specialist,9999,1,0,0,0,0.8133710361543124
Prosthecobacter debontii,-0.09943714821763601,Generalist,9999,0,1,0,0,-0.09943714821763601
Anaerovibrio lipolyticus,0.8714728911212882,Terrestrial Specialist,9999,1,0,0,0,0.8714728911212882
Rhodoluna lacicola,-0.8056218057921636,Aquatic Specialist,9999,0,1,0,0,-0.8056218057921636
Alloprevotella tannerae,0.9229287090558767,Terrestrial Specialist,9999,1,0,0,0,0.9229287090558767
Actinocatenispora thailandica,0.810088331008833,Terrestrial Specialist,9999,1,0,0,0,0.810088331008833
Actinocatenispora sera,0.810088331008833,Terrestrial Specialist,9999,1,0,0,0,0.810088331008833
Ramlibacter tataouinensis,0.6729442476225994,Mostly Terrestrial,9999,1,0,0,0,0.6729442476225994
Wohlfahrtiimonas populi,0.23482492902528057,Mostly Terrestrial,9999,1,0,0,0,0.23482492902528057
Actinomyces radicidentis,0.8294072948328267,Terrestrial Specialist,9999,1,0,0,0,0.8294072948328267
Clostridium tepidum,0.5961302629786074,Mostly Terrestrial,9999,1,0,0,0,0.5961302629786074
Lentimicrobium saccharophilum,-0.5350324837581208,Mostly Aquatic,9999,0,1,0,0,-0.5350324837581208
Pseudoxanthomonas yeongjuensis,0.3452119883040936,Mostly Terrestrial,9999,1,0,0,0,0.3452119883040936
Pseudoxanthomonas sacheonensis,0.3452119883040936,Mostly Terrestrial,9999,1,0,0,0,0.3452119883040936
Fluviicola taffensis,-0.45196769204330645,Mostly Aquatic,9999,0,1,0,0,-0.45196769204330645
Arthrobacter pascens,0.9129129129129129,Terrestrial Specialist,9999,1,0,0,0,0.9129129129129129
Micrococcus cohnii,0.7280431432973805,Mostly Terrestrial,9999,1,0,0,0,0.7280431432973805
Leuconostoc carnosum,0.4357043788389142,Mostly Terrestrial,9999,1,0,0,0,0.4357043788389142
Sediminivirga luteola,0.6081407381855812,Mostly Terrestrial,9999,1,0,0,0,0.6081407381855812
Porphyromonas crevioricanis,0.9292010633832377,Terrestrial Specialist,9999,1,0,0,0,0.9292010633832377
Aureimonas ureilytica,0.699843816555445,Mostly Terrestrial,9999,1,0,0,0,0.699843816555445
Desulfomonile tiedjei,-0.19409067753438608,Mostly Aquatic,9999,0,1,0,0,-0.19409067753438608
Aerococcus urinae,0.7939290294997863,Mostly Terrestrial,9999,1,0,0,0,0.7939290294997863
Photobacterium phosphoreum,-0.7364510056474785,Mostly Aquatic,9999,0,1,0,0,-0.7364510056474785
Photobacterium toruni,-0.7364510056474785,Mostly Aquatic,9999,0,1,0,0,-0.7364510056474785
Photobacterium iliopiscarium,-0.7364510056474785,Mostly Aquatic,9999,0,1,0,0,-0.7364510056474785
Photobacterium kishitanii,-0.7364510056474785,Mostly Aquatic,9999,0,1,0,0,-0.7364510056474785
Photobacterium piscicola,-0.7364510056474785,Mostly Aquatic,9999,0,1,0,0,-0.7364510056474785
Demequina oxidasica,0.10619079092311082,Mostly Terrestrial,9999,1,0,0,0,0.10619079092311082
Demequina aurantiaca,0.10619079092311082,Mostly Terrestrial,9999,1,0,0,0,0.10619079092311082
Oceanobacillus iheyensis,0.6976361589748029,Mostly Terrestrial,9999,1,0,0,0,0.6976361589748029
Oceanobacillus kimchii,0.6976361589748029,Mostly Terrestrial,9999,1,0,0,0,0.6976361589748029
Bergeyella cardium,0.7573943661971831,Mostly Terrestrial,9999,1,0,0,0,0.7573943661971831
Ruegeria atlantica,-0.9601353339217416,Aquatic Specialist,9999,0,1,0,0,-0.9601353339217416
Ruegeria denitrificans,-0.9601353339217416,Aquatic Specialist,9999,0,1,0,0,-0.9601353339217416
Aggregicoccus edonensis,0.8300497943277767,Terrestrial Specialist,9999,1,0,0,0,0.8300497943277767
Chitinimonas prasina,-0.23441184793887376,Mostly Aquatic,9999,0,1,0,0,-0.23441184793887376
Chitinimonas viridis,-0.23441184793887376,Mostly Aquatic,9999,0,1,0,0,-0.23441184793887376
Symbiobacterium terraclitae,0.7594447198810115,Mostly Terrestrial,9999,1,0,0,0,0.7594447198810115
Liquorilactobacillus nagelii,0.21639131843213472,Mostly Terrestrial,9999,1,0,0,0,0.21639131843213472
Flavisolibacter tropicus,0.6187328864129922,Mostly Terrestrial,9999,1,0,0,0,0.6187328864129922
Anaerobiospirillum thomasii,0.8586878154289834,Terrestrial Specialist,9999,1,0,0,0,0.8586878154289834
Francisella hispaniensis,-0.4310669975186105,Mostly Aquatic,9999,0,1,0,0,-0.4310669975186105
Herbaspirillum rubrisubalbicans,0.42774774774774776,Mostly Terrestrial,9999,1,0,0,0,0.42774774774774776
Herbaspirillum seropedicae,0.42774774774774776,Mostly Terrestrial,9999,1,0,0,0,0.42774774774774776
Paracoccus versutus,-0.20477192982456144,Mostly Aquatic,9999,0,1,0,0,-0.20477192982456144
Paracoccus pantotrophus,-0.20477192982456144,Mostly Aquatic,9999,0,1,0,0,-0.20477192982456144
Caldalkalibacillus thermarum,0.3441196464989803,Mostly Terrestrial,9999,1,0,0,0,0.3441196464989803
Rhizobacter fulvus,0.10637042862760519,Mostly Terrestrial,9999,1,0,0,0,0.10637042862760519
Bermanella marisrubri,-0.8507637092062432,Aquatic Specialist,9999,0,1,0,0,-0.8507637092062432
Vibrio campbellii,-0.77296278850683,Mostly Aquatic,9999,0,1,0,0,-0.77296278850683
Vibrio rotiferianus,-0.77296278850683,Mostly Aquatic,9999,0,1,0,0,-0.77296278850683
Vibrio natriegens,-0.77296278850683,Mostly Aquatic,9999,0,1,0,0,-0.77296278850683
Vibrio alginolyticus,-0.77296278850683,Mostly Aquatic,9999,0,1,0,0,-0.77296278850683
Vibrio pelagius,-0.77296278850683,Mostly Aquatic,9999,0,1,0,0,-0.77296278850683
Vibrio chemaguriensis,-0.77296278850683,Mostly Aquatic,9999,0,1,0,0,-0.77296278850683
Halioglobus japonicus,-0.9444204285802508,Aquatic Specialist,9999,0,1,0,0,-0.9444204285802508
Avibacterium paragallinarum,0.8783843763870394,Terrestrial Specialist,9999,1,0,0,0,0.8783843763870394
Cloacibacillus porcorum,0.568839427662957,Mostly Terrestrial,9999,1,0,0,0,0.568839427662957
Bradyrhizobium stylosanthis,0.6006471875892262,Mostly Terrestrial,9999,1,0,0,0,0.6006471875892262
Bradyrhizobium cajani,0.44206890112967984,Mostly Terrestrial,9999,1,0,0,0,0.44206890112967984
Bradyrhizobium iriomotense,0.6006471875892262,Mostly Terrestrial,9999,1,0,0,0,0.6006471875892262
Bradyrhizobium arachidis,0.6006471875892262,Mostly Terrestrial,9999,1,0,0,0,0.6006471875892262
Bradyrhizobium huanghuaihaiense,0.6006471875892262,Mostly Terrestrial,9999,1,0,0,0,0.6006471875892262
Coraliomargarita akajimensis,-0.7939869668246445,Mostly Aquatic,9999,0,1,0,0,-0.7939869668246445
Leadbetterella byssophila,-0.09536965410542603,Generalist,9999,0,1,0,0,-0.09536965410542603
Salaquimonas pukyongi,-0.3966194297421889,Mostly Aquatic,9999,0,1,0,0,-0.3966194297421889
Kosakonia oryzae,0.49404324165318436,Mostly Terrestrial,9999,1,0,0,0,0.49404324165318436
Blautia producta,0.8160768894713849,Terrestrial Specialist,9999,1,0,0,0,0.8160768894713849
Blautia coccoides,0.8160768894713849,Terrestrial Specialist,9999,1,0,0,0,0.8160768894713849
Ezakiella peruensis,0.881082933516107,Terrestrial Specialist,9999,1,0,0,0,0.881082933516107
Myroides odoratus,0.020225834470778043,Generalist,9999,1,0,0,0,0.020225834470778043
Methylobacillus caricis,0.3642519483837997,Mostly Terrestrial,9999,1,0,0,0,0.3642519483837997
Methylobacillus gramineus,0.3642519483837997,Mostly Terrestrial,9999,1,0,0,0,0.3642519483837997
Methylobacillus glycogenes,0.3642519483837997,Mostly Terrestrial,9999,1,0,0,0,0.3642519483837997
Marinagarivorans algicola,-0.8971814485562676,Aquatic Specialist,9999,0,1,0,0,-0.8971814485562676
Sphingobacterium multivorum,0.41403785488958994,Mostly Terrestrial,9999,1,0,0,0,0.41403785488958994
Paenibacillus xylanexedens,0.8637358265367019,Terrestrial Specialist,9999,1,0,0,0,0.8637358265367019
Paenibacillus tundrae,0.8637358265367019,Terrestrial Specialist,9999,1,0,0,0,0.8637358265367019
Paenibacillus tylopili,0.8637358265367019,Terrestrial Specialist,9999,1,0,0,0,0.8637358265367019
Paradevosia shaoguanensis,0.312128549416685,Mostly Terrestrial,9999,1,0,0,0,0.312128549416685
Youhaiella tibetensis,0.312128549416685,Mostly Terrestrial,9999,1,0,0,0,0.312128549416685
Burkholderia stagnalis,0.6683362664139704,Mostly Terrestrial,9999,1,0,0,0,0.6683362664139704
Burkholderia territorii,0.6683362664139704,Mostly Terrestrial,9999,1,0,0,0,0.6683362664139704
Burkholderia ambifaria,0.6683362664139704,Mostly Terrestrial,9999,1,0,0,0,0.6683362664139704
Burkholderia anthina,0.6683362664139704,Mostly Terrestrial,9999,1,0,0,0,0.6683362664139704
Burkholderia puraquae,0.6683362664139704,Mostly Terrestrial,9999,1,0,0,0,0.6683362664139704
Burkholderia cepacia,0.6683362664139704,Mostly Terrestrial,9999,1,0,0,0,0.6683362664139704
Burkholderia contaminans,0.6683362664139704,Mostly Terrestrial,9999,1,0,0,0,0.6683362664139704
Burkholderia metallica,0.6683362664139704,Mostly Terrestrial,9999,1,0,0,0,0.6683362664139704
Burkholderia seminalis,0.6683362664139704,Mostly Terrestrial,9999,1,0,0,0,0.6683362664139704
Burkholderia vietnamiensis,0.6683362664139704,Mostly Terrestrial,9999,1,0,0,0,0.6683362664139704
Burkholderia stabilis,0.6683362664139704,Mostly Terrestrial,9999,1,0,0,0,0.6683362664139704
Burkholderia paludis,0.6683362664139704,Mostly Terrestrial,9999,1,0,0,0,0.6683362664139704
Burkholderia diffusa,0.6683362664139704,Mostly Terrestrial,9999,1,0,0,0,0.6683362664139704
Burkholderia arboris,0.6683362664139704,Mostly Terrestrial,9999,1,0,0,0,0.6683362664139704
Collinsella tanakaei,0.788830419283653,Mostly Terrestrial,9999,1,0,0,0,0.788830419283653
Virgibacillus halodenitrificans,0.6443101243752181,Mostly Terrestrial,9999,1,0,0,0,0.6443101243752181
Brevibacillus borstelensis,0.7010900101134959,Mostly Terrestrial,9999,1,0,0,0,0.7010900101134959
Rhodococcus globerulus,0.2642328312484044,Mostly Terrestrial,9999,1,0,0,0,0.2642328312484044
Furfurilactobacillus rossiae,0.5459963721171288,Mostly Terrestrial,9999,1,0,0,0,0.5459963721171288
Campylobacter sputorum,0.5946176847501067,Mostly Terrestrial,9999,1,0,0,0,0.5946176847501067
Campylobacter mucosalis,0.9517874713020663,Terrestrial Specialist,9999,1,0,0,0,0.9517874713020663
Gluconobacter kondonii,0.642361111111111,Mostly Terrestrial,9999,1,0,0,0,0.642361111111111
Gluconobacter albidus,0.642361111111111,Mostly Terrestrial,9999,1,0,0,0,0.642361111111111
Gluconobacter vitians,0.642361111111111,Mostly Terrestrial,9999,1,0,0,0,0.642361111111111
Gluconobacter roseus,0.642361111111111,Mostly Terrestrial,9999,1,0,0,0,0.642361111111111
Gluconobacter cerevisiae,0.642361111111111,Mostly Terrestrial,9999,1,0,0,0,0.642361111111111
Gluconobacter cadivus,0.642361111111111,Mostly Terrestrial,9999,1,0,0,0,0.642361111111111
Gluconobacter oxydans,0.642361111111111,Mostly Terrestrial,9999,1,0,0,0,0.642361111111111
Gluconobacter kanchanaburiensis,0.642361111111111,Mostly Terrestrial,9999,1,0,0,0,0.642361111111111
Deinococcus radiodurans,0.3996316758747698,Mostly Terrestrial,9999,1,0,0,0,0.3996316758747698
Frisingicoccus caecimuris,0.8985084861992113,Terrestrial Specialist,9999,1,0,0,0,0.8985084861992113
Bacillus bingmayongensis,0.7692903797188088,Mostly Terrestrial,9999,1,0,0,0,0.7692903797188088
Bacillus cereus,0.7692903797188088,Mostly Terrestrial,9999,1,0,0,0,0.7692903797188088
Bacillus mycoides,0.7692903797188088,Mostly Terrestrial,9999,1,0,0,0,0.7692903797188088
Bacillus thuringiensis,0.7692903797188088,Mostly Terrestrial,9999,1,0,0,0,0.7692903797188088
Bacillus mobilis,0.7692903797188088,Mostly Terrestrial,9999,1,0,0,0,0.7692903797188088
Bacillus luti,0.7692903797188088,Mostly Terrestrial,9999,1,0,0,0,0.7692903797188088
Bacillus pseudomycoides,0.7692903797188088,Mostly Terrestrial,9999,1,0,0,0,0.7692903797188088
Bacillus nitratireducens,0.7692903797188088,Mostly Terrestrial,9999,1,0,0,0,0.7692903797188088
Bacillus paranthracis,0.7692903797188088,Mostly Terrestrial,9999,1,0,0,0,0.7692903797188088
Bacillus paramycoides,0.7692903797188088,Mostly Terrestrial,9999,1,0,0,0,0.7692903797188088
Bacillus wiedmannii,0.7692903797188088,Mostly Terrestrial,9999,1,0,0,0,0.7692903797188088
Bacillus anthracis,0.7692903797188088,Mostly Terrestrial,9999,1,0,0,0,0.7692903797188088
Bacillus pacificus,0.7692903797188088,Mostly Terrestrial,9999,1,0,0,0,0.7692903797188088
Bacillus fungorum,0.7692903797188088,Mostly Terrestrial,9999,1,0,0,0,0.7692903797188088
Helicobacter japonicus,0.8146513680494263,Terrestrial Specialist,9999,1,0,0,0,0.8146513680494263
Bacillus proteolyticus,0.7692903797188088,Mostly Terrestrial,9999,1,0,0,0,0.7692903797188088
Leptospira vanthielii,-0.5251638930912759,Mostly Aquatic,9999,0,1,0,0,-0.5251638930912759
Leptospira meyeri,-0.5251638930912759,Mostly Aquatic,9999,0,1,0,0,-0.5251638930912759
Leptospira yanagawae,-0.5251638930912759,Mostly Aquatic,9999,0,1,0,0,-0.5251638930912759
Leptospira ellinghausenii,-0.5251638930912759,Mostly Aquatic,9999,0,1,0,0,-0.5251638930912759
Oligella ureolytica,0.24197901049475262,Mostly Terrestrial,9999,1,0,0,0,0.24197901049475262
Rhodopseudomonas pseudopalustris,0.07078651685393256,Generalist,9999,1,0,0,0,0.07078651685393256
Loktanella salsilacus,-0.7987211161168435,Mostly Aquatic,9999,0,1,0,0,-0.7987211161168435
Aquitalea pelogenes,-0.23493128449302017,Mostly Aquatic,9999,0,1,0,0,-0.23493128449302017
Methyloligella halotolerans,-0.1565830182193194,Mostly Aquatic,9999,0,1,0,0,-0.1565830182193194
Natranaerobius thermophilus,0.7708999158957106,Mostly Terrestrial,9999,1,0,0,0,0.7708999158957106
Mycolicibacterium chubuense,0.13174536256323777,Mostly Terrestrial,9999,1,0,0,0,0.13174536256323777
Mycolicibacterium chlorophenolicum,0.13174536256323777,Mostly Terrestrial,9999,1,0,0,0,0.13174536256323777
Prosthecomicrobium hirschii,-0.6898697258409489,Mostly Aquatic,9999,0,1,0,0,-0.6898697258409489
Alcaligenes aquatilis,0.19675860108046633,Mostly Terrestrial,9999,1,0,0,0,0.19675860108046633
Tepidanaerobacter acetatoxydans,0.2786259541984733,Mostly Terrestrial,9999,1,0,0,0,0.2786259541984733
Carnobacterium mobile,0.3505063848524879,Mostly Terrestrial,9999,1,0,0,0,0.3505063848524879
Sphingobacterium nematocida,0.42180094786729855,Mostly Terrestrial,9999,1,0,0,0,0.42180094786729855
Shewanella japonica,-0.6542841937200639,Mostly Aquatic,9999,0,1,0,0,-0.6542841937200639
Marinomonas aquiplantarum,-0.877371376536652,Aquatic Specialist,9999,0,1,0,0,-0.877371376536652
Shewanella algae,0.355137481910275,Mostly Terrestrial,9999,1,0,0,0,0.355137481910275
Paraburkholderia tropica,0.5856028794241153,Mostly Terrestrial,9999,1,0,0,0,0.5856028794241153
Rhodomicrobium vannielii,0.2639848694260566,Mostly Terrestrial,9999,1,0,0,0,0.2639848694260566
Rhodomicrobium lacus,0.2639848694260566,Mostly Terrestrial,9999,1,0,0,0,0.2639848694260566
Rhodomicrobium udaipurense,0.2639848694260566,Mostly Terrestrial,9999,1,0,0,0,0.2639848694260566
Thermostaphylospora chromogena,0.867577958137548,Terrestrial Specialist,9999,1,0,0,0,0.867577958137548
Flavobacterium akiainvivens,0.12584378013500486,Mostly Terrestrial,9999,1,0,0,0,0.12584378013500486
Peptoanaerobacter stomatis,0.9205020920502094,Terrestrial Specialist,9999,1,0,0,0,0.9205020920502094
Erythrobacter colymbi,-0.18947890818858565,Mostly Aquatic,9999,0,1,0,0,-0.18947890818858565
Phenylobacterium hankyongense,0.8478162989644303,Terrestrial Specialist,9999,1,0,0,0,0.8478162989644303
Kocuria marina,0.8013340544438435,Terrestrial Specialist,9999,1,0,0,0,0.8013340544438435
Jeotgalibaca dankookensis,0.4470568045306333,Mostly Terrestrial,9999,1,0,0,0,0.4470568045306333
Microvirgula aerodenitrificans,-0.27324651587845555,Mostly Aquatic,9999,0,1,0,0,-0.27324651587845555
Olsenella profusa,0.7627329192546585,Mostly Terrestrial,9999,1,0,0,0,0.7627329192546585
Undibacterium macrobrachii,-0.804450674610128,Aquatic Specialist,9999,0,1,0,0,-0.804450674610128
Megamonas hypermegale,0.6638459293843011,Mostly Terrestrial,9999,1,0,0,0,0.6638459293843011
Staphylococcus equorum,0.793151642208246,Mostly Terrestrial,9999,1,0,0,0,0.793151642208246
Parachlamydia acanthamoebae,0.010031004924311521,Generalist,9999,1,0,0,0,0.010031004924311521
Mameliella alba,-0.8423575359488727,Aquatic Specialist,9999,0,1,0,0,-0.8423575359488727
Lichenibacterium ramalinae,0.5636670280689074,Mostly Terrestrial,9999,1,0,0,0,0.5636670280689074
Mycetocola manganoxydans,0.5599644655019247,Mostly Terrestrial,9999,1,0,0,0,0.5599644655019247
Mycetocola miduiensis,0.5599644655019247,Mostly Terrestrial,9999,1,0,0,0,0.5599644655019247
Galbibacter marinus,0.6063899436951683,Mostly Terrestrial,9999,1,0,0,0,0.6063899436951683
Mycoavidus cysteinexigens,0.9113436123348018,Terrestrial Specialist,9999,1,0,0,0,0.9113436123348018
Campylobacter coli,0.7927306616961789,Mostly Terrestrial,9999,1,0,0,0,0.7927306616961789
Aureitalea marina,-0.9148550724637682,Aquatic Specialist,9999,0,1,0,0,-0.9148550724637682
Planifilum fimeticola,0.6913337699192316,Mostly Terrestrial,9999,1,0,0,0,0.6913337699192316
Undibacterium oligocarboniphilum,0.056577415599534414,Generalist,9999,1,0,0,0,0.056577415599534414
Kiloniella spongiae,-0.5359116022099447,Mostly Aquatic,9999,0,1,0,0,-0.5359116022099447
Kiloniella majae,-0.5359116022099447,Mostly Aquatic,9999,0,1,0,0,-0.5359116022099447
Salinivirga cyanobacteriivorans,-0.5001237317495669,Mostly Aquatic,9999,0,1,0,0,-0.5001237317495669
Companilactobacillus nuruki,0.5186539868324799,Mostly Terrestrial,9999,1,0,0,0,0.5186539868324799
Companilactobacillus nantensis,0.5186539868324799,Mostly Terrestrial,9999,1,0,0,0,0.5186539868324799
Companilactobacillus crustorum,0.5186539868324799,Mostly Terrestrial,9999,1,0,0,0,0.5186539868324799
Companilactobacillus musae,0.5186539868324799,Mostly Terrestrial,9999,1,0,0,0,0.5186539868324799
Companilactobacillus heilongjiangensis,0.5186539868324799,Mostly Terrestrial,9999,1,0,0,0,0.5186539868324799
Rhodococcus maanshanensis,0.8112570356472795,Terrestrial Specialist,9999,1,0,0,0,0.8112570356472795
Steroidobacter denitrificans,0.5375033365957826,Mostly Terrestrial,9999,1,0,0,0,0.5375033365957826
Microbacterium laevaniformans,0.26824119276949465,Mostly Terrestrial,9999,1,0,0,0,0.26824119276949465
Mycoplasma leachii,0.8902768834513843,Terrestrial Specialist,9999,1,0,0,0,0.8902768834513843
Lactobacillus kefiranofaciens,0.8584070796460176,Terrestrial Specialist,9999,1,0,0,0,0.8584070796460176
Aliarcobacter cryaerophilus,-0.835221816785097,Aquatic Specialist,9999,0,1,0,0,-0.835221816785097
Bacillus smithii,0.6141642340398528,Mostly Terrestrial,9999,1,0,0,0,0.6141642340398528
Nesterenkonia lacusekhoensis,0.5611780984384266,Mostly Terrestrial,9999,1,0,0,0,0.5611780984384266
Castellaniella defragrans,0.2104351591253518,Mostly Terrestrial,9999,1,0,0,0,0.2104351591253518
Acidiphilium multivorum,0.05174305731408792,Generalist,9999,1,0,0,0,0.05174305731408792
Neisseria shayeganii,0.7334319526627219,Mostly Terrestrial,9999,1,0,0,0,0.7334319526627219
Thiospirochaeta perfilievii,-0.9268212573080209,Aquatic Specialist,9999,0,1,0,0,-0.9268212573080209
Spirochaeta aurantia,-0.00994395226902912,Generalist,9999,0,1,0,0,-0.00994395226902912
Exiguobacterium aurantiacum,-0.11117349803481189,Mostly Aquatic,9999,0,1,0,0,-0.11117349803481189
Desulfurispirillum indicum,0.5782710280373831,Mostly Terrestrial,9999,1,0,0,0,0.5782710280373831
Viridibacillus arvi,0.6050308914386585,Mostly Terrestrial,9999,1,0,0,0,0.6050308914386585
Viridibacillus arenosi,0.6050308914386585,Mostly Terrestrial,9999,1,0,0,0,0.6050308914386585
Terrabacter tumescens,0.7462755621356529,Mostly Terrestrial,9999,1,0,0,0,0.7462755621356529
Terrabacter aerolatus,0.7462755621356529,Mostly Terrestrial,9999,1,0,0,0,0.7462755621356529
Lentilactobacillus parakefiri,0.5762615762615763,Mostly Terrestrial,9999,1,0,0,0,0.5762615762615763
Sphingobium subterraneum,0.15974729241877253,Mostly Terrestrial,9999,1,0,0,0,0.15974729241877253
Novosphingobium subterraneum,-0.29202763460905795,Mostly Aquatic,9999,0,1,0,0,-0.29202763460905795
Francisella salimarina,-0.9039434583567584,Aquatic Specialist,9999,0,1,0,0,-0.9039434583567584
Sphingomonas hylomeconis,0.6096938775510204,Mostly Terrestrial,9999,1,0,0,0,0.6096938775510204
Peptoniphilus senegalensis,0.959123610202747,Terrestrial Specialist,9999,1,0,0,0,0.959123610202747
Winogradskyella aurantiaca,-0.9506317096326591,Aquatic Specialist,9999,0,1,0,0,-0.9506317096326591
Bauldia litoralis,-0.20853261909317006,Mostly Aquatic,9999,0,1,0,0,-0.20853261909317006
Roseomonas rosea,0.2769929364278507,Mostly Terrestrial,9999,1,0,0,0,0.2769929364278507
Aliivibrio logei,-0.37657271042621665,Mostly Aquatic,9999,0,1,0,0,-0.37657271042621665
Rosistilla oblonga,-0.893060470841668,Aquatic Specialist,9999,0,1,0,0,-0.893060470841668
Myroides guanonis,0.3020304568527919,Mostly Terrestrial,9999,1,0,0,0,0.3020304568527919
Marinilabilia salmonicolor,0.5906058179877234,Mostly Terrestrial,9999,1,0,0,0,0.5906058179877234
Anaeromicrobium sediminis,-0.8378902804727465,Aquatic Specialist,9999,0,1,0,0,-0.8378902804727465
Corynebacterium casei,0.575357889657391,Mostly Terrestrial,9999,1,0,0,0,0.575357889657391
Roseivivax lentus,-0.7816819317235637,Mostly Aquatic,9999,0,1,0,0,-0.7816819317235637
Methylophilus methylotrophus,0.016224188790560465,Generalist,9999,1,0,0,0,0.016224188790560465
Mesorhizobium muleiense,0.7611087600507828,Mostly Terrestrial,9999,1,0,0,0,0.7611087600507828
Mycolicibacterium sediminis,0.6398343237889429,Mostly Terrestrial,9999,1,0,0,0,0.6398343237889429
Rhizobium wenxiniae,0.7611087600507828,Mostly Terrestrial,9999,1,0,0,0,0.7611087600507828
Mesorhizobium helmanticense,0.7611087600507828,Mostly Terrestrial,9999,1,0,0,0,0.7611087600507828
Mesorhizobium tamadayense,0.7611087600507828,Mostly Terrestrial,9999,1,0,0,0,0.7611087600507828
Mesorhizobium caraganae,0.7611087600507828,Mostly Terrestrial,9999,1,0,0,0,0.7611087600507828
Rhizobium metallidurans,0.6723462800296327,Mostly Terrestrial,9999,1,0,0,0,0.6723462800296327
Mesorhizobium delmotii,0.7611087600507828,Mostly Terrestrial,9999,1,0,0,0,0.7611087600507828
Mesorhizobium prunaredense,0.7611087600507828,Mostly Terrestrial,9999,1,0,0,0,0.7611087600507828
Mesorhizobium wenxiniae,0.7611087600507828,Mostly Terrestrial,9999,1,0,0,0,0.7611087600507828
Mesorhizobium mediterraneum,0.7611087600507828,Mostly Terrestrial,9999,1,0,0,0,0.7611087600507828
Mesorhizobium olivaresii,0.5924647401124372,Mostly Terrestrial,9999,1,0,0,0,0.5924647401124372
Mesorhizobium metallidurans,0.7611087600507828,Mostly Terrestrial,9999,1,0,0,0,0.7611087600507828
Mesorhizobium tarimense,0.7611087600507828,Mostly Terrestrial,9999,1,0,0,0,0.7611087600507828
Kroppenstedtia eburnea,0.7781908302354399,Mostly Terrestrial,9999,1,0,0,0,0.7781908302354399
Massilibacteroides vaginae,0.611514456757101,Mostly Terrestrial,9999,1,0,0,0,0.611514456757101
Novosphingobium fuchskuhlense,-0.8223294141292332,Aquatic Specialist,9999,0,1,0,0,-0.8223294141292332
Gimesia maris,-0.44444444444444453,Mostly Aquatic,9999,0,1,0,0,-0.44444444444444453
Gimesia algae,-0.44444444444444453,Mostly Aquatic,9999,0,1,0,0,-0.44444444444444453
Gimesia alba,-0.44444444444444453,Mostly Aquatic,9999,0,1,0,0,-0.44444444444444453
Agrobacterium cavarae,0.7497201701365568,Mostly Terrestrial,9999,1,0,0,0,0.7497201701365568
Seohaeicola saemankumensis,-0.7654167701349226,Mostly Aquatic,9999,0,1,0,0,-0.7654167701349226
Paenibacillus kyungheensis,0.6719218241042344,Mostly Terrestrial,9999,1,0,0,0,0.6719218241042344
Compostibacillus humi,0.8662916486369535,Terrestrial Specialist,9999,1,0,0,0,0.8662916486369535
Zhongshania aliphaticivorans,-0.9127382146439318,Aquatic Specialist,9999,0,1,0,0,-0.9127382146439318
Zhongshania antarctica,-0.9127382146439318,Aquatic Specialist,9999,0,1,0,0,-0.9127382146439318
Streptomyces caniferus,0.9290662806328196,Terrestrial Specialist,9999,1,0,0,0,0.9290662806328196
Streptomyces humidus,0.9290662806328196,Terrestrial Specialist,9999,1,0,0,0,0.9290662806328196
Lapidilactobacillus dextrinicus,0.4982119329945418,Mostly Terrestrial,9999,1,0,0,0,0.4982119329945418
Lapidilactobacillus bayanensis,0.4982119329945418,Mostly Terrestrial,9999,1,0,0,0,0.4982119329945418
Streptococcus pluranimalium,0.934720908230842,Terrestrial Specialist,9999,1,0,0,0,0.934720908230842
Halomonas utahensis,-0.6599795987759266,Mostly Aquatic,9999,0,1,0,0,-0.6599795987759266
Halomonas sedimenti,-0.6682612999010228,Mostly Aquatic,9999,0,1,0,0,-0.6682612999010228
Agromyces humatus,0.90814888502031,Terrestrial Specialist,9999,1,0,0,0,0.90814888502031
Rickettsia fournieri,0.25316455696202533,Mostly Terrestrial,9999,1,0,0,0,0.25316455696202533
Rickettsia hoogstraalii,0.25316455696202533,Mostly Terrestrial,9999,1,0,0,0,0.25316455696202533
Rickettsia rickettsii,0.25316455696202533,Mostly Terrestrial,9999,1,0,0,0,0.25316455696202533
Rickettsia conorii,0.25316455696202533,Mostly Terrestrial,9999,1,0,0,0,0.25316455696202533
Rickettsia japonica,0.25316455696202533,Mostly Terrestrial,9999,1,0,0,0,0.25316455696202533
Rickettsia montanensis,0.25316455696202533,Mostly Terrestrial,9999,1,0,0,0,0.25316455696202533
Sporosarcina pasteurii,0.6802755805052308,Mostly Terrestrial,9999,1,0,0,0,0.6802755805052308
Salinibius halmophilus,-0.9242217269393916,Aquatic Specialist,9999,0,1,0,0,-0.9242217269393916
Rubricoccus marinus,-0.88119295958279,Aquatic Specialist,9999,0,1,0,0,-0.88119295958279
Actinomyces polynesiensis,0.8097125867195243,Terrestrial Specialist,9999,1,0,0,0,0.8097125867195243
Corynebacterium massiliense,0.8212750046737708,Terrestrial Specialist,9999,1,0,0,0,0.8212750046737708
Blastochloris viridis,0.26432664756447,Mostly Terrestrial,9999,1,0,0,0,0.26432664756447
Vagococcus martis,0.8160835317823776,Terrestrial Specialist,9999,1,0,0,0,0.8160835317823776
Azonexus hydrophilus,-0.5147202183661532,Mostly Aquatic,9999,0,1,0,0,-0.5147202183661532
Geothrix fermentans,-0.22173297688315768,Mostly Aquatic,9999,0,1,0,0,-0.22173297688315768
Idiomarina ramblicola,-0.4269453090262339,Mostly Aquatic,9999,0,1,0,0,-0.4269453090262339
Idiomarina loihiensis,-0.4269453090262339,Mostly Aquatic,9999,0,1,0,0,-0.4269453090262339
Lampropedia cohaerens,-0.546925566343042,Mostly Aquatic,9999,0,1,0,0,-0.546925566343042
Thalassobius mediterraneus,-0.952432745993764,Aquatic Specialist,9999,0,1,0,0,-0.952432745993764
Limoniibacter endophyticus,0.7021709633649932,Mostly Terrestrial,9999,1,0,0,0,0.7021709633649932
Elstera litoralis,-0.46055841691515315,Mostly Aquatic,9999,0,1,0,0,-0.46055841691515315
Hyphomonas polymorpha,-0.7246700130135713,Mostly Aquatic,9999,0,1,0,0,-0.7246700130135713
Cytobacillus oceanisediminis,0.5470771976796074,Mostly Terrestrial,9999,1,0,0,0,0.5470771976796074
Methylocystis parvus,-0.2531504818383988,Mostly Aquatic,9999,0,1,0,0,-0.2531504818383988
Flavobacterium succinicans,-0.5425646551724138,Mostly Aquatic,9999,0,1,0,0,-0.5425646551724138
Photobacterium swingsii,-0.6243256498283472,Mostly Aquatic,9999,0,1,0,0,-0.6243256498283472
Zymobacter palmae,0.6322207958921694,Mostly Terrestrial,9999,1,0,0,0,0.6322207958921694
Afipia birgiae,0.31780490077331597,Mostly Terrestrial,9999,1,0,0,0,0.31780490077331597
Corynebacterium uterequi,0.6840633737185462,Mostly Terrestrial,9999,1,0,0,0,0.6840633737185462
Cutibacterium modestum,0.7409024745269288,Mostly Terrestrial,9999,1,0,0,0,0.7409024745269288
Bifidobacterium subtile,0.5383256799717414,Mostly Terrestrial,9999,1,0,0,0,0.5383256799717414
Rhodovarius lipocyclicus,-0.3686911890504705,Mostly Aquatic,9999,0,1,0,0,-0.3686911890504705
Fictibacillus barbaricus,0.6135815568631233,Mostly Terrestrial,9999,1,0,0,0,0.6135815568631233
Nocardia veterana,0.6562231759656653,Mostly Terrestrial,9999,1,0,0,0,0.6562231759656653
Nocardia africana,0.6562231759656653,Mostly Terrestrial,9999,1,0,0,0,0.6562231759656653
Nocardia mikamii,0.6562231759656653,Mostly Terrestrial,9999,1,0,0,0,0.6562231759656653
Bifidobacterium bohemicum,0.917503586800574,Terrestrial Specialist,9999,1,0,0,0,0.917503586800574
Lactococcus hircilactis,-0.07449732388254013,Generalist,9999,0,1,0,0,-0.07449732388254013
Tahibacter aquaticus,0.3903723551695463,Mostly Terrestrial,9999,1,0,0,0,0.3903723551695463
Asticcacaulis endophyticus,0.1947118172329816,Mostly Terrestrial,9999,1,0,0,0,0.1947118172329816
Ureibacillus terrenus,0.7198016668424939,Mostly Terrestrial,9999,1,0,0,0,0.7198016668424939
Treponema pectinovorum,0.7464154035231463,Mostly Terrestrial,9999,1,0,0,0,0.7464154035231463
Olsenella phocaeensis,0.9391634980988595,Terrestrial Specialist,9999,1,0,0,0,0.9391634980988595
Euryhalocaulis caribicus,-0.584469802393543,Mostly Aquatic,9999,0,1,0,0,-0.584469802393543
Urechidicola croceus,-0.09024729686329087,Generalist,9999,0,1,0,0,-0.09024729686329087
Hydrocarboniphaga daqingensis,0.03852486005926907,Generalist,9999,1,0,0,0,0.03852486005926907
Buchananella hordeovulneris,0.8509933774834436,Terrestrial Specialist,9999,1,0,0,0,0.8509933774834436
Propionispira paucivorans,-0.4931432695777697,Mostly Aquatic,9999,0,1,0,0,-0.4931432695777697
Novosphingobium panipatense,-0.14467697907188348,Mostly Aquatic,9999,0,1,0,0,-0.14467697907188348
Novosphingobium mathurense,-0.14467697907188348,Mostly Aquatic,9999,0,1,0,0,-0.14467697907188348
Helicobacter suis,0.8876448634845806,Terrestrial Specialist,9999,1,0,0,0,0.8876448634845806
Komagataeibacter rhaeticus,0.5971719829003618,Mostly Terrestrial,9999,1,0,0,0,0.5971719829003618
Komagataeibacter xylinus,0.5971719829003618,Mostly Terrestrial,9999,1,0,0,0,0.5971719829003618
Komagataeibacter europaeus,0.5971719829003618,Mostly Terrestrial,9999,1,0,0,0,0.5971719829003618
Komagataeibacter swingsii,0.5971719829003618,Mostly Terrestrial,9999,1,0,0,0,0.5971719829003618
Komagataeibacter melaceti,0.5971719829003618,Mostly Terrestrial,9999,1,0,0,0,0.5971719829003618
Komagataeibacter intermedius,0.5971719829003618,Mostly Terrestrial,9999,1,0,0,0,0.5971719829003618
Komagataeibacter sucrofermentans,0.5971719829003618,Mostly Terrestrial,9999,1,0,0,0,0.5971719829003618
Komagataeibacter melomenusus,0.5971719829003618,Mostly Terrestrial,9999,1,0,0,0,0.5971719829003618
Komagataeibacter diospyri,0.5971719829003618,Mostly Terrestrial,9999,1,0,0,0,0.5971719829003618
Komagataeibacter nataicola,0.5971719829003618,Mostly Terrestrial,9999,1,0,0,0,0.5971719829003618
Komagataeibacter medellinensis,0.5971719829003618,Mostly Terrestrial,9999,1,0,0,0,0.5971719829003618
Komagataeibacter oboediens,0.5971719829003618,Mostly Terrestrial,9999,1,0,0,0,0.5971719829003618
Azotobacter vinelandii,-0.07822878228782287,Generalist,9999,0,1,0,0,-0.07822878228782287
Chitinophaga niabensis,0.4825092827828805,Mostly Terrestrial,9999,1,0,0,0,0.4825092827828805
Helicobacter pullorum,0.8960138648180243,Terrestrial Specialist,9999,1,0,0,0,0.8960138648180243
Bacillus infantis,0.42736077481840196,Mostly Terrestrial,9999,1,0,0,0,0.42736077481840196
Deinococcus fonticola,0.16046549745943287,Mostly Terrestrial,9999,1,0,0,0,0.16046549745943287
Desulfovibrio desulfuricans,-0.3686990469629119,Mostly Aquatic,9999,0,1,0,0,-0.3686990469629119
Giesbergeria anulus,-0.6443825441039926,Mostly Aquatic,9999,0,1,0,0,-0.6443825441039926
Streptomyces pratensis,0.8268215417106652,Terrestrial Specialist,9999,1,0,0,0,0.8268215417106652
Streptomyces nitrosporeus,0.8268215417106652,Terrestrial Specialist,9999,1,0,0,0,0.8268215417106652
Streptomyces parvus,0.8268215417106652,Terrestrial Specialist,9999,1,0,0,0,0.8268215417106652
Streptomyces atroolivaceus,0.8268215417106652,Terrestrial Specialist,9999,1,0,0,0,0.8268215417106652
Streptomyces graminofaciens,0.8367346938775511,Terrestrial Specialist,9999,1,0,0,0,0.8367346938775511
Streptomyces lunaelactis,0.8268215417106652,Terrestrial Specialist,9999,1,0,0,0,0.8268215417106652
Streptomyces halstedii,0.8268215417106652,Terrestrial Specialist,9999,1,0,0,0,0.8268215417106652
Streptomyces fulvorobeus,0.8268215417106652,Terrestrial Specialist,9999,1,0,0,0,0.8268215417106652
Streptomyces finlayi,0.8268215417106652,Terrestrial Specialist,9999,1,0,0,0,0.8268215417106652
Streptomyces californicus,0.8268215417106652,Terrestrial Specialist,9999,1,0,0,0,0.8268215417106652
Streptomyces clavifer,0.8268215417106652,Terrestrial Specialist,9999,1,0,0,0,0.8268215417106652
Streptomyces anulatus,0.8268215417106652,Terrestrial Specialist,9999,1,0,0,0,0.8268215417106652
Streptomyces flavogriseus,0.8268215417106652,Terrestrial Specialist,9999,1,0,0,0,0.8268215417106652
Streptomyces bacillaris,0.8268215417106652,Terrestrial Specialist,9999,1,0,0,0,0.8268215417106652
Streptomyces mutomycini,0.8268215417106652,Terrestrial Specialist,9999,1,0,0,0,0.8268215417106652
Streptomyces badius,0.8268215417106652,Terrestrial Specialist,9999,1,0,0,0,0.8268215417106652
Streptomyces flavovirens,0.8268215417106652,Terrestrial Specialist,9999,1,0,0,0,0.8268215417106652
Streptomyces cyaneofuscatus,0.8268215417106652,Terrestrial Specialist,9999,1,0,0,0,0.8268215417106652
Streptomyces sindenensis,0.8268215417106652,Terrestrial Specialist,9999,1,0,0,0,0.8268215417106652
Streptomyces griseolus,0.8268215417106652,Terrestrial Specialist,9999,1,0,0,0,0.8268215417106652
Streptomyces tanashiensis,0.8268215417106652,Terrestrial Specialist,9999,1,0,0,0,0.8268215417106652
Streptomyces griseobrunneus,0.8268215417106652,Terrestrial Specialist,9999,1,0,0,0,0.8268215417106652
Streptomyces rubiginosohelvolus,0.8268215417106652,Terrestrial Specialist,9999,1,0,0,0,0.8268215417106652
Streptomyces pluricolorescens,0.8268215417106652,Terrestrial Specialist,9999,1,0,0,0,0.8268215417106652
Paenibacillus cymbidii,0.8413793103448275,Terrestrial Specialist,9999,1,0,0,0,0.8413793103448275
Pseudoalteromonas luteoviolacea,-0.9151424037417523,Aquatic Specialist,9999,0,1,0,0,-0.9151424037417523
Caldibacillus debilis,0.6119585112873703,Mostly Terrestrial,9999,1,0,0,0,0.6119585112873703
Aeromicrobium choanae,0.18353434714210803,Mostly Terrestrial,9999,1,0,0,0,0.18353434714210803
Klebsiella michiganensis,0.6928559307653148,Mostly Terrestrial,9999,1,0,0,0,0.6928559307653148
Klebsiella grimontii,0.179047619047619,Mostly Terrestrial,9999,1,0,0,0,0.179047619047619
Pediococcus parvulus,0.5726256983240223,Mostly Terrestrial,9999,1,0,0,0,0.5726256983240223
Sulfurospirillum cavolei,-0.6878329985151541,Mostly Aquatic,9999,0,1,0,0,-0.6878329985151541
Fusobacterium vincentii,0.9773748644041531,Terrestrial Specialist,9999,1,0,0,0,0.9773748644041531
Brevundimonas diminuta,0.23871527777777782,Mostly Terrestrial,9999,1,0,0,0,0.23871527777777782
Pseudonocardia alaniniphila,0.9087470084150391,Terrestrial Specialist,9999,1,0,0,0,0.9087470084150391
Loigolactobacillus rennini,0.5939461055740125,Mostly Terrestrial,9999,1,0,0,0,0.5939461055740125
Polaribacter gangjinensis,-0.873396186290494,Aquatic Specialist,9999,0,1,0,0,-0.873396186290494
Domibacillus mangrovi,0.7791827011178304,Mostly Terrestrial,9999,1,0,0,0,0.7791827011178304
Nesterenkonia halotolerans,0.529275808936826,Mostly Terrestrial,9999,1,0,0,0,0.529275808936826
Nesterenkonia sandarakina,0.529275808936826,Mostly Terrestrial,9999,1,0,0,0,0.529275808936826
Nesterenkonia jeotgali,0.529275808936826,Mostly Terrestrial,9999,1,0,0,0,0.529275808936826
Nesterenkonia aurantiaca,0.529275808936826,Mostly Terrestrial,9999,1,0,0,0,0.529275808936826
Peptoniphilus mikwangii,0.8922297297297298,Terrestrial Specialist,9999,1,0,0,0,0.8922297297297298
Phytomonospora endophytica,0.9468746706018764,Terrestrial Specialist,9999,1,0,0,0,0.9468746706018764
Perlucidibaca aquatica,-0.684640989063243,Mostly Aquatic,9999,0,1,0,0,-0.684640989063243
Ottowia oryzae,0.6170485792850595,Mostly Terrestrial,9999,1,0,0,0,0.6170485792850595
Paraeggerthella hongkongensis,0.5489853044086773,Mostly Terrestrial,9999,1,0,0,0,0.5489853044086773
Deinococcus actinosclerus,-0.28294930875576035,Mostly Aquatic,9999,0,1,0,0,-0.28294930875576035
Deinococcus arenae,-0.28294930875576035,Mostly Aquatic,9999,0,1,0,0,-0.28294930875576035
Bombilactobacillus mellifer,0.8175399479747305,Terrestrial Specialist,9999,1,0,0,0,0.8175399479747305
Mycobacterium shimoidei,0.77766445690974,Mostly Terrestrial,9999,1,0,0,0,0.77766445690974
Algimonas arctica,-0.91319576639001,Aquatic Specialist,9999,0,1,0,0,-0.91319576639001
Corynebacterium guangdongense,0.6802239420385312,Mostly Terrestrial,9999,1,0,0,0,0.6802239420385312
Methylomicrobium agile,-0.20287375983578518,Mostly Aquatic,9999,0,1,0,0,-0.20287375983578518
Rubrivivax gelatinosus,-0.3242580996460658,Mostly Aquatic,9999,0,1,0,0,-0.3242580996460658
Agromyces tardus,0.7872580342040971,Mostly Terrestrial,9999,1,0,0,0,0.7872580342040971
Methyloceanibacter caenitepidi,-0.46637362637362634,Mostly Aquatic,9999,0,1,0,0,-0.46637362637362634
Pseudomonas fluvialis,-0.5136577037985489,Mostly Aquatic,9999,0,1,0,0,-0.5136577037985489
Pseudomonas pharmacofabricae,-0.5136577037985489,Mostly Aquatic,9999,0,1,0,0,-0.5136577037985489
Alicyclobacillus herbarius,0.846428116643321,Terrestrial Specialist,9999,1,0,0,0,0.846428116643321
Agrococcus jenensis,0.36346336822074216,Mostly Terrestrial,9999,1,0,0,0,0.36346336822074216
Coriobacterium glomerans,0.9418559876780902,Terrestrial Specialist,9999,1,0,0,0,0.9418559876780902
Caenibacillus caldisaponilyticus,0.7125107112253641,Mostly Terrestrial,9999,1,0,0,0,0.7125107112253641
Arcobacter caeni,-0.8439798683701122,Aquatic Specialist,9999,0,1,0,0,-0.8439798683701122
Xylella fastidiosa,0.20273718394803994,Mostly Terrestrial,9999,1,0,0,0,0.20273718394803994
Hanstruepera neustonica,-0.8010889292196008,Aquatic Specialist,9999,0,1,0,0,-0.8010889292196008
Dermacoccus abyssi,0.5699094131547853,Mostly Terrestrial,9999,1,0,0,0,0.5699094131547853
Dermacoccus barathri,0.5699094131547853,Mostly Terrestrial,9999,1,0,0,0,0.5699094131547853
Tetragenococcus muriaticus,0.6023622047244095,Mostly Terrestrial,9999,1,0,0,0,0.6023622047244095
Dyadobacter soli,0.7566552343622407,Mostly Terrestrial,9999,1,0,0,0,0.7566552343622407
Dyadobacter fermentans,0.7566552343622407,Mostly Terrestrial,9999,1,0,0,0,0.7566552343622407
Leifsonia poae,0.6716907618168767,Mostly Terrestrial,9999,1,0,0,0,0.6716907618168767
Leifsonia shinshuensis,0.6716907618168767,Mostly Terrestrial,9999,1,0,0,0,0.6716907618168767
Leifsonia soli,0.6716907618168767,Mostly Terrestrial,9999,1,0,0,0,0.6716907618168767
Piscinibacter aquaticus,0.16353887399463807,Mostly Terrestrial,9999,1,0,0,0,0.16353887399463807
Sporosarcina ureae,0.6723322683706071,Mostly Terrestrial,9999,1,0,0,0,0.6723322683706071
Niastella populi,0.6446136433789486,Mostly Terrestrial,9999,1,0,0,0,0.6446136433789486
Maribacter flavus,-0.7898204953419677,Mostly Aquatic,9999,0,1,0,0,-0.7898204953419677
Meridianimaribacter flavus,-0.8309762578212051,Aquatic Specialist,9999,0,1,0,0,-0.8309762578212051
Lapidilactobacillus concavus,0.4558414464534075,Mostly Terrestrial,9999,1,0,0,0,0.4558414464534075
Lapidilactobacillus mulanensis,0.4558414464534075,Mostly Terrestrial,9999,1,0,0,0,0.4558414464534075
Plasticicumulans lactativorans,0.1310076080905548,Mostly Terrestrial,9999,1,0,0,0,0.1310076080905548
Gluconobacter wancherniae,0.6430238822050638,Mostly Terrestrial,9999,1,0,0,0,0.6430238822050638
Simkania negevensis,-0.8114682884448307,Aquatic Specialist,9999,0,1,0,0,-0.8114682884448307
Gluconobacter thailandicus,0.6430238822050638,Mostly Terrestrial,9999,1,0,0,0,0.6430238822050638
Gluconobacter japonicus,0.6430238822050638,Mostly Terrestrial,9999,1,0,0,0,0.6430238822050638
Gluconobacter frateurii,0.6430238822050638,Mostly Terrestrial,9999,1,0,0,0,0.6430238822050638
Vibrio fluvialis,-0.4874784682655361,Mostly Aquatic,9999,0,1,0,0,-0.4874784682655361
Vibrio furnissii,-0.4874784682655361,Mostly Aquatic,9999,0,1,0,0,-0.4874784682655361
Bosea massiliensis,-0.007623611413635328,Generalist,9999,0,1,0,0,-0.007623611413635328
Actinoalloteichus hymeniacidonis,0.7879156528791567,Mostly Terrestrial,9999,1,0,0,0,0.7879156528791567
Actinoalloteichus hoggarensis,0.7879156528791567,Mostly Terrestrial,9999,1,0,0,0,0.7879156528791567
Paenibacillus validus,0.6434403310591656,Mostly Terrestrial,9999,1,0,0,0,0.6434403310591656
Vibrio coralliilyticus,-0.9550140581068417,Aquatic Specialist,9999,0,1,0,0,-0.9550140581068417
Vibrio neptunius,-0.9819155675862467,Aquatic Specialist,9999,0,1,0,0,-0.9819155675862467
Chitinibacter fontanus,-0.8565634583044811,Aquatic Specialist,9999,0,1,0,0,-0.8565634583044811
Geofilum rhodophaeum,0.1902203116603976,Mostly Terrestrial,9999,1,0,0,0,0.1902203116603976
Neorhizobium galegae,0.7792194627470856,Mostly Terrestrial,9999,1,0,0,0,0.7792194627470856
Neorhizobium alkalisoli,0.7792194627470856,Mostly Terrestrial,9999,1,0,0,0,0.7792194627470856
Neorhizobium huautlense,0.7792194627470856,Mostly Terrestrial,9999,1,0,0,0,0.7792194627470856
Neorhizobium vignae,0.7792194627470856,Mostly Terrestrial,9999,1,0,0,0,0.7792194627470856
Neorhizobium tomejilense,0.7792194627470856,Mostly Terrestrial,9999,1,0,0,0,0.7792194627470856
Lacimicrobium alkaliphilum,-0.5274173690690406,Mostly Aquatic,9999,0,1,0,0,-0.5274173690690406
Intrasporangium calvum,0.7251630841621218,Mostly Terrestrial,9999,1,0,0,0,0.7251630841621218
Clostridium jeddahense,0.40721008701829164,Mostly Terrestrial,9999,1,0,0,0,0.40721008701829164
Tomitella cavernea,0.558111083924639,Mostly Terrestrial,9999,1,0,0,0,0.558111083924639
Knoellia locipacati,0.41855368882395905,Mostly Terrestrial,9999,1,0,0,0,0.41855368882395905
Syntrophaceticus schinkii,0.19234642497482377,Mostly Terrestrial,9999,1,0,0,0,0.19234642497482377
Tepidibacter mesophilus,-0.73744004039384,Mostly Aquatic,9999,0,1,0,0,-0.73744004039384
Caedibacter taeniospiralis,-0.9497689670591741,Aquatic Specialist,9999,0,1,0,0,-0.9497689670591741
Oryzomicrobium terrae,-0.4882054344580472,Mostly Aquatic,9999,0,1,0,0,-0.4882054344580472
Paenibacillus rhizosphaerae,0.8352373964993187,Terrestrial Specialist,9999,1,0,0,0,0.8352373964993187
Paenibacillus cineris,0.8352373964993187,Terrestrial Specialist,9999,1,0,0,0,0.8352373964993187
Paenibacillus favisporus,0.8352373964993187,Terrestrial Specialist,9999,1,0,0,0,0.8352373964993187
Limimaricola soesokkakensis,-0.7938459189127282,Mostly Aquatic,9999,0,1,0,0,-0.7938459189127282
Limimaricola variabilis,-0.7938459189127282,Mostly Aquatic,9999,0,1,0,0,-0.7938459189127282
Limimaricola hongkongensis,-0.7938459189127282,Mostly Aquatic,9999,0,1,0,0,-0.7938459189127282
Pigmentiphaga aceris,0.5167201099404489,Mostly Terrestrial,9999,1,0,0,0,0.5167201099404489
Clostridium cochlearium,0.25000000000000006,Mostly Terrestrial,9999,1,0,0,0,0.25000000000000006
Chishuiella changwenlii,0.0963378422962718,Generalist,9999,1,0,0,0,0.0963378422962718
Murdochiella vaginalis,0.9144537515594369,Terrestrial Specialist,9999,1,0,0,0,0.9144537515594369
Spongiibacter tropicus,-0.89223690069764,Aquatic Specialist,9999,0,1,0,0,-0.89223690069764
Geobacillus thermoleovorans,0.3449358059914408,Mostly Terrestrial,9999,1,0,0,0,0.3449358059914408
Geobacillus lituanicus,0.3449358059914408,Mostly Terrestrial,9999,1,0,0,0,0.3449358059914408
Hydrocarboniclastica marina,-0.1384916269404718,Mostly Aquatic,9999,0,1,0,0,-0.1384916269404718
Enterococcus aquimarinus,-0.6915468660149512,Mostly Aquatic,9999,0,1,0,0,-0.6915468660149512
Companilactobacillus futsaii,0.5698324022346369,Mostly Terrestrial,9999,1,0,0,0,0.5698324022346369
Companilactobacillus formosensis,0.5698324022346369,Mostly Terrestrial,9999,1,0,0,0,0.5698324022346369
Companilactobacillus farciminis,0.5698324022346369,Mostly Terrestrial,9999,1,0,0,0,0.5698324022346369
Noviherbaspirillum suwonense,0.6533095874146632,Mostly Terrestrial,9999,1,0,0,0,0.6533095874146632
Neisseria gonorrhoeae,0.8598726114649681,Terrestrial Specialist,9999,1,0,0,0,0.8598726114649681
Methylobacterium phyllostachyos,0.16804336602994327,Mostly Terrestrial,9999,1,0,0,0,0.16804336602994327
Methylobacterium longum,0.16804336602994327,Mostly Terrestrial,9999,1,0,0,0,0.16804336602994327
Methylobacterium phyllosphaerae,0.31569620253164554,Mostly Terrestrial,9999,1,0,0,0,0.31569620253164554
Bifidobacterium avesanii,0.9256872852233679,Terrestrial Specialist,9999,1,0,0,0,0.9256872852233679
Alsobacter metallidurans,0.7273601230532589,Mostly Terrestrial,9999,1,0,0,0,0.7273601230532589
Priestia abyssalis,0.6781056331514198,Mostly Terrestrial,9999,1,0,0,0,0.6781056331514198
Gluconacetobacter diazotrophicus,0.8544028642059499,Terrestrial Specialist,9999,1,0,0,0,0.8544028642059499
Gemmobacter caeni,-0.6124378594404913,Mostly Aquatic,9999,0,1,0,0,-0.6124378594404913
Gemmobacter nanjingensis,-0.6124378594404913,Mostly Aquatic,9999,0,1,0,0,-0.6124378594404913
Sandaracinus amylolyticus,0.11227197346600336,Mostly Terrestrial,9999,1,0,0,0,0.11227197346600336
Streptococcus koreensis,0.9600329625051505,Terrestrial Specialist,9999,1,0,0,0,0.9600329625051505
Chitinophaga rhizosphaerae,0.7998762120899525,Mostly Terrestrial,9999,1,0,0,0,0.7998762120899525
Chitinophaga deserti,0.7998762120899525,Mostly Terrestrial,9999,1,0,0,0,0.7998762120899525
Anaeroplasma abactoclasticum,0.9614991978999564,Terrestrial Specialist,9999,1,0,0,0,0.9614991978999564
Tenggerimyces flavus,0.9446339335289919,Terrestrial Specialist,9999,1,0,0,0,0.9446339335289919
Tenacibaculum todarodis,-0.8221528861154446,Aquatic Specialist,9999,0,1,0,0,-0.8221528861154446
Kytococcus schroeteri,0.6096661132632356,Mostly Terrestrial,9999,1,0,0,0,0.6096661132632356
Sediminicola luteus,-0.8264770739867691,Aquatic Specialist,9999,0,1,0,0,-0.8264770739867691
Roseibacillus persicicus,-0.9620538675865727,Aquatic Specialist,9999,0,1,0,0,-0.9620538675865727
Kribbella sandramycini,0.9414436177408445,Terrestrial Specialist,9999,1,0,0,0,0.9414436177408445
Kribbella albertanoniae,0.9414436177408445,Terrestrial Specialist,9999,1,0,0,0,0.9414436177408445
Kribbella swartbergensis,0.9414436177408445,Terrestrial Specialist,9999,1,0,0,0,0.9414436177408445
Vogesella urethralis,-0.5913122583579714,Mostly Aquatic,9999,0,1,0,0,-0.5913122583579714
Gracilibacillus dipsosauri,0.7651087832393232,Mostly Terrestrial,9999,1,0,0,0,0.7651087832393232
Alkalimarinus sediminis,-0.9297650762896587,Aquatic Specialist,9999,0,1,0,0,-0.9297650762896587
Lacticaseibacillus manihotivorans,0.1587037806398006,Mostly Terrestrial,9999,1,0,0,0,0.1587037806398006
Spongiibacter marinus,-0.8919476398254661,Aquatic Specialist,9999,0,1,0,0,-0.8919476398254661
Liquorilactobacillus satsumensis,0.8844181459566075,Terrestrial Specialist,9999,1,0,0,0,0.8844181459566075
Luteimonas padinae,0.36900958466453676,Mostly Terrestrial,9999,1,0,0,0,0.36900958466453676
Paraprevotella clara,0.968789013732834,Terrestrial Specialist,9999,1,0,0,0,0.968789013732834
Dehalobacter restrictus,0.2659446450060169,Mostly Terrestrial,9999,1,0,0,0,0.2659446450060169
Corynebacterium frankenforstense,0.8753092528451262,Terrestrial Specialist,9999,1,0,0,0,0.8753092528451262
Kozakia baliensis,0.6574847828329722,Mostly Terrestrial,9999,1,0,0,0,0.6574847828329722
Arenimonas maotaiensis,-0.8234196218453299,Aquatic Specialist,9999,0,1,0,0,-0.8234196218453299
Rhodococcus rhodochrous,0.37746882930596937,Mostly Terrestrial,9999,1,0,0,0,0.37746882930596937
Risungbinella massiliensis,0.7725084256138661,Mostly Terrestrial,9999,1,0,0,0,0.7725084256138661
Lutimonas saemankumensis,-0.953052267588775,Aquatic Specialist,9999,0,1,0,0,-0.953052267588775
Mangrovibacter yixingensis,0.3529692724088521,Mostly Terrestrial,9999,1,0,0,0,0.3529692724088521
Mangrovibacter phragmitis,0.3529692724088521,Mostly Terrestrial,9999,1,0,0,0,0.3529692724088521
Arthrobacter alpinus,0.5924980579291976,Mostly Terrestrial,9999,1,0,0,0,0.5924980579291976
Thalassospira xiamenensis,-0.7742344915119783,Mostly Aquatic,9999,0,1,0,0,-0.7742344915119783
Porphyromonas circumdentaria,0.9486584481508341,Terrestrial Specialist,9999,1,0,0,0,0.9486584481508341
Weissella minor,0.6509514829418824,Mostly Terrestrial,9999,1,0,0,0,0.6509514829418824
Weissella uvarum,0.6509514829418824,Mostly Terrestrial,9999,1,0,0,0,0.6509514829418824
Microbacterium oleivorans,0.5043996593812091,Mostly Terrestrial,9999,1,0,0,0,0.5043996593812091
Lactobacillus helsingborgensis,0.8532757944291879,Terrestrial Specialist,9999,1,0,0,0,0.8532757944291879
Lactobacillus melliventris,0.8532757944291879,Terrestrial Specialist,9999,1,0,0,0,0.8532757944291879
Anaerostipes butyraticus,0.9125604730335066,Terrestrial Specialist,9999,1,0,0,0,0.9125604730335066
Desulfovibrio legallii,0.3765307704231902,Mostly Terrestrial,9999,1,0,0,0,0.3765307704231902
Nitrosomonas europaea,-0.4310051107325384,Mostly Aquatic,9999,0,1,0,0,-0.4310051107325384
Pedobacter glucosidilyticus,-0.16469459545890625,Mostly Aquatic,9999,0,1,0,0,-0.16469459545890625
Myroides phaeus,0.47788057190916733,Mostly Terrestrial,9999,1,0,0,0,0.47788057190916733
Spirosoma rigui,0.3949667221297836,Mostly Terrestrial,9999,1,0,0,0,0.3949667221297836
Reichenbachiella faecimaris,-0.5967207074428887,Mostly Aquatic,9999,0,1,0,0,-0.5967207074428887
Marinobacter adhaerens,-0.879836882646126,Aquatic Specialist,9999,0,1,0,0,-0.879836882646126
Marinobacter flavimaris,-0.879836882646126,Aquatic Specialist,9999,0,1,0,0,-0.879836882646126
Terrimonas ferruginea,0.07134606841403822,Generalist,9999,1,0,0,0,0.07134606841403822
Leuconostoc gelidum,0.5656060064354667,Mostly Terrestrial,9999,1,0,0,0,0.5656060064354667
Leuconostoc gasicomitatum,0.4679203539823009,Mostly Terrestrial,9999,1,0,0,0,0.4679203539823009
Sandarakinorhabdus cyanobacteriorum,-0.5665548098434005,Mostly Aquatic,9999,0,1,0,0,-0.5665548098434005
Senegalimassilia faecalis,0.7771019677996422,Mostly Terrestrial,9999,1,0,0,0,0.7771019677996422
Paenibacillus beijingensis,0.8092825293879206,Terrestrial Specialist,9999,1,0,0,0,0.8092825293879206
Marisediminitalea aggregata,-0.9179212839128774,Aquatic Specialist,9999,0,1,0,0,-0.9179212839128774
Kocuria soli,0.6862900039510076,Mostly Terrestrial,9999,1,0,0,0,0.6862900039510076
Paraburkholderia terrae,0.8722591027962182,Terrestrial Specialist,9999,1,0,0,0,0.8722591027962182
Paraburkholderia steynii,0.8722591027962182,Terrestrial Specialist,9999,1,0,0,0,0.8722591027962182
Pseudoclostridium thermosuccinogenes,0.6456305809170263,Mostly Terrestrial,9999,1,0,0,0,0.6456305809170263
Bacteroides caecigallinarum,0.8345140266364408,Terrestrial Specialist,9999,1,0,0,0,0.8345140266364408
Aneurinibacillus thermoaerophilus,0.5772148643435773,Mostly Terrestrial,9999,1,0,0,0,0.5772148643435773
Casimicrobium huifangae,-0.7459873086972751,Mostly Aquatic,9999,0,1,0,0,-0.7459873086972751
Streptococcus thoraltensis,0.8801738801738801,Terrestrial Specialist,9999,1,0,0,0,0.8801738801738801
Corynebacterium freneyi,0.6771615790314847,Mostly Terrestrial,9999,1,0,0,0,0.6771615790314847
Stenotrophomonas nitritireducens,0.13153521666879714,Mostly Terrestrial,9999,1,0,0,0,0.13153521666879714
Stenotrophomonas terrae,0.13153521666879714,Mostly Terrestrial,9999,1,0,0,0,0.13153521666879714
Anaerosolibacter carboniphilus,0.4222087255795121,Mostly Terrestrial,9999,1,0,0,0,0.4222087255795121
Rahnella aquatilis,0.29285804257463155,Mostly Terrestrial,9999,1,0,0,0,0.29285804257463155
Clostridium vincentii,0.28386902973866024,Mostly Terrestrial,9999,1,0,0,0,0.28386902973866024
Serratia rubidaea,0.5109267825809539,Mostly Terrestrial,9999,1,0,0,0,0.5109267825809539
Paenibacillus cisolokensis,0.6659666187686526,Mostly Terrestrial,9999,1,0,0,0,0.6659666187686526
Mycolicibacter nonchromogenicus,0.1482479784366577,Mostly Terrestrial,9999,1,0,0,0,0.1482479784366577
Mycolicibacter arupensis,0.1482479784366577,Mostly Terrestrial,9999,1,0,0,0,0.1482479784366577
Mycolicibacter heraklionensis,0.1482479784366577,Mostly Terrestrial,9999,1,0,0,0,0.1482479784366577
Mycolicibacter virginiensis,0.1482479784366577,Mostly Terrestrial,9999,1,0,0,0,0.1482479784366577
Shewanella halifaxensis,-0.840623033354311,Aquatic Specialist,9999,0,1,0,0,-0.840623033354311
Thermincola ferriacetica,0.40295466123280693,Mostly Terrestrial,9999,1,0,0,0,0.40295466123280693
Anaerocolumna aminovalerica,0.7602640264026403,Mostly Terrestrial,9999,1,0,0,0,0.7602640264026403
Corynebacterium pilosum,0.8567758509955041,Terrestrial Specialist,9999,1,0,0,0,0.8567758509955041
Pediococcus argentinicus,0.5916142557651991,Mostly Terrestrial,9999,1,0,0,0,0.5916142557651991
Phenylobacterium parvum,-0.9655768626218171,Aquatic Specialist,9999,0,1,0,0,-0.9655768626218171
Geobacter sulfurreducens,-0.07690467647410588,Generalist,9999,0,1,0,0,-0.07690467647410588
Albimonas donghaensis,-0.917664100022871,Aquatic Specialist,9999,0,1,0,0,-0.917664100022871
Lutibacter profundi,-0.7242736899266903,Mostly Aquatic,9999,0,1,0,0,-0.7242736899266903
Okibacterium fritillariae,0.6316140210582434,Mostly Terrestrial,9999,1,0,0,0,0.6316140210582434
Methylobacterium variabile,0.1907035175879397,Mostly Terrestrial,9999,1,0,0,0,0.1907035175879397
Slackia heliotrinireducens,0.9266184512259659,Terrestrial Specialist,9999,1,0,0,0,0.9266184512259659
Ruegeria meonggei,-0.9730006136224179,Aquatic Specialist,9999,0,1,0,0,-0.9730006136224179
Corynebacterium jeddahense,0.7651408450704225,Mostly Terrestrial,9999,1,0,0,0,0.7651408450704225
Ruegeria halocynthiae,-0.9730006136224179,Aquatic Specialist,9999,0,1,0,0,-0.9730006136224179
Leptospira idonii,-0.7950553566969116,Mostly Aquatic,9999,0,1,0,0,-0.7950553566969116
Blautia faecicola,0.7461789455607075,Mostly Terrestrial,9999,1,0,0,0,0.7461789455607075
Nibricoccus aquaticus,0.5709855272226052,Mostly Terrestrial,9999,1,0,0,0,0.5709855272226052
Luteococcus japonicus,-0.3885077186963979,Mostly Aquatic,9999,0,1,0,0,-0.3885077186963979
Segniliparus rugosus,0.40368722186904005,Mostly Terrestrial,9999,1,0,0,0,0.40368722186904005
Segniliparus rotundus,0.40368722186904005,Mostly Terrestrial,9999,1,0,0,0,0.40368722186904005
Mycobacterium intermedium,-0.16770696452036796,Mostly Aquatic,9999,0,1,0,0,-0.16770696452036796
Aminicella lysinilytica,-0.612034035656402,Mostly Aquatic,9999,0,1,0,0,-0.612034035656402
Bryocella elongata,0.8508595668676043,Terrestrial Specialist,9999,1,0,0,0,0.8508595668676043
Haliea alexandrii,-0.917649551522,Aquatic Specialist,9999,0,1,0,0,-0.917649551522
Acetobacter fabarum,0.5563866513233602,Mostly Terrestrial,9999,1,0,0,0,0.5563866513233602
Acetobacter okinawensis,0.5563866513233602,Mostly Terrestrial,9999,1,0,0,0,0.5563866513233602
Acetobacter lambici,0.5563866513233602,Mostly Terrestrial,9999,1,0,0,0,0.5563866513233602
Acetobacter syzygii,0.5563866513233602,Mostly Terrestrial,9999,1,0,0,0,0.5563866513233602
Acetobacter ghanensis,0.5563866513233602,Mostly Terrestrial,9999,1,0,0,0,0.5563866513233602
Corynebacterium ammoniagenes,0.7949696444058976,Mostly Terrestrial,9999,1,0,0,0,0.7949696444058976
Flavobacterium cucumis,-0.7574662055957245,Mostly Aquatic,9999,0,1,0,0,-0.7574662055957245
Haliscomenobacter hydrossis,-0.8479307025986526,Aquatic Specialist,9999,0,1,0,0,-0.8479307025986526
Boudabousia liubingyangii,0.8048780487804879,Terrestrial Specialist,9999,1,0,0,0,0.8048780487804879
Nonlabens ulvanivorans,-0.7771926937633702,Mostly Aquatic,9999,0,1,0,0,-0.7771926937633702
Pelagicoccus albus,-0.9810961762720187,Aquatic Specialist,9999,0,1,0,0,-0.9810961762720187
Lacticaseibacillus nasuensis,0.6888168557536466,Mostly Terrestrial,9999,1,0,0,0,0.6888168557536466
Pseudoalteromonas distincta,-0.9358708189158017,Aquatic Specialist,9999,0,1,0,0,-0.9358708189158017
Pseudoalteromonas espejiana,-0.9358708189158017,Aquatic Specialist,9999,0,1,0,0,-0.9358708189158017
Pseudoalteromonas undina,-0.9358708189158017,Aquatic Specialist,9999,0,1,0,0,-0.9358708189158017
Pseudoalteromonas tetraodonis,-0.9358708189158017,Aquatic Specialist,9999,0,1,0,0,-0.9358708189158017
Pseudoalteromonas issachenkonii,-0.9358708189158017,Aquatic Specialist,9999,0,1,0,0,-0.9358708189158017
Pseudoalteromonas agarivorans,-0.9358708189158017,Aquatic Specialist,9999,0,1,0,0,-0.9358708189158017
Pseudoalteromonas carrageenovora,-0.9358708189158017,Aquatic Specialist,9999,0,1,0,0,-0.9358708189158017
Pseudoalteromonas spiralis,-0.9358708189158017,Aquatic Specialist,9999,0,1,0,0,-0.9358708189158017
Clostridium chromiireducens,0.3164624400639318,Mostly Terrestrial,9999,1,0,0,0,0.3164624400639318
Geobacillus stearothermophilus,0.2583103616020755,Mostly Terrestrial,9999,1,0,0,0,0.2583103616020755
Arenibacter nanhaiticus,-0.8794914317302377,Aquatic Specialist,9999,0,1,0,0,-0.8794914317302377
Zavarzinia compransoris,-0.39729969012837546,Mostly Aquatic,9999,0,1,0,0,-0.39729969012837546
Agromyces fucosus,0.33991307497283585,Mostly Terrestrial,9999,1,0,0,0,0.33991307497283585
Anaerosacchariphilus polymeriproducens,0.34550134550134554,Mostly Terrestrial,9999,1,0,0,0,0.34550134550134554
Consotaella salsifontis,0.005664062500000053,Generalist,9999,1,0,0,0,0.005664062500000053
Paraburkholderia kururiensis,0.6642272922944469,Mostly Terrestrial,9999,1,0,0,0,0.6642272922944469
Sphingomicrobium flavum,0.1177821243303002,Mostly Terrestrial,9999,1,0,0,0,0.1177821243303002
Pseudoxanthomonas kaohsiungensis,-0.049372226942320366,Generalist,9999,0,1,0,0,-0.049372226942320366
Methylogaea oryzae,-0.0855005018706086,Generalist,9999,0,1,0,0,-0.0855005018706086
Anaerotignum propionicum,0.6398956219193969,Mostly Terrestrial,9999,1,0,0,0,0.6398956219193969
Pseudoalteromonas rubra,-0.829021730478389,Aquatic Specialist,9999,0,1,0,0,-0.829021730478389
Permianibacter aggregans,-0.09736694677871145,Generalist,9999,0,1,0,0,-0.09736694677871145
Treponema rectale,0.916530278232406,Terrestrial Specialist,9999,1,0,0,0,0.916530278232406
Riemerella anatipestifer,-0.2499410516387644,Mostly Aquatic,9999,0,1,0,0,-0.2499410516387644
Clostridium fungisolvens,0.5004141521713407,Mostly Terrestrial,9999,1,0,0,0,0.5004141521713407
Shewanella ulleungensis,-0.9296350590232236,Aquatic Specialist,9999,0,1,0,0,-0.9296350590232236
Shewanella algicola,-0.9296350590232236,Aquatic Specialist,9999,0,1,0,0,-0.9296350590232236
Mixta calida,0.5848919556927547,Mostly Terrestrial,9999,1,0,0,0,0.5848919556927547
Paraburkholderia kirstenboschensis,0.7811550151975684,Mostly Terrestrial,9999,1,0,0,0,0.7811550151975684
Amphritea atlantica,-0.832365493598265,Aquatic Specialist,9999,0,1,0,0,-0.832365493598265
Pseudoxanthomonas spadix,0.3366122840690979,Mostly Terrestrial,9999,1,0,0,0,0.3366122840690979
Staphylococcus lugdunensis,0.9079413252402632,Terrestrial Specialist,9999,1,0,0,0,0.9079413252402632
Shewanella mangrovi,-0.40271115745568303,Mostly Aquatic,9999,0,1,0,0,-0.40271115745568303
Sphaerotilus montanus,-0.5919446704637917,Mostly Aquatic,9999,0,1,0,0,-0.5919446704637917
Rhodococcus aetherivorans,0.39790020054264486,Mostly Terrestrial,9999,1,0,0,0,0.39790020054264486
Rhodococcus ruber,0.39790020054264486,Mostly Terrestrial,9999,1,0,0,0,0.39790020054264486
Brevundimonas bullata,0.10161859559449925,Mostly Terrestrial,9999,1,0,0,0,0.10161859559449925
Spirosoma terrae,0.31753937272849647,Mostly Terrestrial,9999,1,0,0,0,0.31753937272849647
Silicimonas algicola,-0.9775145991376958,Aquatic Specialist,9999,0,1,0,0,-0.9775145991376958
Acidipropionibacterium jensenii,-0.1236647493837304,Mostly Aquatic,9999,0,1,0,0,-0.1236647493837304
Leuconostoc holzapfelii,0.32672497570456754,Mostly Terrestrial,9999,1,0,0,0,0.32672497570456754
Tepidicella xavieri,-0.42734147760325775,Mostly Aquatic,9999,0,1,0,0,-0.42734147760325775
Kingella negevensis,0.3936319104268719,Mostly Terrestrial,9999,1,0,0,0,0.3936319104268719
Thiomonas arsenitoxydans,-0.5635641316685586,Mostly Aquatic,9999,0,1,0,0,-0.5635641316685586
Thiomonas intermedia,-0.5635641316685586,Mostly Aquatic,9999,0,1,0,0,-0.5635641316685586
Fangia hongkongensis,-0.9334508931994172,Aquatic Specialist,9999,0,1,0,0,-0.9334508931994172
Shewanella carassii,0.41101419086056495,Mostly Terrestrial,9999,1,0,0,0,0.41101419086056495
Sinomonas atrocyanea,0.656516443361754,Mostly Terrestrial,9999,1,0,0,0,0.656516443361754
Pacificimonas flava,-0.4566547477155344,Mostly Aquatic,9999,0,1,0,0,-0.4566547477155344
Leptospira johnsonii,0.21327637200131458,Mostly Terrestrial,9999,1,0,0,0,0.21327637200131458
Leptospira licerasiae,0.21327637200131458,Mostly Terrestrial,9999,1,0,0,0,0.21327637200131458
Pseudoxanthomonas wuyuanensis,0.7350643106142566,Mostly Terrestrial,9999,1,0,0,0,0.7350643106142566
Marinisporobacter balticus,-0.8955811989867718,Aquatic Specialist,9999,0,1,0,0,-0.8955811989867718
Streptococcus henryi,0.2774106083714624,Mostly Terrestrial,9999,1,0,0,0,0.2774106083714624
Skermanella aerolata,0.6951475627279761,Mostly Terrestrial,9999,1,0,0,0,0.6951475627279761
Pelomonas saccharophila,-0.04125549875163475,Generalist,9999,0,1,0,0,-0.04125549875163475
Halovulum dunhuangense,-0.6894665926923991,Mostly Aquatic,9999,0,1,0,0,-0.6894665926923991
Chryseobacterium gambrini,0.04419299743808703,Generalist,9999,1,0,0,0,0.04419299743808703
Rhodoluna limnophila,-0.7730814005552072,Mostly Aquatic,9999,0,1,0,0,-0.7730814005552072
Crocinitomix algicola,-0.8642258848959741,Aquatic Specialist,9999,0,1,0,0,-0.8642258848959741
Cognatiyoonia sediminum,-0.9151025122725961,Aquatic Specialist,9999,0,1,0,0,-0.9151025122725961
Methylobacterium tarhaniae,0.3347368421052631,Mostly Terrestrial,9999,1,0,0,0,0.3347368421052631
Methylobacterium aquaticum,0.3347368421052631,Mostly Terrestrial,9999,1,0,0,0,0.3347368421052631
Erwinia billingiae,0.7061121080966959,Mostly Terrestrial,9999,1,0,0,0,0.7061121080966959
Corynebacterium freiburgense,0.7511371973587674,Mostly Terrestrial,9999,1,0,0,0,0.7511371973587674
Dyella jiangningensis,0.7846447305674773,Mostly Terrestrial,9999,1,0,0,0,0.7846447305674773
Nocardioides terrigena,0.4831908831908832,Mostly Terrestrial,9999,1,0,0,0,0.4831908831908832
Stappia stellulata,-0.7259115485928186,Mostly Aquatic,9999,0,1,0,0,-0.7259115485928186
Caulobacter fusiformis,0.41118522319138023,Mostly Terrestrial,9999,1,0,0,0,0.41118522319138023
Crenobacter luteus,0.26370866471326915,Mostly Terrestrial,9999,1,0,0,0,0.26370866471326915
Brevundimonas viscosa,0.40015641293013554,Mostly Terrestrial,9999,1,0,0,0,0.40015641293013554
Pseudoxanthomonas helianthi,0.716385755924471,Mostly Terrestrial,9999,1,0,0,0,0.716385755924471
Campylobacter cuniculorum,0.6787598944591028,Mostly Terrestrial,9999,1,0,0,0,0.6787598944591028
Tenacibaculum maritimum,-0.6789688688547684,Mostly Aquatic,9999,0,1,0,0,-0.6789688688547684
Alloiococcus otitis,0.6838222967309304,Mostly Terrestrial,9999,1,0,0,0,0.6838222967309304
Acetohalobium arabaticum,0.7423908248786942,Mostly Terrestrial,9999,1,0,0,0,0.7423908248786942
Erythrobacter sanguineus,-0.6312190117968884,Mostly Aquatic,9999,0,1,0,0,-0.6312190117968884
Deinococcus geothermalis,0.42449969678593086,Mostly Terrestrial,9999,1,0,0,0,0.42449969678593086
Paracoccus acridae,0.5198846074593035,Mostly Terrestrial,9999,1,0,0,0,0.5198846074593035
Rhodanobacter thiooxydans,0.6182589375883659,Mostly Terrestrial,9999,1,0,0,0,0.6182589375883659
Rhodanobacter denitrificans,0.6182589375883659,Mostly Terrestrial,9999,1,0,0,0,0.6182589375883659
Agrobacterium salinitolerans,0.46414112203585894,Mostly Terrestrial,9999,1,0,0,0,0.46414112203585894
Agrobacterium pusense,0.47873058744091834,Mostly Terrestrial,9999,1,0,0,0,0.47873058744091834
Robiginitalea myxolifaciens,-0.9003284993189649,Aquatic Specialist,9999,0,1,0,0,-0.9003284993189649
Marivirga atlantica,-0.8731665840005669,Aquatic Specialist,9999,0,1,0,0,-0.8731665840005669
Psychrobacter faecalis,-0.12805755395683452,Mostly Aquatic,9999,0,1,0,0,-0.12805755395683452
Psychrobacter maritimus,-0.12805755395683452,Mostly Aquatic,9999,0,1,0,0,-0.12805755395683452
Psychrobacter pulmonis,-0.12805755395683452,Mostly Aquatic,9999,0,1,0,0,-0.12805755395683452
Mizugakiibacter sediminis,0.2262934690415607,Mostly Terrestrial,9999,1,0,0,0,0.2262934690415607
Neisseria dumasiana,0.7195981406507722,Mostly Terrestrial,9999,1,0,0,0,0.7195981406507722
Sunxiuqinia dokdonensis,-0.5341758140392953,Mostly Aquatic,9999,0,1,0,0,-0.5341758140392953
Auraticoccus monumenti,0.4900237529691212,Mostly Terrestrial,9999,1,0,0,0,0.4900237529691212
Lelliottia amnigena,0.461598623494447,Mostly Terrestrial,9999,1,0,0,0,0.461598623494447
Dyella kyungheensis,0.8954898911353032,Terrestrial Specialist,9999,1,0,0,0,0.8954898911353032
Streptobacillus felis,0.7160512434061794,Mostly Terrestrial,9999,1,0,0,0,0.7160512434061794
Streptococcus hyovaginalis,0.9186854141961714,Terrestrial Specialist,9999,1,0,0,0,0.9186854141961714
Acidicapsa acidisoli,0.8957212999766192,Terrestrial Specialist,9999,1,0,0,0,0.8957212999766192
Pseudomonas psychrophila,0.2271942942597492,Mostly Terrestrial,9999,1,0,0,0,0.2271942942597492
Pseudomonas endophytica,0.2271942942597492,Mostly Terrestrial,9999,1,0,0,0,0.2271942942597492
Pseudomonas helleri,0.2271942942597492,Mostly Terrestrial,9999,1,0,0,0,0.2271942942597492
Pseudomonas fragi,0.2271942942597492,Mostly Terrestrial,9999,1,0,0,0,0.2271942942597492
Pseudomonas deceptionensis,0.2271942942597492,Mostly Terrestrial,9999,1,0,0,0,0.2271942942597492
Pseudomonas weihenstephanensis,0.2271942942597492,Mostly Terrestrial,9999,1,0,0,0,0.2271942942597492
Pseudomonas taetrolens,0.2271942942597492,Mostly Terrestrial,9999,1,0,0,0,0.2271942942597492
Bifidobacterium aquikefiri,0.879114302812687,Terrestrial Specialist,9999,1,0,0,0,0.879114302812687
Sphingomonas melonis,-0.022577816747040798,Generalist,9999,0,1,0,0,-0.022577816747040798
Sphingomonas aquatilis,-0.022577816747040798,Generalist,9999,0,1,0,0,-0.022577816747040798
Bradyrhizobium neotropicale,0.5519751760353264,Mostly Terrestrial,9999,1,0,0,0,0.5519751760353264
Archangium gephyra,0.8561736770691994,Terrestrial Specialist,9999,1,0,0,0,0.8561736770691994
Chryseobacterium kwangjuense,-0.23994726433750818,Mostly Aquatic,9999,0,1,0,0,-0.23994726433750818
Psychrobacter luti,-0.278499604564456,Mostly Aquatic,9999,0,1,0,0,-0.278499604564456
Psychrobacter frigidicola,-0.30183592245474394,Mostly Aquatic,9999,0,1,0,0,-0.30183592245474394
Clostridium formicaceticum,-0.25264873675631627,Mostly Aquatic,9999,0,1,0,0,-0.25264873675631627
Mesonia mobilis,-0.9625165470633318,Aquatic Specialist,9999,0,1,0,0,-0.9625165470633318
Serinicoccus marinus,0.3255563531945441,Mostly Terrestrial,9999,1,0,0,0,0.3255563531945441
Noviherbaspirillum denitrificans,0.8721879354967151,Terrestrial Specialist,9999,1,0,0,0,0.8721879354967151
Granulicella cerasi,0.711647429171039,Mostly Terrestrial,9999,1,0,0,0,0.711647429171039
Chelonobacter oris,0.32738600962900033,Mostly Terrestrial,9999,1,0,0,0,0.32738600962900033
Sporosarcina luteola,0.7831715210355987,Mostly Terrestrial,9999,1,0,0,0,0.7831715210355987
Sporosarcina thermotolerans,0.7831715210355987,Mostly Terrestrial,9999,1,0,0,0,0.7831715210355987
Sulfurisoma sediminicola,-0.6430555555555556,Mostly Aquatic,9999,0,1,0,0,-0.6430555555555556
Xylanivirga thermophila,0.5091449474165524,Mostly Terrestrial,9999,1,0,0,0,0.5091449474165524
Paenibacillus pabuli,0.8297511911064056,Terrestrial Specialist,9999,1,0,0,0,0.8297511911064056
Paenibacillus taichungensis,0.8297511911064056,Terrestrial Specialist,9999,1,0,0,0,0.8297511911064056
Brevibacterium iodinum,0.49477477477477483,Mostly Terrestrial,9999,1,0,0,0,0.49477477477477483
Paenibacillus xylanivorans,0.8297511911064056,Terrestrial Specialist,9999,1,0,0,0,0.8297511911064056
Brevibacterium sediminis,0.49477477477477483,Mostly Terrestrial,9999,1,0,0,0,0.49477477477477483
Coxiella burnetii,-0.22938443670150985,Mostly Aquatic,9999,0,1,0,0,-0.22938443670150985
Actinocatenispora rupis,0.9374930732572316,Terrestrial Specialist,9999,1,0,0,0,0.9374930732572316
Peptoniphilus stercorisuis,0.6634044601315577,Mostly Terrestrial,9999,1,0,0,0,0.6634044601315577
Brevifollis gellanilyticus,-0.01988369911836426,Generalist,9999,0,1,0,0,-0.01988369911836426
Gordonia malaquae,-0.44501310697790547,Mostly Aquatic,9999,0,1,0,0,-0.44501310697790547
Selenomonas noxia,0.8953466641749207,Terrestrial Specialist,9999,1,0,0,0,0.8953466641749207
Microlunatus phosphovorus,-0.49273415557455114,Mostly Aquatic,9999,0,1,0,0,-0.49273415557455114
Saccharopolyspora hirsuta,0.8143123833229622,Terrestrial Specialist,9999,1,0,0,0,0.8143123833229622
Saccharopolyspora hordei,0.8143123833229622,Terrestrial Specialist,9999,1,0,0,0,0.8143123833229622
Methylocella silvestris,0.6026966980770703,Mostly Terrestrial,9999,1,0,0,0,0.6026966980770703
Breznakibacter xylanolyticus,-0.733182801768746,Mostly Aquatic,9999,0,1,0,0,-0.733182801768746
Mahella australiensis,0.4286889742183215,Mostly Terrestrial,9999,1,0,0,0,0.4286889742183215
Novosphingobium aromaticivorans,-0.38847117794486213,Mostly Aquatic,9999,0,1,0,0,-0.38847117794486213
Thalassotalea crassostreae,-0.9104786134520593,Aquatic Specialist,9999,0,1,0,0,-0.9104786134520593
Pandoraea thiooxydans,0.6777367773677738,Mostly Terrestrial,9999,1,0,0,0,0.6777367773677738
Paraburkholderia sediminicola,0.7925089789635711,Mostly Terrestrial,9999,1,0,0,0,0.7925089789635711
Marinococcus halophilus,-0.4036310820624546,Mostly Aquatic,9999,0,1,0,0,-0.4036310820624546
Polaromonas glacialis,-0.29409688520250593,Mostly Aquatic,9999,0,1,0,0,-0.29409688520250593
Marinococcus luteus,-0.4036310820624546,Mostly Aquatic,9999,0,1,0,0,-0.4036310820624546
Polaromonas naphthalenivorans,-0.29409688520250593,Mostly Aquatic,9999,0,1,0,0,-0.29409688520250593
Bowdeniella nasicola,0.4675892206846322,Mostly Terrestrial,9999,1,0,0,0,0.4675892206846322
Lentilactobacillus curieae,0.7277338202475147,Mostly Terrestrial,9999,1,0,0,0,0.7277338202475147
Chitinophaga sedimenti,0.5147478591817317,Mostly Terrestrial,9999,1,0,0,0,0.5147478591817317
Litorimonas cladophorae,-0.9333471904662926,Aquatic Specialist,9999,0,1,0,0,-0.9333471904662926
Brevundimonas aveniformis,-0.06396440929312908,Generalist,9999,0,1,0,0,-0.06396440929312908
Phreatobacter oligotrophus,-0.06936088091724373,Generalist,9999,0,1,0,0,-0.06936088091724373
Euzebya rosea,-0.8157406815421009,Aquatic Specialist,9999,0,1,0,0,-0.8157406815421009
Nevskia soli,0.7321033919477276,Mostly Terrestrial,9999,1,0,0,0,0.7321033919477276
Rahnella inusitata,-0.044371901825655834,Generalist,9999,0,1,0,0,-0.044371901825655834
Rouxiella silvae,-0.044371901825655834,Generalist,9999,0,1,0,0,-0.044371901825655834
Pseudomonas punonensis,0.33057747713892016,Mostly Terrestrial,9999,1,0,0,0,0.33057747713892016
Pseudomonas straminea,0.33057747713892016,Mostly Terrestrial,9999,1,0,0,0,0.33057747713892016
Poseidonibacter parvus,-0.9353677846552467,Aquatic Specialist,9999,0,1,0,0,-0.9353677846552467
Pigmentiphaga litoralis,0.539320503682585,Mostly Terrestrial,9999,1,0,0,0,0.539320503682585
Actinomyces vulturis,0.718869898848971,Mostly Terrestrial,9999,1,0,0,0,0.718869898848971
Rothia amarae,0.598893499308437,Mostly Terrestrial,9999,1,0,0,0,0.598893499308437
Polaribacter dokdonensis,-0.9255085613932387,Aquatic Specialist,9999,0,1,0,0,-0.9255085613932387
Mycolicibacterium hodleri,0.525229357798165,Mostly Terrestrial,9999,1,0,0,0,0.525229357798165
Paenibacillus doosanensis,0.8056420906888196,Terrestrial Specialist,9999,1,0,0,0,0.8056420906888196
Kutzneria buriramensis,0.9735484476127944,Terrestrial Specialist,9999,1,0,0,0,0.9735484476127944
Kutzneria chonburiensis,0.9735484476127944,Terrestrial Specialist,9999,1,0,0,0,0.9735484476127944
Desulfococcus multivorans,-0.6933668097513567,Mostly Aquatic,9999,0,1,0,0,-0.6933668097513567
Mycoplasmopsis bovis,0.34538878842676307,Mostly Terrestrial,9999,1,0,0,0,0.34538878842676307
Cryobacterium roopkundense,-0.0156429518338489,Generalist,9999,0,1,0,0,-0.0156429518338489
Mycolicibacter kumamotonensis,0.41228362183754985,Mostly Terrestrial,9999,1,0,0,0,0.41228362183754985
Morganella psychrotolerans,0.35278906538603616,Mostly Terrestrial,9999,1,0,0,0,0.35278906538603616
Flavimobilis soli,-0.6031312127236581,Mostly Aquatic,9999,0,1,0,0,-0.6031312127236581
Proteiniphilum saccharofermentans,0.094248291571754,Generalist,9999,1,0,0,0,0.094248291571754
Algoriphagus sanaruensis,-0.7598904197888968,Mostly Aquatic,9999,0,1,0,0,-0.7598904197888968
Psychroserpens damuponensis,-0.9532838691948337,Aquatic Specialist,9999,0,1,0,0,-0.9532838691948337
Mucilaginibacter lappiensis,0.8538064907491658,Terrestrial Specialist,9999,1,0,0,0,0.8538064907491658
Corynebacterium lipophiloflavum,0.7901670951156812,Mostly Terrestrial,9999,1,0,0,0,0.7901670951156812
Pantoea stewartii,0.5657657657657658,Mostly Terrestrial,9999,1,0,0,0,0.5657657657657658
Pseudomonas thermotolerans,-0.15540621624864998,Mostly Aquatic,9999,0,1,0,0,-0.15540621624864998
Vulcaniibacterium gelatinicum,0.2192434036240331,Mostly Terrestrial,9999,1,0,0,0,0.2192434036240331
Flavobacterium macrobrachii,-0.385673544707264,Mostly Aquatic,9999,0,1,0,0,-0.385673544707264
Marinospirillum minutulum,0.3347978910369068,Mostly Terrestrial,9999,1,0,0,0,0.3347978910369068
Caballeronia grimmiae,0.8860510805500983,Terrestrial Specialist,9999,1,0,0,0,0.8860510805500983
Nocardioides houyundeii,0.865221213009083,Terrestrial Specialist,9999,1,0,0,0,0.865221213009083
Poseidonibacter lekithochrous,-0.9340318199456732,Aquatic Specialist,9999,0,1,0,0,-0.9340318199456732
Acinetobacter rudis,0.4725274725274725,Mostly Terrestrial,9999,1,0,0,0,0.4725274725274725
Campylobacter corcagiensis,0.7406719085060758,Mostly Terrestrial,9999,1,0,0,0,0.7406719085060758
Dokdonella immobilis,-0.12294213921247715,Mostly Aquatic,9999,0,1,0,0,-0.12294213921247715
Nonlabens dokdonensis,-0.6142013802278207,Mostly Aquatic,9999,0,1,0,0,-0.6142013802278207
Gemmobacter aquaticus,-0.8795676788471437,Aquatic Specialist,9999,0,1,0,0,-0.8795676788471437
Hoyosella altamirensis,0.4029706557179084,Mostly Terrestrial,9999,1,0,0,0,0.4029706557179084
Fulvivirga kasyanovii,-0.5508825268136136,Mostly Aquatic,9999,0,1,0,0,-0.5508825268136136
Bacillus rubiinfantis,0.8642834207428021,Terrestrial Specialist,9999,1,0,0,0,0.8642834207428021
Peptoclostridium acidaminophilum,-0.33715293080652264,Mostly Aquatic,9999,0,1,0,0,-0.33715293080652264
Novispirillum itersonii,-0.5253690036900369,Mostly Aquatic,9999,0,1,0,0,-0.5253690036900369
Photobacterium leiognathi,-0.9415584415584415,Aquatic Specialist,9999,0,1,0,0,-0.9415584415584415
Ferrimonas marina,-0.9231788079470199,Aquatic Specialist,9999,0,1,0,0,-0.9231788079470199
Streptacidiphilus albus,0.9501330292664386,Terrestrial Specialist,9999,1,0,0,0,0.9501330292664386
Acetilactobacillus jinshanensis,0.617946505608283,Mostly Terrestrial,9999,1,0,0,0,0.617946505608283
Aequorivita sinensis,0.12084155161078236,Mostly Terrestrial,9999,1,0,0,0,0.12084155161078236
Treponema pedis,0.9367779204107831,Terrestrial Specialist,9999,1,0,0,0,0.9367779204107831
Clostridium gasigenes,0.018185492018589586,Generalist,9999,1,0,0,0,0.018185492018589586
Paenibacillus kribbensis,0.7504424778761062,Mostly Terrestrial,9999,1,0,0,0,0.7504424778761062
Leifsonia flava,0.6969265214736413,Mostly Terrestrial,9999,1,0,0,0,0.6969265214736413
Tessaracoccus flavescens,-0.6363227691616093,Mostly Aquatic,9999,0,1,0,0,-0.6363227691616093
Pedobacter psychrotolerans,0.5972471009710568,Mostly Terrestrial,9999,1,0,0,0,0.5972471009710568
Actibacterium ureilyticum,-0.8613861386138614,Aquatic Specialist,9999,0,1,0,0,-0.8613861386138614
Weissella kandleri,0.5242105263157895,Mostly Terrestrial,9999,1,0,0,0,0.5242105263157895
Limnobacter litoralis,0.07234201437505834,Generalist,9999,1,0,0,0,0.07234201437505834
Nakamurella multipartita,0.18974358974358982,Mostly Terrestrial,9999,1,0,0,0,0.18974358974358982
Pyramidobacter porci,0.9447696232928109,Terrestrial Specialist,9999,1,0,0,0,0.9447696232928109
Salinarimonas ramus,-0.05795658235411274,Generalist,9999,0,1,0,0,-0.05795658235411274
Arthrobacter glacialis,0.4659511945828542,Mostly Terrestrial,9999,1,0,0,0,0.4659511945828542
Sulfitobacter delicatus,-0.9072735006380264,Aquatic Specialist,9999,0,1,0,0,-0.9072735006380264
Sulfitobacter dubius,-0.9072735006380264,Aquatic Specialist,9999,0,1,0,0,-0.9072735006380264
Sulfitobacter indolifex,-0.9072735006380264,Aquatic Specialist,9999,0,1,0,0,-0.9072735006380264
Mucilaginibacter rigui,0.6229641693811075,Mostly Terrestrial,9999,1,0,0,0,0.6229641693811075
Dehalogenimonas formicexedens,-0.0932894324239574,Generalist,9999,0,1,0,0,-0.0932894324239574
Motilimonas eburnea,-0.41838990766029394,Mostly Aquatic,9999,0,1,0,0,-0.41838990766029394
Gemmatimonas aurantiaca,-0.38895417156286727,Mostly Aquatic,9999,0,1,0,0,-0.38895417156286727
Fructilactobacillus florum,0.24658283214871515,Mostly Terrestrial,9999,1,0,0,0,0.24658283214871515
Algisphaera agarilytica,-0.9325600215807931,Aquatic Specialist,9999,0,1,0,0,-0.9325600215807931
Mycobacterium marinum,0.4802948402948403,Mostly Terrestrial,9999,1,0,0,0,0.4802948402948403
Mycobacterium shottsii,0.4802948402948403,Mostly Terrestrial,9999,1,0,0,0,0.4802948402948403
Mycobacterium pseudoshottsii,0.4501211827435774,Mostly Terrestrial,9999,1,0,0,0,0.4501211827435774
Flammeovirga pacifica,-0.5613598673300165,Mostly Aquatic,9999,0,1,0,0,-0.5613598673300165
Neisseria arctica,-0.4377556984219754,Mostly Aquatic,9999,0,1,0,0,-0.4377556984219754
Paracoccus sulfuroxidans,0.16951249690670628,Mostly Terrestrial,9999,1,0,0,0,0.16951249690670628
Kerstersia gyiorum,-0.12081075657234597,Mostly Aquatic,9999,0,1,0,0,-0.12081075657234597
Brevundimonas aurantiaca,-0.04253693326541013,Generalist,9999,0,1,0,0,-0.04253693326541013
Zymomonas mobilis,0.12864783710237404,Mostly Terrestrial,9999,1,0,0,0,0.12864783710237404
Curtobacterium herbarum,0.7312091503267975,Mostly Terrestrial,9999,1,0,0,0,0.7312091503267975
Alteromonas australica,-0.9668464675700564,Aquatic Specialist,9999,0,1,0,0,-0.9668464675700564
Empedobacter brevis,0.11769784172661875,Mostly Terrestrial,9999,1,0,0,0,0.11769784172661875
Butyricimonas virosa,0.8733111072117915,Terrestrial Specialist,9999,1,0,0,0,0.8733111072117915
Fructobacillus ficulneus,0.5706786651668542,Mostly Terrestrial,9999,1,0,0,0,0.5706786651668542
Bombella intestini,0.5488530161427357,Mostly Terrestrial,9999,1,0,0,0,0.5488530161427357
Methylotenera versatilis,-0.15716811179392207,Mostly Aquatic,9999,0,1,0,0,-0.15716811179392207
Mycolicibacterium llatzerense,-0.2533289495314811,Mostly Aquatic,9999,0,1,0,0,-0.2533289495314811
Clostridium thermobutyricum,0.6240963855421687,Mostly Terrestrial,9999,1,0,0,0,0.6240963855421687
Clostridium thermopalmarium,0.6240963855421687,Mostly Terrestrial,9999,1,0,0,0,0.6240963855421687
Stenotrophomonas tumulicola,0.6861154446177846,Mostly Terrestrial,9999,1,0,0,0,0.6861154446177846
Stenotrophomonas chelatiphaga,0.6861154446177846,Mostly Terrestrial,9999,1,0,0,0,0.6861154446177846
Phycicoccus duodecadis,0.13971712538226305,Mostly Terrestrial,9999,1,0,0,0,0.13971712538226305
Sphingobacterium alkalisoli,0.6091954022988506,Mostly Terrestrial,9999,1,0,0,0,0.6091954022988506
Parabacteroides chinchillae,0.8137765318382059,Terrestrial Specialist,9999,1,0,0,0,0.8137765318382059
Amphritea japonica,-0.8805007871654547,Aquatic Specialist,9999,0,1,0,0,-0.8805007871654547
Maribius salinus,-0.80960240060015,Aquatic Specialist,9999,0,1,0,0,-0.80960240060015
Maribius pelagius,-0.80960240060015,Aquatic Specialist,9999,0,1,0,0,-0.80960240060015
Reichenbachiella agariperforans,-0.8813916057942304,Aquatic Specialist,9999,0,1,0,0,-0.8813916057942304
Weissella muntiaci,0.4994068801897984,Mostly Terrestrial,9999,1,0,0,0,0.4994068801897984
Petrocella atlantisensis,-0.5034275921165381,Mostly Aquatic,9999,0,1,0,0,-0.5034275921165381
Bacillus licheniformis,0.12397612106066912,Mostly Terrestrial,9999,1,0,0,0,0.12397612106066912
Bacillus paralicheniformis,0.12397612106066912,Mostly Terrestrial,9999,1,0,0,0,0.12397612106066912
Bacillus glycinifermentans,0.12397612106066912,Mostly Terrestrial,9999,1,0,0,0,0.12397612106066912
Bacillus sonorensis,0.12397612106066912,Mostly Terrestrial,9999,1,0,0,0,0.12397612106066912
Aggregatibacter actinomycetemcomitans,0.8039137380191694,Terrestrial Specialist,9999,1,0,0,0,0.8039137380191694
Corynebacterium renale,0.7961830646655549,Mostly Terrestrial,9999,1,0,0,0,0.7961830646655549
Streptomyces atratus,0.8909713307659392,Terrestrial Specialist,9999,1,0,0,0,0.8909713307659392
Streptomyces gelaticus,0.8909713307659392,Terrestrial Specialist,9999,1,0,0,0,0.8909713307659392
Streptomyces sanglieri,0.8909713307659392,Terrestrial Specialist,9999,1,0,0,0,0.8909713307659392
Mycobacterium hackensackense,0.3454760263857438,Mostly Terrestrial,9999,1,0,0,0,0.3454760263857438
Mycolicibacterium fluoranthenivorans,0.42344027686839403,Mostly Terrestrial,9999,1,0,0,0,0.42344027686839403
Aquamicrobium lusatiense,0.10815558343789208,Mostly Terrestrial,9999,1,0,0,0,0.10815558343789208
Macrococcus hajekii,0.1751067724222087,Mostly Terrestrial,9999,1,0,0,0,0.1751067724222087
Fundicoccus ignavus,0.5573693297755454,Mostly Terrestrial,9999,1,0,0,0,0.5573693297755454
Propioniciclava tarda,-0.8105459636024264,Aquatic Specialist,9999,0,1,0,0,-0.8105459636024264
Oharaeibacter diazotrophicus,0.417789757412399,Mostly Terrestrial,9999,1,0,0,0,0.417789757412399
Citrobacter amalonaticus,0.5967231428039472,Mostly Terrestrial,9999,1,0,0,0,0.5967231428039472
Citrobacter farmeri,0.5967231428039472,Mostly Terrestrial,9999,1,0,0,0,0.5967231428039472
Pseudoscardovia radai,0.9655234984576301,Terrestrial Specialist,9999,1,0,0,0,0.9655234984576301
Clostridium thermarum,0.5677498467198039,Mostly Terrestrial,9999,1,0,0,0,0.5677498467198039
Fonticella tunisiensis,0.21418276160276734,Mostly Terrestrial,9999,1,0,0,0,0.21418276160276734
Vibrio stylophorae,-0.8996334930927544,Aquatic Specialist,9999,0,1,0,0,-0.8996334930927544
Fodinicola feengrottensis,0.8666891095775122,Terrestrial Specialist,9999,1,0,0,0,0.8666891095775122
Lacunisphaera limnophila,0.16329004329004324,Mostly Terrestrial,9999,1,0,0,0,0.16329004329004324
Mesobacillus boroniphilus,0.22300518134715022,Mostly Terrestrial,9999,1,0,0,0,0.22300518134715022
Kurthia massiliensis,0.6546869210818822,Mostly Terrestrial,9999,1,0,0,0,0.6546869210818822
Mesobacillus selenatarsenatis,0.22300518134715022,Mostly Terrestrial,9999,1,0,0,0,0.22300518134715022
Serratia oryzae,0.03390931531765622,Generalist,9999,1,0,0,0,0.03390931531765622
Sphingopyxis soli,-0.221904459273382,Mostly Aquatic,9999,0,1,0,0,-0.221904459273382
Corallincola spongiicola,-0.895302228635562,Aquatic Specialist,9999,0,1,0,0,-0.895302228635562
Streptococcus ovis,0.8909204563213001,Terrestrial Specialist,9999,1,0,0,0,0.8909204563213001
Herminiimonas contaminans,0.5563453536754507,Mostly Terrestrial,9999,1,0,0,0,0.5563453536754507
Herminiimonas glaciei,0.5563453536754507,Mostly Terrestrial,9999,1,0,0,0,0.5563453536754507
Flavihumibacter profundi,0.2358525009127419,Mostly Terrestrial,9999,1,0,0,0,0.2358525009127419
Yimella lutea,0.4954569748797435,Mostly Terrestrial,9999,1,0,0,0,0.4954569748797435
Streptomyces mirabilis,0.9018573390185735,Terrestrial Specialist,9999,1,0,0,0,0.9018573390185735
Rhodococcus jostii,0.7255713514486234,Mostly Terrestrial,9999,1,0,0,0,0.7255713514486234
Numidum massiliense,0.40169356972744114,Mostly Terrestrial,9999,1,0,0,0,0.40169356972744114
Sphingomonas pseudosanguinis,0.2922822035068342,Mostly Terrestrial,9999,1,0,0,0,0.2922822035068342
Belnapia rosea,0.708069708069708,Mostly Terrestrial,9999,1,0,0,0,0.708069708069708
Nonlabens spongiae,-0.8593873988255832,Aquatic Specialist,9999,0,1,0,0,-0.8593873988255832
Ligilactobacillus pobuzihii,0.8998670801949491,Terrestrial Specialist,9999,1,0,0,0,0.8998670801949491
Pseudomonas koreensis,0.5651621106166562,Mostly Terrestrial,9999,1,0,0,0,0.5651621106166562
Pseudomonas vancouverensis,0.5651621106166562,Mostly Terrestrial,9999,1,0,0,0,0.5651621106166562
Pseudomonas granadensis,0.5651621106166562,Mostly Terrestrial,9999,1,0,0,0,0.5651621106166562
Pseudomonas kribbensis,0.5651621106166562,Mostly Terrestrial,9999,1,0,0,0,0.5651621106166562
Pseudomonas reinekei,0.5651621106166562,Mostly Terrestrial,9999,1,0,0,0,0.5651621106166562
Pseudomonas glycinae,0.5651621106166562,Mostly Terrestrial,9999,1,0,0,0,0.5651621106166562
Paenibacillus curdlanolyticus,0.7901940755873341,Mostly Terrestrial,9999,1,0,0,0,0.7901940755873341
Paraglaciecola arctica,-0.8708773895385478,Aquatic Specialist,9999,0,1,0,0,-0.8708773895385478
Bosea lathyri,0.23193916349809887,Mostly Terrestrial,9999,1,0,0,0,0.23193916349809887
Bosea vaviloviae,0.23193916349809887,Mostly Terrestrial,9999,1,0,0,0,0.23193916349809887
Bosea psychrotolerans,0.23193916349809887,Mostly Terrestrial,9999,1,0,0,0,0.23193916349809887
Vallicoccus soli,0.7426716917922948,Mostly Terrestrial,9999,1,0,0,0,0.7426716917922948
Advenella incenata,0.5954586976380009,Mostly Terrestrial,9999,1,0,0,0,0.5954586976380009
Advenella kashmirensis,0.5954586976380009,Mostly Terrestrial,9999,1,0,0,0,0.5954586976380009
Mariniblastus fucicola,-0.890738369611609,Aquatic Specialist,9999,0,1,0,0,-0.890738369611609
Phenylobacterium deserti,0.6409843400447427,Mostly Terrestrial,9999,1,0,0,0,0.6409843400447427
Melittangium lichenicola,0.8223832370508174,Terrestrial Specialist,9999,1,0,0,0,0.8223832370508174
Providencia vermicola,0.465533522190746,Mostly Terrestrial,9999,1,0,0,0,0.465533522190746
Providencia huaxiensis,0.465533522190746,Mostly Terrestrial,9999,1,0,0,0,0.465533522190746
Nesterenkonia halophila,0.44970565651394934,Mostly Terrestrial,9999,1,0,0,0,0.44970565651394934
Nesterenkonia halobia,0.44970565651394934,Mostly Terrestrial,9999,1,0,0,0,0.44970565651394934
Apilactobacillus ozensis,0.8365313653136531,Terrestrial Specialist,9999,1,0,0,0,0.8365313653136531
Gemmata massiliana,0.48272676888971,Mostly Terrestrial,9999,1,0,0,0,0.48272676888971
Phreatobacter stygius,0.32088787706317595,Mostly Terrestrial,9999,1,0,0,0,0.32088787706317595
Sphingobium boeckii,0.6928333949021057,Mostly Terrestrial,9999,1,0,0,0,0.6928333949021057
Methylobacterium dankookense,0.5649756775538568,Mostly Terrestrial,9999,1,0,0,0,0.5649756775538568
Siphonobacter aquaeclarae,0.033131124591693865,Generalist,9999,1,0,0,0,0.033131124591693865
Ruminiclostridium hungatei,0.4317366533023844,Mostly Terrestrial,9999,1,0,0,0,0.4317366533023844
Niameybacter massiliensis,0.7090032154340835,Mostly Terrestrial,9999,1,0,0,0,0.7090032154340835
Hydromonas duriensis,-0.36117216117216117,Mostly Aquatic,9999,0,1,0,0,-0.36117216117216117
Hydrotalea sandarakina,-0.3344502617801047,Mostly Aquatic,9999,0,1,0,0,-0.3344502617801047
Lentilactobacillus parafarraginis,0.5671852899575671,Mostly Terrestrial,9999,1,0,0,0,0.5671852899575671
Methylosinus trichosporium,0.2521294718909711,Mostly Terrestrial,9999,1,0,0,0,0.2521294718909711
Nisaea nitritireducens,-0.9078876444870336,Aquatic Specialist,9999,0,1,0,0,-0.9078876444870336
Chitinimonas koreensis,0.47809481015502125,Mostly Terrestrial,9999,1,0,0,0,0.47809481015502125
Levilactobacillus zymae,0.6581516095534786,Mostly Terrestrial,9999,1,0,0,0,0.6581516095534786
Levilactobacillus acidifarinae,0.6581516095534786,Mostly Terrestrial,9999,1,0,0,0,0.6581516095534786
Sphingomonas mali,0.5573108653677374,Mostly Terrestrial,9999,1,0,0,0,0.5573108653677374
Sphingomonas pruni,0.5573108653677374,Mostly Terrestrial,9999,1,0,0,0,0.5573108653677374
Zhouia amylolytica,-0.7432271391117821,Mostly Aquatic,9999,0,1,0,0,-0.7432271391117821
Paenibacillus camerounensis,0.6886533176285826,Mostly Terrestrial,9999,1,0,0,0,0.6886533176285826
Chlamydia suis,0.9717324785079412,Terrestrial Specialist,9999,1,0,0,0,0.9717324785079412
Streptomyces xiamenensis,0.6238566595664703,Mostly Terrestrial,9999,1,0,0,0,0.6238566595664703
Pleionea mediterranea,-0.8726878612716763,Aquatic Specialist,9999,0,1,0,0,-0.8726878612716763
Brevundimonas mediterranea,0.11513295280523461,Mostly Terrestrial,9999,1,0,0,0,0.11513295280523461
Conyzicola nivalis,0.6418375914597576,Mostly Terrestrial,9999,1,0,0,0,0.6418375914597576
Myroides marinus,0.43510405257393214,Mostly Terrestrial,9999,1,0,0,0,0.43510405257393214
Limosilactobacillus alvi,0.8871270247229326,Terrestrial Specialist,9999,1,0,0,0,0.8871270247229326
Methylomarinum vadi,-0.6261795632245889,Mostly Aquatic,9999,0,1,0,0,-0.6261795632245889
Pediococcus ethanolidurans,0.8548387096774195,Terrestrial Specialist,9999,1,0,0,0,0.8548387096774195
Bosea thiooxidans,0.2807892946246315,Mostly Terrestrial,9999,1,0,0,0,0.2807892946246315
Propioniciclava sinopodophylli,-0.780004660918201,Mostly Aquatic,9999,0,1,0,0,-0.780004660918201
Rubrobacter xylanophilus,0.34787953288260604,Mostly Terrestrial,9999,1,0,0,0,0.34787953288260604
Cupriavidus taiwanensis,0.7107390957749686,Mostly Terrestrial,9999,1,0,0,0,0.7107390957749686
Cupriavidus nantongensis,0.7107390957749686,Mostly Terrestrial,9999,1,0,0,0,0.7107390957749686
Brevibacterium epidermidis,0.6278527402965184,Mostly Terrestrial,9999,1,0,0,0,0.6278527402965184
Commensalibacter intestini,0.485279685966634,Mostly Terrestrial,9999,1,0,0,0,0.485279685966634
Fulvivirga lutimaris,-0.7139195899407337,Mostly Aquatic,9999,0,1,0,0,-0.7139195899407337
Thermomonas hydrothermalis,-0.35340923001591384,Mostly Aquatic,9999,0,1,0,0,-0.35340923001591384
Rufibacter quisquiliarum,0.14041240005610883,Mostly Terrestrial,9999,1,0,0,0,0.14041240005610883
Rufibacter ruber,0.14041240005610883,Mostly Terrestrial,9999,1,0,0,0,0.14041240005610883
Rhizobium populi,0.36154309825195896,Mostly Terrestrial,9999,1,0,0,0,0.36154309825195896
Hyphomicrobium denitrificans,0.08833595412080286,Generalist,9999,1,0,0,0,0.08833595412080286
Clostridium fallax,0.49169651579290136,Mostly Terrestrial,9999,1,0,0,0,0.49169651579290136
Mesomycoplasma hyorhinis,0.5370825502385426,Mostly Terrestrial,9999,1,0,0,0,0.5370825502385426
Aquabacterium parvum,-0.41694122648528015,Mostly Aquatic,9999,0,1,0,0,-0.41694122648528015
Flaviflexus salsibiostraticola,-0.03911859371131464,Generalist,9999,0,1,0,0,-0.03911859371131464
Blastomonas marina,-0.14012690161302657,Mostly Aquatic,9999,0,1,0,0,-0.14012690161302657
Herbaspirillum robiniae,0.3316062176165803,Mostly Terrestrial,9999,1,0,0,0,0.3316062176165803
Pectinatus cerevisiiphilus,0.3085241730279898,Mostly Terrestrial,9999,1,0,0,0,0.3085241730279898
Pseudorhodobacter wandonensis,-0.7818853974121996,Mostly Aquatic,9999,0,1,0,0,-0.7818853974121996
Archangium violaceum,0.7657078300165117,Mostly Terrestrial,9999,1,0,0,0,0.7657078300165117
Endobacter medicaginis,0.47042606516290736,Mostly Terrestrial,9999,1,0,0,0,0.47042606516290736
Lujinxingia litoralis,-0.2725938608291549,Mostly Aquatic,9999,0,1,0,0,-0.2725938608291549
Halomonas denitrificans,0.13024722083955534,Mostly Terrestrial,9999,1,0,0,0,0.13024722083955534
Acetobacterium bakii,-0.10128298737874206,Mostly Aquatic,9999,0,1,0,0,-0.10128298737874206
Acetobacter suratthaniensis,0.24288213774455222,Mostly Terrestrial,9999,1,0,0,0,0.24288213774455222
Acetobacter papayae,0.24288213774455222,Mostly Terrestrial,9999,1,0,0,0,0.24288213774455222
Chryseobacterium aquaticum,0.06849315068493143,Generalist,9999,1,0,0,0,0.06849315068493143
Actinotignum urinale,0.4152377585292557,Mostly Terrestrial,9999,1,0,0,0,0.4152377585292557
Halotalea alkalilenta,-0.4715439606350385,Mostly Aquatic,9999,0,1,0,0,-0.4715439606350385
Chryseobacterium piscicola,0.4147208121827412,Mostly Terrestrial,9999,1,0,0,0,0.4147208121827412
Muriicola marianensis,-0.8917816599823261,Aquatic Specialist,9999,0,1,0,0,-0.8917816599823261
Pedobacter steynii,0.44250726442507266,Mostly Terrestrial,9999,1,0,0,0,0.44250726442507266
Spongiivirga citrea,-0.9150976658909807,Aquatic Specialist,9999,0,1,0,0,-0.9150976658909807
Cerasibacillus quisquiliarum,0.6981992797118847,Mostly Terrestrial,9999,1,0,0,0,0.6981992797118847
Cochleicola gelatinilyticus,-0.7027027027027027,Mostly Aquatic,9999,0,1,0,0,-0.7027027027027027
Olsenella porci,0.6093216565236751,Mostly Terrestrial,9999,1,0,0,0,0.6093216565236751
Algibacillus agarilyticus,0.16989087301587305,Mostly Terrestrial,9999,1,0,0,0,0.16989087301587305
Maribacter aurantiacus,-0.7898204953419677,Mostly Aquatic,9999,0,1,0,0,-0.7898204953419677
Halomonas caseinilytica,-0.2776649746192893,Mostly Aquatic,9999,0,1,0,0,-0.2776649746192893
Anaerococcus rubeinfantis,0.9782608695652175,Terrestrial Specialist,9999,1,0,0,0,0.9782608695652175
Thiohalobacter thiocyanaticus,-0.7359376078404307,Mostly Aquatic,9999,0,1,0,0,-0.7359376078404307
Desulfomicrobium norvegicum,-0.7584347826086957,Mostly Aquatic,9999,0,1,0,0,-0.7584347826086957
Desulfomicrobium macestii,-0.7584347826086957,Mostly Aquatic,9999,0,1,0,0,-0.7584347826086957
Mycoplasmopsis canis,0.9793538007775843,Terrestrial Specialist,9999,1,0,0,0,0.9793538007775843
Brevirhabdus pacifica,-0.9141746200070697,Aquatic Specialist,9999,0,1,0,0,-0.9141746200070697
Muricauda eckloniae,-0.9102720551288493,Aquatic Specialist,9999,0,1,0,0,-0.9102720551288493
Francisella orientalis,-0.9548484467362596,Aquatic Specialist,9999,0,1,0,0,-0.9548484467362596
Mycobacterium scrofulaceum,0.7201738850426663,Mostly Terrestrial,9999,1,0,0,0,0.7201738850426663
Mycobacterium paraffinicum,0.7201738850426663,Mostly Terrestrial,9999,1,0,0,0,0.7201738850426663
Mycobacterium mantenii,0.7201738850426663,Mostly Terrestrial,9999,1,0,0,0,0.7201738850426663
Mesobacillus maritimus,0.6984058595433004,Mostly Terrestrial,9999,1,0,0,0,0.6984058595433004
Lysinibacillus xylanilyticus,0.7333669778787115,Mostly Terrestrial,9999,1,0,0,0,0.7333669778787115
Proteiniclasticum ruminis,-0.38356602365981024,Mostly Aquatic,9999,0,1,0,0,-0.38356602365981024
Streptococcus sobrinus,0.7226309921962096,Mostly Terrestrial,9999,1,0,0,0,0.7226309921962096
Brachymonas denitrificans,-0.09927200529450696,Generalist,9999,0,1,0,0,-0.09927200529450696
Bacillus badius,0.5471314082177838,Mostly Terrestrial,9999,1,0,0,0,0.5471314082177838
Oceanobacillus luteolus,0.7221333835010818,Mostly Terrestrial,9999,1,0,0,0,0.7221333835010818
Nevskia ramosa,-0.29749877390877877,Mostly Aquatic,9999,0,1,0,0,-0.29749877390877877
Arcanobacterium pluranimalium,0.8555898101573908,Terrestrial Specialist,9999,1,0,0,0,0.8555898101573908
Mucilaginibacter daejeonensis,0.6880713734992842,Mostly Terrestrial,9999,1,0,0,0,0.6880713734992842
Parasphingopyxis lamellibrachiae,-0.7973687973687974,Mostly Aquatic,9999,0,1,0,0,-0.7973687973687974
Kocuria tytonicola,0.4341463414634147,Mostly Terrestrial,9999,1,0,0,0,0.4341463414634147
Halomonas aestuarii,-0.32928538066324153,Mostly Aquatic,9999,0,1,0,0,-0.32928538066324153
Halomonas ventosae,-0.32928538066324153,Mostly Aquatic,9999,0,1,0,0,-0.32928538066324153
Thermus amyloliquefaciens,0.2974957388226039,Mostly Terrestrial,9999,1,0,0,0,0.2974957388226039
Hymenobacter mucosus,0.4708715240018642,Mostly Terrestrial,9999,1,0,0,0,0.4708715240018642
Nocardioides rotundus,0.2398594698179495,Mostly Terrestrial,9999,1,0,0,0,0.2398594698179495
Brachybacterium squillarum,0.1746196403872752,Mostly Terrestrial,9999,1,0,0,0,0.1746196403872752
Bdellovibrio bacteriovorus,-0.1957037592106906,Mostly Aquatic,9999,0,1,0,0,-0.1957037592106906
Deinococcus humi,0.5969264544456641,Mostly Terrestrial,9999,1,0,0,0,0.5969264544456641
Gemmobacter lutimaris,-0.9459459459459459,Aquatic Specialist,9999,0,1,0,0,-0.9459459459459459
Segeticoccus rhizosphaerae,0.6130772550712127,Mostly Terrestrial,9999,1,0,0,0,0.6130772550712127
Ornithinicoccus soli,0.6130772550712127,Mostly Terrestrial,9999,1,0,0,0,0.6130772550712127
Halomonas pantelleriensis,-0.11042995609311572,Mostly Aquatic,9999,0,1,0,0,-0.11042995609311572
Lactobacillus kullabergensis,0.8628242074927954,Terrestrial Specialist,9999,1,0,0,0,0.8628242074927954
Lactobacillus kimbladii,0.8628242074927954,Terrestrial Specialist,9999,1,0,0,0,0.8628242074927954
Paraburkholderia bryophila,0.5355520338087691,Mostly Terrestrial,9999,1,0,0,0,0.5355520338087691
Erwinia amylovora,0.49465193757671394,Mostly Terrestrial,9999,1,0,0,0,0.49465193757671394
Tessaracoccus massiliensis,0.1956437183975107,Mostly Terrestrial,9999,1,0,0,0,0.1956437183975107
Erwinia pyrifoliae,0.49465193757671394,Mostly Terrestrial,9999,1,0,0,0,0.49465193757671394
Vibrio sinensis,-0.8758516275548828,Aquatic Specialist,9999,0,1,0,0,-0.8758516275548828
Paenibacillus illinoisensis,0.8136742634797111,Terrestrial Specialist,9999,1,0,0,0,0.8136742634797111
Afifella marina,0.16647619047619053,Mostly Terrestrial,9999,1,0,0,0,0.16647619047619053
Afifella aestuarii,0.16647619047619053,Mostly Terrestrial,9999,1,0,0,0,0.16647619047619053
Rhodopseudomonas julia,0.16647619047619053,Mostly Terrestrial,9999,1,0,0,0,0.16647619047619053
Martelella mediterranea,-0.2394580863674852,Mostly Aquatic,9999,0,1,0,0,-0.2394580863674852
Tenacibaculum mesophilum,-0.6269510421715948,Mostly Aquatic,9999,0,1,0,0,-0.6269510421715948
Nocardioides kribbensis,0.5080396123948462,Mostly Terrestrial,9999,1,0,0,0,0.5080396123948462
Oryzihumus leptocrescens,0.6472469271509944,Mostly Terrestrial,9999,1,0,0,0,0.6472469271509944
Thiogranum longum,-0.8489103500857743,Aquatic Specialist,9999,0,1,0,0,-0.8489103500857743
Cruoricaptor ignavus,0.6696209692626816,Mostly Terrestrial,9999,1,0,0,0,0.6696209692626816
Variibacter gotjawalensis,0.7478450514072074,Mostly Terrestrial,9999,1,0,0,0,0.7478450514072074
Acetomicrobium mobile,-0.5214099216710182,Mostly Aquatic,9999,0,1,0,0,-0.5214099216710182
Pseudomonas reidholzensis,0.30765212849307916,Mostly Terrestrial,9999,1,0,0,0,0.30765212849307916
Pseudomonas asiatica,-0.28228004956629493,Mostly Aquatic,9999,0,1,0,0,-0.28228004956629493
Pseudomonas entomophila,0.30765212849307916,Mostly Terrestrial,9999,1,0,0,0,0.30765212849307916
Pseudomonas plecoglossicida,0.30765212849307916,Mostly Terrestrial,9999,1,0,0,0,0.30765212849307916
Pseudomonas mosselii,0.30765212849307916,Mostly Terrestrial,9999,1,0,0,0,0.30765212849307916
Pseudomonas juntendi,-0.28228004956629493,Mostly Aquatic,9999,0,1,0,0,-0.28228004956629493
Pseudomonas shirazica,0.2406221408966148,Mostly Terrestrial,9999,1,0,0,0,0.2406221408966148
Pseudomonas taiwanensis,0.30765212849307916,Mostly Terrestrial,9999,1,0,0,0,0.30765212849307916
Pseudomonas alloputida,0.30765212849307916,Mostly Terrestrial,9999,1,0,0,0,0.30765212849307916
Loktanella atrilutea,-0.4470510019944914,Mostly Aquatic,9999,0,1,0,0,-0.4470510019944914
Limosilactobacillus panis,0.7202227934875749,Mostly Terrestrial,9999,1,0,0,0,0.7202227934875749
Woeseia oceani,-0.7505978817902289,Mostly Aquatic,9999,0,1,0,0,-0.7505978817902289
Neptunomonas antarctica,-0.677607335675722,Mostly Aquatic,9999,0,1,0,0,-0.677607335675722
Paracoccus marinus,0.18088066786708135,Mostly Terrestrial,9999,1,0,0,0,0.18088066786708135
Methylococcus capsulatus,-0.2886877828054299,Mostly Aquatic,9999,0,1,0,0,-0.2886877828054299
Paenalcaligenes suwonensis,0.28330871491875914,Mostly Terrestrial,9999,1,0,0,0,0.28330871491875914
Beijerinckia mobilis,0.11539804469273741,Mostly Terrestrial,9999,1,0,0,0,0.11539804469273741
Ruminococcus albus,0.9385457864313964,Terrestrial Specialist,9999,1,0,0,0,0.9385457864313964
Pluralibacter gergoviae,0.6015531660692952,Mostly Terrestrial,9999,1,0,0,0,0.6015531660692952
Lachnospira multipara,0.9477124183006537,Terrestrial Specialist,9999,1,0,0,0,0.9477124183006537
Streptococcus halotolerans,0.40971533777085406,Mostly Terrestrial,9999,1,0,0,0,0.40971533777085406
Parageobacillus caldoxylosilyticus,0.539316918189039,Mostly Terrestrial,9999,1,0,0,0,0.539316918189039
Megasphaera paucivorans,-0.43859292395282634,Mostly Aquatic,9999,0,1,0,0,-0.43859292395282634
Fulvimarina pelagi,-0.41121673003802284,Mostly Aquatic,9999,0,1,0,0,-0.41121673003802284
Rhodococcus yunnanensis,-0.11521152115211526,Mostly Aquatic,9999,0,1,0,0,-0.11521152115211526
Flavobacterium fluvii,-0.15295792470737105,Mostly Aquatic,9999,0,1,0,0,-0.15295792470737105
Weissella soli,0.48952121315385927,Mostly Terrestrial,9999,1,0,0,0,0.48952121315385927
Thioclava nitratireducens,-0.5955705344246509,Mostly Aquatic,9999,0,1,0,0,-0.5955705344246509
Ureaplasma diversum,0.8215850258861013,Terrestrial Specialist,9999,1,0,0,0,0.8215850258861013
Tepidimicrobium xylanilyticum,0.5478841870824054,Mostly Terrestrial,9999,1,0,0,0,0.5478841870824054
Citrobacter gillenii,0.6126848387671477,Mostly Terrestrial,9999,1,0,0,0,0.6126848387671477
Oleiagrimonas soli,0.012563044475011505,Generalist,9999,1,0,0,0,0.012563044475011505
Dethiobacter alkaliphilus,0.45080147965474726,Mostly Terrestrial,9999,1,0,0,0,0.45080147965474726
Ferrimicrobium acidiphilum,-0.08676287190450742,Generalist,9999,0,1,0,0,-0.08676287190450742
Marortus luteolus,-0.9726651480637815,Aquatic Specialist,9999,0,1,0,0,-0.9726651480637815
Nitrosospira multiformis,0.6839241690045056,Mostly Terrestrial,9999,1,0,0,0,0.6839241690045056
Comamonas terrae,-0.3780433425488273,Mostly Aquatic,9999,0,1,0,0,-0.3780433425488273
Shinella curvata,-0.23301103091379546,Mostly Aquatic,9999,0,1,0,0,-0.23301103091379546
Flavobacterium urocaniciphilum,-0.1534990710430859,Mostly Aquatic,9999,0,1,0,0,-0.1534990710430859
Shinella granuli,-0.23301103091379546,Mostly Aquatic,9999,0,1,0,0,-0.23301103091379546
Peptoniphilus indolicus,0.7424028979673979,Mostly Terrestrial,9999,1,0,0,0,0.7424028979673979
Oceanicaulis alexandrii,-0.8818373367045933,Aquatic Specialist,9999,0,1,0,0,-0.8818373367045933
Peribacillus huizhouensis,0.6765166778598611,Mostly Terrestrial,9999,1,0,0,0,0.6765166778598611
Thermoflavimicrobium dichotomicum,0.5947144879660218,Mostly Terrestrial,9999,1,0,0,0,0.5947144879660218
Sphingobacterium tabacisoli,0.6618493714017154,Mostly Terrestrial,9999,1,0,0,0,0.6618493714017154
Mangrovicoccus ximenensis,-0.5561282932416953,Mostly Aquatic,9999,0,1,0,0,-0.5561282932416953
Pseudooceanicola nanhaiensis,-0.9009461127108187,Aquatic Specialist,9999,0,1,0,0,-0.9009461127108187
Paenibacillus glucanolyticus,0.6310513447432763,Mostly Terrestrial,9999,1,0,0,0,0.6310513447432763
Azoarcus olearius,0.16977084349098004,Mostly Terrestrial,9999,1,0,0,0,0.16977084349098004
Marinobacter psychrophilus,-0.7586387826999476,Mostly Aquatic,9999,0,1,0,0,-0.7586387826999476
Acholeplasma hippikon,0.6993751055564938,Mostly Terrestrial,9999,1,0,0,0,0.6993751055564938
Pararhizobium polonicum,0.5746557659208262,Mostly Terrestrial,9999,1,0,0,0,0.5746557659208262
Rhizobium herbae,0.5746557659208262,Mostly Terrestrial,9999,1,0,0,0,0.5746557659208262
Hankyongella ginsenosidimutans,-0.4804984297436936,Mostly Aquatic,9999,0,1,0,0,-0.4804984297436936
Starkeya koreensis,0.15260684716938921,Mostly Terrestrial,9999,1,0,0,0,0.15260684716938921
Marinomonas spartinae,-0.8147896879240162,Aquatic Specialist,9999,0,1,0,0,-0.8147896879240162
Aeromicrobium ginsengisoli,0.8315915198566738,Terrestrial Specialist,9999,1,0,0,0,0.8315915198566738
Mesoflavibacter zeaxanthinifaciens,-0.9239269698910955,Aquatic Specialist,9999,0,1,0,0,-0.9239269698910955
Kitasatospora xanthocidica,0.9445571331981069,Terrestrial Specialist,9999,1,0,0,0,0.9445571331981069
Kitasatospora indigofera,0.9445571331981069,Terrestrial Specialist,9999,1,0,0,0,0.9445571331981069
Kitasatospora aburaviensis,0.9445571331981069,Terrestrial Specialist,9999,1,0,0,0,0.9445571331981069
Carnobacterium jeotgali,0.1375848833776203,Mostly Terrestrial,9999,1,0,0,0,0.1375848833776203
Dehalogenimonas lykanthroporepellens,-0.45992949471210337,Mostly Aquatic,9999,0,1,0,0,-0.45992949471210337
Catenovulum maritimum,-0.7859312156283345,Mostly Aquatic,9999,0,1,0,0,-0.7859312156283345
Paucilactobacillus hokkaidonensis,0.5561854626442599,Mostly Terrestrial,9999,1,0,0,0,0.5561854626442599
Aneurinibacillus tyrosinisolvens,0.7144942077898385,Mostly Terrestrial,9999,1,0,0,0,0.7144942077898385
Calditerricola satsumensis,0.533808844507846,Mostly Terrestrial,9999,1,0,0,0,0.533808844507846
Brevibacillus fluminis,0.6603545527800161,Mostly Terrestrial,9999,1,0,0,0,0.6603545527800161
Anoxybacillus ayderensis,0.3664406779661017,Mostly Terrestrial,9999,1,0,0,0,0.3664406779661017
Anoxybacillus thermarum,0.3664406779661017,Mostly Terrestrial,9999,1,0,0,0,0.3664406779661017
Wolinella succinogenes,-0.314207650273224,Mostly Aquatic,9999,0,1,0,0,-0.314207650273224
Sphingomonas palmae,0.3369407417183582,Mostly Terrestrial,9999,1,0,0,0,0.3369407417183582
Rhizobium rosettiformans,0.785008591065292,Mostly Terrestrial,9999,1,0,0,0,0.785008591065292
Salinispora tropica,0.8951276102088166,Terrestrial Specialist,9999,1,0,0,0,0.8951276102088166
Salinispora fenicalii,0.8951276102088166,Terrestrial Specialist,9999,1,0,0,0,0.8951276102088166
Salinispora pacifica,0.8951276102088166,Terrestrial Specialist,9999,1,0,0,0,0.8951276102088166
Rhodococcus coprophilus,0.38453999754992035,Mostly Terrestrial,9999,1,0,0,0,0.38453999754992035
Wenyingzhuangia aestuarii,-0.9455442529085704,Aquatic Specialist,9999,0,1,0,0,-0.9455442529085704
Nocardioides phosphati,0.8272251308900525,Terrestrial Specialist,9999,1,0,0,0,0.8272251308900525
Sulfitobacter pontiacus,-0.954290053151101,Aquatic Specialist,9999,0,1,0,0,-0.954290053151101
Crenobacter intestini,-0.606100546036528,Mostly Aquatic,9999,0,1,0,0,-0.606100546036528
Methylomicrobium lacus,-0.039393465687040906,Generalist,9999,0,1,0,0,-0.039393465687040906
Oenococcus oeni,0.6833162443240076,Mostly Terrestrial,9999,1,0,0,0,0.6833162443240076
Streptomyces laurentii,0.881451200817578,Terrestrial Specialist,9999,1,0,0,0,0.881451200817578
Desulfobulbus propionicus,-0.6464405160057334,Mostly Aquatic,9999,0,1,0,0,-0.6464405160057334
Aquimarina intermedia,-0.9359349180119487,Aquatic Specialist,9999,0,1,0,0,-0.9359349180119487
Spiroplasma clarkii,-0.14043769932915431,Mostly Aquatic,9999,0,1,0,0,-0.14043769932915431
Aureibacillus halotolerans,0.777447756444256,Mostly Terrestrial,9999,1,0,0,0,0.777447756444256
Fructobacillus tropaeoli,0.6172725595128253,Mostly Terrestrial,9999,1,0,0,0,0.6172725595128253
Fructobacillus pseudoficulneus,0.6172725595128253,Mostly Terrestrial,9999,1,0,0,0,0.6172725595128253
Microcella putealis,0.0064450127877238115,Generalist,9999,1,0,0,0,0.0064450127877238115
Methylomagnum ishizawai,-0.3407254598590338,Mostly Aquatic,9999,0,1,0,0,-0.3407254598590338
Flavobacterium xinjiangense,-0.5873064777016097,Mostly Aquatic,9999,0,1,0,0,-0.5873064777016097
Flavobacterium urumqiense,-0.5873064777016097,Mostly Aquatic,9999,0,1,0,0,-0.5873064777016097
Actinobaculum massiliense,0.9369106806103205,Terrestrial Specialist,9999,1,0,0,0,0.9369106806103205
Phycicoccus endophyticus,0.19402727429656477,Mostly Terrestrial,9999,1,0,0,0,0.19402727429656477
Pseudomonas putida,0.38845475170153765,Mostly Terrestrial,9999,1,0,0,0,0.38845475170153765
Pacificibacter marinus,-0.9420646750048604,Aquatic Specialist,9999,0,1,0,0,-0.9420646750048604
Pacificibacter maritimus,-0.9420646750048604,Aquatic Specialist,9999,0,1,0,0,-0.9420646750048604
Martelella endophytica,0.3296586813652746,Mostly Terrestrial,9999,1,0,0,0,0.3296586813652746
Martelella radicis,0.3296586813652746,Mostly Terrestrial,9999,1,0,0,0,0.3296586813652746
Alysiella crassa,0.4243654822335025,Mostly Terrestrial,9999,1,0,0,0,0.4243654822335025
Thiohalocapsa halophila,-0.8072076410626855,Aquatic Specialist,9999,0,1,0,0,-0.8072076410626855
Corynebacterium falsenii,0.7427566571763524,Mostly Terrestrial,9999,1,0,0,0,0.7427566571763524
Kurthia zopfii,0.28438228438228436,Mostly Terrestrial,9999,1,0,0,0,0.28438228438228436
Corynebacterium tuscaniense,0.8754710209940786,Terrestrial Specialist,9999,1,0,0,0,0.8754710209940786
Legionella geestiana,-0.38837920489296635,Mostly Aquatic,9999,0,1,0,0,-0.38837920489296635
Corynebacterium phocae,0.8400954653937946,Terrestrial Specialist,9999,1,0,0,0,0.8400954653937946
Pectinatus brassicae,-0.6305237315875614,Mostly Aquatic,9999,0,1,0,0,-0.6305237315875614
Carnobacterium viridans,0.3507934062548144,Mostly Terrestrial,9999,1,0,0,0,0.3507934062548144
Fimbriimonas ginsengisoli,0.6882607798638333,Mostly Terrestrial,9999,1,0,0,0,0.6882607798638333
Motilibacter peucedani,0.8550077639751553,Terrestrial Specialist,9999,1,0,0,0,0.8550077639751553
Aneurinibacillus aneurinilyticus,0.6709863210943123,Mostly Terrestrial,9999,1,0,0,0,0.6709863210943123
Aneurinibacillus migulanus,0.6709863210943123,Mostly Terrestrial,9999,1,0,0,0,0.6709863210943123
Anaerobium acetethylicum,0.20401079830312377,Mostly Terrestrial,9999,1,0,0,0,0.20401079830312377
Spirosoma endophyticum,0.7148833113166005,Mostly Terrestrial,9999,1,0,0,0,0.7148833113166005
Sphingobacterium yanglingense,0.5293148104544384,Mostly Terrestrial,9999,1,0,0,0,0.5293148104544384
Dokdonia pacifica,-0.9689479913667063,Aquatic Specialist,9999,0,1,0,0,-0.9689479913667063
Oceanococcus atlanticus,-0.8863403382880574,Aquatic Specialist,9999,0,1,0,0,-0.8863403382880574
Pseudobutyrivibrio ruminis,0.9601231966283029,Terrestrial Specialist,9999,1,0,0,0,0.9601231966283029
Demequina lutea,0.08417898907896017,Generalist,9999,1,0,0,0,0.08417898907896017
Paenirhodobacter enshiensis,-0.47880459770114936,Mostly Aquatic,9999,0,1,0,0,-0.47880459770114936
Brevundimonas albigilva,0.1966069229716788,Mostly Terrestrial,9999,1,0,0,0,0.1966069229716788
Neptunomonas phycophila,-0.9205992509363297,Aquatic Specialist,9999,0,1,0,0,-0.9205992509363297
Paenibacillus algorifonticola,0.8489005825972561,Terrestrial Specialist,9999,1,0,0,0,0.8489005825972561
Ornithobacterium rhinotracheale,-0.32876712328767127,Mostly Aquatic,9999,0,1,0,0,-0.32876712328767127
Anaerococcus provencensis,0.8989431968295905,Terrestrial Specialist,9999,1,0,0,0,0.8989431968295905
Ornithinimicrobium flavum,0.6070481833775144,Mostly Terrestrial,9999,1,0,0,0,0.6070481833775144
Acetobacterium malicum,-0.5110671448002967,Mostly Aquatic,9999,0,1,0,0,-0.5110671448002967
Acetobacterium wieringae,-0.5110671448002967,Mostly Aquatic,9999,0,1,0,0,-0.5110671448002967
Liquorilactobacillus sucicola,0.845514950166113,Terrestrial Specialist,9999,1,0,0,0,0.845514950166113
Faecalicoccus acidiformans,0.9105775922059847,Terrestrial Specialist,9999,1,0,0,0,0.9105775922059847
Liquorilactobacillus hordei,0.6579150579150579,Mostly Terrestrial,9999,1,0,0,0,0.6579150579150579
Kaistia defluvii,0.008315565031982955,Generalist,9999,1,0,0,0,0.008315565031982955
Devosia geojensis,0.12142797284840355,Mostly Terrestrial,9999,1,0,0,0,0.12142797284840355
Capnocytophaga cynodegmi,0.9952906184161606,Terrestrial Specialist,9999,1,0,0,0,0.9952906184161606
Chelativorans oligotrophicus,0.4605448267041822,Mostly Terrestrial,9999,1,0,0,0,0.4605448267041822
Chelativorans multitrophicus,0.4605448267041822,Mostly Terrestrial,9999,1,0,0,0,0.4605448267041822
Polycladomyces abyssicola,0.6391304347826087,Mostly Terrestrial,9999,1,0,0,0,0.6391304347826087
Clostridium pascui,0.3079952737298149,Mostly Terrestrial,9999,1,0,0,0,0.3079952737298149
Blastococcus colisei,0.918803841964551,Terrestrial Specialist,9999,1,0,0,0,0.918803841964551
Mycobacterium cookii,0.9054499764410241,Terrestrial Specialist,9999,1,0,0,0,0.9054499764410241
Rhodanobacter glycinis,0.2896,Mostly Terrestrial,9999,1,0,0,0,0.2896
Zoogloea oleivorans,-0.7819548872180452,Mostly Aquatic,9999,0,1,0,0,-0.7819548872180452
Rhizobium viscosum,0.7924508011614151,Mostly Terrestrial,9999,1,0,0,0,0.7924508011614151
Rhizobium mesosinicum,0.7924508011614151,Mostly Terrestrial,9999,1,0,0,0,0.7924508011614151
Fructilactobacillus lindneri,0.6595169734842088,Mostly Terrestrial,9999,1,0,0,0,0.6595169734842088
Deinococcus ficus,0.18111935266351986,Mostly Terrestrial,9999,1,0,0,0,0.18111935266351986
Kitasatospora mediocidica,0.8670729698566959,Terrestrial Specialist,9999,1,0,0,0,0.8670729698566959
Erysipelothrix larvae,0.6365934586822563,Mostly Terrestrial,9999,1,0,0,0,0.6365934586822563
Mongoliimonas terrestris,0.2940921409214092,Mostly Terrestrial,9999,1,0,0,0,0.2940921409214092
Leeuwenhoekiella palythoae,-0.9286933683519368,Aquatic Specialist,9999,0,1,0,0,-0.9286933683519368
Filimonas zeae,0.43763102725366876,Mostly Terrestrial,9999,1,0,0,0,0.43763102725366876
Halomonas heilongjiangensis,0.4363016115751088,Mostly Terrestrial,9999,1,0,0,0,0.4363016115751088
Neisseria wadsworthii,0.4398277717976319,Mostly Terrestrial,9999,1,0,0,0,0.4398277717976319
Fulvimarina manganoxydans,-0.7673198580465977,Mostly Aquatic,9999,0,1,0,0,-0.7673198580465977
Rhodoblastus acidophilus,0.1972514887769125,Mostly Terrestrial,9999,1,0,0,0,0.1972514887769125
Cellvibrio mixtus,0.517214087851207,Mostly Terrestrial,9999,1,0,0,0,0.517214087851207
Vitreoscilla filiformis,-0.044276617799496445,Generalist,9999,0,1,0,0,-0.044276617799496445
Canibacter oris,0.9110187110187112,Terrestrial Specialist,9999,1,0,0,0,0.9110187110187112
Peribacillus loiseleuriae,0.8362877176396439,Terrestrial Specialist,9999,1,0,0,0,0.8362877176396439
Lichenicola cladoniae,0.6194331983805668,Mostly Terrestrial,9999,1,0,0,0,0.6194331983805668
Halomonas campaniensis,-0.15417683281050312,Mostly Aquatic,9999,0,1,0,0,-0.15417683281050312
Alicyclobacillus ferrooxydans,0.6497902097902098,Mostly Terrestrial,9999,1,0,0,0,0.6497902097902098
Clostridium aciditolerans,0.6124861470262283,Mostly Terrestrial,9999,1,0,0,0,0.6124861470262283
Limibacillus halophilus,-0.8108174453809017,Aquatic Specialist,9999,0,1,0,0,-0.8108174453809017
Legionella longbeachae,0.07360429589852788,Generalist,9999,1,0,0,0,0.07360429589852788
Breznakia blatticola,0.16639566395663957,Mostly Terrestrial,9999,1,0,0,0,0.16639566395663957
Limnohabitans australis,-0.4401609657947686,Mostly Aquatic,9999,0,1,0,0,-0.4401609657947686
Aquitalea magnusonii,-0.23493128449302017,Mostly Aquatic,9999,0,1,0,0,-0.23493128449302017
Acidocella aquatica,0.6563919759558259,Mostly Terrestrial,9999,1,0,0,0,0.6563919759558259
Pseudonocardia dioxanivorans,0.7114883866263931,Mostly Terrestrial,9999,1,0,0,0,0.7114883866263931
Geomicrobium sediminis,0.6778595317725753,Mostly Terrestrial,9999,1,0,0,0,0.6778595317725753
Mucilaginibacter mallensis,0.8832514044943819,Terrestrial Specialist,9999,1,0,0,0,0.8832514044943819
Branchiibius hedensis,0.20810724545164386,Mostly Terrestrial,9999,1,0,0,0,0.20810724545164386
Chryseobacterium polytrichastri,0.2608643886176926,Mostly Terrestrial,9999,1,0,0,0,0.2608643886176926
Epidermidibacterium keratini,0.5341034103410341,Mostly Terrestrial,9999,1,0,0,0,0.5341034103410341
Cumulibacter manganitolerans,0.5341034103410341,Mostly Terrestrial,9999,1,0,0,0,0.5341034103410341
Actinobacillus succinogenes,0.8121484814398201,Terrestrial Specialist,9999,1,0,0,0,0.8121484814398201
Syntrophobacter fumaroxidans,-0.27751531058617673,Mostly Aquatic,9999,0,1,0,0,-0.27751531058617673
Kallotenue papyrolyticum,0.48422777550184354,Mostly Terrestrial,9999,1,0,0,0,0.48422777550184354
Hyalangium minutum,0.7955716739835847,Mostly Terrestrial,9999,1,0,0,0,0.7955716739835847
Flavobacterium haoranii,-0.4207880275926575,Mostly Aquatic,9999,0,1,0,0,-0.4207880275926575
Pseudofrancisella aestuarii,-0.42579293836026333,Mostly Aquatic,9999,0,1,0,0,-0.42579293836026333
Shimia isoporae,-0.8978150518649306,Aquatic Specialist,9999,0,1,0,0,-0.8978150518649306
Alicycliphilus denitrificans,-0.7599257884972171,Mostly Aquatic,9999,0,1,0,0,-0.7599257884972171
Nocardia salmonicida,0.7185808779314491,Mostly Terrestrial,9999,1,0,0,0,0.7185808779314491
Secundilactobacillus pentosiphilus,0.4799334196412058,Mostly Terrestrial,9999,1,0,0,0,0.4799334196412058
Secundilactobacillus silagincola,0.4799334196412058,Mostly Terrestrial,9999,1,0,0,0,0.4799334196412058
Secundilactobacillus mixtipabuli,0.4799334196412058,Mostly Terrestrial,9999,1,0,0,0,0.4799334196412058
Pedobacter cryoconitis,0.5882173692229559,Mostly Terrestrial,9999,1,0,0,0,0.5882173692229559
Sporolactobacillus laevolacticus,0.6169590643274854,Mostly Terrestrial,9999,1,0,0,0,0.6169590643274854
Blastococcus aggregatus,0.6333649738965353,Mostly Terrestrial,9999,1,0,0,0,0.6333649738965353
Chlamydia pneumoniae,0.6395598113477204,Mostly Terrestrial,9999,1,0,0,0,0.6395598113477204
Pararhizobium capsulatum,0.07045385626200341,Generalist,9999,1,0,0,0,0.07045385626200341
Aestuariirhabdus litorea,-0.7510603840518237,Mostly Aquatic,9999,0,1,0,0,-0.7510603840518237
Corynebacterium ureicelerivorans,0.9027552674230147,Terrestrial Specialist,9999,1,0,0,0,0.9027552674230147
Corynebacterium pilbarense,0.9027552674230147,Terrestrial Specialist,9999,1,0,0,0,0.9027552674230147
Falsirhodobacter halotolerans,-0.7475885876738754,Mostly Aquatic,9999,0,1,0,0,-0.7475885876738754
Chryseobacterium indoltheticum,0.7458896779842397,Mostly Terrestrial,9999,1,0,0,0,0.7458896779842397
Mesonia oceanica,-0.8672855648535565,Aquatic Specialist,9999,0,1,0,0,-0.8672855648535565
Emticicia aquatica,-0.9222735832905323,Aquatic Specialist,9999,0,1,0,0,-0.9222735832905323
Cnuella takakiae,0.2582287071598236,Mostly Terrestrial,9999,1,0,0,0,0.2582287071598236
Exiguobacterium profundum,-0.003839338452451241,Generalist,9999,0,1,0,0,-0.003839338452451241
Exiguobacterium marinum,-0.003839338452451241,Generalist,9999,0,1,0,0,-0.003839338452451241
Exiguobacterium aestuarii,-0.003839338452451241,Generalist,9999,0,1,0,0,-0.003839338452451241
Filomicrobium insigne,-0.02147626782169286,Generalist,9999,0,1,0,0,-0.02147626782169286
Altibacter lentus,-0.7990880799015705,Mostly Aquatic,9999,0,1,0,0,-0.7990880799015705
Aerococcus urinaehominis,0.7492497499166388,Mostly Terrestrial,9999,1,0,0,0,0.7492497499166388
Bacillus halotolerans,0.4831908831908832,Mostly Terrestrial,9999,1,0,0,0,0.4831908831908832
Flavicella sediminum,-0.9473560517038779,Aquatic Specialist,9999,0,1,0,0,-0.9473560517038779
Allobacillus halotolerans,0.5186757215619694,Mostly Terrestrial,9999,1,0,0,0,0.5186757215619694
Croceivirga lutea,-0.8738985705893871,Aquatic Specialist,9999,0,1,0,0,-0.8738985705893871
Paenibacillus naphthalenovorans,0.5593527215118252,Mostly Terrestrial,9999,1,0,0,0,0.5593527215118252
Pseudochrobactrum asaccharolyticum,0.10764246797231629,Mostly Terrestrial,9999,1,0,0,0,0.10764246797231629
Pseudochrobactrum kiredjianiae,0.10764246797231629,Mostly Terrestrial,9999,1,0,0,0,0.10764246797231629
Pseudochrobactrum saccharolyticum,0.10764246797231629,Mostly Terrestrial,9999,1,0,0,0,0.10764246797231629
Malaciobacter mytili,-0.7584511987160198,Mostly Aquatic,9999,0,1,0,0,-0.7584511987160198
Mannheimia varigena,0.8635809987819731,Terrestrial Specialist,9999,1,0,0,0,0.8635809987819731
Muricauda lutaonensis,-0.808426194474126,Aquatic Specialist,9999,0,1,0,0,-0.808426194474126
Persicitalea jodogahamensis,-0.5240165181482285,Mostly Aquatic,9999,0,1,0,0,-0.5240165181482285
Kutzneria viridogrisea,0.9583182749066377,Terrestrial Specialist,9999,1,0,0,0,0.9583182749066377
Kutzneria albida,0.9583182749066377,Terrestrial Specialist,9999,1,0,0,0,0.9583182749066377
Jiulongibacter sediminis,-0.8041002277904329,Aquatic Specialist,9999,0,1,0,0,-0.8041002277904329
Proteus hauseri,0.20941008732846195,Mostly Terrestrial,9999,1,0,0,0,0.20941008732846195
Ahrensia marina,-0.7550254204145483,Mostly Aquatic,9999,0,1,0,0,-0.7550254204145483
Brachybacterium phenoliresistens,0.682066089188322,Mostly Terrestrial,9999,1,0,0,0,0.682066089188322
Levilactobacillus namurensis,0.7956335003579098,Mostly Terrestrial,9999,1,0,0,0,0.7956335003579098
Kroppenstedtia pulmonis,0.8005044714515018,Terrestrial Specialist,9999,1,0,0,0,0.8005044714515018
Acidithiobacillus thiooxidans,-0.6261415525114155,Mostly Aquatic,9999,0,1,0,0,-0.6261415525114155
Acidithiobacillus albertensis,-0.6261415525114155,Mostly Aquatic,9999,0,1,0,0,-0.6261415525114155
Celeribacter halophilus,-0.8642939618284317,Aquatic Specialist,9999,0,1,0,0,-0.8642939618284317
Flammeovirga yaeyamensis,-0.7478149857605813,Mostly Aquatic,9999,0,1,0,0,-0.7478149857605813
Sulfurimicrobium lacus,-0.44739995207284927,Mostly Aquatic,9999,0,1,0,0,-0.44739995207284927
Hyphomicrobium sulfonivorans,-0.3178325516415527,Mostly Aquatic,9999,0,1,0,0,-0.3178325516415527
Aeromonas veronii,-0.7144051850303158,Mostly Aquatic,9999,0,1,0,0,-0.7144051850303158
Aeromonas fluvialis,-0.7144051850303158,Mostly Aquatic,9999,0,1,0,0,-0.7144051850303158
Aeromonas jandaei,-0.7144051850303158,Mostly Aquatic,9999,0,1,0,0,-0.7144051850303158
Aeromonas australiensis,-0.7144051850303158,Mostly Aquatic,9999,0,1,0,0,-0.7144051850303158
Aeromonas lacus,-0.7144051850303158,Mostly Aquatic,9999,0,1,0,0,-0.7144051850303158
Elusimicrobium minutum,0.41495652173913045,Mostly Terrestrial,9999,1,0,0,0,0.41495652173913045
Sanguibacter suarezii,0.3733417561591914,Mostly Terrestrial,9999,1,0,0,0,0.3733417561591914
Tessaracoccus lapidicaptus,-0.22241587344148003,Mostly Aquatic,9999,0,1,0,0,-0.22241587344148003
Salinicola halophyticus,-0.4637980968142325,Mostly Aquatic,9999,0,1,0,0,-0.4637980968142325
Salinicola salarius,-0.4637980968142325,Mostly Aquatic,9999,0,1,0,0,-0.4637980968142325
Flavobacterium gilvum,-0.04056708514817656,Generalist,9999,0,1,0,0,-0.04056708514817656
Izhakiella capsodis,0.6641221374045801,Mostly Terrestrial,9999,1,0,0,0,0.6641221374045801
Dactylosporangium aurantiacum,0.9313063063063064,Terrestrial Specialist,9999,1,0,0,0,0.9313063063063064
Dactylosporangium siamense,0.9313063063063064,Terrestrial Specialist,9999,1,0,0,0,0.9313063063063064
Labedaea rhizosphaerae,0.9393415874844036,Terrestrial Specialist,9999,1,0,0,0,0.9393415874844036
Pricia antarctica,-0.752756639229694,Mostly Aquatic,9999,0,1,0,0,-0.752756639229694
Rhodovulum visakhapatnamense,-0.7154650522839845,Mostly Aquatic,9999,0,1,0,0,-0.7154650522839845
Rhodovulum viride,-0.7154650522839845,Mostly Aquatic,9999,0,1,0,0,-0.7154650522839845
Marinomonas primoryensis,-0.8573935236879886,Aquatic Specialist,9999,0,1,0,0,-0.8573935236879886
Tepidamorphus gemmatus,0.045281264528126426,Generalist,9999,1,0,0,0,0.045281264528126426
Paenibacillus antarcticus,0.8772640807211975,Terrestrial Specialist,9999,1,0,0,0,0.8772640807211975
Paenibacillus macquariensis,0.8772640807211975,Terrestrial Specialist,9999,1,0,0,0,0.8772640807211975
Bacillus niameyensis,0.7139082392505406,Mostly Terrestrial,9999,1,0,0,0,0.7139082392505406
Phyllobacterium brassicacearum,0.7834562165437835,Mostly Terrestrial,9999,1,0,0,0,0.7834562165437835
Jinshanibacter zhutongyuii,0.524505588993981,Mostly Terrestrial,9999,1,0,0,0,0.524505588993981
Thalassobacter stenotrophicus,-0.9283486837334107,Aquatic Specialist,9999,0,1,0,0,-0.9283486837334107
Imtechella halotolerans,-0.22431259044862525,Mostly Aquatic,9999,0,1,0,0,-0.22431259044862525
Luteibacter rhizovicinus,0.9157266710170598,Terrestrial Specialist,9999,1,0,0,0,0.9157266710170598
Pedobacter lusitanus,0.7390808963159895,Mostly Terrestrial,9999,1,0,0,0,0.7390808963159895
Saccharomonospora azurea,0.8069036579082945,Terrestrial Specialist,9999,1,0,0,0,0.8069036579082945
Alcaligenes endophyticus,0.30434782608695654,Mostly Terrestrial,9999,1,0,0,0,0.30434782608695654
Moraxella cuniculi,0.7671486837226548,Mostly Terrestrial,9999,1,0,0,0,0.7671486837226548
Prevotella oris,0.9115173674588665,Terrestrial Specialist,9999,1,0,0,0,0.9115173674588665
Neisseria zoodegmatis,0.8529926496324816,Terrestrial Specialist,9999,1,0,0,0,0.8529926496324816
Paenalcaligenes hominis,0.39947245017585,Mostly Terrestrial,9999,1,0,0,0,0.39947245017585
Cupriavidus gilardii,0.6626360338573157,Mostly Terrestrial,9999,1,0,0,0,0.6626360338573157
Roseivivax halodurans,-0.7496680534655218,Mostly Aquatic,9999,0,1,0,0,-0.7496680534655218
Spirosoma radiotolerans,0.5305668281188637,Mostly Terrestrial,9999,1,0,0,0,0.5305668281188637
Bhargavaea beijingensis,0.6074414223478158,Mostly Terrestrial,9999,1,0,0,0,0.6074414223478158
Bhargavaea cecembensis,0.6074414223478158,Mostly Terrestrial,9999,1,0,0,0,0.6074414223478158
Rhizobium glycinendophyticum,0.1789840164583004,Mostly Terrestrial,9999,1,0,0,0,0.1789840164583004
Tsuneonella rigui,-0.0521083588766465,Generalist,9999,0,1,0,0,-0.0521083588766465
Cronobacter malonaticus,0.5566809505259057,Mostly Terrestrial,9999,1,0,0,0,0.5566809505259057
Cronobacter sakazakii,0.5566809505259057,Mostly Terrestrial,9999,1,0,0,0,0.5566809505259057
Rubrivirga marina,-0.872192513368984,Aquatic Specialist,9999,0,1,0,0,-0.872192513368984
Vibrio litoralis,-0.4905572030591541,Mostly Aquatic,9999,0,1,0,0,-0.4905572030591541
Promicromonospora citrea,0.8973393574297188,Terrestrial Specialist,9999,1,0,0,0,0.8973393574297188
Promicromonospora thailandica,0.8973393574297188,Terrestrial Specialist,9999,1,0,0,0,0.8973393574297188
Pseudomonas marincola,-0.10142436149312375,Mostly Aquatic,9999,0,1,0,0,-0.10142436149312375
Pseudomonas segetis,-0.10142436149312375,Mostly Aquatic,9999,0,1,0,0,-0.10142436149312375
Simiduia curdlanivorans,-0.9313784764207981,Aquatic Specialist,9999,0,1,0,0,-0.9313784764207981
Herbaspirillum aquaticum,0.4225069078121075,Mostly Terrestrial,9999,1,0,0,0,0.4225069078121075
Herbaspirillum huttiense,0.4225069078121075,Mostly Terrestrial,9999,1,0,0,0,0.4225069078121075
Marinobacterium zhoushanense,-0.4799210006583279,Mostly Aquatic,9999,0,1,0,0,-0.4799210006583279
Luteipulveratus mongoliensis,0.6165383056343737,Mostly Terrestrial,9999,1,0,0,0,0.6165383056343737
Gaiella occulta,0.2861868573983014,Mostly Terrestrial,9999,1,0,0,0,0.2861868573983014
Acetivibrio clariflavus,0.6330295377182388,Mostly Terrestrial,9999,1,0,0,0,0.6330295377182388
Thiopseudomonas denitrificans,0.0013185654008439004,Generalist,9999,1,0,0,0,0.0013185654008439004
Dethiosulfovibrio salsuginis,-0.5605904565739787,Mostly Aquatic,9999,0,1,0,0,-0.5605904565739787
Microbacter margulisiae,0.6716933710336161,Mostly Terrestrial,9999,1,0,0,0,0.6716933710336161
Ethanoligenens harbinense,0.2817017275825597,Mostly Terrestrial,9999,1,0,0,0,0.2817017275825597
Borreliella bavariensis,0.2627916496111338,Mostly Terrestrial,9999,1,0,0,0,0.2627916496111338
Borreliella bissettiae,0.2627916496111338,Mostly Terrestrial,9999,1,0,0,0,0.2627916496111338
Borreliella lanei,0.2627916496111338,Mostly Terrestrial,9999,1,0,0,0,0.2627916496111338
Borreliella garinii,0.2627916496111338,Mostly Terrestrial,9999,1,0,0,0,0.2627916496111338
Borreliella americana,0.2627916496111338,Mostly Terrestrial,9999,1,0,0,0,0.2627916496111338
Borreliella burgdorferi,0.2627916496111338,Mostly Terrestrial,9999,1,0,0,0,0.2627916496111338
Borreliella californiensis,0.2627916496111338,Mostly Terrestrial,9999,1,0,0,0,0.2627916496111338
Borrelia maritima,0.2627916496111338,Mostly Terrestrial,9999,1,0,0,0,0.2627916496111338
Legionella quinlivanii,-0.08454657077705667,Generalist,9999,0,1,0,0,-0.08454657077705667
Aetherobacter rufus,0.7582417582417583,Mostly Terrestrial,9999,1,0,0,0,0.7582417582417583
Sphingomonas lacunae,-0.7996781979082863,Mostly Aquatic,9999,0,1,0,0,-0.7996781979082863
Rhodococcus tukisamuensis,0.699614890885751,Mostly Terrestrial,9999,1,0,0,0,0.699614890885751
Vogesella alkaliphila,-0.26243395118678187,Mostly Aquatic,9999,0,1,0,0,-0.26243395118678187
Rahnella bruchi,0.3451236703831859,Mostly Terrestrial,9999,1,0,0,0,0.3451236703831859
Rahnella woolbedingensis,0.3451236703831859,Mostly Terrestrial,9999,1,0,0,0,0.3451236703831859
Rahnella victoriana,0.46262254901960786,Mostly Terrestrial,9999,1,0,0,0,0.46262254901960786
Clostridium guangxiense,0.4627450980392157,Mostly Terrestrial,9999,1,0,0,0,0.4627450980392157
Sphingomonas koreensis,-0.28496702297020693,Mostly Aquatic,9999,0,1,0,0,-0.28496702297020693
Barrientosiimonas endolithica,0.5806927044952099,Mostly Terrestrial,9999,1,0,0,0,0.5806927044952099
Hazenella coriacea,0.6827351879379912,Mostly Terrestrial,9999,1,0,0,0,0.6827351879379912
Barrientosiimonas humi,0.5806927044952099,Mostly Terrestrial,9999,1,0,0,0,0.5806927044952099
Marinobacter lutaoensis,-0.7985994034496174,Mostly Aquatic,9999,0,1,0,0,-0.7985994034496174
Saccharomonospora iraqiensis,0.7877440079070916,Mostly Terrestrial,9999,1,0,0,0,0.7877440079070916
Pareuzebyella sediminis,-0.8396906310423624,Aquatic Specialist,9999,0,1,0,0,-0.8396906310423624
Patulibacter medicamentivorans,0.7691824463788925,Mostly Terrestrial,9999,1,0,0,0,0.7691824463788925
Methylobacterium platani,0.4583170254403131,Mostly Terrestrial,9999,1,0,0,0,0.4583170254403131
Hornefia porci,0.9261955982128083,Terrestrial Specialist,9999,1,0,0,0,0.9261955982128083
Hathewaya histolytica,0.24459438736390116,Mostly Terrestrial,9999,1,0,0,0,0.24459438736390116
Deinococcus ruber,0.48379083343684015,Mostly Terrestrial,9999,1,0,0,0,0.48379083343684015
Donghicola tyrosinivorans,-0.9460350511886171,Aquatic Specialist,9999,0,1,0,0,-0.9460350511886171
Streptococcus macacae,0.7356205852674068,Mostly Terrestrial,9999,1,0,0,0,0.7356205852674068
Abyssisolibacter fermentans,0.2933284546895963,Mostly Terrestrial,9999,1,0,0,0,0.2933284546895963
Paracraurococcus ruber,0.7185048454083987,Mostly Terrestrial,9999,1,0,0,0,0.7185048454083987
Sphingobacterium caeni,0.39116985376827895,Mostly Terrestrial,9999,1,0,0,0,0.39116985376827895
Methylocystis rosea,-0.2547096774193549,Mostly Aquatic,9999,0,1,0,0,-0.2547096774193549
Methylocystis hirsuta,-0.2547096774193549,Mostly Aquatic,9999,0,1,0,0,-0.2547096774193549
Gordonia oryzae,-0.018386491557223248,Generalist,9999,0,1,0,0,-0.018386491557223248
Gordonia polyisoprenivorans,-0.018386491557223248,Generalist,9999,0,1,0,0,-0.018386491557223248
Muribacter muris,0.8152337858220212,Terrestrial Specialist,9999,1,0,0,0,0.8152337858220212
Paludisphaera borealis,0.7638376383763839,Mostly Terrestrial,9999,1,0,0,0,0.7638376383763839
Anoxybacillus mongoliensis,0.30417818240936434,Mostly Terrestrial,9999,1,0,0,0,0.30417818240936434
Anoxybacillus tengchongensis,0.30417818240936434,Mostly Terrestrial,9999,1,0,0,0,0.30417818240936434
Actinospica acidiphila,1,Terrestrial Specialist,9999,1,0,0,0,1
Croceicoccus naphthovorans,0.5090379008746355,Mostly Terrestrial,9999,1,0,0,0,0.5090379008746355
Oceanibaculum pacificum,-0.48367816091954025,Mostly Aquatic,9999,0,1,0,0,-0.48367816091954025
Shimia marina,-0.9664340939091081,Aquatic Specialist,9999,0,1,0,0,-0.9664340939091081
Microscilla marina,-0.44517855649410387,Mostly Aquatic,9999,0,1,0,0,-0.44517855649410387
Marinobacterium aestuarii,-0.6237954768928221,Mostly Aquatic,9999,0,1,0,0,-0.6237954768928221
Marinobacterium profundum,-0.6237954768928221,Mostly Aquatic,9999,0,1,0,0,-0.6237954768928221
Tepidiphilus succinatimandens,0.09220051905477383,Generalist,9999,1,0,0,0,0.09220051905477383
Tepidiphilus thermophilus,0.09220051905477383,Generalist,9999,1,0,0,0,0.09220051905477383
Thermovirga lienii,-0.19965107403772756,Mostly Aquatic,9999,0,1,0,0,-0.19965107403772756
Corynebacterium spheniscorum,0.5647040546838589,Mostly Terrestrial,9999,1,0,0,0,0.5647040546838589
Sphingopyxis panaciterrae,0.37936681222707425,Mostly Terrestrial,9999,1,0,0,0,0.37936681222707425
Dyella thiooxydans,0.4573868798836998,Mostly Terrestrial,9999,1,0,0,0,0.4573868798836998
Mycoplasmopsis cynos,0.9146944778713733,Terrestrial Specialist,9999,1,0,0,0,0.9146944778713733
Zooshikella ganghwensis,-0.7553806617410856,Mostly Aquatic,9999,0,1,0,0,-0.7553806617410856
Sphingobium limneticum,0.003771805752003775,Generalist,9999,1,0,0,0,0.003771805752003775
Paraurantiacibacter namhicola,-0.8868636077938403,Aquatic Specialist,9999,0,1,0,0,-0.8868636077938403
Geodermatophilus africanus,0.8935149654643132,Terrestrial Specialist,9999,1,0,0,0,0.8935149654643132
Parasphingopyxis algicola,-0.907685881370092,Aquatic Specialist,9999,0,1,0,0,-0.907685881370092
Streptomyces chryseus,0.8360880195599023,Terrestrial Specialist,9999,1,0,0,0,0.8360880195599023
Treponema phagedenis,0.6890489303113748,Mostly Terrestrial,9999,1,0,0,0,0.6890489303113748
Streptomyces albidochromogenes,0.8360880195599023,Terrestrial Specialist,9999,1,0,0,0,0.8360880195599023
Corynebacterium hansenii,0.8587890982257179,Terrestrial Specialist,9999,1,0,0,0,0.8587890982257179
Serinibacter arcticus,0.30690595184007274,Mostly Terrestrial,9999,1,0,0,0,0.30690595184007274
Lysobacter soli,0.8979865771812081,Terrestrial Specialist,9999,1,0,0,0,0.8979865771812081
Alloscardovia criceti,0.9041881812966149,Terrestrial Specialist,9999,1,0,0,0,0.9041881812966149
Chryseobacterium glaciei,0.28047028086218156,Mostly Terrestrial,9999,1,0,0,0,0.28047028086218156
Aurantiacibacter gangjinensis,-0.7148345411682528,Mostly Aquatic,9999,0,1,0,0,-0.7148345411682528
Terribacillus aidingensis,0.5791445519825165,Mostly Terrestrial,9999,1,0,0,0,0.5791445519825165
Gordonia paraffinivorans,-0.04874572405929307,Generalist,9999,0,1,0,0,-0.04874572405929307
Photobacterium aphoticum,-0.7746817680665532,Mostly Aquatic,9999,0,1,0,0,-0.7746817680665532
Flavobacterium album,0.25728911640329405,Mostly Terrestrial,9999,1,0,0,0,0.25728911640329405
Agrococcus sediminis,0.4405207035036699,Mostly Terrestrial,9999,1,0,0,0,0.4405207035036699
Agrococcus lahaulensis,0.4405207035036699,Mostly Terrestrial,9999,1,0,0,0,0.4405207035036699
Anaerosalibacter massiliensis,0.6855160194891481,Mostly Terrestrial,9999,1,0,0,0,0.6855160194891481
Pseudomonas alcaligenes,0.4399363564041368,Mostly Terrestrial,9999,1,0,0,0,0.4399363564041368
Solirubrobacter ginsenosidimutans,0.9656375838926174,Terrestrial Specialist,9999,1,0,0,0,0.9656375838926174
Veillonella denticariosi,0.9889188805228015,Terrestrial Specialist,9999,1,0,0,0,0.9889188805228015
Nakamurella deserti,0.7209821428571428,Mostly Terrestrial,9999,1,0,0,0,0.7209821428571428
Cobetia crustatorum,-0.7663436123348016,Mostly Aquatic,9999,0,1,0,0,-0.7663436123348016
Psychrobacter submarinus,-0.6961982635083874,Mostly Aquatic,9999,0,1,0,0,-0.6961982635083874
Paracoccus sphaerophysae,-0.12006339981508381,Mostly Aquatic,9999,0,1,0,0,-0.12006339981508381
Idiomarina fontislapidosi,-0.20880552299075159,Mostly Aquatic,9999,0,1,0,0,-0.20880552299075159
Glycocaulis albus,-0.40363356724021915,Mostly Aquatic,9999,0,1,0,0,-0.40363356724021915
Glycocaulis abyssi,-0.40363356724021915,Mostly Aquatic,9999,0,1,0,0,-0.40363356724021915
Glycocaulis alkaliphilus,-0.40363356724021915,Mostly Aquatic,9999,0,1,0,0,-0.40363356724021915
Wenxinia saemankumensis,-0.751783374581453,Mostly Aquatic,9999,0,1,0,0,-0.751783374581453
Rathayibacter caricis,0.6779141104294477,Mostly Terrestrial,9999,1,0,0,0,0.6779141104294477
Rathayibacter oskolensis,0.6779141104294477,Mostly Terrestrial,9999,1,0,0,0,0.6779141104294477
Chromohalobacter salexigens,-0.5838904288276537,Mostly Aquatic,9999,0,1,0,0,-0.5838904288276537
Chromohalobacter israelensis,-0.5838904288276537,Mostly Aquatic,9999,0,1,0,0,-0.5838904288276537
Irregularibacter muris,0.4937804218496484,Mostly Terrestrial,9999,1,0,0,0,0.4937804218496484
Polynucleobacter acidiphobus,-0.975246855133234,Aquatic Specialist,9999,0,1,0,0,-0.975246855133234
Xanthomonas massiliensis,0.6063342818260548,Mostly Terrestrial,9999,1,0,0,0,0.6063342818260548
Pseudactinotalea suaedae,0.2812706816677697,Mostly Terrestrial,9999,1,0,0,0,0.2812706816677697
Actinotalea caeni,0.2812706816677697,Mostly Terrestrial,9999,1,0,0,0,0.2812706816677697
Nitratireductor indicus,0.21793680297397777,Mostly Terrestrial,9999,1,0,0,0,0.21793680297397777
Eubacterium aggregans,-0.7405149894265456,Mostly Aquatic,9999,0,1,0,0,-0.7405149894265456
Planococcus halocryophilus,0.38868086016903824,Mostly Terrestrial,9999,1,0,0,0,0.38868086016903824
Planococcus donghaensis,0.38868086016903824,Mostly Terrestrial,9999,1,0,0,0,0.38868086016903824
Knoellia flava,0.49534024969228063,Mostly Terrestrial,9999,1,0,0,0,0.49534024969228063
Sedimentitalea nanhaiensis,-0.8908994498574934,Aquatic Specialist,9999,0,1,0,0,-0.8908994498574934
Anaerobacillus alkalilacustris,0.4678124528870798,Mostly Terrestrial,9999,1,0,0,0,0.4678124528870798
Lonsdalea populi,0.6351273148148148,Mostly Terrestrial,9999,1,0,0,0,0.6351273148148148
Deinococcus radiopugnans,0.26214937088768325,Mostly Terrestrial,9999,1,0,0,0,0.26214937088768325
Spirosoma oryzae,0.7969362308514428,Mostly Terrestrial,9999,1,0,0,0,0.7969362308514428
Rhodoferax sediminis,-0.47098350641417225,Mostly Aquatic,9999,0,1,0,0,-0.47098350641417225
Pseudonocardia hydrocarbonoxydans,0.7662816655343103,Mostly Terrestrial,9999,1,0,0,0,0.7662816655343103
Pseudonocardia sulfidoxydans,0.7662816655343103,Mostly Terrestrial,9999,1,0,0,0,0.7662816655343103
Moraxella pluranimalium,0.3019781435883248,Mostly Terrestrial,9999,1,0,0,0,0.3019781435883248
Moraxella porci,0.3019781435883248,Mostly Terrestrial,9999,1,0,0,0,0.3019781435883248
Geodermatophilus siccatus,0.6968909110605569,Mostly Terrestrial,9999,1,0,0,0,0.6968909110605569
Jatrophihabitans endophyticus,0.8445795339412361,Terrestrial Specialist,9999,1,0,0,0,0.8445795339412361
Aliihoeflea aestuarii,0.4429459364371995,Mostly Terrestrial,9999,1,0,0,0,0.4429459364371995
Singulisphaera acidiphila,0.8978410656867248,Terrestrial Specialist,9999,1,0,0,0,0.8978410656867248
Persicirhabdus sediminis,-0.9219401947148819,Aquatic Specialist,9999,0,1,0,0,-0.9219401947148819
Agreia bicolorata,0.6202933985330072,Mostly Terrestrial,9999,1,0,0,0,0.6202933985330072
Agreia pratensis,0.6202933985330072,Mostly Terrestrial,9999,1,0,0,0,0.6202933985330072
Fructobacillus fructosus,0.8457350272232305,Terrestrial Specialist,9999,1,0,0,0,0.8457350272232305
Agrobacterium rosae,0.83464885650678,Terrestrial Specialist,9999,1,0,0,0,0.83464885650678
Rhizobium skierniewicense,0.83464885650678,Terrestrial Specialist,9999,1,0,0,0,0.83464885650678
Polaromonas eurypsychrophila,-0.04756935385685716,Generalist,9999,0,1,0,0,-0.04756935385685716
Jonesia denitrificans,0.5552723797387703,Mostly Terrestrial,9999,1,0,0,0,0.5552723797387703
Schleiferilactobacillus harbinensis,-0.039459261965655835,Generalist,9999,0,1,0,0,-0.039459261965655835
Mesoplasma syrphidae,0.941805072743659,Terrestrial Specialist,9999,1,0,0,0,0.941805072743659
Sphaerochaeta pleomorpha,-0.009190809190809208,Generalist,9999,0,1,0,0,-0.009190809190809208
Paenibacillus baekrokdamisoli,0.8863259460274385,Terrestrial Specialist,9999,1,0,0,0,0.8863259460274385
Rubellimicrobium rubrum,0.6743776716117676,Mostly Terrestrial,9999,1,0,0,0,0.6743776716117676
Olleya namhaensis,-0.9171128572421945,Aquatic Specialist,9999,0,1,0,0,-0.9171128572421945
Oceanibacterium hippocampi,-0.38126737609049954,Mostly Aquatic,9999,0,1,0,0,-0.38126737609049954
Lacticaseibacillus saniviri,0.4987318422872953,Mostly Terrestrial,9999,1,0,0,0,0.4987318422872953
Pseudarthrobacter sulfonivorans,0.8457781534704613,Terrestrial Specialist,9999,1,0,0,0,0.8457781534704613
Pseudarthrobacter siccitolerans,0.8457781534704613,Terrestrial Specialist,9999,1,0,0,0,0.8457781534704613
Pseudarthrobacter scleromae,0.8457781534704613,Terrestrial Specialist,9999,1,0,0,0,0.8457781534704613
Pseudarthrobacter polychromogenes,0.8457781534704613,Terrestrial Specialist,9999,1,0,0,0,0.8457781534704613
Pseudarthrobacter oxydans,0.8457781534704613,Terrestrial Specialist,9999,1,0,0,0,0.8457781534704613
Arthrobacter ginsengisoli,0.8457781534704613,Terrestrial Specialist,9999,1,0,0,0,0.8457781534704613
Sphingobium indicum,-0.33939393939393936,Mostly Aquatic,9999,0,1,0,0,-0.33939393939393936
Novosphingobium indicum,-0.48223278246684154,Mostly Aquatic,9999,0,1,0,0,-0.48223278246684154
Marixanthomonas ophiurae,-0.9016186340307935,Aquatic Specialist,9999,0,1,0,0,-0.9016186340307935
Nitratireductor aquibiodomus,-0.5938903863432164,Mostly Aquatic,9999,0,1,0,0,-0.5938903863432164
Nitratireductor kimnyeongensis,-0.5938903863432164,Mostly Aquatic,9999,0,1,0,0,-0.5938903863432164
Flavobacterium lindanitolerans,0.06274468310231722,Generalist,9999,1,0,0,0,0.06274468310231722
Ectothiorhodospira variabilis,-0.5142954390742002,Mostly Aquatic,9999,0,1,0,0,-0.5142954390742002
Achromobacter mucicolens,0.5271426746710945,Mostly Terrestrial,9999,1,0,0,0,0.5271426746710945
Mycobacterium persicum,0.45354628198523095,Mostly Terrestrial,9999,1,0,0,0,0.45354628198523095
Mycobacterium kansasii,0.45354628198523095,Mostly Terrestrial,9999,1,0,0,0,0.45354628198523095
Mycobacterium gastri,0.45354628198523095,Mostly Terrestrial,9999,1,0,0,0,0.45354628198523095
Mycobacterium malmoense,0.45354628198523095,Mostly Terrestrial,9999,1,0,0,0,0.45354628198523095
Mycobacterium szulgai,0.5499398315282792,Mostly Terrestrial,9999,1,0,0,0,0.5499398315282792
Mycobacterium pseudokansasii,0.5499398315282792,Mostly Terrestrial,9999,1,0,0,0,0.5499398315282792
Mycobacterium attenuatum,0.5499398315282792,Mostly Terrestrial,9999,1,0,0,0,0.5499398315282792
Mycobacterium nebraskense,0.45354628198523095,Mostly Terrestrial,9999,1,0,0,0,0.45354628198523095
Mycobacterium seoulense,0.5499398315282792,Mostly Terrestrial,9999,1,0,0,0,0.5499398315282792
Mycobacterium angelicum,0.5499398315282792,Mostly Terrestrial,9999,1,0,0,0,0.5499398315282792
Mycobacterium riyadhense,0.5499398315282792,Mostly Terrestrial,9999,1,0,0,0,0.5499398315282792
Mycobacterium bohemicum,0.5499398315282792,Mostly Terrestrial,9999,1,0,0,0,0.5499398315282792
Mycobacterium paraseoulense,0.5499398315282792,Mostly Terrestrial,9999,1,0,0,0,0.5499398315282792
Halomonas shengliensis,-0.4766891049613564,Mostly Aquatic,9999,0,1,0,0,-0.4766891049613564
Acinetobacter qingfengensis,-0.5362028695362029,Mostly Aquatic,9999,0,1,0,0,-0.5362028695362029
Neptuniibacter pectenicola,-0.8702853394555593,Aquatic Specialist,9999,0,1,0,0,-0.8702853394555593
Spirochaeta lutea,-0.14517514555693423,Mostly Aquatic,9999,0,1,0,0,-0.14517514555693423
Defluviicoccus vanus,-0.6326985601486299,Mostly Aquatic,9999,0,1,0,0,-0.6326985601486299
Acetobacter farinalis,0.6054064958644341,Mostly Terrestrial,9999,1,0,0,0,0.6054064958644341
Acetobacter cerevisiae,0.6054064958644341,Mostly Terrestrial,9999,1,0,0,0,0.6054064958644341
Acetobacter malorum,0.6054064958644341,Mostly Terrestrial,9999,1,0,0,0,0.6054064958644341
Acetobacter persici,0.6054064958644341,Mostly Terrestrial,9999,1,0,0,0,0.6054064958644341
Acetobacter orleanensis,0.6054064958644341,Mostly Terrestrial,9999,1,0,0,0,0.6054064958644341
Glutamicibacter mishrai,0.68376816669585,Mostly Terrestrial,9999,1,0,0,0,0.68376816669585
Glutamicibacter halophytocola,0.68376816669585,Mostly Terrestrial,9999,1,0,0,0,0.68376816669585
Pseudoalteromonas piscicida,-0.9040076793856492,Aquatic Specialist,9999,0,1,0,0,-0.9040076793856492
Legionella micdadei,0.29066339066339064,Mostly Terrestrial,9999,1,0,0,0,0.29066339066339064
Cryptosporangium aurantiacum,0.7923402617397998,Mostly Terrestrial,9999,1,0,0,0,0.7923402617397998
Chryseobacterium shandongense,0.011530700490054833,Generalist,9999,1,0,0,0,0.011530700490054833
Rubeoparvulum massiliense,0.5352143968007109,Mostly Terrestrial,9999,1,0,0,0,0.5352143968007109
Peribacillus deserti,0.7601697395376061,Mostly Terrestrial,9999,1,0,0,0,0.7601697395376061
Emticicia oligotrophica,-0.7830067337519862,Mostly Aquatic,9999,0,1,0,0,-0.7830067337519862
Algoriphagus zhangzhouensis,-0.434674184104955,Mostly Aquatic,9999,0,1,0,0,-0.434674184104955
Acuticoccus yangtzensis,-0.6126126126126126,Mostly Aquatic,9999,0,1,0,0,-0.6126126126126126
Bartonella queenslandensis,-0.18347172795571376,Mostly Aquatic,9999,0,1,0,0,-0.18347172795571376
Bartonella doshiae,-0.18347172795571376,Mostly Aquatic,9999,0,1,0,0,-0.18347172795571376
Bartonella birtlesii,-0.18347172795571376,Mostly Aquatic,9999,0,1,0,0,-0.18347172795571376
Bartonella tribocorum,-0.18347172795571376,Mostly Aquatic,9999,0,1,0,0,-0.18347172795571376
Bartonella callosciuri,-0.18347172795571376,Mostly Aquatic,9999,0,1,0,0,-0.18347172795571376
Bartonella henselae,-0.18347172795571376,Mostly Aquatic,9999,0,1,0,0,-0.18347172795571376
Paenibacillus silagei,0.5187111247068421,Mostly Terrestrial,9999,1,0,0,0,0.5187111247068421
Rhodoligotrophos appendicifer,0.3732400449166451,Mostly Terrestrial,9999,1,0,0,0,0.3732400449166451
Stenotrophomonas panacihumi,0.7027871516060492,Mostly Terrestrial,9999,1,0,0,0,0.7027871516060492
Anaerococcus murdochii,0.9555249094983623,Terrestrial Specialist,9999,1,0,0,0,0.9555249094983623
Inhella crocodyli,-0.6444220599345254,Mostly Aquatic,9999,0,1,0,0,-0.6444220599345254
Gluconacetobacter tumulicola,0.6872216512504281,Mostly Terrestrial,9999,1,0,0,0,0.6872216512504281
Gluconacetobacter asukensis,0.6872216512504281,Mostly Terrestrial,9999,1,0,0,0,0.6872216512504281
Gluconacetobacter aggeris,0.6872216512504281,Mostly Terrestrial,9999,1,0,0,0,0.6872216512504281
Rhodospirillum rubrum,-0.4624945675793133,Mostly Aquatic,9999,0,1,0,0,-0.4624945675793133
Thermus tengchongensis,0.001539372409709918,Generalist,9999,1,0,0,0,0.001539372409709918
Polymorphobacter arshaanensis,-0.8107497741644084,Aquatic Specialist,9999,0,1,0,0,-0.8107497741644084
Prochlorothrix hollandica,-0.5753825570699891,Mostly Aquatic,9999,0,1,0,0,-0.5753825570699891
Pseudarcicella hirudinis,-0.5927547770700637,Mostly Aquatic,9999,0,1,0,0,-0.5927547770700637
Thermoclostridium caenicola,0.4323366555924695,Mostly Terrestrial,9999,1,0,0,0,0.4323366555924695
Glutamicibacter ardleyensis,0.6620006828269034,Mostly Terrestrial,9999,1,0,0,0,0.6620006828269034
Salinispira pacifica,-0.7076210257229589,Mostly Aquatic,9999,0,1,0,0,-0.7076210257229589
Desulfotignum balticum,-0.6954643628509719,Mostly Aquatic,9999,0,1,0,0,-0.6954643628509719
Loktanella fryxellensis,-0.6851585954836182,Mostly Aquatic,9999,0,1,0,0,-0.6851585954836182
Arenimonas aestuarii,0.2590967270067654,Mostly Terrestrial,9999,1,0,0,0,0.2590967270067654
Emticicia aquatilis,-0.8252309817805025,Aquatic Specialist,9999,0,1,0,0,-0.8252309817805025
Roseimaritima ulvae,-0.48280690835537576,Mostly Aquatic,9999,0,1,0,0,-0.48280690835537576
Xanthomarina gelatinilytica,-0.7243740637705971,Mostly Aquatic,9999,0,1,0,0,-0.7243740637705971
Pedobacter kyungheensis,0.6022332244811968,Mostly Terrestrial,9999,1,0,0,0,0.6022332244811968
Croceicoccus pelagius,-0.5176187712461653,Mostly Aquatic,9999,0,1,0,0,-0.5176187712461653
Skermania piniformis,-0.3615506329113924,Mostly Aquatic,9999,0,1,0,0,-0.3615506329113924
Melioribacter roseus,-0.2881139017757159,Mostly Aquatic,9999,0,1,0,0,-0.2881139017757159
Lysobacter tolerans,-0.27234516009395476,Mostly Aquatic,9999,0,1,0,0,-0.27234516009395476
Flavihumibacter stibioxidans,-0.5302619692863594,Mostly Aquatic,9999,0,1,0,0,-0.5302619692863594
Pseudomonas congelans,0.4635994587280108,Mostly Terrestrial,9999,1,0,0,0,0.4635994587280108
Pseudomonas syringae,-0.1398777418194893,Mostly Aquatic,9999,0,1,0,0,-0.1398777418194893
Pseudomonas caricapapayae,0.4635994587280108,Mostly Terrestrial,9999,1,0,0,0,0.4635994587280108
Pseudomonas cannabina,0.4635994587280108,Mostly Terrestrial,9999,1,0,0,0,0.4635994587280108
Pseudomonas tremae,0.4635994587280108,Mostly Terrestrial,9999,1,0,0,0,0.4635994587280108
Pseudomonas savastanoi,0.4635994587280108,Mostly Terrestrial,9999,1,0,0,0,0.4635994587280108
Rodentibacter pneumotropicus,0.9435772051908972,Terrestrial Specialist,9999,1,0,0,0,0.9435772051908972
Bombilactobacillus bombi,0.8863090472377901,Terrestrial Specialist,9999,1,0,0,0,0.8863090472377901
Bacterioplanes sanyensis,-0.917118319019428,Aquatic Specialist,9999,0,1,0,0,-0.917118319019428
Methylocucumis oryzae,-0.5761325966850829,Mostly Aquatic,9999,0,1,0,0,-0.5761325966850829
Ruania albidiflava,0.7455577124085413,Mostly Terrestrial,9999,1,0,0,0,0.7455577124085413
Henriciella marina,-0.9352602668061734,Aquatic Specialist,9999,0,1,0,0,-0.9352602668061734
Henriciella barbarensis,-0.9352602668061734,Aquatic Specialist,9999,0,1,0,0,-0.9352602668061734
Aliiroseovarius halocynthiae,-0.9930998792478869,Aquatic Specialist,9999,0,1,0,0,-0.9930998792478869
Aureisphaera galaxeae,-0.909994288977727,Aquatic Specialist,9999,0,1,0,0,-0.909994288977727
Acidithiobacillus caldus,-0.40568848758465015,Mostly Aquatic,9999,0,1,0,0,-0.40568848758465015
Lachnoanaerobaculum umeaense,0.974864003001313,Terrestrial Specialist,9999,1,0,0,0,0.974864003001313
Mycoplasmopsis bovirhinis,0.9428398608800846,Terrestrial Specialist,9999,1,0,0,0,0.9428398608800846
Paenibacillus etheri,0.6788608474183838,Mostly Terrestrial,9999,1,0,0,0,0.6788608474183838
Lichenihabitans psoromatis,0.6933488421275246,Mostly Terrestrial,9999,1,0,0,0,0.6933488421275246
Phycisphaera mikurensis,-0.7641915137614679,Mostly Aquatic,9999,0,1,0,0,-0.7641915137614679
Pyxidicoccus fallax,0.7936247952626937,Mostly Terrestrial,9999,1,0,0,0,0.7936247952626937
Myxococcus fulvus,0.7936247952626937,Mostly Terrestrial,9999,1,0,0,0,0.7936247952626937
Alicyclobacillus sacchari,0.7401604178324941,Mostly Terrestrial,9999,1,0,0,0,0.7401604178324941
Alicyclobacillus hesperidum,0.7401604178324941,Mostly Terrestrial,9999,1,0,0,0,0.7401604178324941
Terribacillus halophilus,0.6217142857142857,Mostly Terrestrial,9999,1,0,0,0,0.6217142857142857
Dyella terrae,0.7931227285434723,Mostly Terrestrial,9999,1,0,0,0,0.7931227285434723
Rickettsia prowazekii,0.6855721393034826,Mostly Terrestrial,9999,1,0,0,0,0.6855721393034826
Rickettsia typhi,0.6855721393034826,Mostly Terrestrial,9999,1,0,0,0,0.6855721393034826
Isosphaera pallida,0.19583883751651254,Mostly Terrestrial,9999,1,0,0,0,0.19583883751651254
Allgaiera indica,-0.7016806722689075,Mostly Aquatic,9999,0,1,0,0,-0.7016806722689075
Deinococcus grandis,-0.46167515697192274,Mostly Aquatic,9999,0,1,0,0,-0.46167515697192274
Paracoccus aminophilus,-0.5427218072508655,Mostly Aquatic,9999,0,1,0,0,-0.5427218072508655
Amycolatopsis oliviviridis,0.9553413654618473,Terrestrial Specialist,9999,1,0,0,0,0.9553413654618473
Lysobacter tabacisoli,0.6714165968147527,Mostly Terrestrial,9999,1,0,0,0,0.6714165968147527
Amycolatopsis orientalis,0.8978102189781023,Terrestrial Specialist,9999,1,0,0,0,0.8978102189781023
Amycolatopsis keratiniphila,0.9553413654618473,Terrestrial Specialist,9999,1,0,0,0,0.9553413654618473
Amycolatopsis roodepoortensis,0.9553413654618473,Terrestrial Specialist,9999,1,0,0,0,0.9553413654618473
Amycolatopsis lurida,0.9553413654618473,Terrestrial Specialist,9999,1,0,0,0,0.9553413654618473
Tenacibaculum litopenaei,-0.9168791039011202,Aquatic Specialist,9999,0,1,0,0,-0.9168791039011202
Flavobacterium terrigena,-0.3412733164024871,Mostly Aquatic,9999,0,1,0,0,-0.3412733164024871
Leeia aquatica,-0.7796193984039289,Mostly Aquatic,9999,0,1,0,0,-0.7796193984039289
Methylobacter tundripaludum,-0.720947045002711,Mostly Aquatic,9999,0,1,0,0,-0.720947045002711
Microlunatus soli,0.7190818080695722,Mostly Terrestrial,9999,1,0,0,0,0.7190818080695722
Pseudomonas amygdali,0.4635994587280108,Mostly Terrestrial,9999,1,0,0,0,0.4635994587280108
Pseudomonas avellanae,0.4323933477946494,Mostly Terrestrial,9999,1,0,0,0,0.4323933477946494
Pseudomonas meliae,0.4635994587280108,Mostly Terrestrial,9999,1,0,0,0,0.4635994587280108
Corynebacterium uropygiale,0.5183859420761472,Mostly Terrestrial,9999,1,0,0,0,0.5183859420761472
Micromonospora orduensis,0.7489607955008557,Mostly Terrestrial,9999,1,0,0,0,0.7489607955008557
Micromonospora inaquosa,0.7489607955008557,Mostly Terrestrial,9999,1,0,0,0,0.7489607955008557
Micromonospora saelicesensis,0.7489607955008557,Mostly Terrestrial,9999,1,0,0,0,0.7489607955008557
Micromonospora lupini,0.7489607955008557,Mostly Terrestrial,9999,1,0,0,0,0.7489607955008557
Micromonospora chokoriensis,0.7489607955008557,Mostly Terrestrial,9999,1,0,0,0,0.7489607955008557
Micromonospora noduli,0.7489607955008557,Mostly Terrestrial,9999,1,0,0,0,0.7489607955008557
Micromonospora vinacea,0.7489607955008557,Mostly Terrestrial,9999,1,0,0,0,0.7489607955008557
Micromonospora parathelypteridis,0.7489607955008557,Mostly Terrestrial,9999,1,0,0,0,0.7489607955008557
Micromonospora arida,0.7489607955008557,Mostly Terrestrial,9999,1,0,0,0,0.7489607955008557
Micromonospora taraxaci,0.7489607955008557,Mostly Terrestrial,9999,1,0,0,0,0.7489607955008557
Micromonospora profundi,0.7489607955008557,Mostly Terrestrial,9999,1,0,0,0,0.7489607955008557
Micromonospora violae,0.7489607955008557,Mostly Terrestrial,9999,1,0,0,0,0.7489607955008557
Legionella sainthelensi,0.07360429589852788,Generalist,9999,1,0,0,0,0.07360429589852788
Legionella santicrucis,-0.7039637952559301,Mostly Aquatic,9999,0,1,0,0,-0.7039637952559301
Sulfuritortus calidifontis,-0.7262653489068583,Mostly Aquatic,9999,0,1,0,0,-0.7262653489068583
Sinomicrobium oceani,-0.2600519480519481,Mostly Aquatic,9999,0,1,0,0,-0.2600519480519481
Luteimonas terricola,0.6483875357191455,Mostly Terrestrial,9999,1,0,0,0,0.6483875357191455
Bacillus aquiflavi,0.6358325219084713,Mostly Terrestrial,9999,1,0,0,0,0.6358325219084713
Propionicicella superfundia,-0.36802892516708674,Mostly Aquatic,9999,0,1,0,0,-0.36802892516708674
Acanthopleuribacter pedis,-0.8811585547924754,Aquatic Specialist,9999,0,1,0,0,-0.8811585547924754
Paraglaciecola hydrolytica,-0.6336310172075801,Mostly Aquatic,9999,0,1,0,0,-0.6336310172075801
Thermus arciformis,-0.03765214423842569,Generalist,9999,0,1,0,0,-0.03765214423842569
Anaerolinea thermophila,-0.5054858246291583,Mostly Aquatic,9999,0,1,0,0,-0.5054858246291583
Sulfurifustis variabilis,0.28248040165594995,Mostly Terrestrial,9999,1,0,0,0,0.28248040165594995
Litoreibacter ascidiaceicola,-0.8805517440600852,Aquatic Specialist,9999,0,1,0,0,-0.8805517440600852
Litoreibacter albidus,-0.8805517440600852,Aquatic Specialist,9999,0,1,0,0,-0.8805517440600852
Winogradskyella algicola,-0.882910963545196,Aquatic Specialist,9999,0,1,0,0,-0.882910963545196
Kitasatospora purpeofusca,0.9704343493065359,Terrestrial Specialist,9999,1,0,0,0,0.9704343493065359
Planctopirus hydrillae,-0.6332291050452126,Mostly Aquatic,9999,0,1,0,0,-0.6332291050452126
Planctopirus ephydatiae,-0.6332291050452126,Mostly Aquatic,9999,0,1,0,0,-0.6332291050452126
Trabulsiella odontotermitis,0.6157937147461724,Mostly Terrestrial,9999,1,0,0,0,0.6157937147461724
Reyranella soli,0.8054236742576647,Terrestrial Specialist,9999,1,0,0,0,0.8054236742576647
Acinetobacter boissieri,0.46306733906852565,Mostly Terrestrial,9999,1,0,0,0,0.46306733906852565
Halomonas qijiaojingensis,0.3965850515463917,Mostly Terrestrial,9999,1,0,0,0,0.3965850515463917
Silvibacterium bohemicum,0.8805644343961955,Terrestrial Specialist,9999,1,0,0,0,0.8805644343961955
Spirosoma aerolatum,0.5193220970295186,Mostly Terrestrial,9999,1,0,0,0,0.5193220970295186
Roseateles terrae,0.20390432264292616,Mostly Terrestrial,9999,1,0,0,0,0.20390432264292616
Roseateles depolymerans,0.20390432264292616,Mostly Terrestrial,9999,1,0,0,0,0.20390432264292616
Erysipelothrix inopinata,0.11239337681886605,Mostly Terrestrial,9999,1,0,0,0,0.11239337681886605
Pseudidiomarina woesei,-0.7079072937968643,Mostly Aquatic,9999,0,1,0,0,-0.7079072937968643
Pseudidiomarina donghaiensis,-0.7079072937968643,Mostly Aquatic,9999,0,1,0,0,-0.7079072937968643
Myxococcus stipitatus,0.7959715639810426,Mostly Terrestrial,9999,1,0,0,0,0.7959715639810426
Nonomuraea pusilla,0.9415546464056107,Terrestrial Specialist,9999,1,0,0,0,0.9415546464056107
Geodermatophilus poikilotrophus,0.8709267879813797,Terrestrial Specialist,9999,1,0,0,0,0.8709267879813797
Geodermatophilus pulveris,0.6968909110605569,Mostly Terrestrial,9999,1,0,0,0,0.6968909110605569
Catellatospora paridis,0.8658788774002953,Terrestrial Specialist,9999,1,0,0,0,0.8658788774002953
Roseitalea porphyridii,-0.504339144458951,Mostly Aquatic,9999,0,1,0,0,-0.504339144458951
Catellatospora methionotrophica,0.8658788774002953,Terrestrial Specialist,9999,1,0,0,0,0.8658788774002953
Catellatospora vulcania,0.8658788774002953,Terrestrial Specialist,9999,1,0,0,0,0.8658788774002953
Catellatospora chokoriensis,0.8658788774002953,Terrestrial Specialist,9999,1,0,0,0,0.8658788774002953
Catellatospora coxensis,0.8658788774002953,Terrestrial Specialist,9999,1,0,0,0,0.8658788774002953
Pseudomonas indica,-0.1733671528218135,Mostly Aquatic,9999,0,1,0,0,-0.1733671528218135
Myroides injenensis,0.7220137585991244,Mostly Terrestrial,9999,1,0,0,0,0.7220137585991244
Hirschia baltica,-0.790863224825489,Mostly Aquatic,9999,0,1,0,0,-0.790863224825489
Paraburkholderia monticola,0.9087252729212837,Terrestrial Specialist,9999,1,0,0,0,0.9087252729212837
Leucobacter muris,0.10056107034959003,Mostly Terrestrial,9999,1,0,0,0,0.10056107034959003
Pseudomonas asuensis,0.20107166778298724,Mostly Terrestrial,9999,1,0,0,0,0.20107166778298724
Flavobacterium frigoris,-0.4194419441944195,Mostly Aquatic,9999,0,1,0,0,-0.4194419441944195
Croceivirga radicis,-0.835061490233904,Aquatic Specialist,9999,0,1,0,0,-0.835061490233904
Aquisediminimonas profunda,-0.7332041912476885,Mostly Aquatic,9999,0,1,0,0,-0.7332041912476885
Promicromonospora umidemergens,0.941846006695361,Terrestrial Specialist,9999,1,0,0,0,0.941846006695361
Promicromonospora soli,0.941846006695361,Terrestrial Specialist,9999,1,0,0,0,0.941846006695361
Psychrobacter vallis,-0.5258168616377571,Mostly Aquatic,9999,0,1,0,0,-0.5258168616377571
Psychrobacter alimentarius,-0.5258168616377571,Mostly Aquatic,9999,0,1,0,0,-0.5258168616377571
Psychrobacter aquaticus,-0.5258168616377571,Mostly Aquatic,9999,0,1,0,0,-0.5258168616377571
Leptolinea tardivitalis,-0.34916634354400933,Mostly Aquatic,9999,0,1,0,0,-0.34916634354400933
Phocaeicola barnesiae,0.6556831922611851,Mostly Terrestrial,9999,1,0,0,0,0.6556831922611851
Maricaulis parjimensis,-0.989628658282172,Aquatic Specialist,9999,0,1,0,0,-0.989628658282172
Maricaulis virginensis,-1,Aquatic Specialist,9999,0,1,0,0,-1
Methylomonas koyamae,-0.4183240409419988,Mostly Aquatic,9999,0,1,0,0,-0.4183240409419988
Algibacter pectinivorans,-0.8625525946704068,Aquatic Specialist,9999,0,1,0,0,-0.8625525946704068
Chryseobacterium flavum,0.28198599618077663,Mostly Terrestrial,9999,1,0,0,0,0.28198599618077663
Actinobacillus suis,0.8075296108291034,Terrestrial Specialist,9999,1,0,0,0,0.8075296108291034
Caenispirillum bisanense,-0.18712273641851113,Mostly Aquatic,9999,0,1,0,0,-0.18712273641851113
Tangfeifania diversioriginum,-0.5626840722757304,Mostly Aquatic,9999,0,1,0,0,-0.5626840722757304
Collimonas fungivorans,0.3822425330504325,Mostly Terrestrial,9999,1,0,0,0,0.3822425330504325
Collimonas pratensis,0.3822425330504325,Mostly Terrestrial,9999,1,0,0,0,0.3822425330504325
Thermophagus xiamenensis,-0.19576816927322904,Mostly Aquatic,9999,0,1,0,0,-0.19576816927322904
Schleiferia thermophila,-0.5594436182311259,Mostly Aquatic,9999,0,1,0,0,-0.5594436182311259
Rathayibacter toxicus,0.8001297858533419,Terrestrial Specialist,9999,1,0,0,0,0.8001297858533419
Sulfurimonas denitrificans,-0.7980592270369752,Mostly Aquatic,9999,0,1,0,0,-0.7980592270369752
Naumannella cuiyingiana,0.23056340121896837,Mostly Terrestrial,9999,1,0,0,0,0.23056340121896837
Filimonas lacunae,0.16717713118938227,Mostly Terrestrial,9999,1,0,0,0,0.16717713118938227
Ketobacter alkanivorans,-0.9406513872135104,Aquatic Specialist,9999,0,1,0,0,-0.9406513872135104
Pseudorhodobacter ferrugineus,-0.9278182718845093,Aquatic Specialist,9999,0,1,0,0,-0.9278182718845093
Flavobacterium branchiophilum,-0.7354046242774567,Mostly Aquatic,9999,0,1,0,0,-0.7354046242774567
Sphaerochaeta associata,-0.6661084632229809,Mostly Aquatic,9999,0,1,0,0,-0.6661084632229809
Panacagrimonas perspica,0.7692378076676731,Mostly Terrestrial,9999,1,0,0,0,0.7692378076676731
Mucilaginibacter rubeus,0.9586194268973725,Terrestrial Specialist,9999,1,0,0,0,0.9586194268973725
Mucilaginibacter gossypii,0.9586194268973725,Terrestrial Specialist,9999,1,0,0,0,0.9586194268973725
Donghicola eburneus,-0.9714788289986178,Aquatic Specialist,9999,0,1,0,0,-0.9714788289986178
Chitinophaga oryziterrae,0.8335139395133484,Terrestrial Specialist,9999,1,0,0,0,0.8335139395133484
Aliarcobacter thereius,-0.7557166759620747,Mostly Aquatic,9999,0,1,0,0,-0.7557166759620747
Melaminivora alkalimesophila,0.5231273731446324,Mostly Terrestrial,9999,1,0,0,0,0.5231273731446324
Jeotgalibacillus alimentarius,0.28035684784404424,Mostly Terrestrial,9999,1,0,0,0,0.28035684784404424
Jeotgalibacillus terrae,0.28035684784404424,Mostly Terrestrial,9999,1,0,0,0,0.28035684784404424
Jeotgalibacillus malaysiensis,0.28035684784404424,Mostly Terrestrial,9999,1,0,0,0,0.28035684784404424
Chitinivorax tropicus,0.030858346498156924,Generalist,9999,1,0,0,0,0.030858346498156924
Mobilicoccus caccae,0.15749588138385495,Mostly Terrestrial,9999,1,0,0,0,0.15749588138385495
Deinococcus knuensis,-0.5782583284628872,Mostly Aquatic,9999,0,1,0,0,-0.5782583284628872
Sapientia aquatica,0.041145714935212525,Generalist,9999,1,0,0,0,0.041145714935212525
Sphingomonas panacis,0.30009775171065495,Mostly Terrestrial,9999,1,0,0,0,0.30009775171065495
Corynebacterium mycetoides,0.6304785504104073,Mostly Terrestrial,9999,1,0,0,0,0.6304785504104073
Sphingomonas populi,0.30009775171065495,Mostly Terrestrial,9999,1,0,0,0,0.30009775171065495
Salinicoccus qingdaonensis,0.6109281147064523,Mostly Terrestrial,9999,1,0,0,0,0.6109281147064523
Streptococcus minor,0.18966671128363008,Mostly Terrestrial,9999,1,0,0,0,0.18966671128363008
Arenimonas terrae,0.6155343241330502,Mostly Terrestrial,9999,1,0,0,0,0.6155343241330502
Mycoplasmoides pneumoniae,0.6265253692999357,Mostly Terrestrial,9999,1,0,0,0,0.6265253692999357
Reinekea marinisedimentorum,-0.9256270176309908,Aquatic Specialist,9999,0,1,0,0,-0.9256270176309908
Leptobacterium flavescens,-0.9019011406844107,Aquatic Specialist,9999,0,1,0,0,-0.9019011406844107
Algibacter mikhailovii,-0.9212557226945715,Aquatic Specialist,9999,0,1,0,0,-0.9212557226945715
Chryseobacterium jejuense,-0.30808510638297876,Mostly Aquatic,9999,0,1,0,0,-0.30808510638297876
Mucilaginibacter polytrichastri,0.5327860936745534,Mostly Terrestrial,9999,1,0,0,0,0.5327860936745534
Geodermatophilus sabuli,0.8433321286591977,Terrestrial Specialist,9999,1,0,0,0,0.8433321286591977
Ornithinimicrobium pekingense,0.42693044033184424,Mostly Terrestrial,9999,1,0,0,0,0.42693044033184424
Corynebacterium lactis,0.7720613287904601,Mostly Terrestrial,9999,1,0,0,0,0.7720613287904601
Tessaracoccus oleiagri,0.35996738687321644,Mostly Terrestrial,9999,1,0,0,0,0.35996738687321644
Streptosporangium roseum,0.939440398620161,Terrestrial Specialist,9999,1,0,0,0,0.939440398620161
Streptosporangium canum,0.939440398620161,Terrestrial Specialist,9999,1,0,0,0,0.939440398620161
Streptosporangium album,0.939440398620161,Terrestrial Specialist,9999,1,0,0,0,0.939440398620161
Clostridium algifaecis,0.1257672403417981,Mostly Terrestrial,9999,1,0,0,0,0.1257672403417981
Legionella maceachernii,0.04553912447360689,Generalist,9999,1,0,0,0,0.04553912447360689
Haoranjiania flava,0.15380464112250405,Mostly Terrestrial,9999,1,0,0,0,0.15380464112250405
Galactobacter valiniphilus,0.6570279104852904,Mostly Terrestrial,9999,1,0,0,0,0.6570279104852904
Apilactobacillus apinorum,0.5479278709269219,Mostly Terrestrial,9999,1,0,0,0,0.5479278709269219
Corynebacterium timonense,0.5338546633606714,Mostly Terrestrial,9999,1,0,0,0,0.5338546633606714
Anaerohalosphaera lusitana,-0.8286351527166841,Aquatic Specialist,9999,0,1,0,0,-0.8286351527166841
Microbacterium kyungheense,0.682108626198083,Mostly Terrestrial,9999,1,0,0,0,0.682108626198083
Dysgonomonas macrotermitis,0.48810754912099263,Mostly Terrestrial,9999,1,0,0,0,0.48810754912099263
Marinimicrobium koreense,-0.389294403892944,Mostly Aquatic,9999,0,1,0,0,-0.389294403892944
Tepidicaulis marinus,-0.8401371652514698,Aquatic Specialist,9999,0,1,0,0,-0.8401371652514698
Ruminococcus gauvreauii,0.8811594202898552,Terrestrial Specialist,9999,1,0,0,0,0.8811594202898552
Maricaulis salignorans,-0.816209107348348,Aquatic Specialist,9999,0,1,0,0,-0.816209107348348
Marinobacter goseongensis,-0.797844112769486,Mostly Aquatic,9999,0,1,0,0,-0.797844112769486
Bogoriella caseilytica,0.5641515440942375,Mostly Terrestrial,9999,1,0,0,0,0.5641515440942375
Sphingobacterium shayense,0.7738933601609658,Mostly Terrestrial,9999,1,0,0,0,0.7738933601609658
Carnobacterium alterfunditum,0.12364912280701758,Mostly Terrestrial,9999,1,0,0,0,0.12364912280701758
Puia dinghuensis,0.9654320987654322,Terrestrial Specialist,9999,1,0,0,0,0.9654320987654322
Quadrisphaera granulorum,0.6750809061488674,Mostly Terrestrial,9999,1,0,0,0,0.6750809061488674
Methylophilus rhizosphaerae,0.06318234610917543,Generalist,9999,1,0,0,0,0.06318234610917543
Bacillus wudalianchiensis,0.6887038001041124,Mostly Terrestrial,9999,1,0,0,0,0.6887038001041124
Acetanaerobacterium elongatum,0.44795199582572404,Mostly Terrestrial,9999,1,0,0,0,0.44795199582572404
Vagococcus salmoninarum,0.19303338171262696,Mostly Terrestrial,9999,1,0,0,0,0.19303338171262696
Sediminimonas qiaohouensis,-0.6485067279291106,Mostly Aquatic,9999,0,1,0,0,-0.6485067279291106
Acidovorax facilis,0.3727741558820668,Mostly Terrestrial,9999,1,0,0,0,0.3727741558820668
Nesterenkonia massiliensis,0.35587643940778646,Mostly Terrestrial,9999,1,0,0,0,0.35587643940778646
Mycoplasma todarodis,-0.8210996626242363,Aquatic Specialist,9999,0,1,0,0,-0.8210996626242363
Saccharopolyspora endophytica,0.9008951406649616,Terrestrial Specialist,9999,1,0,0,0,0.9008951406649616
Pseudorhodoferax aquiterrae,-0.34062383496955384,Mostly Aquatic,9999,0,1,0,0,-0.34062383496955384
Rhodovastum atsumiense,0.6211825353432789,Mostly Terrestrial,9999,1,0,0,0,0.6211825353432789
Arthrobacter globiformis,0.8632821723730814,Terrestrial Specialist,9999,1,0,0,0,0.8632821723730814
Cytophaga hutchinsonii,0.34679433805162374,Mostly Terrestrial,9999,1,0,0,0,0.34679433805162374
Lysobacter antarcticus,0.41473149492017414,Mostly Terrestrial,9999,1,0,0,0,0.41473149492017414
Novosphingobium humi,-0.19098309329993743,Mostly Aquatic,9999,0,1,0,0,-0.19098309329993743
Aminobacter anthyllidis,0.45927007299270073,Mostly Terrestrial,9999,1,0,0,0,0.45927007299270073
Aminobacter lissarensis,0.45927007299270073,Mostly Terrestrial,9999,1,0,0,0,0.45927007299270073
Aminobacter carboxidus,0.45927007299270073,Mostly Terrestrial,9999,1,0,0,0,0.45927007299270073
Aminobacter aminovorans,0.45927007299270073,Mostly Terrestrial,9999,1,0,0,0,0.45927007299270073
Aminobacter niigataensis,0.45927007299270073,Mostly Terrestrial,9999,1,0,0,0,0.45927007299270073
Sphingobacterium wenxiniae,0.4329179478880078,Mostly Terrestrial,9999,1,0,0,0,0.4329179478880078
Aminobacter aganoensis,0.45927007299270073,Mostly Terrestrial,9999,1,0,0,0,0.45927007299270073
Uruburuella testudinis,-0.8200147983721789,Aquatic Specialist,9999,0,1,0,0,-0.8200147983721789
Salipiger bermudensis,-0.8890214797136038,Aquatic Specialist,9999,0,1,0,0,-0.8890214797136038
Photobacterium frigidiphilum,-0.47880172632647877,Mostly Aquatic,9999,0,1,0,0,-0.47880172632647877
Photobacterium indicum,-0.47880172632647877,Mostly Aquatic,9999,0,1,0,0,-0.47880172632647877
Vibrio panuliri,-0.6665268456375839,Mostly Aquatic,9999,0,1,0,0,-0.6665268456375839
Zeaxanthinibacter enoshimensis,-0.9199180047830542,Aquatic Specialist,9999,0,1,0,0,-0.9199180047830542
Ignavigranum ruoffiae,0.7613122171945702,Mostly Terrestrial,9999,1,0,0,0,0.7613122171945702
Vibrio ponticus,-0.6665268456375839,Mostly Aquatic,9999,0,1,0,0,-0.6665268456375839
Caldicoprobacter faecalis,0.6198190900499527,Mostly Terrestrial,9999,1,0,0,0,0.6198190900499527
Aneurinibacillus danicus,0.7123349003805687,Mostly Terrestrial,9999,1,0,0,0,0.7123349003805687
Pseudomonas flexibilis,0.5153284671532846,Mostly Terrestrial,9999,1,0,0,0,0.5153284671532846
Mangrovibacterium diazotrophicum,-0.33247829518547756,Mostly Aquatic,9999,0,1,0,0,-0.33247829518547756
Alteromonas hispanica,-0.98260093687263,Aquatic Specialist,9999,0,1,0,0,-0.98260093687263
Lacinutrix himadriensis,-0.922903200685305,Aquatic Specialist,9999,0,1,0,0,-0.922903200685305
Pseudonocardia thermophila,0.816876858402543,Terrestrial Specialist,9999,1,0,0,0,0.816876858402543
Kribbella shirazensis,0.9527641707487753,Terrestrial Specialist,9999,1,0,0,0,0.9527641707487753
Cellulomonas iranensis,0.45070962792481783,Mostly Terrestrial,9999,1,0,0,0,0.45070962792481783
Cellulomonas flavigena,0.45070962792481783,Mostly Terrestrial,9999,1,0,0,0,0.45070962792481783
Chitinophaga cymbidii,0.7988624612202688,Mostly Terrestrial,9999,1,0,0,0,0.7988624612202688
Shewanella kaireitica,-0.8174013192335882,Aquatic Specialist,9999,0,1,0,0,-0.8174013192335882
Tissierella carlieri,0.3056778679026651,Mostly Terrestrial,9999,1,0,0,0,0.3056778679026651
Actinophytocola oryzae,0.9518974700399467,Terrestrial Specialist,9999,1,0,0,0,0.9518974700399467
Dinoroseobacter shibae,-0.7588929135320888,Mostly Aquatic,9999,0,1,0,0,-0.7588929135320888
Bradymonas sediminis,-0.31188427484723785,Mostly Aquatic,9999,0,1,0,0,-0.31188427484723785
Paenibacillus tritici,0.5641622004247144,Mostly Terrestrial,9999,1,0,0,0,0.5641622004247144
Aciditerrimonas ferrireducens,0.6725506072874494,Mostly Terrestrial,9999,1,0,0,0,0.6725506072874494
Acidithrix ferrooxidans,0.09591527987897124,Generalist,9999,1,0,0,0,0.09591527987897124
Suttonella indologenes,0.9258358662613982,Terrestrial Specialist,9999,1,0,0,0,0.9258358662613982
Levilactobacillus yonginensis,0.5970212765957448,Mostly Terrestrial,9999,1,0,0,0,0.5970212765957448
Levilactobacillus koreensis,0.5970212765957448,Mostly Terrestrial,9999,1,0,0,0,0.5970212765957448
Salegentibacter agarivorans,-0.7275175013462574,Mostly Aquatic,9999,0,1,0,0,-0.7275175013462574
Humitalea rosea,0.3723965565120799,Mostly Terrestrial,9999,1,0,0,0,0.3723965565120799
Kocuria salsicia,0.5049370105549881,Mostly Terrestrial,9999,1,0,0,0,0.5049370105549881
Microbacterium imperiale,0.6329076329076329,Mostly Terrestrial,9999,1,0,0,0,0.6329076329076329
Microbacterium arborescens,0.6329076329076329,Mostly Terrestrial,9999,1,0,0,0,0.6329076329076329
Wenxinia marina,-0.6403400181563094,Mostly Aquatic,9999,0,1,0,0,-0.6403400181563094
Chryseobacterium balustinum,0.5353756382202772,Mostly Terrestrial,9999,1,0,0,0,0.5353756382202772
Chryseobacterium piscium,0.5353756382202772,Mostly Terrestrial,9999,1,0,0,0,0.5353756382202772
Geoalkalibacter subterraneus,-0.37239630501720705,Mostly Aquatic,9999,0,1,0,0,-0.37239630501720705
Deinococcus aerolatus,0.32663569006655785,Mostly Terrestrial,9999,1,0,0,0,0.32663569006655785
Cephaloticoccus primus,-0.034605597964376636,Generalist,9999,0,1,0,0,-0.034605597964376636
Polaribacter vadi,-0.9420374707259952,Aquatic Specialist,9999,0,1,0,0,-0.9420374707259952
Eubacterium oxidoreducens,0.8928755364806867,Terrestrial Specialist,9999,1,0,0,0,0.8928755364806867
Gemmobacter intermedius,-0.20866666666666667,Mostly Aquatic,9999,0,1,0,0,-0.20866666666666667
Amycolatopsis vancoresmycina,0.9442142496210206,Terrestrial Specialist,9999,1,0,0,0,0.9442142496210206
Amycolatopsis bullii,0.9664581160931525,Terrestrial Specialist,9999,1,0,0,0,0.9664581160931525
Proteiniborus ethanoligenes,-0.2815781100859052,Mostly Aquatic,9999,0,1,0,0,-0.2815781100859052
Shewanella surugensis,-0.982549628154828,Aquatic Specialist,9999,0,1,0,0,-0.982549628154828
Janibacter melonis,0.3728057954862078,Mostly Terrestrial,9999,1,0,0,0,0.3728057954862078
Nakamurella aerolata,0.3145908907698509,Mostly Terrestrial,9999,1,0,0,0,0.3145908907698509
Aquimarina megaterium,-0.9201605709188224,Aquatic Specialist,9999,0,1,0,0,-0.9201605709188224
Ventosimonas gracilis,0.16819105691056904,Mostly Terrestrial,9999,1,0,0,0,0.16819105691056904
Flavobacterium jejuense,-0.27727431160683164,Mostly Aquatic,9999,0,1,0,0,-0.27727431160683164
Oligoflexus tunisiensis,0.8757536999817286,Terrestrial Specialist,9999,1,0,0,0,0.8757536999817286
Sphingomonas mucosissima,0.47999538798570285,Mostly Terrestrial,9999,1,0,0,0,0.47999538798570285
Yoonia tamlensis,-0.8395993510615786,Aquatic Specialist,9999,0,1,0,0,-0.8395993510615786
Pedobacter gandavensis,0.6128266033254156,Mostly Terrestrial,9999,1,0,0,0,0.6128266033254156
Shewanella marisflavi,-0.7811808444719838,Mostly Aquatic,9999,0,1,0,0,-0.7811808444719838
Rhizobium qilianshanense,0.6278190411883862,Mostly Terrestrial,9999,1,0,0,0,0.6278190411883862
Blastopirellula marina,-0.34292035398230086,Mostly Aquatic,9999,0,1,0,0,-0.34292035398230086
Franconibacter daqui,0.6278056221398998,Mostly Terrestrial,9999,1,0,0,0,0.6278056221398998
Chroococcidiopsis cubana,-0.0488055107723876,Generalist,9999,0,1,0,0,-0.0488055107723876
Tabrizicola aquatica,-0.7014869540821099,Mostly Aquatic,9999,0,1,0,0,-0.7014869540821099
Ruminiclostridium cellobioparum,0.5832594780896111,Mostly Terrestrial,9999,1,0,0,0,0.5832594780896111
Lamprocystis roseopersicina,-0.7507804716041182,Mostly Aquatic,9999,0,1,0,0,-0.7507804716041182
Moheibacter sediminis,0.5149803536345776,Mostly Terrestrial,9999,1,0,0,0,0.5149803536345776
Halolactibacillus miurensis,-0.16784802948681601,Mostly Aquatic,9999,0,1,0,0,-0.16784802948681601
Saccharicrinis aurantiacus,-0.8909612625538019,Aquatic Specialist,9999,0,1,0,0,-0.8909612625538019
Liberibacter crescens,-0.18186895011169024,Mostly Aquatic,9999,0,1,0,0,-0.18186895011169024
Schlegelella aquatica,0.6270723620050711,Mostly Terrestrial,9999,1,0,0,0,0.6270723620050711
Moraxella canis,0.5299368939510545,Mostly Terrestrial,9999,1,0,0,0,0.5299368939510545
Thermorudis peleae,0.5304528891202499,Mostly Terrestrial,9999,1,0,0,0,0.5304528891202499
Saprospira grandis,-0.8275831006215657,Aquatic Specialist,9999,0,1,0,0,-0.8275831006215657
Ornithinicoccus halotolerans,0.6929244337542593,Mostly Terrestrial,9999,1,0,0,0,0.6929244337542593
Pokkaliibacter plantistimulans,-0.048706107867909694,Generalist,9999,0,1,0,0,-0.048706107867909694
Marinicauda algicola,-0.8545135845749344,Aquatic Specialist,9999,0,1,0,0,-0.8545135845749344
Haloimpatiens lingqiaonensis,-0.009799619716249841,Generalist,9999,0,1,0,0,-0.009799619716249841
Haloimpatiens massiliensis,0.09720723960206168,Generalist,9999,1,0,0,0,0.09720723960206168
Halovibrio variabilis,-0.6682612999010228,Mostly Aquatic,9999,0,1,0,0,-0.6682612999010228
Vibrio variabilis,-0.6682612999010228,Mostly Aquatic,9999,0,1,0,0,-0.6682612999010228
Gynurincola endophyticus,0.594267358537188,Mostly Terrestrial,9999,1,0,0,0,0.594267358537188
Polynucleobacter rarus,-0.872636309675231,Aquatic Specialist,9999,0,1,0,0,-0.872636309675231
Arenivirga flava,0.7499316753211259,Mostly Terrestrial,9999,1,0,0,0,0.7499316753211259
Treponema zuelzerae,-0.5304872119031411,Mostly Aquatic,9999,0,1,0,0,-0.5304872119031411
Luteipulveratus halotolerans,0.8504958047292143,Terrestrial Specialist,9999,1,0,0,0,0.8504958047292143
Jannaschia aquimarina,-0.797191887675507,Mostly Aquatic,9999,0,1,0,0,-0.797191887675507
Acidovorax delafieldii,0.7281572676727562,Mostly Terrestrial,9999,1,0,0,0,0.7281572676727562
Clostridium luticellarii,0.5079248963667398,Mostly Terrestrial,9999,1,0,0,0,0.5079248963667398
Thermogemmatispora carboxidivorans,0.6589790601177264,Mostly Terrestrial,9999,1,0,0,0,0.6589790601177264
Paraburkholderia ginsengiterrae,0.9126792331238923,Terrestrial Specialist,9999,1,0,0,0,0.9126792331238923
Saccharospirillum alexandrii,-0.4514438027543313,Mostly Aquatic,9999,0,1,0,0,-0.4514438027543313
Aeromicrobium fastidiosum,0.7126007943194127,Mostly Terrestrial,9999,1,0,0,0,0.7126007943194127
Ignavibacterium album,-0.35985897758750945,Mostly Aquatic,9999,0,1,0,0,-0.35985897758750945
Psychroflexus salarius,-0.7918031593506587,Mostly Aquatic,9999,0,1,0,0,-0.7918031593506587
Sporolactobacillus nakayamae,0.5769309567711534,Mostly Terrestrial,9999,1,0,0,0,0.5769309567711534
Pradoshia eiseniae,0.7574898402797468,Mostly Terrestrial,9999,1,0,0,0,0.7574898402797468
Tumebacillus flagellatus,0.6538231183869035,Mostly Terrestrial,9999,1,0,0,0,0.6538231183869035
Methylobacterium brachiatum,0.4527508090614887,Mostly Terrestrial,9999,1,0,0,0,0.4527508090614887
Methylobacterium pseudosasicola,0.4527508090614887,Mostly Terrestrial,9999,1,0,0,0,0.4527508090614887
Methylobacterium mesophilicum,0.4527508090614887,Mostly Terrestrial,9999,1,0,0,0,0.4527508090614887
Tessaracoccus defluvii,-0.9119785686949865,Aquatic Specialist,9999,0,1,0,0,-0.9119785686949865
Flavobacterium frigidimaris,0.3787114188475531,Mostly Terrestrial,9999,1,0,0,0,0.3787114188475531
Arcticibacterium luteifluviistationis,-0.9139344262295082,Aquatic Specialist,9999,0,1,0,0,-0.9139344262295082
Vagococcus humatus,-0.05893987341772153,Generalist,9999,0,1,0,0,-0.05893987341772153
Peptoniphilus ivorii,0.8612197028928852,Terrestrial Specialist,9999,1,0,0,0,0.8612197028928852
Oceanobacillus chungangensis,0.9009822560202788,Terrestrial Specialist,9999,1,0,0,0,0.9009822560202788
Oceanobacillus arenosus,0.9009822560202788,Terrestrial Specialist,9999,1,0,0,0,0.9009822560202788
Eikenella longinqua,0.8896115310247846,Terrestrial Specialist,9999,1,0,0,0,0.8896115310247846
Moraxella caprae,0.8129750751281598,Terrestrial Specialist,9999,1,0,0,0,0.8129750751281598
Dehalococcoides mccartyi,-0.3199171842650103,Mostly Aquatic,9999,0,1,0,0,-0.3199171842650103
Noviherbaspirillum massiliense,0.6169395821569734,Mostly Terrestrial,9999,1,0,0,0,0.6169395821569734
Paenibacillus ihbetae,0.7704341024638249,Mostly Terrestrial,9999,1,0,0,0,0.7704341024638249
Pseudozobellia thermophila,-0.8435067595247848,Aquatic Specialist,9999,0,1,0,0,-0.8435067595247848
Paenibacillus lactis,0.7704341024638249,Mostly Terrestrial,9999,1,0,0,0,0.7704341024638249
Anaerocolumna cellulosilytica,0.818333751148993,Terrestrial Specialist,9999,1,0,0,0,0.818333751148993
Arthrobacter rhombi,0.7821545807221725,Mostly Terrestrial,9999,1,0,0,0,0.7821545807221725
Psychrobacter phenylpyruvicus,0.20883945558319914,Mostly Terrestrial,9999,1,0,0,0,0.20883945558319914
Sphingomonas crusticola,0.7223561832586979,Mostly Terrestrial,9999,1,0,0,0,0.7223561832586979
Pectinatus sottacetonis,0.5471264367816092,Mostly Terrestrial,9999,1,0,0,0,0.5471264367816092
Terrilactibacillus laevilacticus,0.46071700991609454,Mostly Terrestrial,9999,1,0,0,0,0.46071700991609454
Neptunomonas qingdaonensis,-0.8988631909055272,Aquatic Specialist,9999,0,1,0,0,-0.8988631909055272
Paracoccus solventivorans,-0.02150023889154326,Generalist,9999,0,1,0,0,-0.02150023889154326
Brachybacterium fresconis,0.18251668975941548,Mostly Terrestrial,9999,1,0,0,0,0.18251668975941548
Chryseobacterium lacus,-0.12323943661971831,Mostly Aquatic,9999,0,1,0,0,-0.12323943661971831
Virgibacillus dokdonensis,0.5891804415674489,Mostly Terrestrial,9999,1,0,0,0,0.5891804415674489
Streptomyces cyaneus,0.9210470312832518,Terrestrial Specialist,9999,1,0,0,0,0.9210470312832518
Virgibacillus chiguensis,0.5891804415674489,Mostly Terrestrial,9999,1,0,0,0,0.5891804415674489
Domibacillus robiginosus,0.5,Mostly Terrestrial,9999,1,0,0,0,0.5
Psychromarinibacter halotolerans,-0.882546078650847,Aquatic Specialist,9999,0,1,0,0,-0.882546078650847
Niabella ginsengisoli,0.7996586582644086,Mostly Terrestrial,9999,1,0,0,0,0.7996586582644086
Sphingomonas jaspsi,0.6205571565802113,Mostly Terrestrial,9999,1,0,0,0,0.6205571565802113
Chromobacterium vaccinii,0.3080213903743315,Mostly Terrestrial,9999,1,0,0,0,0.3080213903743315
Mucilaginibacter aquatilis,0.598902258813595,Mostly Terrestrial,9999,1,0,0,0,0.598902258813595
Chromobacterium piscinae,0.3080213903743315,Mostly Terrestrial,9999,1,0,0,0,0.3080213903743315
Shimwellia pseudoproteus,0.4953538241601142,Mostly Terrestrial,9999,1,0,0,0,0.4953538241601142
Pseudaminobacter manganicus,0.6502437772645625,Mostly Terrestrial,9999,1,0,0,0,0.6502437772645625
Roseobacter litoralis,-0.9337548103353491,Aquatic Specialist,9999,0,1,0,0,-0.9337548103353491
Peptoniphilus asaccharolyticus,0.9004383218534753,Terrestrial Specialist,9999,1,0,0,0,0.9004383218534753
Rhizomicrobium palustre,0.3408052418311923,Mostly Terrestrial,9999,1,0,0,0,0.3408052418311923
Marispirochaeta aestuarii,-0.6884852638793696,Mostly Aquatic,9999,0,1,0,0,-0.6884852638793696
Marinicella litoralis,-0.9678421088951762,Aquatic Specialist,9999,0,1,0,0,-0.9678421088951762
Mucilaginibacter pedocola,0.777009507346586,Mostly Terrestrial,9999,1,0,0,0,0.777009507346586
Brevibacterium jeotgali,0.815645371577575,Terrestrial Specialist,9999,1,0,0,0,0.815645371577575
Methylobrevis pamukkalensis,0.2953639366670464,Mostly Terrestrial,9999,1,0,0,0,0.2953639366670464
Sulfitobacter mediterraneus,-0.9701648101100907,Aquatic Specialist,9999,0,1,0,0,-0.9701648101100907
Limnobacter humi,-0.2530655391120508,Mostly Aquatic,9999,0,1,0,0,-0.2530655391120508
Roseovarius aestuarii,-0.9309809334828747,Aquatic Specialist,9999,0,1,0,0,-0.9309809334828747
Marichromatium gracile,-0.7700637431840872,Mostly Aquatic,9999,0,1,0,0,-0.7700637431840872
Flavobacterium caeni,0.05409680480860483,Generalist,9999,1,0,0,0,0.05409680480860483
Geodermatophilus ruber,0.818880447122522,Terrestrial Specialist,9999,1,0,0,0,0.818880447122522
Methylobacterium soli,0.9078623034424139,Terrestrial Specialist,9999,1,0,0,0,0.9078623034424139
Shewanella baltica,-0.4636669252650633,Mostly Aquatic,9999,0,1,0,0,-0.4636669252650633
Alicyclobacillus cycloheptanicus,0.7659218427010532,Mostly Terrestrial,9999,1,0,0,0,0.7659218427010532
Caballeronia sordidicola,0.8060754832770788,Terrestrial Specialist,9999,1,0,0,0,0.8060754832770788
Pontibacterium granulatum,-0.96774664331582,Aquatic Specialist,9999,0,1,0,0,-0.96774664331582
Rhizobium rhizoryzae,0.5659170621002683,Mostly Terrestrial,9999,1,0,0,0,0.5659170621002683
Desulfoplanes formicivorans,-0.7823205190818392,Mostly Aquatic,9999,0,1,0,0,-0.7823205190818392
Roseivirga echinicomitans,-0.8601772401181601,Aquatic Specialist,9999,0,1,0,0,-0.8601772401181601
Roseivirga seohaensis,-0.8601772401181601,Aquatic Specialist,9999,0,1,0,0,-0.8601772401181601
Roseivirga ehrenbergii,-0.8601772401181601,Aquatic Specialist,9999,0,1,0,0,-0.8601772401181601
Endozoicomonas atrinae,-0.9252707282797389,Aquatic Specialist,9999,0,1,0,0,-0.9252707282797389
Shewanella aquimarina,-0.663421669370831,Mostly Aquatic,9999,0,1,0,0,-0.663421669370831
Schwartzia succinivorans,0.9308019352001173,Terrestrial Specialist,9999,1,0,0,0,0.9308019352001173
Neobacillus jeddahensis,0.8568299307806887,Terrestrial Specialist,9999,1,0,0,0,0.8568299307806887
Streptomyces acidiscabies,0.9505027068832174,Terrestrial Specialist,9999,1,0,0,0,0.9505027068832174
Psychrosphaera aestuarii,-0.8354297693920335,Aquatic Specialist,9999,0,1,0,0,-0.8354297693920335
Psychrosphaera haliotis,-0.8354297693920335,Aquatic Specialist,9999,0,1,0,0,-0.8354297693920335
Saccharophagus degradans,-0.8715396578538103,Aquatic Specialist,9999,0,1,0,0,-0.8715396578538103
Rarobacter faecitabidus,0.36964980544747084,Mostly Terrestrial,9999,1,0,0,0,0.36964980544747084
Nitrosospira lacus,0.7984218832193583,Mostly Terrestrial,9999,1,0,0,0,0.7984218832193583
Stackebrandtia endophytica,0.8536585365853657,Terrestrial Specialist,9999,1,0,0,0,0.8536585365853657
Desnuesiella massiliensis,0.3628745264607967,Mostly Terrestrial,9999,1,0,0,0,0.3628745264607967
Caryophanon tenue,0.566990291262136,Mostly Terrestrial,9999,1,0,0,0,0.566990291262136
Novosphingobium fluoreni,0.5153086419753086,Mostly Terrestrial,9999,1,0,0,0,0.5153086419753086
Marinicella sediminis,-0.8786917440894328,Aquatic Specialist,9999,0,1,0,0,-0.8786917440894328
Herbihabitans rhizosphaerae,0.9363957597173145,Terrestrial Specialist,9999,1,0,0,0,0.9363957597173145
Brooklawnia cerclae,-0.6386796632698272,Mostly Aquatic,9999,0,1,0,0,-0.6386796632698272
Frigidibacter albus,-0.6347992351816445,Mostly Aquatic,9999,0,1,0,0,-0.6347992351816445
Pedobacter ginsenosidimutans,0.7794104470925544,Mostly Terrestrial,9999,1,0,0,0,0.7794104470925544
Thiomonas delicata,-0.09443773795152755,Generalist,9999,0,1,0,0,-0.09443773795152755
Tomitella biformata,0.20673383497002934,Mostly Terrestrial,9999,1,0,0,0,0.20673383497002934
Flavobacterium frigidarium,-0.528503858600946,Mostly Aquatic,9999,0,1,0,0,-0.528503858600946
Thiolapillus brandeum,-0.7069955347650436,Mostly Aquatic,9999,0,1,0,0,-0.7069955347650436
Aurantiacibacter luteus,0.016451849523210733,Generalist,9999,1,0,0,0,0.016451849523210733
Rhodococcus triatomae,-0.3228087485610919,Mostly Aquatic,9999,0,1,0,0,-0.3228087485610919
Pseudohongiella acticola,-0.7205043771584613,Mostly Aquatic,9999,0,1,0,0,-0.7205043771584613
Calidifontibacter indicus,0.34622881991303045,Mostly Terrestrial,9999,1,0,0,0,0.34622881991303045
Agromyces italicus,0.6314277221836918,Mostly Terrestrial,9999,1,0,0,0,0.6314277221836918
Sphingomonas abaci,0.8669813940572063,Terrestrial Specialist,9999,1,0,0,0,0.8669813940572063
Leifsonia naganoensis,0.7048937221947603,Mostly Terrestrial,9999,1,0,0,0,0.7048937221947603
Leifsonia aquatica,0.7048937221947603,Mostly Terrestrial,9999,1,0,0,0,0.7048937221947603
Aeromonas dhakensis,-0.4213271515502753,Mostly Aquatic,9999,0,1,0,0,-0.4213271515502753
Aeromonas enteropelogenes,-0.4213271515502753,Mostly Aquatic,9999,0,1,0,0,-0.4213271515502753
Nocardioides daphniae,0.7608562691131497,Mostly Terrestrial,9999,1,0,0,0,0.7608562691131497
Aeromonas caviae,-0.4213271515502753,Mostly Aquatic,9999,0,1,0,0,-0.4213271515502753
Aeromonas taiwanensis,-0.4213271515502753,Mostly Aquatic,9999,0,1,0,0,-0.4213271515502753
Aeromonas sanarellii,-0.4213271515502753,Mostly Aquatic,9999,0,1,0,0,-0.4213271515502753
Pseudooceanicola atlanticus,-0.8677337085568552,Aquatic Specialist,9999,0,1,0,0,-0.8677337085568552
Brachybacterium saurashtrense,0.4458874458874459,Mostly Terrestrial,9999,1,0,0,0,0.4458874458874459
Pseudovibrio ascidiaceicola,-0.8861743983896057,Aquatic Specialist,9999,0,1,0,0,-0.8861743983896057
Pseudovibrio japonicus,-0.8861743983896057,Aquatic Specialist,9999,0,1,0,0,-0.8861743983896057
Salipiger thiooxidans,-0.8532633852800493,Aquatic Specialist,9999,0,1,0,0,-0.8532633852800493
Olivibacter jilunii,0.5581245985870265,Mostly Terrestrial,9999,1,0,0,0,0.5581245985870265
Salinispora arenicola,0.7973202491036046,Mostly Terrestrial,9999,1,0,0,0,0.7973202491036046
Leucobacter aridicollis,-0.22214809873248836,Mostly Aquatic,9999,0,1,0,0,-0.22214809873248836
Muricomes intestini,0.8996350364963503,Terrestrial Specialist,9999,1,0,0,0,0.8996350364963503
Neisseria animaloris,0.6413461538461538,Mostly Terrestrial,9999,1,0,0,0,0.6413461538461538
Taylorella equigenitalis,-0.02841604350781786,Generalist,9999,0,1,0,0,-0.02841604350781786
Thioalbus denitrificans,-0.6484906717911761,Mostly Aquatic,9999,0,1,0,0,-0.6484906717911761
Sedimentisphaera salicampi,-0.5758039816232772,Mostly Aquatic,9999,0,1,0,0,-0.5758039816232772
Idiomarina seosinensis,-0.20880552299075159,Mostly Aquatic,9999,0,1,0,0,-0.20880552299075159
Euzebya tangerina,0.05675230802261498,Generalist,9999,1,0,0,0,0.05675230802261498
Spirosoma montaniterrae,-0.1288519048238201,Mostly Aquatic,9999,0,1,0,0,-0.1288519048238201
Hamadaea flava,0.8688228204098031,Terrestrial Specialist,9999,1,0,0,0,0.8688228204098031
Idiomarina abyssalis,-0.7262797522008476,Mostly Aquatic,9999,0,1,0,0,-0.7262797522008476
Flavobacterium seoulense,0.14118314118314124,Mostly Terrestrial,9999,1,0,0,0,0.14118314118314124
Sphingopyxis flava,-0.11527017947979658,Mostly Aquatic,9999,0,1,0,0,-0.11527017947979658
Naasia aerilata,0.9380555301017136,Terrestrial Specialist,9999,1,0,0,0,0.9380555301017136
Isoptericola variabilis,0.7513590167809029,Mostly Terrestrial,9999,1,0,0,0,0.7513590167809029
Isoptericola cucumis,0.7513590167809029,Mostly Terrestrial,9999,1,0,0,0,0.7513590167809029
Altererythrobacter ishigakiensis,-0.8349933598937583,Aquatic Specialist,9999,0,1,0,0,-0.8349933598937583
Sphingobacterium bovisgrunnientis,0.27964860907759875,Mostly Terrestrial,9999,1,0,0,0,0.27964860907759875
Phytobacter diazotrophicus,0.5858449034879782,Mostly Terrestrial,9999,1,0,0,0,0.5858449034879782
Acetobacter orientalis,0.7700897744690168,Mostly Terrestrial,9999,1,0,0,0,0.7700897744690168
Thalassotalea litorea,-0.9453513627128143,Aquatic Specialist,9999,0,1,0,0,-0.9453513627128143
Streptococcus orisasini,0.8220064724919094,Terrestrial Specialist,9999,1,0,0,0,0.8220064724919094
Lysobacter xinjiangensis,0.51990407673860906,Mostly Terrestrial,9999,1,0,0,0,0.51990407673860906
Nocardia farcinica,0.5306341812970262,Mostly Terrestrial,9999,1,0,0,0,0.5306341812970262
Desemzia incerta,0.5000857191839534,Mostly Terrestrial,9999,1,0,0,0,0.5000857191839534
Sphingomonas fennica,0.3724124588895338,Mostly Terrestrial,9999,1,0,0,0,0.3724124588895338
Actinomadura alba,0.9271039415614062,Terrestrial Specialist,9999,1,0,0,0,0.9271039415614062
Hydrogenispora ethanolica,0.49444993955379707,Mostly Terrestrial,9999,1,0,0,0,0.49444993955379707
Acinetobacter gandensis,-0.24166380199381224,Mostly Aquatic,9999,0,1,0,0,-0.24166380199381224
Tuwongella immobilis,-0.582046332046332,Mostly Aquatic,9999,0,1,0,0,-0.582046332046332
Marinobacter shengliensis,-0.6669058112124628,Mostly Aquatic,9999,0,1,0,0,-0.6669058112124628
Endozoicomonas montiporae,-0.894484750299359,Aquatic Specialist,9999,0,1,0,0,-0.894484750299359
Rhodobium orientis,-0.5001487652484379,Mostly Aquatic,9999,0,1,0,0,-0.5001487652484379
Rhodobium gokarnense,-0.5001487652484379,Mostly Aquatic,9999,0,1,0,0,-0.5001487652484379
Dictyobacter aurantiacus,0.8952193844138834,Terrestrial Specialist,9999,1,0,0,0,0.8952193844138834
Arthrobacter crystallopoietes,0.8470651588583739,Terrestrial Specialist,9999,1,0,0,0,0.8470651588583739
Marinobacter salsuginis,-0.8870096519968123,Aquatic Specialist,9999,0,1,0,0,-0.8870096519968123
Mycetocola tolaasinivorans,0.2530402245088868,Mostly Terrestrial,9999,1,0,0,0,0.2530402245088868
Mycetocola lacteus,0.2530402245088868,Mostly Terrestrial,9999,1,0,0,0,0.2530402245088868
Mycetocola saprophilus,0.2530402245088868,Mostly Terrestrial,9999,1,0,0,0,0.2530402245088868
Flavobacterium cerinum,0.5182985775445381,Mostly Terrestrial,9999,1,0,0,0,0.5182985775445381
Gorillibacterium massiliense,0.689425552694664,Mostly Terrestrial,9999,1,0,0,0,0.689425552694664
Neptunomonas marina,-0.8998668987406573,Aquatic Specialist,9999,0,1,0,0,-0.8998668987406573
Thermus filiformis,-0.7575321665467913,Mostly Aquatic,9999,0,1,0,0,-0.7575321665467913
Saccharopolyspora spinosa,0.8927104120201903,Terrestrial Specialist,9999,1,0,0,0,0.8927104120201903
Marivita cryptomonadis,0.4896456511734929,Mostly Terrestrial,9999,1,0,0,0,0.4896456511734929
Photobacterium rosenbergii,-0.8790414606314187,Aquatic Specialist,9999,0,1,0,0,-0.8790414606314187
Devosia insulae,0.2846956701457063,Mostly Terrestrial,9999,1,0,0,0,0.2846956701457063
Leptospira wolffii,0.28129489512498806,Mostly Terrestrial,9999,1,0,0,0,0.28129489512498806
Ochrovirga pacifica,-0.944294003868472,Aquatic Specialist,9999,0,1,0,0,-0.944294003868472
Lysobacter bugurensis,0.6997206703910616,Mostly Terrestrial,9999,1,0,0,0,0.6997206703910616
Sphingomonas oligoaromativorans,-0.05690028901734102,Generalist,9999,0,1,0,0,-0.05690028901734102
Sphingobacterium psychroaquaticum,0.3788267487600479,Mostly Terrestrial,9999,1,0,0,0,0.3788267487600479
Oceanihabitans sediminis,-0.8882017508633846,Aquatic Specialist,9999,0,1,0,0,-0.8882017508633846
Capnocytophaga canis,0.9699046483909415,Terrestrial Specialist,9999,1,0,0,0,0.9699046483909415
Mycoplasmopsis caviae,0.9311380994115438,Terrestrial Specialist,9999,1,0,0,0,0.9311380994115438
Algoriphagus ornithinivorans,-0.8949877507779911,Aquatic Specialist,9999,0,1,0,0,-0.8949877507779911
Thermoanaerobaculum aquaticum,-0.3716457960644008,Mostly Aquatic,9999,0,1,0,0,-0.3716457960644008
Flavimobilis marinus,0.588754783632617,Mostly Terrestrial,9999,1,0,0,0,0.588754783632617
Alkalibacterium gilvum,0.15074758135444152,Mostly Terrestrial,9999,1,0,0,0,0.15074758135444152
Treponema putidum,0.969538729329852,Terrestrial Specialist,9999,1,0,0,0,0.969538729329852
Jejuia pallidilutea,-0.8261312938177184,Aquatic Specialist,9999,0,1,0,0,-0.8261312938177184
Chlamydia pecorum,0.8794671177838866,Terrestrial Specialist,9999,1,0,0,0,0.8794671177838866
Lysobacter enzymogenes,0.7477429633563463,Mostly Terrestrial,9999,1,0,0,0,0.7477429633563463
Psychroserpens mesophilus,-0.9326449348721062,Aquatic Specialist,9999,0,1,0,0,-0.9326449348721062
Draconibacterium orientale,-0.7692190126853126,Mostly Aquatic,9999,0,1,0,0,-0.7692190126853126
Leucobacter tardus,0.3668557025834908,Mostly Terrestrial,9999,1,0,0,0,0.3668557025834908
Allobranchiibius huperziae,0.6070348996977191,Mostly Terrestrial,9999,1,0,0,0,0.6070348996977191
Paraburkholderia ferrariae,0.7878318584070796,Mostly Terrestrial,9999,1,0,0,0,0.7878318584070796
Shewanella aestuarii,-0.8870803662258393,Aquatic Specialist,9999,0,1,0,0,-0.8870803662258393
Vagococcus penaei,0.603382013835511,Mostly Terrestrial,9999,1,0,0,0,0.603382013835511
Thioalkalivibrio versutus,-0.38935631018753164,Mostly Aquatic,9999,0,1,0,0,-0.38935631018753164
Hydrogenibacillus schlegelii,0.21512743217319816,Mostly Terrestrial,9999,1,0,0,0,0.21512743217319816
Chthonomonas calidirosea,0.2784695903266559,Mostly Terrestrial,9999,1,0,0,0,0.2784695903266559
Salimicrobium jeotgali,-0.19060442848593653,Mostly Aquatic,9999,0,1,0,0,-0.19060442848593653
Shimia haliotis,-0.9718946858342754,Aquatic Specialist,9999,0,1,0,0,-0.9718946858342754
Agarilytica rhodophyticola,-0.957679444301518,Aquatic Specialist,9999,0,1,0,0,-0.957679444301518
Zunongwangia mangrovi,-0.9344736842105265,Aquatic Specialist,9999,0,1,0,0,-0.9344736842105265
Streptobacillus notomytis,-0.6169006479481642,Mostly Aquatic,9999,0,1,0,0,-0.6169006479481642
Providencia heimbachae,0.5236880466472303,Mostly Terrestrial,9999,1,0,0,0,0.5236880466472303
Spirochaeta thermophila,0.27933261571582346,Mostly Terrestrial,9999,1,0,0,0,0.27933261571582346
Pustulibacterium marinum,-0.8712820134327257,Aquatic Specialist,9999,0,1,0,0,-0.8712820134327257
Arenimonas daejeonensis,0.38027584776521833,Mostly Terrestrial,9999,1,0,0,0,0.38027584776521833
Mangrovimonas yunxiaonensis,-0.7164859343077166,Mostly Aquatic,9999,0,1,0,0,-0.7164859343077166
Chthoniobacter flavus,0.8718812052145385,Terrestrial Specialist,9999,1,0,0,0,0.8718812052145385
Prolixibacter bellariivorans,-0.6031575720416922,Mostly Aquatic,9999,0,1,0,0,-0.6031575720416922
Gordonia sihwensis,-0.5498197548666187,Mostly Aquatic,9999,0,1,0,0,-0.5498197548666187
Paenibacillus pasadenensis,0.5137839039573143,Mostly Terrestrial,9999,1,0,0,0,0.5137839039573143
Stappia indica,-0.46326086956521745,Mostly Aquatic,9999,0,1,0,0,-0.46326086956521745
Ruegeria lacuscaerulensis,-0.956118881118881,Aquatic Specialist,9999,0,1,0,0,-0.956118881118881
Anaerobacterium chartisolvens,0.06723891273247495,Generalist,9999,1,0,0,0,0.06723891273247495
Pararhodospirillum photometricum,-0.7062776844356193,Mostly Aquatic,9999,0,1,0,0,-0.7062776844356193
Labilithrix luteola,0.9305946351528793,Terrestrial Specialist,9999,1,0,0,0,0.9305946351528793
Gordonia amicalis,0.6132923368022707,Mostly Terrestrial,9999,1,0,0,0,0.6132923368022707
Thermotalea metallivorans,0.4955277280858677,Mostly Terrestrial,9999,1,0,0,0,0.4955277280858677
Methylocapsa aurea,-0.18981283650969996,Mostly Aquatic,9999,0,1,0,0,-0.18981283650969996
Niabella yanshanensis,0.5839909808342728,Mostly Terrestrial,9999,1,0,0,0,0.5839909808342728
Mammaliicoccus vitulinus,0.8336075205640423,Terrestrial Specialist,9999,1,0,0,0,0.8336075205640423
Mammaliicoccus fleurettii,0.7650557620817843,Mostly Terrestrial,9999,1,0,0,0,0.7650557620817843
Arenicella xantha,-0.9118828736806265,Aquatic Specialist,9999,0,1,0,0,-0.9118828736806265
Aequorivita aquimaris,-0.5521710952689566,Mostly Aquatic,9999,0,1,0,0,-0.5521710952689566
Aequorivita vladivostokensis,-0.5521710952689566,Mostly Aquatic,9999,0,1,0,0,-0.5521710952689566
Gordonia amarae,-0.8232848232848233,Aquatic Specialist,9999,0,1,0,0,-0.8232848232848233
Arcicella rosea,-0.44223770406571694,Mostly Aquatic,9999,0,1,0,0,-0.44223770406571694
Thalassotalea marina,-0.9028761061946903,Aquatic Specialist,9999,0,1,0,0,-0.9028761061946903
Rheinheimera riviphila,-0.7934455270150577,Mostly Aquatic,9999,0,1,0,0,-0.7934455270150577
Thermodesulfovibrio thiophilus,-0.19103972950126794,Mostly Aquatic,9999,0,1,0,0,-0.19103972950126794
Microbacterium hydrocarbonoxydans,0.6660677263303386,Mostly Terrestrial,9999,1,0,0,0,0.6660677263303386
Nitrosomonas stercoris,0.30701623715179516,Mostly Terrestrial,9999,1,0,0,0,0.30701623715179516
Pontibaca methylaminivorans,-0.24173435533691792,Mostly Aquatic,9999,0,1,0,0,-0.24173435533691792
Endothiovibrio diazotrophicus,-0.6478848204763598,Mostly Aquatic,9999,0,1,0,0,-0.6478848204763598
Marinomonas atlantica,-0.6610771793448084,Mostly Aquatic,9999,0,1,0,0,-0.6610771793448084
Dyadobacter beijingensis,0.701851851851852,Mostly Terrestrial,9999,1,0,0,0,0.701851851851852
Epilithonimonas lactis,0.33196300102774917,Mostly Terrestrial,9999,1,0,0,0,0.33196300102774917
Rehaibacterium terrae,-0.030506953790937628,Generalist,9999,0,1,0,0,-0.030506953790937628
Pragia fontium,0.4790549930514196,Mostly Terrestrial,9999,1,0,0,0,0.4790549930514196
Rubrobacter aplysinae,0.7109166983643971,Mostly Terrestrial,9999,1,0,0,0,0.7109166983643971
Thalassobacillus devorans,0.3841246012385063,Mostly Terrestrial,9999,1,0,0,0,0.3841246012385063
Paenibacillus sediminis,0.7298690143869444,Mostly Terrestrial,9999,1,0,0,0,0.7298690143869444
Malacoplasma penetrans,0.6786623046165032,Mostly Terrestrial,9999,1,0,0,0,0.6786623046165032
Selenomonas sputigena,0.8576064908722111,Terrestrial Specialist,9999,1,0,0,0,0.8576064908722111
Vibrio intestinalis,-0.7109530112508273,Mostly Aquatic,9999,0,1,0,0,-0.7109530112508273
Desulfovibrio intestinalis,-0.7109530112508273,Mostly Aquatic,9999,0,1,0,0,-0.7109530112508273
Octadecabacter temperatus,-0.935987168270633,Aquatic Specialist,9999,0,1,0,0,-0.935987168270633
Shewanella woodyi,-0.9344540407156077,Aquatic Specialist,9999,0,1,0,0,-0.9344540407156077
Mycolicibacterium arabiense,0.25176312548975704,Mostly Terrestrial,9999,1,0,0,0,0.25176312548975704
Terriglobus albidus,0.8930395593390085,Terrestrial Specialist,9999,1,0,0,0,0.8930395593390085
Rhodonellum ikkaensis,-0.4871338260172737,Mostly Aquatic,9999,0,1,0,0,-0.4871338260172737
Georgfuchsia toluolica,-0.0364906223024406,Generalist,9999,0,1,0,0,-0.0364906223024406
Paludibacterium yongneupense,0.13528044173205464,Mostly Terrestrial,9999,1,0,0,0,0.13528044173205464
Draconibacterium sediminis,-0.7532387415175817,Mostly Aquatic,9999,0,1,0,0,-0.7532387415175817
Haliangium ochraceum,0.2269389217266702,Mostly Terrestrial,9999,1,0,0,0,0.2269389217266702
Novosphingobium endophyticum,-0.14707980837835075,Mostly Aquatic,9999,0,1,0,0,-0.14707980837835075
Bifidobacterium catulorum,0.9501367218915877,Terrestrial Specialist,9999,1,0,0,0,0.9501367218915877
Gordonia lacunae,0.1403827350188574,Mostly Terrestrial,9999,1,0,0,0,0.1403827350188574
Gordonia terrae,0.8351543032394098,Terrestrial Specialist,9999,1,0,0,0,0.8351543032394098
Kangiella profundi,-0.4263922265176053,Mostly Aquatic,9999,0,1,0,0,-0.4263922265176053
Olleya marilimosa,-0.9006299212598425,Aquatic Specialist,9999,0,1,0,0,-0.9006299212598425
Dyadobacter jiangsuensis,0.7049140643911886,Mostly Terrestrial,9999,1,0,0,0,0.7049140643911886
Saccharopolyspora gloriosae,0.7232775730082223,Mostly Terrestrial,9999,1,0,0,0,0.7232775730082223
Streptomyces vietnamensis,0.881451200817578,Terrestrial Specialist,9999,1,0,0,0,0.881451200817578
Streptomyces bikiniensis,0.881451200817578,Terrestrial Specialist,9999,1,0,0,0,0.881451200817578
Nannocystis pusilla,0.4563202524156971,Mostly Terrestrial,9999,1,0,0,0,0.4563202524156971
Mucilaginibacter gotjawali,0.7645246079941993,Mostly Terrestrial,9999,1,0,0,0,0.7645246079941993
Castellaniella caeni,0.10120561884747262,Mostly Terrestrial,9999,1,0,0,0,0.10120561884747262
Micropruina glycogenica,-0.07871019427198077,Generalist,9999,0,1,0,0,-0.07871019427198077
Saccharicrinis carchari,-0.5218627799502311,Mostly Aquatic,9999,0,1,0,0,-0.5218627799502311
Thioalkalivibrio halophilus,-0.5453353152050363,Mostly Aquatic,9999,0,1,0,0,-0.5453353152050363
Campylobacter canadensis,-0.16827743035815804,Mostly Aquatic,9999,0,1,0,0,-0.16827743035815804
Cellulomonas fimi,0.6968676321993937,Mostly Terrestrial,9999,1,0,0,0,0.6968676321993937
Cellulomonas biazotea,0.6968676321993937,Mostly Terrestrial,9999,1,0,0,0,0.6968676321993937
Quatrionicoccus australiensis,-0.6094589752776782,Mostly Aquatic,9999,0,1,0,0,-0.6094589752776782
Xanthobacter aminoxidans,-0.3211329991840541,Mostly Aquatic,9999,0,1,0,0,-0.3211329991840541
Xanthobacter flavus,-0.3211329991840541,Mostly Aquatic,9999,0,1,0,0,-0.3211329991840541
Nocardioides plantarum,0.3095076015429998,Mostly Terrestrial,9999,1,0,0,0,0.3095076015429998
Marinobacter vinifirmus,-0.7919266330902803,Mostly Aquatic,9999,0,1,0,0,-0.7919266330902803
Chryseobacterium lactis,0.28198599618077663,Mostly Terrestrial,9999,1,0,0,0,0.28198599618077663
Thermodesulfovibrio yellowstonii,-0.3702448210922788,Mostly Aquatic,9999,0,1,0,0,-0.3702448210922788
Thermodesulfovibrio islandicus,-0.3702448210922788,Mostly Aquatic,9999,0,1,0,0,-0.3702448210922788
Helicobacter muridarum,0.8735232800555941,Terrestrial Specialist,9999,1,0,0,0,0.8735232800555941
Methylocystis echinoides,-0.20468159616625198,Mostly Aquatic,9999,0,1,0,0,-0.20468159616625198
Paracoccus halophilus,-0.024571428571428557,Generalist,9999,0,1,0,0,-0.024571428571428557
Antarctobacter heliothermus,-0.8965120105297795,Aquatic Specialist,9999,0,1,0,0,-0.8965120105297795
Actibacterium atlanticum,-0.9411641686998955,Aquatic Specialist,9999,0,1,0,0,-0.9411641686998955
Anoxybacillus amylolyticus,0.7066442388561817,Mostly Terrestrial,9999,1,0,0,0,0.7066442388561817
Methylobacterium durans,0.7423161361141604,Mostly Terrestrial,9999,1,0,0,0,0.7423161361141604
Ilumatobacter fluminis,-0.7617333333333333,Mostly Aquatic,9999,0,1,0,0,-0.7617333333333333
Halanaerobium saccharolyticum,-0.13925317849634594,Mostly Aquatic,9999,0,1,0,0,-0.13925317849634594
Marmoricola aurantiacus,0.7250859106529209,Mostly Terrestrial,9999,1,0,0,0,0.7250859106529209
Paenibacillus aestuarii,0.8185440057950019,Terrestrial Specialist,9999,1,0,0,0,0.8185440057950019
Allokutzneria albata,0.9502366050984582,Terrestrial Specialist,9999,1,0,0,0,0.9502366050984582
Herbinix hemicellulosilytica,0.7809271280972844,Mostly Terrestrial,9999,1,0,0,0,0.7809271280972844
Pseudonocardia sediminis,0.89461674100197075,Terrestrial Specialist,9999,1,0,0,0,0.89461674100197075
Microbulbifer thermotolerans,-0.6679885786802031,Mostly Aquatic,9999,0,1,0,0,-0.6679885786802031
Sphingomonas paucimobilis,0.281437125748503,Mostly Terrestrial,9999,1,0,0,0,0.281437125748503
Marinilactibacillus piezotolerans,0.16629921259842517,Mostly Terrestrial,9999,1,0,0,0,0.16629921259842517
Aquabacterium olei,0.38220481253497485,Mostly Terrestrial,9999,1,0,0,0,0.38220481253497485
Larkinella insperata,0.5447479981158738,Mostly Terrestrial,9999,1,0,0,0,0.5447479981158738
Fusobacterium equinum,0.9714851485148516,Terrestrial Specialist,9999,1,0,0,0,0.9714851485148516
Clostridium haemolyticum,0.05124777183600715,Generalist,9999,1,0,0,0,0.05124777183600715
Pyruvatibacter mobilis,-0.9148987174877143,Aquatic Specialist,9999,0,1,0,0,-0.9148987174877143
Antarcticimicrobium luteum,-0.9180102082151826,Aquatic Specialist,9999,0,1,0,0,-0.9180102082151826
Tamaricihabitans halophyticus,0.5547800074784993,Mostly Terrestrial,9999,1,0,0,0,0.5547800074784993
Rhizocola hellebori,0.9159436440340682,Terrestrial Specialist,9999,1,0,0,0,0.9159436440340682
Elstera cyanobacteriorum,-0.7664664763217486,Mostly Aquatic,9999,0,1,0,0,-0.7664664763217486
Tessaracoccus antarcticus,0.15480142628796267,Mostly Terrestrial,9999,1,0,0,0,0.15480142628796267
Pseudorhodoferax soli,-0.6969616204690832,Mostly Aquatic,9999,0,1,0,0,-0.6969616204690832
Roseivirga thermotolerans,-0.9588630195686331,Aquatic Specialist,9999,0,1,0,0,-0.9588630195686331
Comamonas kerstersii,-0.3582089552238806,Mostly Aquatic,9999,0,1,0,0,-0.3582089552238806
Actinopolymorpha pittospori,0.9178082191780822,Terrestrial Specialist,9999,1,0,0,0,0.9178082191780822
Roseovarius aestuariivivens,-0.9245471997329106,Aquatic Specialist,9999,0,1,0,0,-0.9245471997329106
Paenibacillus bovis,0.466213842370301,Mostly Terrestrial,9999,1,0,0,0,0.466213842370301
Dichelobacter nodosus,0.39897793842702234,Mostly Terrestrial,9999,1,0,0,0,0.39897793842702234
Paenibacillus dauci,0.466213842370301,Mostly Terrestrial,9999,1,0,0,0,0.466213842370301
Grimontia hollisae,-0.6879202988792029,Mostly Aquatic,9999,0,1,0,0,-0.6879202988792029
Rhizobium mesoamericanum,0.9022942586462732,Terrestrial Specialist,9999,1,0,0,0,0.9022942586462732
Rhizobium cauense,0.9022942586462732,Terrestrial Specialist,9999,1,0,0,0,0.9022942586462732
Thaumasiovibrio subtropicus,-0.8883800801373785,Aquatic Specialist,9999,0,1,0,0,-0.8883800801373785
Marinovum algicola,-0.8964208799097529,Aquatic Specialist,9999,0,1,0,0,-0.8964208799097529
Thermus oshimai,-0.3018266164105539,Mostly Aquatic,9999,0,1,0,0,-0.3018266164105539
Defluviimonas aestuarii,-0.8319607102380053,Aquatic Specialist,9999,0,1,0,0,-0.8319607102380053
Geobacter pickeringii,0.09676208352885972,Generalist,9999,1,0,0,0,0.09676208352885972
Lentilactobacillus rapi,0.674744211093161,Mostly Terrestrial,9999,1,0,0,0,0.674744211093161
Tetragenococcus osmophilus,0.2596867271228359,Mostly Terrestrial,9999,1,0,0,0,0.2596867271228359
Marinobacter persicus,-0.6585820895522388,Mostly Aquatic,9999,0,1,0,0,-0.6585820895522388
Nitrobacter hamburgensis,0.6901204382866974,Mostly Terrestrial,9999,1,0,0,0,0.6901204382866974
Methyloprofundus sedimenti,-0.7807816991864946,Mostly Aquatic,9999,0,1,0,0,-0.7807816991864946
Roseovarius mucosus,-0.76364389233954455,Mostly Aquatic,9999,0,1,0,0,-0.76364389233954455
Terracidiphilus gabretensis,0.9147225725094578,Terrestrial Specialist,9999,1,0,0,0,0.9147225725094578
Paenibacillus azoreducens,0.777245508982036,Mostly Terrestrial,9999,1,0,0,0,0.777245508982036
Sphingobium fuliginis,0.10932343234323433,Mostly Terrestrial,9999,1,0,0,0,0.10932343234323433
Sinirhodobacter ferrireducens,-0.4370729556975975,Mostly Aquatic,9999,0,1,0,0,-0.4370729556975975
Anaerolinea thermolimosa,-0.4760553387726144,Mostly Aquatic,9999,0,1,0,0,-0.4760553387726144
Levilactobacillus spicheri,0.5835910121624407,Mostly Terrestrial,9999,1,0,0,0,0.5835910121624407
Auritidibacter ignavus,0.4495670489117716,Mostly Terrestrial,9999,1,0,0,0,0.4495670489117716
Longimycelium tulufanense,0.7664754896656205,Mostly Terrestrial,9999,1,0,0,0,0.7664754896656205
Spirochaeta africana,-0.611111111111111,Mostly Aquatic,9999,0,1,0,0,-0.611111111111111
Methylophaga thiooxydans,-0.6926999235149146,Mostly Aquatic,9999,0,1,0,0,-0.6926999235149146
Terriglobus tenax,0.832236842105263,Terrestrial Specialist,9999,1,0,0,0,0.832236842105263
Rhodopirellula rubra,-0.7576512455516013,Mostly Aquatic,9999,0,1,0,0,-0.7576512455516013
Ferriphaselus amnicola,-0.7233868326236489,Mostly Aquatic,9999,0,1,0,0,-0.7233868326236489
Lacrimispora algidixylanolytica,0.7127902550437761,Mostly Terrestrial,9999,1,0,0,0,0.7127902550437761
Microbulbifer agarilyticus,-0.7565141864504923,Mostly Aquatic,9999,0,1,0,0,-0.7565141864504923
Boudabousia tangfeifanii,0.8048780487804879,Terrestrial Specialist,9999,1,0,0,0,0.8048780487804879
Agromyces atrinae,0.6262770254217154,Mostly Terrestrial,9999,1,0,0,0,0.6262770254217154
Helicobacter pametensis,0.7327344188658057,Mostly Terrestrial,9999,1,0,0,0,0.7327344188658057
Spiribacter curvatus,-0.6308662319982805,Mostly Aquatic,9999,0,1,0,0,-0.6308662319982805
Neptunicoccus sediminis,-0.8240653471567703,Aquatic Specialist,9999,0,1,0,0,-0.8240653471567703
Sphingobium psychrophilum,-0.20233503596372357,Mostly Aquatic,9999,0,1,0,0,-0.20233503596372357
Spiribacter roseus,-0.6308662319982805,Mostly Aquatic,9999,0,1,0,0,-0.6308662319982805
Spiribacter aquaticus,-0.6308662319982805,Mostly Aquatic,9999,0,1,0,0,-0.6308662319982805
Pseudooceanicola nitratireducens,-0.9484066767830045,Aquatic Specialist,9999,0,1,0,0,-0.9484066767830045
Lentilactobacillus senioris,0.34606089898501696,Mostly Terrestrial,9999,1,0,0,0,0.34606089898501696
Alysiella filiformis,0.8476190476190477,Terrestrial Specialist,9999,1,0,0,0,0.8476190476190477
Neisseria cinerea,0.6215718755751887,Mostly Terrestrial,9999,1,0,0,0,0.6215718755751887
Sphingobium phenoxybenzoativorans,-0.5241320914479255,Mostly Aquatic,9999,0,1,0,0,-0.5241320914479255
Pseudacidovorax intermedius,-0.413634974014063,Mostly Aquatic,9999,0,1,0,0,-0.413634974014063
Thiothrix caldifontis,-0.9169375225713254,Aquatic Specialist,9999,0,1,0,0,-0.9169375225713254
Brucella intermedia,0.41188959660297236,Mostly Terrestrial,9999,1,0,0,0,0.41188959660297236
Dehalogenimonas alkenigignens,-0.4440015631105901,Mostly Aquatic,9999,0,1,0,0,-0.4440015631105901
Flavobacterium aquatile,-0.2241608192679689,Mostly Aquatic,9999,0,1,0,0,-0.2241608192679689
Rhodococcus phenolicus,0.007092198581560327,Generalist,9999,1,0,0,0,0.007092198581560327
Rhodococcus zopfii,0.007092198581560327,Generalist,9999,1,0,0,0,0.007092198581560327
Hydrogenovibrio crunogenus,-0.6615486214297507,Mostly Aquatic,9999,0,1,0,0,-0.6615486214297507
Arsukibacterium ikkense,-0.5500757084144495,Mostly Aquatic,9999,0,1,0,0,-0.5500757084144495
Legionella spiritensis,0.001087153469831468,Generalist,9999,1,0,0,0,0.001087153469831468
Chlamydia abortus,0.4980694980694981,Mostly Terrestrial,9999,1,0,0,0,0.4980694980694981
Chlamydia psittaci,0.4980694980694981,Mostly Terrestrial,9999,1,0,0,0,0.4980694980694981
Chlamydia caviae,0.4980694980694981,Mostly Terrestrial,9999,1,0,0,0,0.4980694980694981
Cellulomonas terrae,0.8064341713976751,Terrestrial Specialist,9999,1,0,0,0,0.8064341713976751
Malaciobacter marinus,-0.6575088175236681,Mostly Aquatic,9999,0,1,0,0,-0.6575088175236681
Malaciobacter canalis,-0.6575088175236681,Mostly Aquatic,9999,0,1,0,0,-0.6575088175236681
Sphingomonas panni,0.33603707995365,Mostly Terrestrial,9999,1,0,0,0,0.33603707995365
Sphingomonas hankookensis,0.33603707995365,Mostly Terrestrial,9999,1,0,0,0,0.33603707995365
Seleniivibrio woodruffii,-0.6625504340383911,Mostly Aquatic,9999,0,1,0,0,-0.6625504340383911
Bacillus solimangrovi,0.5010368066355625,Mostly Terrestrial,9999,1,0,0,0,0.5010368066355625
Amycolatopsis benzoatilytica,0.940451745379877,Terrestrial Specialist,9999,1,0,0,0,0.940451745379877
Vibrio aestuarianus,-0.8003142753535597,Aquatic Specialist,9999,0,1,0,0,-0.8003142753535597
Ignatzschineria cameli,0.3234975636166757,Mostly Terrestrial,9999,1,0,0,0,0.3234975636166757
Ignatzschineria indica,0.3234975636166757,Mostly Terrestrial,9999,1,0,0,0,0.3234975636166757
Paraburkholderia mimosarum,0.8567785371824952,Terrestrial Specialist,9999,1,0,0,0,0.8567785371824952
Acetobacter conturbans,0.47979548078508993,Mostly Terrestrial,9999,1,0,0,0,0.47979548078508993
Acetobacter aceti,0.47979548078508993,Mostly Terrestrial,9999,1,0,0,0,0.47979548078508993
Flavobacterium noncentrifugens,0.08553782810087487,Generalist,9999,1,0,0,0,0.08553782810087487
Acetobacter sacchari,0.46174060905858716,Mostly Terrestrial,9999,1,0,0,0,0.46174060905858716
Acetobacter sicerae,0.47979548078508993,Mostly Terrestrial,9999,1,0,0,0,0.47979548078508993
Chryseobacterium soli,0.383356070941337,Mostly Terrestrial,9999,1,0,0,0,0.383356070941337
Halocynthiibacter namhaensis,-0.9247753921120756,Aquatic Specialist,9999,0,1,0,0,-0.9247753921120756
Leucothrix arctica,-0.951324148172593,Aquatic Specialist,9999,0,1,0,0,-0.951324148172593
Parabacteroides faecis,0.9788401253918496,Terrestrial Specialist,9999,1,0,0,0,0.9788401253918496
Paenisporosarcina antarctica,0.5177678814868673,Mostly Terrestrial,9999,1,0,0,0,0.5177678814868673
Paenisporosarcina indica,0.5177678814868673,Mostly Terrestrial,9999,1,0,0,0,0.5177678814868673
Pontimonas salivibrio,-0.84018157626986,Aquatic Specialist,9999,0,1,0,0,-0.84018157626986
Desulfovibrio ferrophilus,-0.7539534092841353,Mostly Aquatic,9999,0,1,0,0,-0.7539534092841353
Brevundimonas subvibrioides,0.2598949660561035,Mostly Terrestrial,9999,1,0,0,0,0.2598949660561035
Bacillus marinisedimentorum,0.400941377834831,Mostly Terrestrial,9999,1,0,0,0,0.400941377834831
Friedmanniella luteola,0.7467159277504105,Mostly Terrestrial,9999,1,0,0,0,0.7467159277504105
Paenibacillus polysaccharolyticus,0.9574128718398596,Terrestrial Specialist,9999,1,0,0,0,0.9574128718398596
Halodesulfovibrio spirochaetisodalis,-0.4110155289911742,Mostly Aquatic,9999,0,1,0,0,-0.4110155289911742
Vibrio marinisediminis,-0.4110155289911742,Mostly Aquatic,9999,0,1,0,0,-0.4110155289911742
Tetragenococcus koreensis,0.5879693335954393,Mostly Terrestrial,9999,1,0,0,0,0.5879693335954393
Sphingomonas phyllosphaerae,-0.9565031982942431,Aquatic Specialist,9999,0,1,0,0,-0.9565031982942431
Sphingomonas endophytica,0.5899167772283198,Mostly Terrestrial,9999,1,0,0,0,0.5899167772283198
Pseudomonas songnenensis,-0.20405485986881344,Mostly Aquatic,9999,0,1,0,0,-0.20405485986881344
Pseudonocardia parietis,0.8921090387374462,Terrestrial Specialist,9999,1,0,0,0,0.8921090387374462
Sphingomonas turrisvirgatae,0.3704918032786885,Mostly Terrestrial,9999,1,0,0,0,0.3704918032786885
Novosphingobium lindaniclasticum,0.10545308740978353,Mostly Terrestrial,9999,1,0,0,0,0.10545308740978353
Streptomyces caeruleatus,0.9564289724873667,Terrestrial Specialist,9999,1,0,0,0,0.9564289724873667
Streptomyces griseoruber,0.9564289724873667,Terrestrial Specialist,9999,1,0,0,0,0.9564289724873667
Lacticaseibacillus hegangensis,0.5716267776621574,Mostly Terrestrial,9999,1,0,0,0,0.5716267776621574
Paenibacillus vini,0.8798600311041992,Terrestrial Specialist,9999,1,0,0,0,0.8798600311041992
Thalassotalea piscium,-0.9516520052642514,Aquatic Specialist,9999,0,1,0,0,-0.9516520052642514
Geodermatophilus dictyosporus,0.8276330411161871,Terrestrial Specialist,9999,1,0,0,0,0.8276330411161871
Halomonas salina,-0.7089434930090179,Mostly Aquatic,9999,0,1,0,0,-0.7089434930090179
Halomonas halophila,-0.7089434930090179,Mostly Aquatic,9999,0,1,0,0,-0.7089434930090179
Hoyosella rhizosphaerae,0.40524625267665954,Mostly Terrestrial,9999,1,0,0,0,0.40524625267665954
Methylotenera mobilis,-0.6496053381072504,Mostly Aquatic,9999,0,1,0,0,-0.6496053381072504
Sediminitomix flava,-0.9092222489766435,Aquatic Specialist,9999,0,1,0,0,-0.9092222489766435
Thiosulfativibrio zosterae,-0.6776549545992894,Mostly Aquatic,9999,0,1,0,0,-0.6776549545992894
Georgenia soli,0.8166752977731746,Terrestrial Specialist,9999,1,0,0,0,0.8166752977731746
Tessaracoccus aquimaris,-0.7422428221964722,Mostly Aquatic,9999,0,1,0,0,-0.7422428221964722
Marinomonas profundimaris,-0.8254003394583425,Aquatic Specialist,9999,0,1,0,0,-0.8254003394583425
Kriegella aquimaris,-0.8325799721835884,Aquatic Specialist,9999,0,1,0,0,-0.8325799721835884
Terriglobus saanensis,0.7165187186414512,Mostly Terrestrial,9999,1,0,0,0,0.7165187186414512
Ureibacillus thermophilus,0.7050982547753196,Mostly Terrestrial,9999,1,0,0,0,0.7050982547753196
Thalassolituus marinus,-0.7101616628175519,Mostly Aquatic,9999,0,1,0,0,-0.7101616628175519
Henriciella aquimarina,-0.9647325769854133,Aquatic Specialist,9999,0,1,0,0,-0.9647325769854133
Pseudohongiella nitratireducens,-0.8702034125624022,Aquatic Specialist,9999,0,1,0,0,-0.8702034125624022
Pseudoclavibacter caeni,-0.20971004720161834,Mostly Aquatic,9999,0,1,0,0,-0.20971004720161834
Pseudaeromonas sharmana,-0.6714060031595577,Mostly Aquatic,9999,0,1,0,0,-0.6714060031595577
Azorhizobium caulinodans,0.15217920623326028,Mostly Terrestrial,9999,1,0,0,0,0.15217920623326028
Thermanaerovibrio acidaminovorans,-0.28361858190709055,Mostly Aquatic,9999,0,1,0,0,-0.28361858190709055
Streptacidiphilus neutrinimicus,0.7766267400453223,Mostly Terrestrial,9999,1,0,0,0,0.7766267400453223
Thalassobius gelatinovorus,-0.9132327553854238,Aquatic Specialist,9999,0,1,0,0,-0.9132327553854238
Herbaspirillum chlorophenolicum,0.5901530272787757,Mostly Terrestrial,9999,1,0,0,0,0.5901530272787757
Bellilinea caldifistulae,-0.5531932426864442,Mostly Aquatic,9999,0,1,0,0,-0.5531932426864442
Ornatilinea apprima,-0.7014132398257359,Mostly Aquatic,9999,0,1,0,0,-0.7014132398257359
Actinospica durhamensis,0.9623704780948917,Terrestrial Specialist,9999,1,0,0,0,0.9623704780948917
Solimonas terrae,0.6830026296916089,Mostly Terrestrial,9999,1,0,0,0,0.6830026296916089
Spirosoma lacussanchae,-0.24120067042511056,Mostly Aquatic,9999,0,1,0,0,-0.24120067042511056
Antricoccus suffuscus,0.811577082102776,Terrestrial Specialist,9999,1,0,0,0,0.811577082102776
Pelobium manganitolerans,0.3305256064690027,Mostly Terrestrial,9999,1,0,0,0,0.3305256064690027
Paracoccus limosus,0.00495908752789485,Generalist,9999,1,0,0,0,0.00495908752789485
Chelatococcus asaccharovorans,0.05651224836284263,Generalist,9999,1,0,0,0,0.05651224836284263
Halobacillus salinus,-0.18908145580589253,Mostly Aquatic,9999,0,1,0,0,-0.18908145580589253
Salinibacterium amurskyense,0.20537616784133747,Mostly Terrestrial,9999,1,0,0,0,0.20537616784133747
Saccharibacillus qingshengii,0.3435754189944134,Mostly Terrestrial,9999,1,0,0,0,0.3435754189944134
Saccharibacillus deserti,0.3435754189944134,Mostly Terrestrial,9999,1,0,0,0,0.3435754189944134
Acinetobacter guillouiae,0.04029658284977429,Generalist,9999,1,0,0,0,0.04029658284977429
Streptomyces javensis,0.8330348532855765,Terrestrial Specialist,9999,1,0,0,0,0.8330348532855765
Tessaracoccus rhinocerotis,0.5802341597796143,Mostly Terrestrial,9999,1,0,0,0,0.5802341597796143
Acinetobacter bereziniae,0.04029658284977429,Generalist,9999,1,0,0,0,0.04029658284977429
Streptomyces antioxidans,0.8330348532855765,Terrestrial Specialist,9999,1,0,0,0,0.8330348532855765
Thalassospira lucentensis,-0.850868725868726,Aquatic Specialist,9999,0,1,0,0,-0.850868725868726
Thalassospira lohafexi,-0.850868725868726,Aquatic Specialist,9999,0,1,0,0,-0.850868725868726
Acetivibrio mesophilus,0.2644794504323108,Mostly Terrestrial,9999,1,0,0,0,0.2644794504323108
Nocardia seriolae,0.8489337822671156,Terrestrial Specialist,9999,1,0,0,0,0.8489337822671156
Leuconostoc inhae,0.5656060064354667,Mostly Terrestrial,9999,1,0,0,0,0.5656060064354667
Paenibacillus luteus,0.8175158175158174,Terrestrial Specialist,9999,1,0,0,0,0.8175158175158174
Paenibacillus paridis,0.850238037601872,Terrestrial Specialist,9999,1,0,0,0,0.850238037601872
Desulfuromonas acetexigens,-0.6649957438759104,Mostly Aquatic,9999,0,1,0,0,-0.6649957438759104
Kitasatospora atroaurantiaca,0.9445571331981069,Terrestrial Specialist,9999,1,0,0,0,0.9445571331981069
Propionicimonas paludicola,-0.5850436903068482,Mostly Aquatic,9999,0,1,0,0,-0.5850436903068482
Kitasatospora gansuensis,0.9445571331981069,Terrestrial Specialist,9999,1,0,0,0,0.9445571331981069
Levilactobacillus huananensis,0.6037418147801683,Mostly Terrestrial,9999,1,0,0,0,0.6037418147801683
Levilactobacillus paucivorans,0.6037418147801683,Mostly Terrestrial,9999,1,0,0,0,0.6037418147801683
Levilactobacillus lindianensis,0.6037418147801683,Mostly Terrestrial,9999,1,0,0,0,0.6037418147801683
Sphingomonas aerophila,0.7124817872753764,Mostly Terrestrial,9999,1,0,0,0,0.7124817872753764
Erythrobacter ramosus,-0.6726598702502318,Mostly Aquatic,9999,0,1,0,0,-0.6726598702502318
Aquaticitalea lipolytica,-0.9328581610833926,Aquatic Specialist,9999,0,1,0,0,-0.9328581610833926
Jeongeupia chitinilytica,-0.3226708617374585,Mostly Aquatic,9999,0,1,0,0,-0.3226708617374585
Alpinimonas psychrophila,-0.9018856114545029,Aquatic Specialist,9999,0,1,0,0,-0.9018856114545029
Thermanaerothrix daxensis,-0.3299338999055713,Mostly Aquatic,9999,0,1,0,0,-0.3299338999055713
Metallibacterium scheffleri,-0.11826720337358639,Mostly Aquatic,9999,0,1,0,0,-0.11826720337358639
Pelolinea submarina,-0.7134333755197976,Mostly Aquatic,9999,0,1,0,0,-0.7134333755197976
Tepidimonas ignava,-0.5025155025155025,Mostly Aquatic,9999,0,1,0,0,-0.5025155025155025
Marininema halotolerans,0.7894079885877318,Mostly Terrestrial,9999,1,0,0,0,0.7894079885877318
Desulfatibacillum aliphaticivorans,-0.7346338442483357,Mostly Aquatic,9999,0,1,0,0,-0.7346338442483357
Solirubrobacter pauli,0.9175432006010519,Terrestrial Specialist,9999,1,0,0,0,0.9175432006010519
Paracoccus alcaliphilus,0.08173143410316687,Generalist,9999,1,0,0,0,0.08173143410316687
Telluribacter humicola,0.6639344262295082,Mostly Terrestrial,9999,1,0,0,0,0.6639344262295082
Metabacillus halosaccharovorans,0.7772917459109928,Mostly Terrestrial,9999,1,0,0,0,0.7772917459109928
Sphingobium baderi,0.2581240768094535,Mostly Terrestrial,9999,1,0,0,0,0.2581240768094535
Metabacillus niabensis,0.7772917459109928,Mostly Terrestrial,9999,1,0,0,0,0.7772917459109928
Glutamicibacter arilaitensis,0.3653877286708758,Mostly Terrestrial,9999,1,0,0,0,0.3653877286708758
Legionella saoudiensis,0.11473341045325484,Mostly Terrestrial,9999,1,0,0,0,0.11473341045325484
Clostridium tarantellae,0.41362323764226255,Mostly Terrestrial,9999,1,0,0,0,0.41362323764226255
Arthrobacter nitrophenolicus,0.8330511007072419,Terrestrial Specialist,9999,1,0,0,0,0.8330511007072419
Aestuariivivens insulae,-0.9146050483486122,Aquatic Specialist,9999,0,1,0,0,-0.9146050483486122
Tenacibaculum discolor,-0.8689221353281198,Aquatic Specialist,9999,0,1,0,0,-0.8689221353281198
Lentzea albidocapillata,0.9488602910253174,Terrestrial Specialist,9999,1,0,0,0,0.9488602910253174
Lentzea californiensis,0.9488602910253174,Terrestrial Specialist,9999,1,0,0,0,0.9488602910253174
Nakamurella endophytica,0.8519410729176319,Terrestrial Specialist,9999,1,0,0,0,0.8519410729176319
Afipia felis,0.1997573797007683,Mostly Terrestrial,9999,1,0,0,0,0.1997573797007683
Cellulomonas denverensis,0.757327258921792,Mostly Terrestrial,9999,1,0,0,0,0.757327258921792
Afipia carboxidovorans,0.1997573797007683,Mostly Terrestrial,9999,1,0,0,0,0.1997573797007683
Rhodococcus opacus,0.6629088067864717,Mostly Terrestrial,9999,1,0,0,0,0.6629088067864717
Rhodococcus wratislaviensis,0.6629088067864717,Mostly Terrestrial,9999,1,0,0,0,0.6629088067864717
Ewingella americana,0.5483266398929049,Mostly Terrestrial,9999,1,0,0,0,0.5483266398929049
Rickettsia tamurae,0.819501625135428,Terrestrial Specialist,9999,1,0,0,0,0.819501625135428
Micromonospora chalcea,0.4661177960734642,Mostly Terrestrial,9999,1,0,0,0,0.4661177960734642
Micromonospora aurantiaca,0.4661177960734642,Mostly Terrestrial,9999,1,0,0,0,0.4661177960734642
Micromonospora halophytica,0.4661177960734642,Mostly Terrestrial,9999,1,0,0,0,0.4661177960734642
Micromonospora marina,0.4661177960734642,Mostly Terrestrial,9999,1,0,0,0,0.4661177960734642
Lysinibacillus macroides,0.6628440366972478,Mostly Terrestrial,9999,1,0,0,0,0.6628440366972478
Vibrio renipiscarius,-0.8156405990016639,Aquatic Specialist,9999,0,1,0,0,-0.8156405990016639
Micromonospora sediminicola,0.4661177960734642,Mostly Terrestrial,9999,1,0,0,0,0.4661177960734642
Micromonospora maritima,0.4661177960734642,Mostly Terrestrial,9999,1,0,0,0,0.4661177960734642
Streptomyces phaeoluteigriseus,0.90813648293963245,Terrestrial Specialist,9999,1,0,0,0,0.90813648293963245
Nocardioides terrae,0.9383259911894272,Terrestrial Specialist,9999,1,0,0,0,0.9383259911894272
Streptomyces bobili,0.90813648293963245,Terrestrial Specialist,9999,1,0,0,0,0.90813648293963245
Streptomyces alboniger,0.90813648293963245,Terrestrial Specialist,9999,1,0,0,0,0.90813648293963245
Streptomyces galilaeus,0.90813648293963245,Terrestrial Specialist,9999,1,0,0,0,0.90813648293963245
Salipiger profundus,-0.9637449928712066,Aquatic Specialist,9999,0,1,0,0,-0.9637449928712066
Deinococcus puniceus,0.2462686567164179,Mostly Terrestrial,9999,1,0,0,0,0.2462686567164179
Nitratireductor basaltis,-0.7384935832829402,Mostly Aquatic,9999,0,1,0,0,-0.7384935832829402
Clostridium merdae,0.6354880533432118,Mostly Terrestrial,9999,1,0,0,0,0.6354880533432118
Geobacillus thermocatenulatus,0.13036879647898017,Mostly Terrestrial,9999,1,0,0,0,0.13036879647898017
Mycoplasma cottewii,0.7415254237288136,Mostly Terrestrial,9999,1,0,0,0,0.7415254237288136
Leucothrix pacifica,-0.9645573358930812,Aquatic Specialist,9999,0,1,0,0,-0.9645573358930812
Camelimonas fluminis,0.42418553285477634,Mostly Terrestrial,9999,1,0,0,0,0.42418553285477634
Camelimonas lactis,0.42418553285477634,Mostly Terrestrial,9999,1,0,0,0,0.42418553285477634
Labilibaculum antarcticum,-0.916440174451678,Aquatic Specialist,9999,0,1,0,0,-0.916440174451678
Tenacibaculum agarivorans,-0.7484433374844333,Mostly Aquatic,9999,0,1,0,0,-0.7484433374844333
Listeria fleischmannii,0.44526498696785405,Mostly Terrestrial,9999,1,0,0,0,0.44526498696785405
Limosilactobacillus antri,0.7830898627711377,Mostly Terrestrial,9999,1,0,0,0,0.7830898627711377
Listeria goaensis,0.44526498696785405,Mostly Terrestrial,9999,1,0,0,0,0.44526498696785405
Chelatococcus reniformis,0.44992157741429534,Mostly Terrestrial,9999,1,0,0,0,0.44992157741429534
Streptomyces filipinensis,0.9473527366643487,Terrestrial Specialist,9999,1,0,0,0,0.9473527366643487
Streptomyces durhamensis,0.9473527366643487,Terrestrial Specialist,9999,1,0,0,0,0.9473527366643487
Rodentibacter rarus,0.830301025471386,Terrestrial Specialist,9999,1,0,0,0,0.830301025471386
Nubsella zeaxanthinifaciens,0.19800124921923792,Mostly Terrestrial,9999,1,0,0,0,0.19800124921923792
Pseudidiomarina aestuarii,-0.657347144559538,Mostly Aquatic,9999,0,1,0,0,-0.657347144559538
Oceanobacillus caeni,0.7288180610889774,Mostly Terrestrial,9999,1,0,0,0,0.7288180610889774
Thiobaca trueperi,-0.630412192587461,Mostly Aquatic,9999,0,1,0,0,-0.630412192587461
Acinetobacter pragensis,-0.2994608046453754,Mostly Aquatic,9999,0,1,0,0,-0.2994608046453754
Lysobacter silvestris,0.3450320132795826,Mostly Terrestrial,9999,1,0,0,0,0.3450320132795826
Petroclostridium xylanilyticum,0.09652943656034853,Generalist,9999,1,0,0,0,0.09652943656034853
Arenimonas caeni,-0.16640186420929987,Mostly Aquatic,9999,0,1,0,0,-0.16640186420929987
Altererythrobacter epoxidivorans,-0.2590651854957032,Mostly Aquatic,9999,0,1,0,0,-0.2590651854957032
Nocardia cyriacigeorgica,0.516527882916982,Mostly Terrestrial,9999,1,0,0,0,0.516527882916982
Afipia massiliensis,0.7757899854156539,Mostly Terrestrial,9999,1,0,0,0,0.7757899854156539
Flavobacterium anhuiense,0.36582345657173176,Mostly Terrestrial,9999,1,0,0,0,0.36582345657173176
Pedobacter panaciterrae,0.8586594504579516,Terrestrial Specialist,9999,1,0,0,0,0.8586594504579516
Parageobacillus toebii,0.38761851645287226,Mostly Terrestrial,9999,1,0,0,0,0.38761851645287226
Actinobacillus porcinus,0.9296646043633997,Terrestrial Specialist,9999,1,0,0,0,0.9296646043633997
Ammoniphilus resinae,0.7220224719101123,Mostly Terrestrial,9999,1,0,0,0,0.7220224719101123
Microvirga ossetica,0.9197848980506386,Terrestrial Specialist,9999,1,0,0,0,0.9197848980506386
Glycomyces lechevalierae,0.9334756314478834,Terrestrial Specialist,9999,1,0,0,0,0.9334756314478834
Pseudidiomarina indica,0.3516844700082169,Mostly Terrestrial,9999,1,0,0,0,0.3516844700082169
Thermotoga maritima,-0.07625587278641131,Generalist,9999,0,1,0,0,-0.07625587278641131
Thermotoga petrophila,-0.07625587278641131,Generalist,9999,0,1,0,0,-0.07625587278641131
Hyphomonas chukchiensis,-0.9285107495262367,Aquatic Specialist,9999,0,1,0,0,-0.9285107495262367
Euzebyella saccharophila,-0.9127767660308637,Aquatic Specialist,9999,0,1,0,0,-0.9127767660308637
Streptomyces somaliensis,0.8860057662452872,Terrestrial Specialist,9999,1,0,0,0,0.8860057662452872
Streptomyces rubrolavendulae,0.8860057662452872,Terrestrial Specialist,9999,1,0,0,0,0.8860057662452872
Streptomyces fradiae,0.8663466863577627,Terrestrial Specialist,9999,1,0,0,0,0.8663466863577627
Magnetospirillum gryphiswaldense,-0.7939113934493854,Mostly Aquatic,9999,0,1,0,0,-0.7939113934493854
Rubripirellula obstinata,-0.8606646789324413,Aquatic Specialist,9999,0,1,0,0,-0.8606646789324413
Capnocytophaga haemolytica,0.8838996073074954,Terrestrial Specialist,9999,1,0,0,0,0.8838996073074954
Undibacterium jejuense,-0.25880770954728827,Mostly Aquatic,9999,0,1,0,0,-0.25880770954728827
Jiangella asiatica,0.9102060072338419,Terrestrial Specialist,9999,1,0,0,0,0.9102060072338419
Neoasaia chiangmaiensis,0.7258959364222521,Mostly Terrestrial,9999,1,0,0,0,0.7258959364222521
Stenotrophomonas koreensis,0.06154591713108803,Generalist,9999,1,0,0,0,0.06154591713108803
Brevibacterium yomogidense,0.815645371577575,Terrestrial Specialist,9999,1,0,0,0,0.815645371577575
Sinimarinibacterium flocculans,-0.020622493794156992,Generalist,9999,0,1,0,0,-0.020622493794156992
Psychroserpens jangbogonensis,-0.9609631001567174,Aquatic Specialist,9999,0,1,0,0,-0.9609631001567174
Segetibacter aerophilus,0.8985920677279837,Terrestrial Specialist,9999,1,0,0,0,0.8985920677279837
Denitrovibrio acetiphilus,-0.6567836812144212,Mostly Aquatic,9999,0,1,0,0,-0.6567836812144212
Mycoplasmopsis bovigenitalium,0.5986067341184276,Mostly Terrestrial,9999,1,0,0,0,0.5986067341184276
Mycoplasmopsis pulmonis,0.554802872239534,Mostly Terrestrial,9999,1,0,0,0,0.554802872239534
Marmoricola solisilvae,0.803996770286637,Terrestrial Specialist,9999,1,0,0,0,0.803996770286637
Dechloromonas denitrificans,-0.5909938119734587,Mostly Aquatic,9999,0,1,0,0,-0.5909938119734587
Bizionia echini,-0.9269960677038811,Aquatic Specialist,9999,0,1,0,0,-0.9269960677038811
Staphylococcus cohnii,0.8330819507290096,Terrestrial Specialist,9999,1,0,0,0,0.8330819507290096
Staphylococcus nepalensis,0.8330819507290096,Terrestrial Specialist,9999,1,0,0,0,0.8330819507290096
Desulfatitalea tepidiphila,-0.7900763358778627,Mostly Aquatic,9999,0,1,0,0,-0.7900763358778627
Microlunatus endophyticus,0.9103194103194103,Terrestrial Specialist,9999,1,0,0,0,0.9103194103194103
Legionella adelaidensis,-0.10625832223701735,Mostly Aquatic,9999,0,1,0,0,-0.10625832223701735
Campylobacter avium,0.8889770023790642,Terrestrial Specialist,9999,1,0,0,0,0.8889770023790642
Paracoccus contaminans,0.3234291944936622,Mostly Terrestrial,9999,1,0,0,0,0.3234291944936622
Salegentibacter salegens,-0.784849487264307,Mostly Aquatic,9999,0,1,0,0,-0.784849487264307
Niabella ginsenosidivorans,0.4712876296483684,Mostly Terrestrial,9999,1,0,0,0,0.4712876296483684
Costertonia aggregata,-0.9225058332744115,Aquatic Specialist,9999,0,1,0,0,-0.9225058332744115
Rubrobacter calidifluminis,0.4937950053623411,Mostly Terrestrial,9999,1,0,0,0,0.4937950053623411
Rubrobacter naiadicus,0.4937950053623411,Mostly Terrestrial,9999,1,0,0,0,0.4937950053623411
Stakelama pacifica,-0.35028873325961424,Mostly Aquatic,9999,0,1,0,0,-0.35028873325961424
Hydrogenovibrio marinus,-0.6209182420820035,Mostly Aquatic,9999,0,1,0,0,-0.6209182420820035
Sphingobacterium mizutaii,0.26060797973400884,Mostly Terrestrial,9999,1,0,0,0,0.26060797973400884
Jhaorihella thermophila,-0.613583138173302,Mostly Aquatic,9999,0,1,0,0,-0.613583138173302
Mycoplasmopsis edwardii,0.9793538007775843,Terrestrial Specialist,9999,1,0,0,0,0.9793538007775843
Winogradskyella sediminis,-0.9136494252873564,Aquatic Specialist,9999,0,1,0,0,-0.9136494252873564
Melittangium boletus,0.8387370205552024,Terrestrial Specialist,9999,1,0,0,0,0.8387370205552024
Chryseobacterium carnipullorum,0.5540992376621641,Mostly Terrestrial,9999,1,0,0,0,0.5540992376621641
Arcticibacter pallidicorallinus,0.48856900931414055,Mostly Terrestrial,9999,1,0,0,0,0.48856900931414055
Chryseobacterium shigense,0.5540992376621641,Mostly Terrestrial,9999,1,0,0,0,0.5540992376621641
Paenibacillus thiaminolyticus,0.8587223587223588,Terrestrial Specialist,9999,1,0,0,0,0.8587223587223588
Paenibacillus thermoaerophilus,0.5498908773461371,Mostly Terrestrial,9999,1,0,0,0,0.5498908773461371
Sulfitobacter geojensis,-0.8295261468755899,Aquatic Specialist,9999,0,1,0,0,-0.8295261468755899
Enterococcus phoeniculicola,0.564961521050249,Mostly Terrestrial,9999,1,0,0,0,0.564961521050249
Marinobacter nitratireducens,-0.7551180075629156,Mostly Aquatic,9999,0,1,0,0,-0.7551180075629156
Tessaracoccus flavus,0.3323691822245596,Mostly Terrestrial,9999,1,0,0,0,0.3323691822245596
Bacillus testis,0.6500638569604087,Mostly Terrestrial,9999,1,0,0,0,0.6500638569604087
Flavobacterium croceum,-0.8475350963108064,Aquatic Specialist,9999,0,1,0,0,-0.8475350963108064
Kaistia geumhonensis,-0.11951651557778471,Mostly Aquatic,9999,0,1,0,0,-0.11951651557778471
Pseudokineococcus lusitanus,0.7856012658227848,Mostly Terrestrial,9999,1,0,0,0,0.7856012658227848
Sulfurospirillum multivorans,-0.6558320786467099,Mostly Aquatic,9999,0,1,0,0,-0.6558320786467099
Nonomuraea gerenzanensis,0.8009373458312776,Terrestrial Specialist,9999,1,0,0,0,0.8009373458312776
Roseovarius faecimaris,-0.9870412911586265,Aquatic Specialist,9999,0,1,0,0,-0.9870412911586265
Companilactobacillus paralimentarius,0.6864712966680048,Mostly Terrestrial,9999,1,0,0,0,0.6864712966680048
Hydrogenophaga pseudoflava,0.18476510537002033,Mostly Terrestrial,9999,1,0,0,0,0.18476510537002033
Stackebrandtia nassauensis,0.9454005934718102,Terrestrial Specialist,9999,1,0,0,0,0.9454005934718102
Pseudomonas viridiflava,0.5045513654096229,Mostly Terrestrial,9999,1,0,0,0,0.5045513654096229
Algoriphagus aquaeductus,-0.5863357906759422,Mostly Aquatic,9999,0,1,0,0,-0.5863357906759422
Glaciimonas immobilis,0.45747126436781604,Mostly Terrestrial,9999,1,0,0,0,0.45747126436781604
Amantichitinum ursilacus,0.4387015747270796,Mostly Terrestrial,9999,1,0,0,0,0.4387015747270796
Brevibacillus nitrificans,0.5827177982394008,Mostly Terrestrial,9999,1,0,0,0,0.5827177982394008
Brevibacillus choshinensis,0.5827177982394008,Mostly Terrestrial,9999,1,0,0,0,0.5827177982394008
Actinoplanes derwentensis,0.8913580246913579,Terrestrial Specialist,9999,1,0,0,0,0.8913580246913579
Sphingomonas desiccabilis,0.3026128266033254,Mostly Terrestrial,9999,1,0,0,0,0.3026128266033254
Corynebacterium cystitidis,0.9047242538050997,Terrestrial Specialist,9999,1,0,0,0,0.9047242538050997
Aquimarina spongiae,-0.8712672521957341,Aquatic Specialist,9999,0,1,0,0,-0.8712672521957341
Magnetococcus marinus,-0.3123047465484229,Mostly Aquatic,9999,0,1,0,0,-0.3123047465484229
Paeniglutamicibacter kerguelensis,0.7163039763016975,Mostly Terrestrial,9999,1,0,0,0,0.7163039763016975
Eubacterium ruminantium,0.9946682464454975,Terrestrial Specialist,9999,1,0,0,0,0.9946682464454975
Sphingomonas yantingensis,-0.1131770412287793,Mostly Aquatic,9999,0,1,0,0,-0.1131770412287793
Pseudarthrobacter equi,0.8063137906479944,Terrestrial Specialist,9999,1,0,0,0,0.8063137906479944
Pseudarthrobacter chlorophenolicus,0.8063137906479944,Terrestrial Specialist,9999,1,0,0,0,0.8063137906479944
Desulfocurvibacter africanus,0.4517082179132041,Mostly Terrestrial,9999,1,0,0,0,0.4517082179132041
Sphingomonas spermidinifaciens,-0.1131770412287793,Mostly Aquatic,9999,0,1,0,0,-0.1131770412287793
Vagococcus fessus,0.17533960292580983,Mostly Terrestrial,9999,1,0,0,0,0.17533960292580983
Pseudospirillum japonicum,-0.6249758360719118,Mostly Aquatic,9999,0,1,0,0,-0.6249758360719118
Desulfarculus baarsii,-0.5574204141202225,Mostly Aquatic,9999,0,1,0,0,-0.5574204141202225
Paraburkholderia aromaticivorans,0.7811550151975684,Mostly Terrestrial,9999,1,0,0,0,0.7811550151975684
Sphingobium chungbukense,0.19239684747334254,Mostly Terrestrial,9999,1,0,0,0,0.19239684747334254
Ruegeria profundi,-0.9344810295838208,Aquatic Specialist,9999,0,1,0,0,-0.9344810295838208
Ruegeria conchae,-0.9344810295838208,Aquatic Specialist,9999,0,1,0,0,-0.9344810295838208
Roseovarius litoreus,-0.8263300576075907,Aquatic Specialist,9999,0,1,0,0,-0.8263300576075907
Roseovarius marisflavi,-0.9017560512577125,Aquatic Specialist,9999,0,1,0,0,-0.9017560512577125
Roseovarius gaetbuli,-0.9017560512577125,Aquatic Specialist,9999,0,1,0,0,-0.9017560512577125
Jeotgalibacillus campisalis,0.19427351500690704,Mostly Terrestrial,9999,1,0,0,0,0.19427351500690704
Arachnia rubra,0.8252326783867632,Terrestrial Specialist,9999,1,0,0,0,0.8252326783867632
Halanaerobium salsuginis,-0.2384513858337,Mostly Aquatic,9999,0,1,0,0,-0.2384513858337
Nocardioides lianchengensis,0.573062558356676,Mostly Terrestrial,9999,1,0,0,0,0.573062558356676
Cellulosimicrobium marinum,0.8032713421465382,Terrestrial Specialist,9999,1,0,0,0,0.8032713421465382
Deinococcus piscis,0.7207585165296191,Mostly Terrestrial,9999,1,0,0,0,0.7207585165296191
Lacticaseibacillus songhuajiangensis,0.6795989537925021,Mostly Terrestrial,9999,1,0,0,0,0.6795989537925021
Idiomarina baltica,-0.9613373692900385,Aquatic Specialist,9999,0,1,0,0,-0.9613373692900385
Sphingobacterium siyangense,0.7090236001850995,Mostly Terrestrial,9999,1,0,0,0,0.7090236001850995
Brevibacterium daeguense,0.6824940047961631,Mostly Terrestrial,9999,1,0,0,0,0.6824940047961631
Testudinibacter aquarius,-0.003313790466479709,Generalist,9999,0,1,0,0,-0.003313790466479709
Dermatophilus congolensis,0.46466431095406363,Mostly Terrestrial,9999,1,0,0,0,0.46466431095406363
Streptomyces carpinensis,0.9149590163934426,Terrestrial Specialist,9999,1,0,0,0,0.9149590163934426
Niveibacterium umoris,-0.1914699717488381,Mostly Aquatic,9999,0,1,0,0,-0.1914699717488381
Cytophaga aurantiaca,0.23857770980692034,Mostly Terrestrial,9999,1,0,0,0,0.23857770980692034
Tenacibaculum soleae,-0.9102320960895873,Aquatic Specialist,9999,0,1,0,0,-0.9102320960895873
Gordonia westfalica,0.0329899595775199,Generalist,9999,1,0,0,0,0.0329899595775199
Gordonia alkanivorans,0.0329899595775199,Generalist,9999,1,0,0,0,0.0329899595775199
Georgenia ruanii,0.8958748221906118,Terrestrial Specialist,9999,1,0,0,0,0.8958748221906118
Georgenia thermotolerans,0.8958748221906118,Terrestrial Specialist,9999,1,0,0,0,0.8958748221906118
Sphingomicrobium marinum,-0.9254996971532405,Aquatic Specialist,9999,0,1,0,0,-0.9254996971532405
Flexilinea flocculi,-0.6898604269293924,Mostly Aquatic,9999,0,1,0,0,-0.6898604269293924
Thermoleophilum album,-0.4133911069844217,Mostly Aquatic,9999,0,1,0,0,-0.4133911069844217
Marmoricola aequoreus,0.725097218067604,Mostly Terrestrial,9999,1,0,0,0,0.725097218067604
Salegentibacter echinorum,-0.7236453671078944,Mostly Aquatic,9999,0,1,0,0,-0.7236453671078944
Alkalibacillus almallahensis,0.05667958100157846,Generalist,9999,1,0,0,0,0.05667958100157846
Marinirhabdus gelatinilytica,-0.9498723162773101,Aquatic Specialist,9999,0,1,0,0,-0.9498723162773101
Nocardioides oleivorans,0.9103400893163861,Terrestrial Specialist,9999,1,0,0,0,0.9103400893163861
Paenibacillus pinisoli,0.8893581780538303,Terrestrial Specialist,9999,1,0,0,0,0.8893581780538303
Azotobacter salinestris,0.31753889674681757,Mostly Terrestrial,9999,1,0,0,0,0.31753889674681757
Williamsia sterculiae,0.11004016064257026,Mostly Terrestrial,9999,1,0,0,0,0.11004016064257026
Pedobacter helvus,0.42593095949986415,Mostly Terrestrial,9999,1,0,0,0,0.42593095949986415
Thermosediminibacter oceani,0.1257161387958059,Mostly Terrestrial,9999,1,0,0,0,0.1257161387958059
Coprothermobacter proteolyticus,-0.570564775504953,Mostly Aquatic,9999,0,1,0,0,-0.570564775504953
Comamonas terrigena,-0.21435163820950628,Mostly Aquatic,9999,0,1,0,0,-0.21435163820950628
Niastella koreensis,0.9366336633663367,Terrestrial Specialist,9999,1,0,0,0,0.9366336633663367
Brevundimonas alba,0.3689646889262551,Mostly Terrestrial,9999,1,0,0,0,0.3689646889262551
Geobacter grbiciae,-0.23439009396680421,Mostly Aquatic,9999,0,1,0,0,-0.23439009396680421
Campylobacter lanienae,0.931693104564584,Terrestrial Specialist,9999,1,0,0,0,0.931693104564584
Erythrobacter donghaensis,-0.18947890818858565,Mostly Aquatic,9999,0,1,0,0,-0.18947890818858565
Pseudoalteromonas shioyasakiensis,-0.97148355493352,Aquatic Specialist,9999,0,1,0,0,-0.97148355493352
Desulfosporosinus acidiphilus,0.31147833854399287,Mostly Terrestrial,9999,1,0,0,0,0.31147833854399287
Pseudoalteromonas profundi,-1,Aquatic Specialist,9999,0,1,0,0,-1
Pseudoalteromonas gelatinilytica,-0.97148355493352,Aquatic Specialist,9999,0,1,0,0,-0.97148355493352
Klenkia soli,0.555022283167638,Mostly Terrestrial,9999,1,0,0,0,0.555022283167638
Streptomyces avermitilis,0.9082144849016014,Terrestrial Specialist,9999,1,0,0,0,0.9082144849016014
Methylobacterium persicinum,0.09752066115702489,Generalist,9999,1,0,0,0,0.09752066115702489
Propionibacterium cyclohexanicum,-0.32059559889313477,Mostly Aquatic,9999,0,1,0,0,-0.32059559889313477
Moraxella bovis,0.04049962149886451,Generalist,9999,1,0,0,0,0.04049962149886451
Ciceribacter lividus,0.5428508482044503,Mostly Terrestrial,9999,1,0,0,0,0.5428508482044503
Legionella erythra,-0.37812671170348733,Mostly Aquatic,9999,0,1,0,0,-0.37812671170348733
Legionella rubrilucens,-0.37812671170348733,Mostly Aquatic,9999,0,1,0,0,-0.37812671170348733
Winogradskyella ouciana,-0.9715736040609136,Aquatic Specialist,9999,0,1,0,0,-0.9715736040609136
Pseudoalteromonas ruthenica,-0.9264894435421831,Aquatic Specialist,9999,0,1,0,0,-0.9264894435421831
Alcanivorax profundi,-0.9258341080466893,Aquatic Specialist,9999,0,1,0,0,-0.9258341080466893
Dickeya fangzhongdai,0.1508879876940288,Mostly Terrestrial,9999,1,0,0,0,0.1508879876940288
Rhodopirellula lusitana,-0.8930992649682438,Aquatic Specialist,9999,0,1,0,0,-0.8930992649682438
Chelatococcus sambhunathii,0.5326668216693792,Mostly Terrestrial,9999,1,0,0,0,0.5326668216693792
Chelatococcus daeguensis,0.5326668216693792,Mostly Terrestrial,9999,1,0,0,0,0.5326668216693792
Kiritimatiella glycovorans,-0.8281700739997493,Aquatic Specialist,9999,0,1,0,0,-0.8281700739997493
Ruficoccus amylovorans,-0.785953177257525,Mostly Aquatic,9999,0,1,0,0,-0.785953177257525
Pseudofulvimonas gallinarii,0.637083233389302,Mostly Terrestrial,9999,1,0,0,0,0.637083233389302
Actinomadura glauciflava,0.855346544613218,Terrestrial Specialist,9999,1,0,0,0,0.855346544613218
Nguyenibacter vanlangensis,0.4599273945825188,Mostly Terrestrial,9999,1,0,0,0,0.4599273945825188
Hyphomicrobium zavarzinii,0.8691963597100109,Terrestrial Specialist,9999,1,0,0,0,0.8691963597100109
Chitinophaga jiangningensis,0.3636076282794225,Mostly Terrestrial,9999,1,0,0,0,0.3636076282794225
Tamilnaduibacter salinus,-0.6901031203964109,Mostly Aquatic,9999,0,1,0,0,-0.6901031203964109
Priestia taiwanensis,0.6457217790405421,Mostly Terrestrial,9999,1,0,0,0,0.6457217790405421
Lapillicoccus jejuensis,0.8170063246661982,Terrestrial Specialist,9999,1,0,0,0,0.8170063246661982
Acidithiobacillus ferrooxidans,-0.5752825674449303,Mostly Aquatic,9999,0,1,0,0,-0.5752825674449303
Lutibacter flavus,-0.8124307862679956,Aquatic Specialist,9999,0,1,0,0,-0.8124307862679956
Allochromatium vinosum,-0.6616112913123521,Mostly Aquatic,9999,0,1,0,0,-0.6616112913123521
Alteromonas lipolytica,-0.9525231881779596,Aquatic Specialist,9999,0,1,0,0,-0.9525231881779596
Glycomyces harbinensis,0.9786110037366319,Terrestrial Specialist,9999,1,0,0,0,0.9786110037366319
Demequina pelophila,0.0700398803589232,Generalist,9999,1,0,0,0,0.0700398803589232
Paenibacillus turicensis,0.6354166666666667,Mostly Terrestrial,9999,1,0,0,0,0.6354166666666667
Salibacter halophilus,-0.729591836734694,Mostly Aquatic,9999,0,1,0,0,-0.729591836734694
Nocardioides solisilvae,0.6976720749773254,Mostly Terrestrial,9999,1,0,0,0,0.6976720749773254
Paracoccus aminovorans,0.039165602383993185,Generalist,9999,1,0,0,0,0.039165602383993185
Piscirickettsia salmonis,-0.7386506935687264,Mostly Aquatic,9999,0,1,0,0,-0.7386506935687264
Phyllobacterium leguminum,0.23021181716833888,Mostly Terrestrial,9999,1,0,0,0,0.23021181716833888
Wenzhouxiangella marina,-0.7010998490403278,Mostly Aquatic,9999,0,1,0,0,-0.7010998490403278
Aliikangiella marina,-0.9591871584699454,Aquatic Specialist,9999,0,1,0,0,-0.9591871584699454
Myroides indicus,0.2605094546022816,Mostly Terrestrial,9999,1,0,0,0,0.2605094546022816
Azonexus fungiphilus,-0.7082658022690438,Mostly Aquatic,9999,0,1,0,0,-0.7082658022690438
Caloramator mitchellensis,0.10120500905725757,Mostly Terrestrial,9999,1,0,0,0,0.10120500905725757
Leucobacter chromiiresistens,0.7701555869872702,Mostly Terrestrial,9999,1,0,0,0,0.7701555869872702
Mariniphaga anaerophila,-0.4865030138901022,Mostly Aquatic,9999,0,1,0,0,-0.4865030138901022
Paenibacillus wynnii,0.7105312558663412,Mostly Terrestrial,9999,1,0,0,0,0.7105312558663412
Edaphobacter modestus,0.9258282511949892,Terrestrial Specialist,9999,1,0,0,0,0.9258282511949892
Niastella yeongjuensis,0.9597989949748744,Terrestrial Specialist,9999,1,0,0,0,0.9597989949748744
Microbacterium sorbitolivorans,0.6269854824935952,Mostly Terrestrial,9999,1,0,0,0,0.6269854824935952
Microbacterium nanhaiense,0.6269854824935952,Mostly Terrestrial,9999,1,0,0,0,0.6269854824935952
Tropicimonas sediminicola,-0.8916750250752257,Aquatic Specialist,9999,0,1,0,0,-0.8916750250752257
Alkalibacterium olivapovliticus,0.0973265769701205,Generalist,9999,1,0,0,0,0.0973265769701205
Ciceribacter thiooxidans,0.34358676726639575,Mostly Terrestrial,9999,1,0,0,0,0.34358676726639575
Brevibacillus parabrevis,-0.5482142857142858,Mostly Aquatic,9999,0,1,0,0,-0.5482142857142858
Kribbella flavida,0.9250616581293871,Terrestrial Specialist,9999,1,0,0,0,0.9250616581293871
Paenibacillus ihumii,0.6801868239921337,Mostly Terrestrial,9999,1,0,0,0,0.6801868239921337
Dechloromonas agitata,-0.19582023617364708,Mostly Aquatic,9999,0,1,0,0,-0.19582023617364708
Kordiimonas lacus,-0.7424734982332155,Mostly Aquatic,9999,0,1,0,0,-0.7424734982332155
Geobacillus icigianus,0.47531963100825375,Mostly Terrestrial,9999,1,0,0,0,0.47531963100825375
Paludifilum halophilum,0.759144489002309,Mostly Terrestrial,9999,1,0,0,0,0.759144489002309
Kocuria varians,0.5043852655078935,Mostly Terrestrial,9999,1,0,0,0,0.5043852655078935
Psychrobacter lutiphocae,-0.5124760076775432,Mostly Aquatic,9999,0,1,0,0,-0.5124760076775432
Abyssibacter profundi,-0.9268912491040593,Aquatic Specialist,9999,0,1,0,0,-0.9268912491040593
Sagittula marina,-0.8963903743315508,Aquatic Specialist,9999,0,1,0,0,-0.8963903743315508
Paenibacillus oralis,0.8798665183537263,Terrestrial Specialist,9999,1,0,0,0,0.8798665183537263
Clostridium amylolyticum,0.42318132464712266,Mostly Terrestrial,9999,1,0,0,0,0.42318132464712266
Lysinibacillus composti,0.8138621637541723,Terrestrial Specialist,9999,1,0,0,0,0.8138621637541723
Pediococcus cellicola,0.9268760135633201,Terrestrial Specialist,9999,1,0,0,0,0.9268760135633201
Sporosarcina newyorkensis,0.6423068456966762,Mostly Terrestrial,9999,1,0,0,0,0.6423068456966762
Acidithiobacillus ferrivorans,-0.43718891612807365,Mostly Aquatic,9999,0,1,0,0,-0.43718891612807365
Acidithiobacillus ferriphilus,-0.43718891612807365,Mostly Aquatic,9999,0,1,0,0,-0.43718891612807365
Brevibacillus invocatus,0.5996969314307362,Mostly Terrestrial,9999,1,0,0,0,0.5996969314307362
Brevibacillus panacihumi,0.5996969314307362,Mostly Terrestrial,9999,1,0,0,0,0.5996969314307362
Aromatoleum evansii,0.43169791012646874,Mostly Terrestrial,9999,1,0,0,0,0.43169791012646874
Dickeya oryzae,0.559569663965998,Mostly Terrestrial,9999,1,0,0,0,0.559569663965998
Acidithiobacillus sulfuriphilus,-0.6221198156682028,Mostly Aquatic,9999,0,1,0,0,-0.6221198156682028
Alkaliphilus hydrothermalis,-0.5619245234081183,Mostly Aquatic,9999,0,1,0,0,-0.5619245234081183
Mycolicibacterium brisbanense,0.5613790140693803,Mostly Terrestrial,9999,1,0,0,0,0.5613790140693803
Rhodophyticola porphyridii,-0.888164174355711,Aquatic Specialist,9999,0,1,0,0,-0.888164174355711
Sphingomonas glacialis,0.033539276257722773,Generalist,9999,1,0,0,0,0.033539276257722773
Roseivivax sediminis,-0.7158757462309014,Mostly Aquatic,9999,0,1,0,0,-0.7158757462309014
Fructilactobacillus fructivorans,0.45755968169761274,Mostly Terrestrial,9999,1,0,0,0,0.45755968169761274
Bacillus coahuilensis,0.7010231556273561,Mostly Terrestrial,9999,1,0,0,0,0.7010231556273561
Pseudomonas helmanticensis,0.528072837632777,Mostly Terrestrial,9999,1,0,0,0,0.528072837632777
Sulfuriferula multivorans,-0.11327057394473132,Mostly Aquatic,9999,0,1,0,0,-0.11327057394473132
Pseudomonas laurylsulfativorans,0.528072837632777,Mostly Terrestrial,9999,1,0,0,0,0.528072837632777
Pseudomonas umsongensis,0.528072837632777,Mostly Terrestrial,9999,1,0,0,0,0.528072837632777
Pseudomonas mohnii,0.5651621106166562,Mostly Terrestrial,9999,1,0,0,0,0.5651621106166562
Klebsiella aerogenes,0.6001671192813871,Mostly Terrestrial,9999,1,0,0,0,0.6001671192813871
Kluyvera cryocrescens,0.6001671192813871,Mostly Terrestrial,9999,1,0,0,0,0.6001671192813871
Pseudomonas baetica,0.528072837632777,Mostly Terrestrial,9999,1,0,0,0,0.528072837632777
Pseudomonas neuropathica,0.528072837632777,Mostly Terrestrial,9999,1,0,0,0,0.528072837632777
Actinoplanes nipponensis,0.9490145672664954,Terrestrial Specialist,9999,1,0,0,0,0.9490145672664954
Paenibacillus darwinianus,0.6093596749334454,Mostly Terrestrial,9999,1,0,0,0,0.6093596749334454
Pasteurella testudinis,0.34946921443736734,Mostly Terrestrial,9999,1,0,0,0,0.34946921443736734
Chelatococcus composti,0.6757690232056126,Mostly Terrestrial,9999,1,0,0,0,0.6757690232056126
Actinopolymorpha singaporensis,0.8722444020135394,Terrestrial Specialist,9999,1,0,0,0,0.8722444020135394
Actinopolymorpha cephalotaxi,0.8722444020135394,Terrestrial Specialist,9999,1,0,0,0,0.8722444020135394
Actinopolymorpha rutila,0.8722444020135394,Terrestrial Specialist,9999,1,0,0,0,0.8722444020135394
Alteromonas genovensis,-0.9885641677255399,Aquatic Specialist,9999,0,1,0,0,-0.9885641677255399
Hydrogenovibrio thermophilus,-0.7643908969210175,Mostly Aquatic,9999,0,1,0,0,-0.7643908969210175
Pseudoruegeria limi,-0.9737669245647971,Aquatic Specialist,9999,0,1,0,0,-0.9737669245647971
Telmatocola sphagniphila,0.4710962421224616,Mostly Terrestrial,9999,1,0,0,0,0.4710962421224616
Marinobacter xestospongiae,-0.9024675867837725,Aquatic Specialist,9999,0,1,0,0,-0.9024675867837725
Butyrivibrio hungatei,0.9650707618187294,Terrestrial Specialist,9999,1,0,0,0,0.9650707618187294
Companilactobacillus alimentarius,0.6742240810037421,Mostly Terrestrial,9999,1,0,0,0,0.6742240810037421
Sphingomonas alpina,0.6149825783972125,Mostly Terrestrial,9999,1,0,0,0,0.6149825783972125
Limnochorda pilosa,0.23179957832072437,Mostly Terrestrial,9999,1,0,0,0,0.23179957832072437
Halomonas xianhensis,-0.2836697247706422,Mostly Aquatic,9999,0,1,0,0,-0.2836697247706422
Baekduia soli,0.8884794414274632,Terrestrial Specialist,9999,1,0,0,0,0.8884794414274632
Corynebacterium riegelii,0.6380890052356021,Mostly Terrestrial,9999,1,0,0,0,0.6380890052356021
Pilibacter termitis,0.900792153904187,Terrestrial Specialist,9999,1,0,0,0,0.900792153904187
Thermomonas brevis,0.17936367093421207,Mostly Terrestrial,9999,1,0,0,0,0.17936367093421207
Rhodovulum adriaticum,-0.9369559112608816,Aquatic Specialist,9999,0,1,0,0,-0.9369559112608816
Flavobacterium aurantiibacter,-0.24496644295302014,Mostly Aquatic,9999,0,1,0,0,-0.24496644295302014
Xenophilus arseniciresistens,0.05867158671586722,Generalist,9999,1,0,0,0,0.05867158671586722
Gelidibacter japonicus,0.22346368715083792,Mostly Terrestrial,9999,1,0,0,0,0.22346368715083792
Adhaeribacter aerolatus,0.8371634931057125,Terrestrial Specialist,9999,1,0,0,0,0.8371634931057125
Halomonas xinjiangensis,-0.5356634508935632,Mostly Aquatic,9999,0,1,0,0,-0.5356634508935632
Ignatzschineria ureiclastica,0.39770605494798605,Mostly Terrestrial,9999,1,0,0,0,0.39770605494798605
Schnuerera ultunensis,0.08933092224231468,Generalist,9999,1,0,0,0,0.08933092224231468
Ignatzschineria larvae,0.39770605494798605,Mostly Terrestrial,9999,1,0,0,0,0.39770605494798605
Nocardia colli,0.8186988367083154,Terrestrial Specialist,9999,1,0,0,0,0.8186988367083154
Marinomonas mediterranea,-0.7586776859504133,Mostly Aquatic,9999,0,1,0,0,-0.7586776859504133
Luteolibacter yonseiensis,-0.2849515523037375,Mostly Aquatic,9999,0,1,0,0,-0.2849515523037375
Desulfohalobium retbaense,-0.724709784411277,Mostly Aquatic,9999,0,1,0,0,-0.724709784411277
Myroides pelagicus,0.03982102908277407,Generalist,9999,1,0,0,0,0.03982102908277407
Desulfotalea psychrophila,-0.8316323374775776,Aquatic Specialist,9999,0,1,0,0,-0.8316323374775776
Streptomyces zhaozhouensis,0.6719824890556597,Mostly Terrestrial,9999,1,0,0,0,0.6719824890556597
Methylocella tundrae,0.3338443848217708,Mostly Terrestrial,9999,1,0,0,0,0.3338443848217708
Blastochloris sulfoviridis,0.08167411621292157,Generalist,9999,1,0,0,0,0.08167411621292157
Streptomyces sedi,0.6719824890556597,Mostly Terrestrial,9999,1,0,0,0,0.6719824890556597
Legionella cherrii,-0.21958295557570265,Mostly Aquatic,9999,0,1,0,0,-0.21958295557570265
Methylovulum psychrotolerans,-0.5302405498281787,Mostly Aquatic,9999,0,1,0,0,-0.5302405498281787
Acidovorax kalamii,-0.3975930219719554,Mostly Aquatic,9999,0,1,0,0,-0.3975930219719554
Acidovorax soli,-0.3975930219719554,Mostly Aquatic,9999,0,1,0,0,-0.3975930219719554
Flavobacterium aciduliphilum,-0.9236369519495228,Aquatic Specialist,9999,0,1,0,0,-0.9236369519495228
Halioglobus pacificus,-0.9456030076954709,Aquatic Specialist,9999,0,1,0,0,-0.9456030076954709
Allosediminivita pacifica,-0.8127857677279906,Aquatic Specialist,9999,0,1,0,0,-0.8127857677279906
Sphingopyxis witflariensis,0.027684135253856382,Generalist,9999,1,0,0,0,0.027684135253856382
Paracoccus methylutens,-0.7510103672465296,Mostly Aquatic,9999,0,1,0,0,-0.7510103672465296
Pseudaminobacter arsenicus,-0.26282967389892165,Mostly Aquatic,9999,0,1,0,0,-0.26282967389892165
Nesterenkonia pannonica,0.553153153153153,Mostly Terrestrial,9999,1,0,0,0,0.553153153153153
Glaciibacter superstes,0.551690251572327,Mostly Terrestrial,9999,1,0,0,0,0.551690251572327
Desulfospira joergensenii,-0.8773345286119827,Aquatic Specialist,9999,0,1,0,0,-0.8773345286119827
Sinomicrobium pectinilyticum,-0.4216227263437564,Mostly Aquatic,9999,0,1,0,0,-0.4216227263437564
Agromyces aureus,0.6421677802524127,Mostly Terrestrial,9999,1,0,0,0,0.6421677802524127
Cytobacillus eiseniae,0.7340252340252341,Mostly Terrestrial,9999,1,0,0,0,0.7340252340252341
Lihuaxuella thermophila,0.723798076923077,Mostly Terrestrial,9999,1,0,0,0,0.723798076923077
Noviherbaspirillum humi,0.7541240438669247,Mostly Terrestrial,9999,1,0,0,0,0.7541240438669247
Litorilinea aerophila,-0.6286619160728424,Mostly Aquatic,9999,0,1,0,0,-0.6286619160728424
Jeotgalicoccus pinnipedialis,0.8780065422359052,Terrestrial Specialist,9999,1,0,0,0,0.8780065422359052
Dethiosulfatarculus sandiegensis,-0.7003058103975536,Mostly Aquatic,9999,0,1,0,0,-0.7003058103975536
Rhodothermus marinus,0.0781073591296316,Generalist,9999,1,0,0,0,0.0781073591296316
Bacillus tianshenii,0.09230129005409907,Generalist,9999,1,0,0,0,0.09230129005409907
Novosphingobium barchaimii,0.44353826850690087,Mostly Terrestrial,9999,1,0,0,0,0.44353826850690087
Microbacterium barkeri,0.10812782722895077,Mostly Terrestrial,9999,1,0,0,0,0.10812782722895077
Sphingobium bisphenolivorans,0.49344073647871106,Mostly Terrestrial,9999,1,0,0,0,0.49344073647871106
Haloechinothrix alba,0.5770106886280006,Mostly Terrestrial,9999,1,0,0,0,0.5770106886280006
Paenibacillus campinasensis,0.7179818887451488,Mostly Terrestrial,9999,1,0,0,0,0.7179818887451488
Xylophilus ampelinus,0.26921461570768584,Mostly Terrestrial,9999,1,0,0,0,0.26921461570768584
Tateyamaria omphalii,-0.8711541730409655,Aquatic Specialist,9999,0,1,0,0,-0.8711541730409655
Roseovarius atlanticus,-0.7591134441528142,Mostly Aquatic,9999,0,1,0,0,-0.7591134441528142
Henriciella pelagia,-0.9208349439505219,Aquatic Specialist,9999,0,1,0,0,-0.9208349439505219
Moorella thermoacetica,-0.1354901483823887,Mostly Aquatic,9999,0,1,0,0,-0.1354901483823887
Pedobacter psychrophilus,-0.18090070537167655,Mostly Aquatic,9999,0,1,0,0,-0.18090070537167655
Tabrizicola piscis,-0.4558202074529389,Mostly Aquatic,9999,0,1,0,0,-0.4558202074529389
Anaerosalibacter bizertensis,0.6742794140809577,Mostly Terrestrial,9999,1,0,0,0,0.6742794140809577
Fictibacillus aquaticus,0.3933564700049578,Mostly Terrestrial,9999,1,0,0,0,0.3933564700049578
Lachnoanaerobaculum saburreum,0.9257910311859776,Terrestrial Specialist,9999,1,0,0,0,0.9257910311859776
Propionigenium maris,-0.9482782274660446,Aquatic Specialist,9999,0,1,0,0,-0.9482782274660446
Kaistella jeonii,-0.33561574866579386,Mostly Aquatic,9999,0,1,0,0,-0.33561574866579386
Maritalea myrionectae,-0.21792916454838165,Mostly Aquatic,9999,0,1,0,0,-0.21792916454838165
Glutamicibacter soli,0.37374136229022703,Mostly Terrestrial,9999,1,0,0,0,0.37374136229022703
Vannielia litorea,-0.8945509991172459,Aquatic Specialist,9999,0,1,0,0,-0.8945509991172459
Nakamurella flava,0.711622807017544,Mostly Terrestrial,9999,1,0,0,0,0.711622807017544
Peredibacter starrii,0.29489728296885354,Mostly Terrestrial,9999,1,0,0,0,0.29489728296885354
Orenia marismortui,0.01731301939058172,Generalist,9999,1,0,0,0,0.01731301939058172
Helicobacter himalayensis,0.8585858585858586,Terrestrial Specialist,9999,1,0,0,0,0.8585858585858586
Hymenobacter daecheongensis,0.3034601332473673,Mostly Terrestrial,9999,1,0,0,0,0.3034601332473673
Tetragenococcus solitarius,0.44852109261354456,Mostly Terrestrial,9999,1,0,0,0,0.44852109261354456
Flaviflexus huanghaiensis,-0.6250882560602495,Mostly Aquatic,9999,0,1,0,0,-0.6250882560602495
Aquabacter cavernae,-0.07090103397341208,Generalist,9999,0,1,0,0,-0.07090103397341208
Diaminobutyricimonas aerilata,0.09206014244262727,Generalist,9999,1,0,0,0,0.09206014244262727
Roseicyclus mahoneyensis,-0.8158331030671455,Aquatic Specialist,9999,0,1,0,0,-0.8158331030671455
Gordonia desulfuricans,0.02404428299602146,Generalist,9999,1,0,0,0,0.02404428299602146
Thalassotalea agarivorans,-0.9334144116752813,Aquatic Specialist,9999,0,1,0,0,-0.9334144116752813
Desulfamplus magnetovallimortis,-0.9254624217836762,Aquatic Specialist,9999,0,1,0,0,-0.9254624217836762
Ferruginibacter paludis,0.6243421052631578,Mostly Terrestrial,9999,1,0,0,0,0.6243421052631578
Fluviicoccus keumensis,-0.896872096624342,Aquatic Specialist,9999,0,1,0,0,-0.896872096624342
Melghiribacillus thermohalophilus,0.29415529010238906,Mostly Terrestrial,9999,1,0,0,0,0.29415529010238906
Phenylobacterium aquaticum,0.2672524434791194,Mostly Terrestrial,9999,1,0,0,0,0.2672524434791194
Sphingomonas sanxanigenens,-0.3018298813593404,Mostly Aquatic,9999,0,1,0,0,-0.3018298813593404
Terriglobus roseus,0.7489531202124402,Mostly Terrestrial,9999,1,0,0,0,0.7489531202124402
Brachybacterium sacelli,0.7376245210727969,Mostly Terrestrial,9999,1,0,0,0,0.7376245210727969
Miniimonas arenae,-0.09882747068676725,Generalist,9999,0,1,0,0,-0.09882747068676725
Pseudoramibacter alactolyticus,0.7458593537876731,Mostly Terrestrial,9999,1,0,0,0,0.7458593537876731
Marinomonas communis,-0.8596218020022246,Aquatic Specialist,9999,0,1,0,0,-0.8596218020022246
Legionella massiliensis,-0.025138143046151425,Generalist,9999,0,1,0,0,-0.025138143046151425
Leptospira tipperaryensis,0.40722014359389214,Mostly Terrestrial,9999,1,0,0,0,0.40722014359389214
Gleimia hominis,0.7753130590339893,Mostly Terrestrial,9999,1,0,0,0,0.7753130590339893
Sphingomonas jejuensis,0.5167398878957733,Mostly Terrestrial,9999,1,0,0,0,0.5167398878957733
Leptospira kmetyi,0.03619357462383075,Generalist,9999,1,0,0,0,0.03619357462383075
Leptospira alstonii,0.03619357462383075,Generalist,9999,1,0,0,0,0.03619357462383075
Alkalilimnicola ehrlichii,0.10490965849966886,Mostly Terrestrial,9999,1,0,0,0,0.10490965849966886
Actinophytocola xinjiangensis,0.9081911262798635,Terrestrial Specialist,9999,1,0,0,0,0.9081911262798635
Hydrogenophaga aromaticivorans,-0.8845079167960261,Aquatic Specialist,9999,0,1,0,0,-0.8845079167960261
Hydrogenophaga taeniospiralis,-0.8845079167960261,Aquatic Specialist,9999,0,1,0,0,-0.8845079167960261
Leptospira interrogans,0.03619357462383075,Generalist,9999,1,0,0,0,0.03619357462383075
Leptospira kirschneri,0.03619357462383075,Generalist,9999,1,0,0,0,0.03619357462383075
Leptospira noguchii,0.03619357462383075,Generalist,9999,1,0,0,0,0.03619357462383075
Neptunitalea chrysea,-0.8116781609195404,Aquatic Specialist,9999,0,1,0,0,-0.8116781609195404
Algimonas ampicilliniresistens,-0.9822365765038353,Aquatic Specialist,9999,0,1,0,0,-0.9822365765038353
Paenarthrobacter histidinolovorans,0.8692603483374802,Terrestrial Specialist,9999,1,0,0,0,0.8692603483374802
Paenarthrobacter nicotinovorans,0.8692603483374802,Terrestrial Specialist,9999,1,0,0,0,0.8692603483374802
Marinobacterium rhizophilum,-0.544272136068034,Mostly Aquatic,9999,0,1,0,0,-0.544272136068034
Kordia jejudonensis,-0.7630595648032822,Mostly Aquatic,9999,0,1,0,0,-0.7630595648032822
Serinicoccus sediminis,0.22694326418395402,Mostly Terrestrial,9999,1,0,0,0,0.22694326418395402
Serinicoccus chungangensis,0.22694326418395402,Mostly Terrestrial,9999,1,0,0,0,0.22694326418395402
Parapedobacter defluvii,0.21662748979339358,Mostly Terrestrial,9999,1,0,0,0,0.21662748979339358
Lysinibacillus alkalisoli,0.45422483468038205,Mostly Terrestrial,9999,1,0,0,0,0.45422483468038205
Halalkalibacillus sediminis,0.3844901282312233,Mostly Terrestrial,9999,1,0,0,0,0.3844901282312233
Pedobacter suwonensis,0.6812283308568597,Mostly Terrestrial,9999,1,0,0,0,0.6812283308568597
Pedobacter terrae,0.6812283308568597,Mostly Terrestrial,9999,1,0,0,0,0.6812283308568597
Aquimixticola soesokkakensis,-0.8664026402640264,Aquatic Specialist,9999,0,1,0,0,-0.8664026402640264
Ferruginivarius sediminum,-0.1922381583704954,Mostly Aquatic,9999,0,1,0,0,-0.1922381583704954
Cupriavidus pauculus,0.4005107963779893,Mostly Terrestrial,9999,1,0,0,0,0.4005107963779893
Qipengyuania citrea,-0.8152645911533083,Aquatic Specialist,9999,0,1,0,0,-0.8152645911533083
Marinobacter koreensis,-0.822428648357566,Aquatic Specialist,9999,0,1,0,0,-0.822428648357566
Seinonella peptonophila,0.8970990695128624,Terrestrial Specialist,9999,1,0,0,0,0.8970990695128624
Pseudophaeobacter arcticus,-0.8533430687389173,Aquatic Specialist,9999,0,1,0,0,-0.8533430687389173
Thermomonospora catenispora,0.6687710437710438,Mostly Terrestrial,9999,1,0,0,0,0.6687710437710438
Ruegeria pomeroyi,-0.8856075431417898,Aquatic Specialist,9999,0,1,0,0,-0.8856075431417898
Gilliamella mensalis,0.9254756871035938,Terrestrial Specialist,9999,1,0,0,0,0.9254756871035938
Convivina intestini,0.41079670880995384,Mostly Terrestrial,9999,1,0,0,0,0.41079670880995384
Weissella diestrammenae,0.6817877094972067,Mostly Terrestrial,9999,1,0,0,0,0.6817877094972067
Yoonia litorea,-0.9304347826086956,Aquatic Specialist,9999,0,1,0,0,-0.9304347826086956
Thermoflavifilum thermophilum,-0.07902807265864588,Generalist,9999,0,1,0,0,-0.07902807265864588
Thermoflavifilum aggregans,-0.07902807265864588,Generalist,9999,0,1,0,0,-0.07902807265864588
Chryseomicrobium aureum,0.09318181818181816,Generalist,9999,1,0,0,0,0.09318181818181816
Hyphomicrobium facile,0.5194792188282424,Mostly Terrestrial,9999,1,0,0,0,0.5194792188282424
Sphingopyxis fribergensis,0.48290507538755567,Mostly Terrestrial,9999,1,0,0,0,0.48290507538755567
Paucilactobacillus kaifaensis,0.6027241770715096,Mostly Terrestrial,9999,1,0,0,0,0.6027241770715096
Halomonas nigrificans,-0.733389615871676,Mostly Aquatic,9999,0,1,0,0,-0.733389615871676
Salinibacter ruber,-0.0727562400424854,Generalist,9999,0,1,0,0,-0.0727562400424854
Jannaschia seosinensis,-0.6353438127553493,Mostly Aquatic,9999,0,1,0,0,-0.6353438127553493
Erythrobacter dokdonensis,-0.18947890818858565,Mostly Aquatic,9999,0,1,0,0,-0.18947890818858565
Streptococcus oricebi,0.8930261263114585,Terrestrial Specialist,9999,1,0,0,0,0.8930261263114585
Methylobacterium nodulans,0.6342653182629387,Mostly Terrestrial,9999,1,0,0,0,0.6342653182629387
Thauera aminoaromatica,-0.8657056837879755,Aquatic Specialist,9999,0,1,0,0,-0.8657056837879755
Planococcus versutus,0.47762454264002246,Mostly Terrestrial,9999,1,0,0,0,0.47762454264002246
Gemmobacter straminiformis,-0.8174159875469279,Aquatic Specialist,9999,0,1,0,0,-0.8174159875469279
Oceanospirillum sanctuarii,-0.8883692557950387,Aquatic Specialist,9999,0,1,0,0,-0.8883692557950387
Aurantiacibacter marinus,-0.5997836668469442,Mostly Aquatic,9999,0,1,0,0,-0.5997836668469442
Chryseomicrobium excrementi,0.09318181818181816,Generalist,9999,1,0,0,0,0.09318181818181816
Streptomyces oceani,0.8591685465678377,Terrestrial Specialist,9999,1,0,0,0,0.8591685465678377
Luteitalea pratensis,0.574987690792713,Mostly Terrestrial,9999,1,0,0,0,0.574987690792713
Rhabdobacter roseus,-0.2717948717948718,Mostly Aquatic,9999,0,1,0,0,-0.2717948717948718
Nocardia asteroides,0.4745511003105171,Mostly Terrestrial,9999,1,0,0,0,0.4745511003105171
Nocardia neocaledoniensis,0.516527882916982,Mostly Terrestrial,9999,1,0,0,0,0.516527882916982
Jiangella anatolica,0.9102060072338419,Terrestrial Specialist,9999,1,0,0,0,0.9102060072338419
Jiangella alba,0.9102060072338419,Terrestrial Specialist,9999,1,0,0,0,0.9102060072338419
Jiangella muralis,0.9102060072338419,Terrestrial Specialist,9999,1,0,0,0,0.9102060072338419
Jiangella endophytica,0.9102060072338419,Terrestrial Specialist,9999,1,0,0,0,0.9102060072338419
Nocardia rhizosphaerihabitans,0.4745511003105171,Mostly Terrestrial,9999,1,0,0,0,0.4745511003105171
Polaribacter atrinae,-0.9678709321566463,Aquatic Specialist,9999,0,1,0,0,-0.9678709321566463
Saonia flava,-0.8523139416799651,Aquatic Specialist,9999,0,1,0,0,-0.8523139416799651
Halolactibacillus halophilus,-0.06625122991144637,Generalist,9999,0,1,0,0,-0.06625122991144637
Cytobacillus solani,0.6351624646083321,Mostly Terrestrial,9999,1,0,0,0,0.6351624646083321
Cytobacillus praedii,0.6351624646083321,Mostly Terrestrial,9999,1,0,0,0,0.6351624646083321
Celeribacter marinus,-0.9052333804809052,Aquatic Specialist,9999,0,1,0,0,-0.9052333804809052
Nocardia camponoti,-0.1311974225881511,Mostly Aquatic,9999,0,1,0,0,-0.1311974225881511
Reinekea marina,-0.9331738560074079,Aquatic Specialist,9999,0,1,0,0,-0.9331738560074079
Arenicella chitinivorans,-0.9295988435128297,Aquatic Specialist,9999,0,1,0,0,-0.9295988435128297
Pectinatus haikarae,0.007709750566893393,Generalist,9999,1,0,0,0,0.007709750566893393
Legionella israelensis,-0.08776443682104056,Generalist,9999,0,1,0,0,-0.08776443682104056
Pedobacter nyackensis,0.8146440220447645,Terrestrial Specialist,9999,1,0,0,0,0.8146440220447645
Arachidicoccus ginsenosidivorans,0.6554126473740621,Mostly Terrestrial,9999,1,0,0,0,0.6554126473740621
Paenibacillus typhae,0.6342318650010959,Mostly Terrestrial,9999,1,0,0,0,0.6342318650010959
Aquamicrobium defluvii,0.18149861239592968,Mostly Terrestrial,9999,1,0,0,0,0.18149861239592968
Pelagibacterium lentulum,-0.47590146376294173,Mostly Aquatic,9999,0,1,0,0,-0.47590146376294173
Paenactinomyces guangxiensis,0.6050779286073403,Mostly Terrestrial,9999,1,0,0,0,0.6050779286073403
Oceanibaculum nanhaiense,-0.3619575253924284,Mostly Aquatic,9999,0,1,0,0,-0.3619575253924284
Herbaspirillum frisingense,0.5816249865836643,Mostly Terrestrial,9999,1,0,0,0,0.5816249865836643
Nitratireductor aquimarinus,0.020546578894873352,Generalist,9999,1,0,0,0,0.020546578894873352
Magnetospirillum molischianum,-0.44091228618292594,Mostly Aquatic,9999,0,1,0,0,-0.44091228618292594
Advenella faeciporci,0,Generalist,9999,0,0,0,0,0
Advenella alkanexedens,0,Generalist,9999,0,0,0,0,0
Companilactobacillus kimchiensis,0.6195060694851402,Mostly Terrestrial,9999,1,0,0,0,0.6195060694851402
Geosporobacter ferrireducens,0.12080924855491328,Mostly Terrestrial,9999,1,0,0,0,0.12080924855491328
Pusillimonas caeni,0.2366248525785354,Mostly Terrestrial,9999,1,0,0,0,0.2366248525785354
Paenibacillus barcinonensis,0.8778548123980425,Terrestrial Specialist,9999,1,0,0,0,0.8778548123980425
Pusillimonas noertemannii,0.2366248525785354,Mostly Terrestrial,9999,1,0,0,0,0.2366248525785354
Marinobacterium nitratireducens,-0.2999046990689832,Mostly Aquatic,9999,0,1,0,0,-0.2999046990689832
Arcticiflavibacter luteus,-0.9529584711503125,Aquatic Specialist,9999,0,1,0,0,-0.9529584711503125
Paenibacillus silvae,0.8778548123980425,Terrestrial Specialist,9999,1,0,0,0,0.8778548123980425
Aquimarina litoralis,-0.9607121959374739,Aquatic Specialist,9999,0,1,0,0,-0.9607121959374739
Zobellia uliginosa,-0.6883778573395759,Mostly Aquatic,9999,0,1,0,0,-0.6883778573395759
Zobellia galactanivorans,-0.6883778573395759,Mostly Aquatic,9999,0,1,0,0,-0.6883778573395759
Moraxella caviae,0.885631108338532,Terrestrial Specialist,9999,1,0,0,0,0.885631108338532
Desulfurivibrio alkaliphilus,-0.7594128041321191,Mostly Aquatic,9999,0,1,0,0,-0.7594128041321191
Albibacterium bauzanense,0.5613278507672249,Mostly Terrestrial,9999,1,0,0,0,0.5613278507672249
Sporomusa acidovorans,0.2989304223177859,Mostly Terrestrial,9999,1,0,0,0,0.2989304223177859
Bradyrhizobium denitrificans,0.44206890112967984,Mostly Terrestrial,9999,1,0,0,0,0.44206890112967984
Hymenobacter glacieicola,0.25924907165451794,Mostly Terrestrial,9999,1,0,0,0,0.25924907165451794
Polaribacter reichenbachii,-0.7959770114942528,Mostly Aquatic,9999,0,1,0,0,-0.7959770114942528
Chloroflexus islandicus,0.1775570386465932,Mostly Terrestrial,9999,1,0,0,0,0.1775570386465932
Maribacter thermophilus,-0.8755905511811023,Aquatic Specialist,9999,0,1,0,0,-0.8755905511811023
Inhella inkyongensis,-0.31038492848005583,Mostly Aquatic,9999,0,1,0,0,-0.31038492848005583
Sphingobium fluviale,-0.3463687150837989,Mostly Aquatic,9999,0,1,0,0,-0.3463687150837989
Planktotalea lamellibrachiae,-0.9768928771733034,Aquatic Specialist,9999,0,1,0,0,-0.9768928771733034
Zobellella taiwanensis,-0.9287397358086397,Aquatic Specialist,9999,0,1,0,0,-0.9287397358086397
Marininema mesophilum,0.7370488807674738,Mostly Terrestrial,9999,1,0,0,0,0.7370488807674738
Pseudidiomarina tainanensis,-0.6091149773071104,Mostly Aquatic,9999,0,1,0,0,-0.6091149773071104
Pseudidiomarina maritima,-0.6091149773071104,Mostly Aquatic,9999,0,1,0,0,-0.6091149773071104
Flavihumibacter solisilvae,0.320490021734835,Mostly Terrestrial,9999,1,0,0,0,0.320490021734835
Amycolatopsis tucumanensis,0.6761260088518615,Mostly Terrestrial,9999,1,0,0,0,0.6761260088518615
Maribacter arcticus,-0.9125144843568945,Aquatic Specialist,9999,0,1,0,0,-0.9125144843568945
Flavobacterium hydatis,-0.5748979591836735,Mostly Aquatic,9999,0,1,0,0,-0.5748979591836735
Amycolatopsis thermoflava,0.6761260088518615,Mostly Terrestrial,9999,1,0,0,0,0.6761260088518615
Saccharibacillus endophyticus,0.6194321437874447,Mostly Terrestrial,9999,1,0,0,0,0.6194321437874447
Actinokineospora alba,0.9450411861614499,Terrestrial Specialist,9999,1,0,0,0,0.9450411861614499
Sphingomonas leidyi,0.10595626434698564,Mostly Terrestrial,9999,1,0,0,0,0.10595626434698564
Microbacterium suaedae,0.8376479289940828,Terrestrial Specialist,9999,1,0,0,0,0.8376479289940828
Paenibacillus hunanensis,0.8711130359462972,Terrestrial Specialist,9999,1,0,0,0,0.8711130359462972
Neptunomonas concharum,-0.8822628296312508,Aquatic Specialist,9999,0,1,0,0,-0.8822628296312508
Companilactobacillus allii,0.4996038034865293,Mostly Terrestrial,9999,1,0,0,0,0.4996038034865293
Halothiobacillus neapolitanus,-0.3717444100159115,Mostly Aquatic,9999,0,1,0,0,-0.3717444100159115
Neobacillus thermocopriae,0.7377243147308223,Mostly Terrestrial,9999,1,0,0,0,0.7377243147308223
Neobacillus sedimentimangrovi,0.7377243147308223,Mostly Terrestrial,9999,1,0,0,0,0.7377243147308223
Aureimonas jatrophae,0.4335827302833312,Mostly Terrestrial,9999,1,0,0,0,0.4335827302833312
Frankia alni,0.7693665424593057,Mostly Terrestrial,9999,1,0,0,0,0.7693665424593057
Muricauda pacifica,-0.8669735327963176,Aquatic Specialist,9999,0,1,0,0,-0.8669735327963176
Flavobacterium cyanobacteriorum,-0.4641354540790149,Mostly Aquatic,9999,0,1,0,0,-0.4641354540790149
Brevundimonas halotolerans,-0.6822290180088344,Mostly Aquatic,9999,0,1,0,0,-0.6822290180088344
Lysinibacillus endophyticus,0.6081146981371305,Mostly Terrestrial,9999,1,0,0,0,0.6081146981371305
Parapedobacter luteus,0.3695279460509773,Mostly Terrestrial,9999,1,0,0,0,0.3695279460509773
Bosea caraganae,0.06560222145088504,Generalist,9999,1,0,0,0,0.06560222145088504
Filobacillus milosensis,0.4115423982363594,Mostly Terrestrial,9999,1,0,0,0,0.4115423982363594
Metabacillus indicus,0.23621227887617063,Mostly Terrestrial,9999,1,0,0,0,0.23621227887617063
Saccharothrix espanaensis,0.7832241707162475,Mostly Terrestrial,9999,1,0,0,0,0.7832241707162475
Roseivivax jejudonensis,-0.45446045968056104,Mostly Aquatic,9999,0,1,0,0,-0.45446045968056104
Allostreptomyces psammosilenae,0.7857930067127543,Mostly Terrestrial,9999,1,0,0,0,0.7857930067127543
Nocardia jiangxiensis,0.8280701754385966,Terrestrial Specialist,9999,1,0,0,0,0.8280701754385966
Annwoodia aquaesulis,-0.6324589904112846,Mostly Aquatic,9999,0,1,0,0,-0.6324589904112846
Rhizobacter gummiphilus,0.4778244205146925,Mostly Terrestrial,9999,1,0,0,0,0.4778244205146925
Aureimonas frigidaquae,0.6317425489120497,Mostly Terrestrial,9999,1,0,0,0,0.6317425489120497
Halomonas fontilapidosi,-0.7022528243866569,Mostly Aquatic,9999,0,1,0,0,-0.7022528243866569
Marinobacter gudaonensis,-0.7173821725615392,Mostly Aquatic,9999,0,1,0,0,-0.7173821725615392
Cytobacillus horneckiae,0.7220024861566279,Mostly Terrestrial,9999,1,0,0,0,0.7220024861566279
Clostridium moniliforme,0.750354609929078,Mostly Terrestrial,9999,1,0,0,0,0.750354609929078
Kurthia senegalensis,0.6556534508076357,Mostly Terrestrial,9999,1,0,0,0,0.6556534508076357
Bowmanella denitrificans,-0.7770743405275778,Mostly Aquatic,9999,0,1,0,0,-0.7770743405275778
Pseudovibrio hongkongensis,-0.8144255164914825,Aquatic Specialist,9999,0,1,0,0,-0.8144255164914825
Pseudovibrio stylochi,-0.8144255164914825,Aquatic Specialist,9999,0,1,0,0,-0.8144255164914825
Methylocystis bryophila,0.06453884064773532,Generalist,9999,1,0,0,0,0.06453884064773532
Thiolamprovum pedioforme,-0.2861914084993666,Mostly Aquatic,9999,0,1,0,0,-0.2861914084993666
Desulfonema ishimotonii,-0.6471410814170291,Mostly Aquatic,9999,0,1,0,0,-0.6471410814170291
Zobellia russellii,-0.8439089100154764,Aquatic Specialist,9999,0,1,0,0,-0.8439089100154764
Geodermatophilus bullaregiensis,0.8795224977043159,Terrestrial Specialist,9999,1,0,0,0,0.8795224977043159
Rhodoplanes roseus,-0.20941402497598469,Mostly Aquatic,9999,0,1,0,0,-0.20941402497598469
Paenibacillus barengoltzii,0.837968561064087,Terrestrial Specialist,9999,1,0,0,0,0.837968561064087
Chryseobacterium artocarpi,0.4979267449896337,Mostly Terrestrial,9999,1,0,0,0,0.4979267449896337
Sphingopyxis macrogoltabida,0.19921874999999997,Mostly Terrestrial,9999,1,0,0,0,0.19921874999999997
Rhizobium pseudoryzae,-0.29906070093929915,Mostly Aquatic,9999,0,1,0,0,-0.29906070093929915
Nocardiopsis kunsanensis,0.8037090558766858,Terrestrial Specialist,9999,1,0,0,0,0.8037090558766858
Anaerosphaera multitolerans,0.641082032109083,Mostly Terrestrial,9999,1,0,0,0,0.641082032109083
Bosea robiniae,0.666099170036178,Mostly Terrestrial,9999,1,0,0,0,0.666099170036178
Mycolicibacterium boenickei,0.7166642536557116,Mostly Terrestrial,9999,1,0,0,0,0.7166642536557116
Mycolicibacterium neworleansense,0.7166642536557116,Mostly Terrestrial,9999,1,0,0,0,0.7166642536557116
Mycolicibacterium houstonense,0.7166642536557116,Mostly Terrestrial,9999,1,0,0,0,0.7166642536557116
Mycolicibacterium lutetiense,0.7166642536557116,Mostly Terrestrial,9999,1,0,0,0,0.7166642536557116
Mycolicibacterium farcinogenes,0.7166642536557116,Mostly Terrestrial,9999,1,0,0,0,0.7166642536557116
Mycolicibacterium porcinum,0.7166642536557116,Mostly Terrestrial,9999,1,0,0,0,0.7166642536557116
Mycolicibacterium setense,0.7166642536557116,Mostly Terrestrial,9999,1,0,0,0,0.7166642536557116
Mycolicibacterium septicum,0.7166642536557116,Mostly Terrestrial,9999,1,0,0,0,0.7166642536557116
Mycobacterium syngnathidarum,0.7166642536557116,Mostly Terrestrial,9999,1,0,0,0,0.7166642536557116
Mycolicibacterium conceptionense,0.7166642536557116,Mostly Terrestrial,9999,1,0,0,0,0.7166642536557116
Syntrophothermus lipocalidus,-0.5006366477601574,Mostly Aquatic,9999,0,1,0,0,-0.5006366477601574
Mycolicibacterium senegalense,0.7166642536557116,Mostly Terrestrial,9999,1,0,0,0,0.7166642536557116
Mycolicibacterium nivoides,0.7166642536557116,Mostly Terrestrial,9999,1,0,0,0,0.7166642536557116
Nitrosomonas nitrosa,0.44423575708791696,Mostly Terrestrial,9999,1,0,0,0,0.44423575708791696
Xenorhabdus stockiae,0.5516483516483517,Mostly Terrestrial,9999,1,0,0,0,0.5516483516483517
Terracoccus luteus,0.7065598397596394,Mostly Terrestrial,9999,1,0,0,0,0.7065598397596394
Wenyingzhuangia heitensis,-0.8464137613269851,Aquatic Specialist,9999,0,1,0,0,-0.8464137613269851
Tepidimonas taiwanensis,-0.32084893882646687,Mostly Aquatic,9999,0,1,0,0,-0.32084893882646687
Cohaesibacter gelatinilyticus,-0.9564988967111486,Aquatic Specialist,9999,0,1,0,0,-0.9564988967111486
Alicyclobacillus cellulosilyticus,-0.77296278850683,Mostly Aquatic,9999,0,1,0,0,-0.77296278850683
Thalassomonas viridans,-0.9439988333090272,Aquatic Specialist,9999,0,1,0,0,-0.9439988333090272
Tepidiphilus baoligensis,-0.3183829444891392,Mostly Aquatic,9999,0,1,0,0,-0.3183829444891392
Larkinella soli,0.7366452192129284,Mostly Terrestrial,9999,1,0,0,0,0.7366452192129284
Secundilactobacillus kimchicus,0.6566230812961911,Mostly Terrestrial,9999,1,0,0,0,0.6566230812961911
Marinobacterium halophilum,-0.8191941391941392,Aquatic Specialist,9999,0,1,0,0,-0.8191941391941392
Streptacidiphilus jiangxiensis,0.9279875437913584,Terrestrial Specialist,9999,1,0,0,0,0.9279875437913584
Streptacidiphilus anmyonensis,0.9279875437913584,Terrestrial Specialist,9999,1,0,0,0,0.9279875437913584
Streptacidiphilus melanogenes,0.9279875437913584,Terrestrial Specialist,9999,1,0,0,0,0.9279875437913584
Thioclava indica,-0.8252832024463133,Aquatic Specialist,9999,0,1,0,0,-0.8252832024463133
Lonepinella koalarum,0.2819429778247096,Mostly Terrestrial,9999,1,0,0,0,0.2819429778247096
Pseudohoeflea suaedae,-0.009094667217858647,Generalist,9999,0,1,0,0,-0.009094667217858647
Rhizobium borbori,0.2063597217621729,Mostly Terrestrial,9999,1,0,0,0,0.2063597217621729
Staphylococcus kloosii,0.6923076923076923,Mostly Terrestrial,9999,1,0,0,0,0.6923076923076923
Companilactobacillus baiquanensis,0.7363459037711314,Mostly Terrestrial,9999,1,0,0,0,0.7363459037711314
Companilactobacillus kedongensis,0.7363459037711314,Mostly Terrestrial,9999,1,0,0,0,0.7363459037711314
Tranquillimonas alkanivorans,-0.5556390412502816,Mostly Aquatic,9999,0,1,0,0,-0.5556390412502816
Pseudoclavibacter chungangensis,0.4319294809010774,Mostly Terrestrial,9999,1,0,0,0,0.4319294809010774
Oenococcus kitaharae,0.2898892721001997,Mostly Terrestrial,9999,1,0,0,0,0.2898892721001997
Oceanobacillus oncorhynchi,0.6631842875052235,Mostly Terrestrial,9999,1,0,0,0,0.6631842875052235
Cognatishimia maritima,-0.9618874773139747,Aquatic Specialist,9999,0,1,0,0,-0.9618874773139747
Citricoccus zhacaiensis,0.7205513784461153,Mostly Terrestrial,9999,1,0,0,0,0.7205513784461153
Thermomonas haemolytica,-0.30684326710816784,Mostly Aquatic,9999,0,1,0,0,-0.30684326710816784
Lelliottia nimipressuralis,0.461598623494447,Mostly Terrestrial,9999,1,0,0,0,0.461598623494447
Oceanobacillus profundus,0.39275766016713093,Mostly Terrestrial,9999,1,0,0,0,0.39275766016713093
Microvirga lotononidis,0.6438834429971801,Mostly Terrestrial,9999,1,0,0,0,0.6438834429971801
Cyclobacterium amurskyense,-0.6308115988984285,Mostly Aquatic,9999,0,1,0,0,-0.6308115988984285
Nocardioides daeguensis,0.8188610478359909,Terrestrial Specialist,9999,1,0,0,0,0.8188610478359909
Spelaeicoccus albus,0.5660580021482277,Mostly Terrestrial,9999,1,0,0,0,0.5660580021482277
Pontibacter akesuensis,0.21892512632062477,Mostly Terrestrial,9999,1,0,0,0,0.21892512632062477
Pseudomonas yamanorum,0.4390947927491052,Mostly Terrestrial,9999,1,0,0,0,0.4390947927491052
Pseudomonas migulae,-0.1398777418194893,Mostly Aquatic,9999,0,1,0,0,-0.1398777418194893
Roseivirga pacifica,-0.9284268629254829,Aquatic Specialist,9999,0,1,0,0,-0.9284268629254829
Ruegeria marisrubri,-0.9239465570400824,Aquatic Specialist,9999,0,1,0,0,-0.9239465570400824
Apibacter mensalis,0.6715236553336931,Mostly Terrestrial,9999,1,0,0,0,0.6715236553336931
Chryseobacterium aahli,0.34076778841409255,Mostly Terrestrial,9999,1,0,0,0,0.34076778841409255
Acidibrevibacterium fodinaquatile,0.263,Mostly Terrestrial,9999,1,0,0,0,0.263
Chryseobacterium limigenitum,0.34076778841409255,Mostly Terrestrial,9999,1,0,0,0,0.34076778841409255
Chryseobacterium scophthalmum,0.42134092900964076,Mostly Terrestrial,9999,1,0,0,0,0.42134092900964076
Ameyamaea chiangmaiensis,0.9022213599767193,Terrestrial Specialist,9999,1,0,0,0,0.9022213599767193
Maribacter aquivivus,-0.9759984515130007,Aquatic Specialist,9999,0,1,0,0,-0.9759984515130007
Rhodanobacter panaciterrae,0.9113861386138613,Terrestrial Specialist,9999,1,0,0,0,0.9113861386138613
Lentibacillus sediminis,0.4138937536485697,Mostly Terrestrial,9999,1,0,0,0,0.4138937536485697
Acetobacteroides hydrogenigenes,-0.5144025604551921,Mostly Aquatic,9999,0,1,0,0,-0.5144025604551921
Kyrpidia tusciae,0.680397246360456,Mostly Terrestrial,9999,1,0,0,0,0.680397246360456
Crenalkalicoccus roseus,0.10124968120377452,Mostly Terrestrial,9999,1,0,0,0,0.10124968120377452
Microvirga aerophila,0.7787909986762759,Mostly Terrestrial,9999,1,0,0,0,0.7787909986762759
Caulobacter flavus,0.36956722340131043,Mostly Terrestrial,9999,1,0,0,0,0.36956722340131043
Caulobacter hibisci,0.36956722340131043,Mostly Terrestrial,9999,1,0,0,0,0.36956722340131043
Microbispora catharanthi,0.953798449612403,Terrestrial Specialist,9999,1,0,0,0,0.953798449612403
Microvirga subterranea,0.7661801788033926,Mostly Terrestrial,9999,1,0,0,0,0.7661801788033926
Thioclava dalianensis,-0.82471840765314,Aquatic Specialist,9999,0,1,0,0,-0.82471840765314
Ulvibacterium marinum,-0.9240636980241815,Aquatic Specialist,9999,0,1,0,0,-0.9240636980241815
Microbispora tritici,0.953798449612403,Terrestrial Specialist,9999,1,0,0,0,0.953798449612403
Salinicola tamaricis,0.048206800186306485,Generalist,9999,1,0,0,0,0.048206800186306485
Salinicola endophyticus,0.048206800186306485,Generalist,9999,1,0,0,0,0.048206800186306485
Methylomusa anaerophila,0.36263736263736257,Mostly Terrestrial,9999,1,0,0,0,0.36263736263736257
Demequina iriomotensis,-0.30033794832661065,Mostly Aquatic,9999,0,1,0,0,-0.30033794832661065
Demequina maris,-0.30033794832661065,Mostly Aquatic,9999,0,1,0,0,-0.30033794832661065
Methylomonas lenta,-0.6668418286915397,Mostly Aquatic,9999,0,1,0,0,-0.6668418286915397
Streptomyces murinus,0.9559803459648649,Terrestrial Specialist,9999,1,0,0,0,0.9559803459648649
Streptomyces griseofuscus,0.9559803459648649,Terrestrial Specialist,9999,1,0,0,0,0.9559803459648649
Frateuria aurantia,0.7273768613974799,Mostly Terrestrial,9999,1,0,0,0,0.7273768613974799
Georgenia subflava,0.8237658456147584,Terrestrial Specialist,9999,1,0,0,0,0.8237658456147584
Streptomyces malaysiensis,0.7932427469702533,Mostly Terrestrial,9999,1,0,0,0,0.7932427469702533
Streptomyces samsunensis,0.7932427469702533,Mostly Terrestrial,9999,1,0,0,0,0.7932427469702533
Suttonella ornithocola,0.3650162631008312,Mostly Terrestrial,9999,1,0,0,0,0.3650162631008312
Oceanisphaera marina,-0.7766595703502999,Mostly Aquatic,9999,0,1,0,0,-0.7766595703502999
Mitsuaria chitosanitabida,0.6170655567117586,Mostly Terrestrial,9999,1,0,0,0,0.6170655567117586
Rarobacter incanus,0.5142428785607197,Mostly Terrestrial,9999,1,0,0,0,0.5142428785607197
Aliiroseovarius sediminilitoris,-0.9246428307054556,Aquatic Specialist,9999,0,1,0,0,-0.9246428307054556
Amycolatopsis palatopharyngis,0.831499312242091,Terrestrial Specialist,9999,1,0,0,0,0.831499312242091
Amycolatopsis marina,0.831499312242091,Terrestrial Specialist,9999,1,0,0,0,0.831499312242091
Planococcus ruber,0.780399868895444,Mostly Terrestrial,9999,1,0,0,0,0.780399868895444
Neptuniibacter marinus,-0.8453588876362269,Aquatic Specialist,9999,0,1,0,0,-0.8453588876362269
Caldisericum exile,-0.4599571734475375,Mostly Aquatic,9999,0,1,0,0,-0.4599571734475375
Pseudaminobacter salicylatoxidans,0.20159151193633948,Mostly Terrestrial,9999,1,0,0,0,0.20159151193633948
Actinomadura namibiensis,0.8381936343942678,Terrestrial Specialist,9999,1,0,0,0,0.8381936343942678
Pontibacter populi,0.7130179739790931,Mostly Terrestrial,9999,1,0,0,0,0.7130179739790931
Paenibacillus gorillae,0.906686684374639,Terrestrial Specialist,9999,1,0,0,0,0.906686684374639
Klenkia brasiliensis,0.615819209039548,Mostly Terrestrial,9999,1,0,0,0,0.615819209039548
Hyphomicrobium nitrativorans,0.32394730043916303,Mostly Terrestrial,9999,1,0,0,0,0.32394730043916303
Marinithermofilum abyssi,0.6437623762376239,Mostly Terrestrial,9999,1,0,0,0,0.6437623762376239
Spiroplasma melliferum,0.7485432541461229,Mostly Terrestrial,9999,1,0,0,0,0.7485432541461229
Marinobacter lipolyticus,-0.4196048043394032,Mostly Aquatic,9999,0,1,0,0,-0.4196048043394032
Photobacterium aquae,-0.6825072072909885,Mostly Aquatic,9999,0,1,0,0,-0.6825072072909885
Carnobacterium iners,0.11520550718768983,Mostly Terrestrial,9999,1,0,0,0,0.11520550718768983
Cyclobacterium qasimii,-0.8577676364327819,Aquatic Specialist,9999,0,1,0,0,-0.8577676364327819
Paenarthrobacter ureafaciens,0.6557071069633884,Mostly Terrestrial,9999,1,0,0,0,0.6557071069633884
Microbacterium mangrovi,0.9268907563025209,Terrestrial Specialist,9999,1,0,0,0,0.9268907563025209
Thermohalobacter berrensis,0.33133583021223473,Mostly Terrestrial,9999,1,0,0,0,0.33133583021223473
Carnobacterium funditum,0.11520550718768983,Mostly Terrestrial,9999,1,0,0,0,0.11520550718768983
Celeribacter indicus,-0.8528981977593764,Aquatic Specialist,9999,0,1,0,0,-0.8528981977593764
Mariprofundus ferrooxydans,-0.8134657836644591,Aquatic Specialist,9999,0,1,0,0,-0.8134657836644591
Streptomyces prasinus,0.8025432709290002,Terrestrial Specialist,9999,1,0,0,0,0.8025432709290002
Micromonospora andamanensis,0.7668905570920586,Mostly Terrestrial,9999,1,0,0,0,0.7668905570920586
Orbus hercynius,0.7178352620830497,Mostly Terrestrial,9999,1,0,0,0,0.7178352620830497
Micromonospora fiedleri,0.7668905570920586,Mostly Terrestrial,9999,1,0,0,0,0.7668905570920586
Micromonospora maris,0.7668905570920586,Mostly Terrestrial,9999,1,0,0,0,0.7668905570920586
Rubrobacter bracarensis,0.46090759978130125,Mostly Terrestrial,9999,1,0,0,0,0.46090759978130125
Micromonospora sediminimaris,0.7668905570920586,Mostly Terrestrial,9999,1,0,0,0,0.7668905570920586
Micromonospora gifhornensis,0.7668905570920586,Mostly Terrestrial,9999,1,0,0,0,0.7668905570920586
Halomonas elongata,-0.3760477340531325,Mostly Aquatic,9999,0,1,0,0,-0.3760477340531325
Halobacillus alkaliphilus,-0.12450450450450457,Mostly Aquatic,9999,0,1,0,0,-0.12450450450450457
Halobacillus halophilus,-0.12450450450450457,Mostly Aquatic,9999,0,1,0,0,-0.12450450450450457
Halomonas eurihalina,-0.3760477340531325,Mostly Aquatic,9999,0,1,0,0,-0.3760477340531325
Corynebacterium glaucum,0.7337068160597572,Mostly Terrestrial,9999,1,0,0,0,0.7337068160597572
Paenibacillus abyssi,0.7800190597204575,Mostly Terrestrial,9999,1,0,0,0,0.7800190597204575
Aliiroseovarius crassostreae,-0.9534321801208127,Aquatic Specialist,9999,0,1,0,0,-0.9534321801208127
Leucobacter massiliensis,0.6297397769516728,Mostly Terrestrial,9999,1,0,0,0,0.6297397769516728
Sulfitobacter faviae,-0.9460443784986848,Aquatic Specialist,9999,0,1,0,0,-0.9460443784986848
Luteimonas panaciterrae,0.8249229583975346,Terrestrial Specialist,9999,1,0,0,0,0.8249229583975346
Streptomyces griseoluteus,0.8872991767244826,Terrestrial Specialist,9999,1,0,0,0,0.8872991767244826
Streptomyces recifensis,0.8872991767244826,Terrestrial Specialist,9999,1,0,0,0,0.8872991767244826
Streptomyces seoulensis,0.8872991767244826,Terrestrial Specialist,9999,1,0,0,0,0.8872991767244826
Amycolatopsis arida,0.9135014363230131,Terrestrial Specialist,9999,1,0,0,0,0.9135014363230131
Actinobaculum suis,0.8980868943322009,Terrestrial Specialist,9999,1,0,0,0,0.8980868943322009
Winogradskyella jejuensis,-0.8761061946902654,Aquatic Specialist,9999,0,1,0,0,-0.8761061946902654
Acholeplasma granularum,-0.19109142364956322,Mostly Aquatic,9999,0,1,0,0,-0.19109142364956322
Sphingomonas yabuuchiae,-0.26537467700258394,Mostly Aquatic,9999,0,1,0,0,-0.26537467700258394
Xenorhabdus bovienii,0.7375362701134265,Mostly Terrestrial,9999,1,0,0,0,0.7375362701134265
Bartonella clarridgeiae,0.16045432730763085,Mostly Terrestrial,9999,1,0,0,0,0.16045432730763085
Maliponia aquimaris,-0.9734287174246293,Aquatic Specialist,9999,0,1,0,0,-0.9734287174246293
Amycolatopsis nivea,0.9641031736598121,Terrestrial Specialist,9999,1,0,0,0,0.9641031736598121
Thermomonospora cellulosilytica,0.8557282022381449,Terrestrial Specialist,9999,1,0,0,0,0.8557282022381449
Streptomyces monomycini,0.8675988914084153,Terrestrial Specialist,9999,1,0,0,0,0.8675988914084153
Massilia varians,0.17851959361393324,Mostly Terrestrial,9999,1,0,0,0,0.17851959361393324
Streptomyces ochraceiscleroticus,0.8675988914084153,Terrestrial Specialist,9999,1,0,0,0,0.8675988914084153
Streptomyces purpurogeneiscleroticus,0.8675988914084153,Terrestrial Specialist,9999,1,0,0,0,0.8675988914084153
Streptomyces violens,0.8675988914084153,Terrestrial Specialist,9999,1,0,0,0,0.8675988914084153
Salinicoccus amylolyticus,0.04104613149291678,Generalist,9999,1,0,0,0,0.04104613149291678
Shewanella maritima,-0.8432063939821344,Aquatic Specialist,9999,0,1,0,0,-0.8432063939821344
Daejeonella lutea,0.2206870082517751,Mostly Terrestrial,9999,1,0,0,0,0.2206870082517751
Alkalicoccus luteus,0.23324264160277022,Mostly Terrestrial,9999,1,0,0,0,0.23324264160277022
Sphingomonas gei,0.9077369439071568,Terrestrial Specialist,9999,1,0,0,0,0.9077369439071568
Gracilibacillus saliphilus,0.8312284730195176,Terrestrial Specialist,9999,1,0,0,0,0.8312284730195176
Neptuniibacter caesariensis,-0.9756640959725792,Aquatic Specialist,9999,0,1,0,0,-0.9756640959725792
Gracilibacillus thailandensis,0.8312284730195176,Terrestrial Specialist,9999,1,0,0,0,0.8312284730195176
Allosalinactinospora lopnorensis,0.7918016307382999,Mostly Terrestrial,9999,1,0,0,0,0.7918016307382999
Alkalihalobacillus okhensis,0.5222497932175352,Mostly Terrestrial,9999,1,0,0,0,0.5222497932175352
Algoriphagus resistens,0.2639920752847945,Mostly Terrestrial,9999,1,0,0,0,0.2639920752847945
Microbulbifer variabilis,-0.875869000753832,Aquatic Specialist,9999,0,1,0,0,-0.875869000753832
Leisingera daeponensis,-0.9015356820234869,Aquatic Specialist,9999,0,1,0,0,-0.9015356820234869
Paraburkholderia dilworthii,0.696979922389067,Mostly Terrestrial,9999,1,0,0,0,0.696979922389067
Salinicoccus sediminis,0.16942749200813725,Mostly Terrestrial,9999,1,0,0,0,0.16942749200813725
Flavobacterium chilense,0.06691800188501407,Generalist,9999,1,0,0,0,0.06691800188501407
Desulfohalovibrio reitneri,-0.5427157122130238,Mostly Aquatic,9999,0,1,0,0,-0.5427157122130238
Hippea maritima,-0.14914104387788604,Mostly Aquatic,9999,0,1,0,0,-0.14914104387788604
Pseudaestuariivita atlantica,-0.8622148167136632,Aquatic Specialist,9999,0,1,0,0,-0.8622148167136632
Hymenobacter sedentarius,0.7170777105630527,Mostly Terrestrial,9999,1,0,0,0,0.7170777105630527
Halopolyspora algeriensis,0.6495086569957884,Mostly Terrestrial,9999,1,0,0,0,0.6495086569957884
Sinosporangium album,0.8413524057217167,Terrestrial Specialist,9999,1,0,0,0,0.8413524057217167
Paenibacillus sepulcri,0.8940186087727071,Terrestrial Specialist,9999,1,0,0,0,0.8940186087727071
Iodidimonas gelatinilytica,-0.7803255484784147,Mostly Aquatic,9999,0,1,0,0,-0.7803255484784147
Iodidimonas muriae,-0.7803255484784147,Mostly Aquatic,9999,0,1,0,0,-0.7803255484784147
Virgibacillus proomii,0.46643295354951797,Mostly Terrestrial,9999,1,0,0,0,0.46643295354951797
Apibacter adventoris,0.16700473292765386,Mostly Terrestrial,9999,1,0,0,0,0.16700473292765386
Actinoallomurus spadix,0.9546092267062805,Terrestrial Specialist,9999,1,0,0,0,0.9546092267062805
Desulfuribacillus stibiiarsenatis,0.2262497038616442,Mostly Terrestrial,9999,1,0,0,0,0.2262497038616442
Confluentibacter citreus,-0.0064177362893816,Generalist,9999,0,1,0,0,-0.0064177362893816
Luteolibacter flavescens,0.7151666987858932,Mostly Terrestrial,9999,1,0,0,0,0.7151666987858932
Marinobacter salarius,-0.9325943678849611,Aquatic Specialist,9999,0,1,0,0,-0.9325943678849611
Pararhizobium haloflavum,0.3394773934728397,Mostly Terrestrial,9999,1,0,0,0,0.3394773934728397
Acinetobacter apis,0.6076265146115467,Mostly Terrestrial,9999,1,0,0,0,0.6076265146115467
Sphingomonas jeddahensis,0.3769335142469471,Mostly Terrestrial,9999,1,0,0,0,0.3769335142469471
Pyrinomonas methylaliphatogenes,-0.12598350554554932,Mostly Aquatic,9999,0,1,0,0,-0.12598350554554932
Deinobacterium chartae,-0.39660668380462716,Mostly Aquatic,9999,0,1,0,0,-0.39660668380462716
Ornithinimicrobium tianjinense,0.4219970445429597,Mostly Terrestrial,9999,1,0,0,0,0.4219970445429597
Marinomonas gallaica,-0.8084981068573833,Aquatic Specialist,9999,0,1,0,0,-0.8084981068573833
Kingella kingae,0.4304587155963302,Mostly Terrestrial,9999,1,0,0,0,0.4304587155963302
Arthrobacter citreus,0.4865623746490172,Mostly Terrestrial,9999,1,0,0,0,0.4865623746490172
Azospirillum oryzae,0.1610580685553295,Mostly Terrestrial,9999,1,0,0,0,0.1610580685553295
Acetobacter senegalensis,0.7905621357398007,Mostly Terrestrial,9999,1,0,0,0,0.7905621357398007
Roseivivax halotolerans,-0.758564169808228,Mostly Aquatic,9999,0,1,0,0,-0.758564169808228
Acetobacter tropicalis,0.7905621357398007,Mostly Terrestrial,9999,1,0,0,0,0.7905621357398007
Arcticibacter eurypsychrophilus,-0.09241404402401314,Generalist,9999,0,1,0,0,-0.09241404402401314
Lampropedia aestuarii,0.6291873963515755,Mostly Terrestrial,9999,1,0,0,0,0.6291873963515755
Collimonas arenae,0.22741773767204443,Mostly Terrestrial,9999,1,0,0,0,0.22741773767204443
Aliidiomarina maris,-0.10025649604103931,Mostly Aquatic,9999,0,1,0,0,-0.10025649604103931
Chryseobacterium profundimaris,0.3687384044526902,Mostly Terrestrial,9999,1,0,0,0,0.3687384044526902
Algoriphagus lutimaris,-0.4107073075420087,Mostly Aquatic,9999,0,1,0,0,-0.4107073075420087
Algoriphagus halophilus,-0.4107073075420087,Mostly Aquatic,9999,0,1,0,0,-0.4107073075420087
Chryseobacterium takakiae,0.3687384044526902,Mostly Terrestrial,9999,1,0,0,0,0.3687384044526902
Desulfolutivibrio sulfodismutans,-0.6650545495444832,Mostly Aquatic,9999,0,1,0,0,-0.6650545495444832
Acidihalobacter ferrooxydans,-0.6442021083242456,Mostly Aquatic,9999,0,1,0,0,-0.6442021083242456
Notoacmeibacter marinus,-0.2966373512674598,Mostly Aquatic,9999,0,1,0,0,-0.2966373512674598
Rhodovulum imhoffii,-0.41196719651716107,Mostly Aquatic,9999,0,1,0,0,-0.41196719651716107
Vibrio navarrensis,-0.7821931589537224,Mostly Aquatic,9999,0,1,0,0,-0.7821931589537224
Tepidanaerobacter syntrophicus,-0.0715096481271282,Generalist,9999,0,1,0,0,-0.0715096481271282
Roseospirillum parvum,-0.6148058982846825,Mostly Aquatic,9999,0,1,0,0,-0.6148058982846825
Tsuneonella dongtanensis,0.6064799190010126,Mostly Terrestrial,9999,1,0,0,0,0.6064799190010126
Cribrihabitans marinus,-0.9463024022609514,Aquatic Specialist,9999,0,1,0,0,-0.9463024022609514
Oceanisphaera arctica,-0.7830045523520486,Mostly Aquatic,9999,0,1,0,0,-0.7830045523520486
Alkalibacterium putridalgicola,-0.43748235958227494,Mostly Aquatic,9999,0,1,0,0,-0.43748235958227494
Alkalibacterium subtropicum,-0.43748235958227494,Mostly Aquatic,9999,0,1,0,0,-0.43748235958227494
Clostridium isatidis,0.4865159781761496,Mostly Terrestrial,9999,1,0,0,0,0.4865159781761496
Chthonobacter albigriseus,0.06697123870833761,Generalist,9999,1,0,0,0,0.06697123870833761
Lysinibacillus contaminans,0.7350078492935637,Mostly Terrestrial,9999,1,0,0,0,0.7350078492935637
Agromyces terreus,0.6421677802524127,Mostly Terrestrial,9999,1,0,0,0,0.6421677802524127
Prauserella rugosa,0.6792114695340503,Mostly Terrestrial,9999,1,0,0,0,0.6792114695340503
Staphylococcus delphini,0.9428060768543342,Terrestrial Specialist,9999,1,0,0,0,0.9428060768543342
Staphylococcus coagulans,0.9428060768543342,Terrestrial Specialist,9999,1,0,0,0,0.9428060768543342
Agromyces salentinus,0.7831055343939056,Mostly Terrestrial,9999,1,0,0,0,0.7831055343939056
Caproiciproducens galactitolivorans,-0.1337715945574071,Mostly Aquatic,9999,0,1,0,0,-0.1337715945574071
Staphylococcus pseudintermedius,0.9428060768543342,Terrestrial Specialist,9999,1,0,0,0,0.9428060768543342
Legionella anisa,0.038843373493975916,Generalist,9999,1,0,0,0,0.038843373493975916
Staphylococcus intermedius,0.9428060768543342,Terrestrial Specialist,9999,1,0,0,0,0.9428060768543342
Agromyces allii,0.7831055343939056,Mostly Terrestrial,9999,1,0,0,0,0.7831055343939056
Staphylococcus lutrae,0.9028403525954948,Terrestrial Specialist,9999,1,0,0,0,0.9028403525954948
Staphylococcus schleiferi,0.7650557620817843,Mostly Terrestrial,9999,1,0,0,0,0.7650557620817843
Actinomadura rayongensis,0.9214172952113664,Terrestrial Specialist,9999,1,0,0,0,0.9214172952113664
Actinophytocola xanthii,0.9125820667326199,Terrestrial Specialist,9999,1,0,0,0,0.9125820667326199
Streptomyces ossamyceticus,0.9017352310391888,Terrestrial Specialist,9999,1,0,0,0,0.9017352310391888
Salinicoccus halodurans,0.23694505868344956,Mostly Terrestrial,9999,1,0,0,0,0.23694505868344956
Streptomyces torulosus,0.9017352310391888,Terrestrial Specialist,9999,1,0,0,0,0.9017352310391888
Streptomyces ipomoeae,0.9017352310391888,Terrestrial Specialist,9999,1,0,0,0,0.9017352310391888
Flavobacterium crassostreae,-0.1377114427860697,Mostly Aquatic,9999,0,1,0,0,-0.1377114427860697
Devriesea agamarum,-0.277989518818485,Mostly Aquatic,9999,0,1,0,0,-0.277989518818485
Paraburkholderia diazotrophica,0.7366705226627406,Mostly Terrestrial,9999,1,0,0,0,0.7366705226627406
Pontibacter indicus,0.5956688596491228,Mostly Terrestrial,9999,1,0,0,0,0.5956688596491228
Aequorivita viscosa,0.031845436375749506,Generalist,9999,1,0,0,0,0.031845436375749506
Salinimicrobium catena,-0.416089725837718,Mostly Aquatic,9999,0,1,0,0,-0.416089725837718
Fervidobacterium pennivorans,-0.6919973100201748,Mostly Aquatic,9999,0,1,0,0,-0.6919973100201748
Rhodosalinus sediminis,-0.7802361099645009,Mostly Aquatic,9999,0,1,0,0,-0.7802361099645009
Maribacter stanieri,-0.8838024641891216,Aquatic Specialist,9999,0,1,0,0,-0.8838024641891216
Paenibacillus swuensis,0.7778452814904819,Mostly Terrestrial,9999,1,0,0,0,0.7778452814904819
Halomonas alimentaria,-0.6142124647938181,Mostly Aquatic,9999,0,1,0,0,-0.6142124647938181
Chitinophaga ginsengisegetis,0.8250709018718095,Terrestrial Specialist,9999,1,0,0,0,0.8250709018718095
Micromonospora haikouensis,0.7922848664688427,Mostly Terrestrial,9999,1,0,0,0,0.7922848664688427
Levilactobacillus fuyuanensis,0.7580893682588598,Mostly Terrestrial,9999,1,0,0,0,0.7580893682588598
Levilactobacillus tangyuanensis,0.7580893682588598,Mostly Terrestrial,9999,1,0,0,0,0.7580893682588598
Levilactobacillus parabrevis,0.7580893682588598,Mostly Terrestrial,9999,1,0,0,0,0.7580893682588598
Bowmanella dokdonensis,0.03263147390479995,Generalist,9999,1,0,0,0,0.03263147390479995
Paenibacillus elgii,0.7727067736989267,Mostly Terrestrial,9999,1,0,0,0,0.7727067736989267
Herminiimonas arsenicoxydans,0.025178592341023525,Generalist,9999,1,0,0,0,0.025178592341023525
Cereibacter changlensis,-0.047715736040609164,Generalist,9999,0,1,0,0,-0.047715736040609164
Paenibacillus tyrfis,0.7727067736989267,Mostly Terrestrial,9999,1,0,0,0,0.7727067736989267
Paraburkholderia ginsengisoli,0.6540591271703424,Mostly Terrestrial,9999,1,0,0,0,0.6540591271703424
Deinococcus detaillensis,-0.22104724543748935,Mostly Aquatic,9999,0,1,0,0,-0.22104724543748935
Caldinitratiruptor microaerophilus,0.37645367829609305,Mostly Terrestrial,9999,1,0,0,0,0.37645367829609305
Nocardia higoensis,0.5957894736842106,Mostly Terrestrial,9999,1,0,0,0,0.5957894736842106
Celeribacter neptunius,-0.9305232307559693,Aquatic Specialist,9999,0,1,0,0,-0.9305232307559693
Nocardioides aromaticivorans,0.6255329821921244,Mostly Terrestrial,9999,1,0,0,0,0.6255329821921244
Arthrobacter bussei,0.5455170832377896,Mostly Terrestrial,9999,1,0,0,0,0.5455170832377896
Thermus antranikianii,-0.2633923835790814,Mostly Aquatic,9999,0,1,0,0,-0.2633923835790814
Paenibacillus profundus,0.9008776458440887,Terrestrial Specialist,9999,1,0,0,0,0.9008776458440887
Larsenimonas salina,-0.6187470997679816,Mostly Aquatic,9999,0,1,0,0,-0.6187470997679816
Larsenimonas suaedae,-0.6187470997679816,Mostly Aquatic,9999,0,1,0,0,-0.6187470997679816
Halomonas taeanensis,-0.13305016645620485,Mostly Aquatic,9999,0,1,0,0,-0.13305016645620485
Actinotalea ferrariae,0.5804097009653874,Mostly Terrestrial,9999,1,0,0,0,0.5804097009653874
Paenibacillus phyllosphaerae,0.8378776713338246,Terrestrial Specialist,9999,1,0,0,0,0.8378776713338246
Homoserinibacter gongjuensis,0.7268774239041015,Mostly Terrestrial,9999,1,0,0,0,0.7268774239041015
Qipengyuania flava,-0.9565031982942431,Aquatic Specialist,9999,0,1,0,0,-0.9565031982942431
Goodfellowiella coeruleoviolacea,0.9025333197680333,Terrestrial Specialist,9999,1,0,0,0,0.9025333197680333
Hungatella xylanolytica,0.6775652173913045,Mostly Terrestrial,9999,1,0,0,0,0.6775652173913045
Natranaerovirga pectinivora,0.07032348804500704,Generalist,9999,1,0,0,0,0.07032348804500704
Zoogloea oryzae,-0.9227096657958741,Aquatic Specialist,9999,0,1,0,0,-0.9227096657958741
Nocardiopsis coralli,1,Terrestrial Specialist,9999,1,0,0,0,1
Chitinophaga filiformis,0.9787546615436773,Terrestrial Specialist,9999,1,0,0,0,0.9787546615436773
Chitinophaga ginsengisoli,0.9787546615436773,Terrestrial Specialist,9999,1,0,0,0,0.9787546615436773
Yoonia rosea,-0.8855926383738496,Aquatic Specialist,9999,0,1,0,0,-0.8855926383738496
Paracoccus fontiphilus,0.8099792474961652,Terrestrial Specialist,9999,1,0,0,0,0.8099792474961652
Rhizorhabdus dicambivorans,0.12047159699892819,Mostly Terrestrial,9999,1,0,0,0,0.12047159699892819
Novosphingobium resinovorum,0.06793550092519166,Generalist,9999,1,0,0,0,0.06793550092519166
Thauera humireducens,-0.7138204762874008,Mostly Aquatic,9999,0,1,0,0,-0.7138204762874008
Shimia aestuarii,-0.8570155596682432,Aquatic Specialist,9999,0,1,0,0,-0.8570155596682432
Sphingomonas haloaromaticamans,0.3724124588895338,Mostly Terrestrial,9999,1,0,0,0,0.3724124588895338
Pseudonocardia asaccharolytica,0.9221722918060998,Terrestrial Specialist,9999,1,0,0,0,0.9221722918060998
Elioraea thermophila,-0.2637423653525819,Mostly Aquatic,9999,0,1,0,0,-0.2637423653525819
Acinetobacter schindleri,-0.09611171960569556,Generalist,9999,0,1,0,0,-0.09611171960569556
Dankookia rubra,0.6958208624321028,Mostly Terrestrial,9999,1,0,0,0,0.6958208624321028
Macromonas bipunctata,-0.7319512638661575,Mostly Aquatic,9999,0,1,0,0,-0.7319512638661575
Telmatospirillum siberiense,0.3655972168534982,Mostly Terrestrial,9999,1,0,0,0,0.3655972168534982
Stenotrophomonas ginsengisoli,0.09154228855721387,Generalist,9999,1,0,0,0,0.09154228855721387
Ottowia beijingensis,-0.35797975201911053,Mostly Aquatic,9999,0,1,0,0,-0.35797975201911053
Planomonospora sphaerica,0.9537444933920705,Terrestrial Specialist,9999,1,0,0,0,0.9537444933920705
Pseudarthrobacter enclensis,0.9080459770114943,Terrestrial Specialist,9999,1,0,0,0,0.9080459770114943
Planomonospora parontospora,0.1751067724222087,Mostly Terrestrial,9999,1,0,0,0,0.1751067724222087
Vibrio rarus,-0.911597374179431,Aquatic Specialist,9999,0,1,0,0,-0.911597374179431
Aromatoleum buckelii,0.23727280203964143,Mostly Terrestrial,9999,1,0,0,0,0.23727280203964143
Patiriisocius marinus,-0.9252838692901101,Aquatic Specialist,9999,0,1,0,0,-0.9252838692901101
Rhizobium grahamii,0.880977239507204,Terrestrial Specialist,9999,1,0,0,0,0.880977239507204
Devosia chinhatensis,0.2753216374269005,Mostly Terrestrial,9999,1,0,0,0,0.2753216374269005
Gracilibacillus ureilyticus,0.39041095890410965,Mostly Terrestrial,9999,1,0,0,0,0.39041095890410965
Pseudoalteromonas xiamenensis,-0.8427731352522438,Aquatic Specialist,9999,0,1,0,0,-0.8427731352522438
Actinocorallia aurantiaca,0.8456582222873043,Terrestrial Specialist,9999,1,0,0,0,0.8456582222873043
Photobacterium ganghwense,-0.6885428253615128,Mostly Aquatic,9999,0,1,0,0,-0.6885428253615128
Maritalea mobilis,-0.8406881077038145,Aquatic Specialist,9999,0,1,0,0,-0.8406881077038145
Acidovorax temperans,-0.1525080533824206,Mostly Aquatic,9999,0,1,0,0,-0.1525080533824206
Daejeonella rubra,-0.5349098196392785,Mostly Aquatic,9999,0,1,0,0,-0.5349098196392785
Rhodococcus rhodnii,0.6353498158863756,Mostly Terrestrial,9999,1,0,0,0,0.6353498158863756
Paenibacillus cookii,0.5649756775538568,Mostly Terrestrial,9999,1,0,0,0,0.5649756775538568
Thalassotalea atypica,-0.9642983804232178,Aquatic Specialist,9999,0,1,0,0,-0.9642983804232178
Rhodobacter maris,-0.7662953795379538,Mostly Aquatic,9999,0,1,0,0,-0.7662953795379538
Halomonas huangheensis,-0.27536597677940433,Mostly Aquatic,9999,0,1,0,0,-0.27536597677940433
Kocuria turfanensis,0.5019542155220547,Mostly Terrestrial,9999,1,0,0,0,0.5019542155220547
Kocuria sediminis,0.5019542155220547,Mostly Terrestrial,9999,1,0,0,0,0.5019542155220547
Flavobacterium saliperosum,0.07673498741459907,Generalist,9999,1,0,0,0,0.07673498741459907
Halomonas cupida,-0.13956941351150698,Mostly Aquatic,9999,0,1,0,0,-0.13956941351150698
Acidiphilium acidophilum,-0.24121029314732775,Mostly Aquatic,9999,0,1,0,0,-0.24121029314732775
Parapedobacter pyrenivorans,0.3488148622677771,Mostly Terrestrial,9999,1,0,0,0,0.3488148622677771
Alkalimonas amylolytica,-0.4832535885167465,Mostly Aquatic,9999,0,1,0,0,-0.4832535885167465
Pimelobacter simplex,0.5896936234708238,Mostly Terrestrial,9999,1,0,0,0,0.5896936234708238
Kordiimonas sediminis,-0.9252366960496246,Aquatic Specialist,9999,0,1,0,0,-0.9252366960496246
Providencia rustigianii,0.3083874252259132,Mostly Terrestrial,9999,1,0,0,0,0.3083874252259132
Providencia alcalifaciens,0.4942618167671659,Mostly Terrestrial,9999,1,0,0,0,0.4942618167671659
Gordonia araii,-0.19956704099580566,Mostly Aquatic,9999,0,1,0,0,-0.19956704099580566
Mycolicibacterium aichiense,0.812004325883201,Terrestrial Specialist,9999,1,0,0,0,0.812004325883201
Tenacibaculum skagerrakense,-0.9750304012971219,Aquatic Specialist,9999,0,1,0,0,-0.9750304012971219
Mycolicibacterium rhodesiae,0.812004325883201,Terrestrial Specialist,9999,1,0,0,0,0.812004325883201
Algoriphagus marincola,-0.5135775862068965,Mostly Aquatic,9999,0,1,0,0,-0.5135775862068965
Mycolicibacterium aromaticivorans,0.812004325883201,Terrestrial Specialist,9999,1,0,0,0,0.812004325883201
Beggiatoa leptomitoformis,-0.5860857931265157,Mostly Aquatic,9999,0,1,0,0,-0.5860857931265157
Youngimonas vesicularis,-0.7106646058732612,Mostly Aquatic,9999,0,1,0,0,-0.7106646058732612
Nautilia profundicola,-0.6071682548712842,Mostly Aquatic,9999,0,1,0,0,-0.6071682548712842
Algoriphagus yeomjeoni,-0.7954439795443978,Mostly Aquatic,9999,0,1,0,0,-0.7954439795443978
Serratia odorifera,0.34717134717134723,Mostly Terrestrial,9999,1,0,0,0,0.34717134717134723
Pedobacter jejuensis,0.38194007961449816,Mostly Terrestrial,9999,1,0,0,0,0.38194007961449816
Algoriphagus winogradskyi,-0.7954439795443978,Mostly Aquatic,9999,0,1,0,0,-0.7954439795443978
Streptomyces klenkii,0.8393358016380569,Terrestrial Specialist,9999,1,0,0,0,0.8393358016380569
Pullulanibacillus camelliae,0.8186648186648188,Terrestrial Specialist,9999,1,0,0,0,0.8186648186648188
Lentzea pudingi,0.8773483406438799,Terrestrial Specialist,9999,1,0,0,0,0.8773483406438799
Lentzea albida,0.8773483406438799,Terrestrial Specialist,9999,1,0,0,0,0.8773483406438799
Bacillus alveayuensis,0.21910997938644355,Mostly Terrestrial,9999,1,0,0,0,0.21910997938644355
Brevibacillus fulvus,0.8192929898142599,Terrestrial Specialist,9999,1,0,0,0,0.8192929898142599
Winogradskyella psychrotolerans,-0.8938995913601868,Aquatic Specialist,9999,0,1,0,0,-0.8938995913601868
Actinoplanes humidus,0.9088725525875246,Terrestrial Specialist,9999,1,0,0,0,0.9088725525875246
Actinoplanes consettensis,0.9088725525875246,Terrestrial Specialist,9999,1,0,0,0,0.9088725525875246
Mucilaginibacter yixingensis,0.7800950063723787,Mostly Terrestrial,9999,1,0,0,0,0.7800950063723787
Lunatimonas lonarensis,-0.34797580269892975,Mostly Aquatic,9999,0,1,0,0,-0.34797580269892975
Vibrio alfacsensis,-0.7145526261158397,Mostly Aquatic,9999,0,1,0,0,-0.7145526261158397
Paraburkholderia youngii,0.47868321640582834,Mostly Terrestrial,9999,1,0,0,0,0.47868321640582834
Paraburkholderia tuberum,0.47868321640582834,Mostly Terrestrial,9999,1,0,0,0,0.47868321640582834
Sporanaerobacter acetigenes,-0.11627282491944152,Mostly Aquatic,9999,0,1,0,0,-0.11627282491944152
Rheinheimera salexigens,-0.3442729841338839,Mostly Aquatic,9999,0,1,0,0,-0.3442729841338839
Allonocardiopsis opalescens,0.8148540311601876,Terrestrial Specialist,9999,1,0,0,0,0.8148540311601876
Companilactobacillus zhongbaensis,0.4273127753303965,Mostly Terrestrial,9999,1,0,0,0,0.4273127753303965
Companilactobacillus furfuricola,0.5262945527908541,Mostly Terrestrial,9999,1,0,0,0,0.5262945527908541
Paenibacillus tarimensis,0.8210601572873046,Terrestrial Specialist,9999,1,0,0,0,0.8210601572873046
Pontivivens insulae,-0.9581556288726162,Aquatic Specialist,9999,0,1,0,0,-0.9581556288726162
Marinactinospora thermotolerans,0.8869212716023043,Terrestrial Specialist,9999,1,0,0,0,0.8869212716023043
Hymenobacter perfusus,0.47375920208976496,Mostly Terrestrial,9999,1,0,0,0,0.47375920208976496
Chryseobacterium indologenes,0.28198599618077663,Mostly Terrestrial,9999,1,0,0,0,0.28198599618077663
Hymenobacter swuensis,0.47375920208976496,Mostly Terrestrial,9999,1,0,0,0,0.47375920208976496
Vibrio cincinnatiensis,-0.2862957937584803,Mostly Aquatic,9999,0,1,0,0,-0.2862957937584803
Eilatimonas milleporae,-0.9330143540669856,Aquatic Specialist,9999,0,1,0,0,-0.9330143540669856
Paenibacillus terrigena,0.9516532370102806,Terrestrial Specialist,9999,1,0,0,0,0.9516532370102806
Clostridium punense,0.3378768626544993,Mostly Terrestrial,9999,1,0,0,0,0.3378768626544993
Lampropedia puyangensis,-0.3742625737426258,Mostly Aquatic,9999,0,1,0,0,-0.3742625737426258
Desulfovibrio psychrotolerans,-0.4198961246504195,Mostly Aquatic,9999,0,1,0,0,-0.4198961246504195
Nitrincola lacisaponensis,-0.3226047904191617,Mostly Aquatic,9999,0,1,0,0,-0.3226047904191617
Legionella norrlandica,-0.45407351586703504,Mostly Aquatic,9999,0,1,0,0,-0.45407351586703504
Companilactobacillus jidongensis,0.7463793712469092,Mostly Terrestrial,9999,1,0,0,0,0.7463793712469092
Sphingomonas montana,0.4943784806136387,Mostly Terrestrial,9999,1,0,0,0,0.4943784806136387
Sphingomonas prati,0.4943784806136387,Mostly Terrestrial,9999,1,0,0,0,0.4943784806136387
Mesonia hippocampi,-0.6920749006998298,Mostly Aquatic,9999,0,1,0,0,-0.6920749006998298
Actibacterium lipolyticum,-0.9480538168213538,Aquatic Specialist,9999,0,1,0,0,-0.9480538168213538
Phycicoccus jejuensis,0.10590248075278016,Mostly Terrestrial,9999,1,0,0,0,0.10590248075278016
Brenneria goodwinii,0.6053073051700473,Mostly Terrestrial,9999,1,0,0,0,0.6053073051700473
Oxalobacter vibrioformis,0.1364653243847875,Mostly Terrestrial,9999,1,0,0,0,0.1364653243847875
Amycolatopsis jejuensis,0.8947251526929485,Terrestrial Specialist,9999,1,0,0,0,0.8947251526929485
Kaistella antarctica,-0.15367164179104484,Mostly Aquatic,9999,0,1,0,0,-0.15367164179104484
Muricauda ruestringensis,-0.8275295849612141,Aquatic Specialist,9999,0,1,0,0,-0.8275295849612141
Herbidospora yilanensis,0.9525627487612703,Terrestrial Specialist,9999,1,0,0,0,0.9525627487612703
Herbidospora galbida,0.9525627487612703,Terrestrial Specialist,9999,1,0,0,0,0.9525627487612703
Nocardiopsis alba,0.7785415421398684,Mostly Terrestrial,9999,1,0,0,0,0.7785415421398684
Lysobacter maris,0.2745310804526431,Mostly Terrestrial,9999,1,0,0,0,0.2745310804526431
Herbidospora daliensis,0.9539862204724409,Terrestrial Specialist,9999,1,0,0,0,0.9539862204724409
Desulfuromonas thiophila,-0.81567502544647,Aquatic Specialist,9999,0,1,0,0,-0.81567502544647
Desulfobulbus alkaliphilus,-0.34648652512688544,Mostly Aquatic,9999,0,1,0,0,-0.34648652512688544
Maribacter vaceletii,-0.9512195121951219,Aquatic Specialist,9999,0,1,0,0,-0.9512195121951219
Aetherobacter fasciculatus,0.8687984629108625,Terrestrial Specialist,9999,1,0,0,0,0.8687984629108625
Aliiglaciecola lipolytica,-0.9770004791566842,Aquatic Specialist,9999,0,1,0,0,-0.9770004791566842
Marinobacter salinus,-0.4374286467023799,Mostly Aquatic,9999,0,1,0,0,-0.4374286467023799
Rhizobium tibeticum,0.8264685349556198,Terrestrial Specialist,9999,1,0,0,0,0.8264685349556198
Lederbergia wuyishanensis,0.6421587062805566,Mostly Terrestrial,9999,1,0,0,0,0.6421587062805566
Pectobacterium betavasculorum,0.22378804960541146,Mostly Terrestrial,9999,1,0,0,0,0.22378804960541146
Chryseobacterium sediminis,-0.9358708189158017,Aquatic Specialist,9999,0,1,0,0,-0.9358708189158017
Sulfurivirga caldicuralii,-0.19337252805986108,Mostly Aquatic,9999,0,1,0,0,-0.19337252805986108
Oceanobacillus indicireducens,0.39240116905091527,Mostly Terrestrial,9999,1,0,0,0,0.39240116905091527
Pseudomaricurvus alcaniphilus,-0.6333178940867685,Mostly Aquatic,9999,0,1,0,0,-0.6333178940867685
Aquisalimonas lutea,-0.22508138273135944,Mostly Aquatic,9999,0,1,0,0,-0.22508138273135944
Desulfonema magnum,-0.6909747292418772,Mostly Aquatic,9999,0,1,0,0,-0.6909747292418772
Vibrio owensii,-0.77296278850683,Mostly Aquatic,9999,0,1,0,0,-0.77296278850683
Caloranaerobacter ferrireducens,0.673241288625904,Mostly Terrestrial,9999,1,0,0,0,0.673241288625904
Vibrio jasicida,-0.678493357995628,Mostly Aquatic,9999,0,1,0,0,-0.678493357995628
Neorickettsia findlayensis,-0.7381092190252496,Mostly Aquatic,9999,0,1,0,0,-0.7381092190252496
Vibrio hyugaensis,-0.77296278850683,Mostly Aquatic,9999,0,1,0,0,-0.77296278850683
Ornithinicoccus hortensis,0.5661173907122429,Mostly Terrestrial,9999,1,0,0,0,0.5661173907122429
Komagataeibacter saccharivorans,0.5971719829003618,Mostly Terrestrial,9999,1,0,0,0,0.5971719829003618
Kineococcus aurantiacus,0.6583805070145212,Mostly Terrestrial,9999,1,0,0,0,0.6583805070145212
Nonomuraea wenchangensis,0.9822827938671209,Terrestrial Specialist,9999,1,0,0,0,0.9822827938671209
Falsirhodobacter deserti,-0.7454579863739591,Mostly Aquatic,9999,0,1,0,0,-0.7454579863739591
Galbibacter mesophilus,-0.7889264790824324,Mostly Aquatic,9999,0,1,0,0,-0.7889264790824324
Alteraurantiacibacter aestuarii,0.002252493832457373,Generalist,9999,1,0,0,0,0.002252493832457373
Thermosulfurimonas dismutans,-0.7253367446760479,Mostly Aquatic,9999,0,1,0,0,-0.7253367446760479
Clostridium polynesiense,0.8161631809966434,Terrestrial Specialist,9999,1,0,0,0,0.8161631809966434
Enterobacter kobei,0.6928559307653148,Mostly Terrestrial,9999,1,0,0,0,0.6928559307653148
Sphingomonas adhaesiva,0.2519083969465649,Mostly Terrestrial,9999,1,0,0,0,0.2519083969465649
Sphingomonas ginsenosidimutans,0.2519083969465649,Mostly Terrestrial,9999,1,0,0,0,0.2519083969465649
Tamlana agarivorans,-0.8703566427806605,Aquatic Specialist,9999,0,1,0,0,-0.8703566427806605
Solimonas aquatica,0.40153906866614053,Mostly Terrestrial,9999,1,0,0,0,0.40153906866614053
Psychrobacter cryohalolentis,-0.24482181911745782,Mostly Aquatic,9999,0,1,0,0,-0.24482181911745782
Wenyingzhuangia marina,-0.8821952776005106,Aquatic Specialist,9999,0,1,0,0,-0.8821952776005106
Pseudonocardia autotrophica,0.31845238095238093,Mostly Terrestrial,9999,1,0,0,0,0.31845238095238093
Pseudonocardia compacta,0.31845238095238093,Mostly Terrestrial,9999,1,0,0,0,0.31845238095238093
Paenibacillus periandrae,0.851397743992153,Terrestrial Specialist,9999,1,0,0,0,0.851397743992153
Pseudophaeobacter leonis,-0.94177415867983,Aquatic Specialist,9999,0,1,0,0,-0.94177415867983
Pantoea septica,0.5814494680851064,Mostly Terrestrial,9999,1,0,0,0,0.5814494680851064
Microbacterium trichothecenolyticum,0.8359042553191489,Terrestrial Specialist,9999,1,0,0,0,0.8359042553191489
Microbacterium jejuense,0.8359042553191489,Terrestrial Specialist,9999,1,0,0,0,0.8359042553191489
Oceanobacillus bengalensis,-0.143089210775687,Mostly Aquatic,9999,0,1,0,0,-0.143089210775687
Vibrio thalassae,-0.972760753248558,Aquatic Specialist,9999,0,1,0,0,-0.972760753248558
Vibrio mediterranei,-0.972760753248558,Aquatic Specialist,9999,0,1,0,0,-0.972760753248558
Paludibaculum fermentans,0.08200521587945518,Generalist,9999,1,0,0,0,0.08200521587945518
Mucilaginibacter oryzae,0.733305066779733,Mostly Terrestrial,9999,1,0,0,0,0.733305066779733
Rhizobium bangladeshense,0.7957068837897854,Mostly Terrestrial,9999,1,0,0,0,0.7957068837897854
Rhizobium phaseoli,0.7957068837897854,Mostly Terrestrial,9999,1,0,0,0,0.7957068837897854
Rhizobium fabae,0.7957068837897854,Mostly Terrestrial,9999,1,0,0,0,0.7957068837897854
Rhizobium pisi,0.7957068837897854,Mostly Terrestrial,9999,1,0,0,0,0.7957068837897854
Rhizobium binae,0.7957068837897854,Mostly Terrestrial,9999,1,0,0,0,0.7957068837897854
Rhizobium lentis,0.7957068837897854,Mostly Terrestrial,9999,1,0,0,0,0.7957068837897854
Rhizobium aegyptiacum,0.7957068837897854,Mostly Terrestrial,9999,1,0,0,0,0.7957068837897854
Rhizobium chutanense,0.7957068837897854,Mostly Terrestrial,9999,1,0,0,0,0.7957068837897854
Rhizobium etli,0.7957068837897854,Mostly Terrestrial,9999,1,0,0,0,0.7957068837897854
Rhizobium ecuadorense,0.7957068837897854,Mostly Terrestrial,9999,1,0,0,0,0.7957068837897854
Methylosinus sporium,-0.48013890065215553,Mostly Aquatic,9999,0,1,0,0,-0.48013890065215553
Aeromicrobium massiliense,0.81699604743083,Terrestrial Specialist,9999,1,0,0,0,0.81699604743083
Acinetobacter harbinensis,-0.31441543700340524,Mostly Aquatic,9999,0,1,0,0,-0.31441543700340524
Rouxiella chamberiensis,0.6816681146828846,Mostly Terrestrial,9999,1,0,0,0,0.6816681146828846
Oceanicella actignis,-0.416829052258636,Mostly Aquatic,9999,0,1,0,0,-0.416829052258636
Rouxiella badensis,0.6816681146828846,Mostly Terrestrial,9999,1,0,0,0,0.6816681146828846
Actinomyces ruminicola,0.8614692653673163,Terrestrial Specialist,9999,1,0,0,0,0.8614692653673163
Planococcus salinarum,0.28237791932059453,Mostly Terrestrial,9999,1,0,0,0,0.28237791932059453
Vibrio rumoiensis,-0.6344698830696668,Mostly Aquatic,9999,0,1,0,0,-0.6344698830696668
Enterococcus lemanii,-0.001982160555004972,Generalist,9999,0,1,0,0,-0.001982160555004972
Halochromatium roseum,-0.7349454345607286,Mostly Aquatic,9999,0,1,0,0,-0.7349454345607286
Saccharopolyspora flava,0.7432632177373506,Mostly Terrestrial,9999,1,0,0,0,0.7432632177373506
Bombiscardovia coagulans,0.9083080040526847,Terrestrial Specialist,9999,1,0,0,0,0.9083080040526847
Prauserella endophytica,0.9227592907456884,Terrestrial Specialist,9999,1,0,0,0,0.9227592907456884
Rhizobium daejeonense,0.6237887812249978,Mostly Terrestrial,9999,1,0,0,0,0.6237887812249978
Maribacter polysiphoniae,-0.9243117358396408,Aquatic Specialist,9999,0,1,0,0,-0.9243117358396408
Sedimenticola selenatireducens,-0.6420878210439106,Mostly Aquatic,9999,0,1,0,0,-0.6420878210439106
Moraxella atlantae,0.12585144339928644,Mostly Terrestrial,9999,1,0,0,0,0.12585144339928644
Cnuibacter physcomitrellae,0.4068318428382935,Mostly Terrestrial,9999,1,0,0,0,0.4068318428382935
Sulfurimonas hongkongensis,-0.8452258349271738,Aquatic Specialist,9999,0,1,0,0,-0.8452258349271738
Natranaerovirga hydrolytica,0.1301605504587156,Mostly Terrestrial,9999,1,0,0,0,0.1301605504587156
Haloferula rosea,-0.9076356651192573,Aquatic Specialist,9999,0,1,0,0,-0.9076356651192573
Longimicrobium terrae,-0.29205709781942374,Mostly Aquatic,9999,0,1,0,0,-0.29205709781942374
Salirhabdus euzebyi,0.45266673624882586,Mostly Terrestrial,9999,1,0,0,0,0.45266673624882586
Thermobrachium celere,-0.33169854503841756,Mostly Aquatic,9999,0,1,0,0,-0.33169854503841756
Prauserella isguenensis,0.7727771679473107,Mostly Terrestrial,9999,1,0,0,0,0.7727771679473107
Prauserella sediminis,0.7727771679473107,Mostly Terrestrial,9999,1,0,0,0,0.7727771679473107
Prauserella alba,0.7727771679473107,Mostly Terrestrial,9999,1,0,0,0,0.7727771679473107
Prauserella aidingensis,0.7727771679473107,Mostly Terrestrial,9999,1,0,0,0,0.7727771679473107
Gluconacetobacter liquefaciens,0.46174060905858716,Mostly Terrestrial,9999,1,0,0,0,0.46174060905858716
Zhihengliuella flava,0.6209068010075567,Mostly Terrestrial,9999,1,0,0,0,0.6209068010075567
Kistimonas asteriae,-0.8368515791196204,Aquatic Specialist,9999,0,1,0,0,-0.8368515791196204
Roseiarcus fermentans,0.8040652158299216,Terrestrial Specialist,9999,1,0,0,0,0.8040652158299216
Nocardioides exalbidus,0.7829975758588982,Mostly Terrestrial,9999,1,0,0,0,0.7829975758588982
Noviherbaspirillum autotrophicum,0.26919380672717563,Mostly Terrestrial,9999,1,0,0,0,0.26919380672717563
Luteimonas marina,0.4514988872889121,Mostly Terrestrial,9999,1,0,0,0,0.4514988872889121
Saccharopolyspora dendranthemae,0.8432410962531444,Terrestrial Specialist,9999,1,0,0,0,0.8432410962531444
Amycolatopsis regifaucium,0.8978102189781023,Terrestrial Specialist,9999,1,0,0,0,0.8978102189781023
Sulfurimonas crateris,-0.7654330526153132,Mostly Aquatic,9999,0,1,0,0,-0.7654330526153132
Pararhodobacter aggregans,-0.5695886996260906,Mostly Aquatic,9999,0,1,0,0,-0.5695886996260906
Chryseobacterium contaminans,0.09538461538461543,Generalist,9999,1,0,0,0,0.09538461538461543
Oceanospirillum linum,-0.7784886045581768,Mostly Aquatic,9999,0,1,0,0,-0.7784886045581768
Leptothrix discophora,-0.6929916317991632,Mostly Aquatic,9999,0,1,0,0,-0.6929916317991632
Paraflavitalea soli,0.8225195454179092,Terrestrial Specialist,9999,1,0,0,0,0.8225195454179092
Planctomicrobium piriforme,0.387624466571835,Mostly Terrestrial,9999,1,0,0,0,0.387624466571835
Hymenobacter frigidus,0.26309100152516524,Mostly Terrestrial,9999,1,0,0,0,0.26309100152516524
Pedobacter antarcticus,0.7520344662517952,Mostly Terrestrial,9999,1,0,0,0,0.7520344662517952
Jannaschia donghaensis,-0.8878838225339981,Aquatic Specialist,9999,0,1,0,0,-0.8878838225339981
Dissulfuribacter thermophilus,-0.7649747247420539,Mostly Aquatic,9999,0,1,0,0,-0.7649747247420539
Paenibacillus chitinolyticus,0.7977600689209563,Mostly Terrestrial,9999,1,0,0,0,0.7977600689209563
Syntrophotalea acetylenivorans,-0.9176175897578625,Aquatic Specialist,9999,0,1,0,0,-0.9176175897578625
Aeromonas bestiarum,-0.4150736101955614,Mostly Aquatic,9999,0,1,0,0,-0.4150736101955614
Aeromonas aquatica,-0.4150736101955614,Mostly Aquatic,9999,0,1,0,0,-0.4150736101955614
Aeromonas piscicola,-0.4150736101955614,Mostly Aquatic,9999,0,1,0,0,-0.4150736101955614
Aeromonas salmonicida,-0.4150736101955614,Mostly Aquatic,9999,0,1,0,0,-0.4150736101955614
Aeromonas eucrenophila,-0.4150736101955614,Mostly Aquatic,9999,0,1,0,0,-0.4150736101955614
Aeromonas encheleia,-0.4150736101955614,Mostly Aquatic,9999,0,1,0,0,-0.4150736101955614
Aeromonas molluscorum,-0.4150736101955614,Mostly Aquatic,9999,0,1,0,0,-0.4150736101955614
Chromobacterium rhizoryzae,-0.3428971308607418,Mostly Aquatic,9999,0,1,0,0,-0.3428971308607418
Malikia granosa,-0.7876903281149475,Mostly Aquatic,9999,0,1,0,0,-0.7876903281149475
Chromobacterium haemolyticum,-0.3428971308607418,Mostly Aquatic,9999,0,1,0,0,-0.3428971308607418
Anoxybacillus calidus,0.45216036730343534,Mostly Terrestrial,9999,1,0,0,0,0.45216036730343534
Kaistia hirudinis,-0.017850059500198353,Generalist,9999,0,1,0,0,-0.017850059500198353
Parvibaculum indicum,-0.6648977478643542,Mostly Aquatic,9999,0,1,0,0,-0.6648977478643542
Nonomuraea fuscirosea,0.915702699109161,Terrestrial Specialist,9999,1,0,0,0,0.915702699109161
Calorimonas adulescens,-0.16555389017577327,Mostly Aquatic,9999,0,1,0,0,-0.16555389017577327
Photobacterium gaetbulicola,-0.8382185866848443,Aquatic Specialist,9999,0,1,0,0,-0.8382185866848443
Paenibacillus woosongensis,0.8257590791823775,Terrestrial Specialist,9999,1,0,0,0,0.8257590791823775
Thermoanaerobacterium saccharolyticum,0.625064733298809,Mostly Terrestrial,9999,1,0,0,0,0.625064733298809
Undibacterium seohonense,-0.4887937912526292,Mostly Aquatic,9999,0,1,0,0,-0.4887937912526292
Undibacterium amnicola,-0.4887937912526292,Mostly Aquatic,9999,0,1,0,0,-0.4887937912526292
Pseudidiomarina taiwanensis,-0.7912164171706156,Mostly Aquatic,9999,0,1,0,0,-0.7912164171706156
Microvirga arabica,0.2156638885717547,Mostly Terrestrial,9999,1,0,0,0,0.2156638885717547
Pedobacter africanus,-0.10681327311996854,Mostly Aquatic,9999,0,1,0,0,-0.10681327311996854
Chryseobacterium wanjuense,0.7960999869127077,Mostly Terrestrial,9999,1,0,0,0,0.7960999869127077
Magnetospirillum marisnigri,-0.6244388053874683,Mostly Aquatic,9999,0,1,0,0,-0.6244388053874683
Microbispora bryophytorum,0.9392820039247375,Terrestrial Specialist,9999,1,0,0,0,0.9392820039247375
Nocardioides furvisabuli,0.07851558198436298,Generalist,9999,1,0,0,0,0.07851558198436298
Desulforhabdus amnigena,-0.5585059302531422,Mostly Aquatic,9999,0,1,0,0,-0.5585059302531422
Microbispora camponoti,0.9392820039247375,Terrestrial Specialist,9999,1,0,0,0,0.9392820039247375
Microbispora sitophila,0.953798449612403,Terrestrial Specialist,9999,1,0,0,0,0.953798449612403
Marinobacterium mangrovicola,-0.9506103074141048,Aquatic Specialist,9999,0,1,0,0,-0.9506103074141048
Edaphobacter aggregans,0.9271214642262896,Terrestrial Specialist,9999,1,0,0,0,0.9271214642262896
Flexivirga endophytica,0.43310934636530246,Mostly Terrestrial,9999,1,0,0,0,0.43310934636530246
Legionella waltersii,-0.09141274238227147,Generalist,9999,0,1,0,0,-0.09141274238227147
Limnobaculum parvum,0.1521813031161473,Mostly Terrestrial,9999,1,0,0,0,0.1521813031161473
Breoghania corrubedonensis,-0.29979686939897243,Mostly Aquatic,9999,0,1,0,0,-0.29979686939897243
Arcanobacterium wilhelmae,0.9543578538480215,Terrestrial Specialist,9999,1,0,0,0,0.9543578538480215
Thioclava marina,-0.26019145961062706,Mostly Aquatic,9999,0,1,0,0,-0.26019145961062706
Pseudidiomarina gelatinasegens,-0.776535445298548,Mostly Aquatic,9999,0,1,0,0,-0.776535445298548
Spirosoma fluviale,0.3820365972901243,Mostly Terrestrial,9999,1,0,0,0,0.3820365972901243
Halofilum ochraceum,-0.19391120507399576,Mostly Aquatic,9999,0,1,0,0,-0.19391120507399576
Deinococcus marmoris,0.22954873274263343,Mostly Terrestrial,9999,1,0,0,0,0.22954873274263343
Subsaximicrobium wynnwilliamsii,-0.6358335542009012,Mostly Aquatic,9999,0,1,0,0,-0.6358335542009012
Rubrobacter taiwanensis,0.4346504559270516,Mostly Terrestrial,9999,1,0,0,0,0.4346504559270516
Sphingomonas deserti,0.8942501305093593,Terrestrial Specialist,9999,1,0,0,0,0.8942501305093593
Paracoccus indicus,-0.8680720843250596,Aquatic Specialist,9999,0,1,0,0,-0.8680720843250596
Actinoplanes cyaneus,0.871462479459558,Terrestrial Specialist,9999,1,0,0,0,0.871462479459558
Pseudactinotalea terrae,0.7742647913518541,Mostly Terrestrial,9999,1,0,0,0,0.7742647913518541
Paracoccus sediminilitoris,-0.8680720843250596,Aquatic Specialist,9999,0,1,0,0,-0.8680720843250596
Crossiella cryophila,0.8593526210254943,Terrestrial Specialist,9999,1,0,0,0,0.8593526210254943
Myceligenerans xiligouense,0.3589767882520133,Mostly Terrestrial,9999,1,0,0,0,0.3589767882520133
Sulfuriferula thiophila,-0.38620802086729705,Mostly Aquatic,9999,0,1,0,0,-0.38620802086729705
Sphingobium herbicidovorans,0.4678298800436205,Mostly Terrestrial,9999,1,0,0,0,0.4678298800436205
Metabacillus crassostreae,0.5400334021023676,Mostly Terrestrial,9999,1,0,0,0,0.5400334021023676
Marinomonas hwangdonensis,-0.8128423615337798,Aquatic Specialist,9999,0,1,0,0,-0.8128423615337798
Thermobifida halotolerans,0.7566631531395874,Mostly Terrestrial,9999,1,0,0,0,0.7566631531395874
Staphylococcus simulans,0.6979591836734693,Mostly Terrestrial,9999,1,0,0,0,0.6979591836734693
Nioella sediminis,-0.7707131459432919,Mostly Aquatic,9999,0,1,0,0,-0.7707131459432919
Companilactobacillus insicii,0.6777901963915057,Mostly Terrestrial,9999,1,0,0,0,0.6777901963915057
Enterovirga rhinocerotis,0.5491076568796777,Mostly Terrestrial,9999,1,0,0,0,0.5491076568796777
Indiicoccus explosivorum,0.5911379657603223,Mostly Terrestrial,9999,1,0,0,0,0.5911379657603223
Stenotrophomonas humi,0.387298628677939,Mostly Terrestrial,9999,1,0,0,0,0.387298628677939
Chlamydia gallinacea,0.7490317583268784,Mostly Terrestrial,9999,1,0,0,0,0.7490317583268784
Flavobacterium kingsejongi,0.44923318034255005,Mostly Terrestrial,9999,1,0,0,0,0.44923318034255005
Swaminathania salitolerans,0.929741774806659,Terrestrial Specialist,9999,1,0,0,0,0.929741774806659
Actinomadura chibensis,0.7652095987254803,Mostly Terrestrial,9999,1,0,0,0,0.7652095987254803
Litchfieldia alkalitelluris,0.5131616190206624,Mostly Terrestrial,9999,1,0,0,0,0.5131616190206624
Rummeliibacillus suwonensis,0.41032058157549756,Mostly Terrestrial,9999,1,0,0,0,0.41032058157549756
Thermogutta terrifontis,0.37389953392024855,Mostly Terrestrial,9999,1,0,0,0,0.37389953392024855
Paucibacter oligotrophus,-0.7524177949709865,Mostly Aquatic,9999,0,1,0,0,-0.7524177949709865
Sinomonas susongensis,0.9148056244830437,Terrestrial Specialist,9999,1,0,0,0,0.9148056244830437
Alteromonas pelagimontana,-0.6623874305422494,Mostly Aquatic,9999,0,1,0,0,-0.6623874305422494
Jeotgalibacillus soli,0.5255479405577796,Mostly Terrestrial,9999,1,0,0,0,0.5255479405577796
Streptomyces specialis,0.7987433180155677,Mostly Terrestrial,9999,1,0,0,0,0.7987433180155677
Naumannella halotolerans,0.29427886262418634,Mostly Terrestrial,9999,1,0,0,0,0.29427886262418634
Lentzea flaviverrucosa,0.9488602910253174,Terrestrial Specialist,9999,1,0,0,0,0.9488602910253174
Oceanibaculum indicum,-0.6542239685658153,Mostly Aquatic,9999,0,1,0,0,-0.6542239685658153
Vogesella oryzae,-0.3040327293980129,Mostly Aquatic,9999,0,1,0,0,-0.3040327293980129
Leptospirillum ferrooxidans,-0.19022044088176351,Mostly Aquatic,9999,0,1,0,0,-0.19022044088176351
Nocardia yamanashiensis,0.9291156462585033,Terrestrial Specialist,9999,1,0,0,0,0.9291156462585033
Microbacterium proteolyticum,0.7575838567419484,Mostly Terrestrial,9999,1,0,0,0,0.7575838567419484
Nocardioides immobilis,0.8914177335229966,Terrestrial Specialist,9999,1,0,0,0,0.8914177335229966
Microbacterium enclense,0.7575838567419484,Mostly Terrestrial,9999,1,0,0,0,0.7575838567419484
Mucilaginibacter frigoritolerans,0.726677737618443,Mostly Terrestrial,9999,1,0,0,0,0.726677737618443
Rubrobacter radiotolerans,0.5426501519046506,Mostly Terrestrial,9999,1,0,0,0,0.5426501519046506
Halobacillus hunanensis,0.17156711028577326,Mostly Terrestrial,9999,1,0,0,0,0.17156711028577326
Halobacillus naozhouensis,0.17156711028577326,Mostly Terrestrial,9999,1,0,0,0,0.17156711028577326
Deinococcus seoulensis,-0.6890784412109048,Mostly Aquatic,9999,0,1,0,0,-0.6890784412109048
Scopulibacillus daqui,0.5488442719757045,Mostly Terrestrial,9999,1,0,0,0,0.5488442719757045
Candidimonas bauzanensis,0.7852749638205498,Mostly Terrestrial,9999,1,0,0,0,0.7852749638205498
Oricola cellulosilytica,-0.7161200495049505,Mostly Aquatic,9999,0,1,0,0,-0.7161200495049505
Oricola thermophila,-0.7161200495049505,Mostly Aquatic,9999,0,1,0,0,-0.7161200495049505
Bhargavaea ginsengi,0.6812235862346548,Mostly Terrestrial,9999,1,0,0,0,0.6812235862346548
Seonamhaeicola marinus,-0.9787447054293417,Aquatic Specialist,9999,0,1,0,0,-0.9787447054293417
Sphaerimonospora mesophila,0.8055933969068035,Terrestrial Specialist,9999,1,0,0,0,0.8055933969068035
Alteriqipengyuania halimionae,-0.6731279330748826,Mostly Aquatic,9999,0,1,0,0,-0.6731279330748826
Microbulbifer taiwanensis,0.009478295499800858,Generalist,9999,1,0,0,0,0.009478295499800858
Pseudooctadecabacter jejudonensis,-0.8738227325506386,Aquatic Specialist,9999,0,1,0,0,-0.8738227325506386
Litoribacter alkaliphilus,0.2525757102716203,Mostly Terrestrial,9999,1,0,0,0,0.2525757102716203
Litoribacter ruber,0.2525757102716203,Mostly Terrestrial,9999,1,0,0,0,0.2525757102716203
Flavobacterium microcysteis,0.06274468310231722,Generalist,9999,1,0,0,0,0.06274468310231722
Chromatocurvus halotolerans,-0.6210453324087718,Mostly Aquatic,9999,0,1,0,0,-0.6210453324087718
Melghirimyces algeriensis,0.6354816354816355,Mostly Terrestrial,9999,1,0,0,0,0.6354816354816355
Shewanella decolorationis,-0.3483223797993774,Mostly Aquatic,9999,0,1,0,0,-0.3483223797993774
Aestuariivita boseongensis,-0.8759701955914312,Aquatic Specialist,9999,0,1,0,0,-0.8759701955914312
Marmoricola pocheonensis,0.9389050231257394,Terrestrial Specialist,9999,1,0,0,0,0.9389050231257394
Anoxybacillus tepidamans,0.4153238066281544,Mostly Terrestrial,9999,1,0,0,0,0.4153238066281544
Erwinia toletana,0.8686987104337631,Terrestrial Specialist,9999,1,0,0,0,0.8686987104337631
Taibaiella soli,0.8348824494259158,Terrestrial Specialist,9999,1,0,0,0,0.8348824494259158
Methylopila capsulata,-1,Aquatic Specialist,9999,0,1,0,0,-1
Thioclava atlantica,-0.7154564513055077,Mostly Aquatic,9999,0,1,0,0,-0.7154564513055077
Demequina activiva,0.16472366148531958,Mostly Terrestrial,9999,1,0,0,0,0.16472366148531958
Thalassotalea sediminis,-0.9306905150915814,Aquatic Specialist,9999,0,1,0,0,-0.9306905150915814
Saccharomonospora xinjiangensis,0.9005367510132544,Terrestrial Specialist,9999,1,0,0,0,0.9005367510132544
Nocardioides daejeonensis,0.5877363063499756,Mostly Terrestrial,9999,1,0,0,0,0.5877363063499756
Planktotalea arctica,-0.9049515465286075,Aquatic Specialist,9999,0,1,0,0,-0.9049515465286075
Thioalkalibacter halophilus,-0.5769538543611631,Mostly Aquatic,9999,0,1,0,0,-0.5769538543611631
Limimaricola cinnabarinus,-0.8177651335546072,Aquatic Specialist,9999,0,1,0,0,-0.8177651335546072
Pseudomethylobacillus aquaticus,0.34385538918116826,Mostly Terrestrial,9999,1,0,0,0,0.34385538918116826
Pseudonocardia petroleophila,0.6498419018620447,Mostly Terrestrial,9999,1,0,0,0,0.6498419018620447
Azospira restricta,-0.45735724743777445,Mostly Aquatic,9999,0,1,0,0,-0.45735724743777445
Microbulbifer elongatus,-0.9706133398366054,Aquatic Specialist,9999,0,1,0,0,-0.9706133398366054
Paenibacillus agaridevorans,0.7209188660801563,Mostly Terrestrial,9999,1,0,0,0,0.7209188660801563
Puniceibacterium antarcticum,-0.9550736869441017,Aquatic Specialist,9999,0,1,0,0,-0.9550736869441017
Sphingomicrobium aestuariivivum,0.202452733776188,Mostly Terrestrial,9999,1,0,0,0,0.202452733776188
Puniceibacterium sediminis,-0.9550736869441017,Aquatic Specialist,9999,0,1,0,0,-0.9550736869441017
Sphingorhabdus soli,-0.0802241029920134,Generalist,9999,0,1,0,0,-0.0802241029920134
Pseudopuniceibacterium antarcticum,-0.9441796287004517,Aquatic Specialist,9999,0,1,0,0,-0.9441796287004517
Geoalkalibacter ferrihydriticus,-0.14028680858644343,Mostly Aquatic,9999,0,1,0,0,-0.14028680858644343
Paenibacillus ginsengarvi,0.6400424371021521,Mostly Terrestrial,9999,1,0,0,0,0.6400424371021521
Sphingomicrobium astaxanthinifaciens,0.202452733776188,Mostly Terrestrial,9999,1,0,0,0,0.202452733776188
Pseudopuniceibacterium sediminis,-0.6009592326139089,Mostly Aquatic,9999,0,1,0,0,-0.6009592326139089
Cellulomonas hominis,0.7711619640079983,Mostly Terrestrial,9999,1,0,0,0,0.7711619640079983
Shewanella fodinae,-0.42363048086578153,Mostly Aquatic,9999,0,1,0,0,-0.42363048086578153
Kangiella geojedonensis,-0.9492735779364688,Aquatic Specialist,9999,0,1,0,0,-0.9492735779364688
Methylophaga frappieri,-0.1476063829787234,Mostly Aquatic,9999,0,1,0,0,-0.1476063829787234
Pedobacter jeongneungensis,0.7412835887186319,Mostly Terrestrial,9999,1,0,0,0,0.7412835887186319
Halanaerobium hydrogeniformans,-0.4273731587561375,Mostly Aquatic,9999,0,1,0,0,-0.4273731587561375
Desulfurella multipotens,-0.7764420920427022,Mostly Aquatic,9999,0,1,0,0,-0.7764420920427022
Echinimonas agarilytica,-0.9586330935251798,Aquatic Specialist,9999,0,1,0,0,-0.9586330935251798
Pseudaeromonas pectinilytica,-0.8847519069556681,Aquatic Specialist,9999,0,1,0,0,-0.8847519069556681
Belliella buryatensis,0.032969362875013244,Generalist,9999,1,0,0,0,0.032969362875013244
Belliella pelovolcani,0.032969362875013244,Generalist,9999,1,0,0,0,0.032969362875013244
Vibrio bivalvicida,-0.928283530229326,Aquatic Specialist,9999,0,1,0,0,-0.928283530229326
Rhodobaculum claviforme,-0.6705799276193839,Mostly Aquatic,9999,0,1,0,0,-0.6705799276193839
Mucilaginibacter ginsenosidivorans,0.8898499297700895,Terrestrial Specialist,9999,1,0,0,0,0.8898499297700895
Acetomicrobium hydrogeniformans,-0.6766754744174874,Mostly Aquatic,9999,0,1,0,0,-0.6766754744174874
Paenibacillus taihuensis,0.9291257113295396,Terrestrial Specialist,9999,1,0,0,0,0.9291257113295396
Demequina litorisediminis,-0.2382879377431907,Mostly Aquatic,9999,0,1,0,0,-0.2382879377431907
Polyangium fumosum,0.8466491569939846,Terrestrial Specialist,9999,1,0,0,0,0.8466491569939846
Deinococcus multiflagellatus,-0.04092149136101853,Generalist,9999,0,1,0,0,-0.04092149136101853
Granulicella mallensis,0.8211464968152866,Terrestrial Specialist,9999,1,0,0,0,0.8211464968152866
Epilithonimonas pallida,0.11168384879725089,Mostly Terrestrial,9999,1,0,0,0,0.11168384879725089
Flavobacterium endophyticum,0.7427460364941668,Mostly Terrestrial,9999,1,0,0,0,0.7427460364941668
Nitrincola alkalilacustris,-0.15503173164097914,Mostly Aquatic,9999,0,1,0,0,-0.15503173164097914
Luteithermobacter gelatinilyticus,-0.9137692839051346,Aquatic Specialist,9999,0,1,0,0,-0.9137692839051346
Saccharopolyspora shandongensis,0.9835691465084434,Terrestrial Specialist,9999,1,0,0,0,0.9835691465084434
Ancylomarina subtilis,-0.7744546577033887,Mostly Aquatic,9999,0,1,0,0,-0.7744546577033887
Ursidibacter maritimus,0.6874257593755303,Mostly Terrestrial,9999,1,0,0,0,0.6874257593755303
Catellatospora bangladeshensis,0.9597971068946083,Terrestrial Specialist,9999,1,0,0,0,0.9597971068946083
Azoarcus taiwanensis,-0.14930527668460364,Mostly Aquatic,9999,0,1,0,0,-0.14930527668460364
Roseivirga misakiensis,-0.9309332401258301,Aquatic Specialist,9999,0,1,0,0,-0.9309332401258301
Demequina sediminicola,0.5038739330269205,Mostly Terrestrial,9999,1,0,0,0,0.5038739330269205
Roseivirga spongicola,-0.9522841875517424,Aquatic Specialist,9999,0,1,0,0,-0.9522841875517424
Kibdelosporangium banguiense,0.992197500761963,Terrestrial Specialist,9999,1,0,0,0,0.992197500761963
Angulomicrobium tetraedrale,-0.013670679453172782,Generalist,9999,0,1,0,0,-0.013670679453172782
Pelotomaculum propionicicum,-0.766219839142091,Mostly Aquatic,9999,0,1,0,0,-0.766219839142091
Flavobacterium tibetense,-0.7962068965517243,Mostly Aquatic,9999,0,1,0,0,-0.7962068965517243
Helicobacter baculiformis,0.8031720211468077,Terrestrial Specialist,9999,1,0,0,0,0.8031720211468077
Cellulomonas carbonis,-0.0640845967639189,Generalist,9999,0,1,0,0,-0.0640845967639189
Sphingomonas oligophenolica,0.5094765909376177,Mostly Terrestrial,9999,1,0,0,0,0.5094765909376177
Xenorhabdus hominickii,0.722953216374269,Mostly Terrestrial,9999,1,0,0,0,0.722953216374269
Rubellimicrobium aerolatum,0.29396151293961514,Mostly Terrestrial,9999,1,0,0,0,0.29396151293961514
Ornithinimicrobium kibberense,0.2958925228499064,Mostly Terrestrial,9999,1,0,0,0,0.2958925228499064
Actinomadura yumaensis,0.8623169341401387,Terrestrial Specialist,9999,1,0,0,0,0.8623169341401387
Clostridium aestuarii,-0.9114183307731696,Aquatic Specialist,9999,0,1,0,0,-0.9114183307731696
Racemicystis crocea,-0.08671287420734403,Generalist,9999,0,1,0,0,-0.08671287420734403
Saccharopolyspora indica,0.9570999570999571,Terrestrial Specialist,9999,1,0,0,0,0.9570999570999571
Atlantibacter hermannii,0.8122448979591836,Terrestrial Specialist,9999,1,0,0,0,0.8122448979591836
Arcticibacter tournemirensis,0.5546930134086098,Mostly Terrestrial,9999,1,0,0,0,0.5546930134086098
Ornithinibacter aureus,9.413241292752161e-4,Generalist,9999,1,0,0,0,9.413241292752161e-4
Demequina rhizosphaerae,0.30120110871573763,Mostly Terrestrial,9999,1,0,0,0,0.30120110871573763
Demequina soli,0.30120110871573763,Mostly Terrestrial,9999,1,0,0,0,0.30120110871573763
Demequina silvatica,0.30120110871573763,Mostly Terrestrial,9999,1,0,0,0,0.30120110871573763
Mangrovimonas xylaniphaga,-0.48134228187919453,Mostly Aquatic,9999,0,1,0,0,-0.48134228187919453
Flavobacterium rakeshii,0.26940187839841817,Mostly Terrestrial,9999,1,0,0,0,0.26940187839841817
Demequina mangrovi,0.30120110871573763,Mostly Terrestrial,9999,1,0,0,0,0.30120110871573763
Legionella steelei,0.046972395369545845,Generalist,9999,1,0,0,0,0.046972395369545845
Rhodothalassium salexigens,-0.5588340486409156,Mostly Aquatic,9999,0,1,0,0,-0.5588340486409156
Sedimenticola thiotaurini,-0.661995282364368,Mostly Aquatic,9999,0,1,0,0,-0.661995282364368
Streptosporangium amethystogenes,0.950607604860839,Terrestrial Specialist,9999,1,0,0,0,0.950607604860839
Pseudomonas parafulva,0.6113973294080537,Mostly Terrestrial,9999,1,0,0,0,0.6113973294080537
Pseudomonas fulva,0.6113973294080537,Mostly Terrestrial,9999,1,0,0,0,0.6113973294080537
Salimicrobium flavidum,-0.371892440385591,Mostly Aquatic,9999,0,1,0,0,-0.371892440385591
Shewanella intestini,-0.7126118795768919,Mostly Aquatic,9999,0,1,0,0,-0.7126118795768919
Maridesulfovibrio ferrireducens,-0.4506229109693102,Mostly Aquatic,9999,0,1,0,0,-0.4506229109693102
Xenorhabdus innexi,0.5069895648749754,Mostly Terrestrial,9999,1,0,0,0,0.5069895648749754
Echinicola jeungdonensis,-0.19134550371872894,Mostly Aquatic,9999,0,1,0,0,-0.19134550371872894
Raoultella terrigena,0.6001671192813871,Mostly Terrestrial,9999,1,0,0,0,0.6001671192813871
Psychrosphaera saromensis,-0.7161752988047808,Mostly Aquatic,9999,0,1,0,0,-0.7161752988047808
Vibrio gallicus,-0.865403399101387,Aquatic Specialist,9999,0,1,0,0,-0.865403399101387
Tamlana crocina,-0.5444139194139193,Mostly Aquatic,9999,0,1,0,0,-0.5444139194139193
Pseudonocardia kongjuensis,0.2833564707697054,Mostly Terrestrial,9999,1,0,0,0,0.2833564707697054
Vibrio hepatarius,-0.9294614572333685,Aquatic Specialist,9999,0,1,0,0,-0.9294614572333685
Tatumella saanichensis,0.6452580085213823,Mostly Terrestrial,9999,1,0,0,0,0.6452580085213823
Sphingobium wenxiniae,0.2581240768094535,Mostly Terrestrial,9999,1,0,0,0,0.2581240768094535
Caryophanon latum,0.8596695821185617,Terrestrial Specialist,9999,1,0,0,0,0.8596695821185617
Tepidibacillus fermentans,0.14253265190232822,Mostly Terrestrial,9999,1,0,0,0,0.14253265190232822
Celerinatantimonas diazotrophica,-0.7478239243969161,Mostly Aquatic,9999,0,1,0,0,-0.7478239243969161
Aneurinibacillus soli,0.6130293159609121,Mostly Terrestrial,9999,1,0,0,0,0.6130293159609121
Streptomyces coelicoflavus,0.8973844892007656,Terrestrial Specialist,9999,1,0,0,0,0.8973844892007656
Acidicapsa ligni,0.8493405615341046,Terrestrial Specialist,9999,1,0,0,0,0.8493405615341046
Chryseobacterium arachidis,0.4672070744288873,Mostly Terrestrial,9999,1,0,0,0,0.4672070744288873
Crassaminicella profunda,-0.7447289657465913,Mostly Aquatic,9999,0,1,0,0,-0.7447289657465913
Domibacillus enclensis,0.5,Mostly Terrestrial,9999,1,0,0,0,0.5
Pectobacterium odoriferum,0.5008171148417767,Mostly Terrestrial,9999,1,0,0,0,0.5008171148417767
Maribacter litoralis,-0.9411676870240406,Aquatic Specialist,9999,0,1,0,0,-0.9411676870240406
Sporolactobacillus inulinus,0.3867147270854788,Mostly Terrestrial,9999,1,0,0,0,0.3867147270854788
Kribbella qitaiheensis,0.9067193675889329,Terrestrial Specialist,9999,1,0,0,0,0.9067193675889329
Nocardia puris,0.82695226851071,Terrestrial Specialist,9999,1,0,0,0,0.82695226851071
Geothermobacter ehrlichii,-0.6131405165928279,Mostly Aquatic,9999,0,1,0,0,-0.6131405165928279
Sphingomonas yunnanensis,0.71715861174181,Mostly Terrestrial,9999,1,0,0,0,0.71715861174181
Kribbella ginsengisoli,0.9067193675889329,Terrestrial Specialist,9999,1,0,0,0,0.9067193675889329
Calditerrivibrio nitroreducens,-0.7306998981111371,Mostly Aquatic,9999,0,1,0,0,-0.7306998981111371
Fusibacter bizertensis,-0.7551233793391887,Mostly Aquatic,9999,0,1,0,0,-0.7551233793391887
Actinocorallia herbida,0.9916270649468204,Terrestrial Specialist,9999,1,0,0,0,0.9916270649468204
Clostridium swellfunianum,0.6723663522012578,Mostly Terrestrial,9999,1,0,0,0,0.6723663522012578
Lacinutrix venerupis,-0.8643495051894762,Aquatic Specialist,9999,0,1,0,0,-0.8643495051894762
Pseudoxanthomonas jiangsuensis,0.7133971291866029,Mostly Terrestrial,9999,1,0,0,0,0.7133971291866029
Inmirania thermothiophila,-0.5524496101221127,Mostly Aquatic,9999,0,1,0,0,-0.5524496101221127
Nocardia amamiensis,0.7327222289229285,Mostly Terrestrial,9999,1,0,0,0,0.7327222289229285
Lentzea guizhouensis,0.9302265705458292,Terrestrial Specialist,9999,1,0,0,0,0.9302265705458292
Lentzea jiangxiensis,0.9302265705458292,Terrestrial Specialist,9999,1,0,0,0,0.9302265705458292
Thermosporothrix hazakensis,0.8440297086269283,Terrestrial Specialist,9999,1,0,0,0,0.8440297086269283
Mariniphaga sediminis,-0.8721002028755402,Aquatic Specialist,9999,0,1,0,0,-0.8721002028755402
Nocardioides panacisoli,0.9332458019487249,Terrestrial Specialist,9999,1,0,0,0,0.9332458019487249
Dyadobacter arcticus,0.6936187902722928,Mostly Terrestrial,9999,1,0,0,0,0.6936187902722928
Luteimonas granuli,0.273542600896861,Mostly Terrestrial,9999,1,0,0,0,0.273542600896861
Paracoccus rhizosphaerae,-0.5297151277013753,Mostly Aquatic,9999,0,1,0,0,-0.5297151277013753
Aliidiomarina haloalkalitolerans,-0.11966771441400985,Mostly Aquatic,9999,0,1,0,0,-0.11966771441400985
Cyclobacterium lianum,-0.3264488935721812,Mostly Aquatic,9999,0,1,0,0,-0.3264488935721812
Nonomuraea solani,0.9802585193889541,Terrestrial Specialist,9999,1,0,0,0,0.9802585193889541
Cellulomonas persica,0.6009447756157914,Mostly Terrestrial,9999,1,0,0,0,0.6009447756157914
Halanaerobium congolense,-0.4826794449435959,Mostly Aquatic,9999,0,1,0,0,-0.4826794449435959
Cellulomonas gelida,0.6009447756157914,Mostly Terrestrial,9999,1,0,0,0,0.6009447756157914
Chromobacterium alkanivorans,-0.16202945990180034,Mostly Aquatic,9999,0,1,0,0,-0.16202945990180034
Laribacter hongkongensis,-0.7418781475264145,Mostly Aquatic,9999,0,1,0,0,-0.7418781475264145
Diaphorobacter ruginosibacter,-0.08432304038004754,Generalist,9999,0,1,0,0,-0.08432304038004754
Chromobacterium aquaticum,-0.16202945990180034,Mostly Aquatic,9999,0,1,0,0,-0.16202945990180034
Lentibacillus amyloliquefaciens,0.4032590372728976,Mostly Terrestrial,9999,1,0,0,0,0.4032590372728976
Mucilaginibacter flavus,0.7094586829100104,Mostly Terrestrial,9999,1,0,0,0,0.7094586829100104
Brachybacterium aquaticum,0.11340206185567014,Mostly Terrestrial,9999,1,0,0,0,0.11340206185567014
Idiomarina tyrosinivorans,-0.465491435223682,Mostly Aquatic,9999,0,1,0,0,-0.465491435223682
Acetobacter indonesiensis,0.35301168714414144,Mostly Terrestrial,9999,1,0,0,0,0.35301168714414144
Endozoicomonas numazuensis,-0.9506391783048843,Aquatic Specialist,9999,0,1,0,0,-0.9506391783048843
Simiduia aestuariiviva,-0.885846415966898,Aquatic Specialist,9999,0,1,0,0,-0.885846415966898
Luteimonas aquatica,0.12034054302807182,Mostly Terrestrial,9999,1,0,0,0,0.12034054302807182
Luteimicrobium xylanilyticum,0.8612568035625927,Terrestrial Specialist,9999,1,0,0,0,0.8612568035625927
Biomaibacter acetigenes,-0.4037179936864258,Mostly Aquatic,9999,0,1,0,0,-0.4037179936864258
Listeria grayi,0.3348623853211009,Mostly Terrestrial,9999,1,0,0,0,0.3348623853211009
Vibrio palustris,-0.6473083197389885,Mostly Aquatic,9999,0,1,0,0,-0.6473083197389885
Photorhabdus asymbiotica,0.6283333333333334,Mostly Terrestrial,9999,1,0,0,0,0.6283333333333334
Saccharomonospora piscinae,0.846066458392502,Terrestrial Specialist,9999,1,0,0,0,0.846066458392502
Cellulomonas soli,0.7467889908256881,Mostly Terrestrial,9999,1,0,0,0,0.7467889908256881
Frankia casuarinae,0.7696755541278509,Mostly Terrestrial,9999,1,0,0,0,0.7696755541278509
Companilactobacillus mindensis,-0.45550660792951553,Mostly Aquatic,9999,0,1,0,0,-0.45550660792951553
Psychrobacter celer,-0.6282425700051537,Mostly Aquatic,9999,0,1,0,0,-0.6282425700051537
Mesobacillus campisalis,0.5808604579525619,Mostly Terrestrial,9999,1,0,0,0,0.5808604579525619
Marinobacter similis,-0.9378527408368473,Aquatic Specialist,9999,0,1,0,0,-0.9378527408368473
Ramlibacter alkalitolerans,0.8824429427514981,Terrestrial Specialist,9999,1,0,0,0,0.8824429427514981
Murinocardiopsis flavida,0.8854886475814413,Terrestrial Specialist,9999,1,0,0,0,0.8854886475814413
Marinobacter sediminum,-0.9378527408368473,Aquatic Specialist,9999,0,1,0,0,-0.9378527408368473
Algoriphagus aestuariicola,0.6594986072423398,Mostly Terrestrial,9999,1,0,0,0,0.6594986072423398
Meiothermus luteus,-0.3457610633814232,Mostly Aquatic,9999,0,1,0,0,-0.3457610633814232
Psychroflexus halocasei,-0.5486004488012283,Mostly Aquatic,9999,0,1,0,0,-0.5486004488012283
Shewanella dokdonensis,-0.27984215718513644,Mostly Aquatic,9999,0,1,0,0,-0.27984215718513644
Pseudonocardia saturnea,0.833196159122085,Terrestrial Specialist,9999,1,0,0,0,0.833196159122085
Tsuneonella troitsensis,-0.6407947842285004,Mostly Aquatic,9999,0,1,0,0,-0.6407947842285004
Janthinobacterium agaricidamnosum,0.31216054496916135,Mostly Terrestrial,9999,1,0,0,0,0.31216054496916135
Magnetospirillum moscoviense,-0.6005540645831531,Mostly Aquatic,9999,0,1,0,0,-0.6005540645831531
Alteraurantiacibacter buctensis,-0.36544483330263394,Mostly Aquatic,9999,0,1,0,0,-0.36544483330263394
Hymenobacter monticola,0.7003761418592155,Mostly Terrestrial,9999,1,0,0,0,0.7003761418592155
Chryseobacterium daecheongense,0.5921421889616465,Mostly Terrestrial,9999,1,0,0,0,0.5921421889616465
Microbacterium murale,0.1751067724222087,Mostly Terrestrial,9999,1,0,0,0,0.1751067724222087
Microbacterium agarici,0.7668368587405786,Mostly Terrestrial,9999,1,0,0,0,0.7668368587405786
Quisquiliibacterium transsilvanicum,-0.5968278332054233,Mostly Aquatic,9999,0,1,0,0,-0.5968278332054233
Lentzea xinjiangensis,0.9814541622760802,Terrestrial Specialist,9999,1,0,0,0,0.9814541622760802
Marinospirillum insulare,0.17744461848288215,Mostly Terrestrial,9999,1,0,0,0,0.17744461848288215
Kitasatospora setae,0.9247176913425346,Terrestrial Specialist,9999,1,0,0,0,0.9247176913425346
Chitinophaga japonensis,0.6923235233587157,Mostly Terrestrial,9999,1,0,0,0,0.6923235233587157
Leptothrix mobilis,-0.5501692124759902,Mostly Aquatic,9999,0,1,0,0,-0.5501692124759902
Halomonas muralis,0.34111989007214016,Mostly Terrestrial,9999,1,0,0,0,0.34111989007214016
Actinomadura formosensis,0.7699022801302932,Mostly Terrestrial,9999,1,0,0,0,0.7699022801302932
Methylophaga nitratireducenticrescens,-0.5347477604903347,Mostly Aquatic,9999,0,1,0,0,-0.5347477604903347
Cellulomonas pakistanensis,0.19337332190802634,Mostly Terrestrial,9999,1,0,0,0,0.19337332190802634
Salinicola socius,-0.16491438870531688,Mostly Aquatic,9999,0,1,0,0,-0.16491438870531688
Nocardioides thalensis,0.9527744982290438,Terrestrial Specialist,9999,1,0,0,0,0.9527744982290438
Arenimonas fontis,0.41108179419525054,Mostly Terrestrial,9999,1,0,0,0,0.41108179419525054
Modicisalibacter tunisiensis,-0.646512587701197,Mostly Aquatic,9999,0,1,0,0,-0.646512587701197
Bacteriovorax stolpii,-0.3972132904608789,Mostly Aquatic,9999,0,1,0,0,-0.3972132904608789
Methylobacterium aerolatum,0.4684431977559607,Mostly Terrestrial,9999,1,0,0,0,0.4684431977559607
Gordonia soli,-0.1892222902633191,Mostly Aquatic,9999,0,1,0,0,-0.1892222902633191
Streptomyces hoynatensis,0.8789679437060204,Terrestrial Specialist,9999,1,0,0,0,0.8789679437060204
Coralloluteibacterium stylophorae,0.008013355592654491,Generalist,9999,1,0,0,0,0.008013355592654491
Rubrobacter indicoceani,0.03577981651376141,Generalist,9999,1,0,0,0,0.03577981651376141
Henriciella litoralis,-0.8999332888592395,Aquatic Specialist,9999,0,1,0,0,-0.8999332888592395
Comamonas nitrativorans,-0.37656301870089637,Mostly Aquatic,9999,0,1,0,0,-0.37656301870089637
Pseudonocardia kujensis,0.8379345031854253,Terrestrial Specialist,9999,1,0,0,0,0.8379345031854253
Devosia psychrophila,0.4370348752371225,Mostly Terrestrial,9999,1,0,0,0,0.4370348752371225
Flavobacterium beibuense,-0.31670162269566177,Mostly Aquatic,9999,0,1,0,0,-0.31670162269566177
Ideonella sakaiensis,0.23651560663445215,Mostly Terrestrial,9999,1,0,0,0,0.23651560663445215
Neobacillus soli,0.8508215389620953,Terrestrial Specialist,9999,1,0,0,0,0.8508215389620953
Saccharopolyspora rosea,0.47193602952483465,Mostly Terrestrial,9999,1,0,0,0,0.47193602952483465
Mucilaginibacter roseus,0.6559408518171406,Mostly Terrestrial,9999,1,0,0,0,0.6559408518171406
Alkalitalea saponilacus,-0.06021586820677901,Generalist,9999,0,1,0,0,-0.06021586820677901
Natronoflexus pectinivorans,-0.06021586820677901,Generalist,9999,0,1,0,0,-0.06021586820677901
Lacticaseibacillus jixianensis,0.42393708527893836,Mostly Terrestrial,9999,1,0,0,0,0.42393708527893836
Enhygromyxa salina,-0.3524426719840479,Mostly Aquatic,9999,0,1,0,0,-0.3524426719840479
Nesterenkonia populi,0.7225314368171509,Mostly Terrestrial,9999,1,0,0,0,0.7225314368171509
Desulfofundulus thermocisternus,0.4525311061871485,Mostly Terrestrial,9999,1,0,0,0,0.4525311061871485
Paenibacillus lentus,0.8807800391722729,Terrestrial Specialist,9999,1,0,0,0,0.8807800391722729
Parapedobacter lycopersici,0.4798567591763654,Mostly Terrestrial,9999,1,0,0,0,0.4798567591763654
Legionella septentrionalis,-0.6531735355264766,Mostly Aquatic,9999,0,1,0,0,-0.6531735355264766
Zobellia amurskyensis,-0.9476242950670902,Aquatic Specialist,9999,0,1,0,0,-0.9476242950670902
Ehrlichia chaffeensis,-0.08655616942909759,Generalist,9999,0,1,0,0,-0.08655616942909759
Chelatococcus caeni,0.32549317147192713,Mostly Terrestrial,9999,1,0,0,0,0.32549317147192713
Phenylobacterium lituiforme,0.16156796706894935,Mostly Terrestrial,9999,1,0,0,0,0.16156796706894935
Paenibacillus montanisoli,0.8520947176684881,Terrestrial Specialist,9999,1,0,0,0,0.8520947176684881
Xanthobacter autotrophicus,-0.19633845792747326,Mostly Aquatic,9999,0,1,0,0,-0.19633845792747326
Acinetobacter populi,-0.3932357395254921,Mostly Aquatic,9999,0,1,0,0,-0.3932357395254921
Vibrio tubiashii,-0.9550140581068417,Aquatic Specialist,9999,0,1,0,0,-0.9550140581068417
Sodalis praecaptivus,0.773215564573884,Mostly Terrestrial,9999,1,0,0,0,0.773215564573884
Actinomycetospora corticicola,0.7608695652173914,Mostly Terrestrial,9999,1,0,0,0,0.7608695652173914
Cellulomonas chitinilytica,0.89988358556461,Terrestrial Specialist,9999,1,0,0,0,0.89988358556461
Pseudonocardia oroxyli,0.686358754027927,Mostly Terrestrial,9999,1,0,0,0,0.686358754027927
Kribbella pittospori,0.9899983868365865,Terrestrial Specialist,9999,1,0,0,0,0.9899983868365865
Gracilibacillus alcaliphilus,0.7999364204726078,Mostly Terrestrial,9999,1,0,0,0,0.7999364204726078
Streptomyces flaveus,0.9312059676750933,Terrestrial Specialist,9999,1,0,0,0,0.9312059676750933
Thioalkalivibrio denitrificans,-0.7844202898550724,Mostly Aquatic,9999,0,1,0,0,-0.7844202898550724
Gemmobacter tilapiae,-0.80562696372465,Aquatic Specialist,9999,0,1,0,0,-0.80562696372465
Syntrophotalea venetiana,-0.7545757071547421,Mostly Aquatic,9999,0,1,0,0,-0.7545757071547421
Pseudomonas khazarica,-0.23685272360457307,Mostly Aquatic,9999,0,1,0,0,-0.23685272360457307
Pontibacter korlensis,0.3123913295467718,Mostly Terrestrial,9999,1,0,0,0,0.3123913295467718
Nocardioides humi,0.8163527397260274,Terrestrial Specialist,9999,1,0,0,0,0.8163527397260274
Kibdelosporangium phytohabitans,0.9585257325161616,Terrestrial Specialist,9999,1,0,0,0,0.9585257325161616
Brevibacillus reuszeri,0.8526433150608568,Terrestrial Specialist,9999,1,0,0,0,0.8526433150608568
Paenibacillus riograndensis,0.7727570399476097,Mostly Terrestrial,9999,1,0,0,0,0.7727570399476097
Paenibacillus graminis,0.7727570399476097,Mostly Terrestrial,9999,1,0,0,0,0.7727570399476097
Paenibacillus sonchi,0.7727570399476097,Mostly Terrestrial,9999,1,0,0,0,0.7727570399476097
Paenibacillus jilunlii,0.7727570399476097,Mostly Terrestrial,9999,1,0,0,0,0.7727570399476097
Prosthecobacter vanneervenii,-0.6217247961131356,Mostly Aquatic,9999,0,1,0,0,-0.6217247961131356
Klenkia taihuensis,0.7059199318568995,Mostly Terrestrial,9999,1,0,0,0,0.7059199318568995
Cohnella rhizosphaerae,0.9493428607885671,Terrestrial Specialist,9999,1,0,0,0,0.9493428607885671
Sinomonas mesophila,0.7677697841726618,Mostly Terrestrial,9999,1,0,0,0,0.7677697841726618
Aeromicrobium erythreum,0.7221075502444323,Mostly Terrestrial,9999,1,0,0,0,0.7221075502444323
Leptospira weilii,-0.3456127628716461,Mostly Aquatic,9999,0,1,0,0,-0.3456127628716461
Leptospira alexanderi,-0.3456127628716461,Mostly Aquatic,9999,0,1,0,0,-0.3456127628716461
Leptospira borgpetersenii,-0.3456127628716461,Mostly Aquatic,9999,0,1,0,0,-0.3456127628716461
Mycobacterium heckeshornense,0.888955633742384,Terrestrial Specialist,9999,1,0,0,0,0.888955633742384
Nitratifractor salsuginis,-0.9093156296348613,Aquatic Specialist,9999,0,1,0,0,-0.9093156296348613
Aromatoleum toluclasticum,-0.1220653732920662,Mostly Aquatic,9999,0,1,0,0,-0.1220653732920662
Spiroplasma eriocheiris,0.19980632666236287,Mostly Terrestrial,9999,1,0,0,0,0.19980632666236287
Photobacterium profundum,-0.9138119533527697,Aquatic Specialist,9999,0,1,0,0,-0.9138119533527697
Gordonia rubripertincta,0.14754703061600885,Mostly Terrestrial,9999,1,0,0,0,0.14754703061600885
Acetivibrio straminisolvens,0.5430404956848861,Mostly Terrestrial,9999,1,0,0,0,0.5430404956848861
Isoptericola jiangsuensis,0.5965967101531481,Mostly Terrestrial,9999,1,0,0,0,0.5965967101531481
Deinococcus aquaticus,-0.47375459712470747,Mostly Aquatic,9999,0,1,0,0,-0.47375459712470747
Sphingomonas panacisoli,0.5858145268348188,Mostly Terrestrial,9999,1,0,0,0,0.5858145268348188
Sanguibacter gelidistatuariae,-0.06695727986050573,Generalist,9999,0,1,0,0,-0.06695727986050573
Pedobacter indicus,0.6827896512935883,Mostly Terrestrial,9999,1,0,0,0,0.6827896512935883
Parapedobacter indicus,0.2751835535976505,Mostly Terrestrial,9999,1,0,0,0,0.2751835535976505
Parahaliea aestuarii,-0.8803982576229,Aquatic Specialist,9999,0,1,0,0,-0.8803982576229
Nocardioides cavernae,0.8335046248715312,Terrestrial Specialist,9999,1,0,0,0,0.8335046248715312
Chitinophaga varians,0.4110736157980252,Mostly Terrestrial,9999,1,0,0,0,0.4110736157980252
Parahaliea maris,-0.8803982576229,Aquatic Specialist,9999,0,1,0,0,-0.8803982576229
Chitinophaga eiseniae,0.4110736157980252,Mostly Terrestrial,9999,1,0,0,0,0.4110736157980252
Nocardia ignorata,0.7885525749533783,Mostly Terrestrial,9999,1,0,0,0,0.7885525749533783
Treponema primitia,-0.0038281582305401893,Generalist,9999,0,1,0,0,-0.0038281582305401893
Syntrophobacter wolinii,0.15472868217054261,Mostly Terrestrial,9999,1,0,0,0,0.15472868217054261
Geomicrobium halophilum,0.648917748917749,Mostly Terrestrial,9999,1,0,0,0,0.648917748917749
Tsuneonella aeria,-0.6351210251542477,Mostly Aquatic,9999,0,1,0,0,-0.6351210251542477
Photobacterium alginatilyticum,-0.822838137472284,Aquatic Specialist,9999,0,1,0,0,-0.822838137472284
Rubrimonas cliftonensis,-0.8600630346690681,Aquatic Specialist,9999,0,1,0,0,-0.8600630346690681
Pisciglobus halotolerans,0.45732609768130245,Mostly Terrestrial,9999,1,0,0,0,0.45732609768130245
Egibacter rhizosphaerae,0.47894323829453317,Mostly Terrestrial,9999,1,0,0,0,0.47894323829453317
Devosia enhydra,0,Generalist,9999,0,0,0,0,0
Qipengyuania vulgaris,-0.9565031982942431,Aquatic Specialist,9999,0,1,0,0,-0.9565031982942431
Lacibacter cauensis,-0.34088050314465407,Mostly Aquatic,9999,0,1,0,0,-0.34088050314465407
Legionella nagasakiensis,-0.16815034619188915,Mostly Aquatic,9999,0,1,0,0,-0.16815034619188915
Shewanella khirikhana,-0.6417221937467964,Mostly Aquatic,9999,0,1,0,0,-0.6417221937467964
Catellatospora sichuanensis,0.8658788774002953,Terrestrial Specialist,9999,1,0,0,0,0.8658788774002953
Pseudonocardia bannensis,0.8747238876617229,Terrestrial Specialist,9999,1,0,0,0,0.8747238876617229
Gluconacetobacter tumulisoli,0.8835648509442798,Terrestrial Specialist,9999,1,0,0,0,0.8835648509442798
Thauera propionica,-0.5524027459954233,Mostly Aquatic,9999,0,1,0,0,-0.5524027459954233
Sediminibacillus halophilus,0.6020422635087221,Mostly Terrestrial,9999,1,0,0,0,0.6020422635087221
Sediminibacillus terrae,0.6020422635087221,Mostly Terrestrial,9999,1,0,0,0,0.6020422635087221
Bailinhaonella thermotolerans,0.874930946856701,Terrestrial Specialist,9999,1,0,0,0,0.874930946856701
Marivita hallyeonensis,-0.7692808633361242,Mostly Aquatic,9999,0,1,0,0,-0.7692808633361242
Tianweitania sediminis,0.7649338613194034,Mostly Terrestrial,9999,1,0,0,0,0.7649338613194034
Agarivorans gilvus,-0.7704164672091911,Mostly Aquatic,9999,0,1,0,0,-0.7704164672091911
Leucobacter triazinivorans,-0.258222373961534,Mostly Aquatic,9999,0,1,0,0,-0.258222373961534
Bartonella capreoli,0.37510359688380573,Mostly Terrestrial,9999,1,0,0,0,0.37510359688380573
Bartonella bovis,0.37510359688380573,Mostly Terrestrial,9999,1,0,0,0,0.37510359688380573
Bartonella schoenbuchensis,0.37510359688380573,Mostly Terrestrial,9999,1,0,0,0,0.37510359688380573
Serinibacter salmoneus,-0.04406897753004705,Generalist,9999,0,1,0,0,-0.04406897753004705
Kurthia sibirica,0.3107692307692307,Mostly Terrestrial,9999,1,0,0,0,0.3107692307692307
Keratinibaculum paraultunense,-0.46559679037111334,Mostly Aquatic,9999,0,1,0,0,-0.46559679037111334
Paracoccus sediminis,0.2192334220120209,Mostly Terrestrial,9999,1,0,0,0,0.2192334220120209
Streptomyces avicenniae,0.7898404547955254,Mostly Terrestrial,9999,1,0,0,0,0.7898404547955254
Streptomyces griseocarneus,0.8920392584514724,Terrestrial Specialist,9999,1,0,0,0,0.8920392584514724
Kushneria aurantia,-0.4081779053084649,Mostly Aquatic,9999,0,1,0,0,-0.4081779053084649
Salipaludibacillus aurantiacus,0.1567371601208459,Mostly Terrestrial,9999,1,0,0,0,0.1567371601208459
Haloactinospora alba,0.7280919420138436,Mostly Terrestrial,9999,1,0,0,0,0.7280919420138436
Paracoccus stylophorae,0.13694350429575636,Mostly Terrestrial,9999,1,0,0,0,0.13694350429575636
Paracoccus saliphilus,-0.5039046444718455,Mostly Aquatic,9999,0,1,0,0,-0.5039046444718455
Planctobacterium marinum,-0.8671848597499155,Aquatic Specialist,9999,0,1,0,0,-0.8671848597499155
Nonlabens agnitus,-0.886537099693131,Aquatic Specialist,9999,0,1,0,0,-0.886537099693131
Bacillus timonensis,0.7771575783598111,Mostly Terrestrial,9999,1,0,0,0,0.7771575783598111
Arenibacter lacus,-0.8440677966101695,Aquatic Specialist,9999,0,1,0,0,-0.8440677966101695
Maribacter cobaltidurans,-0.7438502673796792,Mostly Aquatic,9999,0,1,0,0,-0.7438502673796792
Arenibacter amylolyticus,-0.8440677966101695,Aquatic Specialist,9999,0,1,0,0,-0.8440677966101695
Undibacterium terreum,0.5002683123155354,Mostly Terrestrial,9999,1,0,0,0,0.5002683123155354
Hwanghaeicola aestuarii,0.15972588297311546,Mostly Terrestrial,9999,1,0,0,0,0.15972588297311546
Lysinibacter cavernae,0.49995232192238004,Mostly Terrestrial,9999,1,0,0,0,0.49995232192238004
Paracoccus aestuariivivens,-0.02073562083436188,Generalist,9999,0,1,0,0,-0.02073562083436188
Chryseobacterium formosense,0.27208706786171577,Mostly Terrestrial,9999,1,0,0,0,0.27208706786171577
Thermoactinospora rubra,0.8563469956227616,Terrestrial Specialist,9999,1,0,0,0,0.8563469956227616
Prolixibacter denitrificans,-0.38634453781512607,Mostly Aquatic,9999,0,1,0,0,-0.38634453781512607
Bartonella florencae,-0.18347172795571376,Mostly Aquatic,9999,0,1,0,0,-0.18347172795571376
Bartonella krasnovii,0.49966071024655045,Mostly Terrestrial,9999,1,0,0,0,0.49966071024655045
Bartonella elizabethae,0.49966071024655045,Mostly Terrestrial,9999,1,0,0,0,0.49966071024655045
Bartonella kosoyi,0.49966071024655045,Mostly Terrestrial,9999,1,0,0,0,0.49966071024655045
Candidimonas humi,0.2966555668162734,Mostly Terrestrial,9999,1,0,0,0,0.2966555668162734
Gibbsiella quercinecans,-0.05578053559764855,Generalist,9999,0,1,0,0,-0.05578053559764855
Alkalibacterium pelagium,-0.4042317798368137,Mostly Aquatic,9999,0,1,0,0,-0.4042317798368137
Alkalibacterium thalassium,-0.4042317798368137,Mostly Aquatic,9999,0,1,0,0,-0.4042317798368137
Muricauda beolgyonensis,-0.7726716756945657,Mostly Aquatic,9999,0,1,0,0,-0.7726716756945657
Demequina flava,0.3708094848732625,Mostly Terrestrial,9999,1,0,0,0,0.3708094848732625
Pusillimonas harenae,0.7551789077212806,Mostly Terrestrial,9999,1,0,0,0,0.7551789077212806
Salegentibacter sediminis,-0.4844938060657838,Mostly Aquatic,9999,0,1,0,0,-0.4844938060657838
Demequina globuliformis,0.3708094848732625,Mostly Terrestrial,9999,1,0,0,0,0.3708094848732625
Demequina aestuarii,0.1515151515151515,Mostly Terrestrial,9999,1,0,0,0,0.1515151515151515
Nocardia anaemiae,0.95734434124527,Terrestrial Specialist,9999,1,0,0,0,0.95734434124527
Allochromatium palmeri,-0.5336205281887993,Mostly Aquatic,9999,0,1,0,0,-0.5336205281887993
Nitrosomonas eutropha,-0.6217173822426011,Mostly Aquatic,9999,0,1,0,0,-0.6217173822426011
Psychrobacter aestuarii,-0.5678595543551653,Mostly Aquatic,9999,0,1,0,0,-0.5678595543551653
Marinomonas pontica,-0.46873258276669266,Mostly Aquatic,9999,0,1,0,0,-0.46873258276669266
Marinomonas alcarazii,-0.9270543067682211,Aquatic Specialist,9999,0,1,0,0,-0.9270543067682211
Devosia epidermidihirudinis,0.2658899867276213,Mostly Terrestrial,9999,1,0,0,0,0.2658899867276213
Mesorhizobium soli,0.27101101266870914,Mostly Terrestrial,9999,1,0,0,0,0.27101101266870914
Algibacter miyuki,-0.8851963746223565,Aquatic Specialist,9999,0,1,0,0,-0.8851963746223565
Rhizobium soli,0.6711465770684587,Mostly Terrestrial,9999,1,0,0,0,0.6711465770684587
Aurantiacibacter xanthus,-0.5801146274607526,Mostly Aquatic,9999,0,1,0,0,-0.5801146274607526
Legionella birminghamensis,-0.029457632992548936,Generalist,9999,0,1,0,0,-0.029457632992548936
Trinickia caryophylli,0.8123853211009175,Terrestrial Specialist,9999,1,0,0,0,0.8123853211009175
Streptomyces azureus,0.9678805700067857,Terrestrial Specialist,9999,1,0,0,0,0.9678805700067857
Streptomyces cellulosae,0.9149590163934426,Terrestrial Specialist,9999,1,0,0,0,0.9149590163934426
Streptomyces pseudogriseolus,0.9678805700067857,Terrestrial Specialist,9999,1,0,0,0,0.9678805700067857
Izhakiella australiensis,0.6961439588688946,Mostly Terrestrial,9999,1,0,0,0,0.6961439588688946
Streptomyces caelestis,0.9678805700067857,Terrestrial Specialist,9999,1,0,0,0,0.9678805700067857
Streptomyces capillispiralis,0.9149590163934426,Terrestrial Specialist,9999,1,0,0,0,0.9149590163934426
Streptomyces rubiginosus,0.9678805700067857,Terrestrial Specialist,9999,1,0,0,0,0.9678805700067857
Herminiimonas aquatilis,0.5976915200595737,Mostly Terrestrial,9999,1,0,0,0,0.5976915200595737
Chromohalobacter canadensis,-0.1925905747752656,Mostly Aquatic,9999,0,1,0,0,-0.1925905747752656
Pseudomonas composti,-0.1956494561820227,Mostly Aquatic,9999,0,1,0,0,-0.1956494561820227
Cohnella phaseoli,0.6369715271786023,Mostly Terrestrial,9999,1,0,0,0,0.6369715271786023
Chromohalobacter japonicus,-0.1925905747752656,Mostly Aquatic,9999,0,1,0,0,-0.1925905747752656
Chromohalobacter beijerinckii,-0.1925905747752656,Mostly Aquatic,9999,0,1,0,0,-0.1925905747752656
Lentibacillus jeotgali,0.5252410663641521,Mostly Terrestrial,9999,1,0,0,0,0.5252410663641521
Phytoactinopolyspora alkaliphila,0.8142153413089374,Terrestrial Specialist,9999,1,0,0,0,0.8142153413089374
Sphingobium sufflavum,0.25743006993006995,Mostly Terrestrial,9999,1,0,0,0,0.25743006993006995
Azospirillum fermentarium,0.08163034887659476,Generalist,9999,1,0,0,0,0.08163034887659476
Chitinophaga parva,0.9679297508828862,Terrestrial Specialist,9999,1,0,0,0,0.9679297508828862
Frateuria defendens,0.410748367654445,Mostly Terrestrial,9999,1,0,0,0,0.410748367654445
Aquibacillus koreensis,0.6884642356241235,Mostly Terrestrial,9999,1,0,0,0,0.6884642356241235
Corticibacter populi,0.5869798497674973,Mostly Terrestrial,9999,1,0,0,0,0.5869798497674973
Pararhodospirillum oryzae,-0.7085613267110026,Mostly Aquatic,9999,0,1,0,0,-0.7085613267110026
Prauserella marina,0.8268215417106652,Terrestrial Specialist,9999,1,0,0,0,0.8268215417106652
Streptomyces mobaraensis,0.8734760227580601,Terrestrial Specialist,9999,1,0,0,0,0.8734760227580601
Vitiosangium cumulatum,0.8991097922848665,Terrestrial Specialist,9999,1,0,0,0,0.8991097922848665
Microbacterium gorillae,-0.19464033850493656,Mostly Aquatic,9999,0,1,0,0,-0.19464033850493656
Nocardia goodfellowii,0.7618716701413019,Mostly Terrestrial,9999,1,0,0,0,0.7618716701413019
Capnocytophaga ochracea,0.8215371254884933,Terrestrial Specialist,9999,1,0,0,0,0.8215371254884933
Fervidobacterium changbaicum,-0.5962157048249763,Mostly Aquatic,9999,0,1,0,0,-0.5962157048249763
Paenibacillus oryzae,0.8666788588149231,Terrestrial Specialist,9999,1,0,0,0,0.8666788588149231
Shinella kummerowiae,0.4392065629974287,Mostly Terrestrial,9999,1,0,0,0,0.4392065629974287
Garicola koreensis,0.49660479855138084,Mostly Terrestrial,9999,1,0,0,0,0.49660479855138084
Sinirhodobacter populi,-0.43267419962335224,Mostly Aquatic,9999,0,1,0,0,-0.43267419962335224
Gallaecimonas pentaromativorans,-0.4932270916334662,Mostly Aquatic,9999,0,1,0,0,-0.4932270916334662
Saccharibacillus kuerlensis,0.7490333042285143,Mostly Terrestrial,9999,1,0,0,0,0.7490333042285143
Streptomyces diastaticus,0.8973844892007656,Terrestrial Specialist,9999,1,0,0,0,0.8973844892007656
Gluconacetobacter johannae,0.6624636275460719,Mostly Terrestrial,9999,1,0,0,0,0.6624636275460719
Paludibacterium paludis,0.14959723820483306,Mostly Terrestrial,9999,1,0,0,0,0.14959723820483306
Domibacillus epiphyticus,0.6922292127189252,Mostly Terrestrial,9999,1,0,0,0,0.6922292127189252
Gluconacetobacter azotocaptans,0.6624636275460719,Mostly Terrestrial,9999,1,0,0,0,0.6624636275460719
Raoultella ornithinolytica,0.6001671192813871,Mostly Terrestrial,9999,1,0,0,0,0.6001671192813871
Domibacillus antri,0.6922292127189252,Mostly Terrestrial,9999,1,0,0,0,0.6922292127189252
Raoultella electrica,0.6001671192813871,Mostly Terrestrial,9999,1,0,0,0,0.6001671192813871
Hymenobacter antarcticus,0.451552049391185,Mostly Terrestrial,9999,1,0,0,0,0.451552049391185
Thermomicrobium roseum,-0.4706272084805654,Mostly Aquatic,9999,0,1,0,0,-0.4706272084805654
Salana multivorans,-0.4668379637064397,Mostly Aquatic,9999,0,1,0,0,-0.4668379637064397
Chitinophaga sancti,0.20647363762801874,Mostly Terrestrial,9999,1,0,0,0,0.20647363762801874
Alsobacter soli,0.8537863726730526,Terrestrial Specialist,9999,1,0,0,0,0.8537863726730526
Paraburkholderia xenovorans,0.5932029590566177,Mostly Terrestrial,9999,1,0,0,0,0.5932029590566177
Methylonatrum kenyense,-0.19677727707223813,Mostly Aquatic,9999,0,1,0,0,-0.19677727707223813
Deinococcus alpinitundrae,0.43787900155126214,Mostly Terrestrial,9999,1,0,0,0,0.43787900155126214
Mixta gaviniae,0.5848919556927547,Mostly Terrestrial,9999,1,0,0,0,0.5848919556927547
Nocardioides baekrokdamisoli,0.9706459948320413,Terrestrial Specialist,9999,1,0,0,0,0.9706459948320413
Shewanella chilikensis,0.38919860627177694,Mostly Terrestrial,9999,1,0,0,0,0.38919860627177694
Motilibacter rhizosphaerae,0.8623033752272549,Terrestrial Specialist,9999,1,0,0,0,0.8623033752272549
Microlunatus parietis,0.7903332597660561,Mostly Terrestrial,9999,1,0,0,0,0.7903332597660561
Vagococcus entomophilus,0.5301629238221047,Mostly Terrestrial,9999,1,0,0,0,0.5301629238221047
Halomonas korlensis,0.30676220331392745,Mostly Terrestrial,9999,1,0,0,0,0.30676220331392745
Streptomyces bottropensis,0.9861738899228929,Terrestrial Specialist,9999,1,0,0,0,0.9861738899228929
Streptomyces stelliscabiei,0.8941894189418941,Terrestrial Specialist,9999,1,0,0,0,0.8941894189418941
Chlamydia felis,0.3030181086519115,Mostly Terrestrial,9999,1,0,0,0,0.3030181086519115
Marivirga tractuosa,-0.5533963430792332,Mostly Aquatic,9999,0,1,0,0,-0.5533963430792332
Kineosphaera limosa,0.10557275541795667,Mostly Terrestrial,9999,1,0,0,0,0.10557275541795667
Paenibacillus tianmuensis,0.7828089025326169,Mostly Terrestrial,9999,1,0,0,0,0.7828089025326169
Herbidospora mongoliensis,0.9022642957656392,Terrestrial Specialist,9999,1,0,0,0,0.9022642957656392
Caulobacter mirabilis,0.3564507904130546,Mostly Terrestrial,9999,1,0,0,0,0.3564507904130546
Nocardia terpenica,0.9219768905159593,Terrestrial Specialist,9999,1,0,0,0,0.9219768905159593
Thermolongibacillus altinsuensis,0.5927412879396178,Mostly Terrestrial,9999,1,0,0,0,0.5927412879396178
Vibrio aphrogenes,-0.5302760990638701,Mostly Aquatic,9999,0,1,0,0,-0.5302760990638701
Nitratireductor aestuarii,0.45851409978308033,Mostly Terrestrial,9999,1,0,0,0,0.45851409978308033
Erythrobacter longus,-0.9514087382605145,Aquatic Specialist,9999,0,1,0,0,-0.9514087382605145
Paracoccus caeni,-0.030722326454033826,Generalist,9999,0,1,0,0,-0.030722326454033826
Streptomyces tauricus,0.946275338888198,Terrestrial Specialist,9999,1,0,0,0,0.946275338888198
Streptomyces aurantiacus,0.946275338888198,Terrestrial Specialist,9999,1,0,0,0,0.946275338888198
Enteractinococcus coprophilus,0.8526315789473684,Terrestrial Specialist,9999,1,0,0,0,0.8526315789473684
Rhodoferax koreense,-0.27386250415144464,Mostly Aquatic,9999,0,1,0,0,-0.27386250415144464
Kibdelosporangium aridum,0.9710144927536232,Terrestrial Specialist,9999,1,0,0,0,0.9710144927536232
Gulosibacter chungangensis,0.6532445923460898,Mostly Terrestrial,9999,1,0,0,0,0.6532445923460898
Pseudomonas guariconensis,0.6308159602374706,Mostly Terrestrial,9999,1,0,0,0,0.6308159602374706
Luteolibacter arcticus,0.7235686687741483,Mostly Terrestrial,9999,1,0,0,0,0.7235686687741483
Niabella hibiscisoli,0.7242007054272386,Mostly Terrestrial,9999,1,0,0,0,0.7242007054272386
Rhodoblastus sphagnicola,0.429784506929424,Mostly Terrestrial,9999,1,0,0,0,0.429784506929424
Azotobacter armeniacus,0.5790707899750843,Mostly Terrestrial,9999,1,0,0,0,0.5790707899750843
Kribbella sindirgiensis,0.8642320085929109,Terrestrial Specialist,9999,1,0,0,0,0.8642320085929109
Extensimonas vulgaris,-0.611533926465859,Mostly Aquatic,9999,0,1,0,0,-0.611533926465859
Herbaspirillum rhizosphaerae,-0.4539346722893288,Mostly Aquatic,9999,0,1,0,0,-0.4539346722893288
Flavobacterium defluvii,-0.37694059200993574,Mostly Aquatic,9999,0,1,0,0,-0.37694059200993574
Aeromicrobium flavum,0.5838760781552543,Mostly Terrestrial,9999,1,0,0,0,0.5838760781552543
Legionella tunisiensis,0.13263685750104476,Mostly Terrestrial,9999,1,0,0,0,0.13263685750104476
Tsuneonella flava,-0.7277835587929241,Mostly Aquatic,9999,0,1,0,0,-0.7277835587929241
Tsuneonella suprasediminis,-0.7277835587929241,Mostly Aquatic,9999,0,1,0,0,-0.7277835587929241
Aidingimonas lacisalsi,-0.41547121844924645,Mostly Aquatic,9999,0,1,0,0,-0.41547121844924645
Nocardia jinanensis,0.4285068895414501,Mostly Terrestrial,9999,1,0,0,0,0.4285068895414501
Paralcaligenes ureilyticus,0.7647884030862754,Mostly Terrestrial,9999,1,0,0,0,0.7647884030862754
Amycolatopsis australiensis,0.9138290479499654,Terrestrial Specialist,9999,1,0,0,0,0.9138290479499654
Nocardia speluncae,0.4285068895414501,Mostly Terrestrial,9999,1,0,0,0,0.4285068895414501
Sphingobacterium griseoflavum,0.49335669440794266,Mostly Terrestrial,9999,1,0,0,0,0.49335669440794266
Nakamurella flavida,0.8254500310366232,Terrestrial Specialist,9999,1,0,0,0,0.8254500310366232
Streptomyces prasinopilosus,0.9559803459648649,Terrestrial Specialist,9999,1,0,0,0,0.9559803459648649
Gemmobacter aquatilis,-0.7248701152021687,Mostly Aquatic,9999,0,1,0,0,-0.7248701152021687
Orientia tsutsugamushi,0.16978016307152444,Mostly Terrestrial,9999,1,0,0,0,0.16978016307152444
Legionella tucsonensis,0.1205735389963067,Mostly Terrestrial,9999,1,0,0,0,0.1205735389963067
Legionella cardiaca,-0.45312347248020335,Mostly Aquatic,9999,0,1,0,0,-0.45312347248020335
Deinococcus malanensis,0.6405561993047508,Mostly Terrestrial,9999,1,0,0,0,0.6405561993047508
Cohnella xylanilytica,0.8245684196494035,Terrestrial Specialist,9999,1,0,0,0,0.8245684196494035
Lutibacter maritimus,-0.8672205800111847,Aquatic Specialist,9999,0,1,0,0,-0.8672205800111847
Lysinibacillus telephonicus,0.8179577130937709,Terrestrial Specialist,9999,1,0,0,0,0.8179577130937709
Actinotignum schaalii,0.6161796151104775,Mostly Terrestrial,9999,1,0,0,0,0.6161796151104775
Phytoactinopolyspora mesophila,0.6626967830253251,Mostly Terrestrial,9999,1,0,0,0,0.6626967830253251
Aurantiacibacter arachoides,-0.6582021820990634,Mostly Aquatic,9999,0,1,0,0,-0.6582021820990634
Aeromicrobium tamlense,0.3913043478260869,Mostly Terrestrial,9999,1,0,0,0,0.3913043478260869
Roseicitreum antarcticum,-0.8720259845716607,Aquatic Specialist,9999,0,1,0,0,-0.8720259845716607
Chryseobacterium oleae,0.718169372188539,Mostly Terrestrial,9999,1,0,0,0,0.718169372188539
Leptospirillum ferriphilum,-0.056625035214574154,Generalist,9999,0,1,0,0,-0.056625035214574154
Lysinibacillus parviboronicapiens,0.8827809855255874,Terrestrial Specialist,9999,1,0,0,0,0.8827809855255874
Aequorivita antarctica,-0.21469065812176485,Mostly Aquatic,9999,0,1,0,0,-0.21469065812176485
Yeosuana aromativorans,-0.7117298896959913,Mostly Aquatic,9999,0,1,0,0,-0.7117298896959913
Aminipila butyrica,0.6584841426267694,Mostly Terrestrial,9999,1,0,0,0,0.6584841426267694
Edaphobacter flagellatus,0.7952302631578949,Mostly Terrestrial,9999,1,0,0,0,0.7952302631578949
Desulfuromonas chloroethenica,-0.6053369592929378,Mostly Aquatic,9999,0,1,0,0,-0.6053369592929378
Arthrobacter pigmenti,0.844848163373558,Terrestrial Specialist,9999,1,0,0,0,0.844848163373558
Altericroceibacterium indicum,0.1848700850770293,Mostly Terrestrial,9999,1,0,0,0,0.1848700850770293
Chryseobacterium rhizoplanae,0.24222814363659437,Mostly Terrestrial,9999,1,0,0,0,0.24222814363659437
Krasilnikoviella flava,0.8248772504091653,Terrestrial Specialist,9999,1,0,0,0,0.8248772504091653
Streptomyces aureoverticillatus,0.8022609695343936,Terrestrial Specialist,9999,1,0,0,0,0.8022609695343936
Schleiferilactobacillus perolens,0.45665051157781367,Mostly Terrestrial,9999,1,0,0,0,0.45665051157781367
Actinoplanes italicus,0.911045871559633,Terrestrial Specialist,9999,1,0,0,0,0.911045871559633
Massilia putida,0.5661054374827491,Mostly Terrestrial,9999,1,0,0,0,0.5661054374827491
Paraburkholderia humisilvae,0.9413353338334585,Terrestrial Specialist,9999,1,0,0,0,0.9413353338334585
Arthrobacter koreensis,0.7369981137159795,Mostly Terrestrial,9999,1,0,0,0,0.7369981137159795
Arthrobacter luteolus,0.7369981137159795,Mostly Terrestrial,9999,1,0,0,0,0.7369981137159795
Pontibacter amylolyticus,0.6974043715846994,Mostly Terrestrial,9999,1,0,0,0,0.6974043715846994
Hyunsoonleella pacifica,-0.8013101825351395,Aquatic Specialist,9999,0,1,0,0,-0.8013101825351395
Xylanimonas cellulosilytica,0.8545875420875422,Terrestrial Specialist,9999,1,0,0,0,0.8545875420875422
Companilactobacillus metriopterae,0.9512351620147577,Terrestrial Specialist,9999,1,0,0,0,0.9512351620147577
Lactobacillus terrae,0.9512351620147577,Terrestrial Specialist,9999,1,0,0,0,0.9512351620147577
Edaphobacter acidisoli,0.9700188857412655,Terrestrial Specialist,9999,1,0,0,0,0.9700188857412655
Stella vacuolata,-0.39508538109121194,Mostly Aquatic,9999,0,1,0,0,-0.39508538109121194
Saccharopolyspora kobensis,0.9525341215335129,Terrestrial Specialist,9999,1,0,0,0,0.9525341215335129
Oceanispirochaeta crateris,-0.8834924395512509,Aquatic Specialist,9999,0,1,0,0,-0.8834924395512509
Erwinia oleae,0.30022955176996496,Mostly Terrestrial,9999,1,0,0,0,0.30022955176996496
Pseudomonas jinjuensis,0.41111352289993486,Mostly Terrestrial,9999,1,0,0,0,0.41111352289993486
Pseudidiomarina planktonica,-0.1822929619497637,Mostly Aquatic,9999,0,1,0,0,-0.1822929619497637
Lysobacter pythonis,0.4705572156793812,Mostly Terrestrial,9999,1,0,0,0,0.4705572156793812
Sphingobium amiense,0.0661846974782684,Generalist,9999,1,0,0,0,0.0661846974782684
Hymenobacter rubidus,0.953321627158326,Terrestrial Specialist,9999,1,0,0,0,0.953321627158326
Bacillus atrophaeus,0.4831908831908832,Mostly Terrestrial,9999,1,0,0,0,0.4831908831908832
Varunaivibrio sulfuroxidans,-0.7185371100752957,Mostly Aquatic,9999,0,1,0,0,-0.7185371100752957
Emcibacter nanhaiensis,-0.7292620865139949,Mostly Aquatic,9999,0,1,0,0,-0.7292620865139949
Spirillospora albida,0.9537455330051917,Terrestrial Specialist,9999,1,0,0,0,0.9537455330051917
Brenneria rubrifaciens,0.3337412801370701,Mostly Terrestrial,9999,1,0,0,0,0.3337412801370701
Vagococcus acidifermentans,0.2069605568445476,Mostly Terrestrial,9999,1,0,0,0,0.2069605568445476
Anderseniella baltica,-0.9078546481385154,Aquatic Specialist,9999,0,1,0,0,-0.9078546481385154
Legionella hackeliae,-0.674074074074074,Mostly Aquatic,9999,0,1,0,0,-0.674074074074074
Companilactobacillus ginsenosidimutans,0.31355402873204247,Mostly Terrestrial,9999,1,0,0,0,0.31355402873204247
Lentibacillus populi,0.7617069062324536,Mostly Terrestrial,9999,1,0,0,0,0.7617069062324536
Rufibacter glacialis,0.8866947232113953,Terrestrial Specialist,9999,1,0,0,0,0.8866947232113953
Companilactobacillus mishanensis,0.31355402873204247,Mostly Terrestrial,9999,1,0,0,0,0.31355402873204247
Nocardia vermiculata,0.9814619074721522,Terrestrial Specialist,9999,1,0,0,0,0.9814619074721522
Streptomyces verrucosisporus,0.9072039072039072,Terrestrial Specialist,9999,1,0,0,0,0.9072039072039072
Alkalibacillus haloalkaliphilus,0.6105510752688174,Mostly Terrestrial,9999,1,0,0,0,0.6105510752688174
Anoxybacter fermentans,-0.5822795698924731,Mostly Aquatic,9999,0,1,0,0,-0.5822795698924731
Fructobacillus durionis,0.7622765046587762,Mostly Terrestrial,9999,1,0,0,0,0.7622765046587762
Paenibacillus taiwanensis,0.6595084705320926,Mostly Terrestrial,9999,1,0,0,0,0.6595084705320926
Ancylobacter defluvii,-0.14977343191032677,Mostly Aquatic,9999,0,1,0,0,-0.14977343191032677
Ancylobacter sonchi,-0.14977343191032677,Mostly Aquatic,9999,0,1,0,0,-0.14977343191032677
Sphingopyxis indica,0.4870161212472246,Mostly Terrestrial,9999,1,0,0,0,0.4870161212472246
Halomonas daqiaonensis,-0.22634730538922151,Mostly Aquatic,9999,0,1,0,0,-0.22634730538922151
Flavobacterium gossypii,0.7197964103937852,Mostly Terrestrial,9999,1,0,0,0,0.7197964103937852
Thermaerobacter marianensis,0.8383117545111631,Terrestrial Specialist,9999,1,0,0,0,0.8383117545111631
Nocardia arizonensis,0.525572437406377,Mostly Terrestrial,9999,1,0,0,0,0.525572437406377
Sedimentibacter acidaminivorans,-0.8008081768481105,Aquatic Specialist,9999,0,1,0,0,-0.8008081768481105
Defluviimonas nitratireducens,-0.8101753558229143,Aquatic Specialist,9999,0,1,0,0,-0.8101753558229143
Glutamicibacter nicotianae,0.68376816669585,Mostly Terrestrial,9999,1,0,0,0,0.68376816669585
Glutamicibacter mysorens,0.25179425837320574,Mostly Terrestrial,9999,1,0,0,0,0.25179425837320574
Stappia taiwanensis,0.05934266585514306,Generalist,9999,1,0,0,0,0.05934266585514306
Pseudokineococcus marinus,0.07282166409428938,Generalist,9999,1,0,0,0,0.07282166409428938
Mucilaginibacter gracilis,0.7143867090844821,Mostly Terrestrial,9999,1,0,0,0,0.7143867090844821
Rheinheimera soli,-0.37134152975737145,Mostly Aquatic,9999,0,1,0,0,-0.37134152975737145
Pantoea wallisii,0.8820101966496723,Terrestrial Specialist,9999,1,0,0,0,0.8820101966496723
Flavihumibacter cheonanensis,0.1162463343108504,Mostly Terrestrial,9999,1,0,0,0,0.1162463343108504
Actinoplanes xinjiangensis,0.8111295195400059,Terrestrial Specialist,9999,1,0,0,0,0.8111295195400059
Niastella vici,0.8875723830734966,Terrestrial Specialist,9999,1,0,0,0,0.8875723830734966
Paenibacillus qinlingensis,0.8448031719059756,Terrestrial Specialist,9999,1,0,0,0,0.8448031719059756
Paenibacillus oryzisoli,0.8448031719059756,Terrestrial Specialist,9999,1,0,0,0,0.8448031719059756
Kaistia dalseonensis,0.19320917268465732,Mostly Terrestrial,9999,1,0,0,0,0.19320917268465732
Aequorivita echinoideorum,0.24682590918872388,Mostly Terrestrial,9999,1,0,0,0,0.24682590918872388
Salinibacillus xinjiangensis,0.3854314672728995,Mostly Terrestrial,9999,1,0,0,0,0.3854314672728995
Dysgonomonas hofstadii,0.44976862218241526,Mostly Terrestrial,9999,1,0,0,0,0.44976862218241526
Parvularcula dongshanensis,-0.8799390995432466,Aquatic Specialist,9999,0,1,0,0,-0.8799390995432466
Actinoplanes lutulentus,0.8132040869793031,Terrestrial Specialist,9999,1,0,0,0,0.8132040869793031
Desulfosarcina alkanivorans,-0.880305718575133,Aquatic Specialist,9999,0,1,0,0,-0.880305718575133
Calderihabitans maritimus,-0.2616542639637328,Mostly Aquatic,9999,0,1,0,0,-0.2616542639637328
Aequorivita soesokkakensis,-0.17896108125712426,Mostly Aquatic,9999,0,1,0,0,-0.17896108125712426
Hymenobacter nivis,0.739271840274641,Mostly Terrestrial,9999,1,0,0,0,0.739271840274641
Dongia mobilis,0.009071564564900832,Generalist,9999,1,0,0,0,0.009071564564900832
Sphingobium fontiphilum,0.1719077568134172,Mostly Terrestrial,9999,1,0,0,0,0.1719077568134172
Alkalilacustris brevis,-0.7110394595424536,Mostly Aquatic,9999,0,1,0,0,-0.7110394595424536
Lentzea atacamensis,0.9661071143085531,Terrestrial Specialist,9999,1,0,0,0,0.9661071143085531
Paracoccus siganidrum,-0.37067148449262277,Mostly Aquatic,9999,0,1,0,0,-0.37067148449262277
Pseudomonas argentinensis,0.33057747713892016,Mostly Terrestrial,9999,1,0,0,0,0.33057747713892016
Desulfofundulus thermobenzoicus,-3.819223424570482e-4,Generalist,9999,0,1,0,0,-3.819223424570482e-4
Chryseobacterium vrystaatense,0.3167293233082707,Mostly Terrestrial,9999,1,0,0,0,0.3167293233082707
Pseudomonas flavescens,0.25478952169946567,Mostly Terrestrial,9999,1,0,0,0,0.25478952169946567
Desulfofundulus thermoacetoxidans,-3.819223424570482e-4,Generalist,9999,0,1,0,0,-3.819223424570482e-4
Altericroceibacterium endophyticum,-0.6256949790437089,Mostly Aquatic,9999,0,1,0,0,-0.6256949790437089
Amycolatopsis acidiphila,0.8733408641626659,Terrestrial Specialist,9999,1,0,0,0,0.8733408641626659
Streptomyces armeniacus,0.8648648648648649,Terrestrial Specialist,9999,1,0,0,0,0.8648648648648649
Amycolatopsis bartoniae,0.8733408641626659,Terrestrial Specialist,9999,1,0,0,0,0.8733408641626659
Thermacetogenium phaeum,0.1566442131047152,Mostly Terrestrial,9999,1,0,0,0,0.1566442131047152
Aminobacterium colombiense,-0.05681818181818187,Generalist,9999,0,1,0,0,-0.05681818181818187
Actinoallomurus purpureus,0.9145470492419497,Terrestrial Specialist,9999,1,0,0,0,0.9145470492419497
Stenotrophomonas daejeonensis,0.41521918941273783,Mostly Terrestrial,9999,1,0,0,0,0.41521918941273783
Photorhabdus australis,0.11945682155739443,Mostly Terrestrial,9999,1,0,0,0,0.11945682155739443
Chitinophaga qingshengii,0.7408637873754153,Mostly Terrestrial,9999,1,0,0,0,0.7408637873754153
Lentzea kentuckyensis,0.8697325569920065,Terrestrial Specialist,9999,1,0,0,0,0.8697325569920065
Roseococcus suduntuyensis,-0.4759570494864612,Mostly Aquatic,9999,0,1,0,0,-0.4759570494864612
Bacillus kexueae,-0.0701781093012635,Generalist,9999,0,1,0,0,-0.0701781093012635
Thermodesulfobium narugense,-0.37654320987654316,Mostly Aquatic,9999,0,1,0,0,-0.37654320987654316
Citreimonas salinaria,-0.7810286134879013,Mostly Aquatic,9999,0,1,0,0,-0.7810286134879013
Methylibium petroleiphilum,-0.5394229002021687,Mostly Aquatic,9999,0,1,0,0,-0.5394229002021687
Dickeya solani,0.11668882978723398,Mostly Terrestrial,9999,1,0,0,0,0.11668882978723398
Actinokineospora terrae,0.8668711656441717,Terrestrial Specialist,9999,1,0,0,0,0.8668711656441717
Paraburkholderia terricola,0.7143599065177876,Mostly Terrestrial,9999,1,0,0,0,0.7143599065177876
Actinokineospora cianjurensis,0.8668711656441717,Terrestrial Specialist,9999,1,0,0,0,0.8668711656441717
Nitrospirillum iridis,-0.010025062656641595,Generalist,9999,0,1,0,0,-0.010025062656641595
Actinokineospora baliensis,0.8668711656441717,Terrestrial Specialist,9999,1,0,0,0,0.8668711656441717
Desulfobulbus oligotrophicus,-0.5994813193937921,Mostly Aquatic,9999,0,1,0,0,-0.5994813193937921
Natronobacillus azotifigens,0.33333333333333337,Mostly Terrestrial,9999,1,0,0,0,0.33333333333333337
Pseudidiomarina marina,-0.6366140746306035,Mostly Aquatic,9999,0,1,0,0,-0.6366140746306035
Xenorhabdus indica,0.37945581101033526,Mostly Terrestrial,9999,1,0,0,0,0.37945581101033526
Rhodocyclus tenuis,-0.28247422680412376,Mostly Aquatic,9999,0,1,0,0,-0.28247422680412376
Celeribacter naphthalenivorans,-0.9140109671779385,Aquatic Specialist,9999,0,1,0,0,-0.9140109671779385
Pseudomonas humi,0.6683362664139704,Mostly Terrestrial,9999,1,0,0,0,0.6683362664139704
Pseudomonas citronellolis,0.20419027992443764,Mostly Terrestrial,9999,1,0,0,0,0.20419027992443764
Streptomyces candidus,0.8268215417106652,Terrestrial Specialist,9999,1,0,0,0,0.8268215417106652
Xenorhabdus doucetiae,0.5905420991926182,Mostly Terrestrial,9999,1,0,0,0,0.5905420991926182
Pedobacter xinjiangensis,0.8442257897462455,Terrestrial Specialist,9999,1,0,0,0,0.8442257897462455
Streptomyces cavourensis,0.9811512519634114,Terrestrial Specialist,9999,1,0,0,0,0.9811512519634114
Alishewanella tabrizica,-0.4865588518796188,Mostly Aquatic,9999,0,1,0,0,-0.4865588518796188
Microbacterium humi,0.5779356456330965,Mostly Terrestrial,9999,1,0,0,0,0.5779356456330965
Xenorhabdus szentirmaii,0.4217285664699757,Mostly Terrestrial,9999,1,0,0,0,0.4217285664699757
Caldisalinibacter kiritimatiensis,-0.45251396648044695,Mostly Aquatic,9999,0,1,0,0,-0.45251396648044695
Arthrobacter bambusae,0.8056621880998082,Terrestrial Specialist,9999,1,0,0,0,0.8056621880998082
Pseudochelatococcus contaminans,-0.3668256130790191,Mostly Aquatic,9999,0,1,0,0,-0.3668256130790191
Acidiphilium iwatense,0.211864406779661,Mostly Terrestrial,9999,1,0,0,0,0.211864406779661
Gemmobacter megaterium,-0.714207098963588,Mostly Aquatic,9999,0,1,0,0,-0.714207098963588
Teredinibacter haidensis,-0.7610951368921115,Mostly Aquatic,9999,0,1,0,0,-0.7610951368921115
Halorhodospira neutriphila,-0.6883521620568757,Mostly Aquatic,9999,0,1,0,0,-0.6883521620568757
Sneathiella chinensis,-0.3787790938457716,Mostly Aquatic,9999,0,1,0,0,-0.3787790938457716
Streptomyces rhizosphaericus,0.9805345934127936,Terrestrial Specialist,9999,1,0,0,0,0.9805345934127936
Streptomyces asiaticus,0.9805345934127936,Terrestrial Specialist,9999,1,0,0,0,0.9805345934127936
Streptomyces cangkringensis,0.9805345934127936,Terrestrial Specialist,9999,1,0,0,0,0.9805345934127936
Rhodoplanes elegans,-0.2545687347223839,Mostly Aquatic,9999,0,1,0,0,-0.2545687347223839
Marinithermus hydrothermalis,-0.7722481423881112,Mostly Aquatic,9999,0,1,0,0,-0.7722481423881112
Sphingomonas trueperi,-0.025037155596204386,Generalist,9999,0,1,0,0,-0.025037155596204386
Sphingomonas azotifigens,-0.025037155596204386,Generalist,9999,0,1,0,0,-0.025037155596204386
Geodermatophilus telluris,0.8654329679171276,Terrestrial Specialist,9999,1,0,0,0,0.8654329679171276
Hymenobacter crusticola,0.8894064613072876,Terrestrial Specialist,9999,1,0,0,0,0.8894064613072876
Halomonas lactosivorans,0.07972609439960866,Generalist,9999,1,0,0,0,0.07972609439960866
Halomonas desiderata,0.07972609439960866,Generalist,9999,1,0,0,0,0.07972609439960866
Acetobacter cibinongensis,0.7173779362931989,Mostly Terrestrial,9999,1,0,0,0,0.7173779362931989
Xenorhabdus thuongxuanensis,0.2843761708505058,Mostly Terrestrial,9999,1,0,0,0,0.2843761708505058
Chryseobacterium ginsenosidimutans,0.42851045667947074,Mostly Terrestrial,9999,1,0,0,0,0.42851045667947074
Aeromicrobium camelliae,0.6519607843137255,Mostly Terrestrial,9999,1,0,0,0,0.6519607843137255
Aeromicrobium phragmitis,0.6519607843137255,Mostly Terrestrial,9999,1,0,0,0,0.6519607843137255
Fusibacter tunisiensis,-0.9032060131922075,Aquatic Specialist,9999,0,1,0,0,-0.9032060131922075
Aquimarina agarivorans,-0.8858615136876005,Aquatic Specialist,9999,0,1,0,0,-0.8858615136876005
Luteimonas abyssi,0.7471693708416015,Mostly Terrestrial,9999,1,0,0,0,0.7471693708416015
Chenggangzhangella methanolivorans,0.3770252517880601,Mostly Terrestrial,9999,1,0,0,0,0.3770252517880601
Xanthobacter tagetidis,-0.4307641705953294,Mostly Aquatic,9999,0,1,0,0,-0.4307641705953294
Hymenobacter psychrophilus,0.8533239038189533,Terrestrial Specialist,9999,1,0,0,0,0.8533239038189533
Oceanobacillus sojae,0.8247035869728352,Terrestrial Specialist,9999,1,0,0,0,0.8247035869728352
Alicyclobacillus sendaiensis,0.4244203111241562,Mostly Terrestrial,9999,1,0,0,0,0.4244203111241562
Shinella fusca,-0.13921936965142973,Mostly Aquatic,9999,0,1,0,0,-0.13921936965142973
Rhodoglobus vestalii,-0.25883732618529065,Mostly Aquatic,9999,0,1,0,0,-0.25883732618529065
Virgibacillus oceani,0.003865780114427091,Generalist,9999,1,0,0,0,0.003865780114427091
Legionella lansingensis,0.09932520421451403,Generalist,9999,1,0,0,0,0.09932520421451403
Salimicrobium halophilum,-0.49354888854344786,Mostly Aquatic,9999,0,1,0,0,-0.49354888854344786
Lysinibacillus halotolerans,0.8857510808573269,Terrestrial Specialist,9999,1,0,0,0,0.8857510808573269
Thermus composti,-0.21491632626169457,Mostly Aquatic,9999,0,1,0,0,-0.21491632626169457
Nocardia vulneris,0.8557612600165793,Terrestrial Specialist,9999,1,0,0,0,0.8557612600165793
Pedobacter ureilyticus,0.42593095949986415,Mostly Terrestrial,9999,1,0,0,0,0.42593095949986415
Paraoerskovia marina,0.356627421192556,Mostly Terrestrial,9999,1,0,0,0,0.356627421192556
Alkalicoccus saliphilus,0.28475711892797323,Mostly Terrestrial,9999,1,0,0,0,0.28475711892797323
Qipengyuania gaetbuli,-0.8112283663993247,Aquatic Specialist,9999,0,1,0,0,-0.8112283663993247
Glycomyces tenuis,0.8676510801203171,Terrestrial Specialist,9999,1,0,0,0,0.8676510801203171
Massilia niabensis,0.6128771006276573,Mostly Terrestrial,9999,1,0,0,0,0.6128771006276573
Pontibacillus salipaludis,0.2768399729912221,Mostly Terrestrial,9999,1,0,0,0,0.2768399729912221
Magnetospira thiophila,-0.8710232158211522,Aquatic Specialist,9999,0,1,0,0,-0.8710232158211522
Oceaniradius stylonematis,-0.7939863753817243,Mostly Aquatic,9999,0,1,0,0,-0.7939863753817243
Dyadobacter sediminis,0.5139699109610071,Mostly Terrestrial,9999,1,0,0,0,0.5139699109610071
Phaeobacter marinintestinus,-0.9529444716756528,Aquatic Specialist,9999,0,1,0,0,-0.9529444716756528
Hymenobacter algoricola,0.9142520612485276,Terrestrial Specialist,9999,1,0,0,0,0.9142520612485276
Angustibacter aerolatus,0.6843688534073817,Mostly Terrestrial,9999,1,0,0,0,0.6843688534073817
Aquicella siphonis,0.7023498694516971,Mostly Terrestrial,9999,1,0,0,0,0.7023498694516971
Allosphingosinicella indica,0.7717777777777779,Mostly Terrestrial,9999,1,0,0,0,0.7717777777777779
Nocardiopsis alborubida,0.7639472946453603,Mostly Terrestrial,9999,1,0,0,0,0.7639472946453603
Nocardiopsis dassonvillei,0.7639472946453603,Mostly Terrestrial,9999,1,0,0,0,0.7639472946453603
Allorhizobium undicola,0.06407766990291262,Generalist,9999,1,0,0,0,0.06407766990291262
Chengkuizengella sediminis,-0.7493819793708976,Mostly Aquatic,9999,0,1,0,0,-0.7493819793708976
Desulfosporosinus acididurans,0.5224666290656139,Mostly Terrestrial,9999,1,0,0,0,0.5224666290656139
Sphaerimonospora thailandensis,0.8596491228070176,Terrestrial Specialist,9999,1,0,0,0,0.8596491228070176
Paraliobacillus quinghaiensis,-0.024367645696284652,Generalist,9999,0,1,0,0,-0.024367645696284652
Vibrio brasiliensis,-0.7735356174017884,Mostly Aquatic,9999,0,1,0,0,-0.7735356174017884
Sphaerimonospora cavernae,0.8596491228070176,Terrestrial Specialist,9999,1,0,0,0,0.8596491228070176
Deinococcus aetherius,0.4824007220216607,Mostly Terrestrial,9999,1,0,0,0,0.4824007220216607
Deinococcus daejeonensis,-0.26487232574189096,Mostly Aquatic,9999,0,1,0,0,-0.26487232574189096
Streptomyces luteogriseus,-0.3333333333333333,Mostly Aquatic,9999,0,1,0,0,-0.3333333333333333
Paenibacillus mendelii,0.8128654970760234,Terrestrial Specialist,9999,1,0,0,0,0.8128654970760234
Texcoconibacillus texcoconensis,0.336638741665242,Mostly Terrestrial,9999,1,0,0,0,0.336638741665242
Oceaniglobus indicus,-0.3565819246639159,Mostly Aquatic,9999,0,1,0,0,-0.3565819246639159
Mycoplasma putrefaciens,0.47974413646055436,Mostly Terrestrial,9999,1,0,0,0,0.47974413646055436
Aquimarina pacifica,-0.5950383723005533,Mostly Aquatic,9999,0,1,0,0,-0.5950383723005533
Sphingomonas morindae,0.7043753598157743,Mostly Terrestrial,9999,1,0,0,0,0.7043753598157743
Rhizobium oryziradicis,0.05959706650931462,Generalist,9999,1,0,0,0,0.05959706650931462
Desulfosoma caldarium,-0.7286891385767791,Mostly Aquatic,9999,0,1,0,0,-0.7286891385767791
Algoriphagus faecimaris,-0.7116738727609635,Mostly Aquatic,9999,0,1,0,0,-0.7116738727609635
Defluviitalea raffinosedens,0.34141001313676833,Mostly Terrestrial,9999,1,0,0,0,0.34141001313676833
Microbulbifer salipaludis,-0.2892561983471075,Mostly Aquatic,9999,0,1,0,0,-0.2892561983471075
Luteimonas yindakuii,0.4113291373565346,Mostly Terrestrial,9999,1,0,0,0,0.4113291373565346
Sphingomonas pokkalii,-0.06462524479259389,Generalist,9999,0,1,0,0,-0.06462524479259389
Microbispora corallina,0.8881801716670605,Terrestrial Specialist,9999,1,0,0,0,0.8881801716670605
Marivirga sericea,-0.5771781730479348,Mostly Aquatic,9999,0,1,0,0,-0.5771781730479348
Streptomyces corynorhini,1,Terrestrial Specialist,9999,1,0,0,0,1
Microbulbifer pacificus,0.027721774193548425,Generalist,9999,1,0,0,0,0.027721774193548425
Rhizobium altiplani,0.8264685349556198,Terrestrial Specialist,9999,1,0,0,0,0.8264685349556198
Sphingopyxis granuli,0.15790748365221605,Mostly Terrestrial,9999,1,0,0,0,0.15790748365221605
Salegentibacter mishustinae,-0.776500957615122,Mostly Aquatic,9999,0,1,0,0,-0.776500957615122
Amycolatopsis sacchari,0.6246056782334386,Mostly Terrestrial,9999,1,0,0,0,0.6246056782334386
Flavobacterium daejeonense,-0.47094188376753504,Mostly Aquatic,9999,0,1,0,0,-0.47094188376753504
Streptomyces alboflavus,0.8960411972964275,Terrestrial Specialist,9999,1,0,0,0,0.8960411972964275
Streptomyces filamentosus,0.881451200817578,Terrestrial Specialist,9999,1,0,0,0,0.881451200817578
Streptomyces microflavus,0.7692903797188088,Mostly Terrestrial,9999,1,0,0,0,0.7692903797188088
Streptomyces luridiscabiei,0.8268215417106652,Terrestrial Specialist,9999,1,0,0,0,0.8268215417106652
Hymenobacter coccineus,0.5505082193499813,Mostly Terrestrial,9999,1,0,0,0,0.5505082193499813
Virgibacillus siamensis,0.8002610966057443,Terrestrial Specialist,9999,1,0,0,0,0.8002610966057443
Nitrincola alkalisediminis,-0.5798553144129105,Mostly Aquatic,9999,0,1,0,0,-0.5798553144129105
Tumebacillus algifaecis,0.8014859337173387,Terrestrial Specialist,9999,1,0,0,0,0.8014859337173387
Lentilactobacillus kribbianus,0.5172413793103449,Mostly Terrestrial,9999,1,0,0,0,0.5172413793103449
Chryseobacterium taeanense,-0.6923500275178865,Mostly Aquatic,9999,0,1,0,0,-0.6923500275178865
Mesoplasma chauliocola,0.6211562115621156,Mostly Terrestrial,9999,1,0,0,0,0.6211562115621156
Nitrincola nitratireducens,-0.5798553144129105,Mostly Aquatic,9999,0,1,0,0,-0.5798553144129105
Mesoplasma entomophilum,0.6211562115621156,Mostly Terrestrial,9999,1,0,0,0,0.6211562115621156
Mesoplasma coleopterae,0.6211562115621156,Mostly Terrestrial,9999,1,0,0,0,0.6211562115621156
Mesoplasma tabanidae,0.6211562115621156,Mostly Terrestrial,9999,1,0,0,0,0.6211562115621156
Croceicoccus mobilis,-0.5086631160250791,Mostly Aquatic,9999,0,1,0,0,-0.5086631160250791
Lysobacter aestuarii,0.0808423377237952,Generalist,9999,1,0,0,0,0.0808423377237952
Rheinheimera pleomorphica,-0.5192345630301834,Mostly Aquatic,9999,0,1,0,0,-0.5192345630301834
Proteus vulgaris,0.6565389696169088,Mostly Terrestrial,9999,1,0,0,0,0.6565389696169088
Thauera chlorobenzoica,-0.7951807228915663,Mostly Aquatic,9999,0,1,0,0,-0.7951807228915663
Proteus alimentorum,0.6565389696169088,Mostly Terrestrial,9999,1,0,0,0,0.6565389696169088
Lysobacter spongiae,0.0808423377237952,Generalist,9999,1,0,0,0,0.0808423377237952
Pelagibius litoralis,-0.6178366138303432,Mostly Aquatic,9999,0,1,0,0,-0.6178366138303432
Proteus faecis,0.6565389696169088,Mostly Terrestrial,9999,1,0,0,0,0.6565389696169088
Proteus penneri,0.6565389696169088,Mostly Terrestrial,9999,1,0,0,0,0.6565389696169088
Proteus terrae,0.6565389696169088,Mostly Terrestrial,9999,1,0,0,0,0.6565389696169088
Sulfurihydrogenibium azorense,-0.8095777840748087,Aquatic Specialist,9999,0,1,0,0,-0.8095777840748087
Proteus columbae,0.6565389696169088,Mostly Terrestrial,9999,1,0,0,0,0.6565389696169088
Agrobacterium tumefaciens,0.47873058744091834,Mostly Terrestrial,9999,1,0,0,0,0.47873058744091834
Cecembia rubra,0.6108973372325689,Mostly Terrestrial,9999,1,0,0,0,0.6108973372325689
Rufibacter roseus,0.3690502064768528,Mostly Terrestrial,9999,1,0,0,0,0.3690502064768528
Legionella parisiensis,-0.1138891143761669,Mostly Aquatic,9999,0,1,0,0,-0.1138891143761669
Amphibacillus marinus,0.6432252197635646,Mostly Terrestrial,9999,1,0,0,0,0.6432252197635646
Sulfitobacter noctilucicola,-0.8138904295310286,Aquatic Specialist,9999,0,1,0,0,-0.8138904295310286
Heliorestis convoluta,0.8799506125937887,Terrestrial Specialist,9999,1,0,0,0,0.8799506125937887
Jannaschia pohangensis,-0.6549840085287847,Mostly Aquatic,9999,0,1,0,0,-0.6549840085287847
Vibrio quintilis,-0.4285714285714286,Mostly Aquatic,9999,0,1,0,0,-0.4285714285714286
Nonomuraea dietziae,0.9265527161956337,Terrestrial Specialist,9999,1,0,0,0,0.9265527161956337
Paracoccus seriniphilus,-0.6765530470709753,Mostly Aquatic,9999,0,1,0,0,-0.6765530470709753
Kushneria marisflavi,0.037063953488372076,Generalist,9999,1,0,0,0,0.037063953488372076
Nocardia mexicana,0.8823389588780604,Terrestrial Specialist,9999,1,0,0,0,0.8823389588780604
Maritimibacter alkaliphilus,-0.8577197887542716,Aquatic Specialist,9999,0,1,0,0,-0.8577197887542716
Kushneria konosiri,0.037063953488372076,Generalist,9999,1,0,0,0,0.037063953488372076
Paenibacillus aceti,0.813514168079438,Terrestrial Specialist,9999,1,0,0,0,0.813514168079438
Chitinophaga fulva,0.9519098309329993,Terrestrial Specialist,9999,1,0,0,0,0.9519098309329993
Actinophytocola algeriensis,0.8527729872015976,Terrestrial Specialist,9999,1,0,0,0,0.8527729872015976
Microbacterium testaceum,0.6114965312190288,Mostly Terrestrial,9999,1,0,0,0,0.6114965312190288
Rhodoferax antarcticus,-0.7630100171023699,Mostly Aquatic,9999,0,1,0,0,-0.7630100171023699
Borrelia miyamotoi,0.6839882697947214,Mostly Terrestrial,9999,1,0,0,0,0.6839882697947214
Kitasatospora phosalacinea,0.9753111403420014,Terrestrial Specialist,9999,1,0,0,0,0.9753111403420014
Fictibacillus solisalsi,0.44155409177179866,Mostly Terrestrial,9999,1,0,0,0,0.44155409177179866
Fodinibius salicampi,-0.22777167947310648,Mostly Aquatic,9999,0,1,0,0,-0.22777167947310648
Sporolactobacillus shoreae,0.6542288557213931,Mostly Terrestrial,9999,1,0,0,0,0.6542288557213931
Paraburkholderia rhizosphaerae,0.7936784241868987,Mostly Terrestrial,9999,1,0,0,0,0.7936784241868987
Parapedobacter koreensis,0.3419271672574928,Mostly Terrestrial,9999,1,0,0,0,0.3419271672574928
Sporolactobacillus spathodeae,0.5412048192771085,Mostly Terrestrial,9999,1,0,0,0,0.5412048192771085
Lentibacillus salicampi,0.04363336992316136,Generalist,9999,1,0,0,0,0.04363336992316136
Mesorhizobium sediminum,-0.08288079764978191,Generalist,9999,0,1,0,0,-0.08288079764978191
Kineosporia mesophila,0.38172306686284124,Mostly Terrestrial,9999,1,0,0,0,0.38172306686284124
Lysobacter ruishenii,0.7421481549308672,Mostly Terrestrial,9999,1,0,0,0,0.7421481549308672
Stella humosa,-0.3574728058411563,Mostly Aquatic,9999,0,1,0,0,-0.3574728058411563
Planktosalinus lacus,-0.5898682877406283,Mostly Aquatic,9999,0,1,0,0,-0.5898682877406283
Actinomadura hibisca,0.9265782886808196,Terrestrial Specialist,9999,1,0,0,0,0.9265782886808196
Hoeflea marina,-0.36981757877280264,Mostly Aquatic,9999,0,1,0,0,-0.36981757877280264
Pseudogracilibacillus auburnensis,0.7778846153846155,Mostly Terrestrial,9999,1,0,0,0,0.7778846153846155
Lysobacter lycopersici,-0.18268006226121408,Mostly Aquatic,9999,0,1,0,0,-0.18268006226121408
Bacillus canaveralius,0.26339137185316625,Mostly Terrestrial,9999,1,0,0,0,0.26339137185316625
Photorhabdus heterorhabditis,-0.07983023443815682,Generalist,9999,0,1,0,0,-0.07983023443815682
Verminephrobacter eiseniae,-0.05271122320302647,Generalist,9999,0,1,0,0,-0.05271122320302647
Marinomonas fungiae,-0.6949369402303053,Mostly Aquatic,9999,0,1,0,0,-0.6949369402303053
Desulfuribacillus alkaliarsenatis,0.20725707257072568,Mostly Terrestrial,9999,1,0,0,0,0.20725707257072568
Halomonas hydrothermalis,-0.2862453531598512,Mostly Aquatic,9999,0,1,0,0,-0.2862453531598512
Amycolatopsis granulosa,0.9460276840758406,Terrestrial Specialist,9999,1,0,0,0,0.9460276840758406
Halomonas venusta,-0.7586338923347882,Mostly Aquatic,9999,0,1,0,0,-0.7586338923347882
Leeuwenhoekiella polynyae,-0.9344349680170575,Aquatic Specialist,9999,0,1,0,0,-0.9344349680170575
Defluviitalea phaphyphila,-0.04453306746427384,Generalist,9999,0,1,0,0,-0.04453306746427384
Halomonas alkaliphila,-0.7586338923347882,Mostly Aquatic,9999,0,1,0,0,-0.7586338923347882
Halomonas zhaodongensis,-0.7586338923347882,Mostly Aquatic,9999,0,1,0,0,-0.7586338923347882
Hansschlegelia beijingensis,0.859173126614987,Terrestrial Specialist,9999,1,0,0,0,0.859173126614987
Paenibacillus camelliae,0.8285771704180064,Terrestrial Specialist,9999,1,0,0,0,0.8285771704180064
Pelagibacterium halotolerans,-0.2064338398649249,Mostly Aquatic,9999,0,1,0,0,-0.2064338398649249
Desulfobulbus rhabdoformis,-0.7284218129288552,Mostly Aquatic,9999,0,1,0,0,-0.7284218129288552
Glutamicibacter protophormiae,0.37374136229022703,Mostly Terrestrial,9999,1,0,0,0,0.37374136229022703
Salegentibacter holothuriorum,-0.734688272452623,Mostly Aquatic,9999,0,1,0,0,-0.734688272452623
Shinella pollutisoli,-0.6338103756708408,Mostly Aquatic,9999,0,1,0,0,-0.6338103756708408
Mariniflexile fucanivorans,-0.7582621365653355,Mostly Aquatic,9999,0,1,0,0,-0.7582621365653355
Amycolatopsis echigonensis,0.9695603156708005,Terrestrial Specialist,9999,1,0,0,0,0.9695603156708005
Amycolatopsis niigatensis,0.9695603156708005,Terrestrial Specialist,9999,1,0,0,0,0.9695603156708005
Noviherbaspirillum aerium,0.7945619335347431,Mostly Terrestrial,9999,1,0,0,0,0.7945619335347431
Denitratisoma oestradiolicum,-0.6390914424608164,Mostly Aquatic,9999,0,1,0,0,-0.6390914424608164
Aurantiacibacter atlanticus,-0.7023948598130841,Mostly Aquatic,9999,0,1,0,0,-0.7023948598130841
Photobacterium galatheae,-0.6364731873870254,Mostly Aquatic,9999,0,1,0,0,-0.6364731873870254
Saccharothrix coeruleofusca,0.7968346615781794,Mostly Terrestrial,9999,1,0,0,0,0.7968346615781794
Leisingera caerulea,-0.8570247933884296,Aquatic Specialist,9999,0,1,0,0,-0.8570247933884296
Saccharothrix syringae,0.7968346615781794,Mostly Terrestrial,9999,1,0,0,0,0.7968346615781794
Brenneria roseae,0.9167360532889259,Terrestrial Specialist,9999,1,0,0,0,0.9167360532889259
Propionispora vibrioides,-0.4007162753680859,Mostly Aquatic,9999,0,1,0,0,-0.4007162753680859
Streptomyces lavenduligriseus,0.9562722902775626,Terrestrial Specialist,9999,1,0,0,0,0.9562722902775626
Peribacillus cavernae,0.36234146341463425,Mostly Terrestrial,9999,1,0,0,0,0.36234146341463425
Pseudodesulfovibrio indicus,-0.6778683634917478,Mostly Aquatic,9999,0,1,0,0,-0.6778683634917478
Pseudomonas turukhanskensis,0.3110692696462195,Mostly Terrestrial,9999,1,0,0,0,0.3110692696462195
Arcanobacterium phocae,0.13254113345521024,Mostly Terrestrial,9999,1,0,0,0,0.13254113345521024
Chryseobacterium piperi,-0.268090971743625,Mostly Aquatic,9999,0,1,0,0,-0.268090971743625
Serpentinicella alkaliphila,-0.3130160271976688,Mostly Aquatic,9999,0,1,0,0,-0.3130160271976688
Mycolicibacterium diernhoferi,0.11819777647747219,Mostly Terrestrial,9999,1,0,0,0,0.11819777647747219
Nocardia alba,0.8654551808492049,Terrestrial Specialist,9999,1,0,0,0,0.8654551808492049
Amycolatopsis ruanii,0.9710921640276086,Terrestrial Specialist,9999,1,0,0,0,0.9710921640276086
Microvirga vignae,0.2977099236641222,Mostly Terrestrial,9999,1,0,0,0,0.2977099236641222
Propionivibrio dicarboxylicus,-0.5435897435897435,Mostly Aquatic,9999,0,1,0,0,-0.5435897435897435
Zunongwangia endophytica,-0.720835254594559,Mostly Aquatic,9999,0,1,0,0,-0.720835254594559
Chlamydia avium,0.28691446028513234,Mostly Terrestrial,9999,1,0,0,0,0.28691446028513234
Dissulfurimicrobium hydrothermale,-0.5845500848896434,Mostly Aquatic,9999,0,1,0,0,-0.5845500848896434
Marinobacter segnicrescens,-0.8668616391616183,Aquatic Specialist,9999,0,1,0,0,-0.8668616391616183
Streptomyces radiopugnans,0.8090920865172905,Terrestrial Specialist,9999,1,0,0,0,0.8090920865172905
Salisediminibacterium haloalkalitolerans,-0.4879244274128865,Mostly Aquatic,9999,0,1,0,0,-0.4879244274128865
Streptomyces chitinivorans,0.8090920865172905,Terrestrial Specialist,9999,1,0,0,0,0.8090920865172905
Salisediminibacterium halotolerans,-0.4879244274128865,Mostly Aquatic,9999,0,1,0,0,-0.4879244274128865
Desulfofarcimen acetoxidans,0.6934953538241602,Mostly Terrestrial,9999,1,0,0,0,0.6934953538241602
Flavobacterium sediminis,-0.1700692672256653,Mostly Aquatic,9999,0,1,0,0,-0.1700692672256653
Aquisalinus flavus,-0.6072283910298281,Mostly Aquatic,9999,0,1,0,0,-0.6072283910298281
Cephaloticoccus capnophilus,-0.09452878831280438,Generalist,9999,0,1,0,0,-0.09452878831280438
Devosia nitrariae,-0.34397049390635026,Mostly Aquatic,9999,0,1,0,0,-0.34397049390635026
Dickeya chrysanthemi,-0.1241782322863404,Mostly Aquatic,9999,0,1,0,0,-0.1241782322863404
Novosphingobium malaysiense,-0.10512794162984274,Mostly Aquatic,9999,0,1,0,0,-0.10512794162984274
Dickeya lacustris,-0.1241782322863404,Mostly Aquatic,9999,0,1,0,0,-0.1241782322863404
Kordia antarctica,-0.9167130402522724,Aquatic Specialist,9999,0,1,0,0,-0.9167130402522724
Acinetobacter equi,0.1,Generalist,9999,1,0,0,0,0.1
Mumia flava,0.44222222222222213,Mostly Terrestrial,9999,1,0,0,0,0.44222222222222213
Hymenobacter gummosus,0.38583310973973706,Mostly Terrestrial,9999,1,0,0,0,0.38583310973973706
Pelagerythrobacter marensis,-0.2683527672852685,Mostly Aquatic,9999,0,1,0,0,-0.2683527672852685
Chryseobacterium arthrosphaerae,0.45214785214785214,Mostly Terrestrial,9999,1,0,0,0,0.45214785214785214
Sphingobium cupriresistens,-0.019825535289452818,Generalist,9999,0,1,0,0,-0.019825535289452818
Chryseobacterium oranimense,0.6901741924572976,Mostly Terrestrial,9999,1,0,0,0,0.6901741924572976
Sphingobium chlorophenolicum,-0.13118744928320264,Mostly Aquatic,9999,0,1,0,0,-0.13118744928320264
Kineosporia babensis,0.6468899521531101,Mostly Terrestrial,9999,1,0,0,0,0.6468899521531101
Paeniglutamicibacter cryotolerans,0.633658151171978,Mostly Terrestrial,9999,1,0,0,0,0.633658151171978
Virgibacillus alimentarius,0.5997256045275252,Mostly Terrestrial,9999,1,0,0,0,0.5997256045275252
Aurantiacibacter zhengii,-0.7311827956989247,Mostly Aquatic,9999,0,1,0,0,-0.7311827956989247
Photobacterium halotolerans,-0.5086625086625087,Mostly Aquatic,9999,0,1,0,0,-0.5086625086625087
Pseudidiomarina piscicola,-0.4236767485822306,Mostly Aquatic,9999,0,1,0,0,-0.4236767485822306
Listeria aquatica,0.30581735456613585,Mostly Terrestrial,9999,1,0,0,0,0.30581735456613585
Paenibacillus anaericanus,0.8879132791327913,Terrestrial Specialist,9999,1,0,0,0,0.8879132791327913
Legionella brunensis,0.17139001349527666,Mostly Terrestrial,9999,1,0,0,0,0.17139001349527666
Thioalkalivibrio sulfidiphilus,-0.5735171757993581,Mostly Aquatic,9999,0,1,0,0,-0.5735171757993581
Paracoccus laeviglucosivorans,0.07205750224618152,Generalist,9999,1,0,0,0,0.07205750224618152
Thiobacillus thioparus,-0.4750571466989378,Mostly Aquatic,9999,0,1,0,0,-0.4750571466989378
Egicoccus halophilus,0.6636409480584972,Mostly Terrestrial,9999,1,0,0,0,0.6636409480584972
Sphingosinicella humi,0.8875388026607538,Terrestrial Specialist,9999,1,0,0,0,0.8875388026607538
Anoxybacillus caldiproteolyticus,0.24697845507094063,Mostly Terrestrial,9999,1,0,0,0,0.24697845507094063
Streptomyces hainanensis,0.9075249320036265,Terrestrial Specialist,9999,1,0,0,0,0.9075249320036265
Sediminibacillus albus,0.34141078838174266,Mostly Terrestrial,9999,1,0,0,0,0.34141078838174266
Chryseobacterium candidae,0.08242220353238008,Generalist,9999,1,0,0,0,0.08242220353238008
Pullulanibacillus pueri,0.8231316108895439,Terrestrial Specialist,9999,1,0,0,0,0.8231316108895439
Marinobacter piscensis,-0.3785971223021583,Mostly Aquatic,9999,0,1,0,0,-0.3785971223021583
Acidihalobacter aeolianus,-0.3924954181537572,Mostly Aquatic,9999,0,1,0,0,-0.3924954181537572
Nocardioides rubriscoriae,0.5815861440291705,Mostly Terrestrial,9999,1,0,0,0,0.5815861440291705
Austwickia chelonae,0.5677496991576414,Mostly Terrestrial,9999,1,0,0,0,0.5677496991576414
Janibacter terrae,0.302616165560328,Mostly Terrestrial,9999,1,0,0,0,0.302616165560328
Actinoplanes rishiriensis,0.9251553810925744,Terrestrial Specialist,9999,1,0,0,0,0.9251553810925744
Lederbergia ruris,0.8025859350362662,Terrestrial Specialist,9999,1,0,0,0,0.8025859350362662
Taibaiella chishuiensis,0.8497700562084824,Terrestrial Specialist,9999,1,0,0,0,0.8497700562084824
Salinicola lusitanus,-0.4637980968142325,Mostly Aquatic,9999,0,1,0,0,-0.4637980968142325
Sporolactobacillus pectinivorans,0.5733270052206928,Mostly Terrestrial,9999,1,0,0,0,0.5733270052206928
Erythrobacter insulae,-0.9246016323357948,Aquatic Specialist,9999,0,1,0,0,-0.9246016323357948
Geobacter psychrophilus,-0.3100742130853877,Mostly Aquatic,9999,0,1,0,0,-0.3100742130853877
Pseudidiomarina atlantica,-0.5914186627953867,Mostly Aquatic,9999,0,1,0,0,-0.5914186627953867
Fluviicola chungangensis,-0.8847539015606242,Aquatic Specialist,9999,0,1,0,0,-0.8847539015606242
Labrys miyagiensis,0.9230224738984252,Terrestrial Specialist,9999,1,0,0,0,0.9230224738984252
Natronincola peptidivorans,-0.056529252036534174,Generalist,9999,0,1,0,0,-0.056529252036534174
Oceanobacillus damuensis,0.5558539860822854,Mostly Terrestrial,9999,1,0,0,0,0.5558539860822854
Hymenobacter terrenus,0.7895866881374127,Mostly Terrestrial,9999,1,0,0,0,0.7895866881374127
Aureimonas endophytica,0.7393075356415477,Mostly Terrestrial,9999,1,0,0,0,0.7393075356415477
Solimicrobium silvestre,-0.15366640703238005,Mostly Aquatic,9999,0,1,0,0,-0.15366640703238005
Nocardia caishijiensis,0.8055024275415624,Terrestrial Specialist,9999,1,0,0,0,0.8055024275415624
Acetivibrio aldrichii,-0.2122000236434567,Mostly Aquatic,9999,0,1,0,0,-0.2122000236434567
Caminicella sporogenes,-0.5129507364144236,Mostly Aquatic,9999,0,1,0,0,-0.5129507364144236
Nocardia coubleae,0.7885525749533783,Mostly Terrestrial,9999,1,0,0,0,0.7885525749533783
Streptomyces fuscigenes,0.8368186492972232,Terrestrial Specialist,9999,1,0,0,0,0.8368186492972232
Caldicellulosiruptor bescii,-0.3511094536639941,Mostly Aquatic,9999,0,1,0,0,-0.3511094536639941
Herbaspirillum autotrophicum,-0.02247072475999581,Generalist,9999,0,1,0,0,-0.02247072475999581
Kineococcus xinjiangensis,0.7473187978786093,Mostly Terrestrial,9999,1,0,0,0,0.7473187978786093
Streptomyces wuyuanensis,0.6534871525957001,Mostly Terrestrial,9999,1,0,0,0,0.6534871525957001
Micromonospora jinlongensis,0.7489607955008557,Mostly Terrestrial,9999,1,0,0,0,0.7489607955008557
Prauserella shujinwangii,0.8400083220638719,Terrestrial Specialist,9999,1,0,0,0,0.8400083220638719
Streptomyces spongiicola,0.6534871525957001,Mostly Terrestrial,9999,1,0,0,0,0.6534871525957001
Micromonospora ureilytica,0.7489607955008557,Mostly Terrestrial,9999,1,0,0,0,0.7489607955008557
Streptomyces tirandamycinicus,0.6534871525957001,Mostly Terrestrial,9999,1,0,0,0,0.6534871525957001
Micromonospora zamorensis,0.7489607955008557,Mostly Terrestrial,9999,1,0,0,0,0.7489607955008557
Micromonospora zeae,0.5464998309097059,Mostly Terrestrial,9999,1,0,0,0,0.5464998309097059
Natroniella acetigena,0.381549815498155,Mostly Terrestrial,9999,1,0,0,0,0.381549815498155
Thermomonospora umbrina,0.8550428746427114,Terrestrial Specialist,9999,1,0,0,0,0.8550428746427114
Tahibacter caeni,0.13223977318752528,Mostly Terrestrial,9999,1,0,0,0,0.13223977318752528
Streptosporangium saharense,0.9201596806387227,Terrestrial Specialist,9999,1,0,0,0,0.9201596806387227
Thiobacillus denitrificans,-0.6864891764120429,Mostly Aquatic,9999,0,1,0,0,-0.6864891764120429
Clostridium peptidivorans,0.5005828260588006,Mostly Terrestrial,9999,1,0,0,0,0.5005828260588006
Rhizobium paknamense,0.02246913580246914,Generalist,9999,1,0,0,0,0.02246913580246914
Paenibacillus senegalensis,0.8734793187347932,Terrestrial Specialist,9999,1,0,0,0,0.8734793187347932
Cellulomonas massiliensis,0.9200432198811452,Terrestrial Specialist,9999,1,0,0,0,0.9200432198811452
Acidihalobacter prosperus,-0.3999809759345573,Mostly Aquatic,9999,0,1,0,0,-0.3999809759345573
Paenibacillus phocaensis,0.78930307941653155,Mostly Terrestrial,9999,1,0,0,0,0.78930307941653155
Malaciobacter molluscorum,-0.8347068145800318,Aquatic Specialist,9999,0,1,0,0,-0.8347068145800318
Nocardia donostiensis,0.9498816101026044,Terrestrial Specialist,9999,1,0,0,0,0.9498816101026044
Nocardia transvalensis,0.9340547852553263,Terrestrial Specialist,9999,1,0,0,0,0.9340547852553263
Marinobacter guineae,-0.6891481913652275,Mostly Aquatic,9999,0,1,0,0,-0.6891481913652275
Salipaludibacillus neizhouensis,0.6692035398230088,Mostly Terrestrial,9999,1,0,0,0,0.6692035398230088
Streptomyces aidingensis,0.46870935106229233,Mostly Terrestrial,9999,1,0,0,0,0.46870935106229233
Paraliobacillus sediminis,0.08567262121764488,Generalist,9999,1,0,0,0,0.08567262121764488
Shewanella alkalitolerans,-0.6216216216216217,Mostly Aquatic,9999,0,1,0,0,-0.6216216216216217
Pelagibacterium luteolum,0.47148239573859957,Mostly Terrestrial,9999,1,0,0,0,0.47148239573859957
Pseudodesulfovibrio mercurii,-0.7873297002724795,Mostly Aquatic,9999,0,1,0,0,-0.7873297002724795
Actinokineospora bangkokensis,0.704446102996055,Mostly Terrestrial,9999,1,0,0,0,0.704446102996055
Anoxybacillus pushchinoensis,0.30417818240936434,Mostly Terrestrial,9999,1,0,0,0,0.30417818240936434
Virgibacillus necropolis,0.43376623376623386,Mostly Terrestrial,9999,1,0,0,0,0.43376623376623386
Natroniella sulfidigena,0.007433102081268601,Generalist,9999,1,0,0,0,0.007433102081268601
Paenibacillus shirakamiensis,0.8805366269165247,Terrestrial Specialist,9999,1,0,0,0,0.8805366269165247
Cohnella massiliensis,0.8824178248400618,Terrestrial Specialist,9999,1,0,0,0,0.8824178248400618
Cohnella algarum,0.8824178248400618,Terrestrial Specialist,9999,1,0,0,0,0.8824178248400618
Methylopila turkensis,0.8091834911559765,Terrestrial Specialist,9999,1,0,0,0,0.8091834911559765
Tibeticola sediminis,-0.7036357380433536,Mostly Aquatic,9999,0,1,0,0,-0.7036357380433536
Nocardia nova,0.4944757609921082,Mostly Terrestrial,9999,1,0,0,0,0.4944757609921082
Rudaeicoccus suwonensis,0.18056434265468804,Mostly Terrestrial,9999,1,0,0,0,0.18056434265468804
Halomonas organivorans,-0.5813888500768478,Mostly Aquatic,9999,0,1,0,0,-0.5813888500768478
Gilvimarinus polysaccharolyticus,-0.6080948560221092,Mostly Aquatic,9999,0,1,0,0,-0.6080948560221092
Bacillus carboniphilus,0.5065668690862872,Mostly Terrestrial,9999,1,0,0,0,0.5065668690862872
Actinoplanes atraurantiacus,0.8158357771260997,Terrestrial Specialist,9999,1,0,0,0,0.8158357771260997
Actinoplanes deccanensis,0.8158357771260997,Terrestrial Specialist,9999,1,0,0,0,0.8158357771260997
Halomonas halodenitrificans,-0.08139412446035588,Generalist,9999,0,1,0,0,-0.08139412446035588
Actinoplanes brasiliensis,0.8220983274201723,Terrestrial Specialist,9999,1,0,0,0,0.8220983274201723
Tindallia magadiensis,-0.7207346758132329,Mostly Aquatic,9999,0,1,0,0,-0.7207346758132329
Halolactibacillus alkaliphilus,-0.7209847596717468,Mostly Aquatic,9999,0,1,0,0,-0.7209847596717468
Rhodoplanes tepidamans,-0.02384737678855327,Generalist,9999,0,1,0,0,-0.02384737678855327
Acinetobacter towneri,-0.4218420175536051,Mostly Aquatic,9999,0,1,0,0,-0.4218420175536051
Microbacterium sediminis,0.10825484764542939,Mostly Terrestrial,9999,1,0,0,0,0.10825484764542939
Scopulibacillus darangshiensis,0.7454013887196979,Mostly Terrestrial,9999,1,0,0,0,0.7454013887196979
Deinococcus metallilatus,0.5263577002707438,Mostly Terrestrial,9999,1,0,0,0,0.5263577002707438
Paracoccus thiocyanatus,-0.1499230860253224,Mostly Aquatic,9999,0,1,0,0,-0.1499230860253224
Dickeya zeae,0.6667723525681675,Mostly Terrestrial,9999,1,0,0,0,0.6667723525681675
Microtetraspora malaysiensis,0.7620007328691829,Mostly Terrestrial,9999,1,0,0,0,0.7620007328691829
Actinoplanes ianthinogenes,0.9024220247429867,Terrestrial Specialist,9999,1,0,0,0,0.9024220247429867
Streptomonospora nanhaiensis,0.8806682577565632,Terrestrial Specialist,9999,1,0,0,0,0.8806682577565632
Kribbella aluminosa,0.9527641707487753,Terrestrial Specialist,9999,1,0,0,0,0.9527641707487753
Photorhabdus laumondii,-0.3333333333333333,Mostly Aquatic,9999,0,1,0,0,-0.3333333333333333
Photorhabdus thracensis,0.8261504747991234,Terrestrial Specialist,9999,1,0,0,0,0.8261504747991234
Dickeya dadantii,0.49211788896504455,Mostly Terrestrial,9999,1,0,0,0,0.49211788896504455
Streptomyces spinoverrucosus,0.9149590163934426,Terrestrial Specialist,9999,1,0,0,0,0.9149590163934426
Brevibacterium linens,0.49477477477477483,Mostly Terrestrial,9999,1,0,0,0,0.49477477477477483
Taibaiella koreensis,0.5827644096250699,Mostly Terrestrial,9999,1,0,0,0,0.5827644096250699
Paenibacillus donghaensis,0.7613200907171345,Mostly Terrestrial,9999,1,0,0,0,0.7613200907171345
Alicyclobacillus vulcanalis,0.6261859582542695,Mostly Terrestrial,9999,1,0,0,0,0.6261859582542695
Novosphingobium sediminicola,-0.24700320783386795,Mostly Aquatic,9999,0,1,0,0,-0.24700320783386795
Paraburkholderia atlantica,0.7436000000000001,Mostly Terrestrial,9999,1,0,0,0,0.7436000000000001
Acidovorax carolinensis,-0.5135538423277791,Mostly Aquatic,9999,0,1,0,0,-0.5135538423277791
Acidovorax radicis,-0.5135538423277791,Mostly Aquatic,9999,0,1,0,0,-0.5135538423277791
Cellulomonas uda,0.3838383838383838,Mostly Terrestrial,9999,1,0,0,0,0.3838383838383838
Niabella pedocola,0.7646750524109014,Mostly Terrestrial,9999,1,0,0,0,0.7646750524109014
Thermobifida alba,0.886423103013858,Terrestrial Specialist,9999,1,0,0,0,0.886423103013858
Pontibacter actiniarum,0.12280353420033757,Mostly Terrestrial,9999,1,0,0,0,0.12280353420033757
Pontibacter ummariensis,0.39663924382986177,Mostly Terrestrial,9999,1,0,0,0,0.39663924382986177
Ornithinibacillus halophilus,0.20000000000000007,Mostly Terrestrial,9999,1,0,0,0,0.20000000000000007
Mangrovihabitans endophyticus,0.8439380487323667,Terrestrial Specialist,9999,1,0,0,0,0.8439380487323667
Ramlibacter ginsenosidimutans,0.8974579182411543,Terrestrial Specialist,9999,1,0,0,0,0.8974579182411543
Nocardia asiatica,0.7287607170693686,Mostly Terrestrial,9999,1,0,0,0,0.7287607170693686
Rubrivivax benzoatilyticus,-0.3242580996460658,Mostly Aquatic,9999,0,1,0,0,-0.3242580996460658
Marinobacterium sediminicola,-0.7142857142857143,Mostly Aquatic,9999,0,1,0,0,-0.7142857142857143
Planococcus plakortidis,0.5698948290972832,Mostly Terrestrial,9999,1,0,0,0,0.5698948290972832
Oceanisphaera profunda,-0.1081339712918661,Mostly Aquatic,9999,0,1,0,0,-0.1081339712918661
Paenochrobactrum gallinarii,0.25871015567086736,Mostly Terrestrial,9999,1,0,0,0,0.25871015567086736
Pseudaminobacter defluvii,0.18691588785046734,Mostly Terrestrial,9999,1,0,0,0,0.18691588785046734
Azorhizophilus paspali,0.23081626413940687,Mostly Terrestrial,9999,1,0,0,0,0.23081626413940687
Nocardioides albidus,0.6921844971172325,Mostly Terrestrial,9999,1,0,0,0,0.6921844971172325
Kushneria avicenniae,-0.31972549709660386,Mostly Aquatic,9999,0,1,0,0,-0.31972549709660386
Neomicrococcus aestuarii,0.4661933739012846,Mostly Terrestrial,9999,1,0,0,0,0.4661933739012846
Neomicrococcus lactis,0.4661933739012846,Mostly Terrestrial,9999,1,0,0,0,0.4661933739012846
Paenibacillus yonginensis,0.7700309249367444,Mostly Terrestrial,9999,1,0,0,0,0.7700309249367444
Sphingobium lactosutens,-0.17627677100494238,Mostly Aquatic,9999,0,1,0,0,-0.17627677100494238
Cupidesulfovibrio oxamicus,-0.12662896483894767,Mostly Aquatic,9999,0,1,0,0,-0.12662896483894767
Deinococcus roseus,0.08108108108108109,Generalist,9999,1,0,0,0,0.08108108108108109
Desulfovibrio vulgaris,-0.06297229219143577,Generalist,9999,0,1,0,0,-0.06297229219143577
Desulfofundulus luciae,0.16828282828282826,Mostly Terrestrial,9999,1,0,0,0,0.16828282828282826
Streptomyces curacoi,0.877203501618899,Terrestrial Specialist,9999,1,0,0,0,0.877203501618899
Garciella nitratireducens,0.05796502822525129,Generalist,9999,1,0,0,0,0.05796502822525129
Hansschlegelia zhihuaiae,0.6425255338904364,Mostly Terrestrial,9999,1,0,0,0,0.6425255338904364
Pseudomonas seleniipraecipitans,0.4382556987115956,Mostly Terrestrial,9999,1,0,0,0,0.4382556987115956
Legionella steigerwaltii,0.6102454966937751,Mostly Terrestrial,9999,1,0,0,0,0.6102454966937751
Azomonas agilis,0,Generalist,9999,0,0,0,0,0
Natronospira proteinivora,-0.3098277247165938,Mostly Aquatic,9999,0,1,0,0,-0.3098277247165938
Prauserella muralis,0.9343352601156069,Terrestrial Specialist,9999,1,0,0,0,0.9343352601156069
Candidimonas nitroreducens,-0.14255351449825418,Mostly Aquatic,9999,0,1,0,0,-0.14255351449825418
Hymenobacter elongatus,0.6227718360071302,Mostly Terrestrial,9999,1,0,0,0,0.6227718360071302
Nocardia mangyaensis,0.15507844756399666,Mostly Terrestrial,9999,1,0,0,0,0.15507844756399666
Microbulbifer celer,0.28510090167453844,Mostly Terrestrial,9999,1,0,0,0,0.28510090167453844
Paenibacillus glacialis,0.6664756446991404,Mostly Terrestrial,9999,1,0,0,0,0.6664756446991404
Erythrobacter neustonensis,-0.46456327572207395,Mostly Aquatic,9999,0,1,0,0,-0.46456327572207395
Xenorhabdus poinarii,0.6278037959083066,Mostly Terrestrial,9999,1,0,0,0,0.6278037959083066
Actinokineospora auranticolor,0.851963746223565,Terrestrial Specialist,9999,1,0,0,0,0.851963746223565
Microvirga pakistanensis,0.8246076171660631,Terrestrial Specialist,9999,1,0,0,0,0.8246076171660631
Flavobacterium ginsengisoli,0.2936162656485838,Mostly Terrestrial,9999,1,0,0,0,0.2936162656485838
Paraoerskovia sediminicola,0.7894838398456344,Mostly Terrestrial,9999,1,0,0,0,0.7894838398456344
Actinoplanes capillaceus,0.4668623135240891,Mostly Terrestrial,9999,1,0,0,0,0.4668623135240891
Chryseobacterium soldanellicola,-0.21759491553771532,Mostly Aquatic,9999,0,1,0,0,-0.21759491553771532
Echinicola pacifica,-0.661756970015781,Mostly Aquatic,9999,0,1,0,0,-0.661756970015781
Jeotgalibacillus proteolyticus,-0.21443020903573834,Mostly Aquatic,9999,0,1,0,0,-0.21443020903573834
Chitinophaga dinghuensis,0.562877030162413,Mostly Terrestrial,9999,1,0,0,0,0.562877030162413
Nitrospirillum amazonense,0.5809757184228113,Mostly Terrestrial,9999,1,0,0,0,0.5809757184228113
Halomonas subglaciescola,-0.6091262379340604,Mostly Aquatic,9999,0,1,0,0,-0.6091262379340604
Micromonospora luteifusca,0.7489607955008557,Mostly Terrestrial,9999,1,0,0,0,0.7489607955008557
Spiroplasma tabanidicola,0.5294948781349346,Mostly Terrestrial,9999,1,0,0,0,0.5294948781349346
Rheinheimera hassiensis,-0.6,Mostly Aquatic,9999,0,1,0,0,-0.6
Citricoccus muralis,0.7314098053014308,Mostly Terrestrial,9999,1,0,0,0,0.7314098053014308
Sphaerisporangium rufum,0.726027397260274,Mostly Terrestrial,9999,1,0,0,0,0.726027397260274
Sphingobium cloacae,-0.001312335958005188,Generalist,9999,0,1,0,0,-0.001312335958005188
Psychroflexus aestuariivivens,-0.7997983316527637,Mostly Aquatic,9999,0,1,0,0,-0.7997983316527637
Anaerovirgula multivorans,0.06306306306306306,Generalist,9999,1,0,0,0,0.06306306306306306
Alkalicoccus daliensis,-0.06477438136826788,Generalist,9999,0,1,0,0,-0.06477438136826788
Alkalihalobacillus algicola,-0.6743155562589017,Mostly Aquatic,9999,0,1,0,0,-0.6743155562589017
Prosthecobacter fusiformis,0.21864436932930081,Mostly Terrestrial,9999,1,0,0,0,0.21864436932930081
Jeongeupia naejangsanensis,0.739060489060489,Mostly Terrestrial,9999,1,0,0,0,0.739060489060489
Rhodothermus profundi,-0.1707160096540627,Mostly Aquatic,9999,0,1,0,0,-0.1707160096540627
Demequina salsinemoris,-0.53171927673919706,Mostly Aquatic,9999,0,1,0,0,-0.53171927673919706
Streptomyces qinglanensis,0.9092468012135603,Terrestrial Specialist,9999,1,0,0,0,0.9092468012135603
Mesorhizobium thiogangeticum,0.629735999116315,Mostly Terrestrial,9999,1,0,0,0,0.629735999116315
Variovorax dokdonensis,0.4119671697114112,Mostly Terrestrial,9999,1,0,0,0,0.4119671697114112
Granulicella pectinivorans,0.7072594501718213,Mostly Terrestrial,9999,1,0,0,0,0.7072594501718213
Alteribacillus iranensis,-0.3117117117117117,Mostly Aquatic,9999,0,1,0,0,-0.3117117117117117
Psychrobacillus lasiicapitis,0.7704980117402006,Mostly Terrestrial,9999,1,0,0,0,0.7704980117402006
Ornithinibacillus bavariensis,0.8000870448280863,Terrestrial Specialist,9999,1,0,0,0,0.8000870448280863
Jeotgalibacillus salarius,-0.42879187295055615,Mostly Aquatic,9999,0,1,0,0,-0.42879187295055615
Salegentibacter salarius,-0.5609756097560976,Mostly Aquatic,9999,0,1,0,0,-0.5609756097560976
Kitasatospora griseola,0.6846189663200373,Mostly Terrestrial,9999,1,0,0,0,0.6846189663200373
Photorhabdus khanii,0.36,Mostly Terrestrial,9999,1,0,0,0,0.36
Granulicella sapmiensis,0.7072594501718213,Mostly Terrestrial,9999,1,0,0,0,0.7072594501718213
Herbaspirillum lusitanum,0.16671112296612428,Mostly Terrestrial,9999,1,0,0,0,0.16671112296612428
Tenuibacillus multivorans,0.5633739287325215,Mostly Terrestrial,9999,1,0,0,0,0.5633739287325215
Rufibacter sediminis,0.400451096985852,Mostly Terrestrial,9999,1,0,0,0,0.400451096985852
Virgibacillus natechei,0.7540801774679132,Mostly Terrestrial,9999,1,0,0,0,0.7540801774679132
Rhodanobacter lindaniclasticus,0.7716138328530261,Mostly Terrestrial,9999,1,0,0,0,0.7716138328530261
Streptomyces megasporus,0.5623592976136876,Mostly Terrestrial,9999,1,0,0,0,0.5623592976136876
Geobacter hydrogenophilus,-0.4455381981596405,Mostly Aquatic,9999,0,1,0,0,-0.4455381981596405
Chryseobacterium defluvii,0.5554344865159357,Mostly Terrestrial,9999,1,0,0,0,0.5554344865159357
Microbulbifer harenosus,-0.44467731444677316,Mostly Aquatic,9999,0,1,0,0,-0.44467731444677316
Desertibacillus haloalkaliphilus,-0.38812785388127863,Mostly Aquatic,9999,0,1,0,0,-0.38812785388127863
Aliidiomarina minuta,-0.41363284275755224,Mostly Aquatic,9999,0,1,0,0,-0.41363284275755224
Chromohalobacter sarecensis,-0.46134663341645876,Mostly Aquatic,9999,0,1,0,0,-0.46134663341645876
Acholeplasma oculi,0.8148433883659929,Terrestrial Specialist,9999,1,0,0,0,0.8148433883659929
Actinoplanes lobatus,0.5748492678725238,Mostly Terrestrial,9999,1,0,0,0,0.5748492678725238
Paenibacillus frigoriresistens,0.7742668318876496,Mostly Terrestrial,9999,1,0,0,0,0.7742668318876496
Nocardia amikacinitolerans,0.4782374343080447,Mostly Terrestrial,9999,1,0,0,0,0.4782374343080447
Nocardia bhagyanarayanae,0.4782374343080447,Mostly Terrestrial,9999,1,0,0,0,0.4782374343080447
Pleomorphomonas diazotrophica,0.27816476270084517,Mostly Terrestrial,9999,1,0,0,0,0.27816476270084517
Calidifontibacillus oryziterrae,0.44445524346389353,Mostly Terrestrial,9999,1,0,0,0,0.44445524346389353
Flavobacterium daemonense,-0.3844723384472338,Mostly Aquatic,9999,0,1,0,0,-0.3844723384472338
Gelidibacter salicanalis,-0.6779188603282751,Mostly Aquatic,9999,0,1,0,0,-0.6779188603282751
Pedobacter yulinensis,0.11740989615149662,Mostly Terrestrial,9999,1,0,0,0,0.11740989615149662
Legionella jamestowniensis,0.25605536332179935,Mostly Terrestrial,9999,1,0,0,0,0.25605536332179935
Nocardia brasiliensis,0.840023700192564,Terrestrial Specialist,9999,1,0,0,0,0.840023700192564
Stakelama sediminis,0.4083139902933108,Mostly Terrestrial,9999,1,0,0,0,0.4083139902933108
Roseimicrobium gellanilyticum,0.8250206100577082,Terrestrial Specialist,9999,1,0,0,0,0.8250206100577082
Dyadobacter koreensis,0.5833333333333333,Mostly Terrestrial,9999,1,0,0,0,0.5833333333333333
Dickeya undicola,0.3333333333333333,Mostly Terrestrial,9999,1,0,0,0,0.3333333333333333
Paenibacillus lemnae,0.4004560182407297,Mostly Terrestrial,9999,1,0,0,0,0.4004560182407297
Chryseobacterium taichungense,0.5555555555555556,Mostly Terrestrial,9999,1,0,0,0,0.5555555555555556
Kushneria pakistanensis,-0.0674846625766871,Generalist,9999,0,1,0,0,-0.0674846625766871
Pseudoxanthomonas dokdonensis,0.7141202586622912,Mostly Terrestrial,9999,1,0,0,0,0.7141202586622912
Photorhabdus akhurstii,0.7779850746268657,Mostly Terrestrial,9999,1,0,0,0,0.7779850746268657
Photorhabdus luminescens,-0.3494965553789083,Mostly Aquatic,9999,0,1,0,0,-0.3494965553789083
Photorhabdus hainanensis,0.7779850746268657,Mostly Terrestrial,9999,1,0,0,0,0.7779850746268657
Legionella cincinnatiensis,0.5555555555555556,Mostly Terrestrial,9999,1,0,0,0,0.5555555555555556
Hymenobacter xinjiangensis,0.20022205773501112,Mostly Terrestrial,9999,1,0,0,0,0.20022205773501112
Nocardia pneumoniae,0.36928865794660454,Mostly Terrestrial,9999,1,0,0,0,0.36928865794660454
Streptomyces pini,0.7644566829061639,Mostly Terrestrial,9999,1,0,0,0,0.7644566829061639
Occallatibacter riparius,0.8917160256945025,Terrestrial Specialist,9999,1,0,0,0,0.8917160256945025
Occallatibacter savannae,0.8462077421614994,Terrestrial Specialist,9999,1,0,0,0,0.8462077421614994
Thermoflexibacter ruber,-0.8885798869651028,Aquatic Specialist,9999,0,1,0,0,-0.8885798869651028
Methylobacterium trifolii,0.47908302033415356,Mostly Terrestrial,9999,1,0,0,0,0.47908302033415356
Aminivibrio pyruvatiphilus,-0.6726336726336727,Mostly Aquatic,9999,0,1,0,0,-0.6726336726336727
Roseovarius lutimaris,-0.6725721784776902,Mostly Aquatic,9999,0,1,0,0,-0.6725721784776902
Nocardioides szechwanensis,0.3248407643312102,Mostly Terrestrial,9999,1,0,0,0,0.3248407643312102
Burkholderia ubonensis,0.6683362664139704,Mostly Terrestrial,9999,1,0,0,0,0.6683362664139704
Cyanobacterium stanieri,-0.5471218449246414,Mostly Aquatic,9999,0,1,0,0,-0.5471218449246414
Nonomuraea soli,0.6431672524291916,Mostly Terrestrial,9999,1,0,0,0,0.6431672524291916
Bosea lupini,0.19074492099322798,Mostly Terrestrial,9999,1,0,0,0,0.19074492099322798
Bordetella hinzii,0.0030986216476119152,Generalist,9999,1,0,0,0,0.0030986216476119152
Cyclobacterium marinum,-0.9390365118282421,Aquatic Specialist,9999,0,1,0,0,-0.9390365118282421
Cupriavidus neocaledonicus,0.7107390957749686,Mostly Terrestrial,9999,1,0,0,0,0.7107390957749686
Aliidiomarina shirensis,-0.3807502581163244,Mostly Aquatic,9999,0,1,0,0,-0.3807502581163244
Saccharothrix tamanrassetensis,0.933986797359472,Terrestrial Specialist,9999,1,0,0,0,0.933986797359472
Halorhodospira halochloris,-0.33226723525230994,Mostly Aquatic,9999,0,1,0,0,-0.33226723525230994
Halorhodospira halophila,-0.5681785457163426,Mostly Aquatic,9999,0,1,0,0,-0.5681785457163426
Ectothiorhodospira shaposhnikovii,-0.02108402756350925,Generalist,9999,0,1,0,0,-0.02108402756350925
Gemmobacter lanyuensis,-0.9750160153747597,Aquatic Specialist,9999,0,1,0,0,-0.9750160153747597
Luteimicrobium album,1,Terrestrial Specialist,9999,1,0,0,0,1
Thiococcus pfennigii,-0.5327315374227023,Mostly Aquatic,9999,0,1,0,0,-0.5327315374227023
Thiocapsa roseopersicina,-0.5550366911274183,Mostly Aquatic,9999,0,1,0,0,-0.5550366911274183
Pelistega europaea,-0.0469581309275966,Generalist,9999,0,1,0,0,-0.0469581309275966
Streptosporangium subroseum,0.8488327592805204,Terrestrial Specialist,9999,1,0,0,0,0.8488327592805204
Mycolicibacillus koreensis,0.3698740554156172,Mostly Terrestrial,9999,1,0,0,0,0.3698740554156172
Mycolicibacillus parakoreensis,0.3698740554156172,Mostly Terrestrial,9999,1,0,0,0,0.3698740554156172
Polymorphobacter multimanifer,-0.77296278850683,Mostly Aquatic,9999,0,1,0,0,-0.77296278850683
Microbacterium lemovicicum,0.40025709945074206,Mostly Terrestrial,9999,1,0,0,0,0.40025709945074206
Pseudoalteromonas ulvae,-0.981429076759816,Aquatic Specialist,9999,0,1,0,0,-0.981429076759816
Porticoccus hydrocarbonoclasticus,-0.8940650925335035,Aquatic Specialist,9999,0,1,0,0,-0.8940650925335035
Rhodopseudomonas palustris,0.32753744631821513,Mostly Terrestrial,9999,1,0,0,0,0.32753744631821513
Phytohabitans flavus,0.8874206793579694,Terrestrial Specialist,9999,1,0,0,0,0.8874206793579694
Phytohabitans rumicis,0.8874206793579694,Terrestrial Specialist,9999,1,0,0,0,0.8874206793579694
Phytohabitans houttuyneae,0.8874206793579694,Terrestrial Specialist,9999,1,0,0,0,0.8874206793579694
Glycomyces artemisiae,0.9233565271575449,Terrestrial Specialist,9999,1,0,0,0,0.9233565271575449
Pantoea rodasii,0.7375046279155869,Mostly Terrestrial,9999,1,0,0,0,0.7375046279155869
Pantoea rwandensis,0.23316202326210445,Mostly Terrestrial,9999,1,0,0,0,0.23316202326210445
Fontimonas thermophila,0.25,Mostly Terrestrial,9999,1,0,0,0,0.25
Paracoccus zhejiangensis,-0.2719707057256991,Mostly Aquatic,9999,0,1,0,0,-0.2719707057256991
Pseudorhodobacter antarcticus,-0.7927499084584401,Mostly Aquatic,9999,0,1,0,0,-0.7927499084584401
Serinicoccus profundi,0.30990510083036776,Mostly Terrestrial,9999,1,0,0,0,0.30990510083036776
Bradyrhizobium yuanmingense,0.44206890112967984,Mostly Terrestrial,9999,1,0,0,0,0.44206890112967984
Limimonas halophila,-0.7991368680641184,Mostly Aquatic,9999,0,1,0,0,-0.7991368680641184
Dyadobacter jejuensis,-0.798481308411215,Mostly Aquatic,9999,0,1,0,0,-0.798481308411215
Lonsdalea iberica,0.504508253571924,Mostly Terrestrial,9999,1,0,0,0,0.504508253571924
Comamonas serinivorans,-0.19416255919590222,Mostly Aquatic,9999,0,1,0,0,-0.19416255919590222
Gluconacetobacter entanii,0.6061912225705328,Mostly Terrestrial,9999,1,0,0,0,0.6061912225705328
Rhodovibrio salinarum,0.22765432098765429,Mostly Terrestrial,9999,1,0,0,0,0.22765432098765429
Rhodovibrio sodomensis,0,Generalist,9999,0,0,0,0,0
Acinetobacter ursingii,0.5257673894677556,Mostly Terrestrial,9999,1,0,0,0,0.5257673894677556
Devosia lucknowensis,0.6871207012811867,Mostly Terrestrial,9999,1,0,0,0,0.6871207012811867
Lysobacter telluris,0.8162672476397966,Terrestrial Specialist,9999,1,0,0,0,0.8162672476397966
Agriterribacter humi,0.3194342395297576,Mostly Terrestrial,9999,1,0,0,0,0.3194342395297576
Mycolicibacterium vanbaalenii,0.0717904747057448,Generalist,9999,1,0,0,0,0.0717904747057448
Mycolicibacter longobardus,0.3556129677473123,Mostly Terrestrial,9999,1,0,0,0,0.3556129677473123
Flavobacterium collinsii,0.08862409234779374,Generalist,9999,1,0,0,0,0.08862409234779374
Flavobacterium piscis,0.3787114188475531,Mostly Terrestrial,9999,1,0,0,0,0.3787114188475531
Marinifilum flexuosum,-0.7725012431626056,Mostly Aquatic,9999,0,1,0,0,-0.7725012431626056
Mycolicibacter minnesotensis,0.1482479784366577,Mostly Terrestrial,9999,1,0,0,0,0.1482479784366577
Marinospirillum celere,-0.8285714285714286,Aquatic Specialist,9999,0,1,0,0,-0.8285714285714286
Chlorogloeopsis fritschii,0.40155728587319245,Mostly Terrestrial,9999,1,0,0,0,0.40155728587319245
Nocardia zapadnayensis,0.8253463122426058,Terrestrial Specialist,9999,1,0,0,0,0.8253463122426058
Amycolatopsis cihanbeyliensis,0.8433938846891572,Terrestrial Specialist,9999,1,0,0,0,0.8433938846891572
Saccharomonospora amisosensis,0.8092715231788078,Terrestrial Specialist,9999,1,0,0,0,0.8092715231788078
Sporomusa malonica,0.18449559918754235,Mostly Terrestrial,9999,1,0,0,0,0.18449559918754235
Undibacterium squillarum,0.2050480490911196,Mostly Terrestrial,9999,1,0,0,0,0.2050480490911196
Actinoplanes campanulatus,0.4668623135240891,Mostly Terrestrial,9999,1,0,0,0,0.4668623135240891
Actinoplanes durhamensis,0.9374090247452692,Terrestrial Specialist,9999,1,0,0,0,0.9374090247452692
Actinoplanes ferrugineus,0.9746336446996314,Terrestrial Specialist,9999,1,0,0,0,0.9746336446996314
Actinoplanes rectilineatus,0.8649362076550814,Terrestrial Specialist,9999,1,0,0,0,0.8649362076550814
Rhizobium azibense,0.9515591886164094,Terrestrial Specialist,9999,1,0,0,0,0.9515591886164094
Polaribacter porphyrae,-0.9322442420996251,Aquatic Specialist,9999,0,1,0,0,-0.9322442420996251
Rhizobium aethiopicum,0.7957068837897854,Mostly Terrestrial,9999,1,0,0,0,0.7957068837897854
Mycobacterium paraintracellulare,0.5499398315282792,Mostly Terrestrial,9999,1,0,0,0,0.5499398315282792
Gemmata obscuriglobus,0.4863136863136863,Mostly Terrestrial,9999,1,0,0,0,0.4863136863136863
Chryseobacterium taihuense,0.1920762286860582,Mostly Terrestrial,9999,1,0,0,0,0.1920762286860582
Paenibacillus jamilae,0.8084960266849798,Terrestrial Specialist,9999,1,0,0,0,0.8084960266849798
Sphingomonas guangdongensis,0.42469204927211646,Mostly Terrestrial,9999,1,0,0,0,0.42469204927211646
Thalassotalea eurytherma,-0.9636746008985756,Aquatic Specialist,9999,0,1,0,0,-0.9636746008985756
Actinoplanes hulinensis,0.9129915550626974,Terrestrial Specialist,9999,1,0,0,0,0.9129915550626974
Micromonospora phaseoli,0.8766782695176528,Terrestrial Specialist,9999,1,0,0,0,0.8766782695176528
Paludibacterium purpuratum,0.11209948261777249,Mostly Terrestrial,9999,1,0,0,0,0.11209948261777249
Halomonas neptunia,-0.6682612999010228,Mostly Aquatic,9999,0,1,0,0,-0.6682612999010228
Trichlorobacter thiogenes,-0.4484081319524357,Mostly Aquatic,9999,0,1,0,0,-0.4484081319524357
Chlorobaculum thiosulfatiphilum,-0.6871182423192634,Mostly Aquatic,9999,0,1,0,0,-0.6871182423192634
Planktothrix agardhii,-0.8548292108362779,Aquatic Specialist,9999,0,1,0,0,-0.8548292108362779
Streptomyces coeruleorubidus,-0.3333333333333333,Mostly Aquatic,9999,0,1,0,0,-0.3333333333333333
Cohaesibacter haloalkalitolerans,-0.035680751173708905,Generalist,9999,0,1,0,0,-0.035680751173708905
Mycetocola zhadangensis,0.5599644655019247,Mostly Terrestrial,9999,1,0,0,0,0.5599644655019247
Candidatus Thiodictyon syntrophicum,-0.7809991613753444,Mostly Aquatic,9999,0,1,0,0,-0.7809991613753444
Nocardioides glacieisoli,0.5397124675936836,Mostly Terrestrial,9999,1,0,0,0,0.5397124675936836
Caldicoprobacter guelmensis,-0.6802686817800169,Mostly Aquatic,9999,0,1,0,0,-0.6802686817800169
Sphingopyxis alaskensis,-0.10373998219056099,Mostly Aquatic,9999,0,1,0,0,-0.10373998219056099
Halomonas malpeensis,-0.38179916317991636,Mostly Aquatic,9999,0,1,0,0,-0.38179916317991636
Paenibacillus hemerocallicola,0.9722418920832742,Terrestrial Specialist,9999,1,0,0,0,0.9722418920832742
Conyzicola lurida,0.6418375914597576,Mostly Terrestrial,9999,1,0,0,0,0.6418375914597576
Methylomonas paludis,-0.6086495654017384,Mostly Aquatic,9999,0,1,0,0,-0.6086495654017384
Ruegeria arenilitoris,-0.9601353339217416,Aquatic Specialist,9999,0,1,0,0,-0.9601353339217416
Shewanella litorisediminis,-0.6417221937467964,Mostly Aquatic,9999,0,1,0,0,-0.6417221937467964
Kocuria dechangensis,0.6620607974733518,Mostly Terrestrial,9999,1,0,0,0,0.6620607974733518
Novosphingobium ginsenosidimutans,-0.17838741122406343,Mostly Aquatic,9999,0,1,0,0,-0.17838741122406343
Sphingosinicella ginsenosidimutans,0.8944962194478635,Terrestrial Specialist,9999,1,0,0,0,0.8944962194478635
Sphingomonas daechungensis,0.7915938752440653,Mostly Terrestrial,9999,1,0,0,0,0.7915938752440653
Agrobacterium fabrum,1,Terrestrial Specialist,9999,1,0,0,0,1
Pseudomonas reactans,0.4390947927491052,Mostly Terrestrial,9999,1,0,0,0,0.4390947927491052
Pseudomonas gingeri,-0.1430825881115203,Mostly Aquatic,9999,0,1,0,0,-0.1430825881115203
Amycolatopsis jiangsuensis,0.8666225384742677,Terrestrial Specialist,9999,1,0,0,0,0.8666225384742677
Vallitalea guaymasensis,-0.4383186110265002,Mostly Aquatic,9999,0,1,0,0,-0.4383186110265002
Nonomuraea cypriaca,0.9703257078678253,Terrestrial Specialist,9999,1,0,0,0,0.9703257078678253
Paraburkholderia eburnea,0.869967607589079,Terrestrial Specialist,9999,1,0,0,0,0.869967607589079
Cupriavidus metallidurans,0.4079265345577574,Mostly Terrestrial,9999,1,0,0,0,0.4079265345577574
Roseibacterium beibuensis,-1,Aquatic Specialist,9999,0,1,0,0,-1
Comamonas jiangduensis,0.18558868501529052,Mostly Terrestrial,9999,1,0,0,0,0.18558868501529052
Snodgrassella alvi,0.27097232079489003,Mostly Terrestrial,9999,1,0,0,0,0.27097232079489003
Micromonospora avicenniae,0.7361827560795875,Mostly Terrestrial,9999,1,0,0,0,0.7361827560795875
Subtercola frigoramans,0.45078539948016727,Mostly Terrestrial,9999,1,0,0,0,0.45078539948016727
Photorhabdus noenieputensis,1,Terrestrial Specialist,9999,1,0,0,0,1
Nocardia abscessus,1,Terrestrial Specialist,9999,1,0,0,0,1
Mycobacterium kubicae,-0.12917613397290245,Mostly Aquatic,9999,0,1,0,0,-0.12917613397290245
Mesorhizobium hawassense,0.5924647401124372,Mostly Terrestrial,9999,1,0,0,0,0.5924647401124372
Actinocrispum wychmicini,1,Terrestrial Specialist,9999,1,0,0,0,1
Streptomyces chumphonensis,0.8568421052631578,Terrestrial Specialist,9999,1,0,0,0,0.8568421052631578
Micromonospora matsumotoense,0.7087415580709597,Mostly Terrestrial,9999,1,0,0,0,0.7087415580709597
Sediminicoccus rosea,-0.6691950639646779,Mostly Aquatic,9999,0,1,0,0,-0.6691950639646779
Candidatus Rickettsiella isopodorum,-0.3415342890352576,Mostly Aquatic,9999,0,1,0,0,-0.3415342890352576
Caballeronia terrestris,0.8225223511508465,Terrestrial Specialist,9999,1,0,0,0,0.8225223511508465
Azospirillum humicireducens,0.7970867893991503,Mostly Terrestrial,9999,1,0,0,0,0.7970867893991503
Hymenobacter arizonensis,0.7778111169454655,Mostly Terrestrial,9999,1,0,0,0,0.7778111169454655
Nitrosococcus oceani,-0.44704813805631255,Mostly Aquatic,9999,0,1,0,0,-0.44704813805631255
Paenibacillus ihuae,0.6886533176285826,Mostly Terrestrial,9999,1,0,0,0,0.6886533176285826
Caballeronia udeis,0.9439252336448598,Terrestrial Specialist,9999,1,0,0,0,0.9439252336448598
Ideonella paludis,-0.2628921044964552,Mostly Aquatic,9999,0,1,0,0,-0.2628921044964552
Endozoicomonas euniceicola,-0.9390855769910254,Aquatic Specialist,9999,0,1,0,0,-0.9390855769910254
Endozoicomonas gorgoniicola,-0.7068295391449194,Mostly Aquatic,9999,0,1,0,0,-0.7068295391449194
Pseudorhodoplanes sinuspersici,0.6809977692151693,Mostly Terrestrial,9999,1,0,0,0,0.6809977692151693
Cellvibrio zantedeschiae,0.6691087823425762,Mostly Terrestrial,9999,1,0,0,0,0.6691087823425762
Bordetella trematum,0.6935309973045823,Mostly Terrestrial,9999,1,0,0,0,0.6935309973045823
Litoreibacter halocynthiae,-0.8441708667272576,Aquatic Specialist,9999,0,1,0,0,-0.8441708667272576
Verticiella sediminum,0.632945091514143,Mostly Terrestrial,9999,1,0,0,0,0.632945091514143
Pseudooceanicola antarcticus,-0.934174437739989,Aquatic Specialist,9999,0,1,0,0,-0.934174437739989
Mycolicibacterium celeriflavum,0.6734730431667562,Mostly Terrestrial,9999,1,0,0,0,0.6734730431667562
Aliidiomarina sanyensis,-0.4543028685790528,Mostly Aquatic,9999,0,1,0,0,-0.4543028685790528
Imhoffiella purpurea,-0.665018195390501,Mostly Aquatic,9999,0,1,0,0,-0.665018195390501
Lysobacter panacisoli,0.7982873453853473,Mostly Terrestrial,9999,1,0,0,0,0.7982873453853473
Novosphingobium colocasiae,0.3121742152206649,Mostly Terrestrial,9999,1,0,0,0,0.3121742152206649
Novosphingobium arvoryzae,0.1715541350379545,Mostly Terrestrial,9999,1,0,0,0,0.1715541350379545
Cryobacterium breve,0.44077339849144803,Mostly Terrestrial,9999,1,0,0,0,0.44077339849144803
Sphingomonas psychrolutea,0.4438887152235074,Mostly Terrestrial,9999,1,0,0,0,0.4438887152235074
Mycobacterium fragae,0.7320758172328542,Mostly Terrestrial,9999,1,0,0,0,0.7320758172328542
Phormidium tenue,0.4103327021909657,Mostly Terrestrial,9999,1,0,0,0,0.4103327021909657
Flavobacterium cutihirudinis,-0.11079166238833563,Mostly Aquatic,9999,0,1,0,0,-0.11079166238833563
Mycolicibacterium doricum,0.6734730431667562,Mostly Terrestrial,9999,1,0,0,0,0.6734730431667562
Streptomyces rhizosphaerihabitans,0.9407516822583293,Terrestrial Specialist,9999,1,0,0,0,0.9407516822583293
Melaminivora jejuensis,0.487688158009223,Mostly Terrestrial,9999,1,0,0,0,0.487688158009223
Diaminobutyricibacter tongyongensis,0.517511420491625,Mostly Terrestrial,9999,1,0,0,0,0.517511420491625
Sphingomonas kyeonggiensis,0.37332842596000493,Mostly Terrestrial,9999,1,0,0,0,0.37332842596000493
Vulcaniibacterium tengchongense,0.6260713152047402,Mostly Terrestrial,9999,1,0,0,0,0.6260713152047402
Staphylococcus petrasii,0.7986008055967776,Mostly Terrestrial,9999,1,0,0,0,0.7986008055967776
Micromonospora polyrhachis,0.7087415580709597,Mostly Terrestrial,9999,1,0,0,0,0.7087415580709597
Nioella nitratireducens,-0.984765625,Aquatic Specialist,9999,0,1,0,0,-0.984765625
Roseovarius azorensis,-0.487028657616893,Mostly Aquatic,9999,0,1,0,0,-0.487028657616893
Achromobacter insuavis,0.5271426746710945,Mostly Terrestrial,9999,1,0,0,0,0.5271426746710945
Achromobacter aegrifaciens,0.5271426746710945,Mostly Terrestrial,9999,1,0,0,0,0.5271426746710945
Achromobacter anxifer,0.5271426746710945,Mostly Terrestrial,9999,1,0,0,0,0.5271426746710945
Achromobacter dolens,0.5271426746710945,Mostly Terrestrial,9999,1,0,0,0,0.5271426746710945
Mycolicibacter algericus,0.3556129677473123,Mostly Terrestrial,9999,1,0,0,0,0.3556129677473123
Chitinophaga polysaccharea,0.3334334184056449,Mostly Terrestrial,9999,1,0,0,0,0.3334334184056449
Swingsia samuiensis,0.5431683485503764,Mostly Terrestrial,9999,1,0,0,0,0.5431683485503764
Thalassospira alkalitolerans,-0.850868725868726,Aquatic Specialist,9999,0,1,0,0,-0.850868725868726
Thalassospira mesophila,-0.8818648755432634,Aquatic Specialist,9999,0,1,0,0,-0.8818648755432634
Cohnella lupini,0.8407053851198717,Terrestrial Specialist,9999,1,0,0,0,0.8407053851198717
Paenibacillus endophyticus,0.8325884543761639,Terrestrial Specialist,9999,1,0,0,0,0.8325884543761639
Oceanimonas baumannii,-0.6853808894760017,Mostly Aquatic,9999,0,1,0,0,-0.6853808894760017
Myxococcus hansupus,0.8041112454655381,Terrestrial Specialist,9999,1,0,0,0,0.8041112454655381
Mesobacillus jeotgali,0.22300518134715022,Mostly Terrestrial,9999,1,0,0,0,0.22300518134715022
Bradyrhizobium centrosematis,0.44206890112967984,Mostly Terrestrial,9999,1,0,0,0,0.44206890112967984
Paenibacillus dendritiformis,0.8587223587223588,Terrestrial Specialist,9999,1,0,0,0,0.8587223587223588
Streptococcus oralis,0.8689655172413794,Terrestrial Specialist,9999,1,0,0,0,0.8689655172413794
Acidocella aromatica,-0.0929971505051377,Generalist,9999,0,1,0,0,-0.0929971505051377
Azospirillum soli,0.3287773625200213,Mostly Terrestrial,9999,1,0,0,0,0.3287773625200213
Flavobacterium commune,0.24272779811211723,Mostly Terrestrial,9999,1,0,0,0,0.24272779811211723
Pseudomaricurvus alkylphenolicus,-0.9459918798980267,Aquatic Specialist,9999,0,1,0,0,-0.9459918798980267
Pseudomonas soli,-0.3333333333333333,Mostly Aquatic,9999,0,1,0,0,-0.3333333333333333
Sedimentibacter saalensis,0.04256485202776766,Generalist,9999,1,0,0,0,0.04256485202776766
Flavobacterium gyeonganense,0.18831551477397088,Mostly Terrestrial,9999,1,0,0,0,0.18831551477397088
Altererythrobacter xiamenensis,-0.9246741337525382,Aquatic Specialist,9999,0,1,0,0,-0.9246741337525382
Xanthomonas maliensis,0.5935114503816795,Mostly Terrestrial,9999,1,0,0,0,0.5935114503816795
Paenibacillus selenitireducens,1,Terrestrial Specialist,9999,1,0,0,0,1
Paraburkholderia aspalathi,0.7925089789635711,Mostly Terrestrial,9999,1,0,0,0,0.7925089789635711
Limisphaera ngatamarikiensis,-0.7321544904606794,Mostly Aquatic,9999,0,1,0,0,-0.7321544904606794
Bradyrhizobium guangzhouense,0.44206890112967984,Mostly Terrestrial,9999,1,0,0,0,0.44206890112967984
Bradyrhizobium zhanjiangense,0.6006471875892262,Mostly Terrestrial,9999,1,0,0,0,0.6006471875892262
Paenibacillus segetis,1,Terrestrial Specialist,9999,1,0,0,0,1
Nitrospira japonica,1,Terrestrial Specialist,9999,1,0,0,0,1
Nocardioides massiliensis,0.5886308616515736,Mostly Terrestrial,9999,1,0,0,0,0.5886308616515736
Planktothrix pseudagardhii,-0.8428980821515174,Aquatic Specialist,9999,0,1,0,0,-0.8428980821515174
Clostridium bowmanii,0.32039375928677566,Mostly Terrestrial,9999,1,0,0,0,0.32039375928677566
Bordetella pseudohinzii,0.0030986216476119152,Generalist,9999,1,0,0,0,0.0030986216476119152
Chitinophaga costaii,0.9649439826526924,Terrestrial Specialist,9999,1,0,0,0,0.9649439826526924
Methylicorpusculum oleiharenae,-0.485774314978552,Mostly Aquatic,9999,0,1,0,0,-0.485774314978552
Streptococcus porcinus,0.6677765445800963,Mostly Terrestrial,9999,1,0,0,0,0.6677765445800963
Sphingorhabdus contaminans,-0.9397463855908246,Aquatic Specialist,9999,0,1,0,0,-0.9397463855908246
Mycolicibacterium goodii,0.6734730431667562,Mostly Terrestrial,9999,1,0,0,0,0.6734730431667562
Methyloversatilis thermotolerans,-0.4072398190045249,Mostly Aquatic,9999,0,1,0,0,-0.4072398190045249
Pseudoalteromonas piratica,-0.921616744857452,Aquatic Specialist,9999,0,1,0,0,-0.921616744857452
Nocardia fluminea,0.7185808779314491,Mostly Terrestrial,9999,1,0,0,0,0.7185808779314491
Flavobacterium lacus,-0.8599221789883268,Aquatic Specialist,9999,0,1,0,0,-0.8599221789883268
Caballeronia cordobensis,0.8860510805500983,Terrestrial Specialist,9999,1,0,0,0,0.8860510805500983
Achromobacter agilis,0.5271426746710945,Mostly Terrestrial,9999,1,0,0,0,0.5271426746710945
Helicobacter apodemus,0.8737471426059432,Terrestrial Specialist,9999,1,0,0,0,0.8737471426059432
Paracoccus kondratievae,0.0404852588517422,Generalist,9999,1,0,0,0,0.0404852588517422
Actinoplanes octamycinicus,0.9123587812393016,Terrestrial Specialist,9999,1,0,0,0,0.9123587812393016
Sinosporangium siamense,0.7538461538461538,Mostly Terrestrial,9999,1,0,0,0,0.7538461538461538
Thiocystis violacea,-0.2424972211930344,Mostly Aquatic,9999,0,1,0,0,-0.2424972211930344
Asanoa ishikariensis,0.8636665814369725,Terrestrial Specialist,9999,1,0,0,0,0.8636665814369725
Roseivivax marinus,-0.8745078115076845,Aquatic Specialist,9999,0,1,0,0,-0.8745078115076845
Sphingobium xanthum,0.5405615359005659,Mostly Terrestrial,9999,1,0,0,0,0.5405615359005659
Cohnella nanjingensis,0.5196302077080083,Mostly Terrestrial,9999,1,0,0,0,0.5196302077080083
Achromobacter pulmonis,0.5271426746710945,Mostly Terrestrial,9999,1,0,0,0,0.5271426746710945
Achromobacter animicus,0.5271426746710945,Mostly Terrestrial,9999,1,0,0,0,0.5271426746710945
Flavobacterium paronense,-0.7642471505698859,Mostly Aquatic,9999,0,1,0,0,-0.7642471505698859
Pseudomonas oryzae,-0.3575169242559714,Mostly Aquatic,9999,0,1,0,0,-0.3575169242559714
Brevibacillus brevis,0.606553646603709,Mostly Terrestrial,9999,1,0,0,0,0.606553646603709
Rhizobium smilacinae,0.7215298667812635,Mostly Terrestrial,9999,1,0,0,0,0.7215298667812635
Ectothiorhodospira marina,-0.5142954390742002,Mostly Aquatic,9999,0,1,0,0,-0.5142954390742002
Leisingera aquaemixtae,-0.9437709030100335,Aquatic Specialist,9999,0,1,0,0,-0.9437709030100335
Bradyrhizobium sacchari,0.6006471875892262,Mostly Terrestrial,9999,1,0,0,0,0.6006471875892262
Roseospira marina,-0.5,Mostly Aquatic,9999,0,1,0,0,-0.5
Roseospira navarrensis,-0.8512569271544453,Aquatic Specialist,9999,0,1,0,0,-0.8512569271544453
Paenibacillus lautus,0.8227793386643613,Terrestrial Specialist,9999,1,0,0,0,0.8227793386643613
Priestia megaterium,0.7591792656587472,Mostly Terrestrial,9999,1,0,0,0,0.7591792656587472
Paenibacillus polymyxa,0.8084960266849798,Terrestrial Specialist,9999,1,0,0,0,0.8084960266849798
Peribacillus psychrosaccharolyticus,0.3777416734362307,Mostly Terrestrial,9999,1,0,0,0,0.3777416734362307
Orenia metallireducens,-0.43455497382198954,Mostly Aquatic,9999,0,1,0,0,-0.43455497382198954
Tepidibacillus decaturensis,-0.6485631092543361,Mostly Aquatic,9999,0,1,0,0,-0.6485631092543361
Mycobacterium lentiflavum,-0.12917613397290245,Mostly Aquatic,9999,0,1,0,0,-0.12917613397290245
Oceanisphaera psychrotolerans,-0.8667069669034304,Aquatic Specialist,9999,0,1,0,0,-0.8667069669034304
Streptomyces odonnellii,0.8341989612465043,Terrestrial Specialist,9999,1,0,0,0,0.8341989612465043
Sneathiella chungangensis,-0.18453937808776516,Mostly Aquatic,9999,0,1,0,0,-0.18453937808776516
Bradyrhizobium forestalis,0.44206890112967984,Mostly Terrestrial,9999,1,0,0,0,0.44206890112967984
Bradyrhizobium brasilense,0.5970825941257639,Mostly Terrestrial,9999,1,0,0,0,0.5970825941257639
Bacillus subtilis,0.4831908831908832,Mostly Terrestrial,9999,1,0,0,0,0.4831908831908832
Cryobacterium flavum,0.017534296356863814,Generalist,9999,1,0,0,0,0.017534296356863814
Cryobacterium luteum,0.017534296356863814,Generalist,9999,1,0,0,0,0.017534296356863814
Actinomadura barringtoniae,0.9579734784087045,Terrestrial Specialist,9999,1,0,0,0,0.9579734784087045
Novosphingobium chloroacetimidivorans,0.5153086419753086,Mostly Terrestrial,9999,1,0,0,0,0.5153086419753086
Mycolicibacterium anyangense,0.6734730431667562,Mostly Terrestrial,9999,1,0,0,0,0.6734730431667562
Methylocaldum marinum,0.4541154210028382,Mostly Terrestrial,9999,1,0,0,0,0.4541154210028382
Nitrospira lenta,-0.32870787529284556,Mostly Aquatic,9999,0,1,0,0,-0.32870787529284556
Streptomyces leeuwenhoekii,0.9214363988872967,Terrestrial Specialist,9999,1,0,0,0,0.9214363988872967
Sphaerisporangium corydalis,0.8439771295668186,Terrestrial Specialist,9999,1,0,0,0,0.8439771295668186
Massilia norwichensis,0.05530071355759425,Generalist,9999,1,0,0,0,0.05530071355759425
Phenylobacterium kunshanense,0.7232008995502249,Mostly Terrestrial,9999,1,0,0,0,0.7232008995502249
Lutimonas halocynthiae,-0.9067271976888155,Aquatic Specialist,9999,0,1,0,0,-0.9067271976888155
Halomonas salicampi,-0.5235452103849597,Mostly Aquatic,9999,0,1,0,0,-0.5235452103849597
Paenibacillus lupini,0.9582515377568381,Terrestrial Specialist,9999,1,0,0,0,0.9582515377568381
Paenibacillus amylolyticus,0.8637358265367019,Terrestrial Specialist,9999,1,0,0,0,0.8637358265367019
Pseudomonas caspiana,0.4635994587280108,Mostly Terrestrial,9999,1,0,0,0,0.4635994587280108
Candidatus Magnetobacterium casensis,-0.04519078600316512,Generalist,9999,0,1,0,0,-0.04519078600316512
Candidatus Phaeomarinobacter ectocarpi,-0.7808519611978069,Mostly Aquatic,9999,0,1,0,0,-0.7808519611978069
Aestuariispira insulae,-0.8621734191594093,Aquatic Specialist,9999,0,1,0,0,-0.8621734191594093
Mobilitalea sibirica,-0.29073078139829167,Mostly Aquatic,9999,0,1,0,0,-0.29073078139829167
Cupriavidus yeoncheonensis,0.5762935854427162,Mostly Terrestrial,9999,1,0,0,0,0.5762935854427162
Klebsiella quasipneumoniae,0.5748492678725238,Mostly Terrestrial,9999,1,0,0,0,0.5748492678725238
Qipengyuania oceanensis,-0.7869399040416363,Mostly Aquatic,9999,0,1,0,0,-0.7869399040416363
Brevibacillus laterosporus,0.8024018568977695,Terrestrial Specialist,9999,1,0,0,0,0.8024018568977695
Oceanobacillus massiliensis,0.28540838176812483,Mostly Terrestrial,9999,1,0,0,0,0.28540838176812483
Motiliproteus sediminis,-0.7097625329815304,Mostly Aquatic,9999,0,1,0,0,-0.7097625329815304
Streptomyces parvulus,-0.3333333333333333,Mostly Aquatic,9999,0,1,0,0,-0.3333333333333333
Paenibacillus ferrarius,0.7845132269465567,Mostly Terrestrial,9999,1,0,0,0,0.7845132269465567
Candidatus Blastococcus massiliensis,0.8976696316988899,Terrestrial Specialist,9999,1,0,0,0,0.8976696316988899
Aestuariicella hydrocarbonica,-0.9852269413937214,Aquatic Specialist,9999,0,1,0,0,-0.9852269413937214
Streptomyces daqingensis,1,Terrestrial Specialist,9999,1,0,0,0,1
Nocardiopsis mwathae,1,Terrestrial Specialist,9999,1,0,0,0,1
Paenibacillus guangzhouensis,0.8346727898966705,Terrestrial Specialist,9999,1,0,0,0,0.8346727898966705
Litoribrevibacter albus,-0.5324302788844621,Mostly Aquatic,9999,0,1,0,0,-0.5324302788844621
Paracoccus yeei,0.10942760942760943,Mostly Terrestrial,9999,1,0,0,0,0.10942760942760943
Flavobacterium palustre,0.1751067724222087,Mostly Terrestrial,9999,1,0,0,0,0.1751067724222087
Deinococcus phoenicis,-0.10837361609231248,Mostly Aquatic,9999,0,1,0,0,-0.10837361609231248
Carnobacterium inhibens,0.3494809688581315,Mostly Terrestrial,9999,1,0,0,0,0.3494809688581315
Peribacillus simplex,0.7613229214515389,Mostly Terrestrial,9999,1,0,0,0,0.7613229214515389
Hartmannibacter diazotrophicus,0.3692383534631501,Mostly Terrestrial,9999,1,0,0,0,0.3692383534631501
Alcaligenes pakistanensis,0.19675860108046633,Mostly Terrestrial,9999,1,0,0,0,0.19675860108046633
Rhodoferax saidenbachensis,-0.49999999999999994,Mostly Aquatic,9999,0,1,0,0,-0.49999999999999994
Enterobacillus tribolii,0.4952322362350047,Mostly Terrestrial,9999,1,0,0,0,0.4952322362350047
Streptomyces roseifaciens,0.8920392584514724,Terrestrial Specialist,9999,1,0,0,0,0.8920392584514724
Actinoallomurus bryophytorum,0.9605674709562109,Terrestrial Specialist,9999,1,0,0,0,0.9605674709562109
Paramesorhizobium deserti,0.3434206971088895,Mostly Terrestrial,9999,1,0,0,0,0.3434206971088895
Sporohalobacter salinus,-0.818144639083907,Aquatic Specialist,9999,0,1,0,0,-0.818144639083907
Methyloterricola oryzae,-0.014319809069212425,Generalist,9999,0,1,0,0,-0.014319809069212425
Pseudomonas capeferrum,0.30765212849307916,Mostly Terrestrial,9999,1,0,0,0,0.30765212849307916
Pseudomonas saudiphocaensis,0.28094905792044655,Mostly Terrestrial,9999,1,0,0,0,0.28094905792044655
Streptomyces lacrimifluminis,0.8734047983665135,Terrestrial Specialist,9999,1,0,0,0,0.8734047983665135
Paenibacillus arachidis,1,Terrestrial Specialist,9999,1,0,0,0,1
Palleronia abyssalis,-0.734656568294594,Mostly Aquatic,9999,0,1,0,0,-0.734656568294594
Flavobacterium gillisiae,-0.4194419441944195,Mostly Aquatic,9999,0,1,0,0,-0.4194419441944195
Pseudoxanthomonas sangjuensis,0.4621268196397731,Mostly Terrestrial,9999,1,0,0,0,0.4621268196397731
Bradyrhizobium centrolobii,0.5519751760353264,Mostly Terrestrial,9999,1,0,0,0,0.5519751760353264
Dakarella massiliensis,0.6362773029439696,Mostly Terrestrial,9999,1,0,0,0,0.6362773029439696
Desulfoprunum benzoelyticum,-0.19598170239483362,Mostly Aquatic,9999,0,1,0,0,-0.19598170239483362
Pseudorhizobium pelagicum,0.14388237353404515,Mostly Terrestrial,9999,1,0,0,0,0.14388237353404515
Ascidiaceihabitans donghaensis,-0.993033226152197,Aquatic Specialist,9999,0,1,0,0,-0.993033226152197
Clostridium tetani,0.27230046948356806,Mostly Terrestrial,9999,1,0,0,0,0.27230046948356806
Bosea vestrisii,0.19074492099322798,Mostly Terrestrial,9999,1,0,0,0,0.19074492099322798
Paraburkholderia susongensis,0.887526756178245,Terrestrial Specialist,9999,1,0,0,0,0.887526756178245
Cupriavidus laharis,0.5203552923760179,Mostly Terrestrial,9999,1,0,0,0,0.5203552923760179
Bradyrhizobium valentinum,0.5970825941257639,Mostly Terrestrial,9999,1,0,0,0,0.5970825941257639
Amphiplicatus metriothermophilus,-0.6667250131279538,Mostly Aquatic,9999,0,1,0,0,-0.6667250131279538
Phyllobacterium sophorae,0.7834562165437835,Mostly Terrestrial,9999,1,0,0,0,0.7834562165437835
Mycolicibacterium holsaticum,0.35902840509886585,Mostly Terrestrial,9999,1,0,0,0,0.35902840509886585
Nigerium massiliense,-0.11984724250252726,Mostly Aquatic,9999,0,1,0,0,-0.11984724250252726
Metabacillus litoralis,0.7945638432364096,Mostly Terrestrial,9999,1,0,0,0,0.7945638432364096
Mucilaginibacter psychrotolerans,0.7009761283463806,Mostly Terrestrial,9999,1,0,0,0,0.7009761283463806
Massilia glaciei,0.45004651162790693,Mostly Terrestrial,9999,1,0,0,0,0.45004651162790693
Burkholderia dolosa,0.6683362664139704,Mostly Terrestrial,9999,1,0,0,0,0.6683362664139704
Microbacterium halimionae,0.328294973090576,Mostly Terrestrial,9999,1,0,0,0,0.328294973090576
Paenibacillus dakarensis,1,Terrestrial Specialist,9999,1,0,0,0,1
Oryzisolibacter propanilivorax,-0.8202247191011235,Aquatic Specialist,9999,0,1,0,0,-0.8202247191011235
Micromonospora costi,0.7361827560795875,Mostly Terrestrial,9999,1,0,0,0,0.7361827560795875
Qipengyuania sediminis,0.5075808399302294,Mostly Terrestrial,9999,1,0,0,0,0.5075808399302294
Clostridium kluyveri,0.5268756204793646,Mostly Terrestrial,9999,1,0,0,0,0.5268756204793646
Mycolicibacterium sarraceniae,0.35902840509886585,Mostly Terrestrial,9999,1,0,0,0,0.35902840509886585
Mycolicibacterium helvum,0.812004325883201,Terrestrial Specialist,9999,1,0,0,0,0.812004325883201
Conchiformibius steedae,0.7687275106313379,Mostly Terrestrial,9999,1,0,0,0,0.7687275106313379
Rhizobium sophoriradicis,0.7957068837897854,Mostly Terrestrial,9999,1,0,0,0,0.7957068837897854
Chryseobacterium formosus,0.3586384229215133,Mostly Terrestrial,9999,1,0,0,0,0.3586384229215133
Undibacterium aquatile,-0.33393427845611734,Mostly Aquatic,9999,0,1,0,0,-0.33393427845611734
Pandoraea terrae,0.44258092084179035,Mostly Terrestrial,9999,1,0,0,0,0.44258092084179035
Pseudochelatococcus lubricantis,-0.6270264827308429,Mostly Aquatic,9999,0,1,0,0,-0.6270264827308429
Alteriqipengyuania lutimaris,-0.8922209695603157,Aquatic Specialist,9999,0,1,0,0,-0.8922209695603157
Mycobacterium palustre,-0.12917613397290245,Mostly Aquatic,9999,0,1,0,0,-0.12917613397290245
Georgenia muralis,0.757846579423343,Mostly Terrestrial,9999,1,0,0,0,0.757846579423343
Aeromonas finlandensis,-0.7144051850303158,Mostly Aquatic,9999,0,1,0,0,-0.7144051850303158
Rheinheimera mesophila,0.7562738405942582,Mostly Terrestrial,9999,1,0,0,0,0.7562738405942582
Siculibacillus lacustris,-0.35323288193782193,Mostly Aquatic,9999,0,1,0,0,-0.35323288193782193
Kiloniella litopenaei,-0.5359116022099447,Mostly Aquatic,9999,0,1,0,0,-0.5359116022099447
Thioclava electrotropha,-0.5955705344246509,Mostly Aquatic,9999,0,1,0,0,-0.5955705344246509
Cellvibrio japonicus,-0.106905650077336,Mostly Aquatic,9999,0,1,0,0,-0.106905650077336
Mycobacterium grossiae,0.35902840509886585,Mostly Terrestrial,9999,1,0,0,0,0.35902840509886585
Bacillus toyonensis,0.7692903797188088,Mostly Terrestrial,9999,1,0,0,0,0.7692903797188088
Edaphobacter dinghuensis,0.9671067871206857,Terrestrial Specialist,9999,1,0,0,0,0.9671067871206857
Microbulbifer rhizosphaerae,-1,Aquatic Specialist,9999,0,1,0,0,-1
Desulfurella amilsii,-0.793086088269844,Mostly Aquatic,9999,0,1,0,0,-0.793086088269844
Comamonas piscis,-0.26099525087755526,Mostly Aquatic,9999,0,1,0,0,-0.26099525087755526
Streptomyces yunnanensis,0.9244386873920553,Terrestrial Specialist,9999,1,0,0,0,0.9244386873920553
Gracilibacillus massiliensis,0.6669193286410395,Mostly Terrestrial,9999,1,0,0,0,0.6669193286410395
Rugosibacter aromaticivorans,-0.22457389024161825,Mostly Aquatic,9999,0,1,0,0,-0.22457389024161825
Mycolicibacterium malmesburyense,0.6734730431667562,Mostly Terrestrial,9999,1,0,0,0,0.6734730431667562
Paenibacillus wulumuqiensis,1,Terrestrial Specialist,9999,1,0,0,0,1
Boudabousia marimammalium,-0.04749073762209493,Generalist,9999,0,1,0,0,-0.04749073762209493
Seohaeicola zhoushanensis,-0.7879065973284388,Mostly Aquatic,9999,0,1,0,0,-0.7879065973284388
Xylanibacillus composti,0.7776709530104555,Mostly Terrestrial,9999,1,0,0,0,0.7776709530104555
Gellertiella hungarica,0.09992776306284609,Generalist,9999,1,0,0,0,0.09992776306284609
Sterolibacterium denitrificans,-0.6515668127942846,Mostly Aquatic,9999,0,1,0,0,-0.6515668127942846
Pseudomonas graminis,0.24551582314634976,Mostly Terrestrial,9999,1,0,0,0,0.24551582314634976
Domibacillus tundrae,0.5,Mostly Terrestrial,9999,1,0,0,0,0.5
Cedecea neteri,0.1099744245524297,Mostly Terrestrial,9999,1,0,0,0,0.1099744245524297
Enterobacter hormaechei,0.5279696132596685,Mostly Terrestrial,9999,1,0,0,0,0.5279696132596685
Yokenella regensburgei,0.48733233979135626,Mostly Terrestrial,9999,1,0,0,0,0.48733233979135626
Rhizobium indigoferae,0.8493150684931506,Terrestrial Specialist,9999,1,0,0,0,0.8493150684931506
Cohnella kolymensis,0.8890913824524862,Terrestrial Specialist,9999,1,0,0,0,0.8890913824524862
Coxiella-like endosymbiont,-0.21538461538461542,Mostly Aquatic,9999,0,1,0,0,-0.21538461538461542
Desulfonatronum thiodismutans,-0.8518411552346571,Aquatic Specialist,9999,0,1,0,0,-0.8518411552346571
Lacticaseibacillus paracasei,0.6929244337542593,Mostly Terrestrial,9999,1,0,0,0,0.6929244337542593
Ligilactobacillus agilis,0.7536382536382537,Mostly Terrestrial,9999,1,0,0,0,0.7536382536382537
Anaerotignum lactatifermentans,0.866642107202063,Terrestrial Specialist,9999,1,0,0,0,0.866642107202063
Enterococcus gilvus,0.7415115005476451,Mostly Terrestrial,9999,1,0,0,0,0.7415115005476451
Paenibacillus borealis,0.5641622004247144,Mostly Terrestrial,9999,1,0,0,0,0.5641622004247144
Henriciella algicola,-0.9105712525305871,Aquatic Specialist,9999,0,1,0,0,-0.9105712525305871
Streptomyces adustus,0.90813648293963245,Terrestrial Specialist,9999,1,0,0,0,0.90813648293963245
Actinoplanes bogorensis,0.877424023154848,Terrestrial Specialist,9999,1,0,0,0,0.877424023154848
Thermodesulfobacterium hydrogeniphilum,-0.9223896883311737,Aquatic Specialist,9999,0,1,0,0,-0.9223896883311737
Niveispirillum cyanobacteriorum,0.06093379055658138,Generalist,9999,1,0,0,0,0.06093379055658138
Pseudoalteromonas phenolica,-0.8679745919433948,Aquatic Specialist,9999,0,1,0,0,-0.8679745919433948
Mixta intestinalis,0.6750801282051282,Mostly Terrestrial,9999,1,0,0,0,0.6750801282051282
Streptomyces camponoticapitis,0.8341989612465043,Terrestrial Specialist,9999,1,0,0,0,0.8341989612465043
Flavobacterium nitrogenifigens,0.5401141322591475,Mostly Terrestrial,9999,1,0,0,0,0.5401141322591475
Paenibacillus herberti,0.651292875989446,Mostly Terrestrial,9999,1,0,0,0,0.651292875989446
Paenibacillus marchantiophytorum,0.8887999288319545,Terrestrial Specialist,9999,1,0,0,0,0.8887999288319545
Paenibacillus physcomitrellae,0.8177937324148636,Terrestrial Specialist,9999,1,0,0,0,0.8177937324148636
Candidatus Desulfofervidus auxilii,-0.6501594447570811,Mostly Aquatic,9999,0,1,0,0,-0.6501594447570811
Streptomyces albiflavescens,0.9500560268929085,Terrestrial Specialist,9999,1,0,0,0,0.9500560268929085
Ligilactobacillus salivarius,0.7118327734229191,Mostly Terrestrial,9999,1,0,0,0,0.7118327734229191
Pseudomonas gregormendelii,0.47706834532374093,Mostly Terrestrial,9999,1,0,0,0,0.47706834532374093
Treponema bryantii,0.9911516659753907,Terrestrial Specialist,9999,1,0,0,0,0.9911516659753907
Microbacterium rhizomatis,0.37216416008157027,Mostly Terrestrial,9999,1,0,0,0,0.37216416008157027
Brevibacterium ihuae,0.6085383502170767,Mostly Terrestrial,9999,1,0,0,0,0.6085383502170767
Thalassobaculum fulvum,0.0630549012502265,Generalist,9999,1,0,0,0,0.0630549012502265
Endozoicomonas arenosclerae,-0.9506391783048843,Aquatic Specialist,9999,0,1,0,0,-0.9506391783048843
Acidiferrobacter thiooxydans,-0.04158249158249156,Generalist,9999,0,1,0,0,-0.04158249158249156
Aliiroseovarius pelagivivens,-1,Aquatic Specialist,9999,0,1,0,0,-1
Williamwhitmania taraxaci,-0.720266246277807,Mostly Aquatic,9999,0,1,0,0,-0.720266246277807
Sinobacterium norvegicum,-0.9784776902887141,Aquatic Specialist,9999,0,1,0,0,-0.9784776902887141
Nonomuraea zeae,0.9793340987370837,Terrestrial Specialist,9999,1,0,0,0,0.9793340987370837
Phytoactinopolyspora endophytica,0.8357967954291392,Terrestrial Specialist,9999,1,0,0,0,0.8357967954291392
Candidatus Kryptobacter tengchongensis,-0.7222438644331906,Mostly Aquatic,9999,0,1,0,0,-0.7222438644331906
Renibacterium salmoninarum,0.16777041942604856,Mostly Terrestrial,9999,1,0,0,0,0.16777041942604856
Chitinophaga barathri,0.9532145130490134,Terrestrial Specialist,9999,1,0,0,0,0.9532145130490134
Martelella limonii,-0.2394580863674852,Mostly Aquatic,9999,0,1,0,0,-0.2394580863674852
Flavobacterium buctense,-0.6295892119416946,Mostly Aquatic,9999,0,1,0,0,-0.6295892119416946
Candidatus Neptunochlamydia vexilliferae,-0.910265556876734,Aquatic Specialist,9999,0,1,0,0,-0.910265556876734
Blattabacterium cuenoti,0.9458275243975304,Terrestrial Specialist,9999,1,0,0,0,0.9458275243975304
Thiospirillum jenense,-0.5990188953488371,Mostly Aquatic,9999,0,1,0,0,-0.5990188953488371
Umezawaea endophytica,0.9060960928094559,Terrestrial Specialist,9999,1,0,0,0,0.9060960928094559
Thalassotalea euphylliae,-0.9149094517489456,Aquatic Specialist,9999,0,1,0,0,-0.9149094517489456
Candidatus Thiodiazotropha endolucinida,-0.6580310880829016,Mostly Aquatic,9999,0,1,0,0,-0.6580310880829016
Rubritalea profundi,-0.915847148075302,Aquatic Specialist,9999,0,1,0,0,-0.915847148075302
Marinobacter subterrani,-0.9653273250719738,Aquatic Specialist,9999,0,1,0,0,-0.9653273250719738
Kordiimonas lipolytica,-0.7519179751917976,Mostly Aquatic,9999,0,1,0,0,-0.7519179751917976
Deinococcus budaensis,0.49136357253194773,Mostly Terrestrial,9999,1,0,0,0,0.49136357253194773
Nitratireductor soli,-1,Aquatic Specialist,9999,0,1,0,0,-1
Arthrobacter ramosus,0.9481132075471698,Terrestrial Specialist,9999,1,0,0,0,0.9481132075471698
Murdochiella massiliensis,0.9518301378545396,Terrestrial Specialist,9999,1,0,0,0,0.9518301378545396
Pseudomonas fildesensis,0.4896456511734929,Mostly Terrestrial,9999,1,0,0,0,0.4896456511734929
Candidatus Rhodobacter lobularis,-0.9547203579418344,Aquatic Specialist,9999,0,1,0,0,-0.9547203579418344
Herbinix luporum,0.8790447929913805,Terrestrial Specialist,9999,1,0,0,0,0.8790447929913805
Ferrigenium kumadai,-0.10528541226215642,Mostly Aquatic,9999,0,1,0,0,-0.10528541226215642
Flavobacterium aquicola,0.24272779811211723,Mostly Terrestrial,9999,1,0,0,0,0.24272779811211723
Halomonas urumqiensis,-0.4540327129159617,Mostly Aquatic,9999,0,1,0,0,-0.4540327129159617
Kallipyga gabonensis,0.7354330708661417,Mostly Terrestrial,9999,1,0,0,0,0.7354330708661417
Actinomyces urinae,0.8638968481375359,Terrestrial Specialist,9999,1,0,0,0,0.8638968481375359
Gorillibacterium timonense,0.7140339836375079,Mostly Terrestrial,9999,1,0,0,0,0.7140339836375079
Intestinimonas timonensis,0.9443440549331407,Terrestrial Specialist,9999,1,0,0,0,0.9443440549331407
Vitreoscilla massiliensis,-0.5443974630021141,Mostly Aquatic,9999,0,1,0,0,-0.5443974630021141
Candidatus Finniella inopinata,-0.7027905039566846,Mostly Aquatic,9999,0,1,0,0,-0.7027905039566846
Paenibacillus stellifer,0.7624156619842939,Mostly Terrestrial,9999,1,0,0,0,0.7624156619842939
Mycobacterium lacus,0.4279903147699758,Mostly Terrestrial,9999,1,0,0,0,0.4279903147699758
Methylobacterium crusticola,0.3607133885958302,Mostly Terrestrial,9999,1,0,0,0,0.3607133885958302
Arthrobacter gandavensis,0.7499999999999999,Mostly Terrestrial,9999,1,0,0,0,0.7499999999999999
Paraburkholderia piptadeniae,0.8940007361059992,Terrestrial Specialist,9999,1,0,0,0,0.8940007361059992
Aureimonas populi,0.609234098833714,Mostly Terrestrial,9999,1,0,0,0,0.609234098833714
Negativicoccus massiliensis,0.8873239436619718,Terrestrial Specialist,9999,1,0,0,0,0.8873239436619718
Paenibacillus solani,0.7064393939393939,Mostly Terrestrial,9999,1,0,0,0,0.7064393939393939
Sulfurirhabdus autotrophica,-0.6788543570993297,Mostly Aquatic,9999,0,1,0,0,-0.6788543570993297
Ensifer aridi,0.6364891518737671,Mostly Terrestrial,9999,1,0,0,0,0.6364891518737671
Cognatishimia activa,-0.5884494456395829,Mostly Aquatic,9999,0,1,0,0,-0.5884494456395829
Candidatus Nitrospira inopinata,-0.18824893699265557,Mostly Aquatic,9999,0,1,0,0,-0.18824893699265557
Sulfuriferula plumbiphila,0.0671901716167438,Generalist,9999,1,0,0,0,0.0671901716167438
Corynebacterium callunae,0.5231316725978647,Mostly Terrestrial,9999,1,0,0,0,0.5231316725978647
Paraburkholderia caffeinitolerans,0.7790769230769231,Mostly Terrestrial,9999,1,0,0,0,0.7790769230769231
Meiothermus taiwanensis,-0.4961901512566814,Mostly Aquatic,9999,0,1,0,0,-0.4961901512566814
Bradyrhizobium campsiandrae,0.44206890112967984,Mostly Terrestrial,9999,1,0,0,0,0.44206890112967984
Nitrincola schmidtii,-0.6638989591860601,Mostly Aquatic,9999,0,1,0,0,-0.6638989591860601
Pedobacter zeae,0.7377274963108706,Mostly Terrestrial,9999,1,0,0,0,0.7377274963108706
Paenibacillus senegalimassiliensis,0.5408080480285575,Mostly Terrestrial,9999,1,0,0,0,0.5408080480285575
Deinococcus planocerae,0.3052415210688592,Mostly Terrestrial,9999,1,0,0,0,0.3052415210688592
Shewanella inventionis,-0.7773788150807899,Mostly Aquatic,9999,0,1,0,0,-0.7773788150807899
Candidatus Nitrospira nitrosa,-0.3127463863337714,Mostly Aquatic,9999,0,1,0,0,-0.3127463863337714
Candidatus Nitrospira nitrificans,-0.03822567457072774,Generalist,9999,0,1,0,0,-0.03822567457072774
Polynucleobacter aenigmaticus,-0.810771733236942,Aquatic Specialist,9999,0,1,0,0,-0.810771733236942
Polynucleobacter sphagniphilus,-0.810771733236942,Aquatic Specialist,9999,0,1,0,0,-0.810771733236942
Candidatus Kuenenia stuttgartiensis,-0.3931623931623931,Mostly Aquatic,9999,0,1,0,0,-0.3931623931623931
Cutibacterium acnes,0.4818103695216271,Mostly Terrestrial,9999,1,0,0,0,0.4818103695216271
Janthinobacterium psychrotolerans,0.22308371773481206,Mostly Terrestrial,9999,1,0,0,0,0.22308371773481206
Acidipropionibacterium acidipropionici,0.33781414377556984,Mostly Terrestrial,9999,1,0,0,0,0.33781414377556984
Dyadobacter endophyticus,0.7049140643911886,Mostly Terrestrial,9999,1,0,0,0,0.7049140643911886
Arachnia propionica,0.8410214168039539,Terrestrial Specialist,9999,1,0,0,0,0.8410214168039539
Solirubrum puertoriconensis,0.2782742681047766,Mostly Terrestrial,9999,1,0,0,0,0.2782742681047766
Bradyrhizobium macuxiense,0.5970825941257639,Mostly Terrestrial,9999,1,0,0,0,0.5970825941257639
Flavobacterium orientale,-0.57461538461538475,Mostly Aquatic,9999,0,1,0,0,-0.57461538461538475
Elizabethkingia ursingii,0.08750327482315955,Generalist,9999,1,0,0,0,0.08750327482315955
Celeribacter ethanolicus,-0.9703159041394335,Aquatic Specialist,9999,0,1,0,0,-0.9703159041394335
Bradyrhizobium shewense,0.44206890112967984,Mostly Terrestrial,9999,1,0,0,0,0.44206890112967984
Lachnotalea glycerini,0.2599149327508909,Mostly Terrestrial,9999,1,0,0,0,0.2599149327508909
Hydrogenophaga crassostreae,-0.9444809030056439,Aquatic Specialist,9999,0,1,0,0,-0.9444809030056439
Dissulfurirhabdus thermomarina,-0.8999712561080772,Aquatic Specialist,9999,0,1,0,0,-0.8999712561080772
Mycolicibacterium fortuitum,0.7166642536557116,Mostly Terrestrial,9999,1,0,0,0,0.7166642536557116
Agromyces humi,0.9284251904020964,Terrestrial Specialist,9999,1,0,0,0,0.9284251904020964
Mycobacterium intracellulare,0.5499398315282792,Mostly Terrestrial,9999,1,0,0,0,0.5499398315282792
Flavobacterium suaedae,-0.7347331583552057,Mostly Aquatic,9999,0,1,0,0,-0.7347331583552057
Tritonibacter horizontis,-0.7417614464858561,Mostly Aquatic,9999,0,1,0,0,-0.7417614464858561
Microbulbifer aggregans,-0.7562042407530664,Mostly Aquatic,9999,0,1,0,0,-0.7562042407530664
Devosia elaeis,0.5829602888086644,Mostly Terrestrial,9999,1,0,0,0,0.5829602888086644
Novosphingobium pokkalii,0.27134481495053137,Mostly Terrestrial,9999,1,0,0,0,0.27134481495053137
Mycolicibacterium smegmatis,0.6734730431667562,Mostly Terrestrial,9999,1,0,0,0,0.6734730431667562
Mycobacterium tuberculosis,0.4802948402948403,Mostly Terrestrial,9999,1,0,0,0,0.4802948402948403
Novosphingobium profundi,0.29363217088761223,Mostly Terrestrial,9999,1,0,0,0,0.29363217088761223
Methyloceanibacter methanicus,-0.46637362637362634,Mostly Aquatic,9999,0,1,0,0,-0.46637362637362634
Methyloceanibacter superfactus,0.19263456090651557,Mostly Terrestrial,9999,1,0,0,0,0.19263456090651557
Methyloceanibacter marginalis,0.14380193318636597,Mostly Terrestrial,9999,1,0,0,0,0.14380193318636597
Streptomyces mesophilus,0.881961762261014,Terrestrial Specialist,9999,1,0,0,0,0.881961762261014
Polaribacter pacificus,-0.9293221629855294,Aquatic Specialist,9999,0,1,0,0,-0.9293221629855294
Roseibium sediminis,-0.8966142684401451,Aquatic Specialist,9999,0,1,0,0,-0.8966142684401451
Mycolicibacterium flavescens,0.6734730431667562,Mostly Terrestrial,9999,1,0,0,0,0.6734730431667562
Mesorhizobium zhangyense,1,Terrestrial Specialist,9999,1,0,0,0,1
Caballeronia arvi,0.9154898004931631,Terrestrial Specialist,9999,1,0,0,0,0.9154898004931631
Caballeronia catudaia,0.8860510805500983,Terrestrial Specialist,9999,1,0,0,0,0.8860510805500983
Caballeronia temeraria,0.82883666956774,Terrestrial Specialist,9999,1,0,0,0,0.82883666956774
Caballeronia fortuita,0.9154898004931631,Terrestrial Specialist,9999,1,0,0,0,0.9154898004931631
Caballeronia hypogeia,0.8860510805500983,Terrestrial Specialist,9999,1,0,0,0,0.8860510805500983
Caballeronia pedi,0.9047422254365121,Terrestrial Specialist,9999,1,0,0,0,0.9047422254365121
Caballeronia arationis,0.7053264604810997,Mostly Terrestrial,9999,1,0,0,0,0.7053264604810997
Caballeronia glebae,0.9047422254365121,Terrestrial Specialist,9999,1,0,0,0,0.9047422254365121
Caballeronia ptereochthonis,0.8230088495575222,Terrestrial Specialist,9999,1,0,0,0,0.8230088495575222
Mycobacterium gordonae,0.42116837173725985,Mostly Terrestrial,9999,1,0,0,0,0.42116837173725985
Novosphingobium flavum,-0.216191904047976,Mostly Aquatic,9999,0,1,0,0,-0.216191904047976
Paenibacillus psychroresistens,0.7619567194035278,Mostly Terrestrial,9999,1,0,0,0,0.7619567194035278
Croceicoccus bisphenolivorans,-0.5176187712461653,Mostly Aquatic,9999,0,1,0,0,-0.5176187712461653
Arsenicitalea aurantiaca,0.22886814775864342,Mostly Terrestrial,9999,1,0,0,0,0.22886814775864342
Mycobacterium simiae,-0.12917613397290245,Mostly Aquatic,9999,0,1,0,0,-0.12917613397290245
Mycolicibacterium sphagni,0.21271102284011914,Mostly Terrestrial,9999,1,0,0,0,0.21271102284011914
Mycolicibacter terrae,0.41228362183754985,Mostly Terrestrial,9999,1,0,0,0,0.41228362183754985
Acinetobacter larvae,0.20715126860079222,Mostly Terrestrial,9999,1,0,0,0,0.20715126860079222
Mycobacterium asiaticum,0.42116837173725985,Mostly Terrestrial,9999,1,0,0,0,0.42116837173725985
Mycolicibacterium aurum,0.11819777647747219,Mostly Terrestrial,9999,1,0,0,0,0.11819777647747219
Mycolicibacterium chitae,0.35902840509886585,Mostly Terrestrial,9999,1,0,0,0,0.35902840509886585
Pararobbsia silviterrae,0.6967345619139995,Mostly Terrestrial,9999,1,0,0,0,0.6967345619139995
Burkholderia guangdongensis,0.6716109892944666,Mostly Terrestrial,9999,1,0,0,0,0.6716109892944666
Thauera phenolivorans,-0.0838483724763082,Generalist,9999,0,1,0,0,-0.0838483724763082
Mycolicibacter icosiumassiliensis,0.1482479784366577,Mostly Terrestrial,9999,1,0,0,0,0.1482479784366577
Wenzhouxiangella sediminis,-0.6573007830492861,Mostly Aquatic,9999,0,1,0,0,-0.6573007830492861
Mycolicibacterium fallax,0.35902840509886585,Mostly Terrestrial,9999,1,0,0,0,0.35902840509886585
Mycolicibacterium gadium,0.35902840509886585,Mostly Terrestrial,9999,1,0,0,0,0.35902840509886585
Flexivirga oryzae,0.6118607362985174,Mostly Terrestrial,9999,1,0,0,0,0.6118607362985174
Mycolicibacterium neoaurum,0.3454760263857438,Mostly Terrestrial,9999,1,0,0,0,0.3454760263857438
Ereboglobus luteus,-0.009891512444160776,Generalist,9999,0,1,0,0,-0.009891512444160776
Piscinibacter defluvii,0.7692903797188088,Mostly Terrestrial,9999,1,0,0,0,0.7692903797188088
Mycolicibacterium thermoresistibile,0.3698740554156172,Mostly Terrestrial,9999,1,0,0,0,0.3698740554156172
Pararhizobium antarcticum,0.25141972121837897,Mostly Terrestrial,9999,1,0,0,0,0.25141972121837897
Streptomyces phyllanthi,0.9270144984712496,Terrestrial Specialist,9999,1,0,0,0,0.9270144984712496
Salinibacter altiplanensis,-1,Aquatic Specialist,9999,0,1,0,0,-1
Paenibacillus sambharensis,0.8210601572873046,Terrestrial Specialist,9999,1,0,0,0,0.8210601572873046
Steroidobacter cummioxidans,0.8447974715129336,Terrestrial Specialist,9999,1,0,0,0,0.8447974715129336
Mycolicibacterium gilvum,0.812004325883201,Terrestrial Specialist,9999,1,0,0,0,0.812004325883201
Clostridium mediterraneense,-0.10582639714625452,Mostly Aquatic,9999,0,1,0,0,-0.10582639714625452
Bacillus massilionigeriensis,0.6799119696784447,Mostly Terrestrial,9999,1,0,0,0,0.6799119696784447
Candidatus Promineofilum breve,-0.755523134639433,Mostly Aquatic,9999,0,1,0,0,-0.755523134639433
Mycolicibacterium obuense,0.21271102284011914,Mostly Terrestrial,9999,1,0,0,0,0.21271102284011914
Herminiimonas arsenitoxidans,0.5563453536754507,Mostly Terrestrial,9999,1,0,0,0,0.5563453536754507
Pectobacterium brasiliense,0.5008171148417767,Mostly Terrestrial,9999,1,0,0,0,0.5008171148417767
Mycolicibacterium vaccae,0.0717904747057448,Generalist,9999,1,0,0,0,0.0717904747057448
Immundisolibacter cernigliae,-0.3576451349141455,Mostly Aquatic,9999,0,1,0,0,-0.3576451349141455
Enterobacter roggenkampii,0.6928559307653148,Mostly Terrestrial,9999,1,0,0,0,0.6928559307653148
Nitrosococcus wardiae,0.43445352709657886,Mostly Terrestrial,9999,1,0,0,0,0.43445352709657886
Streptosporangium becharense,0.8137447405329594,Terrestrial Specialist,9999,1,0,0,0,0.8137447405329594
Corynebacterium pacaense,0.4947836973153428,Mostly Terrestrial,9999,1,0,0,0,0.4947836973153428
Sutterella massiliensis,0.7871705619094977,Mostly Terrestrial,9999,1,0,0,0,0.7871705619094977
Streptomyces marianii,0.6534871525957001,Mostly Terrestrial,9999,1,0,0,0,0.6534871525957001
Skermanella rosea,0.692779888921368,Mostly Terrestrial,9999,1,0,0,0,0.692779888921368
Candidatus Thiodiazotropha endoloripes,-0.8218259820351255,Aquatic Specialist,9999,0,1,0,0,-0.8218259820351255
Sporotomaculum syntrophicum,0.5382110038385484,Mostly Terrestrial,9999,1,0,0,0,0.5382110038385484
Aurantimonas coralicida,-0.1467071211850794,Mostly Aquatic,9999,0,1,0,0,-0.1467071211850794
Nocardia otitidiscaviarum,0.5306341812970262,Mostly Terrestrial,9999,1,0,0,0,0.5306341812970262
Novimethylophilus kurashikiensis,0.3250625521267722,Mostly Terrestrial,9999,1,0,0,0,0.3250625521267722
Saccharopolyspora erythraea,0.9437658446646693,Terrestrial Specialist,9999,1,0,0,0,0.9437658446646693
Desulfotomaculum copahuensis,0.2890124501390064,Mostly Terrestrial,9999,1,0,0,0,0.2890124501390064
Rappaport israeli,0.48828323993886913,Mostly Terrestrial,9999,1,0,0,0,0.48828323993886913
Mycobacterium terramassiliense,-0.12917613397290245,Mostly Aquatic,9999,0,1,0,0,-0.12917613397290245
Mycobacterium rhizamassiliense,-0.12917613397290245,Mostly Aquatic,9999,0,1,0,0,-0.12917613397290245
Mycobacterium numidiamassiliense,-0.12917613397290245,Mostly Aquatic,9999,0,1,0,0,-0.12917613397290245
Mediterranea massiliensis,0.6747186384847652,Mostly Terrestrial,9999,1,0,0,0,0.6747186384847652
Allorhizobium terrae,0.6872097401782352,Mostly Terrestrial,9999,1,0,0,0,0.6872097401782352
Sphingomonas colocasiae,0.8817567567567568,Terrestrial Specialist,9999,1,0,0,0,0.8817567567567568
Dyella nitratireducens,0.8407766990291262,Terrestrial Specialist,9999,1,0,0,0,0.8407766990291262
Dyella caseinilytica,0.8407766990291262,Terrestrial Specialist,9999,1,0,0,0,0.8407766990291262
Dyella mobilis,0.8407766990291262,Terrestrial Specialist,9999,1,0,0,0,0.8407766990291262
Limihaloglobus sulfuriphilus,-0.8729370527238207,Aquatic Specialist,9999,0,1,0,0,-0.8729370527238207
Orrella dioscoreae,-0.6398604374095822,Mostly Aquatic,9999,0,1,0,0,-0.6398604374095822
Duodenibacillus massiliensis,0.7190623922785248,Mostly Terrestrial,9999,1,0,0,0,0.7190623922785248
Paenibacillus aquistagni,0.5559870550161813,Mostly Terrestrial,9999,1,0,0,0,0.5559870550161813
Roseomonas nepalensis,0.5750663129973476,Mostly Terrestrial,9999,1,0,0,0,0.5750663129973476
Mycobacterium parmense,-0.12917613397290245,Mostly Aquatic,9999,0,1,0,0,-0.12917613397290245
Mycobacterium talmoniae,0.35902840509886585,Mostly Terrestrial,9999,1,0,0,0,0.35902840509886585
Candidatus Propionivibrio aalborgensis,-0.9218419074947052,Aquatic Specialist,9999,0,1,0,0,-0.9218419074947052
Candidatus Accumulibacter aalborgensis,-0.8030690537084398,Aquatic Specialist,9999,0,1,0,0,-0.8030690537084398
Nisaea acidiphila,-0.8398398398398399,Aquatic Specialist,9999,0,1,0,0,-0.8398398398398399
Actinoplanes teichomyceticus,0.8649362076550814,Terrestrial Specialist,9999,1,0,0,0,0.8649362076550814
Hymenobacter aquaticus,0.31240989242541867,Mostly Terrestrial,9999,1,0,0,0,0.31240989242541867
Dyella flagellata,0.8407766990291262,Terrestrial Specialist,9999,1,0,0,0,0.8407766990291262
Dyella acidisoli,0.8407766990291262,Terrestrial Specialist,9999,1,0,0,0,0.8407766990291262
Candidatus Terasakiella magnetica,-0.9053163136484781,Aquatic Specialist,9999,0,1,0,0,-0.9053163136484781
Actinoplanes digitatis,0.8961670164586324,Terrestrial Specialist,9999,1,0,0,0,0.8961670164586324
Phreatobacter cathodiphilus,0.003801377999524831,Generalist,9999,1,0,0,0,0.003801377999524831
Actinoplanes utahensis,0.8619365271881949,Terrestrial Specialist,9999,1,0,0,0,0.8619365271881949
bacterium,0.589010989010989,Mostly Terrestrial,9999,1,0,0,0,0.589010989010989
Paenibacillus bouchesdurhonensis,1,Terrestrial Specialist,9999,1,0,0,0,1
Angelakisella massiliensis,0.8945353289244692,Terrestrial Specialist,9999,1,0,0,0,0.8945353289244692
Mycolicibacterium pyrenivorans,0.0717904747057448,Generalist,9999,1,0,0,0,0.0717904747057448
Actinomyces mediterranea,0.946724485054979,Terrestrial Specialist,9999,1,0,0,0,0.946724485054979
Pseudoalteromonas fuliginea,-0.9358708189158017,Aquatic Specialist,9999,0,1,0,0,-0.9358708189158017
Allorhizocola rhizosphaerae,0.9409071993341657,Terrestrial Specialist,9999,1,0,0,0,0.9409071993341657
Pseudomonas sivasensis,0.4896456511734929,Mostly Terrestrial,9999,1,0,0,0,0.4896456511734929
Enterovibrio norvegicus,-0.970315127586459,Aquatic Specialist,9999,0,1,0,0,-0.970315127586459
Salibacterium halotolerans,1,Terrestrial Specialist,9999,1,0,0,0,1
Porphyromonas loveana,0.8299319727891157,Terrestrial Specialist,9999,1,0,0,0,0.8299319727891157
Candidatus Planktophila vernalis,-0.9124379583672865,Aquatic Specialist,9999,0,1,0,0,-0.9124379583672865
Candidatus Planktophila lacus,-0.8984409799554566,Aquatic Specialist,9999,0,1,0,0,-0.8984409799554566
Streptomyces albidoflavus,0.7874343653811335,Mostly Terrestrial,9999,1,0,0,0,0.7874343653811335
Sphingopyxis solisilvae,0.09045643153526976,Generalist,9999,1,0,0,0,0.09045643153526976
Primorskyibacter aestuariivivens,-0.9757085020242916,Aquatic Specialist,9999,0,1,0,0,-0.9757085020242916
Mycolicibacter engbaekii,0.1482479784366577,Mostly Terrestrial,9999,1,0,0,0,0.1482479784366577
Deinococcus rubellus,0.7327338817677445,Mostly Terrestrial,9999,1,0,0,0,0.7327338817677445
Pantoea alhagi,0.6810379241516965,Mostly Terrestrial,9999,1,0,0,0,0.6810379241516965
Roseobacter ponti,-0.9808120609902347,Aquatic Specialist,9999,0,1,0,0,-0.9808120609902347
Kitasatospora aureofaciens,0.908238507055075,Terrestrial Specialist,9999,1,0,0,0,0.908238507055075
Rhodospirillaceae bacterium,-0.17595066803699902,Mostly Aquatic,9999,0,1,0,0,-0.17595066803699902
Desulfocucumis palustris,1.2851818532319767e-4,Generalist,9999,1,0,0,0,1.2851818532319767e-4
Streptomyces clavuligerus,0.8341989612465043,Terrestrial Specialist,9999,1,0,0,0,0.8341989612465043
Chromobacterium sphagni,0.0356740518212542,Generalist,9999,1,0,0,0,0.0356740518212542
Oceanisphaera avium,0.795755722361227,Mostly Terrestrial,9999,1,0,0,0,0.795755722361227
Tumebacillus avium,0.7387737162112665,Mostly Terrestrial,9999,1,0,0,0,0.7387737162112665
Bradyrhizobium mercantei,0.5970825941257639,Mostly Terrestrial,9999,1,0,0,0,0.5970825941257639
Legionella busanensis,0.8477634381656434,Terrestrial Specialist,9999,1,0,0,0,0.8477634381656434
Alkanindiges hydrocarboniclasticus,-0.28195746627029494,Mostly Aquatic,9999,0,1,0,0,-0.28195746627029494
Salinivibrio kushneri,-0.36369420961730753,Mostly Aquatic,9999,0,1,0,0,-0.36369420961730753
Hymenobacter glacialis,0.14684501308519923,Mostly Terrestrial,9999,1,0,0,0,0.14684501308519923
Hymenobacter lapidarius,0.6368802126294565,Mostly Terrestrial,9999,1,0,0,0,0.6368802126294565
Rodentibacter trehalosifermentans,0.8992633884132988,Terrestrial Specialist,9999,1,0,0,0,0.8992633884132988
Polaribacter litorisediminis,-0.8493545937737282,Aquatic Specialist,9999,0,1,0,0,-0.8493545937737282
Acetobacteraceae bacterium,0.6194331983805668,Mostly Terrestrial,9999,1,0,0,0,0.6194331983805668
Confluentibacter flavum,-0.0064177362893816,Generalist,9999,0,1,0,0,-0.0064177362893816
Streptomyces griseus,0.8268215417106652,Terrestrial Specialist,9999,1,0,0,0,0.8268215417106652
Devosia neptuniae,0.3785232578246585,Mostly Terrestrial,9999,1,0,0,0,0.3785232578246585
Streptomyces lavendulae,0.8663466863577627,Terrestrial Specialist,9999,1,0,0,0,0.8663466863577627
Streptomyces lincolnensis,0.9270144984712496,Terrestrial Specialist,9999,1,0,0,0,0.9270144984712496
Paracandidimonas soli,0.3696528409829672,Mostly Terrestrial,9999,1,0,0,0,0.3696528409829672
Methylotetracoccus oryzae,-0.6444082519001085,Mostly Aquatic,9999,0,1,0,0,-0.6444082519001085
Azospirillum brasilense,0.5574712643678161,Mostly Terrestrial,9999,1,0,0,0,0.5574712643678161
Dyella solisilvae,0.8226028745816104,Terrestrial Specialist,9999,1,0,0,0,0.8226028745816104
Dyella dinghuensis,0.8407766990291262,Terrestrial Specialist,9999,1,0,0,0,0.8407766990291262
Dyella flava,0.8407766990291262,Terrestrial Specialist,9999,1,0,0,0,0.8407766990291262
Dyella halodurans,0.6014692378328742,Mostly Terrestrial,9999,1,0,0,0,0.6014692378328742
Tardibacter chloracetimidivorans,0.33052985702270815,Mostly Terrestrial,9999,1,0,0,0,0.33052985702270815
Pseudonocardia nigra,0.8465948403676978,Terrestrial Specialist,9999,1,0,0,0,0.8465948403676978
Marinobacter salexigens,-0.7732269503546099,Mostly Aquatic,9999,0,1,0,0,-0.7732269503546099
Streptomyces reticuli,0.8920392584514724,Terrestrial Specialist,9999,1,0,0,0,0.8920392584514724
Sediminibacillus massiliensis,0.7270023135397158,Mostly Terrestrial,9999,1,0,0,0,0.7270023135397158
Bacillus dakarensis,0.5953577410863844,Mostly Terrestrial,9999,1,0,0,0,0.5953577410863844
Bacillus sinesaloumensis,0.7569436571817254,Mostly Terrestrial,9999,1,0,0,0,0.7569436571817254
Nocardioides litoris,0.6024929178470254,Mostly Terrestrial,9999,1,0,0,0,0.6024929178470254
Ramlibacter monticola,0.8415631918375204,Terrestrial Specialist,9999,1,0,0,0,0.8415631918375204
Mycobacterium aquaticum,0.39257773319959877,Mostly Terrestrial,9999,1,0,0,0,0.39257773319959877
Candidatus Enterovibrio luxaltus,-0.8673334313869687,Aquatic Specialist,9999,0,1,0,0,-0.8673334313869687
Streptomyces rochei,1,Terrestrial Specialist,9999,1,0,0,0,1
Rhodoferax ferrireducens,-0.8626402993051844,Aquatic Specialist,9999,0,1,0,0,-0.8626402993051844
Azospirillum lipoferum,0.3395325458657954,Mostly Terrestrial,9999,1,0,0,0,0.3395325458657954
Marinitenerispora sediminis,0.818451498071789,Terrestrial Specialist,9999,1,0,0,0,0.818451498071789
Flavobacterium undicola,0.4043647977288858,Mostly Terrestrial,9999,1,0,0,0,0.4043647977288858
Streptoalloteichus tenebrarius,0.8001359619306594,Terrestrial Specialist,9999,1,0,0,0,0.8001359619306594
Streptomyces niveus,0.9082144849016014,Terrestrial Specialist,9999,1,0,0,0,0.9082144849016014
Nonomuraea ceibae,0.8838789376158122,Terrestrial Specialist,9999,1,0,0,0,0.8838789376158122
Alteromonas aestuariivivens,-0.9325652841781875,Aquatic Specialist,9999,0,1,0,0,-0.9325652841781875
Thalassoglobus neptunius,-0.7853345709222851,Mostly Aquatic,9999,0,1,0,0,-0.7853345709222851
Polynucleobacter meluiroseus,-0.810771733236942,Aquatic Specialist,9999,0,1,0,0,-0.810771733236942
Collimonas antrihumi,0.4028536198696495,Mostly Terrestrial,9999,1,0,0,0,0.4028536198696495
Sedimentisphaera cyanobacteriorum,-0.7194742869607896,Mostly Aquatic,9999,0,1,0,0,-0.7194742869607896
Neisseria dentiae,0.9111715386358485,Terrestrial Specialist,9999,1,0,0,0,0.9111715386358485
Marasmitruncus massiliensis,0.6563770516488482,Mostly Terrestrial,9999,1,0,0,0,0.6563770516488482
Streptomyces peucetius,0.8614027719445613,Terrestrial Specialist,9999,1,0,0,0,0.8614027719445613
Ectothiorhodospira mobilis,-0.8361635972255442,Aquatic Specialist,9999,0,1,0,0,-0.8361635972255442
Haematobacter massiliensis,-0.5223284648523694,Mostly Aquatic,9999,0,1,0,0,-0.5223284648523694
Streptomyces cinereus,0.18580609108689575,Mostly Terrestrial,9999,1,0,0,0,0.18580609108689575
Pseudomonas floridensis,0.5493787626489048,Mostly Terrestrial,9999,1,0,0,0,0.5493787626489048
Cupriavidus respiraculi,0.44727929555204327,Mostly Terrestrial,9999,1,0,0,0,0.44727929555204327
Streptomyces vinaceus,0.8663466863577627,Terrestrial Specialist,9999,1,0,0,0,0.8663466863577627
Klenkia marina,0.5426775612822125,Mostly Terrestrial,9999,1,0,0,0,0.5426775612822125
Streptomyces olivochromogenes,0.9057417353808912,Terrestrial Specialist,9999,1,0,0,0,0.9057417353808912
Mycobacterium ahvazicum,0.3698740554156172,Mostly Terrestrial,9999,1,0,0,0,0.3698740554156172
Saezia sanguinis,0.0014749262536872842,Generalist,9999,1,0,0,0,0.0014749262536872842
Albidovulum inexpectatum,-0.5874415497661991,Mostly Aquatic,9999,0,1,0,0,-0.5874415497661991
Paracoccus aeridis,0.18088066786708135,Mostly Terrestrial,9999,1,0,0,0,0.18088066786708135
Streptomyces kanamyceticus,0.8839400853089973,Terrestrial Specialist,9999,1,0,0,0,0.8839400853089973
Rhizobium esperanzae,0.7957068837897854,Mostly Terrestrial,9999,1,0,0,0,0.7957068837897854
Campylobacter jejuni,0.7163982911600394,Mostly Terrestrial,9999,1,0,0,0,0.7163982911600394
Alkanindiges illinoisensis,-0.02030735455543355,Generalist,9999,0,1,0,0,-0.02030735455543355
Sulfurivermis fontis,-0.3010559872484559,Mostly Aquatic,9999,0,1,0,0,-0.3010559872484559
Terasakiispira papahanaumokuakeensis,-0.37820765890248714,Mostly Aquatic,9999,0,1,0,0,-0.37820765890248714
Paenibacillus xerothermodurans,0.8444094488188977,Terrestrial Specialist,9999,1,0,0,0,0.8444094488188977
Beijerinckiaceae bacterium,0.3952269536733738,Mostly Terrestrial,9999,1,0,0,0,0.3952269536733738
Niveispirillum lacus,-0.8477684489615555,Aquatic Specialist,9999,0,1,0,0,-0.8477684489615555
Desulfobulbus oralis,0.8879138412445153,Terrestrial Specialist,9999,1,0,0,0,0.8879138412445153
Brevefilum fermentans,-0.7307884231536927,Mostly Aquatic,9999,0,1,0,0,-0.7307884231536927
Thermomonospora echinospora,0.8805251114055163,Terrestrial Specialist,9999,1,0,0,0,0.8805251114055163
Microtetraspora fusca,0.8541786082769689,Terrestrial Specialist,9999,1,0,0,0,0.8541786082769689
Plantibacter cousiniae,0.5495136528770656,Mostly Terrestrial,9999,1,0,0,0,0.5495136528770656
Parolsenella catena,0.7271059216013345,Mostly Terrestrial,9999,1,0,0,0,0.7271059216013345
Cloacibacterium caeni,-0.720598469032707,Mostly Aquatic,9999,0,1,0,0,-0.720598469032707
Mucilaginibacter galii,0.739786156443444,Mostly Terrestrial,9999,1,0,0,0,0.739786156443444
Rhodoplanes serenus,0.5178550521016273,Mostly Terrestrial,9999,1,0,0,0,0.5178550521016273
Avrilella dinanensis,0.45628070175438606,Mostly Terrestrial,9999,1,0,0,0,0.45628070175438606
Caballeronia mineralivorans,0.8470501202145367,Terrestrial Specialist,9999,1,0,0,0,0.8470501202145367
Pseudomonas laurylsulfatiphila,-0.1430825881115203,Mostly Aquatic,9999,0,1,0,0,-0.1430825881115203
Agaribacterium haliotis,-0.9424170445548118,Aquatic Specialist,9999,0,1,0,0,-0.9424170445548118
Rhodopirellula bahusiensis,-0.7626159408897973,Mostly Aquatic,9999,0,1,0,0,-0.7626159408897973
Dictyobacter kobayashii,0.964857691955706,Terrestrial Specialist,9999,1,0,0,0,0.964857691955706
Massilicoli timonensis,0.8699958728848536,Terrestrial Specialist,9999,1,0,0,0,0.8699958728848536
Streptoalloteichus hindustanus,0.8148814881488149,Terrestrial Specialist,9999,1,0,0,0,0.8148814881488149
Desulfosporosinus fructosivorans,0.13901091115204767,Mostly Terrestrial,9999,1,0,0,0,0.13901091115204767
Tetzosporium hominis,-0.037258815701929446,Generalist,9999,0,1,0,0,-0.037258815701929446
Paenibacillus konkukensis,0.8667599720083975,Terrestrial Specialist,9999,1,0,0,0,0.8667599720083975
Ahniella affigens,-0.5595354198067204,Mostly Aquatic,9999,0,1,0,0,-0.5595354198067204
Flavobacteriales bacterium,-0.9011035653650254,Aquatic Specialist,9999,0,1,0,0,-0.9011035653650254
Leptospira levettii,-0.5251638930912759,Mostly Aquatic,9999,0,1,0,0,-0.5251638930912759
Leptospira brenneri,-0.5251638930912759,Mostly Aquatic,9999,0,1,0,0,-0.5251638930912759
Winogradskyella tangerina,-1,Aquatic Specialist,9999,0,1,0,0,-1
Flavobacterium soyangense,-0.15036133343694144,Mostly Aquatic,9999,0,1,0,0,-0.15036133343694144
Larkinella knui,0.6665676077265974,Mostly Terrestrial,9999,1,0,0,0,0.6665676077265974
Pusillimonas maritima,-0.5431554902920541,Mostly Aquatic,9999,0,1,0,0,-0.5431554902920541
Flavobacterium luteum,0.7122383556477465,Mostly Terrestrial,9999,1,0,0,0,0.7122383556477465
Flavobacterium foetidum,0.3180314309346568,Mostly Terrestrial,9999,1,0,0,0,0.3180314309346568
Streptomyces drozdowiczii,0.8367346938775511,Terrestrial Specialist,9999,1,0,0,0,0.8367346938775511
Stenotrophobium rhamnosiphilum,0.6392359318533816,Mostly Terrestrial,9999,1,0,0,0,0.6392359318533816
Acinetobacter bouvetii,-0.12435897435897439,Mostly Aquatic,9999,0,1,0,0,-0.12435897435897439
Acinetobacter gerneri,-0.23809523809523808,Mostly Aquatic,9999,0,1,0,0,-0.23809523809523808
Candidatus Methylomirabilis limnetica,-0.7537960024019903,Mostly Aquatic,9999,0,1,0,0,-0.7537960024019903
Geodermatophilus chilensis,0.6968909110605569,Mostly Terrestrial,9999,1,0,0,0,0.6968909110605569
Mesorhizobium sanjuanii,0.7611087600507828,Mostly Terrestrial,9999,1,0,0,0,0.7611087600507828
Methylobacterium frigidaeris,0.4831908831908832,Mostly Terrestrial,9999,1,0,0,0,0.4831908831908832
Jatrophihabitans telluris,1,Terrestrial Specialist,9999,1,0,0,0,1
Ramlibacter henchirensis,0.5406895061061278,Mostly Terrestrial,9999,1,0,0,0,0.5406895061061278
Neobittarella massiliensis,0.9575683394532845,Terrestrial Specialist,9999,1,0,0,0,0.9575683394532845
Roseovarius nitratireducens,-0.6181081557160473,Mostly Aquatic,9999,0,1,0,0,-0.6181081557160473
Hymenobacter cavernae,-0.41193553071003336,Mostly Aquatic,9999,0,1,0,0,-0.41193553071003336
Sphingobacteriales bacterium,0.43709606020362995,Mostly Terrestrial,9999,1,0,0,0,0.43709606020362995
Flavobacterium limi,0.17031070195627154,Mostly Terrestrial,9999,1,0,0,0,0.17031070195627154
Nonomuraea cavernae,0.9074074074074074,Terrestrial Specialist,9999,1,0,0,0,0.9074074074074074
Salipaludibacillus keqinensis,-0.4549270437737358,Mostly Aquatic,9999,0,1,0,0,-0.4549270437737358
Dongshaea marina,-0.8373123882105918,Aquatic Specialist,9999,0,1,0,0,-0.8373123882105918
Paenibacillus solanacearum,0.8444317966230316,Terrestrial Specialist,9999,1,0,0,0,0.8444317966230316
Mycobacterium lehmannii,0.6734730431667562,Mostly Terrestrial,9999,1,0,0,0,0.6734730431667562
Acinetobacter pseudolwoffii,0.06068743286788405,Generalist,9999,1,0,0,0,0.06068743286788405
Magnetospirillum kuznetsovii,-0.5654501902212202,Mostly Aquatic,9999,0,1,0,0,-0.5654501902212202
Caulobacter zeae,0.36956722340131043,Mostly Terrestrial,9999,1,0,0,0,0.36956722340131043
Marinobacter maroccanus,-0.879836882646126,Aquatic Specialist,9999,0,1,0,0,-0.879836882646126
Nocardia tengchongensis,0.8518959360652951,Terrestrial Specialist,9999,1,0,0,0,0.8518959360652951
Minwuia thermotolerans,-0.7689465153970827,Mostly Aquatic,9999,0,1,0,0,-0.7689465153970827
Acidimangrovimonas sediminis,-0.675913457222372,Mostly Aquatic,9999,0,1,0,0,-0.675913457222372
Subtercola vilae,0.4364152013613159,Mostly Terrestrial,9999,1,0,0,0,0.4364152013613159
Marinicaulis flavus,-0.9001073066042337,Aquatic Specialist,9999,0,1,0,0,-0.9001073066042337
Desertimonas flava,0.8114951025688412,Terrestrial Specialist,9999,1,0,0,0,0.8114951025688412
Clostridium fermenticellae,0.5003388911481632,Mostly Terrestrial,9999,1,0,0,0,0.5003388911481632
Achromobacter veterisilvae,0.5271426746710945,Mostly Terrestrial,9999,1,0,0,0,0.5271426746710945
Tamlana carrageenivorans,-0.8703566427806605,Aquatic Specialist,9999,0,1,0,0,-0.8703566427806605
Thalassobius autumnalis,-0.952432745993764,Aquatic Specialist,9999,0,1,0,0,-0.952432745993764
Acuticoccus kandeliae,0.6267450404114622,Mostly Terrestrial,9999,1,0,0,0,0.6267450404114622
Roseomonas mucosa,0.33841807909604515,Mostly Terrestrial,9999,1,0,0,0,0.33841807909604515
Flavipsychrobacter stenotrophus,-0.0355461775685765,Generalist,9999,0,1,0,0,-0.0355461775685765
Microvirga calopogonii,0.6438834429971801,Mostly Terrestrial,9999,1,0,0,0,0.6438834429971801
Rhodohalobacter mucosus,-0.823937877995968,Aquatic Specialist,9999,0,1,0,0,-0.823937877995968
Tautonia sociabilis,0.5539268631384047,Mostly Terrestrial,9999,1,0,0,0,0.5539268631384047
Amycolatopsis tolypomycina,0.9442142496210206,Terrestrial Specialist,9999,1,0,0,0,0.9442142496210206
Amnimonas aquatica,0.055070623710522175,Generalist,9999,1,0,0,0,0.055070623710522175
Cyclobacteriaceae bacterium,-0.2516384063247685,Mostly Aquatic,9999,0,1,0,0,-0.2516384063247685
Microvirga tunisiensis,-0.33366683341670844,Mostly Aquatic,9999,0,1,0,0,-0.33366683341670844
Marinobacter fuscus,-0.7225680241863774,Mostly Aquatic,9999,0,1,0,0,-0.7225680241863774
Kibdelosporangium philippinense,0.9025230519809504,Terrestrial Specialist,9999,1,0,0,0,0.9025230519809504
Pulveribacter suum,-0.4207809694793537,Mostly Aquatic,9999,0,1,0,0,-0.4207809694793537
Zobellella endophytica,-0.9287397358086397,Aquatic Specialist,9999,0,1,0,0,-0.9287397358086397
Pseudodesulfovibrio hydrargyri,-0.10426397468735876,Mostly Aquatic,9999,0,1,0,0,-0.10426397468735876
Mycolicibacterium madagascariense,0.6734730431667562,Mostly Terrestrial,9999,1,0,0,0,0.6734730431667562
Pseudoxanthomonas composti,0.4464433988375312,Mostly Terrestrial,9999,1,0,0,0,0.4464433988375312
Saccharospirillum mangrovi,-0.5719872891713517,Mostly Aquatic,9999,0,1,0,0,-0.5719872891713517
Hyphobacterium indicum,-0.8919288645690834,Aquatic Specialist,9999,0,1,0,0,-0.8919288645690834
Marinilabilia rubra,0.1178761061946902,Mostly Terrestrial,9999,1,0,0,0,0.1178761061946902
Cohnella lubricantis,0.761096714870852,Mostly Terrestrial,9999,1,0,0,0,0.761096714870852
Bifidobacterium longum,0.774479568234387,Mostly Terrestrial,9999,1,0,0,0,0.774479568234387
Mycolicibacterium psychrotolerans,0.13174536256323777,Mostly Terrestrial,9999,1,0,0,0,0.13174536256323777
Phenylobacterium soli,0.8682155408043732,Terrestrial Specialist,9999,1,0,0,0,0.8682155408043732
Microvirga flocculans,0.8572564612326045,Terrestrial Specialist,9999,1,0,0,0,0.8572564612326045
Pararhodobacter oceanensis,-0.5997517840521255,Mostly Aquatic,9999,0,1,0,0,-0.5997517840521255
Caulobacter radicis,0.36956722340131043,Mostly Terrestrial,9999,1,0,0,0,0.36956722340131043
Albibacillus kandeliae,-0.8981824925816024,Aquatic Specialist,9999,0,1,0,0,-0.8981824925816024
Coraliomargarita sinensis,-0.8774890043982407,Aquatic Specialist,9999,0,1,0,0,-0.8774890043982407
Acuticoccus sediminis,-0.7738363968612276,Mostly Aquatic,9999,0,1,0,0,-0.7738363968612276
Kribbella monticola,0.9250616581293871,Terrestrial Specialist,9999,1,0,0,0,0.9250616581293871
Aeromonas simiae,-0.3567586948727142,Mostly Aquatic,9999,0,1,0,0,-0.3567586948727142
Lentzea terrae,0.9387020466934073,Terrestrial Specialist,9999,1,0,0,0,0.9387020466934073
Litorivita pollutaquae,-0.9719262641637071,Aquatic Specialist,9999,0,1,0,0,-0.9719262641637071
Marinobacter bohaiensis,-0.7228435027140148,Mostly Aquatic,9999,0,1,0,0,-0.7228435027140148
Falsochrobactrum shanghaiense,-0.20024824162184524,Mostly Aquatic,9999,0,1,0,0,-0.20024824162184524
Marinomonas shanghaiensis,-0.5794158553546593,Mostly Aquatic,9999,0,1,0,0,-0.5794158553546593
Methylobacterium terrae,0.41707632600258726,Mostly Terrestrial,9999,1,0,0,0,0.41707632600258726
Neobacillus drentensis,0.7489266701013223,Mostly Terrestrial,9999,1,0,0,0,0.7489266701013223
Neobacillus vireti,0.9023339816615726,Terrestrial Specialist,9999,1,0,0,0,0.9023339816615726
Neobacillus novalis,0.9023339816615726,Terrestrial Specialist,9999,1,0,0,0,0.9023339816615726
Mycobacterium saskatchewanense,-0.12917613397290245,Mostly Aquatic,9999,0,1,0,0,-0.12917613397290245
Acidisarcina polymorpha,0.8492063492063492,Terrestrial Specialist,9999,1,0,0,0,0.8492063492063492
Cohaesibacter intestini,-0.9269406392694063,Aquatic Specialist,9999,0,1,0,0,-0.9269406392694063
Algibacter lectus,-0.5604741618818299,Mostly Aquatic,9999,0,1,0,0,-0.5604741618818299
Simplicispira lacusdiani,0.1751067724222087,Mostly Terrestrial,9999,1,0,0,0,0.1751067724222087
Pseudomonas huaxiensis,0.2064523616107695,Mostly Terrestrial,9999,1,0,0,0,0.2064523616107695
Marinomonas piezotolerans,-0.6436744033998039,Mostly Aquatic,9999,0,1,0,0,-0.6436744033998039
Modestobacter excelsi,0.7869379014989293,Mostly Terrestrial,9999,1,0,0,0,0.7869379014989293
Streptomyces alkaliterrae,0.8568421052631578,Terrestrial Specialist,9999,1,0,0,0,0.8568421052631578
Mesobacillus harenae,0.7526058481689881,Mostly Terrestrial,9999,1,0,0,0,0.7526058481689881
Putridiphycobacter roseus,0.11340499750836477,Mostly Terrestrial,9999,1,0,0,0,0.11340499750836477
Nonomuraea phyllanthi,1,Terrestrial Specialist,9999,1,0,0,0,1
Actinomadura craniellae,0.8756940712878382,Terrestrial Specialist,9999,1,0,0,0,0.8756940712878382
Pedobacter chitinilyticus,0.4504061779159563,Mostly Terrestrial,9999,1,0,0,0,0.4504061779159563
Blastochloris tepida,0.08167411621292157,Generalist,9999,1,0,0,0,0.08167411621292157
Skermanella pratensis,0.8244771339937957,Terrestrial Specialist,9999,1,0,0,0,0.8244771339937957
Ornithinimicrobium cerasi,0.1751067724222087,Mostly Terrestrial,9999,1,0,0,0,0.1751067724222087
Pelagivirga dicentrarchi,-0.30437788018433176,Mostly Aquatic,9999,0,1,0,0,-0.30437788018433176
Oceanisphaera litoralis,-0.7142857142857143,Mostly Aquatic,9999,0,1,0,0,-0.7142857142857143
Paenibacillus massiliensis,0.8980400333611342,Terrestrial Specialist,9999,1,0,0,0,0.8980400333611342
Thiomicrorhabdus indica,-0.8805863933959579,Aquatic Specialist,9999,0,1,0,0,-0.8805863933959579
Tepidimonas charontis,0.27547869054972207,Mostly Terrestrial,9999,1,0,0,0,0.27547869054972207
Ephemeroptericola cinctiostellae,-0.8853945918453844,Aquatic Specialist,9999,0,1,0,0,-0.8853945918453844
Ulvibacter litoralis,-0.9739828764850335,Aquatic Specialist,9999,0,1,0,0,-0.9739828764850335
Bacillus tequilensis,0.4831908831908832,Mostly Terrestrial,9999,1,0,0,0,0.4831908831908832
Nocardia tenerifensis,1,Terrestrial Specialist,9999,1,0,0,0,1
Mycolicibacterium canariasense,0.11819777647747219,Mostly Terrestrial,9999,1,0,0,0,0.11819777647747219
Thalassococcus profundi,-0.968162337094376,Aquatic Specialist,9999,0,1,0,0,-0.968162337094376
Pelagibacterium lacus,0.666772252138106,Mostly Terrestrial,9999,1,0,0,0,0.666772252138106
Streptomyces paludis,1,Terrestrial Specialist,9999,1,0,0,0,1
Motiliproteus coralliicola,-0.9657396490741383,Aquatic Specialist,9999,0,1,0,0,-0.9657396490741383
Peribacillus asahii,0.8292121909143186,Terrestrial Specialist,9999,1,0,0,0,0.8292121909143186
Candidatus Cryosericum odellii,-0.6743244295615607,Mostly Aquatic,9999,0,1,0,0,-0.6743244295615607
Desulfobacter latus,-0.7665180912427897,Mostly Aquatic,9999,0,1,0,0,-0.7665180912427897
Flavobacterium micromati,0.24272779811211723,Mostly Terrestrial,9999,1,0,0,0,0.24272779811211723
Aeromicrobium endophyticum,0.6519607843137255,Mostly Terrestrial,9999,1,0,0,0,0.6519607843137255
Paenibacillus paeoniae,0.6798770727959537,Mostly Terrestrial,9999,1,0,0,0,0.6798770727959537
Methylophaga aminisulfidivorans,-0.8620107012109264,Aquatic Specialist,9999,0,1,0,0,-0.8620107012109264
Paraburkholderia dinghuensis,0.7790769230769231,Mostly Terrestrial,9999,1,0,0,0,0.7790769230769231
Candidatus Macondimonas diazotrophica,-0.3229819474324198,Mostly Aquatic,9999,0,1,0,0,-0.3229819474324198
Maribellus luteus,-0.3529100529100529,Mostly Aquatic,9999,0,1,0,0,-0.3529100529100529
Fibrisoma montanum,0.034482758620689655,Generalist,9999,1,0,0,0,0.034482758620689655
Pelagerythrobacter aerophilus,-0.20216937838965376,Mostly Aquatic,9999,0,1,0,0,-0.20216937838965376
Aquabacterium pictum,-0.5699143905421932,Mostly Aquatic,9999,0,1,0,0,-0.5699143905421932
Lichenibacterium minor,0.4936536099358537,Mostly Terrestrial,9999,1,0,0,0,0.4936536099358537
Corallococcus terminator,0.8101510361784334,Terrestrial Specialist,9999,1,0,0,0,0.8101510361784334
Chryseolinea soli,0.9226393629124005,Terrestrial Specialist,9999,1,0,0,0,0.9226393629124005
Halomonas alkaliantarctica,-0.6682612999010228,Mostly Aquatic,9999,0,1,0,0,-0.6682612999010228
Ectothiorhodosinus mongolicus,-0.9614253471034814,Aquatic Specialist,9999,0,1,0,0,-0.9614253471034814
Bacillus clarus,0.7692903797188088,Mostly Terrestrial,9999,1,0,0,0,0.7692903797188088
Nocardia panacis,0.538881309686221,Mostly Terrestrial,9999,1,0,0,0,0.538881309686221
Algoriphagus aquimarinus,-0.593186733958183,Mostly Aquatic,9999,0,1,0,0,-0.593186733958183
Pseudomonas alkylphenolica,0.2406221408966148,Mostly Terrestrial,9999,1,0,0,0,0.2406221408966148
Shewanella putrefaciens,-0.77296278850683,Mostly Aquatic,9999,0,1,0,0,-0.77296278850683
Desulfurobacterium atlanticum,-1,Aquatic Specialist,9999,0,1,0,0,-1
Mesorhizobium temperatum,0.7611087600507828,Mostly Terrestrial,9999,1,0,0,0,0.7611087600507828
Cohnella endophytica,0.7647058823529411,Mostly Terrestrial,9999,1,0,0,0,0.7647058823529411
Candidatus Burkholderia verschuerenii,0.8860510805500983,Terrestrial Specialist,9999,1,0,0,0,0.8860510805500983
Teredinibacter turnerae,-0.8083538083538083,Aquatic Specialist,9999,0,1,0,0,-0.8083538083538083
Mycobacterium neglectum,0.0717904747057448,Generalist,9999,1,0,0,0,0.0717904747057448
Mycobacterium sherrisii,-0.12917613397290245,Mostly Aquatic,9999,0,1,0,0,-0.12917613397290245
Planomicrobium okeanokoites,0.20008200082000824,Mostly Terrestrial,9999,1,0,0,0,0.20008200082000824
Tepidimonas aquatica,-0.40052385833048626,Mostly Aquatic,9999,0,1,0,0,-0.40052385833048626
Poseidonibacter antarcticus,-0.9810765683390316,Aquatic Specialist,9999,0,1,0,0,-0.9810765683390316
Pararhodobacter zhoushanensis,-0.5949084412684233,Mostly Aquatic,9999,0,1,0,0,-0.5949084412684233
Vibrio zhugei,-0.7322445879225219,Mostly Aquatic,9999,0,1,0,0,-0.7322445879225219
Prevotella marseillensis,0.9626049754397085,Terrestrial Specialist,9999,1,0,0,0,0.9626049754397085
Cupriavidus pinatubonensis,0.5762935854427162,Mostly Terrestrial,9999,1,0,0,0,0.5762935854427162
Trebonia kvetii,0.9000791626352364,Terrestrial Specialist,9999,1,0,0,0,0.9000791626352364
Parasedimentitalea marina,-0.941462041792725,Aquatic Specialist,9999,0,1,0,0,-0.941462041792725
Veillonella rodentium,0.9889188805228015,Terrestrial Specialist,9999,1,0,0,0,0.9889188805228015
Pseudomonas carnis,0.4390947927491052,Mostly Terrestrial,9999,1,0,0,0,0.4390947927491052
Ruminiclostridium herbifermentans,0.5826651781183395,Mostly Terrestrial,9999,1,0,0,0,0.5826651781183395
Flavobacterium macacae,0.5047159464794911,Mostly Terrestrial,9999,1,0,0,0,0.5047159464794911
Paenibacillus xylanilyticus,0.8136742634797111,Terrestrial Specialist,9999,1,0,0,0,0.8136742634797111
Lachnoanaerobaculum gingivalis,0.9549488054607508,Terrestrial Specialist,9999,1,0,0,0,0.9549488054607508
Lautropia dentalis,0.9591179385530226,Terrestrial Specialist,9999,1,0,0,0,0.9591179385530226
Flavobacterium fryxellicola,-0.30449609620389484,Mostly Aquatic,9999,0,1,0,0,-0.30449609620389484
Pseudomonas hydrolytica,-0.13139954551530542,Mostly Aquatic,9999,0,1,0,0,-0.13139954551530542
Paenibacillus albus,0.8279788073497916,Terrestrial Specialist,9999,1,0,0,0,0.8279788073497916
Hymenobacter radiodurans,0.4273858921161825,Mostly Terrestrial,9999,1,0,0,0,0.4273858921161825
Variovorax beijingensis,0.4750172691687774,Mostly Terrestrial,9999,1,0,0,0,0.4750172691687774
Paenibacillus whitsoniae,0.539250897896357,Mostly Terrestrial,9999,1,0,0,0,0.539250897896357
Candidatus Magnetaquicoccus inordinatus,-0.6815736898724452,Mostly Aquatic,9999,0,1,0,0,-0.6815736898724452
Candidatus Methylobacter oryzae,-0.7593412676446167,Mostly Aquatic,9999,0,1,0,0,-0.7593412676446167
Rubrivivax albus,-0.3748945345457954,Mostly Aquatic,9999,0,1,0,0,-0.3748945345457954
Pseudocnuella soli,0.6618867924528302,Mostly Terrestrial,9999,1,0,0,0,0.6618867924528302
Cohnella abietis,0.9473920863309353,Terrestrial Specialist,9999,1,0,0,0,0.9473920863309353
Pandoraea iniqua,0.5258855585831064,Mostly Terrestrial,9999,1,0,0,0,0.5258855585831064
Pandoraea cepalis,0.5258855585831064,Mostly Terrestrial,9999,1,0,0,0,0.5258855585831064
Halomonas niordiana,-0.6480938416422286,Mostly Aquatic,9999,0,1,0,0,-0.6480938416422286
Oleiharenicola lentus,0.2696910659615919,Mostly Terrestrial,9999,1,0,0,0,0.2696910659615919
Candidatus Borkfalkia ceftriaxoniphila,0.9589411129119395,Terrestrial Specialist,9999,1,0,0,0,0.9589411129119395
Ktedonosporobacter rubrisoli,0.9420221909673387,Terrestrial Specialist,9999,1,0,0,0,0.9420221909673387
Flavobacterium sangjuense,-0.7574662055957245,Mostly Aquatic,9999,0,1,0,0,-0.7574662055957245
Blastopirellula retiformator,-0.4997498749374687,Mostly Aquatic,9999,0,1,0,0,-0.4997498749374687
Aeoliella mucimassa,0.7716340750730502,Mostly Terrestrial,9999,1,0,0,0,0.7716340750730502
Tautonia plasticadhaerens,0.6877222338422923,Mostly Terrestrial,9999,1,0,0,0,0.6877222338422923
Gimesia panareensis,-0.48627487972832745,Mostly Aquatic,9999,0,1,0,0,-0.48627487972832745
Caulifigura coniformis,0.8143950402014919,Terrestrial Specialist,9999,1,0,0,0,0.8143950402014919
Alienimonas californiensis,-0.3894306677811833,Mostly Aquatic,9999,0,1,0,0,-0.3894306677811833
Symmachiella dynata,-0.8044334594886847,Aquatic Specialist,9999,0,1,0,0,-0.8044334594886847
Botrimarina hoheduenensis,-0.8953150242326333,Aquatic Specialist,9999,0,1,0,0,-0.8953150242326333
Botrimarina colliarenosi,-0.9627770807193643,Aquatic Specialist,9999,0,1,0,0,-0.9627770807193643
Posidoniimonas polymericola,-0.8737635421573245,Aquatic Specialist,9999,0,1,0,0,-0.8737635421573245
Bythopirellula polymerisocia,-0.9371456741434558,Aquatic Specialist,9999,0,1,0,0,-0.9371456741434558
Stieleria varia,-0.9512909080264622,Aquatic Specialist,9999,0,1,0,0,-0.9512909080264622
Pirellulimonas nuda,-0.5874304048315561,Mostly Aquatic,9999,0,1,0,0,-0.5874304048315561
Sphingomonas solaris,0.7191797346200242,Mostly Terrestrial,9999,1,0,0,0,0.7191797346200242
Paraburkholderia phenoliruptrix,0.7479646017699116,Mostly Terrestrial,9999,1,0,0,0,0.7479646017699116
Jiangella aurantiaca,0.9090222506245278,Terrestrial Specialist,9999,1,0,0,0,0.9090222506245278
Nonomuraea terrae,0.8009373458312776,Terrestrial Specialist,9999,1,0,0,0,0.8009373458312776
Dyadobacter psychrotolerans,0.7123728813559322,Mostly Terrestrial,9999,1,0,0,0,0.7123728813559322
Roseibaca ekhonensis,-0.7017426273458446,Mostly Aquatic,9999,0,1,0,0,-0.7017426273458446
Roseisalinus antarcticus,-0.8153249272550922,Aquatic Specialist,9999,0,1,0,0,-0.8153249272550922
Paenibacillus piri,0.7895357406042741,Mostly Terrestrial,9999,1,0,0,0,0.7895357406042741
Roseovarius arcticus,-0.6521880328001949,Mostly Aquatic,9999,0,1,0,0,-0.6521880328001949
Paeniglutamicibacter gangotriensis,0.7788355102944433,Mostly Terrestrial,9999,1,0,0,0,0.7788355102944433
Rhizobium deserti,0.3434206971088895,Mostly Terrestrial,9999,1,0,0,0,0.3434206971088895
Clostridium cuniculi,0.40103652517275423,Mostly Terrestrial,9999,1,0,0,0,0.40103652517275423
Fictibacillus arsenicus,0.580023828435266,Mostly Terrestrial,9999,1,0,0,0,0.580023828435266
Sphingomonas parva,1,Terrestrial Specialist,9999,1,0,0,0,1
Pectobacterium fontis,0.24631879914224444,Mostly Terrestrial,9999,1,0,0,0,0.24631879914224444
Oecophyllibacter saccharovorans,0.48104770017035764,Mostly Terrestrial,9999,1,0,0,0,0.48104770017035764
Nocardioides cynanchi,0.8581439393939395,Terrestrial Specialist,9999,1,0,0,0,0.8581439393939395
Citrobacter tructae,0.4366444366444366,Mostly Terrestrial,9999,1,0,0,0,0.4366444366444366
Marinobacter bryozoorum,-0.8749401818471845,Aquatic Specialist,9999,0,1,0,0,-0.8749401818471845
Niastella caeni,0.954070501779768,Terrestrial Specialist,9999,1,0,0,0,0.954070501779768
Rhodococcus oryzae,0.8112570356472795,Terrestrial Specialist,9999,1,0,0,0,0.8112570356472795
Dyadobacter bucti,0.07805659369994655,Generalist,9999,1,0,0,0,0.07805659369994655
Paeniglutamicibacter psychrophenolicus,0.6372719374456993,Mostly Terrestrial,9999,1,0,0,0,0.6372719374456993
Aquibacillus sediminis,0.05371248025276468,Generalist,9999,1,0,0,0,0.05371248025276468
Phragmitibacter flavus,0.6722831618229108,Mostly Terrestrial,9999,1,0,0,0,0.6722831618229108
Rhodoferax bucti,-0.7318181818181818,Mostly Aquatic,9999,0,1,0,0,-0.7318181818181818
Roseomonas gilardii,0.33841807909604515,Mostly Terrestrial,9999,1,0,0,0,0.33841807909604515
Dyadobacter flavalbus,0.4995278564683665,Mostly Terrestrial,9999,1,0,0,0,0.4995278564683665
Microvirga brassicacearum,0.7651649521106776,Mostly Terrestrial,9999,1,0,0,0,0.7651649521106776
Saccharibacillus brassicae,0.7003067484662576,Mostly Terrestrial,9999,1,0,0,0,0.7003067484662576
Mycolicibacterium cosmeticum,0.11819777647747219,Mostly Terrestrial,9999,1,0,0,0,0.11819777647747219
Methylophilus medardicus,0.016224188790560465,Generalist,9999,1,0,0,0,0.016224188790560465
Marmoricola caldifontis,0.7222222222222222,Mostly Terrestrial,9999,1,0,0,0,0.7222222222222222
Luteibacter pinisoli,0.7651455546813533,Mostly Terrestrial,9999,1,0,0,0,0.7651455546813533
Extensimonas perlucida,-0.6950885521270769,Mostly Aquatic,9999,0,1,0,0,-0.6950885521270769
Lysobacter alkalisoli,0.5673494251123125,Mostly Terrestrial,9999,1,0,0,0,0.5673494251123125
Reinekea thalattae,-0.8740517917865551,Aquatic Specialist,9999,0,1,0,0,-0.8740517917865551
Ornithinimicrobium pratense,-0.060955961331901176,Generalist,9999,0,1,0,0,-0.060955961331901176
Ferrovibrio terrae,0.6393869578283081,Mostly Terrestrial,9999,1,0,0,0,0.6393869578283081
Lysobacter profundi,0.5882352941176471,Mostly Terrestrial,9999,1,0,0,0,0.5882352941176471
Gemmobacter caeruleus,-0.8799502384408043,Aquatic Specialist,9999,0,1,0,0,-0.8799502384408043
Rariglobus hedericola,0.4431851778850892,Mostly Terrestrial,9999,1,0,0,0,0.4431851778850892
Luteimonas wenzhouensis,0.467137965315365,Mostly Terrestrial,9999,1,0,0,0,0.467137965315365
Pseudomonas haemolytica,0.4390947927491052,Mostly Terrestrial,9999,1,0,0,0,0.4390947927491052
Hypericibacter adhaerens,0.5051970974700921,Mostly Terrestrial,9999,1,0,0,0,0.5051970974700921
Rhabdaerophilum calidifontis,-0.44125641800060406,Mostly Aquatic,9999,0,1,0,0,-0.44125641800060406
Gimesia chilikensis,-0.8462131927478461,Aquatic Specialist,9999,0,1,0,0,-0.8462131927478461
Candidatus Manganitrophus noduliformans,0.6376537369914852,Mostly Terrestrial,9999,1,0,0,0,0.6376537369914852
Hymenobacter lapidiphilus,0.4381188118811881,Mostly Terrestrial,9999,1,0,0,0,0.4381188118811881
Parvibaculum sedimenti,0.41594216161801045,Mostly Terrestrial,9999,1,0,0,0,0.41594216161801045
Microbacterium algeriense,0.3523391812865497,Mostly Terrestrial,9999,1,0,0,0,0.3523391812865497
Hymenobacter baengnokdamensis,0.5043457267020763,Mostly Terrestrial,9999,1,0,0,0,0.5043457267020763
Trichormus variabilis,0.2201505302771125,Mostly Terrestrial,9999,1,0,0,0,0.2201505302771125
Aestuariivirga litoralis,-0.5773745997865527,Mostly Aquatic,9999,0,1,0,0,-0.5773745997865527
Microvirga thermotolerans,0.9147741770859913,Terrestrial Specialist,9999,1,0,0,0,0.9147741770859913
Gemmobacter serpentinus,-0.8604148235525412,Aquatic Specialist,9999,0,1,0,0,-0.8604148235525412
Janthinobacterium violaceinigrum,0.22308371773481206,Mostly Terrestrial,9999,1,0,0,0,0.22308371773481206
Alkalibaculum sporogenes,0.5068440331598226,Mostly Terrestrial,9999,1,0,0,0,0.5068440331598226
Paracoccus denitrificans,-0.07510148849797024,Generalist,9999,0,1,0,0,-0.07510148849797024
Pseudoxanthomonas daejeonensis,-0.049372226942320366,Generalist,9999,0,1,0,0,-0.049372226942320366
Pedobacter puniceum,-0.615430469215703,Mostly Aquatic,9999,0,1,0,0,-0.615430469215703
Pseudoalteromonas marina,-0.9358708189158017,Aquatic Specialist,9999,0,1,0,0,-0.9358708189158017
Acidithiobacillus ferrianus,-0.43718891612807365,Mostly Aquatic,9999,0,1,0,0,-0.43718891612807365
Pseudodesulfovibrio cashew,-1,Aquatic Specialist,9999,0,1,0,0,-1
Phormidesmis priestleyi,-0.3337694432330281,Mostly Aquatic,9999,0,1,0,0,-0.3337694432330281
Mucilaginibacter arboris,0.8450632911392404,Terrestrial Specialist,9999,1,0,0,0,0.8450632911392404
Nitratireductor arenosus,-0.28859588704122807,Mostly Aquatic,9999,0,1,0,0,-0.28859588704122807
Lysobacter gilvus,0.9114331723027375,Terrestrial Specialist,9999,1,0,0,0,0.9114331723027375
Hymenobacter polaris,0.6577030070207975,Mostly Terrestrial,9999,1,0,0,0,0.6577030070207975
Spartinivicinus ruber,-0.5466109739889881,Mostly Aquatic,9999,0,1,0,0,-0.5466109739889881
Achromobacter panacis,-0.8829627403846153,Aquatic Specialist,9999,0,1,0,0,-0.8829627403846153
Lichenicoccus roseus,0.7958394698085419,Mostly Terrestrial,9999,1,0,0,0,0.7958394698085419
Stagnimonas aquatica,-0.7784847882282759,Mostly Aquatic,9999,0,1,0,0,-0.7784847882282759
Pontibacter russatus,0.8286942084187909,Terrestrial Specialist,9999,1,0,0,0,0.8286942084187909
Jiella pacifica,-0.696144254747746,Mostly Aquatic,9999,0,1,0,0,-0.696144254747746
Kineococcus indalonis,0.5574092247301276,Mostly Terrestrial,9999,1,0,0,0,0.5574092247301276
Paenibacillus glycinis,0.8093278463648833,Terrestrial Specialist,9999,1,0,0,0,0.8093278463648833
Sediminibacterium soli,0.7315736040609138,Mostly Terrestrial,9999,1,0,0,0,0.7315736040609138
Capillibacterium thermochitinicola,0.1751067724222087,Mostly Terrestrial,9999,1,0,0,0,0.1751067724222087
Paucibacter toxinivorans,-0.20714830554647484,Mostly Aquatic,9999,0,1,0,0,-0.20714830554647484
Rahnella aceris,0.29285804257463155,Mostly Terrestrial,9999,1,0,0,0,0.29285804257463155
Flavobacterium bizetiae,0.3787114188475531,Mostly Terrestrial,9999,1,0,0,0,0.3787114188475531
Paenibacillus lycopersici,0.9854067858445824,Terrestrial Specialist,9999,1,0,0,0,0.9854067858445824
Paenibacillus rhizovicinus,0.8651886286429464,Terrestrial Specialist,9999,1,0,0,0,0.8651886286429464
Flavihumibacter soli,0.8912097476066144,Terrestrial Specialist,9999,1,0,0,0,0.8912097476066144
Pyxidicoccus trucidator,0.8867259755130801,Terrestrial Specialist,9999,1,0,0,0,0.8867259755130801
Pyxidicoccus caerfyrddinensis,0.8867259755130801,Terrestrial Specialist,9999,1,0,0,0,0.8867259755130801
Flavobacterium segetis,-0.3362252124645892,Mostly Aquatic,9999,0,1,0,0,-0.3362252124645892
Nocardioides anomalus,0.6705825360300351,Mostly Terrestrial,9999,1,0,0,0,0.6705825360300351
Paludisphaera soli,0.4882679180887372,Mostly Terrestrial,9999,1,0,0,0,0.4882679180887372
Motilibacter deserti,0.8502278605739624,Terrestrial Specialist,9999,1,0,0,0,0.8502278605739624
Dissulfurispira thermophila,-0.6026079521162889,Mostly Aquatic,9999,0,1,0,0,-0.6026079521162889
Ferrimonas lipolytica,-0.9747368421052632,Aquatic Specialist,9999,0,1,0,0,-0.9747368421052632
Luteolibacter luteus,0.6466177669111656,Mostly Terrestrial,9999,1,0,0,0,0.6466177669111656
Bacillus taeanensis,0.4177570093457943,Mostly Terrestrial,9999,1,0,0,0,0.4177570093457943
Teredinibacter purpureus,-0.7885247640258777,Mostly Aquatic,9999,0,1,0,0,-0.7885247640258777
Usitatibacter rugosus,0.624612898882456,Mostly Terrestrial,9999,1,0,0,0,0.624612898882456
Usitatibacter palustris,0.8339786570969874,Terrestrial Specialist,9999,1,0,0,0,0.8339786570969874
Paraburkholderia sabiae,0.7967405607855045,Mostly Terrestrial,9999,1,0,0,0,0.7967405607855045
Isoptericola sediminis,0.882135922330097,Terrestrial Specialist,9999,1,0,0,0,0.882135922330097
Brevibacterium aurantiacum,0.5787545787545788,Mostly Terrestrial,9999,1,0,0,0,0.5787545787545788
Caenimonas soli,0.8486380977730459,Terrestrial Specialist,9999,1,0,0,0,0.8486380977730459
Marinobacter gelidimuriae,-0.7586387826999476,Mostly Aquatic,9999,0,1,0,0,-0.7586387826999476
Calidifontibacillus erzurumensis,0.7175792507204611,Mostly Terrestrial,9999,1,0,0,0,0.7175792507204611
Serratia surfactantfaciens,0.5356314731797805,Mostly Terrestrial,9999,1,0,0,0,0.5356314731797805
Schlegelella koreensis,0.586708749780817,Mostly Terrestrial,9999,1,0,0,0,0.586708749780817
Nocardia gipuzkoensis,1,Terrestrial Specialist,9999,1,0,0,0,1
Pontiella sulfatireligans,-0.8966602263317691,Aquatic Specialist,9999,0,1,0,0,-0.8966602263317691
Aeromicrobium phoceense,0.18353434714210803,Mostly Terrestrial,9999,1,0,0,0,0.18353434714210803
Microvirga mediterraneensis,0.6438834429971801,Mostly Terrestrial,9999,1,0,0,0,0.6438834429971801
Thermogemmata fonticola,-0.7955569127414307,Mostly Aquatic,9999,0,1,0,0,-0.7955569127414307
Lysobacter penaei,0.3284819082272084,Mostly Terrestrial,9999,1,0,0,0,0.3284819082272084
Natronospirillum operosum,-0.8780145821648907,Aquatic Specialist,9999,0,1,0,0,-0.8780145821648907
Teredinibacter franksiae,-0.7885247640258777,Mostly Aquatic,9999,0,1,0,0,-0.7885247640258777
Meiothermus ruber,-0.4961901512566814,Mostly Aquatic,9999,0,1,0,0,-0.4961901512566814
Candidatus Laterigemmans baculatus,0.7026291931097007,Mostly Terrestrial,9999,1,0,0,0,0.7026291931097007
Mucilaginibacter pankratovii,0.8124348007510954,Terrestrial Specialist,9999,1,0,0,0,0.8124348007510954
Paenibacillus oceani,0.8804322832835134,Terrestrial Specialist,9999,1,0,0,0,0.8804322832835134
Desulfolutivibrio sulfoxidireducens,-0.6869016781169051,Mostly Aquatic,9999,0,1,0,0,-0.6869016781169051
Frigoriglobus tundricola,0.69502688172043,Mostly Terrestrial,9999,1,0,0,0,0.69502688172043
Nocardia bovistercoris,-0.05992756009219637,Generalist,9999,0,1,0,0,-0.05992756009219637
Actinomarinicola tropica,0.5045592705167172,Mostly Terrestrial,9999,1,0,0,0,0.5045592705167172
Pelagibacterium limicola,-0.13396121883656514,Mostly Aquatic,9999,0,1,0,0,-0.13396121883656514
Agromyces lapidis,0.6314277221836918,Mostly Terrestrial,9999,1,0,0,0,0.6314277221836918
Microcella alkaliphila,0.0064450127877238115,Generalist,9999,1,0,0,0,0.0064450127877238115
Flavobacterium granuli,-0.0674665132714274,Generalist,9999,0,1,0,0,-0.0674665132714274
Acinetobacter courvalinii,0.8177937324148636,Terrestrial Specialist,9999,1,0,0,0,0.8177937324148636
Lysinibacillus fusiformis,0.7305756182972204,Mostly Terrestrial,9999,1,0,0,0,0.7305756182972204
Mycobacterium celatum,0.7327475745927147,Mostly Terrestrial,9999,1,0,0,0,0.7327475745927147
Mycolicibacterium confluentis,0.6734730431667562,Mostly Terrestrial,9999,1,0,0,0,0.6734730431667562
Rhodoferax fermentans,0.034482758620689655,Generalist,9999,1,0,0,0,0.034482758620689655
Burkholderia gladioli,0.6716109892944666,Mostly Terrestrial,9999,1,0,0,0,0.6716109892944666
Ralstonia syzygii,0.45877333333333326,Mostly Terrestrial,9999,1,0,0,0,0.45877333333333326
Prevotella oulorum,0.943095324392896,Terrestrial Specialist,9999,1,0,0,0,0.943095324392896
Serratia proteamaculans,0.3083874252259132,Mostly Terrestrial,9999,1,0,0,0,0.3083874252259132
Yersinia kristensenii,0.07314629258517029,Generalist,9999,1,0,0,0,0.07314629258517029
Vibrio nigripulchritudo,-0.7595155709342559,Mostly Aquatic,9999,0,1,0,0,-0.7595155709342559
Magnetovibrio blakemorei,-0.5384615384615385,Mostly Aquatic,9999,0,1,0,0,-0.5384615384615385
Mycoplana dimorpha,0.2590898145918613,Mostly Terrestrial,9999,1,0,0,0,0.2590898145918613
Streptomyces glomeratus,1,Terrestrial Specialist,9999,1,0,0,0,1
Clavibacter michiganensis,0.4896823556689079,Mostly Terrestrial,9999,1,0,0,0,0.4896823556689079
Neisseria subflava,0.8653530377668309,Terrestrial Specialist,9999,1,0,0,0,0.8653530377668309
Nocardioides panacis,0.9332458019487249,Terrestrial Specialist,9999,1,0,0,0,0.9332458019487249
Streptomyces fulvoviolaceus,0.9270144984712496,Terrestrial Specialist,9999,1,0,0,0,0.9270144984712496
Mesobacillus subterraneus,0.22300518134715022,Mostly Terrestrial,9999,1,0,0,0,0.22300518134715022
Bordetella ansorpii,0.15261401557285878,Mostly Terrestrial,9999,1,0,0,0,0.15261401557285878
Pseudomonas borbori,-0.10282869976933356,Mostly Aquatic,9999,0,1,0,0,-0.10282869976933356
Salmonella enterica,0.6515307877536979,Mostly Terrestrial,9999,1,0,0,0,0.6515307877536979
Xenorhabdus budapestensis,1,Terrestrial Specialist,9999,1,0,0,0,1
Mycobacterium florentinum,-0.12917613397290245,Mostly Aquatic,9999,0,1,0,0,-0.12917613397290245
Caldicellulosiruptor naganoensis,0.2525210084033614,Mostly Terrestrial,9999,1,0,0,0,0.2525210084033614
Clostridium argentinense,0.5903381642512077,Mostly Terrestrial,9999,1,0,0,0,0.5903381642512077
Caloramator fervidus,0.10042142049542609,Mostly Terrestrial,9999,1,0,0,0,0.10042142049542609
Rhizobium lusitanum,0.8375286041189932,Terrestrial Specialist,9999,1,0,0,0,0.8375286041189932
Pseudomonas fluorescens,0.4390947927491052,Mostly Terrestrial,9999,1,0,0,0,0.4390947927491052
Pseudomonas tolaasii,0.4896456511734929,Mostly Terrestrial,9999,1,0,0,0,0.4896456511734929
Yersinia frederiksenii,0.313459531971978,Mostly Terrestrial,9999,1,0,0,0,0.313459531971978
Yersinia rohdei,0.0923542770628312,Generalist,9999,1,0,0,0,0.0923542770628312
Vibrio splendidus,-0.8802190280629706,Aquatic Specialist,9999,0,1,0,0,-0.8802190280629706
Candidatus Berkiella aquae,0.5224085365853658,Mostly Terrestrial,9999,1,0,0,0,0.5224085365853658
Flavobacterium pectinovorum,0.31147238130426746,Mostly Terrestrial,9999,1,0,0,0,0.31147238130426746
Flavobacterium saccharophilum,0.08862409234779374,Generalist,9999,1,0,0,0,0.08862409234779374
Syntrophotalea acetylenica,-0.5414963205233033,Mostly Aquatic,9999,0,1,0,0,-0.5414963205233033
Flavobacterium panacis,0.34553305232856996,Mostly Terrestrial,9999,1,0,0,0,0.34553305232856996
Pseudomonas mendocina,-0.23685272360457307,Mostly Aquatic,9999,0,1,0,0,-0.23685272360457307
Phyllobacterium trifolii,0.5724797645327447,Mostly Terrestrial,9999,1,0,0,0,0.5724797645327447
Silvimonas terrae,0.8571910643180131,Terrestrial Specialist,9999,1,0,0,0,0.8571910643180131
Pseudomonas oleovorans,0.06863953966296753,Generalist,9999,1,0,0,0,0.06863953966296753
Herminiimonas fonticola,-0.49999999999999994,Mostly Aquatic,9999,0,1,0,0,-0.49999999999999994
Yangia pacifica,-0.7906596051998074,Mostly Aquatic,9999,0,1,0,0,-0.7906596051998074
Clostridium ganghwense,-0.8183113644460277,Aquatic Specialist,9999,0,1,0,0,-0.8183113644460277
Streptococcus gallolyticus,0.6739766081871345,Mostly Terrestrial,9999,1,0,0,0,0.6739766081871345
Syntrophus aciditrophicus,-0.3761666666666667,Mostly Aquatic,9999,0,1,0,0,-0.3761666666666667
Janibacter anophelis,0.6006172045776007,Mostly Terrestrial,9999,1,0,0,0,0.6006172045776007
Mycolicibacterium phocaicum,0.35902840509886585,Mostly Terrestrial,9999,1,0,0,0,0.35902840509886585
Mycobacterium barrassiae,0.6734730431667562,Mostly Terrestrial,9999,1,0,0,0,0.6734730431667562
Achromobacter denitrificans,0.5271426746710945,Mostly Terrestrial,9999,1,0,0,0,0.5271426746710945
Rhodovulum marinum,-0.6598376497873985,Mostly Aquatic,9999,0,1,0,0,-0.6598376497873985
Dietzia cinnamea,0.2839506172839506,Mostly Terrestrial,9999,1,0,0,0,0.2839506172839506
Pseudomonas vranovensis,0.2406221408966148,Mostly Terrestrial,9999,1,0,0,0,0.2406221408966148
Pseudomonas moraviensis,0.5651621106166562,Mostly Terrestrial,9999,1,0,0,0,0.5651621106166562
Paraburkholderia silvatlantica,0.8652154793315744,Terrestrial Specialist,9999,1,0,0,0,0.8652154793315744
Limnohabitans curvus,-0.8697342838626052,Aquatic Specialist,9999,0,1,0,0,-0.8697342838626052
Mycobacterium alsense,0.42116837173725985,Mostly Terrestrial,9999,1,0,0,0,0.42116837173725985
Caballeronia humi,0.8225223511508465,Terrestrial Specialist,9999,1,0,0,0,0.8225223511508465
Caballeronia telluris,0.7580317687806044,Mostly Terrestrial,9999,1,0,0,0,0.7580317687806044
Caballeronia choica,0.8225223511508465,Terrestrial Specialist,9999,1,0,0,0,0.8225223511508465
Dokdonella fugitiva,0.7307340049718697,Mostly Terrestrial,9999,1,0,0,0,0.7307340049718697
Thiorhodococcus mannitoliphagus,-0.9183128161084073,Aquatic Specialist,9999,0,1,0,0,-0.9183128161084073
Propionimicrobium lymphophilum,0.39606527375324085,Mostly Terrestrial,9999,1,0,0,0,0.39606527375324085
Phascolarctobacterium faecium,0.7023008849557524,Mostly Terrestrial,9999,1,0,0,0,0.7023008849557524
Anaerococcus vaginalis,0.9419525065963061,Terrestrial Specialist,9999,1,0,0,0,0.9419525065963061
Sphingomonas sanguinis,0.2922822035068342,Mostly Terrestrial,9999,1,0,0,0,0.2922822035068342
Neisseria perflava,0.901275651691625,Terrestrial Specialist,9999,1,0,0,0,0.901275651691625
Pseudolabrys taiwanensis,0.597519247219846,Mostly Terrestrial,9999,1,0,0,0,0.597519247219846
Chitinophaga skermanii,0.13371895202449804,Mostly Terrestrial,9999,1,0,0,0,0.13371895202449804
Candidatus Solibacter usitatus,0.7642128568039852,Mostly Terrestrial,9999,1,0,0,0,0.7642128568039852
Desulfosalsimonas propionicica,-0.8220162224797218,Aquatic Specialist,9999,0,1,0,0,-0.8220162224797218
Halospina denitrificans,-0.7035304767652383,Mostly Aquatic,9999,0,1,0,0,-0.7035304767652383
Enterococcus termitis,0.7107453301276123,Mostly Terrestrial,9999,1,0,0,0,0.7107453301276123
Mesorhizobium albiziae,0.5224146462147451,Mostly Terrestrial,9999,1,0,0,0,0.5224146462147451
Tepidimonas thermarum,-0.24780002550695057,Mostly Aquatic,9999,0,1,0,0,-0.24780002550695057
Amycolatopsis umgeniensis,0.9396975425330814,Terrestrial Specialist,9999,1,0,0,0,0.9396975425330814
Burkholderia glumae,0.6683362664139704,Mostly Terrestrial,9999,1,0,0,0,0.6683362664139704
Dechloromonas hortensis,-0.5909938119734587,Mostly Aquatic,9999,0,1,0,0,-0.5909938119734587
Catenuloplanes japonicus,0.8140749445097271,Terrestrial Specialist,9999,1,0,0,0,0.8140749445097271
Agromyces ramosus,0.8518981688253686,Terrestrial Specialist,9999,1,0,0,0,0.8518981688253686
Streptomyces mashuensis,0.8568421052631578,Terrestrial Specialist,9999,1,0,0,0,0.8568421052631578
Thiomonas bhubaneswarensis,-0.8205461638491548,Aquatic Specialist,9999,0,1,0,0,-0.8205461638491548
Aromatoleum tolulyticum,-0.1220653732920662,Mostly Aquatic,9999,0,1,0,0,-0.1220653732920662
Telluria mixta,0.6180949205290651,Mostly Terrestrial,9999,1,0,0,0,0.6180949205290651
Burkholderia oklahomensis,0.6674515960230245,Mostly Terrestrial,9999,1,0,0,0,0.6674515960230245
Sphingomonas dokdonensis,0.38968035436370163,Mostly Terrestrial,9999,1,0,0,0,0.38968035436370163
Luteibacter yeojuensis,0.8229257641921398,Terrestrial Specialist,9999,1,0,0,0,0.8229257641921398
Geobacter argillaceus,0.4438030560271647,Mostly Terrestrial,9999,1,0,0,0,0.4438030560271647
Zobellella denitrificans,-0.22749999999999998,Mostly Aquatic,9999,0,1,0,0,-0.22749999999999998
Micavibrio aeruginosavorus,0.09472131492993364,Generalist,9999,1,0,0,0,0.09472131492993364
Zoogloea ramigera,-0.88676426650732,Aquatic Specialist,9999,0,1,0,0,-0.88676426650732
Shinella zoogloeoides,0.4392065629974287,Mostly Terrestrial,9999,1,0,0,0,0.4392065629974287
Azotobacter chroococcum,0.47873058744091834,Mostly Terrestrial,9999,1,0,0,0,0.47873058744091834
Streptomyces hirsutus,0.881451200817578,Terrestrial Specialist,9999,1,0,0,0,0.881451200817578
Actinoplanes philippinensis,1,Terrestrial Specialist,9999,1,0,0,0,1
Acrocarpospora corrugata,0.9401231643770726,Terrestrial Specialist,9999,1,0,0,0,0.9401231643770726
Nitrosospira briensis,0.7822056657714631,Mostly Terrestrial,9999,1,0,0,0,0.7822056657714631
Roseococcus thiosulfatophilus,-0.8186610437532947,Aquatic Specialist,9999,0,1,0,0,-0.8186610437532947
Streptomyces rubellomurinus,0.9863988613000159,Terrestrial Specialist,9999,1,0,0,0,0.9863988613000159
Longilinea arvoryzae,-0.2643976629880367,Mostly Aquatic,9999,0,1,0,0,-0.2643976629880367
Clostridium tagluense,0.3693540139764786,Mostly Terrestrial,9999,1,0,0,0,0.3693540139764786
Devosia soli,0.4624117827554465,Mostly Terrestrial,9999,1,0,0,0,0.4624117827554465
Pseudarthrobacter phenanthrenivorans,0.8457781534704613,Terrestrial Specialist,9999,1,0,0,0,0.8457781534704613
Flavobacterium aquidurense,0.29191782507073444,Mostly Terrestrial,9999,1,0,0,0,0.29191782507073444
Flavobacterium reichenbachii,0.1356833237916088,Mostly Terrestrial,9999,1,0,0,0,0.1356833237916088
Microbacterium thalassium,0.40025709945074206,Mostly Terrestrial,9999,1,0,0,0,0.40025709945074206
Candidatus Protochlamydia amoebophila,0.6444444444444445,Mostly Terrestrial,9999,1,0,0,0,0.6444444444444445
Chryseobacterium taiwanense,0.2802878848460616,Mostly Terrestrial,9999,1,0,0,0,0.2802878848460616
Pedobacter ginsengisoli,0.6031417039380387,Mostly Terrestrial,9999,1,0,0,0,0.6031417039380387
Pseudomonas pohangensis,-0.2775711443646744,Mostly Aquatic,9999,0,1,0,0,-0.2775711443646744
Pseudidiomarina homiensis,-0.5914186627953867,Mostly Aquatic,9999,0,1,0,0,-0.5914186627953867
Paenisporosarcina quisquiliarum,0.5177678814868673,Mostly Terrestrial,9999,1,0,0,0,0.5177678814868673
Shewanella hafniensis,-1,Aquatic Specialist,9999,0,1,0,0,-1
Mycoplasma feliminutum,0.9576500968366688,Terrestrial Specialist,9999,1,0,0,0,0.9576500968366688
Microbacterium aurum,0.328294973090576,Mostly Terrestrial,9999,1,0,0,0,0.328294973090576
Mycobacteroides abscessus,0.2661617824607617,Mostly Terrestrial,9999,1,0,0,0,0.2661617824607617
Mycolicibacterium agri,0.3698740554156172,Mostly Terrestrial,9999,1,0,0,0,0.3698740554156172
Mycolicibacterium pulveris,0.6734730431667562,Mostly Terrestrial,9999,1,0,0,0,0.6734730431667562
Janthinobacterium svalbardensis,0.22308371773481206,Mostly Terrestrial,9999,1,0,0,0,0.22308371773481206
Ideonella dechloratans,-0.5166107188331984,Mostly Aquatic,9999,0,1,0,0,-0.5166107188331984
Mycolicibacterium rutilum,0.21271102284011914,Mostly Terrestrial,9999,1,0,0,0,0.21271102284011914
Zhihengliuella halotolerans,1,Terrestrial Specialist,9999,1,0,0,0,1
Microbacterium pygmaeum,0.328294973090576,Mostly Terrestrial,9999,1,0,0,0,0.328294973090576
Flavobacterium filum,-0.629022304504981,Mostly Aquatic,9999,0,1,0,0,-0.629022304504981
Fischerella thermalis,-0.5221115189652158,Mostly Aquatic,9999,0,1,0,0,-0.5221115189652158
Agrobacterium vitis,0.2301660992468791,Mostly Terrestrial,9999,1,0,0,0,0.2301660992468791
Flammeovirga kamogawensis,-0.9649146572744514,Aquatic Specialist,9999,0,1,0,0,-0.9649146572744514
Polaromonas vacuolata,-0.24067646407207738,Mostly Aquatic,9999,0,1,0,0,-0.24067646407207738
Nocardioides salarius,0.41837396866598675,Mostly Terrestrial,9999,1,0,0,0,0.41837396866598675
Paenibacillus cellulosilyticus,0.9071064927819235,Terrestrial Specialist,9999,1,0,0,0,0.9071064927819235
Desulfuromusa kysingii,-0.8557955582598115,Aquatic Specialist,9999,0,1,0,0,-0.8557955582598115
Thermus scotoductus,0.19431146156012388,Mostly Terrestrial,9999,1,0,0,0,0.19431146156012388
Halomonas gudaonensis,-0.24999999999999997,Mostly Aquatic,9999,0,1,0,0,-0.24999999999999997
Flavobacterium hibernum,0.31147238130426746,Mostly Terrestrial,9999,1,0,0,0,0.31147238130426746
Arthrobacter agilis,0.5455170832377896,Mostly Terrestrial,9999,1,0,0,0,0.5455170832377896
Marinobacter pelagius,-0.7981954887218045,Mostly Aquatic,9999,0,1,0,0,-0.7981954887218045
Trinickia soli,0.8791456477406892,Terrestrial Specialist,9999,1,0,0,0,0.8791456477406892
Parapusillimonas granuli,0.1638039379974865,Mostly Terrestrial,9999,1,0,0,0,0.1638039379974865
Thiohalorhabdus denitrificans,-0.5384059019239115,Mostly Aquatic,9999,0,1,0,0,-0.5384059019239115
Thiohalophilus thiocyanatoxydans,-0.7351846550243344,Mostly Aquatic,9999,0,1,0,0,-0.7351846550243344
Herbiconiux ginsengi,0.7804484830719625,Mostly Terrestrial,9999,1,0,0,0,0.7804484830719625
Thiocapsa imhoffii,-0.8332879324434759,Aquatic Specialist,9999,0,1,0,0,-0.8332879324434759
Corynebacterium genitalium,0.750256937307297,Mostly Terrestrial,9999,1,0,0,0,0.750256937307297
Corynebacterium jeikeium,0.6893269884432359,Mostly Terrestrial,9999,1,0,0,0,0.6893269884432359
Streptomyces pristinaespiralis,0.8367346938775511,Terrestrial Specialist,9999,1,0,0,0,0.8367346938775511
Gluconobacter cerinus,0.6670220326936745,Mostly Terrestrial,9999,1,0,0,0,0.6670220326936745
Rhizobium leguminosarum,0.8493150684931506,Terrestrial Specialist,9999,1,0,0,0,0.8493150684931506
Micrococcus flavus,0.36580310880829026,Mostly Terrestrial,9999,1,0,0,0,0.36580310880829026
Cryobacterium psychrotolerans,0.44077339849144803,Mostly Terrestrial,9999,1,0,0,0,0.44077339849144803
Mycolicibacter senuensis,0.41228362183754985,Mostly Terrestrial,9999,1,0,0,0,0.41228362183754985
Mycolicibacterium crocinum,0.21271102284011914,Mostly Terrestrial,9999,1,0,0,0,0.21271102284011914
Candidatus Protochlamydia naegleriophila,0.2350069092584063,Mostly Terrestrial,9999,1,0,0,0,0.2350069092584063
Pedobacter soli,0.8020545239035954,Terrestrial Specialist,9999,1,0,0,0,0.8020545239035954
Roseospira visakhapatnamensis,-0.7332461588754494,Mostly Aquatic,9999,0,1,0,0,-0.7332461588754494
Methylocystis heyeri,-0.2524081493478816,Mostly Aquatic,9999,0,1,0,0,-0.2524081493478816
Roseospira goensis,-0.11113825109916954,Mostly Aquatic,9999,0,1,0,0,-0.11113825109916954
Aquincola tertiaricarbonis,-0.3926932880203908,Mostly Aquatic,9999,0,1,0,0,-0.3926932880203908
Alicyclobacillus fastidiosus,0.8909972414946085,Terrestrial Specialist,9999,1,0,0,0,0.8909972414946085
Alicyclobacillus macrosporangiidus,0.8176291793313069,Terrestrial Specialist,9999,1,0,0,0,0.8176291793313069
Paraburkholderia nodosa,0.880268295124637,Terrestrial Specialist,9999,1,0,0,0,0.880268295124637
Deinococcus aquiradiocola,-0.5013927576601671,Mostly Aquatic,9999,0,1,0,0,-0.5013927576601671
Pseudoruegeria aquimaris,-0.90188376753507,Aquatic Specialist,9999,0,1,0,0,-0.90188376753507
Cystobacter gracilis,0.8052502497956218,Terrestrial Specialist,9999,1,0,0,0,0.8052502497956218
Sulfitobacter marinus,-0.904688437473215,Aquatic Specialist,9999,0,1,0,0,-0.904688437473215
Clostridium taeniosporum,0.1510316953839608,Mostly Terrestrial,9999,1,0,0,0,0.1510316953839608
Pseudomonas moorei,0.5651621106166562,Mostly Terrestrial,9999,1,0,0,0,0.5651621106166562
Devosia subaequoris,0.5320620051299207,Mostly Terrestrial,9999,1,0,0,0,0.5320620051299207
Chryseobacterium lathyri,0.6255994708119729,Mostly Terrestrial,9999,1,0,0,0,0.6255994708119729
Acinetobacter brisouii,0.17467189825463408,Mostly Terrestrial,9999,1,0,0,0,0.17467189825463408
Mycolicibacterium austroafricanum,0.0717904747057448,Generalist,9999,1,0,0,0,0.0717904747057448
Mycolicibacterium moriokaense,0.6734730431667562,Mostly Terrestrial,9999,1,0,0,0,0.6734730431667562
Mycolicibacterium parafortuitum,0.812004325883201,Terrestrial Specialist,9999,1,0,0,0,0.812004325883201
Mycolicibacterium tokaiense,0.35902840509886585,Mostly Terrestrial,9999,1,0,0,0,0.35902840509886585
Nocardioides hwasunensis,0.6856074315357703,Mostly Terrestrial,9999,1,0,0,0,0.6856074315357703
Luteimonas composti,0.5721833499928601,Mostly Terrestrial,9999,1,0,0,0,0.5721833499928601
Mesorhizobium tianshanense,0.7611087600507828,Mostly Terrestrial,9999,1,0,0,0,0.7611087600507828
Mycobacterium shinjukuense,0.4279903147699758,Mostly Terrestrial,9999,1,0,0,0,0.4279903147699758
Rhodococcus kyotonensis,0.31002546885853205,Mostly Terrestrial,9999,1,0,0,0,0.31002546885853205
Agrococcus jejuensis,0.030490956072351416,Generalist,9999,1,0,0,0,0.030490956072351416
Rheinheimera tangshanensis,-0.7902997275204359,Mostly Aquatic,9999,0,1,0,0,-0.7902997275204359
Microlunatus panaciterrae,0.8700501050589946,Terrestrial Specialist,9999,1,0,0,0,0.8700501050589946
Undibacterium pigrum,0.042066629023150816,Generalist,9999,1,0,0,0,0.042066629023150816
Undibacterium parvum,-0.4297744923739123,Mostly Aquatic,9999,0,1,0,0,-0.4297744923739123
Acinetobacter junii,-0.21630708882039784,Mostly Aquatic,9999,0,1,0,0,-0.21630708882039784
Azospirillum canadense,0.7116161033567886,Mostly Terrestrial,9999,1,0,0,0,0.7116161033567886
Defluviimonas denitrificans,-0.9197231833910035,Aquatic Specialist,9999,0,1,0,0,-0.9197231833910035
Thiomicrospira microaerophila,-0.7058308527403258,Mostly Aquatic,9999,0,1,0,0,-0.7058308527403258
Aquisphaera giovannonii,0.7216442342670062,Mostly Terrestrial,9999,1,0,0,0,0.7216442342670062
Aldersonia kunmingensis,0.6859107279275346,Mostly Terrestrial,9999,1,0,0,0,0.6859107279275346
Succiniclasticum ruminis,0.9312554616953103,Terrestrial Specialist,9999,1,0,0,0,0.9312554616953103
Methylobacterium organophilum,0.31569620253164554,Mostly Terrestrial,9999,1,0,0,0,0.31569620253164554
Pseudarthrobacter defluvii,0.8022961665693715,Terrestrial Specialist,9999,1,0,0,0,0.8022961665693715
Humibacillus xanthopallidus,0.7594466504419111,Mostly Terrestrial,9999,1,0,0,0,0.7594466504419111
Saccharothrix violaceirubra,0.9284500849405416,Terrestrial Specialist,9999,1,0,0,0,0.9284500849405416
Sediminibacterium ginsengisoli,-0.026227678571428572,Generalist,9999,0,1,0,0,-0.026227678571428572
Cronobacter dublinensis,0.5419485791610285,Mostly Terrestrial,9999,1,0,0,0,0.5419485791610285
Natronocella acetinitrilica,-0.8460561998730598,Aquatic Specialist,9999,0,1,0,0,-0.8460561998730598
Microbacterium flavum,0.7190082644628099,Mostly Terrestrial,9999,1,0,0,0,0.7190082644628099
Microbacterium lacus,-0.027395728502739525,Generalist,9999,0,1,0,0,-0.027395728502739525
Pelagicoccus mobilis,-0.9818206122176177,Aquatic Specialist,9999,0,1,0,0,-0.9818206122176177
Thiohalomonas denitrificans,-0.6845534340783641,Mostly Aquatic,9999,0,1,0,0,-0.6845534340783641
Azospirillum rugosum,0.3287773625200213,Mostly Terrestrial,9999,1,0,0,0,0.3287773625200213
Ferrovum myxofaciens,-0.316590284142988,Mostly Aquatic,9999,0,1,0,0,-0.316590284142988
Halomonas saccharevitans,-0.827435047578317,Aquatic Specialist,9999,0,1,0,0,-0.827435047578317
Halomonas arcis,-0.9713962341804713,Aquatic Specialist,9999,0,1,0,0,-0.9713962341804713
Halomonas subterranea,-0.9753086419753086,Aquatic Specialist,9999,0,1,0,0,-0.9753086419753086
Paraburkholderia lycopersici,0.7790769230769231,Mostly Terrestrial,9999,1,0,0,0,0.7790769230769231
Parapedobacter soli,0.6668887408394404,Mostly Terrestrial,9999,1,0,0,0,0.6668887408394404
Brevibacterium marinum,0.41147054227223,Mostly Terrestrial,9999,1,0,0,0,0.41147054227223
Saccharospirillum salsuginis,-0.5725880551301685,Mostly Aquatic,9999,0,1,0,0,-0.5725880551301685
Burkholderia plantarii,0.6716109892944666,Mostly Terrestrial,9999,1,0,0,0,0.6716109892944666
Nocardioides marinisabuli,0.3567958758798454,Mostly Terrestrial,9999,1,0,0,0,0.3567958758798454
Jiangella alkaliphila,0.9501565435190984,Terrestrial Specialist,9999,1,0,0,0,0.9501565435190984
Candidatus Microthrix parvicella,-0.65953045816527045,Mostly Aquatic,9999,0,1,0,0,-0.65953045816527045
Cryobacterium psychrophilum,-0.0156429518338489,Generalist,9999,0,1,0,0,-0.0156429518338489
Microvirga lupini,0.8439734102596262,Terrestrial Specialist,9999,1,0,0,0,0.8439734102596262
Paraburkholderia megapolitana,0.7958189567688249,Mostly Terrestrial,9999,1,0,0,0,0.7958189567688249
Methylomonas methanica,-0.48954703832752616,Mostly Aquatic,9999,0,1,0,0,-0.48954703832752616
Ectothiorhodospira haloalkaliphila,-0.5142954390742002,Mostly Aquatic,9999,0,1,0,0,-0.5142954390742002
Halorhodospira abdelmalekii,-0.7142857142857143,Mostly Aquatic,9999,0,1,0,0,-0.7142857142857143
Spirilliplanes yamanashiensis,0.8874206793579694,Terrestrial Specialist,9999,1,0,0,0,0.8874206793579694
Nitrospira moscoviensis,-0.1708407871198569,Mostly Aquatic,9999,0,1,0,0,-0.1708407871198569
Nitrosomonas oligotropha,-0.570194572899398,Mostly Aquatic,9999,0,1,0,0,-0.570194572899398
Cerasicoccus arenae,-0.7499020759890326,Mostly Aquatic,9999,0,1,0,0,-0.7499020759890326
Thiohalocapsa marina,-0.7284826974267968,Mostly Aquatic,9999,0,1,0,0,-0.7284826974267968
Cohnella ginsengisoli,0.7272045284048285,Mostly Terrestrial,9999,1,0,0,0,0.7272045284048285
Pedobacter westerhofensis,0.7520344662517952,Mostly Terrestrial,9999,1,0,0,0,0.7520344662517952
Tenacibaculum aiptasiae,-0.9753324339949894,Aquatic Specialist,9999,0,1,0,0,-0.9753324339949894
Streptomyces chromofuscus,0.5152079453755432,Mostly Terrestrial,9999,1,0,0,0,0.5152079453755432
Pseudomonas panipatensis,0.07168718320057926,Generalist,9999,1,0,0,0,0.07168718320057926
Serratia entomophila,0.3700180614087899,Mostly Terrestrial,9999,1,0,0,0,0.3700180614087899
Devosia crocina,0.4624117827554465,Mostly Terrestrial,9999,1,0,0,0,0.4624117827554465
Pelomonas aquatica,-0.04125549875163475,Generalist,9999,0,1,0,0,-0.04125549875163475
Pelomonas puraquae,-0.04125549875163475,Generalist,9999,0,1,0,0,-0.04125549875163475
Roseateles aquatilis,0.14041180848424709,Mostly Terrestrial,9999,1,0,0,0,0.14041180848424709
Tissierella praeacuta,0.29417975452025863,Mostly Terrestrial,9999,1,0,0,0,0.29417975452025863
Mycolicibacterium peregrinum,0.7166642536557116,Mostly Terrestrial,9999,1,0,0,0,0.7166642536557116
Mycobacterium branderi,0.7327475745927147,Mostly Terrestrial,9999,1,0,0,0,0.7327475745927147
Nocardioides mesophilus,0.474308617234469,Mostly Terrestrial,9999,1,0,0,0,0.474308617234469
Nocardioides islandensis,0.16989087301587305,Mostly Terrestrial,9999,1,0,0,0,0.16989087301587305
Nocardioides agariphilus,0.16989087301587305,Mostly Terrestrial,9999,1,0,0,0,0.16989087301587305
Algoriphagus hitonicola,-0.6323642912271675,Mostly Aquatic,9999,0,1,0,0,-0.6323642912271675
Marinobacter salicampi,-0.6603019094271719,Mostly Aquatic,9999,0,1,0,0,-0.6603019094271719
Paenarthrobacter ilicis,0.7865117338801548,Mostly Terrestrial,9999,1,0,0,0,0.7865117338801548
Cellulomonas cellasea,0.5881711307720278,Mostly Terrestrial,9999,1,0,0,0,0.5881711307720278
Enterococcus dispar,0.9163529903805939,Terrestrial Specialist,9999,1,0,0,0,0.9163529903805939
Mycobacterium conspicuum,0.42116837173725985,Mostly Terrestrial,9999,1,0,0,0,0.42116837173725985
Ferrimonas balearica,-0.8637146795313577,Aquatic Specialist,9999,0,1,0,0,-0.8637146795313577
Paenibacillus alvei,0.7659807137886471,Mostly Terrestrial,9999,1,0,0,0,0.7659807137886471
Paenibacillus durus,0.7143632907955472,Mostly Terrestrial,9999,1,0,0,0,0.7143632907955472
Paenibacillus macerans,0.7757330388909336,Mostly Terrestrial,9999,1,0,0,0,0.7757330388909336
Flavobacterium resistens,0.4170026593463156,Mostly Terrestrial,9999,1,0,0,0,0.4170026593463156
Mycolicibacterium insubricum,0.21271102284011914,Mostly Terrestrial,9999,1,0,0,0,0.21271102284011914
Nitrosomonas halophila,-0.3132962497757043,Mostly Aquatic,9999,0,1,0,0,-0.3132962497757043
Nitrosomonas ureae,0.0664224428805553,Generalist,9999,1,0,0,0,0.0664224428805553
Legionella pneumophila,0.08439709798879601,Generalist,9999,1,0,0,0,0.08439709798879601
Halomonas cerina,0.04078364886502784,Generalist,9999,1,0,0,0,0.04078364886502784
Halomonas andesensis,-0.7586338923347882,Mostly Aquatic,9999,0,1,0,0,-0.7586338923347882
Silvimonas iriomotensis,0.8466681524403834,Terrestrial Specialist,9999,1,0,0,0,0.8466681524403834
Silvimonas amylolytica,0.8571910643180131,Terrestrial Specialist,9999,1,0,0,0,0.8571910643180131
Aquabacterium fontiphilum,-0.7427063073075854,Mostly Aquatic,9999,0,1,0,0,-0.7427063073075854
Croceicoccus marinus,-0.42164781906300486,Mostly Aquatic,9999,0,1,0,0,-0.42164781906300486
Microbacterium profundi,0.5687732342007434,Mostly Terrestrial,9999,1,0,0,0,0.5687732342007434
Amphritea balenae,-0.9254569190600521,Aquatic Specialist,9999,0,1,0,0,-0.9254569190600521
Candidatus Nitrotoga arctica,-0.5572160188061455,Mostly Aquatic,9999,0,1,0,0,-0.5572160188061455
Pusillimonas ginsengisoli,0.7395770392749245,Mostly Terrestrial,9999,1,0,0,0,0.7395770392749245
Rhodobacter aestuarii,-0.2623371683940287,Mostly Aquatic,9999,0,1,0,0,-0.2623371683940287
Luteimonas aestuarii,0.584287317620651,Mostly Terrestrial,9999,1,0,0,0,0.584287317620651
Paracoccus aestuarii,-0.2522321428571429,Mostly Aquatic,9999,0,1,0,0,-0.2522321428571429
Halomonas lutea,0.269538983690016,Mostly Terrestrial,9999,1,0,0,0,0.269538983690016
Microbulbifer halophilus,-0.8017190473066071,Aquatic Specialist,9999,0,1,0,0,-0.8017190473066071
Roseibacillus ishigakijimensis,-0.9408566108007449,Aquatic Specialist,9999,0,1,0,0,-0.9408566108007449
Luteolibacter pohnpeiensis,-0.8125828330864582,Aquatic Specialist,9999,0,1,0,0,-0.8125828330864582
Vogesella indigofera,-0.25192802056555264,Mostly Aquatic,9999,0,1,0,0,-0.25192802056555264
Methylophaga sulfidovorans,-0.8706336939721793,Aquatic Specialist,9999,0,1,0,0,-0.8706336939721793
Chloracidobacterium thermophilum,-0.40132963056467225,Mostly Aquatic,9999,0,1,0,0,-0.40132963056467225
Flavobacterium tiangeerense,0.17031070195627154,Mostly Terrestrial,9999,1,0,0,0,0.17031070195627154
Mycobacterium noviomagense,0.775968460747343,Mostly Terrestrial,9999,1,0,0,0,0.775968460747343
Actinomadura coerulea,0.855346544613218,Terrestrial Specialist,9999,1,0,0,0,0.855346544613218
Nonomuraea angiospora,0.9074074074074074,Terrestrial Specialist,9999,1,0,0,0,0.9074074074074074
Nonomuraea polychroma,0.9074074074074074,Terrestrial Specialist,9999,1,0,0,0,0.9074074074074074
Paenibacillus apiarius,0.9008776458440887,Terrestrial Specialist,9999,1,0,0,0,0.9008776458440887
Pontibacillus yanchengensis,-0.583047121857398,Mostly Aquatic,9999,0,1,0,0,-0.583047121857398
Bordetella flabilis,0.15261401557285878,Mostly Terrestrial,9999,1,0,0,0,0.15261401557285878
Bordetella bronchialis,0.15261401557285878,Mostly Terrestrial,9999,1,0,0,0,0.15261401557285878
Fluoribacter gormanii,-0.21958295557570265,Mostly Aquatic,9999,0,1,0,0,-0.21958295557570265
Thiocystis gelatinosa,-0.9584033070662705,Aquatic Specialist,9999,0,1,0,0,-0.9584033070662705
Pseudomonas agarici,0.4533926585094549,Mostly Terrestrial,9999,1,0,0,0,0.4533926585094549
Pseudomonas nitroreducens,-0.05782759031834984,Generalist,9999,0,1,0,0,-0.05782759031834984
Candidatus Symbiothrix dinenymphae,1,Terrestrial Specialist,9999,1,0,0,0,1
Devosia riboflavina,0.6968883465527761,Mostly Terrestrial,9999,1,0,0,0,0.6968883465527761
Devosia yakushimensis,0.5132552404438965,Mostly Terrestrial,9999,1,0,0,0,0.5132552404438965
Mycobacterium stomatepiae,-0.12917613397290245,Mostly Aquatic,9999,0,1,0,0,-0.12917613397290245
Achromobacter marplatensis,0.5271426746710945,Mostly Terrestrial,9999,1,0,0,0,0.5271426746710945
Brevundimonas basaltis,0.2850923638075068,Mostly Terrestrial,9999,1,0,0,0,0.2850923638075068
Massilia timonae,0.8067938576081899,Terrestrial Specialist,9999,1,0,0,0,0.8067938576081899
Granulicella aggregans,0.04242799628367922,Generalist,9999,1,0,0,0,0.04242799628367922
Granulicella paludicola,0.8153657682884144,Terrestrial Specialist,9999,1,0,0,0,0.8153657682884144
Paenibacillus castaneae,0.8325884543761639,Terrestrial Specialist,9999,1,0,0,0,0.8325884543761639
Jannaschia seohaensis,-0.8639335831312909,Aquatic Specialist,9999,0,1,0,0,-0.8639335831312909
Halomonas beimenensis,-0.25135493195230635,Mostly Aquatic,9999,0,1,0,0,-0.25135493195230635
Rhodopseudomonas boonkerdii,0.5036993540810335,Mostly Terrestrial,9999,1,0,0,0,0.5036993540810335
Streptomyces lydicus,0.9244386873920553,Terrestrial Specialist,9999,1,0,0,0,0.9244386873920553
Micromonospora citrea,0.7298653042266604,Mostly Terrestrial,9999,1,0,0,0,0.7298653042266604
Pseudomonas oryzihabitans,0.30765212849307916,Mostly Terrestrial,9999,1,0,0,0,0.30765212849307916
Serratia fonticola,0.32707700800441614,Mostly Terrestrial,9999,1,0,0,0,0.32707700800441614
Actinoplanes auranticolor,0.9490145672664954,Terrestrial Specialist,9999,1,0,0,0,0.9490145672664954
Nocardia wallacei,0.9303514376996805,Terrestrial Specialist,9999,1,0,0,0,0.9303514376996805
Rhizomicrobium electricum,0.6969001148105625,Mostly Terrestrial,9999,1,0,0,0,0.6969001148105625
Microbulbifer hydrolyticus,-0.7584548438812122,Mostly Aquatic,9999,0,1,0,0,-0.7584548438812122
Mycobacterium dioxanotrophicus,0.5613790140693803,Mostly Terrestrial,9999,1,0,0,0,0.5613790140693803
Burkholderia lata,0.6683362664139704,Mostly Terrestrial,9999,1,0,0,0,0.6683362664139704
Estrella lausannensis,0.26421404682274247,Mostly Terrestrial,9999,1,0,0,0,0.26421404682274247
Bacillus inaquosorum,0.4831908831908832,Mostly Terrestrial,9999,1,0,0,0,0.4831908831908832
Rhizobium tubonense,0.8095238095238096,Terrestrial Specialist,9999,1,0,0,0,0.8095238095238096
Prosthecobacter dejongeii,0.11036083561932898,Mostly Terrestrial,9999,1,0,0,0,0.11036083561932898
Aquisalibacillus elongatus,0.24506072140656152,Mostly Terrestrial,9999,1,0,0,0,0.24506072140656152
Neisseria lactamica,0.8300777545988999,Terrestrial Specialist,9999,1,0,0,0,0.8300777545988999
Neisseria meningitidis,0.6215718755751887,Mostly Terrestrial,9999,1,0,0,0,0.6215718755751887
Paraburkholderia rhynchosiae,0.7479646017699116,Mostly Terrestrial,9999,1,0,0,0,0.7479646017699116
Rhabdochromatium marinum,-0.9020710646463309,Aquatic Specialist,9999,0,1,0,0,-0.9020710646463309
Mycobacterium kyorinense,0.7327475745927147,Mostly Terrestrial,9999,1,0,0,0,0.7327475745927147
Azospirillum picis,0.40514261019878994,Mostly Terrestrial,9999,1,0,0,0,0.40514261019878994
Marinobacter mobilis,-1,Aquatic Specialist,9999,0,1,0,0,-1
Neisseria sicca,0.863720757519495,Terrestrial Specialist,9999,1,0,0,0,0.863720757519495
Marinobacterium stanieri,-0.8473433426233931,Aquatic Specialist,9999,0,1,0,0,-0.8473433426233931
Bacillus velezensis,0.4831908831908832,Mostly Terrestrial,9999,1,0,0,0,0.4831908831908832
Psychroserpens burtonensis,-0.8473282442748091,Aquatic Specialist,9999,0,1,0,0,-0.8473282442748091
Desulfitobacterium hafniense,0.5763390974272459,Mostly Terrestrial,9999,1,0,0,0,0.5763390974272459
Hymenobacter tibetensis,-0.22006411465208375,Mostly Aquatic,9999,0,1,0,0,-0.22006411465208375
Psychrobacter immobilis,-0.278499604564456,Mostly Aquatic,9999,0,1,0,0,-0.278499604564456
Kingella denitrificans,0.827321995888619,Terrestrial Specialist,9999,1,0,0,0,0.827321995888619
Bowmanella pacifica,-0.8107229042073235,Aquatic Specialist,9999,0,1,0,0,-0.8107229042073235
Micromonospora qiuiae,0.8766782695176528,Terrestrial Specialist,9999,1,0,0,0,0.8766782695176528
Rhizobium sullae,0.7924508011614151,Mostly Terrestrial,9999,1,0,0,0,0.7924508011614151
Muriicola jejuensis,-0.9377072631510502,Aquatic Specialist,9999,0,1,0,0,-0.9377072631510502
Allochromatium humboldtianum,-0.6664723032069971,Mostly Aquatic,9999,0,1,0,0,-0.6664723032069971
Neiella marina,-0.8851994851994852,Aquatic Specialist,9999,0,1,0,0,-0.8851994851994852
Sphaerisporangium album,0.8125978771532975,Terrestrial Specialist,9999,1,0,0,0,0.8125978771532975
Alcaligenes faecalis,0.19675860108046633,Mostly Terrestrial,9999,1,0,0,0,0.19675860108046633
Dehalobacterium formicoaceticum,-0.16906796906796911,Mostly Aquatic,9999,0,1,0,0,-0.16906796906796911
Cellulomonas aerilata,0.8455466666666668,Terrestrial Specialist,9999,1,0,0,0,0.8455466666666668
Micromonospora endophytica,0.6683362664139704,Mostly Terrestrial,9999,1,0,0,0,0.6683362664139704
Chelativorans intermedius,0.5997863084789743,Mostly Terrestrial,9999,1,0,0,0,0.5997863084789743
Nitrosomonas mobilis,-0.6496945010183299,Mostly Aquatic,9999,0,1,0,0,-0.6496945010183299
Tetragenococcus halophilus,0.6612903225806452,Mostly Terrestrial,9999,1,0,0,0,0.6612903225806452
Aquitalea denitrificans,-0.23493128449302017,Mostly Aquatic,9999,0,1,0,0,-0.23493128449302017
Chondromyces crocatus,0.44745762711864406,Mostly Terrestrial,9999,1,0,0,0,0.44745762711864406
Thermovenabulum gondwanense,-0.40771812080536907,Mostly Aquatic,9999,0,1,0,0,-0.40771812080536907
Bordetella avium,0.6935309973045823,Mostly Terrestrial,9999,1,0,0,0,0.6935309973045823
Limimaricola pyoseonensis,-0.8893274744916957,Aquatic Specialist,9999,0,1,0,0,-0.8893274744916957
Thiocapsa bogorovii,-0.4896551724137932,Mostly Aquatic,9999,0,1,0,0,-0.4896551724137932
Dyella soli,0.8129568438970661,Terrestrial Specialist,9999,1,0,0,0,0.8129568438970661
Pseudomonas massiliensis,0.392231884057971,Mostly Terrestrial,9999,1,0,0,0,0.392231884057971
Nitrosomonas aestuarii,-0.6337823079723336,Mostly Aquatic,9999,0,1,0,0,-0.6337823079723336
Acetobacterium paludosum,-0.675128205128205,Mostly Aquatic,9999,0,1,0,0,-0.675128205128205
Frateuria terrea,0.7720024849865396,Mostly Terrestrial,9999,1,0,0,0,0.7720024849865396
Enterococcus mundtii,0.7473069198466313,Mostly Terrestrial,9999,1,0,0,0,0.7473069198466313
Dactylosporangium vinaceum,0.9213936325409766,Terrestrial Specialist,9999,1,0,0,0,0.9213936325409766
Catellatospora citrea,0.8658788774002953,Terrestrial Specialist,9999,1,0,0,0,0.8658788774002953
Asanoa ferruginea,0.8635092724679029,Terrestrial Specialist,9999,1,0,0,0,0.8635092724679029
Pilimelia anulata,0.28591843464878536,Mostly Terrestrial,9999,1,0,0,0,0.28591843464878536
Mycobacterium heidelbergense,-0.12917613397290245,Mostly Aquatic,9999,0,1,0,0,-0.12917613397290245
Microlunatus antarcticus,0.5787096774193548,Mostly Terrestrial,9999,1,0,0,0,0.5787096774193548
Pseudomonas anguilliseptica,-1,Aquatic Specialist,9999,0,1,0,0,-1
Pseudomonas resinovorans,0.1745579007415858,Mostly Terrestrial,9999,1,0,0,0,0.1745579007415858
Streptomyces cinnamoneus,0.8734760227580601,Terrestrial Specialist,9999,1,0,0,0,0.8734760227580601
Mycolicibacterium mageritense,0.21271102284011914,Mostly Terrestrial,9999,1,0,0,0,0.21271102284011914
Sphingomonas jinjuensis,0.6361942037088809,Mostly Terrestrial,9999,1,0,0,0,0.6361942037088809
Chromobacterium violaceum,0.1082384323381553,Mostly Terrestrial,9999,1,0,0,0,0.1082384323381553
Sulfobacillus acidophilus,-0.12272340425531911,Mostly Aquatic,9999,0,1,0,0,-0.12272340425531911
Iodobacter fluviatilis,-0.596414266641236,Mostly Aquatic,9999,0,1,0,0,-0.596414266641236
Mesorhizobium intechi,0.5924647401124372,Mostly Terrestrial,9999,1,0,0,0,0.5924647401124372
Rhodococcus corynebacterioides,0.5345487283367094,Mostly Terrestrial,9999,1,0,0,0,0.5345487283367094
Nannocystis exedens,0.4563202524156971,Mostly Terrestrial,9999,1,0,0,0,0.4563202524156971
Rhodovulum tesquicola,-0.5651780667043527,Mostly Aquatic,9999,0,1,0,0,-0.5651780667043527
Roseovarius indicus,-0.9204802259887006,Aquatic Specialist,9999,0,1,0,0,-0.9204802259887006
Actinoplanes subtropicus,0.9552301255230126,Terrestrial Specialist,9999,1,0,0,0,0.9552301255230126
Actinomyces oris,0.8748750749550269,Terrestrial Specialist,9999,1,0,0,0,0.8748750749550269
Arthrobacter pityocampae,0.16989087301587305,Mostly Terrestrial,9999,1,0,0,0,0.16989087301587305
Brevibacillus centrosporus,0.5719566288812223,Mostly Terrestrial,9999,1,0,0,0,0.5719566288812223
Francisella halioticida,-0.9039434583567584,Aquatic Specialist,9999,0,1,0,0,-0.9039434583567584
Microvirga guangxiensis,0.013646922183507517,Generalist,9999,1,0,0,0,0.013646922183507517
Aromatoleum aromaticum,0.4904991362851169,Mostly Terrestrial,9999,1,0,0,0,0.4904991362851169
Flavobacterium glycines,0.24272779811211723,Mostly Terrestrial,9999,1,0,0,0,0.24272779811211723
Pantoea cypripedii,0.7761332099907494,Mostly Terrestrial,9999,1,0,0,0,0.7761332099907494
Vibrio gallaecicus,-0.9476483297324247,Aquatic Specialist,9999,0,1,0,0,-0.9476483297324247
Flavobacterium chungangense,0.1873668379496177,Mostly Terrestrial,9999,1,0,0,0,0.1873668379496177
Paenibacillus rigui,1,Terrestrial Specialist,9999,1,0,0,0,1
Polynucleobacter difficilis,-0.8524072612470404,Aquatic Specialist,9999,0,1,0,0,-0.8524072612470404
Candidatus Liberibacter solanacearum,-0.519309908198797,Mostly Aquatic,9999,0,1,0,0,-0.519309908198797
Rugosimonospora africana,0.7378067100650976,Mostly Terrestrial,9999,1,0,0,0,0.7378067100650976
Pseudomonas benzenivorans,0.2620835288596903,Mostly Terrestrial,9999,1,0,0,0,0.2620835288596903
Leucobacter komagatae,0.5090684979749956,Mostly Terrestrial,9999,1,0,0,0,0.5090684979749956
Shewanella corallii,-0.86097805502952,Aquatic Specialist,9999,0,1,0,0,-0.86097805502952
Mycolicibacterium bacteremicum,0.11819777647747219,Mostly Terrestrial,9999,1,0,0,0,0.11819777647747219
Luteibacter anthropi,0.7651455546813533,Mostly Terrestrial,9999,1,0,0,0,0.7651455546813533
Couchioplanes caeruleus,1,Terrestrial Specialist,9999,1,0,0,0,1
Xanthomonas theicola,0.5935114503816795,Mostly Terrestrial,9999,1,0,0,0,0.5935114503816795
Streptomyces tateyamensis,0.9704343493065359,Terrestrial Specialist,9999,1,0,0,0,0.9704343493065359
Mycolicibacterium mucogenicum,-0.22214809873248836,Mostly Aquatic,9999,0,1,0,0,-0.22214809873248836
Rhizobium gallicum,0.8493150684931506,Terrestrial Specialist,9999,1,0,0,0,0.8493150684931506
Salipiger aestuarii,-0.7983720535865694,Mostly Aquatic,9999,0,1,0,0,-0.7983720535865694
Micromonospora rhizosphaerae,0.7087415580709597,Mostly Terrestrial,9999,1,0,0,0,0.7087415580709597
Thermus brockianus,-0.3231176276044538,Mostly Aquatic,9999,0,1,0,0,-0.3231176276044538
Methylovirgula ligni,0.7120902869492136,Mostly Terrestrial,9999,1,0,0,0,0.7120902869492136
Streptosporangium minutum,0.939440398620161,Terrestrial Specialist,9999,1,0,0,0,0.939440398620161
Amaricoccus macauensis,-0.19986829107672044,Mostly Aquatic,9999,0,1,0,0,-0.19986829107672044
Pseudoteredinibacter isoporae,-0.9164584790646548,Aquatic Specialist,9999,0,1,0,0,-0.9164584790646548
Klebsiella oxytoca,0.6516329704510109,Mostly Terrestrial,9999,1,0,0,0,0.6516329704510109
Actinoplanes toevensis,0.9374090247452692,Terrestrial Specialist,9999,1,0,0,0,0.9374090247452692
Actinoplanes tereljensis,0.9374090247452692,Terrestrial Specialist,9999,1,0,0,0,0.9374090247452692
Thalassobacillus cyri,0.3841246012385063,Mostly Terrestrial,9999,1,0,0,0,0.3841246012385063
Klebsiella pneumoniae,0.5748492678725238,Mostly Terrestrial,9999,1,0,0,0,0.5748492678725238
Pseudodesulfovibrio profundus,-0.7919829942301851,Mostly Aquatic,9999,0,1,0,0,-0.7919829942301851
Oxalicibacterium faecigallinarum,0.8529699014472165,Terrestrial Specialist,9999,1,0,0,0,0.8529699014472165
Aidingimonas halophila,-0.4739556472408458,Mostly Aquatic,9999,0,1,0,0,-0.4739556472408458
Bacillus gaemokensis,0.7692903797188088,Mostly Terrestrial,9999,1,0,0,0,0.7692903797188088
Nocardioides caeni,0.7073820395738205,Mostly Terrestrial,9999,1,0,0,0,0.7073820395738205
Thiorhodococcus minor,-0.8848680984603314,Aquatic Specialist,9999,0,1,0,0,-0.8848680984603314
Rahnella variigena,0.1843350686228112,Mostly Terrestrial,9999,1,0,0,0,0.1843350686228112
Raoultella planticola,0.6001671192813871,Mostly Terrestrial,9999,1,0,0,0,0.6001671192813871
Planotetraspora kaengkrachanensis,0.9401231643770726,Terrestrial Specialist,9999,1,0,0,0,0.9401231643770726
Pseudidiomarina insulisalsae,-0.01419432227109158,Generalist,9999,0,1,0,0,-0.01419432227109158
Rhizobium mongolense,0.9623428055304661,Terrestrial Specialist,9999,1,0,0,0,0.9623428055304661
Mycobacterium paraterrae,0.1482479784366577,Mostly Terrestrial,9999,1,0,0,0,0.1482479784366577
Marinobacter zhanjiangensis,-1,Aquatic Specialist,9999,0,1,0,0,-1
Burkholderia thailandensis,0.6683362664139704,Mostly Terrestrial,9999,1,0,0,0,0.6683362664139704
Paraburkholderia metrosideri,0.6540591271703424,Mostly Terrestrial,9999,1,0,0,0,0.6540591271703424
Actinomadura viridis,0.9024970273483948,Terrestrial Specialist,9999,1,0,0,0,0.9024970273483948
Treponema medium,0.9866962305986695,Terrestrial Specialist,9999,1,0,0,0,0.9866962305986695
Kinneretia asaccharophila,-0.3974245898747575,Mostly Aquatic,9999,0,1,0,0,-0.3974245898747575
Streptomyces canus,0.9270144984712496,Terrestrial Specialist,9999,1,0,0,0,0.9270144984712496
Kitasatospora kifunensis,0.9445571331981069,Terrestrial Specialist,9999,1,0,0,0,0.9445571331981069
Proteus mirabilis,0.6565389696169088,Mostly Terrestrial,9999,1,0,0,0,0.6565389696169088
Methylopila jiangsuensis,0.3846153846153845,Mostly Terrestrial,9999,1,0,0,0,0.3846153846153845
Staphylococcus devriesei,0.6783808647654093,Mostly Terrestrial,9999,1,0,0,0,0.6783808647654093
Providencia rettgeri,0.465533522190746,Mostly Terrestrial,9999,1,0,0,0,0.465533522190746
Pedococcus cremeus,0.6941176470588236,Mostly Terrestrial,9999,1,0,0,0,0.6941176470588236
Pseudomonas chlororaphis,0.47706834532374093,Mostly Terrestrial,9999,1,0,0,0,0.47706834532374093
Amycolatopsis xylanica,0.8915177187726004,Terrestrial Specialist,9999,1,0,0,0,0.8915177187726004
Candidatus Thiosymbion oneisti,-0.9376762928139692,Aquatic Specialist,9999,0,1,0,0,-0.9376762928139692
Arcicella aurantiaca,-0.8217117856166257,Aquatic Specialist,9999,0,1,0,0,-0.8217117856166257
Paracoccus isoporae,-0.7002430461787739,Mostly Aquatic,9999,0,1,0,0,-0.7002430461787739
Rickettsiella grylli,-0.33709981167608283,Mostly Aquatic,9999,0,1,0,0,-0.33709981167608283
Thauera aromatica,-0.5299334811529933,Mostly Aquatic,9999,0,1,0,0,-0.5299334811529933
Kushneria sinocarnis,-0.42788543989024175,Mostly Aquatic,9999,0,1,0,0,-0.42788543989024175
Amnibacterium kyonggiense,0.657601977750309,Mostly Terrestrial,9999,1,0,0,0,0.657601977750309
Haloferula luteola,-0.7690541781450871,Mostly Aquatic,9999,0,1,0,0,-0.7690541781450871
Mycolicibacterium wolinskyi,0.21271102284011914,Mostly Terrestrial,9999,1,0,0,0,0.21271102284011914
Mycolicibacterium novocastrense,0.6734730431667562,Mostly Terrestrial,9999,1,0,0,0,0.6734730431667562
Paenibacillus alginolyticus,0.9184792219274978,Terrestrial Specialist,9999,1,0,0,0,0.9184792219274978
Paenibacillus chibensis,0.6859439325622427,Mostly Terrestrial,9999,1,0,0,0,0.6859439325622427
Caballeronia glathei,0.7797076890489302,Mostly Terrestrial,9999,1,0,0,0,0.7797076890489302
Paraburkholderia phenazinium,0.8071258907363419,Terrestrial Specialist,9999,1,0,0,0,0.8071258907363419
Burkholderia pyrrocinia,0.6683362664139704,Mostly Terrestrial,9999,1,0,0,0,0.6683362664139704
Serratia liquefaciens,0.5748492678725238,Mostly Terrestrial,9999,1,0,0,0,0.5748492678725238
Chromatium okenii,-0.9028513752207925,Aquatic Specialist,9999,0,1,0,0,-0.9028513752207925
Kluyvera intermedia,0.6258042079638324,Mostly Terrestrial,9999,1,0,0,0,0.6258042079638324
Serratia ficaria,0.3700180614087899,Mostly Terrestrial,9999,1,0,0,0,0.3700180614087899
Desulfonatronum thiosulfatophilum,-0.6048367296832802,Mostly Aquatic,9999,0,1,0,0,-0.6048367296832802
Virgibacillus subterraneus,1,Terrestrial Specialist,9999,1,0,0,0,1
Parapedobacter composti,1,Terrestrial Specialist,9999,1,0,0,0,1
Phytohabitans suffuscus,0.8874206793579694,Terrestrial Specialist,9999,1,0,0,0,0.8874206793579694
Mycobacterium simulans,0.5499398315282792,Mostly Terrestrial,9999,1,0,0,0,0.5499398315282792
Xenorhabdus nematophila,0.6287596677169865,Mostly Terrestrial,9999,1,0,0,0,0.6287596677169865
Yersinia enterocolitica,0.07314629258517029,Generalist,9999,1,0,0,0,0.07314629258517029
Paenibacillus prosopidis,0.8272933182332954,Terrestrial Specialist,9999,1,0,0,0,0.8272933182332954
Pseudonocardia kunmingensis,0.8934290447266703,Terrestrial Specialist,9999,1,0,0,0,0.8934290447266703
Sphingomonas rubra,0.7517668939863608,Mostly Terrestrial,9999,1,0,0,0,0.7517668939863608
Luteibacter jiangsuensis,0.9152701939371116,Terrestrial Specialist,9999,1,0,0,0,0.9152701939371116
Neisseria zalophi,0.6741451338387746,Mostly Terrestrial,9999,1,0,0,0,0.6741451338387746
Microbacterium pseudoresistens,0.3892538714218676,Mostly Terrestrial,9999,1,0,0,0,0.3892538714218676
Pseudidiomarina aquimaris,-0.7955872809863724,Mostly Aquatic,9999,0,1,0,0,-0.7955872809863724
Sphingomonas xinjiangensis,0.49535603715170284,Mostly Terrestrial,9999,1,0,0,0,0.49535603715170284
Marinobacter oulmenensis,-0.8416347381864623,Aquatic Specialist,9999,0,1,0,0,-0.8416347381864623
Aeromonas hydrophila,-0.7144051850303158,Mostly Aquatic,9999,0,1,0,0,-0.7144051850303158
Alkalibaculum bacchi,0.6916271040138109,Mostly Terrestrial,9999,1,0,0,0,0.6916271040138109
Aeromonas sobria,-0.4150736101955614,Mostly Aquatic,9999,0,1,0,0,-0.4150736101955614
Grimontia marina,-0.9892320069311219,Aquatic Specialist,9999,0,1,0,0,-0.9892320069311219
Streptomyces coacervatus,0.9688434522567632,Terrestrial Specialist,9999,1,0,0,0,0.9688434522567632
Marinobacter daqiaonensis,-0.9532651027986596,Aquatic Specialist,9999,0,1,0,0,-0.9532651027986596
Parahaliea mediterranea,-0.7518601834227374,Mostly Aquatic,9999,0,1,0,0,-0.7518601834227374
Aeromonas schubertii,-0.7144051850303158,Mostly Aquatic,9999,0,1,0,0,-0.7144051850303158
Cohnella luojiensis,0.8400734301603585,Terrestrial Specialist,9999,1,0,0,0,0.8400734301603585
Sunxiuqinia elliptica,-0.6024941543257989,Mostly Aquatic,9999,0,1,0,0,-0.6024941543257989
Aeromonas allosaccharophila,-0.7144051850303158,Mostly Aquatic,9999,0,1,0,0,-0.7144051850303158
Vogesella mureinivorans,0.8363887928052576,Terrestrial Specialist,9999,1,0,0,0,0.8363887928052576
Paracoccus alkenifer,-0.47629960197804855,Mostly Aquatic,9999,0,1,0,0,-0.47629960197804855
Pseudomonas knackmussii,0.30765212849307916,Mostly Terrestrial,9999,1,0,0,0,0.30765212849307916
Tistrella bauzanensis,-0.7914000224542497,Mostly Aquatic,9999,0,1,0,0,-0.7914000224542497
Microbulbifer marinus,-0.8948121645796066,Aquatic Specialist,9999,0,1,0,0,-0.8948121645796066
Microbulbifer yueqingensis,-0.595583388266315,Mostly Aquatic,9999,0,1,0,0,-0.595583388266315
Paracoccus fistulariae,-0.8669399337852751,Aquatic Specialist,9999,0,1,0,0,-0.8669399337852751
Pusillimonas soli,0.1638039379974865,Mostly Terrestrial,9999,1,0,0,0,0.1638039379974865
Cupriavidus pampae,0.44727929555204327,Mostly Terrestrial,9999,1,0,0,0,0.44727929555204327
Chiayiivirga flava,0.6108504996940649,Mostly Terrestrial,9999,1,0,0,0,0.6108504996940649
Mycolicibacterium hippocampi,0.5662719090478446,Mostly Terrestrial,9999,1,0,0,0,0.5662719090478446
Pseudobacter ginsenosidimutans,0.543373105449855,Mostly Terrestrial,9999,1,0,0,0,0.543373105449855
Actinomycetospora cinnamomea,0.6277210128831631,Mostly Terrestrial,9999,1,0,0,0,0.6277210128831631
Streptomyces niger,0.8675988914084153,Terrestrial Specialist,9999,1,0,0,0,0.8675988914084153
Streptomyces olivoverticillatus,0.9149590163934426,Terrestrial Specialist,9999,1,0,0,0,0.9149590163934426
Vibrio cholerae,-0.3865956502441189,Mostly Aquatic,9999,0,1,0,0,-0.3865956502441189
Paenibacillus filicis,0.8804322832835134,Terrestrial Specialist,9999,1,0,0,0,0.8804322832835134
Leifsonia psychrotolerans,0.5270390509144834,Mostly Terrestrial,9999,1,0,0,0,0.5270390509144834
Arthrobacter livingstonensis,0.7169392287502525,Mostly Terrestrial,9999,1,0,0,0,0.7169392287502525
Microvirga aerilata,0.48156047276281877,Mostly Terrestrial,9999,1,0,0,0,0.48156047276281877
Mycolicibacterium alvei,0.7166642536557116,Mostly Terrestrial,9999,1,0,0,0,0.7166642536557116
Candidatus Methylomirabilis oxyfera,-0.884812978819288,Aquatic Specialist,9999,0,1,0,0,-0.884812978819288
Microbacterium yannicii,0.8084018670815736,Terrestrial Specialist,9999,1,0,0,0,0.8084018670815736
Vibrio vulnificus,-0.7821931589537224,Mostly Aquatic,9999,0,1,0,0,-0.7821931589537224
Streptomyces cellostaticus,0.9082144849016014,Terrestrial Specialist,9999,1,0,0,0,0.9082144849016014
Streptomyces janthinus,-0.3333333333333333,Mostly Aquatic,9999,0,1,0,0,-0.3333333333333333
Streptomyces pseudovenezuelae,0.90813648293963245,Terrestrial Specialist,9999,1,0,0,0,0.90813648293963245
Blastococcus endophyticus,0.8449988449988448,Terrestrial Specialist,9999,1,0,0,0,0.8449988449988448
Streptomyces resistomycificus,0.7874343653811335,Mostly Terrestrial,9999,1,0,0,0,0.7874343653811335
Streptomyces roseolus,0.9178578235182008,Terrestrial Specialist,9999,1,0,0,0,0.9178578235182008
Streptomyces varsoviensis,0.8920392584514724,Terrestrial Specialist,9999,1,0,0,0,0.8920392584514724
Streptomyces xanthochromogenes,0.8268215417106652,Terrestrial Specialist,9999,1,0,0,0,0.8268215417106652
Candidatus Babela massiliensis,-0.26752475247524754,Mostly Aquatic,9999,0,1,0,0,-0.26752475247524754
Tolumonas osonensis,-0.8597736104071634,Aquatic Specialist,9999,0,1,0,0,-0.8597736104071634
Gilvimarinus agarilyticus,-0.7127564674397858,Mostly Aquatic,9999,0,1,0,0,-0.7127564674397858
Corynebacterium canis,0.9829521238812333,Terrestrial Specialist,9999,1,0,0,0,0.9829521238812333
Lentzea aerocolonigenes,1,Terrestrial Specialist,9999,1,0,0,0,1
Streptomyces katrae,0.9207165367390944,Terrestrial Specialist,9999,1,0,0,0,0.9207165367390944
Streptomyces longispororuber,0.8268215417106652,Terrestrial Specialist,9999,1,0,0,0,0.8268215417106652
Streptomyces minutiscleroticus,1,Terrestrial Specialist,9999,1,0,0,0,1
Desulfurispira natronophila,-0.9259604915227874,Aquatic Specialist,9999,0,1,0,0,-0.9259604915227874
Streptomyces regalis,0.9210470312832518,Terrestrial Specialist,9999,1,0,0,0,0.9210470312832518
Chitinolyticbacter meiyuanensis,0.32064504031501967,Mostly Terrestrial,9999,1,0,0,0,0.32064504031501967
Ruegeria faecimaris,-0.9769920844327176,Aquatic Specialist,9999,0,1,0,0,-0.9769920844327176
Rubellimicrobium roseum,0.6628043223538601,Mostly Terrestrial,9999,1,0,0,0,0.6628043223538601
Flavobacterium ginsenosidimutans,0.8181223421655217,Terrestrial Specialist,9999,1,0,0,0,0.8181223421655217
Planosporangium mesophilum,0.28591843464878536,Mostly Terrestrial,9999,1,0,0,0,0.28591843464878536
Erwinia mallotivora,0.7958813625178086,Mostly Terrestrial,9999,1,0,0,0,0.7958813625178086
Erwinia psidii,0.7173062997827662,Mostly Terrestrial,9999,1,0,0,0,0.7173062997827662
Oxalicibacterium solurbis,0.3549477241524977,Mostly Terrestrial,9999,1,0,0,0,0.3549477241524977
Mucilaginibacter dorajii,0.9318446396444069,Terrestrial Specialist,9999,1,0,0,0,0.9318446396444069
Roseomonas pecuniae,0.3960489181561617,Mostly Terrestrial,9999,1,0,0,0,0.3960489181561617
Thiocapsa rosea,-0.5550366911274183,Mostly Aquatic,9999,0,1,0,0,-0.5550366911274183
Microbacterium schleiferi,0.3161977538497164,Mostly Terrestrial,9999,1,0,0,0,0.3161977538497164
Microbacterium saperdae,0.3523391812865497,Mostly Terrestrial,9999,1,0,0,0,0.3523391812865497
Azomonas macrocytogenes,0.16104078762306615,Mostly Terrestrial,9999,1,0,0,0,0.16104078762306615
Macrococcus caseolyticus,0.5867356718420548,Mostly Terrestrial,9999,1,0,0,0,0.5867356718420548
Aquabacterium commune,-0.8398718975180144,Aquatic Specialist,9999,0,1,0,0,-0.8398718975180144
Legionella taurinensis,-0.37812671170348733,Mostly Aquatic,9999,0,1,0,0,-0.37812671170348733
Flavobacterium dankookense,0.1372827243703441,Mostly Terrestrial,9999,1,0,0,0,0.1372827243703441
Novosphingobium sediminis,-0.8223294141292332,Aquatic Specialist,9999,0,1,0,0,-0.8223294141292332
Nodularia spumigena,-0.14417427460905724,Mostly Aquatic,9999,0,1,0,0,-0.14417427460905724
Jeotgalicoccus aerolatus,0.6864771748492678,Mostly Terrestrial,9999,1,0,0,0,0.6864771748492678
Micromonospora cremea,0.7361827560795875,Mostly Terrestrial,9999,1,0,0,0,0.7361827560795875
Enterococcus raffinosus,0.7473069198466313,Mostly Terrestrial,9999,1,0,0,0,0.7473069198466313
Nocardioides iriomotensis,0.6549123974273675,Mostly Terrestrial,9999,1,0,0,0,0.6549123974273675
Lonsdalea quercina,0.504508253571924,Mostly Terrestrial,9999,1,0,0,0,0.504508253571924
Oceanicoccus sagamiensis,-0.96755890795007,Aquatic Specialist,9999,0,1,0,0,-0.96755890795007
Ferrimonas sediminum,-0.8753186939715437,Aquatic Specialist,9999,0,1,0,0,-0.8753186939715437
Kocuria palustris,0.5023642589271157,Mostly Terrestrial,9999,1,0,0,0,0.5023642589271157
Kocuria rhizophila,0.6358982562789953,Mostly Terrestrial,9999,1,0,0,0,0.6358982562789953
Paracoccus methylarcula,-0.8230449447015452,Aquatic Specialist,9999,0,1,0,0,-0.8230449447015452
Achromobacter piechaudii,0.5271426746710945,Mostly Terrestrial,9999,1,0,0,0,0.5271426746710945
Kluyvera georgiana,0.6258042079638324,Mostly Terrestrial,9999,1,0,0,0,0.6258042079638324
Povalibacter uvarum,0.7552207792207792,Mostly Terrestrial,9999,1,0,0,0,0.7552207792207792
Haemophilus parahaemolyticus,0.899722479185939,Terrestrial Specialist,9999,1,0,0,0,0.899722479185939
Rhizobium halophytocola,0.04669773986456771,Generalist,9999,1,0,0,0,0.04669773986456771
Virgisporangium aliadipatigenens,0.9092120289303388,Terrestrial Specialist,9999,1,0,0,0,0.9092120289303388
Paenibacillus sacheonensis,1,Terrestrial Specialist,9999,1,0,0,0,1
Sulfitobacter brevis,-0.9793044425425971,Aquatic Specialist,9999,0,1,0,0,-0.9793044425425971
Sulfitobacter guttiformis,-0.9346857230674659,Aquatic Specialist,9999,0,1,0,0,-0.9346857230674659
Sphaerotilus hippei,-0.5919446704637917,Mostly Aquatic,9999,0,1,0,0,-0.5919446704637917
Halomonas ramblicola,0.06227602905569007,Generalist,9999,1,0,0,0,0.06227602905569007
Thalassobacillus pellis,0.9182628925940286,Terrestrial Specialist,9999,1,0,0,0,0.9182628925940286
Paraperlucidibaca baekdonensis,-0.9042630583442455,Aquatic Specialist,9999,0,1,0,0,-0.9042630583442455
Arthrobacter cryoconiti,0.6279613300754276,Mostly Terrestrial,9999,1,0,0,0,0.6279613300754276
Nocardioides alpinus,0.6390944710491946,Mostly Terrestrial,9999,1,0,0,0,0.6390944710491946
Caballeronia insecticola,0.7877464038359084,Mostly Terrestrial,9999,1,0,0,0,0.7877464038359084
Mycolicibacterium litorale,0.21271102284011914,Mostly Terrestrial,9999,1,0,0,0,0.21271102284011914
Nocardiopsis flavescens,1,Terrestrial Specialist,9999,1,0,0,0,1
Rugamonas rubra,0.39153601803463467,Mostly Terrestrial,9999,1,0,0,0,0.39153601803463467
Mycolicibacterium tusciae,0.0717904747057448,Generalist,9999,1,0,0,0,0.0717904747057448
Fusibacter paucivorans,-0.47843240399789594,Mostly Aquatic,9999,0,1,0,0,-0.47843240399789594
Amycolatopsis coloradensis,0.9553413654618473,Terrestrial Specialist,9999,1,0,0,0,0.9553413654618473
Thauera linaloolentis,-0.6467576791808873,Mostly Aquatic,9999,0,1,0,0,-0.6467576791808873
Aromatoleum bremense,0.2234177751419131,Mostly Terrestrial,9999,1,0,0,0,0.2234177751419131
Aromatoleum petrolei,0.43169791012646874,Mostly Terrestrial,9999,1,0,0,0,0.43169791012646874
Mycobacterium europaeum,-0.12917613397290245,Mostly Aquatic,9999,0,1,0,0,-0.12917613397290245
Bifidobacterium callitrichos,0.710123272319761,Mostly Terrestrial,9999,1,0,0,0,0.710123272319761
Sphaerisporangium krabiense,1,Terrestrial Specialist,9999,1,0,0,0,1
Derxia lacustris,-0.14313709479872622,Mostly Aquatic,9999,0,1,0,0,-0.14313709479872622
Pseudomonas monteilii,0.30765212849307916,Mostly Terrestrial,9999,1,0,0,0,0.30765212849307916
Mycobacterium paraense,-0.12917613397290245,Mostly Aquatic,9999,0,1,0,0,-0.12917613397290245
Thiorhodovibrio winogradskyi,-0.8283582089552239,Aquatic Specialist,9999,0,1,0,0,-0.8283582089552239
uncultured bacterium,-0.6782535939758121,Mostly Aquatic,9999,0,1,0,0,-0.6782535939758121
Pseudomonas jessenii,0.5651621106166562,Mostly Terrestrial,9999,1,0,0,0,0.5651621106166562
Ehrlichia ruminantium,-0.34250891302545394,Mostly Aquatic,9999,0,1,0,0,-0.34250891302545394
Mycobacterium canettii,0.4802948402948403,Mostly Terrestrial,9999,1,0,0,0,0.4802948402948403
Bifidobacterium gallicum,0.8228373702422147,Terrestrial Specialist,9999,1,0,0,0,0.8228373702422147
Pelotomaculum schinkii,0.2779007971656333,Mostly Terrestrial,9999,1,0,0,0,0.2779007971656333
Asticcacaulis excentricus,0.0838487972508591,Generalist,9999,1,0,0,0,0.0838487972508591
Paenibacillus ehimensis,0.7727067736989267,Mostly Terrestrial,9999,1,0,0,0,0.7727067736989267
Halomonas stenophila,-0.3618776932245347,Mostly Aquatic,9999,0,1,0,0,-0.3618776932245347
Parerythrobacter jejuensis,-0.13773137161841478,Mostly Aquatic,9999,0,1,0,0,-0.13773137161841478
Sphingobacterium lactis,0.37369791666666663,Mostly Terrestrial,9999,1,0,0,0,0.37369791666666663
Thioflavicoccus mobilis,-0.6887633123234079,Mostly Aquatic,9999,0,1,0,0,-0.6887633123234079
Delftia acidovorans,0.16327555890479778,Mostly Terrestrial,9999,1,0,0,0,0.16327555890479778
Simplicispira metamorpha,0.1751067724222087,Mostly Terrestrial,9999,1,0,0,0,0.1751067724222087
Desulfovibrio aminophilus,-0.6061767357980162,Mostly Aquatic,9999,0,1,0,0,-0.6061767357980162
Mycolicibacterium elephantis,0.6734730431667562,Mostly Terrestrial,9999,1,0,0,0,0.6734730431667562
Prosthecomicrobium pneumaticum,0.20437646059060968,Mostly Terrestrial,9999,1,0,0,0,0.20437646059060968
Methylocella palustris,0.7865299883104037,Mostly Terrestrial,9999,1,0,0,0,0.7865299883104037
Phocaeicola vulgatus,0.8852825004293319,Terrestrial Specialist,9999,1,0,0,0,0.8852825004293319
Leminorella grimontii,-0.03938223938223939,Generalist,9999,0,1,0,0,-0.03938223938223939
Desulfosarcina ovata,-0.9683899838141484,Aquatic Specialist,9999,0,1,0,0,-0.9683899838141484
Pseudoxanthomonas broegbernensis,0.3678321678321678,Mostly Terrestrial,9999,1,0,0,0,0.3678321678321678
Hyphomicrobium methylovorum,0.5194792188282424,Mostly Terrestrial,9999,1,0,0,0,0.5194792188282424
Clostridium aceticum,0.6983616149795201,Mostly Terrestrial,9999,1,0,0,0,0.6983616149795201
Propionispira arboris,0.2773512476007678,Mostly Terrestrial,9999,1,0,0,0,0.2773512476007678
Oceanimonas doudoroffii,-0.29280763549596633,Mostly Aquatic,9999,0,1,0,0,-0.29280763549596633
Kineosporia rhizophila,-0.1848896646303454,Mostly Aquatic,9999,0,1,0,0,-0.1848896646303454
Lentzea waywayandensis,0.8773483406438799,Terrestrial Specialist,9999,1,0,0,0,0.8773483406438799
Mycobacterium botniense,0.7557086614173228,Mostly Terrestrial,9999,1,0,0,0,0.7557086614173228
Halochromatium glycolicum,-0.8491988689915173,Aquatic Specialist,9999,0,1,0,0,-0.8491988689915173
Rothia nasimurium,0.35941926345609065,Mostly Terrestrial,9999,1,0,0,0,0.35941926345609065
Anaerobacillus arseniciselenatis,0.5505454545454546,Mostly Terrestrial,9999,1,0,0,0,0.5505454545454546
Mycolicibacterium monacense,0.6734730431667562,Mostly Terrestrial,9999,1,0,0,0,0.6734730431667562
Achromobacter xylosoxidans,0.5271426746710945,Mostly Terrestrial,9999,1,0,0,0,0.5271426746710945
Candidatus Dactylopiibacterium carminicum,-0.5954012486675803,Mostly Aquatic,9999,0,1,0,0,-0.5954012486675803
Microbacterium hydrothermale,0.682108626198083,Mostly Terrestrial,9999,1,0,0,0,0.682108626198083
Alkalispirillum mobile,-1,Aquatic Specialist,9999,0,1,0,0,-1
Mycolicibacterium brumae,0.6734730431667562,Mostly Terrestrial,9999,1,0,0,0,0.6734730431667562
Sphingomonas formosensis,0.6773259321829371,Mostly Terrestrial,9999,1,0,0,0,0.6773259321829371
Malikia spinosa,-0.922184300341297,Aquatic Specialist,9999,0,1,0,0,-0.922184300341297
Curvibacter lanceolatus,-0.26301243666513124,Mostly Aquatic,9999,0,1,0,0,-0.26301243666513124
Pseudomonas lundensis,0.2271942942597492,Mostly Terrestrial,9999,1,0,0,0,0.2271942942597492
Sphingomonas laterariae,0.4327967806841046,Mostly Terrestrial,9999,1,0,0,0,0.4327967806841046
Syntrophomonas wolfei,-0.19548050054671368,Mostly Aquatic,9999,0,1,0,0,-0.19548050054671368
Trinickia symbiotica,0.29507797270955166,Mostly Terrestrial,9999,1,0,0,0,0.29507797270955166
Photobacterium atrarenae,-0.46785866326096215,Mostly Aquatic,9999,0,1,0,0,-0.46785866326096215
Neobacillus niacini,0.8499055160622694,Terrestrial Specialist,9999,1,0,0,0,0.8499055160622694
Ectothiorhodospira magna,-0.02108402756350925,Generalist,9999,0,1,0,0,-0.02108402756350925
Lacihabitans soyangensis,-1,Aquatic Specialist,9999,0,1,0,0,-1
Paenibacillus aceris,1,Terrestrial Specialist,9999,1,0,0,0,1
Carboxydothermus pertinax,0.6183134046570169,Mostly Terrestrial,9999,1,0,0,0,0.6183134046570169
Poseidonocella pacifica,-0.938355673428428,Aquatic Specialist,9999,0,1,0,0,-0.938355673428428
Natronohydrobacter thiooxidans,-0.8826185101580135,Aquatic Specialist,9999,0,1,0,0,-0.8826185101580135
Ardenticatena maritima,0.1919123841617523,Mostly Terrestrial,9999,1,0,0,0,0.1919123841617523
Mycolicibacter sinensis,0.41228362183754985,Mostly Terrestrial,9999,1,0,0,0,0.41228362183754985
Burkholderia multivorans,0.6683362664139704,Mostly Terrestrial,9999,1,0,0,0,0.6683362664139704
Maritalea porphyrae,-0.9280928986154534,Aquatic Specialist,9999,0,1,0,0,-0.9280928986154534
Pseudonocardia cypriaca,0.761837598226879,Mostly Terrestrial,9999,1,0,0,0,0.761837598226879
Promicromonospora sukumoe,0.9553812636165577,Terrestrial Specialist,9999,1,0,0,0,0.9553812636165577
Meiothermus hypogaeus,-0.5228426395939086,Mostly Aquatic,9999,0,1,0,0,-0.5228426395939086
Enterobacter soli,0.7879918588873813,Mostly Terrestrial,9999,1,0,0,0,0.7879918588873813
Mycobacterium spongiae,0.4279903147699758,Mostly Terrestrial,9999,1,0,0,0,0.4279903147699758
Plasticicumulans acidivorans,-0.8141371340523882,Aquatic Specialist,9999,0,1,0,0,-0.8141371340523882
Streptomyces laculatispora,0.8367346938775511,Terrestrial Specialist,9999,1,0,0,0,0.8367346938775511
Polyangium spumosum,0.6892266428252124,Mostly Terrestrial,9999,1,0,0,0,0.6892266428252124
Pseudomonas abietaniphila,0.392231884057971,Mostly Terrestrial,9999,1,0,0,0,0.392231884057971
Desulfuromonas acetoxidans,-0.8360698632825276,Aquatic Specialist,9999,0,1,0,0,-0.8360698632825276
Buchnera aphidicola,0.7204494382022473,Mostly Terrestrial,9999,1,0,0,0,0.7204494382022473
Aromatoleum toluolicum,0.43169791012646874,Mostly Terrestrial,9999,1,0,0,0,0.43169791012646874
Streptomyces dysideae,0.9270144984712496,Terrestrial Specialist,9999,1,0,0,0,0.9270144984712496
Phaeocystidibacter luteus,-0.9343043074062596,Aquatic Specialist,9999,0,1,0,0,-0.9343043074062596
Conexibacter arvalis,0.9458210501155285,Terrestrial Specialist,9999,1,0,0,0,0.9458210501155285
Mycolicibacterium iranicum,0.812004325883201,Terrestrial Specialist,9999,1,0,0,0,0.812004325883201
Aggregatilinea lenta,-0.30163447251114406,Mostly Aquatic,9999,0,1,0,0,-0.30163447251114406
Pseudomonas linyingensis,0.010637054354178803,Generalist,9999,1,0,0,0,0.010637054354178803
Pseudomonas nitritireducens,-0.05782759031834984,Generalist,9999,0,1,0,0,-0.05782759031834984
Nitrosomonas marina,-0.6451988683641204,Mostly Aquatic,9999,0,1,0,0,-0.6451988683641204
Legionella beliardensis,0.5485387974470944,Mostly Terrestrial,9999,1,0,0,0,0.5485387974470944
Aromatoleum toluvorans,0.43169791012646874,Mostly Terrestrial,9999,1,0,0,0,0.43169791012646874
Guyparkeria hydrothermalis,-0.43211594202898546,Mostly Aquatic,9999,0,1,0,0,-0.43211594202898546
Thiothrix eikelboomii,-0.8137246439361242,Aquatic Specialist,9999,0,1,0,0,-0.8137246439361242
Gluconacetobacter sacchari,0.46174060905858716,Mostly Terrestrial,9999,1,0,0,0,0.46174060905858716
Microbulbifer mangrovi,-0.7584548438812122,Mostly Aquatic,9999,0,1,0,0,-0.7584548438812122
Nostoc linckia,0.6049089469517024,Mostly Terrestrial,9999,1,0,0,0,0.6049089469517024
Ketogulonicigenium robustum,-0.523279255063838,Mostly Aquatic,9999,0,1,0,0,-0.523279255063838
Alteribacillus bidgolensis,0.8264319365236796,Terrestrial Specialist,9999,1,0,0,0,0.8264319365236796
Candidatus Entotheonella palauensis,-0.9634235552304315,Aquatic Specialist,9999,0,1,0,0,-0.9634235552304315
Pandoraea norimbergensis,0.5258855585831064,Mostly Terrestrial,9999,1,0,0,0,0.5258855585831064
Dichotomicrobium thermohalophilum,0.1306248861359082,Mostly Terrestrial,9999,1,0,0,0,0.1306248861359082
Aquabacter spiritensis,-0.13227243793761936,Mostly Aquatic,9999,0,1,0,0,-0.13227243793761936
Sinobacterium caligoides,-0.9929012751413173,Aquatic Specialist,9999,0,1,0,0,-0.9929012751413173
Flavobacterium xueshanense,0.17031070195627154,Mostly Terrestrial,9999,1,0,0,0,0.17031070195627154
Youngiibacter multivorans,-0.1352009744214374,Mostly Aquatic,9999,0,1,0,0,-0.1352009744214374
Oceanobacillus rekensis,0.5878880629645825,Mostly Terrestrial,9999,1,0,0,0,0.5878880629645825
Granulicella arctica,1,Terrestrial Specialist,9999,1,0,0,0,1
Runella zeae,-0.6070486693838408,Mostly Aquatic,9999,0,1,0,0,-0.6070486693838408
Cupriavidus plantarum,0.4005107963779893,Mostly Terrestrial,9999,1,0,0,0,0.4005107963779893
Cupriavidus alkaliphilus,0.7107390957749686,Mostly Terrestrial,9999,1,0,0,0,0.7107390957749686
Streptomyces shenzhenensis,0.9317073170731707,Terrestrial Specialist,9999,1,0,0,0,0.9317073170731707
Tardiphaga robiniae,0.08806262230919763,Generalist,9999,1,0,0,0,0.08806262230919763
Bordetella petrii,0.576808721506442,Mostly Terrestrial,9999,1,0,0,0,0.576808721506442
Flavobacterium araucananum,0.3059429106223678,Mostly Terrestrial,9999,1,0,0,0,0.3059429106223678
Desulfosarcina widdelii,-1,Aquatic Specialist,9999,0,1,0,0,-1
Aeromonas rivipollensis,-0.4213271515502753,Mostly Aquatic,9999,0,1,0,0,-0.4213271515502753
Nocardia beijingensis,0.2506372132540357,Mostly Terrestrial,9999,1,0,0,0,0.2506372132540357
Burkholderia cenocepacia,0.6683362664139704,Mostly Terrestrial,9999,1,0,0,0,0.6683362664139704
Methylotuvimicrobium buryatense,-0.7394352851999242,Mostly Aquatic,9999,0,1,0,0,-0.7394352851999242
Cupriavidus oxalaticus,0.5561919810389098,Mostly Terrestrial,9999,1,0,0,0,0.5561919810389098
Flavobacterium psychrophilum,-0.1605512797565778,Mostly Aquatic,9999,0,1,0,0,-0.1605512797565778
Methylobacter psychrophilus,-0.6491228070175438,Mostly Aquatic,9999,0,1,0,0,-0.6491228070175438
Selenomonas ruminantium,0.8833053306858103,Terrestrial Specialist,9999,1,0,0,0,0.8833053306858103
Flavobacterium flevense,0.3533148429811219,Mostly Terrestrial,9999,1,0,0,0,0.3533148429811219
Flavobacterium johnsoniae,0.3190200210748156,Mostly Terrestrial,9999,1,0,0,0,0.3190200210748156
Leeuwenhoekiella marinoflava,-0.8823131552248902,Aquatic Specialist,9999,0,1,0,0,-0.8823131552248902
Candidatus Megaira polyxenophila,-0.6770360590807823,Mostly Aquatic,9999,0,1,0,0,-0.6770360590807823
Microlunatus capsulatus,0.7691524560956986,Mostly Terrestrial,9999,1,0,0,0,0.7691524560956986
Flavobacterium nitratireducens,0.24272779811211723,Mostly Terrestrial,9999,1,0,0,0,0.24272779811211723
Cryobacterium aureum,0.017534296356863814,Generalist,9999,1,0,0,0,0.017534296356863814
Desulfobaculum xiamenense,0.3496319663512092,Mostly Terrestrial,9999,1,0,0,0,0.3496319663512092
Actinopolyspora righensis,1,Terrestrial Specialist,9999,1,0,0,0,1
Actinopolyspora mzabensis,-1,Aquatic Specialist,9999,0,1,0,0,-1
Ruegeria intermedia,-0.9192417553882108,Aquatic Specialist,9999,0,1,0,0,-0.9192417553882108
Rhodococcus koreensis,0.6629088067864717,Mostly Terrestrial,9999,1,0,0,0,0.6629088067864717
Kribbella amoyensis,0.9640350185345847,Terrestrial Specialist,9999,1,0,0,0,0.9640350185345847
Salinispora mooreana,0.8951276102088166,Terrestrial Specialist,9999,1,0,0,0,0.8951276102088166
Listeria weihenstephanensis,0.7311152605669665,Mostly Terrestrial,9999,1,0,0,0,0.7311152605669665
Rummeliibacillus pycnus,0.6701359587435536,Mostly Terrestrial,9999,1,0,0,0,0.6701359587435536
Cryomorpha ignava,-0.47923103329900446,Mostly Aquatic,9999,0,1,0,0,-0.47923103329900446
Solobacterium moorei,0.9109390125847049,Terrestrial Specialist,9999,1,0,0,0,0.9109390125847049
Gracilibacillus kekensis,0.6669193286410395,Mostly Terrestrial,9999,1,0,0,0,0.6669193286410395
Nocardioides soli,0.34217625899280574,Mostly Terrestrial,9999,1,0,0,0,0.34217625899280574
Saccharothrix texasensis,0.9071518193224594,Terrestrial Specialist,9999,1,0,0,0,0.9071518193224594
Thermopolyspora flexuosa,0.7468480095304278,Mostly Terrestrial,9999,1,0,0,0,0.7468480095304278
Nonomuraea turkmeniaca,0.9074074074074074,Terrestrial Specialist,9999,1,0,0,0,0.9074074074074074
Streptomonospora salina,1,Terrestrial Specialist,9999,1,0,0,0,1
Tenacibaculum ovolyticum,-0.9546077684691546,Aquatic Specialist,9999,0,1,0,0,-0.9546077684691546
Streptomyces uncialis,0.8689480116574222,Terrestrial Specialist,9999,1,0,0,0,0.8689480116574222
Ornithinimicrobium murale,0.49552631578947365,Mostly Terrestrial,9999,1,0,0,0,0.49552631578947365
Gordonia alkaliphila,-0.6639702957167485,Mostly Aquatic,9999,0,1,0,0,-0.6639702957167485
Streptacidiphilus carbonis,0.9461848635235731,Terrestrial Specialist,9999,1,0,0,0,0.9461848635235731
Vogesella fluminis,-0.614427182701917,Mostly Aquatic,9999,0,1,0,0,-0.614427182701917
Thermocatellispora tengchongensis,0.6431672524291916,Mostly Terrestrial,9999,1,0,0,0,0.6431672524291916
Catalinimonas alkaloidigena,-0.7019411396368191,Mostly Aquatic,9999,0,1,0,0,-0.7019411396368191
Agitococcus lubricus,-0.9057437407952872,Aquatic Specialist,9999,0,1,0,0,-0.9057437407952872
Enterococcus plantarum,0.7107453301276123,Mostly Terrestrial,9999,1,0,0,0,0.7107453301276123
Streptomyces hundungensis,0.8678723011625762,Terrestrial Specialist,9999,1,0,0,0,0.8678723011625762
Halomonas socia,-0.5004024684733028,Mostly Aquatic,9999,0,1,0,0,-0.5004024684733028
Magnetospirillum fulvum,-0.44091228618292594,Mostly Aquatic,9999,0,1,0,0,-0.44091228618292594
Lonsdalea britannica,0.6753557841341411,Mostly Terrestrial,9999,1,0,0,0,0.6753557841341411
Chlorobium limicola,-0.6413558715678384,Mostly Aquatic,9999,0,1,0,0,-0.6413558715678384
Chlorobium phaeovibrioides,-1,Aquatic Specialist,9999,0,1,0,0,-1
Promicromonospora iranensis,0.9553812636165577,Terrestrial Specialist,9999,1,0,0,0,0.9553812636165577
Saccharothrix ecbatanensis,0.9431279620853079,Terrestrial Specialist,9999,1,0,0,0,0.9431279620853079
Lutibacter agarilyticus,-0.8761712555859882,Aquatic Specialist,9999,0,1,0,0,-0.8761712555859882
Veillonella tobetsuensis,0.972461273666093,Terrestrial Specialist,9999,1,0,0,0,0.972461273666093
Elizabethkingia anophelis,-0.11005563848554756,Mostly Aquatic,9999,0,1,0,0,-0.11005563848554756
Aphanothece sacrum,-0.6359866007337694,Mostly Aquatic,9999,0,1,0,0,-0.6359866007337694
Nonomuraea muscovyensis,0.9074074074074074,Terrestrial Specialist,9999,1,0,0,0,0.9074074074074074
Microcystis aeruginosa,-0.7956870769715094,Mostly Aquatic,9999,0,1,0,0,-0.7956870769715094
Lentzea nigeriaca,0.9387107365656124,Terrestrial Specialist,9999,1,0,0,0,0.9387107365656124
Sphingopyxis italica,0.48290507538755567,Mostly Terrestrial,9999,1,0,0,0,0.48290507538755567
Enterococcus ureilyticus,0.7107453301276123,Mostly Terrestrial,9999,1,0,0,0,0.7107453301276123
Brevibacterium siliguriense,0.6278527402965184,Mostly Terrestrial,9999,1,0,0,0,0.6278527402965184
Gordonia phthalatica,-0.49225302061122966,Mostly Aquatic,9999,0,1,0,0,-0.49225302061122966
Deinococcus metalli,0.5319849482596426,Mostly Terrestrial,9999,1,0,0,0,0.5319849482596426
Aurantiacibacter odishensis,-0.9310423825887743,Aquatic Specialist,9999,0,1,0,0,-0.9310423825887743
Kosakonia sacchari,0.514423076923077,Mostly Terrestrial,9999,1,0,0,0,0.514423076923077
Homoserinimonas aerilata,0.7392478851212057,Mostly Terrestrial,9999,1,0,0,0,0.7392478851212057
Richelia intracellularis,-0.9074039362699157,Aquatic Specialist,9999,0,1,0,0,-0.9074039362699157
Sphingomonas carotinifaciens,0.4043316979777432,Mostly Terrestrial,9999,1,0,0,0,0.4043316979777432
Gillisia marina,-0.8863809282272381,Aquatic Specialist,9999,0,1,0,0,-0.8863809282272381
Candidatus Vallotia cooleyia,0.6723379850888931,Mostly Terrestrial,9999,1,0,0,0,0.6723379850888931
Candidatus Vallotia tarda,0.2336375488917862,Mostly Terrestrial,9999,1,0,0,0,0.2336375488917862
Desmonostoc muscorum,0.3768352365415987,Mostly Terrestrial,9999,1,0,0,0,0.3768352365415987
Enterococcus rotai,0.7107453301276123,Mostly Terrestrial,9999,1,0,0,0,0.7107453301276123
Aureivirga marina,-0.9430430068666426,Aquatic Specialist,9999,0,1,0,0,-0.9430430068666426
Mucilaginibacter aquaedulcis,0.9318446396444069,Terrestrial Specialist,9999,1,0,0,0,0.9318446396444069
Nonomuraea thailandensis,0.9802585193889541,Terrestrial Specialist,9999,1,0,0,0,0.9802585193889541
Neobacillus mesonae,0.8088913484596938,Terrestrial Specialist,9999,1,0,0,0,0.8088913484596938
Streptomyces chilikensis,0.9562722902775626,Terrestrial Specialist,9999,1,0,0,0,0.9562722902775626
Gilliamella apicola,0.7097407698350353,Mostly Terrestrial,9999,1,0,0,0,0.7097407698350353
Propionibacterium australiense,0.39660904255319146,Mostly Terrestrial,9999,1,0,0,0,0.39660904255319146
Thalassococcus lentus,-0.7242017584451643,Mostly Aquatic,9999,0,1,0,0,-0.7242017584451643
Prochlorococcus marinus,-0.8755399370378505,Aquatic Specialist,9999,0,1,0,0,-0.8755399370378505
Actinoplanes siamensis,0.7498359118612282,Mostly Terrestrial,9999,1,0,0,0,0.7498359118612282
Myceligenerans salitolerans,0.7388403494837172,Mostly Terrestrial,9999,1,0,0,0,0.7388403494837172
Jannaschia faecimaris,-0.9111111111111111,Aquatic Specialist,9999,0,1,0,0,-0.9111111111111111
Ornithinimicrobium humiphilum,0.42693044033184424,Mostly Terrestrial,9999,1,0,0,0,0.42693044033184424
Arthrobacter ruber,0.3911167512690356,Mostly Terrestrial,9999,1,0,0,0,0.3911167512690356
Cryobacterium ruanii,0.017534296356863814,Generalist,9999,1,0,0,0,0.017534296356863814
Aurantibacter aestuarii,-0.9957078474855138,Aquatic Specialist,9999,0,1,0,0,-0.9957078474855138
Saccharothrix carnea,0.8690145196169293,Terrestrial Specialist,9999,1,0,0,0,0.8690145196169293
Candidatus Scalindua japonica,-0.9714835351363584,Aquatic Specialist,9999,0,1,0,0,-0.9714835351363584
Gluconacetobacter takamatsuzukensis,0.46174060905858716,Mostly Terrestrial,9999,1,0,0,0,0.46174060905858716
Nonomuraea guangzhouensis,0.9049477895969551,Terrestrial Specialist,9999,1,0,0,0,0.9049477895969551
Staphylococcus warneri,0.8330819507290096,Terrestrial Specialist,9999,1,0,0,0,0.8330819507290096
Enterococcus xiangfangensis,0.7415115005476451,Mostly Terrestrial,9999,1,0,0,0,0.7415115005476451
Aquimarina atlantica,-0.9497517378351539,Aquatic Specialist,9999,0,1,0,0,-0.9497517378351539
Brevundimonas vancanneytii,0.23871527777777782,Mostly Terrestrial,9999,1,0,0,0,0.23871527777777782
Mobilisporobacter senegalensis,0.43695316520844046,Mostly Terrestrial,9999,1,0,0,0,0.43695316520844046
Methylocapsa acidiphila,0.3565566906715793,Mostly Terrestrial,9999,1,0,0,0,0.3565566906715793
Spiribacter salinus,-0.6648505603985055,Mostly Aquatic,9999,0,1,0,0,-0.6648505603985055
Streptococcus equi,0.8018416206261509,Terrestrial Specialist,9999,1,0,0,0,0.8018416206261509
Sphingomonas naasensis,0.7751648981932893,Mostly Terrestrial,9999,1,0,0,0,0.7751648981932893
Planobispora takensis,0.9005163511187607,Terrestrial Specialist,9999,1,0,0,0,0.9005163511187607
Lancefieldella rimae,0.9164311667339523,Terrestrial Specialist,9999,1,0,0,0,0.9164311667339523
Streptomyces iconiensis,0.8822085889570551,Terrestrial Specialist,9999,1,0,0,0,0.8822085889570551
Hymenobacter qilianensis,0.4920019389238972,Mostly Terrestrial,9999,1,0,0,0,0.4920019389238972
Rhizobium straminoryzae,0.5523509875895822,Mostly Terrestrial,9999,1,0,0,0,0.5523509875895822
Agromyces marinus,0.9352226720647774,Terrestrial Specialist,9999,1,0,0,0,0.9352226720647774
Cytobacillus firmus,0.6019302949061661,Mostly Terrestrial,9999,1,0,0,0,0.6019302949061661
Dictyoglomus thermophilum,-0.7864982709367013,Mostly Aquatic,9999,0,1,0,0,-0.7864982709367013
Pontibacter diazotrophicus,0.7657445556209534,Mostly Terrestrial,9999,1,0,0,0,0.7657445556209534
Calidithermus terrae,0.20703754181637962,Mostly Terrestrial,9999,1,0,0,0,0.20703754181637962
Candidatus Tachikawaea gelatinosa,-0.4939922919972796,Mostly Aquatic,9999,0,1,0,0,-0.4939922919972796
Thermomonospora amylolytica,0.876500588466065,Terrestrial Specialist,9999,1,0,0,0,0.876500588466065
Dactylosporangium sucinum,-0.77296278850683,Mostly Aquatic,9999,0,1,0,0,-0.77296278850683
Agaribacter marinus,-0.9851938723154733,Aquatic Specialist,9999,0,1,0,0,-0.9851938723154733
Streptomyces lushanensis,0.8341989612465043,Terrestrial Specialist,9999,1,0,0,0,0.8341989612465043
Gemmobacter aestuarii,-0.6714968277590664,Mostly Aquatic,9999,0,1,0,0,-0.6714968277590664
Mucilaginibacter auburnensis,0.3325371838019759,Mostly Terrestrial,9999,1,0,0,0,0.3325371838019759
Cyclonatronum proteinivorum,-0.40518394648829437,Mostly Aquatic,9999,0,1,0,0,-0.40518394648829437
Micromonospora palomenae,0.671290944123314,Mostly Terrestrial,9999,1,0,0,0,0.671290944123314
Halarcobacter ebronensis,-0.8044619422572179,Aquatic Specialist,9999,0,1,0,0,-0.8044619422572179
Parapontixanthobacter aurantiacus,0.3338553391406479,Mostly Terrestrial,9999,1,0,0,0,0.3338553391406479
Nesterenkonia alkaliphila,0.4916487514469986,Mostly Terrestrial,9999,1,0,0,0,0.4916487514469986
Streptomyces graminilatus,0.9407516822583293,Terrestrial Specialist,9999,1,0,0,0,0.9407516822583293
Parafilimonas terrae,0.843425467327049,Terrestrial Specialist,9999,1,0,0,0,0.843425467327049
Pantoea coffeiphila,0.5207783182765809,Mostly Terrestrial,9999,1,0,0,0,0.5207783182765809
Streptomyces europaeiscabiei,0.8268215417106652,Terrestrial Specialist,9999,1,0,0,0,0.8268215417106652
Longimonas halophila,-1,Aquatic Specialist,9999,0,1,0,0,-1
Lacinutrix jangbogonensis,-1,Aquatic Specialist,9999,0,1,0,0,-1
Candidatus Stoquefichus massiliensis,0.9146451033243487,Terrestrial Specialist,9999,1,0,0,0,0.9146451033243487
Collinsella intestinalis,0.7195017915031565,Mostly Terrestrial,9999,1,0,0,0,0.7195017915031565
Arthrobacter liuii,0.8768801031370863,Terrestrial Specialist,9999,1,0,0,0,0.8768801031370863
Clostridium botulinum,0.5961302629786074,Mostly Terrestrial,9999,1,0,0,0,0.5961302629786074
Escherichia marmotae,0.6747598253275109,Mostly Terrestrial,9999,1,0,0,0,0.6747598253275109
Spirochaeta isovalerica,-0.9521050141911068,Aquatic Specialist,9999,0,1,0,0,-0.9521050141911068
Burkholderia singularis,0.6674515960230245,Mostly Terrestrial,9999,1,0,0,0,0.6674515960230245
Candidatus Chloroploca asiatica,-0.3647190174916264,Mostly Aquatic,9999,0,1,0,0,-0.3647190174916264
Salinivibrio socompensis,-0.57524115755627,Mostly Aquatic,9999,0,1,0,0,-0.57524115755627
Pseudomonas matsuisoli,0.57064416767108606,Mostly Terrestrial,9999,1,0,0,0,0.57064416767108606
Gordonia jinhuaensis,0.39609794421893413,Mostly Terrestrial,9999,1,0,0,0,0.39609794421893413
Mobilicoccus massiliensis,0.5151816824290691,Mostly Terrestrial,9999,1,0,0,0,0.5151816824290691
Bacillus kwashiorkori,0.5585083583369054,Mostly Terrestrial,9999,1,0,0,0,0.5585083583369054
Phaeodactylibacter xiamenensis,-0.864595644099274,Aquatic Specialist,9999,0,1,0,0,-0.864595644099274
Psychroflexus planctonicus,-0.6366988715982004,Mostly Aquatic,9999,0,1,0,0,-0.6366988715982004
Arthrobacter echini,0.5455170832377896,Mostly Terrestrial,9999,1,0,0,0,0.5455170832377896
Palleronia rufa,-0.7827390869710096,Mostly Aquatic,9999,0,1,0,0,-0.7827390869710096
Luteimonas terrae,0.5828280378365268,Mostly Terrestrial,9999,1,0,0,0,0.5828280378365268
Anaerobacillus isosaccharinicus,0.23010255669507448,Mostly Terrestrial,9999,1,0,0,0,0.23010255669507448
Balneicella halophila,-0.8061267310113304,Aquatic Specialist,9999,0,1,0,0,-0.8061267310113304
Psychrobacillus soli,0.6923976608187135,Mostly Terrestrial,9999,1,0,0,0,0.6923976608187135
Streptomyces bambusae,0.8671966753997652,Terrestrial Specialist,9999,1,0,0,0,0.8671966753997652
Listeria booriae,0.7311152605669665,Mostly Terrestrial,9999,1,0,0,0,0.7311152605669665
Enterococcus moraviensis,0.7107453301276123,Mostly Terrestrial,9999,1,0,0,0,0.7107453301276123
Enterococcus haemoperoxidus,0.7107453301276123,Mostly Terrestrial,9999,1,0,0,0,0.7107453301276123
Streptomyces xiaopingdaonensis,0.8138146674246732,Terrestrial Specialist,9999,1,0,0,0,0.8138146674246732
Yeosuana marina,-0.8716068951852586,Aquatic Specialist,9999,0,1,0,0,-0.8716068951852586
Nocardiopsis composta,1,Terrestrial Specialist,9999,1,0,0,0,1
Leifsonia xyli,0.9298747763864043,Terrestrial Specialist,9999,1,0,0,0,0.9298747763864043
Corynebacterium alimapuense,0.4890730972117559,Mostly Terrestrial,9999,1,0,0,0,0.4890730972117559
Raineyella antarctica,0.4154447702834799,Mostly Terrestrial,9999,1,0,0,0,0.4154447702834799
Nonomuraea indica,0.9074074074074074,Terrestrial Specialist,9999,1,0,0,0,0.9074074074074074
Luteimonas arsenica,0.780630105017503,Mostly Terrestrial,9999,1,0,0,0,0.780630105017503
Embleya scabrispora,0.8179607434427653,Terrestrial Specialist,9999,1,0,0,0,0.8179607434427653
Latilactobacillus sakei,0.5376676986584108,Mostly Terrestrial,9999,1,0,0,0,0.5376676986584108
Desulfuromonas soudanensis,-0.45128255144835666,Mostly Aquatic,9999,0,1,0,0,-0.45128255144835666
Ligilactobacillus animalis,0.943727242634889,Terrestrial Specialist,9999,1,0,0,0,0.943727242634889
Dysgonomonas alginatilytica,-0.1950810508664058,Mostly Aquatic,9999,0,1,0,0,-0.1950810508664058
Agrobacterium larrymoorei,0.7497201701365568,Mostly Terrestrial,9999,1,0,0,0,0.7497201701365568
Streptomyces formicae,0.8678723011625762,Terrestrial Specialist,9999,1,0,0,0,0.8678723011625762
Kordia zhangzhouensis,-0.8324104064361092,Aquatic Specialist,9999,0,1,0,0,-0.8324104064361092
Oerskovia jenensis,0.6835844567803332,Mostly Terrestrial,9999,1,0,0,0,0.6835844567803332
Bacillus piscicola,0.1909268439236894,Mostly Terrestrial,9999,1,0,0,0,0.1909268439236894
Streptomyces beijiangensis,0.8367346938775511,Terrestrial Specialist,9999,1,0,0,0,0.8367346938775511
Actinomadura latina,0.8757537512270368,Terrestrial Specialist,9999,1,0,0,0,0.8757537512270368
Nocardiopsis exhalans,0.8182620202911337,Terrestrial Specialist,9999,1,0,0,0,0.8182620202911337
Mangrovibacterium marinum,-0.589769141338648,Mostly Aquatic,9999,0,1,0,0,-0.589769141338648
Calidithermus roseus,1,Terrestrial Specialist,9999,1,0,0,0,1
Streptomyces pathocidini,0.8142462095928293,Terrestrial Specialist,9999,1,0,0,0,0.8142462095928293
Clostridium phoceensis,0.9547144305508617,Terrestrial Specialist,9999,1,0,0,0,0.9547144305508617
Brachybacterium huguangmaarense,0.487840609434515,Mostly Terrestrial,9999,1,0,0,0,0.487840609434515
Caldimicrobium thiodismutans,-0.9633217993079584,Aquatic Specialist,9999,0,1,0,0,-0.9633217993079584
Leeuwenhoekiella nanhaiensis,-0.9169091697108537,Aquatic Specialist,9999,0,1,0,0,-0.9169091697108537
Flexivirga aerilata,-0.14265215831639363,Mostly Aquatic,9999,0,1,0,0,-0.14265215831639363
Sphingomonas vulcanisoli,0.49296939619520275,Mostly Terrestrial,9999,1,0,0,0,0.49296939619520275
Agromyces aurantiacus,0.6879855272959455,Mostly Terrestrial,9999,1,0,0,0,0.6879855272959455
Schaalia odontolytica,0.8327471668620554,Terrestrial Specialist,9999,1,0,0,0,0.8327471668620554
Nocardiopsis ansamitocini,1,Terrestrial Specialist,9999,1,0,0,0,1
Rathayibacter tanaceti,0.7860289490245437,Mostly Terrestrial,9999,1,0,0,0,0.7860289490245437
Marinibacterium profundimaris,-0.853852759778281,Aquatic Specialist,9999,0,1,0,0,-0.853852759778281
Corynebacterium phoceense,0.7809664486178519,Mostly Terrestrial,9999,1,0,0,0,0.7809664486178519
Cellulomonas timonensis,0.738724437389112,Mostly Terrestrial,9999,1,0,0,0,0.738724437389112
Lagierella massiliensis,0.9094508521260113,Terrestrial Specialist,9999,1,0,0,0,0.9094508521260113
Streptomyces actinomycinicus,0.9296660117878193,Terrestrial Specialist,9999,1,0,0,0,0.9296660117878193
Marinobacter confluentis,-0.8273961332784863,Aquatic Specialist,9999,0,1,0,0,-0.8273961332784863
Endozoicomonas ascidiicola,-0.8990218910107126,Aquatic Specialist,9999,0,1,0,0,-0.8990218910107126
Confluentibacter lentus,0.6928038017651051,Mostly Terrestrial,9999,1,0,0,0,0.6928038017651051
Endozoicomonas acroporae,-1,Aquatic Specialist,9999,0,1,0,0,-1
Nonomuraea rhodomycinica,0.890179211469534,Terrestrial Specialist,9999,1,0,0,0,0.890179211469534
Domibacillus iocasae,0.6922292127189252,Mostly Terrestrial,9999,1,0,0,0,0.6922292127189252
Microbacterium telephonicum,0.40025709945074206,Mostly Terrestrial,9999,1,0,0,0,0.40025709945074206
Streptomyces jeddahensis,0.7780885780885781,Mostly Terrestrial,9999,1,0,0,0,0.7780885780885781
Leptospira biflexa,-0.5251638930912759,Mostly Aquatic,9999,0,1,0,0,-0.5251638930912759
Corynebacterium bouchesdurhonense,0.7552682840446253,Mostly Terrestrial,9999,1,0,0,0,0.7552682840446253
Azospirillum agricola,0.2784651744751842,Mostly Terrestrial,9999,1,0,0,0,0.2784651744751842
Neobacillus cucumis,0.7489266701013223,Mostly Terrestrial,9999,1,0,0,0,0.7489266701013223
Propionibacterium freudenreichii,0.2176532610332882,Mostly Terrestrial,9999,1,0,0,0,0.2176532610332882
Parabacteroides massiliensis,0.8885611274991806,Terrestrial Specialist,9999,1,0,0,0,0.8885611274991806
Mongoliibacter ruber,-0.27366961092050507,Mostly Aquatic,9999,0,1,0,0,-0.27366961092050507
Serinicoccus hydrothermalis,0.3255563531945441,Mostly Terrestrial,9999,1,0,0,0,0.3255563531945441
Paraburkholderia caffeinilytica,0.7164284990371947,Mostly Terrestrial,9999,1,0,0,0,0.7164284990371947
Peptoniphilus raoultii,0.8899610631454207,Terrestrial Specialist,9999,1,0,0,0,0.8899610631454207
Caballeronia concitans,0.9047422254365121,Terrestrial Specialist,9999,1,0,0,0,0.9047422254365121
Caballeronia calidae,0.8860510805500983,Terrestrial Specialist,9999,1,0,0,0,0.8860510805500983
Pseudoclavibacter endophyticus,0.30927364093193244,Mostly Terrestrial,9999,1,0,0,0,0.30927364093193244
Lipingzhangella halophila,0.9175828932559951,Terrestrial Specialist,9999,1,0,0,0,0.9175828932559951
Pseudomonas wadenswilerensis,0.2406221408966148,Mostly Terrestrial,9999,1,0,0,0,0.2406221408966148
Pseudomonas versuta,0.2271942942597492,Mostly Terrestrial,9999,1,0,0,0,0.2271942942597492
Pseudoroseicyclus aestuarii,-0.8372317803982214,Aquatic Specialist,9999,0,1,0,0,-0.8372317803982214
Echinicola strongylocentroti,-0.27325581395348836,Mostly Aquatic,9999,0,1,0,0,-0.27325581395348836
Mycolicibacillus trivialis,0.3698740554156172,Mostly Terrestrial,9999,1,0,0,0,0.3698740554156172
Nocardiopsis metallicus,0.8182620202911337,Terrestrial Specialist,9999,1,0,0,0,0.8182620202911337
Flavobacterium limicola,0.17031070195627154,Mostly Terrestrial,9999,1,0,0,0,0.17031070195627154
Massilibacillus massiliensis,0.1466621995141972,Mostly Terrestrial,9999,1,0,0,0,0.1466621995141972
Actinokineospora fastidiosa,0.9575513851653262,Terrestrial Specialist,9999,1,0,0,0,0.9575513851653262
Alistipes provencensis,0.9202714164546224,Terrestrial Specialist,9999,1,0,0,0,0.9202714164546224
Paenibacillus tuaregi,0.8637278796227613,Terrestrial Specialist,9999,1,0,0,0,0.8637278796227613
Bacillus tuaregi,0.523901630284609,Mostly Terrestrial,9999,1,0,0,0,0.523901630284609
Limosilactobacillus coleohominis,0.9266530839044269,Terrestrial Specialist,9999,1,0,0,0,0.9266530839044269
Agromyces binzhouensis,0.8540546996297623,Terrestrial Specialist,9999,1,0,0,0,0.8540546996297623
Aromatoleum anaerobium,-0.04951845222875652,Generalist,9999,0,1,0,0,-0.04951845222875652
Paenibacillus sinopodophylli,0.826086956521739,Terrestrial Specialist,9999,1,0,0,0,0.826086956521739
Aurantibacter crassamenti,-0.8227992813980076,Aquatic Specialist,9999,0,1,0,0,-0.8227992813980076
Marseilla massiliensis,0.5147592738752961,Mostly Terrestrial,9999,1,0,0,0,0.5147592738752961
Bacteroides ihuae,0.4402007248396989,Mostly Terrestrial,9999,1,0,0,0,0.4402007248396989
Amycolatopsis antarctica,0.921564270636596,Terrestrial Specialist,9999,1,0,0,0,0.921564270636596
Maribacter arenosus,-0.9873123281877777,Aquatic Specialist,9999,0,1,0,0,-0.9873123281877777
Amycolatopsis deserti,0.6761260088518615,Mostly Terrestrial,9999,1,0,0,0,0.6761260088518615
Sphingomonas aurantiaca,0.4663556851311953,Mostly Terrestrial,9999,1,0,0,0,0.4663556851311953
Hyphococcus flavus,-0.769326021581461,Mostly Aquatic,9999,0,1,0,0,-0.769326021581461
Legionella clemsonensis,0.7248492264662181,Mostly Terrestrial,9999,1,0,0,0,0.7248492264662181
Bacteroides congonensis,0.9021572957363682,Terrestrial Specialist,9999,1,0,0,0,0.9021572957363682
Collinsella phocaeensis,0.8512278697886922,Terrestrial Specialist,9999,1,0,0,0,0.8512278697886922
Intestinibacillus massiliensis,0.6066091954022989,Mostly Terrestrial,9999,1,0,0,0,0.6066091954022989
Micromonospora echinospora,0.7298653042266604,Mostly Terrestrial,9999,1,0,0,0,0.7298653042266604
Pistricoccus aurantiacus,0.14782265231559197,Mostly Terrestrial,9999,1,0,0,0,0.14782265231559197
Streptomyces ambofaciens,1,Terrestrial Specialist,9999,1,0,0,0,1
Jannaschia helgolandensis,-0.9259517501045879,Aquatic Specialist,9999,0,1,0,0,-0.9259517501045879
Streptomyces antibioticus,0.9210470312832518,Terrestrial Specialist,9999,1,0,0,0,0.9210470312832518
Thermodesulfitimonas autotrophica,-0.5780215436307936,Mostly Aquatic,9999,0,1,0,0,-0.5780215436307936
Hallerella succinigenes,0.9107551487414189,Terrestrial Specialist,9999,1,0,0,0,0.9107551487414189
Kribbella antibiotica,0.9414436177408445,Terrestrial Specialist,9999,1,0,0,0,0.9414436177408445
Mailhella massiliensis,0.8506301540376537,Terrestrial Specialist,9999,1,0,0,0,0.8506301540376537
Streptomyces fodineus,0.9296660117878193,Terrestrial Specialist,9999,1,0,0,0,0.9296660117878193
Amycolatopsis vastitatis,0.9442142496210206,Terrestrial Specialist,9999,1,0,0,0,0.9442142496210206
Rodentibacter ratti,0.8360164732309996,Terrestrial Specialist,9999,1,0,0,0,0.8360164732309996
Streptomyces glaucescens,0.5901496861419604,Mostly Terrestrial,9999,1,0,0,0,0.5901496861419604
Raoultibacter timonensis,0.81231547870097,Terrestrial Specialist,9999,1,0,0,0,0.81231547870097
Streptomyces hygroscopicus,0.8330348532855765,Terrestrial Specialist,9999,1,0,0,0,0.8330348532855765
Bacillus alkalicellulosilyticus,0.1814428936504816,Mostly Terrestrial,9999,1,0,0,0,0.1814428936504816
Nonlabens xylanidelens,-0.9116003386960203,Aquatic Specialist,9999,0,1,0,0,-0.9116003386960203
Virgibacillus dakarensis,0.7617069062324536,Mostly Terrestrial,9999,1,0,0,0,0.7617069062324536
Fodinibius saliphilus,-0.5000681849174963,Mostly Aquatic,9999,0,1,0,0,-0.5000681849174963
Streptomyces purpurascens,-0.5481965174129354,Mostly Aquatic,9999,0,1,0,0,-0.5481965174129354
Candidatus Fonsibacter ubiquis,-0.8747714808043876,Aquatic Specialist,9999,0,1,0,0,-0.8747714808043876
Algoriphagus marinus,-0.38069239359722057,Mostly Aquatic,9999,0,1,0,0,-0.38069239359722057
Vicingus serpentipes,-0.9391923358392656,Aquatic Specialist,9999,0,1,0,0,-0.9391923358392656
Streptomyces aureus,0.9082144849016014,Terrestrial Specialist,9999,1,0,0,0,0.9082144849016014
Sutterella seckii,0.7071011156366214,Mostly Terrestrial,9999,1,0,0,0,0.7071011156366214
Salinicola halimionae,-0.16491438870531688,Mostly Aquatic,9999,0,1,0,0,-0.16491438870531688
Aurantiacibacter aquimixticola,-0.6582021820990634,Mostly Aquatic,9999,0,1,0,0,-0.6582021820990634
Abditibacterium utsteinense,0.7184260843312872,Mostly Terrestrial,9999,1,0,0,0,0.7184260843312872
Streptomyces noursei,0.9244386873920553,Terrestrial Specialist,9999,1,0,0,0,0.9244386873920553
Sanguibacter massiliensis,0.5558922951392936,Mostly Terrestrial,9999,1,0,0,0,0.5558922951392936
Corynebacterium kefirresidentii,0.7269602226223604,Mostly Terrestrial,9999,1,0,0,0,0.7269602226223604
Candidatus Pelagibacter ubique,-0.9676743085142356,Aquatic Specialist,9999,0,1,0,0,-0.9676743085142356
Rhizobium wuzhouense,0.1789840164583004,Mostly Terrestrial,9999,1,0,0,0,0.1789840164583004
Spirosoma agri,0.7665403356794802,Mostly Terrestrial,9999,1,0,0,0,0.7665403356794802
Actinomadura madurae,0.9653914666214266,Terrestrial Specialist,9999,1,0,0,0,0.9653914666214266
Planomonospora venezuelensis,0.8905441098784996,Terrestrial Specialist,9999,1,0,0,0,0.8905441098784996
Campylobacter curvus,0.8808525506638716,Terrestrial Specialist,9999,1,0,0,0,0.8808525506638716
Deinococcus aerius,0.4782135076252724,Mostly Terrestrial,9999,1,0,0,0,0.4782135076252724
Brumimicrobium glaciale,-0.48119349005424955,Mostly Aquatic,9999,0,1,0,0,-0.48119349005424955
Thermobispora bispora,0.5914811229428848,Mostly Terrestrial,9999,1,0,0,0,0.5914811229428848
Raineya orbicola,-0.4789223454833598,Mostly Aquatic,9999,0,1,0,0,-0.4789223454833598
Leptospira barantonii,0.03619357462383075,Generalist,9999,1,0,0,0,0.03619357462383075
Candidatus Viridilinea mediisalina,-0.41133065507911776,Mostly Aquatic,9999,0,1,0,0,-0.41133065507911776
Bacillus tropicus,0.7692903797188088,Mostly Terrestrial,9999,1,0,0,0,0.7692903797188088
Candidatus Bipolaricaulis anaerobius,-0.626884862653419,Mostly Aquatic,9999,0,1,0,0,-0.626884862653419
Pseudooceanicola lipolyticus,-0.9894246506357799,Aquatic Specialist,9999,0,1,0,0,-0.9894246506357799
Acinetobacter baylyi,-0.1407603111698224,Mostly Aquatic,9999,0,1,0,0,-0.1407603111698224
Amylibacter cionae,-0.9578016424510423,Aquatic Specialist,9999,0,1,0,0,-0.9578016424510423
Helcococcus massiliensis,0.8607015760040672,Terrestrial Specialist,9999,1,0,0,0,0.8607015760040672
Dickeya dianthicola,0.49211788896504455,Mostly Terrestrial,9999,1,0,0,0,0.49211788896504455
Paremcibacter congregatus,-0.8781052306742786,Aquatic Specialist,9999,0,1,0,0,-0.8781052306742786
Nocardia iowensis,0.9102759437954969,Terrestrial Specialist,9999,1,0,0,0,0.9102759437954969
Agrobacterium bohemicum,0.83464885650678,Terrestrial Specialist,9999,1,0,0,0,0.83464885650678
Microbacterium halophytorum,0.4412506303580434,Mostly Terrestrial,9999,1,0,0,0,0.4412506303580434
Aquimarina sediminis,-1,Aquatic Specialist,9999,0,1,0,0,-1
Adhaeribacter pallidiroseus,0.7677224736048265,Mostly Terrestrial,9999,1,0,0,0,0.7677224736048265
Solitalea longa,0.7720357401593818,Mostly Terrestrial,9999,1,0,0,0,0.7720357401593818
Kosakonia cowanii,0.839607201309329,Terrestrial Specialist,9999,1,0,0,0,0.839607201309329
Adhaeribacter swui,0.9688319703749421,Terrestrial Specialist,9999,1,0,0,0,0.9688319703749421
Escherichia albertii,0.6747598253275109,Mostly Terrestrial,9999,1,0,0,0,0.6747598253275109
Pedobacter mongoliensis,0.805558583106267,Terrestrial Specialist,9999,1,0,0,0,0.805558583106267
Acholeplasma laidlawii,0.48244147157190637,Mostly Terrestrial,9999,1,0,0,0,0.48244147157190637
Paraburkholderia agricolaris,0.6548523206751055,Mostly Terrestrial,9999,1,0,0,0,0.6548523206751055
Roseicyclus marinus,-0.6471382745230457,Mostly Aquatic,9999,0,1,0,0,-0.6471382745230457
Kordiimonas pumila,-0.9318327974276528,Aquatic Specialist,9999,0,1,0,0,-0.9318327974276528
Lactimicrobium massiliense,0.6382719805293582,Mostly Terrestrial,9999,1,0,0,0,0.6382719805293582
Alteripontixanthobacter maritimus,0.2912193468188496,Mostly Terrestrial,9999,1,0,0,0,0.2912193468188496
Rhizobium terrae,0.6872097401782352,Mostly Terrestrial,9999,1,0,0,0,0.6872097401782352
Pararhodobacter marinus,-0.3183959261616805,Mostly Aquatic,9999,0,1,0,0,-0.3183959261616805
Glycomyces dulcitolivorans,0.538881309686221,Mostly Terrestrial,9999,1,0,0,0,0.538881309686221
Nocardioides silvaticus,0.9116104868913859,Terrestrial Specialist,9999,1,0,0,0,0.9116104868913859
Nocardiopsis aegyptia,0.7329490874159462,Mostly Terrestrial,9999,1,0,0,0,0.7329490874159462
Neobacillus bataviensis,0.7489266701013223,Mostly Terrestrial,9999,1,0,0,0,0.7489266701013223
Halobacillus locisalis,0.026620261499388564,Generalist,9999,1,0,0,0,0.026620261499388564
Paracoccus endophyticus,-0.03857142857142861,Generalist,9999,0,1,0,0,-0.03857142857142861
Deinococcus indicus,-0.08926808630658589,Generalist,9999,0,1,0,0,-0.08926808630658589
Hydrogenimonas thermophila,-0.9469611705120989,Aquatic Specialist,9999,0,1,0,0,-0.9469611705120989
Candidatus Ulvibacter alkanivorans,-0.9407247743499932,Aquatic Specialist,9999,0,1,0,0,-0.9407247743499932
Micromonospora eburnea,0.7361827560795875,Mostly Terrestrial,9999,1,0,0,0,0.7361827560795875
Oceanithermus desulfurans,-0.4053443125857754,Mostly Aquatic,9999,0,1,0,0,-0.4053443125857754
Nocardia arthritidis,0.3853801169590643,Mostly Terrestrial,9999,1,0,0,0,0.3853801169590643
Xylanibacterium ulmi,0.8129327543715527,Terrestrial Specialist,9999,1,0,0,0,0.8129327543715527
Chitinophaga silvisoli,1,Terrestrial Specialist,9999,1,0,0,0,1
Flavobacterium degerlachei,-0.7554466641537881,Mostly Aquatic,9999,0,1,0,0,-0.7554466641537881
Persicimonas caeni,-0.09930479326747164,Generalist,9999,0,1,0,0,-0.09930479326747164
Jiangella rhizosphaerae,0.9090222506245278,Terrestrial Specialist,9999,1,0,0,0,0.9090222506245278
Sinirhodobacter hankyongi,-0.4370729556975975,Mostly Aquatic,9999,0,1,0,0,-0.4370729556975975
Micromonospora endolithica,0.7298653042266604,Mostly Terrestrial,9999,1,0,0,0,0.7298653042266604
Lysinibacillus yapensis,0.7614951053099971,Mostly Terrestrial,9999,1,0,0,0,0.7614951053099971
Cellulomonas telluris,0.5647339158061955,Mostly Terrestrial,9999,1,0,0,0,0.5647339158061955
Cuspidothrix issatschenkoi,-0.8423848094542556,Aquatic Specialist,9999,0,1,0,0,-0.8423848094542556
Streptomyces africanus,0.9149590163934426,Terrestrial Specialist,9999,1,0,0,0,0.9149590163934426
Corallococcus praedator,0.8101510361784334,Terrestrial Specialist,9999,1,0,0,0,0.8101510361784334
Corallococcus sicarius,0.8101510361784334,Terrestrial Specialist,9999,1,0,0,0,0.8101510361784334
Desulfitobacterium dichloroeliminans,0.6097889970131998,Mostly Terrestrial,9999,1,0,0,0,0.6097889970131998
Propionigenium modestum,-0.6284885828198623,Mostly Aquatic,9999,0,1,0,0,-0.6284885828198623
Streptomyces bauhiniae,0.8872991767244826,Terrestrial Specialist,9999,1,0,0,0,0.8872991767244826
Asanoa iriomotensis,0.8636665814369725,Terrestrial Specialist,9999,1,0,0,0,0.8636665814369725
Flexistipes sinusarabici,-0.21991221991221999,Mostly Aquatic,9999,0,1,0,0,-0.21991221991221999
Neoactinobaculum massilliense,0.5702534832969615,Mostly Terrestrial,9999,1,0,0,0,0.5702534832969615
Fastidiosipila sanguinis,0.8999307479224377,Terrestrial Specialist,9999,1,0,0,0,0.8999307479224377
Algoriphagus antarcticus,0.0438050803525142,Generalist,9999,1,0,0,0,0.0438050803525142
Thermovibrio guaymasensis,-1,Aquatic Specialist,9999,0,1,0,0,-1
Eggerthella sinensis,0.780031474033922,Mostly Terrestrial,9999,1,0,0,0,0.780031474033922
Roseobacter denitrificans,-0.7862751792420621,Mostly Aquatic,9999,0,1,0,0,-0.7862751792420621
Candidatus Paracaedibacter symbiosus,-0.653309640159929,Mostly Aquatic,9999,0,1,0,0,-0.653309640159929
Histidinibacterium lentulum,-0.726351018801063,Mostly Aquatic,9999,0,1,0,0,-0.726351018801063
Filibacter tadaridae,0.7223500265439745,Mostly Terrestrial,9999,1,0,0,0,0.7223500265439745
Leptospira bandrabouensis,-0.5251638930912759,Mostly Aquatic,9999,0,1,0,0,-0.5251638930912759
Leptospira kanakyensis,-0.5251638930912759,Mostly Aquatic,9999,0,1,0,0,-0.5251638930912759
Leptospira fletcheri,-0.16436637390213296,Mostly Aquatic,9999,0,1,0,0,-0.16436637390213296
Haemophilus pittmaniae,0.7424058323207776,Mostly Terrestrial,9999,1,0,0,0,0.7424058323207776
Bacillus yapensis,0.7614951053099971,Mostly Terrestrial,9999,1,0,0,0,0.7614951053099971
Flavobacterium psychrolimnae,0.17031070195627154,Mostly Terrestrial,9999,1,0,0,0,0.17031070195627154
Cellulomonas endophytica,0.3323203820273497,Mostly Terrestrial,9999,1,0,0,0,0.3323203820273497
Streptomyces decoyicus,0.8861788617886179,Terrestrial Specialist,9999,1,0,0,0,0.8861788617886179
Hwanghaeella grinnelliae,-0.8696927856403176,Aquatic Specialist,9999,0,1,0,0,-0.8696927856403176
Filimonas effusa,0.5721572157215722,Mostly Terrestrial,9999,1,0,0,0,0.5721572157215722
Aquirufa nivalisilvae,-0.8080114905841047,Aquatic Specialist,9999,0,1,0,0,-0.8080114905841047
Aureliella helgolandensis,-0.6933377417755001,Mostly Aquatic,9999,0,1,0,0,-0.6933377417755001
Symmachiella macrocystis,-0.9474552309142318,Aquatic Specialist,9999,0,1,0,0,-0.9474552309142318
Polystyrenella longa,-0.9453027881370982,Aquatic Specialist,9999,0,1,0,0,-0.9453027881370982
Pedobacter changchengzhani,0.24837163573798693,Mostly Terrestrial,9999,1,0,0,0,0.24837163573798693
Xanthovirga aplysinae,-0.9330210445361115,Aquatic Specialist,9999,0,1,0,0,-0.9330210445361115
Rhodobacter xinxiangensis,0.4047204488295609,Mostly Terrestrial,9999,1,0,0,0,0.4047204488295609
Cumulibacter soli,0.8420755781161872,Terrestrial Specialist,9999,1,0,0,0,0.8420755781161872
Paraburkholderia guartelaensis,0.880268295124637,Terrestrial Specialist,9999,1,0,0,0,0.880268295124637
Streptomyces aquilus,0.9210470312832518,Terrestrial Specialist,9999,1,0,0,0,0.9210470312832518
Gulosibacter molinativorax,0.3561156201053681,Mostly Terrestrial,9999,1,0,0,0,0.3561156201053681
Pontibacter beigongshangensis,0.738684446723939,Mostly Terrestrial,9999,1,0,0,0,0.738684446723939
Ilyomonas limi,0.9184469626602266,Terrestrial Specialist,9999,1,0,0,0,0.9184469626602266
Roseovarius bejariae,-0.971989348061939,Aquatic Specialist,9999,0,1,0,0,-0.971989348061939
Myxococcus llanfairpwllgwyngyllgogerychwyrndrobwllllantysiliogogogochensis,0.8041112454655381,Terrestrial Specialist,9999,1,0,0,0,0.8041112454655381
Tenuifilum thalassicum,-0.8501109805457633,Aquatic Specialist,9999,0,1,0,0,-0.8501109805457633
Novosphingobium taihuense,-0.216191904047976,Mostly Aquatic,9999,0,1,0,0,-0.216191904047976
Tepidiforma bonchosmolovskayae,-0.1398283695103483,Mostly Aquatic,9999,0,1,0,0,-0.1398283695103483
Roseiconus lacunae,-0.8823817092554102,Aquatic Specialist,9999,0,1,0,0,-0.8823817092554102
Campylobacter insulaenigrae,0.7163982911600394,Mostly Terrestrial,9999,1,0,0,0,0.7163982911600394
Adhaeribacter rhizoryzae,0.7862637362637362,Mostly Terrestrial,9999,1,0,0,0,0.7862637362637362
Flavobacterium baculatum,-0.32890007189072606,Mostly Aquatic,9999,0,1,0,0,-0.32890007189072606
Gimesia benthica,-0.8462131927478461,Aquatic Specialist,9999,0,1,0,0,-0.8462131927478461
Aureimonas leprariae,0.7672838457618482,Mostly Terrestrial,9999,1,0,0,0,0.7672838457618482
Winogradskyella thalassocola,-0.964717855931245,Aquatic Specialist,9999,0,1,0,0,-0.964717855931245
Francisella tularensis,-0.4310669975186105,Mostly Aquatic,9999,0,1,0,0,-0.4310669975186105
Xanthomonas sontii,0.5234567901234568,Mostly Terrestrial,9999,1,0,0,0,0.5234567901234568
Rhodopirellula baltica,-0.7626159408897973,Mostly Aquatic,9999,0,1,0,0,-0.7626159408897973
Cellulomonas composti,1,Terrestrial Specialist,9999,1,0,0,0,1
Ornithinimicrobium cavernae,0.4831908831908832,Mostly Terrestrial,9999,1,0,0,0,0.4831908831908832
Cohnella candidum,0.8349659117624011,Terrestrial Specialist,9999,1,0,0,0,0.8349659117624011
Tellurirhabdus rosea,0.02055094009619584,Generalist,9999,1,0,0,0,0.02055094009619584
Nocardia aurantiaca,0.946275338888198,Terrestrial Specialist,9999,1,0,0,0,0.946275338888198
Pedobacter planticolens,0.3311800172265289,Mostly Terrestrial,9999,1,0,0,0,0.3311800172265289
Alienimonas chondri,-0.8709627449461699,Aquatic Specialist,9999,0,1,0,0,-0.8709627449461699
Aestuariibaculum marinum,-0.9220607661822985,Aquatic Specialist,9999,0,1,0,0,-0.9220607661822985
Virgibacillus ihumii,0.61165991902834,Mostly Terrestrial,9999,1,0,0,0,0.61165991902834
Pontibacter pudoricolor,0.9172339663203152,Terrestrial Specialist,9999,1,0,0,0,0.9172339663203152
Anaerocolumna sedimenticola,0.9309140601275433,Terrestrial Specialist,9999,1,0,0,0,0.9309140601275433
Herbidospora solisilvae,0.9525627487612703,Terrestrial Specialist,9999,1,0,0,0,0.9525627487612703
Pseudomonas crudilactis,0.528072837632777,Mostly Terrestrial,9999,1,0,0,0,0.528072837632777
Kibdelosporangium persicum,0.9585257325161616,Terrestrial Specialist,9999,1,0,0,0,0.9585257325161616
Kineobactrum salinum,-0.8076735092864125,Aquatic Specialist,9999,0,1,0,0,-0.8076735092864125
Flavobacterium lotistagni,-0.16416217748795,Mostly Aquatic,9999,0,1,0,0,-0.16416217748795
Myxococcus eversor,0.8041112454655381,Terrestrial Specialist,9999,1,0,0,0,0.8041112454655381
Thermus aquaticus,-0.3932428415733677,Mostly Aquatic,9999,0,1,0,0,-0.3932428415733677
Shewanella atlantica,-0.8789629420882062,Aquatic Specialist,9999,0,1,0,0,-0.8789629420882062
Lentzea alba,0.8697325569920065,Terrestrial Specialist,9999,1,0,0,0,0.8697325569920065
Roseovarius gahaiensis,-0.971989348061939,Aquatic Specialist,9999,0,1,0,0,-0.971989348061939
Arthrobacter stackebrandtii,0.6279613300754276,Mostly Terrestrial,9999,1,0,0,0,0.6279613300754276
Salinimonas profundi,-0.8999393980203352,Aquatic Specialist,9999,0,1,0,0,-0.8999393980203352
Parvularcula mediterranea,-0.8660635264037762,Aquatic Specialist,9999,0,1,0,0,-0.8660635264037762
Sphingomonas hominis,0.6747598253275109,Mostly Terrestrial,9999,1,0,0,0,0.6747598253275109
Adhaeribacter radiodurans,0.8150030494002847,Terrestrial Specialist,9999,1,0,0,0,0.8150030494002847
Hymenobacter terrestris,0.9009784526546545,Terrestrial Specialist,9999,1,0,0,0,0.9009784526546545
Amycolatopsis pittospori,0.9553413654618473,Terrestrial Specialist,9999,1,0,0,0,0.9553413654618473
Chryseobacterium manosquense,0.2732653732324893,Mostly Terrestrial,9999,1,0,0,0,0.2732653732324893
Thermoactinomyces mirandus,0.8242346641834478,Terrestrial Specialist,9999,1,0,0,0,0.8242346641834478
Limosilactobacillus fastidiosus,0.9283330405761462,Terrestrial Specialist,9999,1,0,0,0,0.9283330405761462
Algoriphagus alkaliphilus,-0.4534172502437728,Mostly Aquatic,9999,0,1,0,0,-0.4534172502437728
Bifidobacterium animalis,0.7970545977011495,Mostly Terrestrial,9999,1,0,0,0,0.7970545977011495
Agrobacterium rubi,0.8375286041189932,Terrestrial Specialist,9999,1,0,0,0,0.8375286041189932
Jannaschia rubra,-0.7173710668404394,Mostly Aquatic,9999,0,1,0,0,-0.7173710668404394
Leucobacter chromiireducens,0.20722891566265064,Mostly Terrestrial,9999,1,0,0,0,0.20722891566265064
Streptomyces indiaensis,-0.3333333333333333,Mostly Aquatic,9999,0,1,0,0,-0.3333333333333333
Herbidospora cretacea,0.9539862204724409,Terrestrial Specialist,9999,1,0,0,0,0.9539862204724409
Streptomyces canarius,0.9270144984712496,Terrestrial Specialist,9999,1,0,0,0,0.9270144984712496
Streptomyces agglomeratus,0.8360880195599023,Terrestrial Specialist,9999,1,0,0,0,0.8360880195599023
Streptomyces xylophagus,1,Terrestrial Specialist,9999,1,0,0,0,1
Streptomyces erythrochromogenes,0.9207165367390944,Terrestrial Specialist,9999,1,0,0,0,0.9207165367390944
Streptomyces angustmyceticus,0.8861788617886179,Terrestrial Specialist,9999,1,0,0,0,0.8861788617886179
Micromonospora coriariae,0.7361827560795875,Mostly Terrestrial,9999,1,0,0,0,0.7361827560795875
Bizionia myxarmorum,-1,Aquatic Specialist,9999,0,1,0,0,-1
Mycobacterium haemophilum,0.4279903147699758,Mostly Terrestrial,9999,1,0,0,0,0.4279903147699758
Schaalia hyovaginalis,0.9183874139626351,Terrestrial Specialist,9999,1,0,0,0,0.9183874139626351
Domibacillus aminovorans,0.7791827011178304,Mostly Terrestrial,9999,1,0,0,0,0.7791827011178304
Clostridium puniceum,0.3570628500311139,Mostly Terrestrial,9999,1,0,0,0,0.3570628500311139
Saccharococcus thermophilus,0.4495470165573258,Mostly Terrestrial,9999,1,0,0,0,0.4495470165573258
Methylorubrum rhodinum,0.4274338556383252,Mostly Terrestrial,9999,1,0,0,0,0.4274338556383252
Acinetobacter haemolyticus,-0.4450895016932752,Mostly Aquatic,9999,0,1,0,0,-0.4450895016932752
Flavobacterium cheniae,-0.7860674937104191,Mostly Aquatic,9999,0,1,0,0,-0.7860674937104191
Mesomycoplasma ovipneumoniae,0.9458009122618729,Terrestrial Specialist,9999,1,0,0,0,0.9458009122618729
Hydrogenophilus thermoluteolus,0.3677705593408335,Mostly Terrestrial,9999,1,0,0,0,0.3677705593408335
Micromonospora narathiwatensis,0.7361827560795875,Mostly Terrestrial,9999,1,0,0,0,0.7361827560795875
Lactobacillus apis,0.888888888888889,Terrestrial Specialist,9999,1,0,0,0,0.888888888888889
Algoriphagus locisalis,-0.561382051674056,Mostly Aquatic,9999,0,1,0,0,-0.561382051674056
Endozoicomonas elysicola,-0.8455187743113439,Aquatic Specialist,9999,0,1,0,0,-0.8455187743113439
Micromonospora krabiensis,0.7922848664688427,Mostly Terrestrial,9999,1,0,0,0,0.7922848664688427
Palleronia marisminoris,-0.5639575971731449,Mostly Aquatic,9999,0,1,0,0,-0.5639575971731449
Enterococcus caccae,0.7107453301276123,Mostly Terrestrial,9999,1,0,0,0,0.7107453301276123
Synechococcus elongatus,-0.0647023691021302,Generalist,9999,0,1,0,0,-0.0647023691021302
Aeromonas tecta,-0.7144051850303158,Mostly Aquatic,9999,0,1,0,0,-0.7144051850303158
Streptomyces marokkonensis,0.5262690980778708,Mostly Terrestrial,9999,1,0,0,0,0.5262690980778708
Alistipes onderdonkii,0.7834554225477933,Mostly Terrestrial,9999,1,0,0,0,0.7834554225477933
Coprococcus eutactus,0.7744758131087998,Mostly Terrestrial,9999,1,0,0,0,0.7744758131087998
Enterococcus silesiacus,0.7107453301276123,Mostly Terrestrial,9999,1,0,0,0,0.7107453301276123
Hymenobacter rigui,-0.06088407005838202,Generalist,9999,0,1,0,0,-0.06088407005838202
Sporosarcina koreensis,0.6508653122648608,Mostly Terrestrial,9999,1,0,0,0,0.6508653122648608
Actinomadura hallensis,0.7240884638374178,Mostly Terrestrial,9999,1,0,0,0,0.7240884638374178
Brevibacterium casei,0.5152079453755432,Mostly Terrestrial,9999,1,0,0,0,0.5152079453755432
Clostridium aminobutyricum,0.30030530113794063,Mostly Terrestrial,9999,1,0,0,0,0.30030530113794063
Melissococcus plutonius,0.6332882273342354,Mostly Terrestrial,9999,1,0,0,0,0.6332882273342354
Rickettsia amblyommatis,0.25316455696202533,Mostly Terrestrial,9999,1,0,0,0,0.25316455696202533
Sphingobacterium faecium,0.44961240310077527,Mostly Terrestrial,9999,1,0,0,0,0.44961240310077527
Empedobacter falsenii,0.10059664215346183,Mostly Terrestrial,9999,1,0,0,0,0.10059664215346183
Micromonospora coxensis,0.4661177960734642,Mostly Terrestrial,9999,1,0,0,0,0.4661177960734642
Planobispora rosea,0.9562289562289562,Terrestrial Specialist,9999,1,0,0,0,0.9562289562289562
Streptosporangium pseudovulgare,0.8137447405329594,Terrestrial Specialist,9999,1,0,0,0,0.8137447405329594
Rhodovulum euryhalinum,-0.6471494607087828,Mostly Aquatic,9999,0,1,0,0,-0.6471494607087828
Brevibacterium oceani,0.4873934337021586,Mostly Terrestrial,9999,1,0,0,0,0.4873934337021586
Bilophila wadsworthia,0.814966958385426,Terrestrial Specialist,9999,1,0,0,0,0.814966958385426
Candidatus Jettenia asiatica,-0.660211985324093,Mostly Aquatic,9999,0,1,0,0,-0.660211985324093
Brevundimonas terrae,-0.13805759457933373,Mostly Aquatic,9999,0,1,0,0,-0.13805759457933373
Janibacter hoylei,0.8587923528298317,Terrestrial Specialist,9999,1,0,0,0,0.8587923528298317
Clostridium saccharoperbutylacetonicum,0.3644977890082122,Mostly Terrestrial,9999,1,0,0,0,0.3644977890082122
Cupriavidus malaysiensis,0.5762935854427162,Mostly Terrestrial,9999,1,0,0,0,0.5762935854427162
Maledivibacter halophilus,0.3803051979017644,Mostly Terrestrial,9999,1,0,0,0,0.3803051979017644
Anaerotignum neopropionicum,0.016854678168546824,Generalist,9999,1,0,0,0,0.016854678168546824
Arthrobacter alkaliphilus,0.7553083923154702,Mostly Terrestrial,9999,1,0,0,0,0.7553083923154702
Chryseobacterium ureilyticum,0.2512221618685497,Mostly Terrestrial,9999,1,0,0,0,0.2512221618685497
Planosporangium flavigriseum,0.28591843464878536,Mostly Terrestrial,9999,1,0,0,0,0.28591843464878536
Helicobacter bilis,0.9006982156710628,Terrestrial Specialist,9999,1,0,0,0,0.9006982156710628
Dietzia maris,0.11101905550952784,Mostly Terrestrial,9999,1,0,0,0,0.11101905550952784
Corynebacterium afermentans,0.8286334056399133,Terrestrial Specialist,9999,1,0,0,0,0.8286334056399133
Corynebacterium vitaeruminis,0.7629218979292351,Mostly Terrestrial,9999,1,0,0,0,0.7629218979292351
Frondihabitans australicus,0.29057700290577004,Mostly Terrestrial,9999,1,0,0,0,0.29057700290577004
Lutimaribacter pacificus,-0.921802935010482,Aquatic Specialist,9999,0,1,0,0,-0.921802935010482
Paenibacillus nanensis,0.9011912592267778,Terrestrial Specialist,9999,1,0,0,0,0.9011912592267778
Eubacterium ramulus,0.8370896184560782,Terrestrial Specialist,9999,1,0,0,0,0.8370896184560782
Pseudooceanicola marinus,-0.814961880559085,Aquatic Specialist,9999,0,1,0,0,-0.814961880559085
Thermodesulforhabdus norvegica,-0.9305670163857127,Aquatic Specialist,9999,0,1,0,0,-0.9305670163857127
Helcococcus kunzii,0.7967684021543985,Mostly Terrestrial,9999,1,0,0,0,0.7967684021543985
Wohlfahrtiimonas chitiniclastica,0.12002197198571825,Mostly Terrestrial,9999,1,0,0,0,0.12002197198571825
Acinetobacter johnsonii,-0.12435897435897439,Mostly Aquatic,9999,0,1,0,0,-0.12435897435897439
Acinetobacter radioresistens,0.07264722069345066,Generalist,9999,1,0,0,0,0.07264722069345066
Actinoplanes couchii,0.9285066701204506,Terrestrial Specialist,9999,1,0,0,0,0.9285066701204506
Micromonospora pattaloongensis,0.7087415580709597,Mostly Terrestrial,9999,1,0,0,0,0.7087415580709597
Actinopolyspora xinjiangensis,0.6669414674361089,Mostly Terrestrial,9999,1,0,0,0,0.6669414674361089
Pedobacter insulae,0.48577969534207976,Mostly Terrestrial,9999,1,0,0,0,0.48577969534207976
Streptomyces indicus,0.8099325567136727,Terrestrial Specialist,9999,1,0,0,0,0.8099325567136727
Desulfoluna spongiiphila,-0.9079711420024634,Aquatic Specialist,9999,0,1,0,0,-0.9079711420024634
Hyunsoonleella jejuensis,-0.8776019983347212,Aquatic Specialist,9999,0,1,0,0,-0.8776019983347212
Microbacterium marinum,0.745359298485366,Mostly Terrestrial,9999,1,0,0,0,0.745359298485366
Actinosynnema pretiosum,0.9750975097509752,Terrestrial Specialist,9999,1,0,0,0,0.9750975097509752
Candidatus Berkiella cookevillensis,-0.504202440126525,Mostly Aquatic,9999,0,1,0,0,-0.504202440126525
Corynebacterium matruchotii,0.8277528477735588,Terrestrial Specialist,9999,1,0,0,0,0.8277528477735588
Tropicibacter naphthalenivorans,-0.9340464672617019,Aquatic Specialist,9999,0,1,0,0,-0.9340464672617019
Ammonifex thiophilus,0,Generalist,9999,0,0,0,0,0
Halomonas nitroreducens,-0.3618776932245347,Mostly Aquatic,9999,0,1,0,0,-0.3618776932245347
Ekhidna lutea,-0.9669071518193225,Aquatic Specialist,9999,0,1,0,0,-0.9669071518193225
Legionella donaldsonii,-0.2222746578574799,Mostly Aquatic,9999,0,1,0,0,-0.2222746578574799
Legionella worsleiensis,-0.7498169034715102,Mostly Aquatic,9999,0,1,0,0,-0.7498169034715102
Legionella feeleii,-0.2222746578574799,Mostly Aquatic,9999,0,1,0,0,-0.2222746578574799
Pedobacter agri,0.6702460850111857,Mostly Terrestrial,9999,1,0,0,0,0.6702460850111857
Nocardia pseudobrasiliensis,1,Terrestrial Specialist,9999,1,0,0,0,1
Nonomuraea africana,1,Terrestrial Specialist,9999,1,0,0,0,1
Pseudomonas mucidolens,0.4390947927491052,Mostly Terrestrial,9999,1,0,0,0,0.4390947927491052
Candidatus Desulforudis audaxviator,-0.1962443491364321,Mostly Aquatic,9999,0,1,0,0,-0.1962443491364321
Schumannella luteola,0.39444911690496215,Mostly Terrestrial,9999,1,0,0,0,0.39444911690496215
Mycobacterium triplex,-0.12917613397290245,Mostly Aquatic,9999,0,1,0,0,-0.12917613397290245
Micromonospora purpureochromogenes,0.4661177960734642,Mostly Terrestrial,9999,1,0,0,0,0.4661177960734642
Marinobacterium iners,-0.7162615681887521,Mostly Aquatic,9999,0,1,0,0,-0.7162615681887521
Thalassomonas actiniarum,-0.9495181846440783,Aquatic Specialist,9999,0,1,0,0,-0.9495181846440783
Burkholderia latens,0.6683362664139704,Mostly Terrestrial,9999,1,0,0,0,0.6683362664139704
Lutimaribacter saemankumensis,-0.9529533220263993,Aquatic Specialist,9999,0,1,0,0,-0.9529533220263993
Halomonas urmiana,-0.8461248349990572,Aquatic Specialist,9999,0,1,0,0,-0.8461248349990572
Parvularcula lutaonensis,-0.8918667699457784,Aquatic Specialist,9999,0,1,0,0,-0.8918667699457784
Falsibacillus pallidus,0.703448275862069,Mostly Terrestrial,9999,1,0,0,0,0.703448275862069
Bergeriella denitrificans,0.23819462561961913,Mostly Terrestrial,9999,1,0,0,0,0.23819462561961913
Microbulbifer donghaiensis,-0.5981161695447411,Mostly Aquatic,9999,0,1,0,0,-0.5981161695447411
Roseovarius halotolerans,-0.929264650989175,Aquatic Specialist,9999,0,1,0,0,-0.929264650989175
Syntrophobotulus glycolicus,-0.1133175048564645,Mostly Aquatic,9999,0,1,0,0,-0.1133175048564645
Cloacibacterium rupense,-0.3915601312365652,Mostly Aquatic,9999,0,1,0,0,-0.3915601312365652
Streptomyces nanshensis,0.8258682403018284,Terrestrial Specialist,9999,1,0,0,0,0.8258682403018284
Helcobacillus massiliensis,0.7718120805369126,Mostly Terrestrial,9999,1,0,0,0,0.7718120805369126
Acidocella facilis,0.06433063791554355,Generalist,9999,1,0,0,0,0.06433063791554355
Desulfomicrobium apsheronum,-0.7584347826086957,Mostly Aquatic,9999,0,1,0,0,-0.7584347826086957
Actinoplanes regularis,0.7143245078071961,Mostly Terrestrial,9999,1,0,0,0,0.7143245078071961
Sphaerospermopsis reniformis,-0.6694214876033059,Mostly Aquatic,9999,0,1,0,0,-0.6694214876033059
Pilimelia terevasa,0.28591843464878536,Mostly Terrestrial,9999,1,0,0,0,0.28591843464878536
Nocardia uniformis,0.9371413999744995,Terrestrial Specialist,9999,1,0,0,0,0.9371413999744995
Polaribacter filamentus,-0.915109940589208,Aquatic Specialist,9999,0,1,0,0,-0.915109940589208
Acidimicrobium ferrooxidans,0.13511118986444587,Mostly Terrestrial,9999,1,0,0,0,0.13511118986444587
Chitinophaga niastensis,0.9408108108108109,Terrestrial Specialist,9999,1,0,0,0,0.9408108108108109
Pelagerythrobacter marinus,-0.7453666398066077,Mostly Aquatic,9999,0,1,0,0,-0.7453666398066077
Peptoniphilus harei,0.8582180990722914,Terrestrial Specialist,9999,1,0,0,0,0.8582180990722914
Rhodovulum steppense,-0.9232618521011636,Aquatic Specialist,9999,0,1,0,0,-0.9232618521011636
Saccharothrix variisporea,0.7832241707162475,Mostly Terrestrial,9999,1,0,0,0,0.7832241707162475
Solitalea koreensis,0.8815209404849375,Terrestrial Specialist,9999,1,0,0,0,0.8815209404849375
Citrobacter koseri,0.1751067724222087,Mostly Terrestrial,9999,1,0,0,0,0.1751067724222087
Streptomyces atriruber,0.9160157760420693,Terrestrial Specialist,9999,1,0,0,0,0.9160157760420693
Paracoccus beibuensis,-0.529338791713187,Mostly Aquatic,9999,0,1,0,0,-0.529338791713187
Edaphobacillus lindanitolerans,0.3553336228108265,Mostly Terrestrial,9999,1,0,0,0,0.3553336228108265
Streptomyces gilvosporeus,0.8861788617886179,Terrestrial Specialist,9999,1,0,0,0,0.8861788617886179
Microbispora siamensis,1,Terrestrial Specialist,9999,1,0,0,0,1
Pseudescherichia vulneris,0.6880848409232688,Mostly Terrestrial,9999,1,0,0,0,0.6880848409232688
Microbispora hainanensis,0.953798449612403,Terrestrial Specialist,9999,1,0,0,0,0.953798449612403
Salinihabitans flavidus,-0.789368959636157,Mostly Aquatic,9999,0,1,0,0,-0.789368959636157
Microbacterium esteraromaticum,0.42869428120968894,Mostly Terrestrial,9999,1,0,0,0,0.42869428120968894
Xanthomarina spongicola,-0.8675257326942719,Aquatic Specialist,9999,0,1,0,0,-0.8675257326942719
Saccharothrix saharensis,0.8690145196169293,Terrestrial Specialist,9999,1,0,0,0,0.8690145196169293
Brucella pituitosa,0.5873974967630556,Mostly Terrestrial,9999,1,0,0,0,0.5873974967630556
Candidatus Planktophila limnetica,-0.9351930121160891,Aquatic Specialist,9999,0,1,0,0,-0.9351930121160891
Streptomyces abyssomicinicus,0.8973844892007656,Terrestrial Specialist,9999,1,0,0,0,0.8973844892007656
Zhihengliuella salsuginis,1,Terrestrial Specialist,9999,1,0,0,0,1
Isoptericola chiayiensis,0.882135922330097,Terrestrial Specialist,9999,1,0,0,0,0.882135922330097
Microbispora rosea,0.8953004164187983,Terrestrial Specialist,9999,1,0,0,0,0.8953004164187983
Microbacterium azadirachtae,0.40025709945074206,Mostly Terrestrial,9999,1,0,0,0,0.40025709945074206
Streptomyces platensis,0.8861788617886179,Terrestrial Specialist,9999,1,0,0,0,0.8861788617886179
Kitasatospora paracochleata,0.9588206226321858,Terrestrial Specialist,9999,1,0,0,0,0.9588206226321858
Oceanobacillus manasiensis,0.03493797655627632,Generalist,9999,1,0,0,0,0.03493797655627632
Gordonia crocea,-0.19956704099580566,Mostly Aquatic,9999,0,1,0,0,-0.19956704099580566
Micromonospora pisi,0.7087415580709597,Mostly Terrestrial,9999,1,0,0,0,0.7087415580709597
Agromyces flavus,0.7267870036101083,Mostly Terrestrial,9999,1,0,0,0,0.7267870036101083
Erythrobacter tepidarius,-0.18947890818858565,Mostly Aquatic,9999,0,1,0,0,-0.18947890818858565
Desulfobacca acetoxidans,-0.3741857294349341,Mostly Aquatic,9999,0,1,0,0,-0.3741857294349341
Ureibacillus xyleni,0.6081146981371305,Mostly Terrestrial,9999,1,0,0,0,0.6081146981371305
Allosphingosinicella vermicomposti,-0.631336405529954,Mostly Aquatic,9999,0,1,0,0,-0.631336405529954
Desulfonatronum thioautotrophicum,-0.9327220697307715,Aquatic Specialist,9999,0,1,0,0,-0.9327220697307715
Rhizobium vallis,0.8375286041189932,Terrestrial Specialist,9999,1,0,0,0,0.8375286041189932
Aeromonas rivuli,-0.4150736101955614,Mostly Aquatic,9999,0,1,0,0,-0.4150736101955614
Dyadobacter psychrophilus,0.7467811158798284,Mostly Terrestrial,9999,1,0,0,0,0.7467811158798284
Cohaesibacter marisflavi,-0.8189332808502263,Aquatic Specialist,9999,0,1,0,0,-0.8189332808502263
Shinella daejeonensis,0.1514740765842087,Mostly Terrestrial,9999,1,0,0,0,0.1514740765842087
Streptomyces spiralis,0.9149590163934426,Terrestrial Specialist,9999,1,0,0,0,0.9149590163934426
Streptomyces roseus,0.8663466863577627,Terrestrial Specialist,9999,1,0,0,0,0.8663466863577627
Vibrio parahaemolyticus,-0.77296278850683,Mostly Aquatic,9999,0,1,0,0,-0.77296278850683
Streptomyces cinnabarinus,0.9160157760420693,Terrestrial Specialist,9999,1,0,0,0,0.9160157760420693
Streptomyces flaveolus,1,Terrestrial Specialist,9999,1,0,0,0,1
Streptomyces fragilis,0.8973844892007656,Terrestrial Specialist,9999,1,0,0,0,0.8973844892007656
Streptomyces griseorubiginosus,0.9075249320036265,Terrestrial Specialist,9999,1,0,0,0,0.9075249320036265
Catenibacillus scindens,0.8654691381616663,Terrestrial Specialist,9999,1,0,0,0,0.8654691381616663
Streptomyces mutabilis,1,Terrestrial Specialist,9999,1,0,0,0,1
Streptomyces sparsogenes,0.8568421052631578,Terrestrial Specialist,9999,1,0,0,0,0.8568421052631578
Streptomyces termitum,0.881451200817578,Terrestrial Specialist,9999,1,0,0,0,0.881451200817578
Streptomyces umbrinus,0.9530567685589519,Terrestrial Specialist,9999,1,0,0,0,0.9530567685589519
Streptomyces variabilis,1,Terrestrial Specialist,9999,1,0,0,0,1
Streptomyces violascens,0.7874343653811335,Mostly Terrestrial,9999,1,0,0,0,0.7874343653811335
Streptomyces djakartensis,1,Terrestrial Specialist,9999,1,0,0,0,1
Streptomyces globosus,0.9207165367390944,Terrestrial Specialist,9999,1,0,0,0,0.9207165367390944
Streptomyces griseochromogenes,0.9082144849016014,Terrestrial Specialist,9999,1,0,0,0,0.9082144849016014
Streptomyces novaecaesareae,0.9445571331981069,Terrestrial Specialist,9999,1,0,0,0,0.9445571331981069
Streptomyces phaeofaciens,0.8268215417106652,Terrestrial Specialist,9999,1,0,0,0,0.8268215417106652
Streptomyces xantholiticus,0.8268215417106652,Terrestrial Specialist,9999,1,0,0,0,0.8268215417106652
Armatimonas rosea,-0.6678580768895476,Mostly Aquatic,9999,0,1,0,0,-0.6678580768895476
Pseudorhodobacter aquimaris,-0.6875127733496831,Mostly Aquatic,9999,0,1,0,0,-0.6875127733496831
Desulfonatronovibrio magnus,-0.8369258093162187,Aquatic Specialist,9999,0,1,0,0,-0.8369258093162187
Rhodospira trueperi,-0.8181818181818181,Aquatic Specialist,9999,0,1,0,0,-0.8181818181818181
Nonomuraea endophytica,0.9074074074074074,Terrestrial Specialist,9999,1,0,0,0,0.9074074074074074
Salinicoccus kekensis,0.5603204524033931,Mostly Terrestrial,9999,1,0,0,0,0.5603204524033931
Citromicrobium bathyomarinum,-0.8863782051282051,Aquatic Specialist,9999,0,1,0,0,-0.8863782051282051
Haemophilus haemolyticus,0.9187113691702565,Terrestrial Specialist,9999,1,0,0,0,0.9187113691702565
Microbacterium oryzae,0.10812782722895077,Mostly Terrestrial,9999,1,0,0,0,0.10812782722895077
Collinsella aerofaciens,0.719612764431696,Mostly Terrestrial,9999,1,0,0,0,0.719612764431696
Natranaerobius trueperi,-0.03968253968253958,Generalist,9999,0,1,0,0,-0.03968253968253958
Altericroceibacterium xinjiangense,0.08595548733691481,Generalist,9999,1,0,0,0,0.08595548733691481
Lutibacter oricola,-0.7208984152320147,Mostly Aquatic,9999,0,1,0,0,-0.7208984152320147
Cellulophaga baltica,-0.9190920484612171,Aquatic Specialist,9999,0,1,0,0,-0.9190920484612171
Amphibacillus cookii,0.6002613890963405,Mostly Terrestrial,9999,1,0,0,0,0.6002613890963405
Myroides odoratimimus,0.28903100236340884,Mostly Terrestrial,9999,1,0,0,0,0.28903100236340884
Microbacterium aurantiacum,0.40025709945074206,Mostly Terrestrial,9999,1,0,0,0,0.40025709945074206
Rickettsia canadensis,0.20054017555705597,Mostly Terrestrial,9999,1,0,0,0,0.20054017555705597
Bacteroides thetaiotaomicron,0.8421531187488636,Terrestrial Specialist,9999,1,0,0,0,0.8421531187488636
Thauera mechernichensis,-0.5299334811529933,Mostly Aquatic,9999,0,1,0,0,-0.5299334811529933
Paraburkholderia sartisoli,0.5999587160697699,Mostly Terrestrial,9999,1,0,0,0,0.5999587160697699
Gemella sanguinis,0.9190088757396451,Terrestrial Specialist,9999,1,0,0,0,0.9190088757396451
Microbacterium chocolatum,0.6114965312190288,Mostly Terrestrial,9999,1,0,0,0,0.6114965312190288
Fusobacterium nucleatum,0.7483330483843392,Mostly Terrestrial,9999,1,0,0,0,0.7483330483843392
Amycolatopsis endophytica,0.6761260088518615,Mostly Terrestrial,9999,1,0,0,0,0.6761260088518615
Thermodesulfovibrio aggregans,-0.6604822084789819,Mostly Aquatic,9999,0,1,0,0,-0.6604822084789819
Streptomyces kebangsaanensis,1,Terrestrial Specialist,9999,1,0,0,0,1
Pectinatus frisingensis,-0.5933114362496268,Mostly Aquatic,9999,0,1,0,0,-0.5933114362496268
Helicobacter mesocricetorum,0.890366787585651,Terrestrial Specialist,9999,1,0,0,0,0.890366787585651
Actinoplanes abujensis,0.877424023154848,Terrestrial Specialist,9999,1,0,0,0,0.877424023154848
Amycolatopsis magusensis,0.78192512159258,Mostly Terrestrial,9999,1,0,0,0,0.78192512159258
Nonomuraea jabiensis,1,Terrestrial Specialist,9999,1,0,0,0,1
Agromyces rhizosphaerae,0.8455708195168166,Terrestrial Specialist,9999,1,0,0,0,0.8455708195168166
Mageeibacillus indolicus,0.9165689395208577,Terrestrial Specialist,9999,1,0,0,0,0.9165689395208577
Streptomyces brevispora,0.8367346938775511,Terrestrial Specialist,9999,1,0,0,0,0.8367346938775511
Neisseria iguanae,0.7633744855967078,Mostly Terrestrial,9999,1,0,0,0,0.7633744855967078
Enterococcus quebecensis,0.7470203767781622,Mostly Terrestrial,9999,1,0,0,0,0.7470203767781622
Enterococcus ureasiticus,0.7107453301276123,Mostly Terrestrial,9999,1,0,0,0,0.7107453301276123
Rhizobium subbaraonis,0.5261574074074075,Mostly Terrestrial,9999,1,0,0,0,0.5261574074074075
Actinokineospora spheciospongiae,0.6974287848074258,Mostly Terrestrial,9999,1,0,0,0,0.6974287848074258
Desulforhopalus singaporensis,-0.9138748025604789,Aquatic Specialist,9999,0,1,0,0,-0.9138748025604789
Cellulomonas oligotrophica,0.09693037668248278,Generalist,9999,1,0,0,0,0.09693037668248278
Brockia lithotrophica,-0.3331215586615841,Mostly Aquatic,9999,0,1,0,0,-0.3331215586615841
Microbacterium amylolyticum,0.5763028348327959,Mostly Terrestrial,9999,1,0,0,0,0.5763028348327959
Levyella massiliensis,0.9102973290777758,Terrestrial Specialist,9999,1,0,0,0,0.9102973290777758
Terriglobus aquaticus,0.7956974698958194,Mostly Terrestrial,9999,1,0,0,0,0.7956974698958194
Staphylococcus ureilyticus,0.8330819507290096,Terrestrial Specialist,9999,1,0,0,0,0.8330819507290096
Fuchsiella alkaliacetigena,-0.6573705179282868,Mostly Aquatic,9999,0,1,0,0,-0.6573705179282868
Legionella lytica,-0.3423274774337572,Mostly Aquatic,9999,0,1,0,0,-0.3423274774337572
Cryobacterium levicorallinum,0.017534296356863814,Generalist,9999,1,0,0,0,0.017534296356863814
Salinispora vitiensis,0.8951276102088166,Terrestrial Specialist,9999,1,0,0,0,0.8951276102088166
Photorhabdus tasmaniensis,0,Generalist,9999,0,0,0,0,0
Pseudomonas kuykendallii,0.24551582314634976,Mostly Terrestrial,9999,1,0,0,0,0.24551582314634976
Polaribacter glomeratus,-0.915109940589208,Aquatic Specialist,9999,0,1,0,0,-0.915109940589208
Arthrobacter cupressi,0.7241155469003571,Mostly Terrestrial,9999,1,0,0,0,0.7241155469003571
Anditalea andensis,0.5365107127240927,Mostly Terrestrial,9999,1,0,0,0,0.5365107127240927
Litoreibacter meonggei,-0.9805452451043132,Aquatic Specialist,9999,0,1,0,0,-0.9805452451043132
Dolichospermum circinale,-0.9722340619862389,Aquatic Specialist,9999,0,1,0,0,-0.9722340619862389
Anaerovorax odorimutans,-0.4245304367503961,Mostly Aquatic,9999,0,1,0,0,-0.4245304367503961
Portibacter lacus,-0.907227914705068,Aquatic Specialist,9999,0,1,0,0,-0.907227914705068
Burkholderia catarinensis,0.6683362664139704,Mostly Terrestrial,9999,1,0,0,0,0.6683362664139704
Algimonas porphyrae,-0.9164999999999999,Aquatic Specialist,9999,0,1,0,0,-0.9164999999999999
Maribacter aestuarii,-0.887693156732892,Aquatic Specialist,9999,0,1,0,0,-0.887693156732892
Actinoplanes palleronii,0.8649362076550814,Terrestrial Specialist,9999,1,0,0,0,0.8649362076550814
Halomonas maura,-0.4021739130434783,Mostly Aquatic,9999,0,1,0,0,-0.4021739130434783
Pontibacter ramchanderi,0.7337344866491161,Mostly Terrestrial,9999,1,0,0,0,0.7337344866491161
Fodinibius roseus,0.4911109549574871,Mostly Terrestrial,9999,1,0,0,0,0.4911109549574871
Bacillus thermotolerans,0.6298082443449304,Mostly Terrestrial,9999,1,0,0,0,0.6298082443449304
Chryseobacterium camelliae,0.17685994175271383,Mostly Terrestrial,9999,1,0,0,0,0.17685994175271383
Sarcina ventriculi,0.6585679806918745,Mostly Terrestrial,9999,1,0,0,0,0.6585679806918745
Pseudomonas sihuiensis,0.06863953966296753,Generalist,9999,1,0,0,0,0.06863953966296753
Staphylococcus haemolyticus,0.8909523102065071,Terrestrial Specialist,9999,1,0,0,0,0.8909523102065071
Yoonia sediminilitoris,-0.8970482361411086,Aquatic Specialist,9999,0,1,0,0,-0.8970482361411086
Staphylococcus hominis,0.9079413252402632,Terrestrial Specialist,9999,1,0,0,0,0.9079413252402632
Cyclobacterium xiamenense,-0.8768697842859391,Aquatic Specialist,9999,0,1,0,0,-0.8768697842859391
Tenacibaculum caenipelagi,-0.9201228878648234,Aquatic Specialist,9999,0,1,0,0,-0.9201228878648234
Streptococcus anginosus,0.8758677011024909,Terrestrial Specialist,9999,1,0,0,0,0.8758677011024909
Vallitalea pronyensis,-0.9482436288497492,Aquatic Specialist,9999,0,1,0,0,-0.9482436288497492
Mucilaginibacter pineti,0.9067940224926823,Terrestrial Specialist,9999,1,0,0,0,0.9067940224926823
Geovibrio thiophilus,-0.2503671790854793,Mostly Aquatic,9999,0,1,0,0,-0.2503671790854793
Actinomadura syzygii,0.7968653330583626,Mostly Terrestrial,9999,1,0,0,0,0.7968653330583626
Streptomyces bohaiensis,0.8119044672689025,Terrestrial Specialist,9999,1,0,0,0,0.8119044672689025
Bartonella fuyuanensis,0.19429546562652372,Mostly Terrestrial,9999,1,0,0,0,0.19429546562652372
Actinopolyspora biskrensis,0.11021116575065086,Mostly Terrestrial,9999,1,0,0,0,0.11021116575065086
Butyricimonas paravirosa,0.9159328792158166,Terrestrial Specialist,9999,1,0,0,0,0.9159328792158166
Flavicella marina,-0.9780071813285457,Aquatic Specialist,9999,0,1,0,0,-0.9780071813285457
Marinobacter aromaticivorans,-0.8638449421272516,Aquatic Specialist,9999,0,1,0,0,-0.8638449421272516
Listeria newyorkensis,0.7311152605669665,Mostly Terrestrial,9999,1,0,0,0,0.7311152605669665
Bacillus andreraoultii,0.6707590759075908,Mostly Terrestrial,9999,1,0,0,0,0.6707590759075908
Siccibacter colletis,0.47667473769168683,Mostly Terrestrial,9999,1,0,0,0,0.47667473769168683
Agarivorans litoreus,-0.9901048415596654,Aquatic Specialist,9999,0,1,0,0,-0.9901048415596654
Flaviflexus massiliensis,0.37598622866159803,Mostly Terrestrial,9999,1,0,0,0,0.37598622866159803
Hungatella hathewayi,0.9285401139850942,Terrestrial Specialist,9999,1,0,0,0,0.9285401139850942
Kribbella italica,0.9414436177408445,Terrestrial Specialist,9999,1,0,0,0,0.9414436177408445
Bacillus weihaiensis,0.5400334021023676,Mostly Terrestrial,9999,1,0,0,0,0.5400334021023676
Anaerobacillus alkaliphilus,0.23010255669507448,Mostly Terrestrial,9999,1,0,0,0,0.23010255669507448
Formosa haliotis,-1,Aquatic Specialist,9999,0,1,0,0,-1
Candidatus Kinetoplastibacterium sorsogonicusi,-0.25056828116803637,Mostly Aquatic,9999,0,1,0,0,-0.25056828116803637
Alkalihalobacillus macyae,-0.20444311017712397,Mostly Aquatic,9999,0,1,0,0,-0.20444311017712397
Lactobacillus delbrueckii,0.4778274321072534,Mostly Terrestrial,9999,1,0,0,0,0.4778274321072534
Algibacter amylolyticus,-0.8039944903581268,Aquatic Specialist,9999,0,1,0,0,-0.8039944903581268
Corynebacterium mastitidis,0.8368121442125238,Terrestrial Specialist,9999,1,0,0,0,0.8368121442125238
Microbacterium hominis,0.26824119276949465,Mostly Terrestrial,9999,1,0,0,0,0.26824119276949465
Carboxylicivirga linearis,-0.7076936573383631,Mostly Aquatic,9999,0,1,0,0,-0.7076936573383631
Candidatus Kryptonium thompsoni,-0.9574494175352545,Aquatic Specialist,9999,0,1,0,0,-0.9574494175352545
Demequina subtropica,0.3128145114101814,Mostly Terrestrial,9999,1,0,0,0,0.3128145114101814
Petrimonas mucosa,0.24333290800051036,Mostly Terrestrial,9999,1,0,0,0,0.24333290800051036
Celeribacter persicus,-1,Aquatic Specialist,9999,0,1,0,0,-1
Shimia abyssi,-1,Aquatic Specialist,9999,0,1,0,0,-1
Pseudomonas sediminis,0.06863953966296753,Generalist,9999,1,0,0,0,0.06863953966296753
Candidatus Desulfovibrio trichonymphae,0.8249474195114058,Terrestrial Specialist,9999,1,0,0,0,0.8249474195114058
Brachybacterium paraconglomeratum,0.4458874458874459,Mostly Terrestrial,9999,1,0,0,0,0.4458874458874459
Anaerococcus urinomassiliensis,0.8999828737797567,Terrestrial Specialist,9999,1,0,0,0,0.8999828737797567
Vibrio cidicii,-0.7371076923076922,Mostly Aquatic,9999,0,1,0,0,-0.7371076923076922
Methyloceanibacter stevinii,-0.46637362637362634,Mostly Aquatic,9999,0,1,0,0,-0.46637362637362634
Streptomyces mexicanus,0.9214363988872967,Terrestrial Specialist,9999,1,0,0,0,0.9214363988872967
Skermanella mucosa,0.757711854390734,Mostly Terrestrial,9999,1,0,0,0,0.757711854390734
Flavivirga eckloniae,-1,Aquatic Specialist,9999,0,1,0,0,-1
Chryseobacterium cucumeris,0.28198599618077663,Mostly Terrestrial,9999,1,0,0,0,0.28198599618077663
Pontibacter litorisediminis,0.5996480422349317,Mostly Terrestrial,9999,1,0,0,0,0.5996480422349317
Fusobacterium massiliense,0.9160815208083575,Terrestrial Specialist,9999,1,0,0,0,0.9160815208083575
Prevotellamassilia timonensis,0.795033228401539,Mostly Terrestrial,9999,1,0,0,0,0.795033228401539
Lutibacter oceani,-0.9383259911894273,Aquatic Specialist,9999,0,1,0,0,-0.9383259911894273
Flavobacteriaceae bacterium,-0.2384288216162122,Mostly Aquatic,9999,0,1,0,0,-0.2384288216162122
Bacteroides ndongoniae,0.7931573191688799,Mostly Terrestrial,9999,1,0,0,0,0.7931573191688799
Kineobactrum sediminis,-0.08649323221656911,Generalist,9999,0,1,0,0,-0.08649323221656911
Thioclava sediminum,-0.5955705344246509,Mostly Aquatic,9999,0,1,0,0,-0.5955705344246509
Bacilliculturomica massiliensis,0.8806951620479099,Terrestrial Specialist,9999,1,0,0,0,0.8806951620479099
Candidatus Erwinia haradaeae,0.21919373265872366,Mostly Terrestrial,9999,1,0,0,0,0.21919373265872366
Lachnoclostridium edouardi,0.955309396485867,Terrestrial Specialist,9999,1,0,0,0,0.955309396485867
Streptomyces scabiei,0.9334916864608077,Terrestrial Specialist,9999,1,0,0,0,0.9334916864608077
Parabacteroides provencensis,0.9420289855072465,Terrestrial Specialist,9999,1,0,0,0,0.9420289855072465
Puniceibacterium confluentis,-1,Aquatic Specialist,9999,0,1,0,0,-1
Campylobacter fetus,0.8736648250460405,Terrestrial Specialist,9999,1,0,0,0,0.8736648250460405
Campylobacter hyointestinalis,0.9293811559189742,Terrestrial Specialist,9999,1,0,0,0,0.9293811559189742
Corynebacterium dentalis,0.4015151515151516,Mostly Terrestrial,9999,1,0,0,0,0.4015151515151516
Lactococcus reticulitermitis,-0.39357429718875503,Mostly Aquatic,9999,0,1,0,0,-0.39357429718875503
Arthrobacter silviterrae,0.8421961988865425,Terrestrial Specialist,9999,1,0,0,0,0.8421961988865425
Coxiellaceae bacterium,-0.3352244696595955,Mostly Aquatic,9999,0,1,0,0,-0.3352244696595955
Galactobacillus timonensis,0.9192015209125476,Terrestrial Specialist,9999,1,0,0,0,0.9192015209125476
Candidatus Pantoea edessiphila,-0.7347842984842596,Mostly Aquatic,9999,0,1,0,0,-0.7347842984842596
Oceanobacillus zhaokaii,0.9009822560202788,Terrestrial Specialist,9999,1,0,0,0,0.9009822560202788
Gordonia bronchialis,0.27455429497568884,Mostly Terrestrial,9999,1,0,0,0,0.27455429497568884
Actinomyces oricola,0.678477919357654,Mostly Terrestrial,9999,1,0,0,0,0.678477919357654
Salicibibacter kimchii,0.7520938023450586,Mostly Terrestrial,9999,1,0,0,0,0.7520938023450586
Kushneria phyllosphaerae,-0.15059116365899186,Mostly Aquatic,9999,0,1,0,0,-0.15059116365899186
Micromonospora arborensis,0.7489607955008557,Mostly Terrestrial,9999,1,0,0,0,0.7489607955008557
Ureaplasma urealyticum,0.9361743529869624,Terrestrial Specialist,9999,1,0,0,0,0.9361743529869624
Profundibacter amoris,-0.8681155105686216,Aquatic Specialist,9999,0,1,0,0,-0.8681155105686216
Flavobacterium pallidum,0.12958039533001967,Mostly Terrestrial,9999,1,0,0,0,0.12958039533001967
Corticimicrobacter populi,0.20238931834153193,Mostly Terrestrial,9999,1,0,0,0,0.20238931834153193
Amycolatopsis eburnea,0.9442142496210206,Terrestrial Specialist,9999,1,0,0,0,0.9442142496210206
Pseudomonas batumici,0.4533926585094549,Mostly Terrestrial,9999,1,0,0,0,0.4533926585094549
Prevotella salivae,0.9225663716814159,Terrestrial Specialist,9999,1,0,0,0,0.9225663716814159
Candidatus Syntrophocurvum alkaliphilum,0.7935522034900917,Mostly Terrestrial,9999,1,0,0,0,0.7935522034900917
Corallococcus llansteffanensis,0.8101510361784334,Terrestrial Specialist,9999,1,0,0,0,0.8101510361784334
Varibaculum vaginae,0.9248514505417686,Terrestrial Specialist,9999,1,0,0,0,0.9248514505417686
Leptospira fluminis,-0.16436637390213296,Mostly Aquatic,9999,0,1,0,0,-0.16436637390213296
Chryseobacterium gleum,0.45214785214785214,Mostly Terrestrial,9999,1,0,0,0,0.45214785214785214
Salicibibacter halophilus,0.5248724489795918,Mostly Terrestrial,9999,1,0,0,0,0.5248724489795918
Chromobacterium subtsugae,0.0356740518212542,Generalist,9999,1,0,0,0,0.0356740518212542
Halomonas halmophila,-0.12865213882163037,Mostly Aquatic,9999,0,1,0,0,-0.12865213882163037
Rubinisphaera italica,-0.6036474164133738,Mostly Aquatic,9999,0,1,0,0,-0.6036474164133738
Stieleria neptunia,-0.9337032710280374,Aquatic Specialist,9999,0,1,0,0,-0.9337032710280374
Fulvivirga aurantia,-0.8060977577028553,Aquatic Specialist,9999,0,1,0,0,-0.8060977577028553
Lacrimispora amygdalina,0.5972844142712697,Mostly Terrestrial,9999,1,0,0,0,0.5972844142712697
Qipengyuania aquimaris,-0.8690957052180365,Aquatic Specialist,9999,0,1,0,0,-0.8690957052180365
Pseudomonas japonica,0.2064523616107695,Mostly Terrestrial,9999,1,0,0,0,0.2064523616107695
Dyadobacter frigoris,0.3982901343465871,Mostly Terrestrial,9999,1,0,0,0,0.3982901343465871
Corynebacterium resistens,0.8596834082470196,Terrestrial Specialist,9999,1,0,0,0,0.8596834082470196
Nesterenkonia haasae,0.27383255042829513,Mostly Terrestrial,9999,1,0,0,0,0.27383255042829513
Maribacter luteus,-0.8148626817447497,Aquatic Specialist,9999,0,1,0,0,-0.8148626817447497
Alkalicaulis satelles,-0.8540474952331426,Aquatic Specialist,9999,0,1,0,0,-0.8540474952331426
Winogradskyella eximia,-0.9299978978347698,Aquatic Specialist,9999,0,1,0,0,-0.9299978978347698
Micromonospora mirobrigensis,0.7489607955008557,Mostly Terrestrial,9999,1,0,0,0,0.7489607955008557
Grimontia sedimenti,-0.9892320069311219,Aquatic Specialist,9999,0,1,0,0,-0.9892320069311219
Desulfovibrio subterraneus,-0.5539358600583091,Mostly Aquatic,9999,0,1,0,0,-0.5539358600583091
Pseudoclavibacter alba,0.38713304184884445,Mostly Terrestrial,9999,1,0,0,0,0.38713304184884445
Pseudomonas cremoris,0.4896456511734929,Mostly Terrestrial,9999,1,0,0,0,0.4896456511734929
Nocardia barduliensis,0.7287607170693686,Mostly Terrestrial,9999,1,0,0,0,0.7287607170693686
Prosthecochloris ethylica,-0.5708458946621741,Mostly Aquatic,9999,0,1,0,0,-0.5708458946621741
Chlorobaculum limnaeum,-0.6354847881717371,Mostly Aquatic,9999,0,1,0,0,-0.6354847881717371
Corynebacterium haemomassiliense,0.719274453297169,Mostly Terrestrial,9999,1,0,0,0,0.719274453297169
Pseudomonas gozinkensis,0.5651621106166562,Mostly Terrestrial,9999,1,0,0,0,0.5651621106166562
Ramlibacter aquaticus,-0.11417636740551741,Mostly Aquatic,9999,0,1,0,0,-0.11417636740551741
Tenacibaculum finnmarkense,-0.8645041392127049,Aquatic Specialist,9999,0,1,0,0,-0.8645041392127049
Aquimarina muelleri,-0.9170384432842904,Aquatic Specialist,9999,0,1,0,0,-0.9170384432842904
Latilactobacillus curvatus,0.5376676986584108,Mostly Terrestrial,9999,1,0,0,0,0.5376676986584108
Porphyromonas macacae,0.8977045139423817,Terrestrial Specialist,9999,1,0,0,0,0.8977045139423817
Porphyromonas endodontalis,0.8694595100056105,Terrestrial Specialist,9999,1,0,0,0,0.8694595100056105
Geobacter metallireducens,-0.23439009396680421,Mostly Aquatic,9999,0,1,0,0,-0.23439009396680421
Cellulomonas septica,0.6968676321993937,Mostly Terrestrial,9999,1,0,0,0,0.6968676321993937
Agromyces hippuratus,0.8518981688253686,Terrestrial Specialist,9999,1,0,0,0,0.8518981688253686
Bacteroides nordii,0.8324907313784968,Terrestrial Specialist,9999,1,0,0,0,0.8324907313784968
Mycolicibacter hiberniae,0.1482479784366577,Mostly Terrestrial,9999,1,0,0,0,0.1482479784366577
Legionella oakridgensis,-0.6471878885394573,Mostly Aquatic,9999,0,1,0,0,-0.6471878885394573
Yersinia aldovae,0.07314629258517029,Generalist,9999,1,0,0,0,0.07314629258517029
Chitinophaga arvensicola,1,Terrestrial Specialist,9999,1,0,0,0,1
Sphingomonas bisphenolicum,0.3606895259509088,Mostly Terrestrial,9999,1,0,0,0,0.3606895259509088
Microbacterium paludicola,-0.4548426644871271,Mostly Aquatic,9999,0,1,0,0,-0.4548426644871271
Caldicellulosiruptor acetigenus,-0.561292366170415,Mostly Aquatic,9999,0,1,0,0,-0.561292366170415
Paracoccus tibetensis,0.6757038581856101,Mostly Terrestrial,9999,1,0,0,0,0.6757038581856101
Agromyces cerinus,0.8518981688253686,Terrestrial Specialist,9999,1,0,0,0,0.8518981688253686
Streptomyces galbus,0.877203501618899,Terrestrial Specialist,9999,1,0,0,0,0.877203501618899
Actinopolyspora mortivallis,0.5890265486725664,Mostly Terrestrial,9999,1,0,0,0,0.5890265486725664
Microbacterium aoyamense,0.3161977538497164,Mostly Terrestrial,9999,1,0,0,0,0.3161977538497164
Nocardia gamkensis,1,Terrestrial Specialist,9999,1,0,0,0,1
Flaviramulus basaltis,-0.9199241885809051,Aquatic Specialist,9999,0,1,0,0,-0.9199241885809051
Runella defluvii,-0.732637756765569,Mostly Aquatic,9999,0,1,0,0,-0.732637756765569
Dorea formicigenerans,0.866006717341347,Terrestrial Specialist,9999,1,0,0,0,0.866006717341347
Erythrobacter litoralis,-0.8765110941086458,Aquatic Specialist,9999,0,1,0,0,-0.8765110941086458
Blautia wexlerae,0.9705553484904957,Terrestrial Specialist,9999,1,0,0,0,0.9705553484904957
Franconibacter pulveris,0.6278056221398998,Mostly Terrestrial,9999,1,0,0,0,0.6278056221398998
Streptomyces sudanensis,0.8341989612465043,Terrestrial Specialist,9999,1,0,0,0,0.8341989612465043
Tropicimonas isoalkanivorans,-0.6,Mostly Aquatic,9999,0,1,0,0,-0.6
Nitrosomonas cryotolerans,-0.817227625778462,Aquatic Specialist,9999,0,1,0,0,-0.817227625778462
Legionella bozemanae,0.3024916943521595,Mostly Terrestrial,9999,1,0,0,0,0.3024916943521595
Thermus parvatiensis,0.13520822065981608,Mostly Terrestrial,9999,1,0,0,0,0.13520822065981608
Nonomuraea ferruginea,0.8838789376158122,Terrestrial Specialist,9999,1,0,0,0,0.8838789376158122
Nonomuraea spiralis,0.8354283054003726,Terrestrial Specialist,9999,1,0,0,0,0.8354283054003726
Dactylosporangium roseum,0.9213936325409766,Terrestrial Specialist,9999,1,0,0,0,0.9213936325409766
Nocardia blacklockiae,0.9303514376996805,Terrestrial Specialist,9999,1,0,0,0,0.9303514376996805
Marinomonas rhizomae,-0.8158970476911431,Aquatic Specialist,9999,0,1,0,0,-0.8158970476911431
Anseongella ginsenosidimutans,0.6638757432350443,Mostly Terrestrial,9999,1,0,0,0,0.6638757432350443
Cloacibacillus evryensis,0.4938684503901895,Mostly Terrestrial,9999,1,0,0,0,0.4938684503901895
Alkalihalobacillus trypoxylicola,0.8133853151397011,Terrestrial Specialist,9999,1,0,0,0,0.8133853151397011
Pantoea agglomerans,0.6928559307653148,Mostly Terrestrial,9999,1,0,0,0,0.6928559307653148
