"Number","Age","Core","Lake","Library number","Extraction number","Depth","Concentration before Genejet","Concentration after Genejet","Library concentration","Average read length of sample","Total concentration","Concentration of pool","Dilution concentration before sequencing 2","Molecular weight nucleotide","DNA","Dry Bulk Density","Water content","TOC","C_N","Sediment Rate","PC1","PC2","Pann","TJul","sumcount_all.x","super_na_sumcount.x","sumcount_exna.x","Bacteria_sumcount_all","Bacteria_sumcount_habitat","animal_associated.x","aquatic.x","aquatic/terrestrial.x","plant_associated","terrestrial.x","NA.x","ter_aqu_sumcount.x","Bacteria_na_count","Bacteria_unclassfied_count","Bacteria_aquatic_percentage","Bacteria_terrestrial_percentage","Bacteria_unclassfied_percentage","Bacteria_percentage","sumcount_all.y","super_na_sumcount.y","sumcount_exna.y","Archaea_sumcount_all","Archaea_sumcount_habitat","animal_associated.y","aquatic.y","aquatic/terrestrial.y","terrestrial.y","NA.y","ter_aqu_sumcount.y","Archaea_na_count","Archaea_unclassfied_count","Archaea_aquatic_percentage","Archaea_terrestrial_percentage","Archaea_unclassfied_percentage","Archaea_percentage","sumcount_all.x.x","super_na_sumcount.x.x","sumcount_exna.x.x","Fungi_sumcount_all","Fungi_sumcount_habitat","aquatic.x.x","freshwater_terrestrial.x","terrestrial.x.x","varied.x","ter_aqu_sumcount.x.x","Fungi_na_count","Fungi_unclassfied_count","Fungi_aquatic_percentage","Fungi_terrestrial_percentage","Fungi_unclassfied_percentage","Fungi_percentage","sumcount_all.y.y","super_na_sumcount.y.y","sumcount_exna.y.y","Viridiplantae_sumcount_all","Viridiplantae_sumcount_habitat","aquatic.y.y","freshwater_terrestrial.y","terrestrial.y.y","varied.y","no wood","tree","wood_nowood_aqu_sumcount","Viridiplantae_na_count","Viridiplantae_unclassfied_count","Viridiplantae_aquatic_percentage","Viridiplantae_woody_percentage","Viridiplantae_non_woody_percentage","Viridiplantae_unclassfied_percentage","sumcount_all.x.x.x","super_na_sumcount.x.x.x","sumcount_exna.x.x.x","Metazoa_sumcount_all","Metazoa_sumcount_habitat","aquatic","freshwater_terrestrial","terrestrial","varied","ter_aqu_sumcount.y.y","Metazoa_na_count","Metazoa_unclassfied_count","Metazoa_aquatic_percentage","Metazoa_terrestrial_percentage","Metazoa_unclassfied_percentage","Metazoa_percentage","sumcount_all.y.y.y","super_na_sumcount.y.y.y","sumcount_exna.y.y.y","Viruses_sumcount_all","Viruses_na_percentage","Viruses_na_count","Viruses_percentage","Viruses_unclassfied_percentage","sumcount_all","super_na_sumcount","sumcount_exna","Aquatic_algae_sumcount_all","Aquatic_algae_na_percentage","Aquatic_algae_na_count","Aquatic_algae_percentage","Aquatic_algae_unclassfied_percentage","Total_concentration","Final_DNA_in_Pool","Cumulated_Dilution_Factor","Cumulated_Concentration_Factor","Starting_DNA_ng","Starting_DNA_g","Dry_weight","Starting_DNA_wt","ARBULK","BRTOC","Bacteria_aquatic_percentage_Start_wt","Bacteria_terrestrial_percentage_Start_wt","Bacteria_unclassfied_percentage_Start_wt","Archaea_aquatic_percentage_Start_wt","Archaea_terrestrial_percentage_Start_wt","Archaea_unclassfied_percentage_Start_wt","Fungi_aquatic_percentage_Start_wt","Fungi_terrestrial_percentage_Start_wt","Fungi_unclassfied_percentage_Start_wt","Viridiplantae_aquatic_percentage_Start_wt","Viridiplantae_woody_percentage_Start_wt","Viridiplantae_non_woody_percentage_Start_wt","Viridiplantae_unclassfied_percentage_Start_wt","Metazoa_aquatic_percentage_Start_wt","Metazoa_terrestrial_percentage_Start_wt","Metazoa_unclassfied_percentage_Start_wt","Viruses_percentage_Start_wt","Viruses_unclassfied_percentage_Start_wt","Aquatic_algae_percentage_Start_wt","Aquatic_algae_unclassfied_percentage_Start_wt"
1,0.1,"Ilirney Lake (EN18208)","Ilirney Lake","JK097L-3","ESH086",1,3.93042191,53.1,61.3,305,309.2055485,13,2,325,2.768,0.34635,70.02207123,2.205,13.64219083,0.015251179,-0.288184074,-0.330330457,203.5838,13.1423,631361,85887,545474,461111,459111,1269,198044,3965,18,14628,241187,212672,72603.7179718923,321042.717971892,0.313677911686024,0.0231689952341054,0.508493109285959,0.730344446362699,631361,85887,545474,13862,9791,2,2523,47,156,7063,2679,2182.6257420152,13365.6257420152,0.00399612899751489,0.00024708526500686,0.021169546015695,0.0219557432277255,631361,85887,545474,679,50,20,1,28,1,48,106.911187334318,737.911187334318,3.16775980778033e-05,4.43486373089247e-05,0.00116876270047456,0.00107545445474142,631361,85887,545474,31959,1948,155,31,1762,0,487,1263,1905,5032.06868338363,35086.0686833836,0.00024550138510297,0.00200044031861328,0.00077134951319451,0.0555721190941215,631361,85887,545474,14074,2002,1772,35,144,51,1916,2216.0059654539,14374.0059654539,0.00280663518969338,0.00022807870616018,0.0227666991870798,0.0222915257673502,631361,85887,545474,127,0.00023282502924062,19.9966432863894,0.00020115274779405,3.16722814465725e-05,631361,85887,545474,23662,0.0433787861566271,3725.67380663423,0.0374777662858491,0.00590101987077794,309205.5485,198.25,154602.77425,15.5962900176282,1965210.95468342,0.00196521095468342,0.8297890683536,0.00236832591514206,0.00528224584665,0.000116473520918632,0.000742891527253654,5.48717318407347e-05,0.0012042774083931,9.46413586506518e-06,5.85178436365491e-07,5.01363844407628e-05,7.50228764571159e-08,1.05032027039962e-07,2.76801099218532e-06,5.81427292542635e-07,4.73769464826687e-06,1.82680704173077e-06,0.000131612889809969,6.64702685410049e-06,5.40164710491226e-07,5.39189636870048e-05,4.76395265502684e-07,7.50102849415908e-08,8.87595651364139e-05,1.39755382857317e-05
1,1.6,"Ilirney Lake (EN18208)","Ilirney Lake","JK097L-2","ESH087",11.5,1.461880089,19.75,66.2,291,349.986783,13,2,325,2.253,0.369366667,69.34419653,1.563,9.961273197,0.015331291,-0.332391892,-0.214105157,229.1360364,12.65282187,557656,80020,477636,424859,388230,1541,159096,2394,8,20669,204522,179765,71178.0878744483,316272.087874448,0.285294159840475,0.0370640681710589,0.567145494488445,0.761865738017703,557656,80020,477636,19131,15198,0,5970,17,139,9072,6109,3205.08215461146,16227.0821546115,0.0107055245527709,0.00024925760684005,0.0290987313946438,0.0343060955140804,557656,80020,477636,360,45,11,1,32,1,43,60.3120367811471,377.312036781147,1.97254221240335e-05,5.73830461790064e-05,0.00067660356345336,0.00064555926951382,557656,80020,477636,8666,676,150,8,516,2,182,323,655,1451.84475207061,9462.84475207061,0.00026898302896409,0.00057921012236934,0.00032636607514309,0.0169689642935261,557656,80020,477636,9860,1312,1185,26,81,20,1266,1651.87967406142,10245.8796740614,0.00212496592881633,0.00014525083564061,0.0183731183275378,0.0176811511039064,557656,80020,477636,190,0.00039779246120476,31.8313527456054,0.00034071183668785,5.70806245169162e-05,557656,80020,477636,14570,0.0305044008408076,2440.96215528143,0.0261272182133789,0.00437718262742879,349986.783,189.15,174993.3915,45.2841518932542,730940.044549134,0.000730940044549134,0.6906752521791,0.00105829771986617,0.0056628678574771,8.8510624612367e-05,0.00030192615885031,3.9224818834396e-05,0.000600208783649493,1.13296322241688e-05,2.63788756978123e-07,3.07951210859497e-05,2.08753692572624e-08,6.07283469302177e-08,7.16048008456017e-07,2.84664126235393e-07,6.12976751826878e-07,3.45392473165604e-07,1.79582162203291e-05,2.24884659725962e-06,1.53718628167114e-07,1.94442292328646e-05,3.60574559898167e-07,6.04082947747895e-08,2.76503754616648e-05,4.6323623940457e-06
1,10.2,"Ilirney Lake (EN18208)","Ilirney Lake","JK098L-4","ESH093",109,0.866025167,11.7,98.5,326,464.84,13,2,325,2.73,0.462054167,63.83960193,0.8525,6.607832825,0.015063254,-0.421595053,0.008180422,315.2995114,10.3555,407005,65791,341214,304709,146854,1318,45145,2820,5,14998,82568,60143,58752.3074053233,303318.307405323,0.11092001326765,0.0368496701514723,0.745244671208765,0.748661564354246,407005,65791,341214,14249,6972,2,1126,2,459,5383,1585,2747.41352640865,15411.4135264086,0.00276655077947445,0.00112775027333817,0.0378654157231696,0.0350093979189445,407005,65791,341214,307,27,7,0,20,0,27,59.1940453791462,339.194045379146,1.71988059114753e-05,4.9139445461358e-05,0.00083339036468629,0.00075429048783184,407005,65791,341214,4221,443,119,7,316,1,195,120,434,813.869920343245,4600.86992034325,0.00029237970049508,0.00029483667276814,0.00047910959324824,0.0113042098262755,407005,65791,341214,5384,989,863,15,90,21,953,1038.11316065578,5469.11316065578,0.0021203670716576,0.00022112750457611,0.013437459394002,0.0132283387181976,407005,65791,341214,665,0.00194892354944404,128.221629241473,0.00163388656159015,0.00031503698785389,407005,65791,341214,11679,0.0342277866676045,2251.88031264837,0.02869497917716,0.00553280749044451,464840,211.9,232420,113.738034128054,433010.807488998,0.000433010807488998,0.987178867311,0.000438634599896254,0.00696003927927942,5.93343348558571e-05,4.86533556401428e-05,1.61635403232e-05,0.000326890098180472,1.21350489424744e-06,4.94670289928579e-07,1.66090814756378e-05,7.54399134967329e-09,2.15542609990666e-08,3.65553849171564e-07,1.28247852944446e-07,1.29325565994396e-07,2.10154044740899e-07,4.95841755429166e-06,9.30066362109723e-07,9.69941744957991e-08,5.89413462491023e-06,7.16679178218961e-07,1.38186123119812e-07,1.25866107104049e-05,2.42688079987412e-06
1,11.6,"Ilirney Lake (EN18208)","Ilirney Lake","JK098L-5","ESH094",127,0.185048113,2.5,88.1,311,435.81,13,2,325,1.585,0.590234167,57.03401129,0.76455,6.158992242,0.015309229,-0.361180226,-0.068037477,273.942928,9.9226,281499,52139,229360,159595,87631,914,28547,1810,12,8747,47601,37294,36279.7510681897,158580.75106819,0.101410662204839,0.0310729345397319,0.563343923311236,0.566946951854181,281499,52139,229360,40865,28732,0,21524,10,435,6763,21959,9289.58944454133,28195.5894445413,0.0764620833466549,0.00154529856233948,0.100162307661986,0.145169254597707,281499,52139,229360,359,36,11,0,25,0,36,81.6092649110569,404.609264911057,3.9076515369504e-05,8.88102622034181e-05,0.00143733819626733,0.00127531536524108,281499,52139,229360,6616,1048,160,11,877,0,754,117,1031,1503.97464248343,7088.97464248343,0.00056838567810187,0.00041563202711199,0.00267851750805509,0.0251829478700934,281499,52139,229360,10528,1406,1191,35,144,36,1335,2393.26557377049,11586.2655737705,0.00423092089137084,0.00051154711029168,0.0411591713425998,0.0373997776191034,281499,52139,229360,152,0.00066271363794907,34.5532263690269,0.00053996639419678,0.00012274724375229,281499,52139,229360,11245,0.0490277293337984,2556.25677973491,0.0399468559390975,0.00908087339470092,435810,202.15,217905,476.092398737403,92522.9973568561,9.25229973568561e-05,0.6810109210535,0.000135861253463786,0.00903603002622724,6.90849675655204e-05,1.3777779681742e-05,4.22160783536615e-06,7.65366115522716e-05,1.0388234485929e-05,2.09946199655229e-07,1.36081766687828e-05,5.30898435909772e-09,1.20658735434039e-08,1.95278568996257e-07,7.72215906777842e-08,5.64682881831294e-08,3.63906746069062e-07,3.42138686354408e-06,5.74818215607762e-07,6.94994316100054e-08,5.59193661013636e-06,7.33605111438955e-08,1.6676594395411e-08,5.42722991982308e-06,1.23373884195001e-06
1,13.2,"Ilirney Lake (EN18208)","Ilirney Lake","JK097L-6","ESH076",150,0.629903775,8.51,47.7,305,240.6052963,13,2,325,4.806,0.577104167,55.81700295,0.7163,5.458054024,0.011344477,-0.318778972,-0.184276347,189.2396556,8.7527,461809,90465,371344,286672,101702,988,26389,2146,11,16307,55861,42696,69837.6235512086,313813.623551209,0.0571426715373672,0.0353111351229621,0.67953119915638,0.620758798550916,461809,90465,371344,17977,10004,4,5519,4,405,4072,5924,4379.46837703046,16432.4683770305,0.0119508281562291,0.00087698594007479,0.0355828240182207,0.0389273487524063,461809,90465,371344,413,41,14,0,26,1,40,100.613029966823,473.613029966823,3.03155633606101e-05,5.63003319554188e-05,0.00102556041559784,0.00089430911913799,461809,90465,371344,13777,1142,137,8,997,0,502,486,1125,3356.28502143565,16008.2850214356,0.00029665944145739,0.00105238312808975,0.00108702948621616,0.0346642984901456,461809,90465,371344,18347,2447,2188,50,157,52,2345,4469.60595835667,20471.6059583567,0.00473788947378678,0.00033996738911541,0.0443291619660004,0.0397285457840796,461809,90465,371344,591,0.0015915162221552,143.97651503727,0.00127974985329433,0.00031176636886087,461809,90465,371344,33567,0.0903932741608859,8177.42754696454,0.0726858939518286,0.0177073802090573,240605.2963,198.25,120302.64815,75.7258519366708,314951.887443711,0.000314951887443711,2.123434838223,0.000148321898922634,0.00654694494913566,4.68957666706587e-05,8.47550955193465e-06,5.23741461455145e-06,0.000100789357836049,1.77256952582998e-06,1.30076219960344e-07,5.2777120274124e-06,4.49646192455512e-09,8.35057214560237e-09,1.52113068301357e-07,4.4001091690288e-08,1.56091463952413e-07,1.61230277580476e-07,5.14147457687939e-06,7.02732763637614e-07,5.04246087253676e-08,6.57498548044618e-06,1.89814928386577e-07,4.62417798496586e-08,1.07809098158244e-05,2.62639225755245e-06
1,15.9,"Ilirney Lake (EN18208)","Ilirney Lake","JK099L-1","ESH122",172.5,0.276,4.4,72.7,308,363.14,13,2,325,2.545,0.70659,51.79855527,0.5071,4.368518762,0.010083603,-0.167130634,-0.053839969,196,8.2158,464145,57275,406870,350230,138939,1697,32551,5319,17,20733,78622,53284,49301.7997148966,346247.799714897,0.0701311012722317,0.0446692305206347,0.745990584224535,0.754570231285482,464145,57275,406870,16677,8960,0,2798,12,336,5814,3134,2347.61760513186,15890.6176051319,0.00602828857361385,0.00072391170862553,0.034236321850137,0.0359305820379407,464145,57275,406870,425,49,18,2,28,1,46,59.8271560940841,438.827156094084,3.87809843906538e-05,6.03259757187948e-05,0.00094545272725998,0.00091566213144599,464145,57275,406870,18012,1314,298,13,1001,2,252,739,1289,2535.54526015681,19258.5452601568,0.0006420407415786,0.00159217485914962,0.00054293378146915,0.0414925190622689,464145,57275,406870,9604,1849,1507,33,274,35,1781,1351.95295794726,9174.95295794726,0.00324683019315085,0.00059033276239106,0.0197674281915075,0.0206918096715466,464145,57275,406870,1596,0.00392262884950967,224.668567355666,0.0034385806159713,0.00048404823353836,464145,57275,406870,10326,0.0253791137218276,1453.58873841768,0.0222473580454384,0.00313175567638922,363140,200.2,181570,263.405797101449,138001.192077029,0.000138001192077029,1.2267267683785,0.000112495459978786,0.00712497304377,3.61307383049577e-05,7.88943049643852e-06,5.02508563431722e-06,8.39205539121823e-05,6.78155095973549e-07,8.14367806458578e-08,3.85143077451292e-06,4.36268467745672e-09,6.78639838715489e-09,1.06359139441309e-07,7.22266685490054e-08,1.79112443146695e-07,6.10775854843937e-08,4.66772001758848e-06,3.65253656051515e-07,6.64097556457296e-08,2.22374592700126e-06,3.86824708067828e-07,5.44532286838166e-08,2.50272677663434e-06,3.52308295356579e-07
1,19.9,"Ilirney Lake (EN18208)","Ilirney Lake","JK098L-3","ESH082",198.5,0.29311621,3.96,126,294,659.34,13,2,325,3.703,0.76091,46.99925934,0.09,1,0.008139706,0.126791629,0.260957383,195.2271136,8.6139,317338,33349,283989,211988,90344,630,24680,5557,13,12605,46859,37285,24893.8790305258,199596.879030526,0.0777719655383219,0.0397210545223074,0.628972512055051,0.668019587947236,317338,33349,283989,54854,38872,2,30742,171,1298,6659,32040,6441.53839057147,29255.5383905715,0.0968746257933182,0.00409027598333638,0.0921904669172033,0.17285670168716,317338,33349,283989,146,23,9,1,13,0,22,17.144868287152,141.144868287152,2.83609274653524e-05,4.09657841166201e-05,0.0004447777079554,0.00046007726777127,317338,33349,283989,6764,486,106,25,355,0,220,133,459,794.300610234903,7099.3006102349,0.00033402870125859,0.00041911148365465,0.00069326711581972,0.0223714166290671,317338,33349,283989,6785,1003,757,15,212,19,969,796.76665293374,6612.76665293374,0.00238546912125242,0.00066805740251719,0.0208382439321283,0.0213809880947129,317338,33349,283989,122,0.00042959410399698,14.3265337741955,0.00038444812786366,4.51459761333199e-05,317338,33349,283989,3330,0.0117258062812292,391.043913672713,0.0104935431621804,0.00123226311904881,659340,191.1,329670,429.863636678436,146557.958441895,0.000146557958441895,1.9626174266398,7.46747463120294e-05,0.00619358369246,5.574225323214e-06,5.80760179676208e-06,2.96615966969959e-06,4.69683627749508e-05,7.23408810518881e-06,3.05440321401831e-07,6.88429972942969e-06,2.11784506364906e-09,3.05910953638197e-09,3.32136625068154e-08,2.49435085274219e-08,3.12970437183692e-08,5.17695460003099e-08,1.6705798614163e-06,1.78134301464704e-07,4.98870170548445e-08,1.55609057921987e-06,2.87085664183534e-08,3.3712643147646e-09,7.83602673550152e-07,9.201893580464e-08
1,2.9,"Ilirney Lake (EN18208)","Ilirney Lake","JK097L-4","ESH088",23,0.995558845,13.45,18.35,272,103.7895928,13,2,325,1.886,0.429950833,66.60698236,1.25615,8.824182289,0.016187376,-0.331533288,-0.351647844,233.0411136,13.47956667,315444,49293,266151,213392,96049,1276,27306,2197,6,10042,55222,37348,39521.6694883731,215565.669488373,0.0865637006885533,0.031834493602668,0.683372229265331,0.676481403989298,315444,49293,266151,10847,8193,2,2523,19,75,5574,2598,2008.93917738427,10257.9391773843,0.00799825008559364,0.00023776010955985,0.03251904990231,0.0343864521119438,315444,49293,266151,411,46,12,3,31,0,43,76.1200333645186,444.120033364519,3.80416175295774e-05,9.82741786180748e-05,0.00140792037053968,0.00130292540038802,315444,49293,266151,24378,1399,120,11,1268,0,320,939,1379,4514.97365781079,27513.9736578108,0.00038041617529577,0.00297675657168943,0.00101444313412206,0.0872230052174421,315444,49293,266151,7848,1066,940,32,73,21,1013,1453.50370278526,8288.50370278526,0.00297992670648356,0.00023141983997159,0.0262756739794869,0.0248792178643436,315444,49293,266151,314,0.00117978140228667,58.1549646629169,0.00099542232535727,0.00018435907692939,315444,49293,266151,8961,0.0336688571525187,1659.6389756191,0.0284075778902119,0.00526127926230679,103789.5928,176.8,51894.7964,18.4318587416096,497779.422690974,0.000497779422690974,0.6297923126904,0.000790386628513323,0.00695977579528421,8.74252236524626e-05,6.84187915388621e-05,2.51615580690417e-05,0.000540128272308659,6.32170991915876e-06,1.87922411389968e-07,2.57026222147433e-05,3.0067585822396e-08,7.76745967078563e-08,1.11280143488609e-06,3.00675858223957e-07,2.35278859060249e-06,8.01802288597224e-07,6.89398970226141e-05,2.35529422275435e-06,1.82911147086238e-07,2.07679413685619e-05,7.86768495686025e-07,1.45714949250049e-07,2.24529697128742e-05,4.15844477780173e-06
1,28,"Ilirney Lake (EN18208)","Ilirney Lake","JK098L-2","ESH067",367.5,0.182457439,2.465,79.4,280,436.26,13,2,325,3.377,1.226423333,33.227913,0.09,1,0.122938331,0.307876828,0.24993513,187.8825381,8.0633,890528,46298,844230,732139,243072,719,70653,46297,11,13550,111842,84203,40150.8728924582,688086.872892458,0.0793383251284631,0.0152156922634662,0.772672923133757,0.822140348197923,890528,46298,844230,9603,6334,10,3321,7,1593,1403,4914,526.63337479123,5215.63337479123,0.00372924826619713,0.00178882640411082,0.00585678763024995,0.0107834902439901,890528,46298,844230,331,23,11,0,12,0,23,18.1522073368632,326.152207336863,1.23522225017069e-05,1.34751518200438e-05,0.00036624587585888,0.00037168960436954,890528,46298,844230,84925,1652,122,64,1465,1,896,555,1573,4657.32993378582,88009.3299337858,0.00013699737683711,0.00062322577167702,0.00100614466922994,0.0988282568698411,890528,46298,844230,9812,406,352,26,23,5,375,538.095040451062,9975.09504045106,0.00039527112005461,2.58273743217507e-05,0.0112013266741204,0.0110181824715225,890528,46298,844230,1868,0.00221266716416143,102.442064366346,0.00209763196665349,0.00011503519750793,890528,46298,844230,5552,0.00657640690333203,304.474486810466,0.00623450357540695,0.00034190332792508,436260,182,218130,435.169979558904,91227.938196105,9.1227938196105e-05,2.25489337799,4.04577613676019e-05,0.150774437658477,0.00013569699389263,3.20985102535257e-06,6.15592846638181e-07,3.12606167393529e-05,1.50877036434346e-07,7.23719117855809e-08,2.36952516325375e-07,4.9974327033358e-10,5.45174476727538e-10,1.48174882473669e-08,5.54260718006322e-09,2.52143195486484e-08,4.07063609289896e-08,3.99837003281609e-06,1.59917846506741e-08,1.04491774706112e-09,4.53180601582116e-07,8.48654935439203e-08,4.65406656965078e-09,2.52234057899275e-07,1.38326432519818e-08
1,31,"Ilirney Lake (EN18208)","Ilirney Lake","JK099L-2","ESH129",750,0.009,1.7,78.3,269,447.81,13,2,325,3.7,0.92118,49.92231053,0.3845,4.272113368,0.134844098,0.002928666,0.390886595,179.6152333,7.8529,780080,53130,726950,644679,254544,2038,71825,10943,29,24455,145254,96280,47117.1267212325,595516.126721233,0.0920738898574505,0.03134934878474,0.763403915907641,0.826426776740847,780080,53130,726950,61328,22947,0,2528,32,2397,17990,4925,4482.22936928262,60885.2293692826,0.00324069326222951,0.00307276176802379,0.0780499812445937,0.0786175776843401,780080,53130,726950,591,47,14,2,31,0,45,43.1939335580164,589.193933558016,1.79468772433597e-05,3.97395138960107e-05,0.0007552993712927,0.00075761460363039,780080,53130,726950,1264,229,44,7,178,0,93,78,215,92.38093403948,1141.38093403948,5.64044713362732e-05,9.99897446415752e-05,0.00011921854168803,0.0014631588222227,780080,53130,726950,4889,695,573,14,91,17,664,357.318343765046,4582.31834376505,0.00073454004717464,0.00011665470208183,0.0058741646289676,0.00626730591734181,780080,53130,726950,60,8.25366256276223e-05,4.38517091959557,7.69151881858271e-05,5.62143744179516e-06,780080,53130,726950,14139,0.0194497558291492,1033.3655272027,0.0181250640959902,0.00132469173315903,447810,174.85,223905,8700,4499.97577586207,4.49997577586207e-06,1.85287451039,2.4286457343055e-06,0.12421568619564,0.000477609313422236,2.23614859843212e-07,7.61364621993142e-08,1.85403766392121e-06,7.87049586750628e-09,7.46264976044801e-09,1.89555754012307e-07,4.358660686119e-11,9.65132009069206e-11,1.83435459621364e-09,1.36986478706597e-10,2.42839666798058e-10,2.89539602720757e-10,3.55349443220262e-09,1.78393755224725e-09,2.83312944597716e-10,1.42662648687504e-08,1.86799743690814e-10,1.3652480063681e-11,4.40193596007404e-08,3.21720692700644e-09
1,35.1,"Ilirney Lake (EN18208)","Ilirney Lake","JK099L-3","ESH133",892,0.327,4.4,96.8,342,435.45,13,2,325,4.47,0.730188889,45.50893253,0.09,1,0.031081471,0.050191095,0.447768924,168.9017138,7.5962,269927,28104,241823,172275,63392,848,17545,1517,6,8436,35040,25981,20021.3238608404,166315.32386084,0.0649990553001367,0.0312528943010518,0.616149269472266,0.638228113526991,269927,28104,241823,62561,21768,1,1568,22,3251,16926,4819,7270.66633033252,65012.6663303325,0.00580897798293613,0.0120439970806922,0.240852772528619,0.23177007116739,269927,28104,241823,833,61,11,1,48,1,59,96.8089553102889,870.808955310289,4.07517588088631e-05,0.00017782585662049,0.00322609059230936,0.00308601955343482,269927,28104,241823,723,99,44,0,55,0,43,9,96,84.0250596510671,711.025059651067,0.00016300703523545,3.33423481163426e-05,0.00015930232988919,0.00263413833981435,269927,28104,241823,4719,359,289,11,47,12,336,548.429123780616,4931.42912378062,0.00107065984506922,0.00017412115127423,0.0182694918395737,0.0174825045290023,269927,28104,241823,24,9.92461428400111e-05,2.78921359837567,8.89129283102468e-05,1.03332145297642e-05,269927,28104,241823,688,0.00284505609474698,79.9574564867692,0.00254883727822708,0.0002962188165199,435450,222.3,217725,296.024464831804,163500.903641529,0.000163500903641529,2.435750715909,6.71254667292633e-05,0.0226953447779757,2.04258103001781e-05,4.36309192398287e-06,2.09786511659844e-06,4.13593072882205e-05,3.89930358324602e-07,8.08458925327349e-07,1.61673547690206e-05,2.7354808300833e-09,1.19366436221815e-08,2.16552836719651e-07,1.09419233203331e-08,2.23812067915907e-09,1.0693243244871e-08,1.76817765489485e-07,7.18685418085522e-08,1.16879635467194e-08,1.22634816663785e-06,5.96832181109085e-09,6.93621848124027e-10,1.71091891917938e-07,1.98838263128883e-08
1,42,"Ilirney Lake (EN18208)","Ilirney Lake","JK099L-4","ESH139",982.5,0.12,1.9,37.3,290,197.88,13,2,325,6.27,1.604106667,30.69119973,0.09,1,0.03088665,0.286564679,-0.219737441,152.2946255,7.2252,6696893,687252,6009641,5929900,2770013,21958,936608,35412,39,422127,1353869,1358735,678132.959156795,5249297.95915679,0.139857094924467,0.0630332603492396,0.783840798883422,0.885470321834319,6696893,687252,6009641,15646,11385,6,3985,14,5223,2157,9208,1789.24910689341,8227.24910689341,0.0005950520636958,0.00077991390933079,0.00122851732988617,0.00233630729951934,6696893,687252,6009641,627,33,14,0,19,0,33,71.7026198403532,665.702619840353,2.09052167923244e-06,2.8371365646726e-06,9.94046970498638e-05,9.36255066341959e-05,6696893,687252,6009641,26384,2087,250,50,1787,0,1378,403,2031,3017.2279455628,27370.2279455628,3.73307442720079e-05,6.01771597664768e-05,0.0002057670624273,0.00408700392040948,6696893,687252,6009641,19162,681,561,65,36,19,597,2191.33269757711,20756.3326975771,8.37701901463858e-05,5.37562717516914e-06,0.00309939739183187,0.00286132688696086,6696893,687252,6009641,191,3.17822645312757e-05,21.8424248636483,2.85206886238141e-05,3.2615759074616e-06,6696893,687252,6009641,17731,0.00295042582410497,2027.68604846779,0.00264764570674789,0.00030278011735707,197880,188.5,98940,310.833333333333,60000.6112600536,6.00006112600536e-05,4.345661776929,1.38070136011494e-05,0.0495454811862956,4.4590933067666e-05,1.93100881183935e-06,8.7030108296674e-07,1.08225005713192e-05,8.21589193683991e-09,1.07682819538558e-08,1.69621554829861e-08,2.88638612586599e-11,3.91723831367528e-11,1.3724820041856e-09,5.15426093904642e-10,8.30866863374284e-10,2.84102862960228e-09,5.64293187170445e-08,1.15661615472202e-09,7.42213575222685e-11,4.27934219443895e-08,3.93785535743147e-10,4.50326229155034e-11,3.65560802840928e-08,4.18048919850667e-09
1,45.3,"Ilirney Lake (EN18208)","Ilirney Lake","JK099L-5","ESH142",1006.5,0.009,1.6,23.4,285,126.32,13,2,325,5.3,1.615058333,32.63837787,0.09,1,0.030997091,0.312210794,-0.074963367,144.9395806,7.0689,2722112,295718,2426394,2274705,1063321,13680,348433,13838,48,157387,529935,505820,277230.826151895,2046115.82615189,0.12800097865187,0.0578179736910164,0.751664819872178,0.835639753250417,2722112,295718,2426394,35053,26266,13,16200,43,6550,3460,22750,4272.1021623034,16575.1021623034,0.00595126137352174,0.00240621987633132,0.00608905958399339,0.012877133637411,2722112,295718,2426394,713,78,29,1,48,0,77,86.8972368049047,722.897236804905,1.06534925822303e-05,1.7633367032657e-05,0.00026556483965571,0.00026192897279759,2722112,295718,2426394,89406,3755,221,69,3464,1,1911,1546,3678,10896.4016182038,96624.4016182038,8.11869607128583e-05,0.00056794136317682,0.00070202842498765,0.0354961153759301,2722112,295718,2426394,18781,923,735,126,46,16,781,2288.94390523551,20288.9439052355,0.00027001093268756,1.68986434062963e-05,0.00745338322054181,0.00689942221334023,2722112,295718,2426394,341,0.00014053776921637,41.5595480371284,0.0001252703782945,1.52673909218755e-05,2722112,295718,2426394,7395,0.00304773256115866,901.269377520716,0.00271664060846872,0.00033109195268993,126320,185.25,63160,2600,4500.15,4.50015e-06,3.57016597289,1.26048761715052e-06,0.0500621101183093,4.50558991064784e-05,1.61343648573831e-07,7.2878839886261e-08,9.4746419769656e-07,7.50149126775038e-09,3.03301035825709e-09,7.67518420571539e-09,1.34285954793063e-11,2.22266407933344e-11,3.34741191936587e-10,1.02335158652644e-10,7.1588305555197e-10,8.84898136584619e-10,4.47424138883062e-08,3.40345437147933e-10,2.13005307602788e-11,9.39489725537045e-09,1.57901760635979e-10,1.92443572032204e-11,3.42429184722309e-09,4.17337306503844e-10
1,54.6,"Ilirney Lake (EN18208)","Ilirney Lake","JK099L-6","ESH154",1075,0.638,6.1,60.3,350,265.05,13,2,325,6.52,1.906683333,15.58928347,0.09,1,0.031371321,0.304643373,-0.097644594,126.067436,6.6829,1109649,88687,1020962,987014,774790,2992,383487,24647,11,41129,322524,424616,85738.0692111949,648136.069211195,0.345593065915438,0.0370648736672587,0.584091067726096,0.88948307077283,1109649,88687,1020962,13498,9207,4,5955,10,1252,1986,7207,1172.51878718307,7463.51878718307,0.00536656185874993,0.00112828470984969,0.00672601767512346,0.0121642068798332,1109649,88687,1020962,503,85,73,0,11,1,84,43.6936546120228,462.693654612023,6.57865685455491e-05,9.91304457535671e-06,0.00041697298390033,0.00045329649285494,1109649,88687,1020962,12496,884,124,53,707,0,405,296,825,1085.47894240922,12756.4789424092,0.00011174704794038,0.00026675101766414,0.00036498027754722,0.0114959585800638,1109649,88687,1020962,4982,569,490,24,32,23,522,432.766972717888,4892.76697271789,0.00044158107653861,2.88379478555832e-05,0.00440929246339868,0.0044897080067661,1109649,88687,1020962,147,0.00014398185240978,12.7693185446667,0.00013247432296158,1.15075294482009e-05,1109649,88687,1020962,2322,0.00227432558704438,201.703113338205,0.00209255359127075,0.00018177199577362,265050,227.5,132525,94.5141065830721,318994.048507463,0.000318994048507463,5.503578717756,5.79612039486786e-05,0.0598151748848929,5.38336573964036e-05,2.00309901767738e-05,2.14832470195999e-06,3.38546215010737e-05,3.11052386398205e-07,6.53967401797736e-08,3.89848082230248e-07,3.8130687165523e-09,5.74571998384593e-10,2.41682561609361e-08,6.47699343633513e-09,1.54612101383488e-08,2.11546963041598e-08,6.6631959984464e-07,2.55945708371314e-08,1.67148217711882e-09,2.55567899740423e-07,7.67837125113926e-09,6.66990261292598e-10,1.21286925477184e-07,1.05357237191931e-08
1,6.3,"Ilirney Lake (EN18208)","Ilirney Lake","JK098L-6","ESH102",58,1.813471503,24.5,103,365,240.6052963,13,2,325,3.104,0.499663333,63.8944805,1.0769,7.921189589,0.018183306,-0.408797076,-0.263130254,306.4314474,12.5156886,247492,40244,207248,180173,74794,634,20802,1938,3,8301,43116,29103,34986.5002895082,186056.500289508,0.084051201655003,0.033540478076059,0.751767735076319,0.727995248331259,247492,40244,207248,8385,6137,1,1255,12,82,4787,1337,1628.22290203042,8676.22290203042,0.00507087097764776,0.00033132384077061,0.0350565792107641,0.0338798829861167,247492,40244,207248,316,35,5,1,29,0,34,61.3617694742531,343.361769474253,2.02026732177202e-05,0.00011717550466277,0.0013873651248293,0.00127680894735991,247492,40244,207248,12786,791,164,7,620,0,139,476,779,2482.82146992975,14489.8214699297,0.00066264768154122,0.00192329449032696,0.00056163431545262,0.0585466256280193,247492,40244,207248,2839,611,541,10,47,13,588,551.285011194318,2802.28501119432,0.00218592924215732,0.00018990512824657,0.0113227296688148,0.0114710778530215,247492,40244,207248,325,0.00156816953601482,63.1094148073805,0.00131317375915181,0.00025499577686301,247492,40244,207248,2424,0.0116961321701536,470.699143055663,0.00979425597595074,0.00190187619420289,240605.2963,237.25,120302.64815,56.7971428443229,502521.814377505,0.000502521814377505,1.12071532528,0.000448393809776765,0.0090855312809189,9.78420863642156e-05,3.76880385264019e-05,1.50393427462581e-05,0.00033708799879812,2.27374715655391e-06,1.48563559233004e-07,1.57191531100554e-05,9.05875361176857e-09,5.25407709482545e-08,6.22085933873627e-07,2.97127118466008e-07,8.62393343840366e-07,2.51833350407166e-07,2.62519445149215e-05,9.80157140793357e-07,8.51522839506246e-08,5.07704189327227e-06,5.88818984764956e-07,1.14338527864591e-07,4.3916837509854e-06,8.52789512442368e-07
1,9.2,"Ilirney Lake (EN18208)","Ilirney Lake","JK098L-7","ESH111",97,2.11,22.3,120.5,341,543.65,13,2,325,3.408,0.491174167,61.9108611,0.76085,6.521611296,0.019274091,-0.283028234,-0.098552675,314,11.3933,632209,107603,524606,447571,297895,1094,111558,2783,18,41020,141422,152578,91802.1950053945,386795.195005395,0.176457468969913,0.0648836065288536,0.611815388590473,0.707947846360934,632209,107603,524606,13895,8073,0,3211,7,340,4515,3551,2850.0316142019,13194.0316142019,0.0050790165910324,0.00053779683617284,0.0208697307602421,0.0219784912900639,632209,107603,524606,542,36,11,1,24,0,35,111.170718596432,618.170718596432,1.73993094055921e-05,3.7962129612201e-05,0.00097779487257605,0.00085731142707554,632209,107603,524606,4762,608,101,15,492,0,365,110,576,976.743472243932,5162.74347224393,0.00015975729545134,0.00017399309405592,0.00057734072118555,0.00816619736866121,632209,107603,524606,20607,2716,2432,42,180,62,2612,4226.74353896067,22221.7435389607,0.00384682913403637,0.0002847159720915,0.0351493628514632,0.0325952335382761,632209,107603,524606,202,0.00038505087627667,41.4326294399988,0.00031951459090269,6.55362853739804e-05,632209,107603,524606,37027,0.0705805880984968,7594.68302116255,0.0585676572146236,0.0120129308838731,543650,221.65,271825,57.1090047393365,1055000.1969917,0.0010550001969917,1.298077853712,0.000812740309816402,0.0094669355916072,7.20291794487434e-05,0.000143414098000025,5.2733522472266e-05,0.000497247028473463,4.12792151775832e-06,4.37089167249395e-07,1.69616714438641e-05,1.41411201168924e-08,3.08533529823107e-08,7.94693307674348e-07,1.29841193800553e-07,1.41411201168923e-07,4.69228076605969e-07,6.6369977794276e-06,3.12647310220748e-06,2.31400147367324e-07,2.85673040537473e-05,2.59682387601113e-07,5.3263980879065e-08,4.7600295869834e-05,9.76339316836205e-06
2,0.163,"Salmon Lake (EN22502)","Salmon Lake","HS033L-6","EJF109",23,8.845299778,119.5,19,377,77.5351969,13,2,325,2.989,1.261941765,30.6002,2.032828694,9.236530928,0.055555556,-0.331479014,-0.165788892,324.386736,10.30021851,455152,36913,418239,122607,46348,80,4096,929,5,8826,32412,12922,10821.06688042,120506.06688042,0.00899919147889057,0.0193913242169649,0.264760051324437,0.26937594473934,455152,36913,418239,1643,908,16,490,40,46,316,536,145.008138887096,1252.0081388871,0.001076563433754,0.00010106513867894,0.00275074730834336,0.00360978310542412,455152,36913,418239,488,40,7,3,30,0,37,43.0699767357898,494.06997673579,1.53794776250571e-05,6.59120469645305e-05,0.0010855054503458,0.0010721692972897,455152,36913,418239,286310,16285,266,16,16003,0,5180,10815,16261,25269.1906541475,295318.190654148,0.00058442014975217,0.0237612929307133,0.0113808134425423,0.648834215062545,455152,36913,418239,2179,335,298,8,21,8,319,192.314506777225,2052.31450677723,0.000654726333181,4.61384328751714e-05,0.00450907500522293,0.00478741167785707,455152,36913,418239,991,0.00236945861098558,87.4638257073109,0.00217729461806166,0.00019216399292392,455152,36913,418239,4021,0.00961412015617864,354.886017325022,0.00883441136147924,0.0007797087946994,77535.1969,245.05,38767.59845,2.14803347278933,4422649.88908031,0.00442264988908031,2.074360022,0.00213205511202255,0.0701078763941963,0.00142517302809528,1.91867721966384e-05,4.13433719256666e-05,0.000564483020885618,2.29529257235176e-06,2.15476445567702e-07,5.86474486063573e-06,3.27898938907394e-08,1.40528116674598e-07,2.3143574445381e-06,1.2460159678481e-06,5.06603860611925e-05,2.42645214791472e-05,0.00138335030507924,1.39591262563433e-06,9.83696816722184e-08,9.61359641537865e-06,4.64211212081754e-06,4.09704223460108e-07,1.88354519049519e-05,1.6623821216278e-06
2,0.602,"Salmon Lake (EN22502)","Salmon Lake","HS034L-1","EJF107",43,8.327165063,112.5,26.3,350,115.6043956,13,2,325,3.394,1.324783686,32.4726,2.143803417,9.315719921,0.037037037,0.100278069,-0.280508761,289.2867824,10.3244676,910783,58071,852712,130391,37391,103,4629,1072,5,9468,22114,14097,8879.8278445712,125173.827844571,0.00508244005432688,0.0103954509471521,0.137435402115072,0.143163629536344,910783,58071,852712,1128,620,3,323,18,75,201,398,76.8185366219779,806.818536621978,0.00035463990873786,8.23467280351082e-05,0.00088585155478525,0.00123849478964803,910783,58071,852712,789,47,22,1,24,0,46,53.7321147116494,796.732114711649,2.41550402236318e-05,2.63509529712346e-05,0.00087477710355995,0.00086628757892933,910783,58071,852712,713210,40663,186,19,40458,0,29614,10822,40622,48570.6990285114,721158.699028511,0.00020421988552706,0.0118820838772792,0.0325148800537559,0.791800790120711,910783,58071,852712,2180,294,269,2,10,13,279,148.46135623751,2049.46135623751,0.00029535026455258,1.09795637380144e-05,0.00225021915894073,0.00239354489488715,910783,58071,852712,703,0.00082442841193744,47.8753823096192,0.00077186333078241,5.25650811550273e-05,910783,58071,852712,4311,0.00505563425869461,293.585737036655,0.00473328992745802,0.00032234433123659,115604.3956,227.5,57802.1978,3.15833777774605,4163582.53134169,0.00416358253134169,2.291879956,0.00181666693338004,0.0490660623953784,0.00105187992221947,9.23310078758187e-06,1.88850719932654e-05,0.00024967435049824,6.44262595460984e-07,1.4959657789342e-07,1.60929722746166e-06,4.38816628487366e-08,4.78709049258943e-08,1.58917863811532e-06,3.70999513175666e-07,2.15857888795012e-05,5.90687074364764e-05,0.00143843831323648,5.36553059377718e-07,1.99462103857893e-08,4.08789873890586e-06,1.40221859012098e-06,9.54932447847761e-08,8.59881129731377e-06,5.85592287720014e-07
2,1.094,"Salmon Lake (EN22502)","Salmon Lake","JK157L-2","ESF036",63,2.37,30.4,74.8,436,263.937897,13,2,325,3.621,1.387625607,34.345,2.254778139,9.394908913,0.083333333,-0.302729118,-0.045521969,254.1868288,10.34871668,360944,35133,325811,112923,33885,129,4109,1068,2,6967,21610,11076,12176.7643173496,114023.76431735,0.0113840374130059,0.0193021632164546,0.315904307364438,0.3128546256483,360944,35133,325811,3014,1524,21,948,42,46,467,994,325.007019406957,2345.00701940696,0.00262644620772197,0.00012744359235781,0.0064968721447287,0.00835032581231438,360944,35133,325811,567,47,12,2,33,0,45,61.1410019919524,583.141001991952,3.32461545281262e-05,9.14269249523472e-05,0.0016155996553259,0.00157088080145397,360944,35133,325811,197849,13009,399,31,12579,0,7590,4976,12965,21334.543391721,206218.543391721,0.0011054346380602,0.013786072077663,0.0210281927390399,0.571331130013855,360944,35133,325811,3391,519,475,13,19,12,494,365.659854946579,3262.65985494658,0.00131599361673833,5.26397446695332e-05,0.00903924114252233,0.00939480916707301,360944,35133,325811,3440,0.0105582684439752,370.94364524218,0.00953056429806286,0.00102770414591233,360944,35133,325811,4627,0.0142014849099631,498.940769341735,0.01281916308347,0.00138232182649313,263937.897,283.4,131968.9485,31.5611814345992,1185000.00015525,0.00118500000015525,2.37736755,0.000498450481565316,0.115635466787458,0.00260732322605421,5.67437893067036e-06,9.62117255049412e-06,0.000157462654134362,1.30915337704441e-06,6.35243199831642e-08,3.23836904920831e-06,1.65715617347394e-08,4.55717947705334e-08,8.05296426213953e-07,5.51004427680087e-07,6.87167426600527e-06,1.04815127972227e-05,0.000284780276888662,6.55957652000102e-07,2.62383060800041e-08,4.50561410047527e-06,4.75051436395864e-06,5.12259626436672e-07,6.38971801221994e-06,6.89018980093747e-07
2,10.175,"Salmon Lake (EN22502)","Salmon Lake","HS032L-1","ESF024",650,1.415,15.7,35.4,348,156.4986737,13,2,325,4.76,1.433768648,33.21352941,2.507723614,8.641412975,0.045454545,-0.153320139,-0.227226405,265.5597737,10.11243632,380934,27879,353055,95603,27299,92,3803,643,3,5408,17350,9211,7549.29412414496,93941.294124145,0.00998335669696063,0.0141966849900508,0.246607795902033,0.250969984301743,380934,27879,353055,4061,2957,9,2569,29,52,298,2621,320.677002166801,1760.6770021668,0.00674395039560659,0.00013650658644279,0.00462200014219471,0.0106606393758499,380934,27879,353055,416,49,8,2,38,1,46,32.8494540510685,402.849454051069,2.10010132988917e-05,9.97548131697354e-05,0.00105753084274722,0.00109205269154237,380934,27879,353055,247749,15215,487,12,14715,1,6330,8377,15194,19563.5081531206,252118.508153121,0.00127843668457003,0.0219906860506019,0.016617051772748,0.661843017827552,380934,27879,353055,2172,406,379,8,11,8,390,171.512053362791,1953.51205336279,0.00099492300503499,2.8876393285976e-05,0.00512821657652714,0.00570177511064909,380934,27879,353055,999,0.00282958745804478,78.8860687428304,0.0026225015356991,0.00020708592234568,380934,27879,353055,2055,0.00582062284913116,162.273144410927,0.0053946352911528,0.00042598755797835,156498.6737,226.2,78249.33685,25.017667844523,707499.999818928,0.000707499999818928,3.179036000084,0.000222551742037597,0.0651713015301052,0.00163431611802159,2.2218134242913e-06,3.15949697569481e-06,5.48829945780496e-05,1.50087790875739e-06,3.03797786124487e-08,1.02863418334345e-06,4.67381209422309e-09,2.22006074475596e-08,2.35355331311882e-07,2.8451831123583e-07,4.89406548916333e-06,3.698153819554e-06,0.000147294316572942,2.21421847963818e-07,6.42649162955673e-09,1.1412935326522e-06,5.83642285266108e-07,4.60873327694936e-08,1.20058548170355e-06,9.48042731144236e-08
2,10.282,"Salmon Lake (EN22502)","Salmon Lake","JK157L-6","ESF023",655,2.67,40.6,125,369,521.1590577,13,2,325,4.513,1.376000405,33.13901961,2.657689371,8.766654265,0.045454545,-0.347535374,-0.035788806,266.2036638,10.07998695,419511,34435,385076,175701,51306,187,7319,1219,6,9851,32724,17170,15711.8696958522,174242.869695852,0.0174465031906196,0.0234821017804062,0.415347558695367,0.418823344322318,419511,34435,385076,8774,6430,18,5802,54,82,474,5884,784.605350632083,3674.60535063208,0.0138303882377339,0.00019546567312895,0.00875925863834818,0.0209148270247979,419511,34435,385076,880,84,19,2,63,0,82,78.693037218627,876.693037218627,4.5290826700611e-05,0.00015017484642834,0.00208979749570006,0.00209768039455461,419511,34435,385076,189838,10691,1012,11,9668,0,2164,7450,10626,16976.0554539883,196188.055453988,0.0024123324537378,0.0177587715220817,0.00515838678842748,0.467658906331391,419511,34435,385076,3028,527,483,9,24,11,507,270.775587156821,2791.77558715682,0.00115134048928395,5.72094653060349e-05,0.00665483285815347,0.00721792753944473,419511,34435,385076,2873,0.0074608648682338,256.914881737631,0.00684844974267659,0.00061241512555721,419511,34435,385076,3982,0.0103408158389513,356.085993414287,0.00949200378535962,0.00084881205359165,521159.0577,239.85,260579.52885,46.8164794007491,1334999.9998862,0.0013349999998862,3.0174360450007,0.000442428598312146,0.0625454723290907,0.00166226437013199,7.71883195207421e-06,1.03891533761283e-05,0.000183761638205963,6.1189592821334e-06,8.64796037805814e-08,3.87534652161794e-06,2.00379569735496e-08,6.64416468070322e-08,9.2458617677881e-07,1.06728486617011e-06,7.85698839226026e-06,2.28221783635586e-06,0.000206905674416388,5.09385958853918e-07,2.53111035455364e-08,2.94428837343445e-06,3.02995002026358e-06,2.70949965585433e-07,4.19953392993024e-06,3.75538727101008e-07
2,10.985,"Salmon Lake (EN22502)","Salmon Lake","HS033L-5","EJF094",680,4.68,57.8,42.4,347,187.9849257,13,2,325,2.529,1.378793137,33.1265,2.571728361,8.734187777,0.019607843,-0.382414322,-0.08207699,263.1917867,9.719487412,1032621,97744,934877,665685,141340,395,11218,1457,7,47329,80934,58547,69599.2249675626,676737.224967563,0.010863617919837,0.0458338538534467,0.655358766640968,0.644655686839605,1032621,97744,934877,5518,4346,5,3893,29,79,340,3972,576.922303147901,2122.9223031479,0.00377001823515113,7.65043515481479e-05,0.00205585815429659,0.00534368369421114,1032621,97744,934877,805,95,21,2,70,2,91,84.1649971065712,798.164997106571,2.03365997786216e-05,6.77886659287386e-05,0.00077295057635528,0.00077956965818049,1032621,97744,934877,252332,14471,784,16,13671,0,3401,10243,14428,26382.0149688141,264286.014968814,0.00075923305840187,0.009919418644401,0.00329356075462343,0.255937091119408,1032621,97744,934877,3163,496,446,9,29,12,475,330.700479314391,3018.70047931439,0.00043191064291739,2.80838758847631e-05,0.00292333826187381,0.00306307929046572,1032621,97744,934877,2569,0.00274795507858253,268.596121200971,0.00248784403958471,0.00026011103899782,1032621,97744,934877,4805,0.00513971356659753,502.376162853509,0.00465320771125127,0.00048650585534625,187984.9257,225.55,93992.46285,9.05982905982906,2339999.99953835,0.00233999999953835,1.691230815,0.00138360771266951,0.0270351593597735,0.000695270860696841,1.50309855413812e-05,6.34160736929962e-05,0.000906759444090023,5.21622630705981e-06,1.05852010854797e-07,2.84450119843927e-06,2.8137876303174e-08,9.37929210105798e-08,1.06946037895751e-06,1.05048071531849e-06,1.3724584141591e-05,4.5569960622426e-06,0.000354116533231013,5.97594896724549e-07,3.88570672758116e-08,4.04475336587049e-06,3.44220020108828e-06,3.59891639707864e-07,6.43821407794051e-06,6.7313325371595e-07
2,11.919,"Salmon Lake (EN22502)","Salmon Lake","JK157L-7","ESF022",705,1.03,13.45,133.5,347,591.8864997,13,2,325,5.576,1.576008503,33.354,1.928574153,8.262605996,0.034482759,-0.130286615,-0.245445017,256.0256908,9.226819416,503773,33377,470396,113274,33394,96,3704,764,2,8996,19832,12700,8037.36914854718,108611.369148547,0.00735251789992715,0.0178572491975552,0.215595851997918,0.22485127229923,503773,33377,470396,6552,5340,6,4731,27,49,527,4780,464.897881784709,2236.89788178471,0.00939113449907002,9.72660305335935e-05,0.00444028934020821,0.0130058577970634,503773,33377,470396,687,70,34,0,36,0,70,48.7461606816385,665.746160681638,6.74907150641261e-05,7.14607571267218e-05,0.00132152013045883,0.00136370944850161,503773,33377,470396,340499,19017,1162,14,17841,0,11458,6379,18999,24160.1440552216,345660.144055222,0.00230659443836807,0.0126624491586488,0.0227443709766105,0.686142655631051,503773,33377,470396,3382,576,528,11,30,7,558,239.97018256958,3063.97018256958,0.00104809110452525,5.95506309389348e-05,0.00608204525167006,0.00671334112784925,503773,33377,470396,2879,0.00612037517325828,204.279762157841,0.00571487554910644,0.00040549962415183,503773,33377,470396,3123,0.0066390870670669,221.592809037492,0.00619922068074311,0.00043986638632378,591886.4997,225.55,295943.24985,129.611650485437,515000.000028296,0.000515000000028296,3.71618096,0.000138583132945253,0.0543451213908998,0.00104808596456137,1.01893496560795e-06,2.4747135395813e-06,2.98779486198725e-05,1.30145284079137e-06,1.3479431240494e-08,6.15349207949462e-07,9.35307473830194e-09,9.90325560526089e-09,1.83140399929203e-07,3.19655083703142e-07,1.75480187516553e-06,3.15198618680776e-06,9.50877988647265e-05,1.45247748877159e-07,8.25271300438407e-09,8.42868885691234e-07,7.91985357987391e-07,5.6195408323083e-08,8.59107423756381e-07,6.09580618940562e-08
2,12.56,"Salmon Lake (EN22502)","Salmon Lake","HS033L-3","EJF092",751,3.15,35.3,26.6,368,111.2040134,13,2,325,2.417,1.647396607,28.98532,1.457368678,7.979794525,0.090909091,-0.344428918,-0.104779868,236.6759183,8.187967474,426491,31764,394727,90729,28161,97,5505,630,3,5261,16665,10766,7301.03579435914,87264.0357943591,0.012907658074848,0.0123355475262081,0.204609325388717,0.212733680194893,426491,31764,394727,2354,1551,14,1194,28,47,268,1241,189.428278278405,1302.42827827841,0.0027995901437545,0.00011020162207408,0.00305382359364771,0.00551945996515753,426491,31764,394727,331,33,10,2,20,1,30,26.6358369202005,327.635836920201,2.34471536327847e-05,4.68943072655695e-05,0.00076821278038739,0.00077610078524517,426491,31764,394727,295132,17217,328,12,16877,0,5068,11803,17199,23749.5100360502,301682.51003605,0.00076906663915534,0.0276746754327758,0.0118830174610953,0.70735961611394,426491,31764,394727,2174,351,318,6,19,8,337,174.943533125426,2011.94353312543,0.00074561948552255,4.4549591902291e-05,0.00471743491216796,0.0050974111997674,426491,31764,394727,1437,0.00364049076956985,115.636548804617,0.00336935597703117,0.00027113479253868,426491,31764,394727,2570,0.00651082900333648,206.80997246198,0.00602591848362568,0.0004849105197108,111204.0134,239.2,55602.0067,8.44444444444444,1575000.00031263,0.00157500000031263,1.7164248156,0.000917605004307788,0.149763328058854,0.00218260383426013,1.18441316433744e-05,1.13191601409251e-05,0.000187750540904727,2.56891792591989e-06,1.01121559898011e-07,2.80220381180433e-06,2.15152255102168e-08,4.30304510204336e-08,7.04915891656669e-07,7.05699396735112e-07,2.53944206697089e-05,1.09039162885779e-05,0.000649076723591387,6.8418417122489e-07,4.08789284694119e-08,4.32874188290159e-06,3.09173790581816e-06,2.48794642475447e-07,5.52941295612572e-06,4.4495631952812e-07
2,13.056,"Salmon Lake (EN22502)","Salmon Lake","HS033L-2","EJF089",787,1.705,27,39,335,179.1044776,13,2,325,3.175,1.781033778,27.93784,1.437585393,8.287549242,0.038461538,-0.186447234,-0.265424115,267.5757457,8.843790198,722325,74994,647331,200958,42095,218,4279,667,1,9727,27203,14006,23281.2027417195,210233.202741719,0.00592392621050081,0.0134662374969716,0.291050708118533,0.278209947045997,722325,74994,647331,7223,5993,1,5391,31,21,549,5412,836.792401414423,2647.79240141442,0.00746339943931056,2.90727857958675e-05,0.00366565244372606,0.00999965389540719,722325,74994,647331,479,45,17,1,27,0,44,55.4926706738902,490.49267067389,2.35351123109404e-05,3.73792960232582e-05,0.00067904706423547,0.00066313639982002,722325,74994,647331,428351,26587,326,10,26251,0,18221,8021,26568,49624.928968333,451407.928968333,0.00045132038902156,0.0111044197556502,0.0252254871422144,0.624937429783453,722325,74994,647331,2301,455,403,8,30,14,433,266.573351191276,2134.57335119128,0.00055792060360641,4.15325511369536e-05,0.002955142562131,0.00318554667220434,722325,74994,647331,4981,0.00769467243187797,577.054264356257,0.00689578790710553,0.00079888452477244,722325,74994,647331,3038,0.00469311681350036,351.955602311646,0.00420586301180217,0.00048725380169819,179104.4776,217.75,89552.2388,22.8739002932551,852499.999943167,0.000852499999943167,2.28797358,0.000372600456314346,0.0685012983318306,0.000984764658833749,2.20725760920511e-06,5.01752623620897e-06,0.000108445626655579,2.78086603674335e-06,1.08325332538695e-08,1.36582377322213e-06,8.76919358646576e-09,1.3927542754975e-08,2.53013245993053e-07,1.68162182893401e-07,4.1375118680613e-06,9.39902801994074e-06,0.000232851971505229,2.07881471490923e-07,1.54750475055278e-08,1.10108746712395e-06,2.56937372083447e-06,2.9766473847268e-07,1.56710647739312e-06,1.81550988853645e-07
2,13.847,"Salmon Lake (EN22502)","Salmon Lake","HS033L-1","EJF088",821,2.47,38.9,13.15,331,61.12014873,13,2,325,3.095,1.875815636,28.04472,1.508939478,8.669219784,0.058823529,-0.214333672,-0.218307546,293.3521217,10.0234763,510549,177935,332614,207991,31416,453,2771,391,2,10751,17048,13522,111266.749400206,305735.749400206,0.00542749079912016,0.021057724136175,0.598837230902824,0.407386950126237,510549,177935,332614,9236,7033,4,6464,28,31,506,6495,4940.88541071633,7681.88541071633,0.0126608807381858,6.07189515599874e-05,0.0150463234884729,0.0180903302131627,510549,177935,332614,359,31,10,2,19,0,29,192.050439849195,522.050439849195,1.95867585677379e-05,3.72148412787019e-05,0.00102252759255075,0.00070316463258178,510549,177935,332614,108965,5552,196,6,5350,0,2401,2944,5541,58291.8556494916,161715.855649492,0.00038390046792766,0.00576634172234203,0.00470278073211386,0.316748942118174,510549,177935,332614,1848,341,306,8,19,8,325,988.605049697247,2511.60504969725,0.00059935481217277,3.72148412787019e-05,0.00491942017259312,0.00361963298331796,510549,177935,332614,1940,0.00583258672214639,1037.82131840512,0.00379983116214115,0.00203275556000525,510549,177935,332614,2275,0.00683976020251703,1217.03273163487,0.00445598757416036,0.00238377262835667,61120.14873,215.15,30560.074365,5.32388663967611,1234999.99993046,0.00123499999993046,2.227015916,0.000554553737608068,0.110342095462899,0.00166499543929214,3.00983530848548e-06,1.16776396252355e-05,0.000332087424616027,7.02113873477093e-06,3.36719215312342e-08,8.34399492779271e-06,1.08619101713659e-08,2.06376293255952e-08,5.67046498256398e-07,2.1289343935877e-07,3.19774635445012e-06,2.60794463214495e-06,0.000175654309735035,3.32374451243791e-07,2.06376293255952e-08,2.72808284357604e-06,2.10721057324498e-06,1.12727219344449e-06,2.47108456398574e-06,1.321930020663e-06
2,14.332,"Salmon Lake (EN22502)","Salmon Lake","JK158L-1","ESF018",854,0.908,9.58,128,311,633.1931734,13,2,325,5.844,1.44124433,23.82468,1.457467397,8.357749232,0.0625,-0.117340836,-0.137204145,173.9520992,9.629465641,579778,38312,541466,109674,32741,91,3832,661,7,7826,20324,11658,7760.09996564881,105776.099965649,0.00660942636664378,0.0134982700274933,0.182442417555769,0.189165508177268,579778,38312,541466,10482,8583,6,7721,53,45,758,7766,741.665005743666,3457.66500574367,0.0133171662256933,7.76159150571426e-05,0.00596377407515233,0.0180793338139771,579778,38312,541466,611,63,12,0,51,0,63,43.2319517753654,591.231951775365,2.06975773485714e-05,8.79647037314282e-05,0.00101975575440145,0.00105385164666476,579778,38312,541466,410128,20069,272,12,19785,0,8737,11044,20053,29019.0407818773,419094.040781877,0.00046914508656761,0.0190486703531352,0.0150695611078723,0.722852610450685,579778,38312,541466,4183,721,638,31,36,16,674,295.972592923655,3804.97259292366,0.00110042119569904,6.2092732045714e-05,0.00656280954593595,0.0072148305040895,579778,38312,541466,2911,0.00537614550128725,205.970886445317,0.00502088730514093,0.00035525819614631,579778,38312,541466,3477,0.00642145582548119,246.018815585835,0.00599712303674855,0.00042433278873264,633193.1734,202.15,316596.5867,140.969162995595,454000.000009967,0.000454000000009967,4.4516857008,0.000101983839498907,0.090077770625,0.00131285413880382,6.74054677755644e-07,1.37660540399678e-06,1.86061782298001e-05,1.35813574294137e-06,7.91556902374843e-09,6.08208578088078e-07,2.11081840633292e-09,8.97097822691488e-09,1.03998607184964e-07,4.7845217210212e-08,1.94265653996173e-06,1.53685170134422e-06,7.37192846055686e-05,1.12225178603366e-07,6.33245521899874e-09,6.69300515394627e-07,5.12049365069593e-07,3.62305948564565e-08,6.11609633234962e-07,4.32750870202332e-08
2,15.569,"Salmon Lake (EN22502)","Salmon Lake","HS032L-6","EJF085",929,1.715,22.7,121.25,302,617.2004198,13,2,325,3.114,1.481844346,22.6254,1.1138266,9.095167241,0.038461538,0.200560052,-0.110735358,220.7286875,8.068898283,1710430,181053,1529377,581728,118496,833,16115,1249,6,25486,74807,41601,68866.9958970221,608993.995897022,0.00942160743204925,0.0149003466964448,0.356047307342026,0.340106289061815,1710430,181053,1529377,10411,8260,38,6427,32,112,1651,6539,1232.49060434412,5104.49060434412,0.00375753465502827,6.54806101389709e-05,0.0029843317787598,0.00608677350140023,1710430,181053,1529377,553,33,10,5,18,0,28,65.4660747480837,590.466074748084,5.8464830481224e-06,1.05236694866203e-05,0.0003452149896506,0.00032331051256116,1710430,181053,1529377,917754,43647,411,15,43219,2,21197,22015,43623,108646.929411126,982777.929411126,0.00024029045327783,0.0128710324304415,0.0123927901171051,0.574579450437098,1710430,181053,1529377,12950,690,618,22,34,16,652,1533.06630739183,13831.0663073918,0.00036131265237396,1.98780423636162e-05,0.00808630947036233,0.00757119554731851,1710430,181053,1529377,1230,0.00080424905043033,145.611703327564,0.00071911741491905,8.51316355112832e-05,1710430,181053,1529377,4751,0.00310649368991426,562.440002040046,0.00277766409616295,0.0003288295937513,617200.4198,196.3,308600.2099,70.6997084548105,856838.345268285,0.000856838345268285,2.409445044,0.00035561647168587,0.0569940126237641,0.000634814473010843,3.35047879259472e-06,5.2988087190859e-06,0.000126616287190226,1.33624121625854e-06,2.32859835414588e-08,1.06127753750258e-06,2.07910567334454e-09,3.74239021202016e-09,1.2276413659262e-07,8.54512431744602e-08,4.57715113986801e-06,4.40708029578843e-06,0.000204329916867647,1.28488730612691e-07,7.06895928937144e-09,2.87562484281029e-06,2.55729997821376e-07,3.027421184937e-08,9.87783105405989e-07,1.16937219915735e-07
2,18.467,"Salmon Lake (EN22502)","Salmon Lake","HS034L-7","ESF014",1053,0.438,6.43,73.6,335,338.0022962,13,2,325,6,1.68738639,22.82232,0.888273455,7.374297704,0.058823529,0.214838021,0.182765176,228.4003433,9.081463275,776818,39349,737469,107815,34762,100,4211,608,2,8205,21636,12416,5752.66544763237,101151.665447632,0.00542083216403327,0.0105623196166927,0.130212823914524,0.138790553257005,776818,39349,737469,12417,10295,5,8955,19,27,1289,8982,662.53162234616,4097.53162234616,0.0115277967297359,3.47571760695555e-05,0.00527476400179471,0.0159844390835434,776818,39349,737469,398,32,14,1,16,1,30,21.2360139883846,389.236013988385,1.80222394434732e-05,2.05968450782551e-05,0.00050106461743726,0.00051234652132159,776818,39349,737469,604192,32787,354,22,32410,1,11338,21070,32762,32237.7632253017,603667.763225302,0.00045570519735639,0.0271234703624272,0.0145954393435785,0.777103212368021,776818,39349,737469,9576,386,333,8,35,10,368,510.944899378821,9718.94489937882,0.00042867183819118,4.50555986086831e-05,0.0125112251510377,0.0123272117793357,776818,39349,737469,426,0.00057765139958425,22.7300049222408,0.00054839100020854,2.92603993757107e-05,776818,39349,737469,2645,0.0035865914363858,141.128786430345,0.00340491595199905,0.00018167548438674,338002.2962,217.75,169001.1481,168.036529680365,218999.99999271,0.00021899999999271,4.6306608,4.72934661922786e-05,0.0992580222463703,0.000881682663572502,2.56369942683724e-07,4.99528705704098e-07,6.15821578560267e-06,5.45189464909225e-07,1.6437873313846e-09,2.49461872991126e-07,8.5233417182905e-10,9.74096196376058e-10,2.36970825449161e-08,2.15518783448201e-08,1.28276292860272e-06,6.90268917156983e-07,3.67519045020381e-05,2.02733770870765e-08,2.13083542957263e-09,5.91699203704588e-07,2.59353112285124e-08,1.38382570864774e-09,1.61030277463417e-07,8.59206337881013e-09
2,2.515,"Salmon Lake (EN22502)","Salmon Lake","JK157L-3","ESF034",158,3.82,40.4,107.5,426,388.2267967,13,2,325,6.196,1.435530885,34.5058,2.612795459,9.454551806,0.071428571,-0.169833775,-0.152261918,300.467103,10.54057111,617482,39925,577557,100831,30793,123,3739,1001,1,6129,19800,9868,6970.18246683877,97933.1824668388,0.00605523723768466,0.00992579540780136,0.158600870093118,0.163293828807965,617482,39925,577557,3559,2014,7,1449,50,61,447,1510,246.024331797554,2295.02433179755,0.00234662710815862,9.87883047603007e-05,0.00371674693642496,0.00576373076462148,617482,39925,577557,517,41,14,2,25,0,39,35.7388534811283,513.738853481128,2.2672725682692e-05,4.04870101476642e-05,0.00083199000696559,0.00083727136985369,617482,39925,577557,462012,30413,294,33,30086,0,21285,8782,30361,31937.6773201606,463588.677320161,0.00047612723933653,0.0142222769246715,0.0344706404397213,0.750772779320143,617482,39925,577557,3229,484,428,14,28,14,456,223.212297660664,2996.21229766066,0.00069313761372801,4.53454513653839e-05,0.00485230710799775,0.00522930223067231,617482,39925,577557,3648,0.0063162596938484,252.176668276897,0.00590786452074716,0.00040839517310123,617482,39925,577557,3761,0.00651191137844403,259.988061784378,0.00609086580661461,0.00042104557182942,388226.7967,276.9,194113.39835,28.1413612565445,1910000.00011069,0.00191000000011069,4.058020632,0.000470672816458635,0.102537919741915,0.00267910611076983,2.85003556498625e-06,4.67180208018206e-06,7.4649118219518e-05,1.1044935901752e-06,4.64969696347048e-08,1.74937174863114e-06,1.06714356538667e-08,1.90561350961905e-08,3.91595079843934e-07,2.24100148731199e-07,6.6940391365898e-06,1.62243934208966e-05,0.000353368338563089,3.2624103284678e-07,2.13428713077333e-08,2.28384905284356e-06,2.78067123323611e-06,1.92220506351668e-07,2.8668049638709e-06,1.9817470515039e-07
2,20.656,"Salmon Lake (EN22502)","Salmon Lake","JK158L-2","ESF012",1154,0.389,3.76,114.5,293,601.2076661,13,2,325,6.057,1.843786913,21.55256,0.738062643,6.807521041,0.03030303,0.276597273,0.471896138,151.9795175,8.301294105,522503,32143,490360,108807,38380,102,4087,591,4,8340,25256,12427,7132.27710457623,103512.277104576,0.00782196465857612,0.015961630842311,0.198108483787799,0.208241866553876,522503,32143,490360,22730,11130,16,6217,91,190,4616,6407,1489.94695733747,17812.9469573375,0.0118984962765764,0.00036363427578406,0.0340915687705859,0.0435021425714302,522503,32143,490360,295,18,7,0,11,0,18,19.3371910433151,296.337191043315,1.33970522657286e-05,2.10525107032878e-05,0.00056714926238378,0.00056459005976999,522503,32143,490360,340522,14586,410,23,14152,1,2967,11176,14553,22321.1490455992,348290.149045599,0.00078468448984981,0.0213893508745404,0.00567843629605954,0.666580190057472,522503,32143,490360,12497,548,494,12,21,21,515,819.175852434946,12801.1758524349,0.00094544911703856,4.01911567971859e-05,0.0244997174225506,0.0239175660235444,522503,32143,490360,432,0.00088098539848274,28.3175136634309,0.00082678951125639,5.41958872263527e-05,522503,32143,490360,5077,0.0103536177502243,332.79633534546,0.00971669062187203,0.00063692712835229,601207.6661,190.45,300603.83305,294.344473007712,194500.000014855,0.000194500000014855,4.7515614408,4.09339124492323e-05,0.0558723301382464,0.000412372796524027,3.20183616515144e-07,6.53371999446124e-07,8.10935533081991e-06,4.87052004862894e-07,1.48849736084847e-08,1.39550129131214e-06,5.48393764523123e-10,8.61761629964908e-10,2.32156382520643e-08,3.21202062077826e-08,8.75549816044346e-07,2.32440614191444e-07,2.72857351402052e-05,3.87009313820603e-08,1.64518129356937e-09,1.00286928800562e-06,3.38437294677126e-08,2.21844970283199e-09,3.97742163211986e-07,2.60719193085136e-08
2,22.359,"Salmon Lake (EN22502)","Salmon Lake","JK158L-3","ESF009",1255,0.327,3.39,54.6,257,326.848249,13,2,325,8.323,1.799199839,21.1664,0.697252213,1.996241857,0.083333333,0.281620032,0.647002826,234.2117052,7.288007673,804316,55265,749051,116722,40875,90,5108,541,1,9283,25852,14391,8611.75184333243,110942.751843332,0.00635073776973229,0.011541483695463,0.13793428434015,0.14511957986662,804316,55265,749051,62367,16539,17,11064,17,237,5204,11301,4601.4386937605,55667.4386937605,0.0137557875262956,0.00029466030764028,0.0692109055318563,0.0775404194371366,804316,55265,749051,658,42,16,1,25,0,41,48.5472551268205,665.54725512682,1.98926789968122e-05,3.10823109325191e-05,0.00082746986896545,0.0008180864237439,804316,55265,749051,545612,23937,323,82,23532,0,4387,19114,23824,40255.2659031228,562043.265903123,0.00040158345724814,0.0237642916465668,0.00545432392243844,0.698784141933174,804316,55265,749051,13237,858,747,21,67,23,814,976.626164306569,13399.6261643066,0.00092873945066367,8.33005932991511e-05,0.0166596538727398,0.0164574619925502,804316,55265,749051,385,0.00051398369403418,28.4053088507992,0.00047866758836079,3.53161056733911e-05,804316,55265,749051,10070,0.0134436773998032,742.964831500125,0.0125199548436187,0.00092372255618454,326848.249,167.05,163424.1245,166.97247706422,163499.999986375,0.000163499999986375,6.561320528,2.49187643384666e-05,0.149933319316933,0.00104541338696167,1.58252537859358e-07,2.87599512323497e-07,3.43715192566724e-06,3.42777227657778e-07,7.3425707659882e-09,1.7246502446002e-06,4.95700979982327e-10,7.74532781222386e-10,2.06195266619319e-08,1.00069635333931e-08,5.92176783211388e-07,1.35915012448904e-07,1.74128373562903e-05,2.31430395029249e-08,2.07574785367599e-09,4.15137988815225e-07,1.19278048308246e-08,8.80033714627615e-10,3.11981804276377e-07,2.30180246916885e-08
2,23.006,"Salmon Lake (EN22502)","Salmon Lake","JK158L-4","ESF008",1305,0.32,2.98,107,279,590.0192997,13,2,325,5.745,1.517908873,17.5098,0.67316478,1,0.066666667,0.274550282,0.543048486,182.9026554,7.759838232,550805,37371,513434,81086,30245,83,3618,473,5,6676,19390,10294,5901.95605666941,76693.9560566694,0.00656856782345839,0.0121204418986756,0.139239760090539,0.147213623696226,550805,37371,513434,29098,9946,15,5362,16,744,3809,6106,2117.93795891974,25109.9379589197,0.00973484263940959,0.00135075026552047,0.0455877088242114,0.0528281333684335,550805,37371,513434,567,27,15,0,11,1,26,41.2698749985393,582.269874998539,2.7232868256461e-05,1.99707700547381e-05,0.00105712525303608,0.00102940242009423,550805,37371,513434,373186,16453,247,61,16145,0,2714,13416,16377,27162.8563866047,383971.856386605,0.00044843456395639,0.0243570773685787,0.00492733362986901,0.697110331944345,550805,37371,513434,23367,553,487,15,25,26,512,1700.79924001917,24555.7992400192,0.00088416045605976,4.53881137607683e-05,0.0445816563757031,0.0424233621699149,550805,37371,513434,531,0.00103421277126174,38.6495654748225,0.00096404353627871,7.01692349830203e-05,550805,37371,513434,5599,0.0109050043433041,407.530917313618,0.0101651219578617,0.00073988238544243,590019.2997,181.35,295009.64985,334.375,160000.00000089,0.00016000000000089,4.73906199,3.37619554963639e-05,0.101193925372636,0.000681201865108071,2.2176769453045e-07,4.0920981997935e-07,4.70100658350116e-06,3.28667323955852e-07,4.56039703512038e-08,1.53913019650422e-06,9.19434886112977e-10,6.74252249816184e-10,3.56906157470866e-08,1.5140027791327e-08,8.22342562139446e-07,1.66356418727375e-07,2.35358080031604e-05,2.98509859691344e-08,1.53239147685496e-09,1.50516389851068e-06,3.25479949683991e-08,2.36905058871063e-09,3.43194395156438e-07,2.49798761698509e-08
2,24.868,"Salmon Lake (EN22502)","Salmon Lake","JK158L-5","ESF006",1412,0.288,2.16,100,284,541.7118093,13,2,325,3.977,1.680150244,20.35262,0.690608426,5.028078878,0.052631579,0.319069186,0.484138134,186.234678,7.975430278,474631,27528,447103,77499,27926,105,3786,434,2,5896,17703,9682,4771.59059992888,72588.5905999289,0.00797672297005463,0.012422281730439,0.152936893291692,0.163282634299066,474631,27528,447103,33646,12512,20,9374,24,181,2913,9555,2071.57430838084,26162.5743083808,0.0197500795354707,0.00038134887944529,0.0551219248392558,0.0708887535790962,474631,27528,447103,382,21,7,0,14,0,21,23.519627468391,384.519627468391,1.47482992050667e-05,2.94965984101333e-05,0.00081014435944637,0.00080483575661935,474631,27528,447103,315320,15138,217,37,14884,0,2080,12795,15092,19414.159511343,319642.159511343,0.00045719727535706,0.0269577840469754,0.00438235176379124,0.673454029575276,474631,27528,447103,16949,533,465,10,49,9,514,1043.54493707267,17478.5449370727,0.00097970844719371,0.00010323809443546,0.0368255443430216,0.0357098461752393,474631,27528,447103,462,0.00103331894440431,28.4452039015618,0.0009733877475344,5.99311968699091e-05,474631,27528,447103,2845,0.00636318700612611,175.165811904639,0.00599413017691638,0.00036905682920972,541711.8093,184.6,270855.90465,347.222222222222,143999.999995363,0.000143999999995363,3.1675763026,4.5460625487432e-05,0.0884289602989553,0.00061069785084878,3.6262681555865e-07,5.64724697446856e-07,6.95260682914496e-06,8.97850969109029e-07,1.73363585885142e-08,2.50587718126378e-06,6.70466906738128e-10,1.34093381347625e-09,3.68296693155469e-08,2.07844741088816e-08,1.22551772453062e-06,1.99224452287901e-07,3.06156414215236e-05,4.45381588047468e-08,4.69326834716659e-09,1.67411227974893e-06,4.42508158447164e-08,2.7245096959165e-09,2.7249690709571e-07,1.67775542962822e-08
2,26.866,"Salmon Lake (EN22502)","Salmon Lake","JK158L-6","ESF004",1513,0.325,3.15,94.3,258,562.3136553,13,2,325,6.262,1.451598547,18.15904,0.616164437,1.921650404,0.045454545,0.339401898,0.424770852,248.2715479,8.203922919,494507,27485,467022,77722,27798,89,4120,481,1,6364,16743,10484,4574.06539734745,71812.0653973475,0.00833153019067475,0.0128693830421005,0.145219512357454,0.157170677058161,494507,27485,467022,40194,10887,11,6865,19,426,3566,7291,2365.48190449272,35268.4819044927,0.0138825132910151,0.00086146404398724,0.0713204907200358,0.0812809525446556,494507,27485,467022,368,24,9,3,12,0,21,21.6573951548321,368.657395154832,1.81999445912798e-05,2.42665927883731e-05,0.00074550490722038,0.00074417551217677,494507,27485,467022,337670,16367,166,35,16166,0,2851,13302,16319,19872.4256030765,341223.425603077,0.00033568786690582,0.0268995181059115,0.0057653380033043,0.690027493246964,494507,27485,467022,8196,464,416,6,31,11,447,482.347855133163,8231.34785513316,0.00084124188333026,6.26886980366304e-05,0.016645563874997,0.0165740828744588,494507,27485,467022,363,0.00077726531084188,21.3631370684893,0.00073406443184828,4.32008789936023e-05,494507,27485,467022,2509,0.00537233791984104,147.658707726831,0.00507374010883567,0.00029859781100536,562313.6553,167.7,281156.82765,290.153846153846,162499.999989333,0.000162499999989333,5.1248809152,3.17080538412846e-05,0.0659817514765461,0.0004065560875082,2.64176607866203e-07,4.08063090403037e-07,4.60462811663524e-06,4.40187478883855e-07,2.73153482890781e-08,2.26143395973773e-06,5.77084823008696e-10,7.69446430678262e-10,2.36385097370857e-08,1.06440089577157e-08,8.52931368406851e-07,1.82807647821977e-07,2.18794289078414e-05,2.66741429301795e-08,1.98773661258551e-09,5.27798435566946e-07,2.32757545280172e-08,1.36981579711996e-09,1.60878424547646e-07,9.46795546824767e-09
2,28.725,"Salmon Lake (EN22502)","Salmon Lake","JK158L-7","ESF002",1618,0.448,3.48,41.2,265,239.1872279,13,2,325,5.928,1.378588398,20.41526,1.303653342,10.16054256,0.071428571,0.262455169,0.319472688,111.4686186,6.585795758,272676,17481,255195,69582,23674,75,3862,416,5,4926,14390,8788,4766.40585434668,65560.4058543467,0.0141633293725887,0.0180653962945034,0.24043335627025,0.255181974211152,272676,17481,255195,14965,11297,12,10357,7,135,786,10492,1025.11085640393,5498.11085640393,0.0379828074344643,0.00049509307749857,0.0201635305505579,0.0548819844797489,272676,17481,255195,231,16,4,0,12,0,16,15.8236289895962,230.823628989596,1.46694245184761e-05,4.40082735554284e-05,0.0008465124506359,0.00084715926594199,272676,17481,255195,163144,8702,207,12,8482,1,2215,6258,8680,11175.4550990419,165639.455099042,0.00075914271883114,0.0229503146591559,0.00812319382710616,0.607458870964228,272676,17481,255195,5107,270,242,3,21,4,263,349.832351731029,5193.83235173103,0.0008875001833678,7.70144787219997e-05,0.0190476329113344,0.0187291877539644,272676,17481,255195,88,0.00034483434236564,6.02804913889379,0.00032272733940647,2.21070029591669e-05,272676,17481,255195,2078,0.00814279276631595,142.344160347969,0.00762076603734835,0.0005220267289676,239187.2279,172.25,119593.61395,91.9642857142857,224000.000031398,0.000224000000031398,4.7177833872,4.7479924711919e-05,0.0984705992663193,0.0012837152582228,6.72473812280622e-07,8.57743655954001e-07,1.14157576539455e-05,1.80342083733568e-06,2.35069820450244e-08,9.57362912466967e-07,6.96503171704423e-10,2.08950951511327e-09,4.01923474238945e-08,3.6044039135704e-08,1.08967921213157e-06,3.85688631331325e-07,2.88421014589688e-05,4.21384418881174e-08,3.65664165144823e-09,9.04380176570427e-07,1.53230697774971e-08,1.04963883610741e-09,3.61833397700449e-07,2.4785789788991e-08
2,29.491,"Salmon Lake (EN22502)","Salmon Lake","JK159L-1","ESF001",1668,0.305,3.49,101.6,280,558.2417582,13,2,325,5.277,1.58243413,26.48168627,1.115631028,9.355702013,0.076923077,0.245663877,0.112295957,203.9451285,7.244667537,404398,21918,382480,88523,21594,68,2798,332,3,4286,14107,7084,5072.80671930558,86511.8067193056,0.00691892640418598,0.010598469824282,0.213927385198012,0.218900686947018,404398,21918,382480,44756,37404,4,36212,32,118,1038,36330,2564.74066094959,10990.7406609496,0.0895454478014233,0.00029179174971191,0.0271780292210881,0.110673148729717,404398,21918,382480,205,15,9,0,6,0,15,11.7475162099979,201.747516209998,2.22553029441293e-05,1.48368686294195e-05,0.0004988835657199,0.0005069263448385,404398,21918,382480,239097,12484,158,11,12315,0,3655,8655,12468,13701.4433329847,240330.443332985,0.00039070420724138,0.0214021829979377,0.00903812580675473,0.594291869230275,404398,21918,382480,8158,277,247,6,18,6,265,467.493840200795,8360.4938402008,0.00061078442524443,4.45106058882586e-05,0.0206739247973551,0.0201731957131341,404398,21918,382480,107,0.00027975318970926,6.13163041204769,0.00026459082389131,1.51623658179509e-05,404398,21918,382480,1634,0.00427211880359757,93.6362999372516,0.00404057389007859,0.00023154491351898,558241.7582,182,279120.8791,333.114754098361,152499.999988593,0.000152499999988593,3.8795614155321,3.93085670400907e-05,0.121725702429418,0.00135800970535354,2.71973082404398e-07,4.16610661610167e-07,8.40917896276735e-06,3.51990323803719e-06,1.1469915555296e-08,1.06832938365468e-06,8.74824067776833e-10,5.83216045184554e-10,1.96103980883002e-08,1.53580225231933e-08,8.41289145178722e-07,3.55275774191592e-07,2.33607617830191e-05,2.40090605267639e-08,1.74964813555367e-09,8.12662358878625e-07,1.04006861391244e-08,5.96010873241302e-10,1.58829169638594e-07,9.10169875585282e-09
2,3.622,"Salmon Lake (EN22502)","Salmon Lake","HS034L-3","ESF033",208,2.69,29,36.3,401,139.2672166,13,2,325,4.617,1.410865159,34.0126,2.277940651,9.040108031,0.083333333,-0.215746521,-0.007064583,359.4436804,10.3277151,529012,39978,489034,88205,26045,119,2754,831,4,5365,16972,8119,7210.66324631825,87296.6632463182,0.00520593105638435,0.0101415468836246,0.165018304398233,0.166735348158454,529012,39978,489034,2596,1430,61,928,35,60,346,988,212.2201891893,1820.2201891893,0.00175421351500533,0.00011341897726327,0.00344079187086361,0.0049072610829244,529012,39978,489034,482,31,5,3,23,0,28,39.402978116041,493.402978116041,9.45158143860631e-06,4.3477274617589e-05,0.00093268768594292,0.00091113245068164,529012,39978,489034,384982,22059,392,20,21647,0,9504,12125,22021,31471.8616619703,394432.86166197,0.00074100398478673,0.0229200849886203,0.0179655659985029,0.74560286281213,529012,39978,489034,3795,704,646,9,35,14,681,310.237140975883,3424.23714097588,0.00122114432186794,6.61610700702442e-05,0.0064728912406068,0.00717375031190219,529012,39978,489034,3581,0.00732259924667814,292.742872683699,0.00676922262632984,0.0005533766203483,529012,39978,489034,5393,0.0110278630933637,440.871910746492,0.0101944757396808,0.00083338735368288,139267.2166,260.65,69633.6083,13.4944237918216,1345000.00025159,0.00134500000025159,3.046638258,0.00044147019972582,0.117572096113045,0.00267822257159184,2.29826342322085e-06,4.47719072824252e-06,7.28506638011042e-05,7.74432990831136e-07,5.00710985451141e-08,1.51900707444514e-06,4.17259154542638e-09,1.91939211089614e-08,4.11753818995034e-07,3.27131177161426e-07,1.0118534497659e-05,7.93126200954648e-06,0.000329161444761814,5.39098827669091e-07,2.92081408179847e-08,2.8575885887942e-06,2.98841006483438e-06,2.44299287108763e-07,4.50055724089691e-06,3.67915681479354e-07
2,3.851,"Salmon Lake (EN22502)","Salmon Lake","JK157L-4","ESF031",308,4.32,40.5,140,431,499.7322863,13,2,325,6.711,1.284524156,29.1869,2.124432625,8.147299587,0.05,-0.320609939,-0.008680073,243.9625952,9.95336377,595145,101788,493357,281027,46404,216,4513,1055,1,7247,33372,11760,57980.6839185417,327247.683918542,0.0075830259852641,0.0121768644616018,0.54986210741675,0.47219921195675,595145,101788,493357,5549,4147,6,3651,47,43,400,3694,1144.85375093492,2999.85375093492,0.00613463945761117,7.22513001033362e-05,0.00504054264243995,0.00932377823891657,595145,101788,493357,507,48,13,2,33,0,46,104.602784596144,565.602784596144,2.18434163103109e-05,5.54486721723278e-05,0.00095036131463113,0.00085189323610212,595145,101788,493357,194816,13475,422,22,13031,0,6201,6824,13447,40193.8778774802,221562.87787748,0.00070907089868855,0.0114661133001201,0.0104193095800183,0.372283860029875,595145,101788,493357,3099,495,451,12,25,7,476,639.376783951581,3262.37678395158,0.00075779851968847,4.2006569827521e-05,0.00548165032714982,0.00520713439581951,595145,101788,493357,4289,0.00869350186578887,884.894167914918,0.00720664711960951,0.00148685474617936,595145,101788,493357,4070,0.00824960424195866,839.710716580488,0.00683866956792042,0.00141093467403824,499732.2863,280.15,249866.14315,32.4074074074074,2160000.00010715,0.00216000000010715,4.752267141,0.00045451990303151,0.0642262078,0.00136444251230349,3.44663623550766e-06,5.53462725431509e-06,0.000249923271743763,2.78831573140671e-06,3.28396539168689e-08,2.291026953068e-06,9.92826746323942e-09,2.52025250989924e-08,4.3195813257104e-07,3.22286836114386e-07,5.2115767053189e-06,4.7357835799652e-06,0.000169210423960975,3.44434509686225e-07,1.90928220446912e-08,2.49151917514878e-06,3.27556454998723e-06,6.75805075055383e-07,3.10831142887573e-06,6.41297891227656e-07
2,6.876,"Salmon Lake (EN22502)","Salmon Lake","HS032L-3","ESF027",460,1.325,12.05,46.5,388,184.3774782,13,2,325,3.436,1.149355244,25.91884615,1.566670342,9.247376025,0.066666667,-0.273958008,-0.231621315,320.6603209,10.24346571,636490,49576,586914,224975,64488,185,8014,1595,18,13396,41280,21410,19003.3984536065,222568.398453606,0.0125909283727945,0.021046677873965,0.349680903790486,0.353461955411711,636490,49576,586914,8016,5715,46,4527,75,84,983,4611,677.102975904477,4082.10297590448,0.00711244481452969,0.00013197379377523,0.00641345971799161,0.0125940706059797,636490,49576,586914,685,65,12,2,50,1,62,57.8612198720767,680.861219872077,1.8853399110748e-05,7.85558296281167e-05,0.00106971235977325,0.0010762148659052,636490,49576,586914,340056,19676,728,19,18928,1,9670,9236,19634,28724.1678610495,349146.167861049,0.00114377287938538,0.0145108328489057,0.0151926974500778,0.548549337556049,636490,49576,586914,4864,811,723,24,39,25,762,410.856895558804,4512.8568955588,0.00113591729642257,6.1273547109931e-05,0.00709022434847178,0.00764191110622319,636490,49576,586914,3698,0.00630075275082891,312.366118375094,0.00580998915929551,0.0004907635915334,636490,49576,586914,4620,0.00787168137069486,390.246475633568,0.00725855865763798,0.00061312271305687,184377.4782,252.2,92188.7391,35.0943396226415,662500.000029064,0.000662500000029065,2.545428446286,0.000260270525771687,0.0766236833164518,0.00120044052146685,3.27704754754087e-06,5.47782991600419e-06,9.10116326818683e-05,1.85115975139975e-06,3.43488886939633e-08,1.66923453281721e-06,4.90698409913783e-09,2.0445767079741e-08,2.78414598302655e-07,2.97690368681029e-07,3.77674209496975e-06,3.95421135322191e-06,0.000142771224497423,2.95645791973055e-07,1.5947698322198e-08,1.84537641901596e-06,1.51216893321764e-06,1.27731297997999e-07,1.88918887816806e-06,1.59577770889874e-07
2,7.489,"Salmon Lake (EN22502)","Salmon Lake","JK157L-5","ESF026",510,0.92,10.75,131.5,389,520.0711885,13,2,325,2.983,1.448271123,30.83744,1.688134186,8.59187976,0.090909091,-0.263475521,-0.115466607,201.4240943,10.96872746,428975,31691,397284,126157,36753,136,4733,798,2,7168,23916,11901,10063.4344373295,124319.434437329,0.011033276997494,0.0167095984614488,0.289805779911019,0.294089399149135,428975,31691,397284,6707,5108,61,4280,45,119,603,4399,535.011571067549,2843.01157106755,0.0099772714027624,0.00027740544320764,0.00662745281442403,0.0156349437612915,428975,31691,397284,574,52,7,4,41,0,48,45.787482002799,571.787482002799,1.63179672475086e-05,9.55766653068361e-05,0.00133291562912244,0.0013380733142957,428975,31691,397284,256831,18011,478,10,17523,0,11774,5738,17990,20487.1860457506,259328.186045751,0.00111428404918702,0.0133760708666006,0.0274468209103095,0.604529835178625,428975,31691,397284,2972,476,433,11,29,3,462,237.073861519719,2747.07386151972,0.00100938283116732,6.76030071682499e-05,0.00640380875696653,0.00692814266565651,428975,31691,397284,1375,0.00346100019129892,109.682557062454,0.00320531499504633,0.00025568519625258,428975,31691,397284,2668,0.00671559891664401,212.824045267365,0.00621947665947899,0.00049612225716502,520071.1885,252.85,260035.59425,142.934782608696,460000.000042764,0.000460000000042764,2.0631191648,0.000222963369198966,0.131661011313479,0.00222261454161617,2.46001661266671e-06,3.72562837092648e-06,6.46160731022947e-05,2.22456604737239e-06,6.18512522517077e-08,1.47767920871115e-06,3.63830895598289e-09,2.13100953136141e-08,2.97191359527098e-07,2.48444525851404e-07,2.9823738270614e-06,6.11963566396323e-06,0.000134788008832722,2.25055396848656e-07,1.50729942462148e-08,1.4278147761591e-06,7.14667830639496e-07,5.7008432810774e-08,1.38671547065176e-06,1.10617089992109e-07
2,8.48,"Salmon Lake (EN22502)","Salmon Lake","HS032L-2","ESF025",555,1.925,21.6,64.4,365,271.4436249,13,2,325,6.945,1.897510031,30.32586,1.550055937,8.792097024,0.033333333,-0.234970605,-0.126445846,251.2883079,9.626172107,349307,26478,322829,105622,30104,105,3955,736,2,5683,19623,9638,8662.97425572052,104646.974255721,0.0113224183884091,0.016269356182384,0.299584532390477,0.302375847034271,349307,26478,322829,7960,6438,15,5787,39,91,506,5878,652.868484553742,2734.86848455374,0.0165670885496139,0.00026051582132622,0.00782941219200801,0.0227879773379864,349307,26478,322829,394,45,8,0,37,0,45,32.3153496123335,381.315349612333,2.2902489786921e-05,0.0001059240152645,0.00109163386251158,0.00112794762200586,349307,26478,322829,202276,12959,391,10,12558,0,6161,6388,12940,16590.4052238182,205926.405223818,0.00111935918833576,0.0182876380948564,0.0176377799471525,0.58952842406198,349307,26478,322829,2615,431,383,17,24,7,407,214.478779787442,2422.47877978744,0.00109645669854884,6.87074693607629e-05,0.00693509943913933,0.00748625134909979,349307,26478,322829,1499,0.00464332510400243,122.945962103776,0.00429135402382431,0.00035197108017811,349307,26478,322829,2463,0.00762942610484188,202.011944404003,0.00705110404314829,0.00057832206169359,271443.6249,237.25,135721.81245,33.4545454545455,962500.000112466,0.000962500000112466,4.838869023,0.000198910116297328,0.0632503337341633,0.000980415553218712,2.25214355840545e-06,3.23613953032065e-06,5.95903941786703e-05,3.29536151011182e-06,5.18192323172922e-08,1.55734928965203e-06,4.55553690701481e-09,2.10693581949416e-08,2.17137018546279e-07,2.22651866330348e-07,3.63759622025132e-06,3.50833286051478e-06,0.000117263167390749,2.18096329423334e-07,1.36666107210444e-08,1.37946143597274e-06,8.53593727951898e-07,7.00106084915239e-08,1.40253592524718e-06,1.15034108548782e-07
2,9.928,"Salmon Lake (EN22502)","Salmon Lake","HS033L-4","EJF095",630,4.07,53.8,36.1,318,174.6492501,13,2,325,3.338,1.664841621,33.51156863,1.907860586,8.140447813,0.090909091,-0.434657579,-0.104576161,262.984213,10.24223379,488217,74984,413233,254124,56176,396,9543,1145,6,11467,33619,21010,46112.5660728935,279226.566072894,0.0195466360245547,0.0234875065800658,0.57193126432077,0.520514443372517,488217,74984,413233,5232,3754,5,3236,41,96,376,3332,949.382764687235,2849.38276468723,0.00662820016509052,0.00019663387387166,0.0058363038662874,0.0107165461260054,488217,74984,413233,695,56,17,1,37,1,54,126.112580553828,767.112580553828,3.48205818314397e-05,7.57859722213688e-05,0.00157125331677067,0.00142354731605004,488217,74984,413233,146581,7981,582,6,7393,0,1898,5486,7966,26598.1412520297,165213.14125203,0.00119209286034694,0.0112368065839575,0.00388761554800427,0.338401041446795,488217,74984,413233,2506,505,460,8,29,8,489,454.731117795529,2471.73111779553,0.00094220397896836,5.93998160653971e-05,0.00506277150897148,0.00513296341585811,488217,74984,413233,1572,0.0038041492329993,285.25032608722,0.00321987968464842,0.00058426954835087,488217,74984,413233,2523,0.00610551432242827,457.815885952961,0.00516778399768955,0.00093773032473871,174649.2501,206.7,87324.62505,8.86977886977887,2034999.99975591,0.00203499999975591,2.2193838391306,0.00091692115797017,0.151349238424077,0.00288753246710412,1.79227241380561e-05,2.15361917312259e-05,0.000524415877160344,6.07753697063287e-06,1.80297759326563e-07,5.35143049934203e-06,3.19277282140788e-08,6.94897614071127e-08,1.44071541067783e-06,1.09305516591729e-06,1.03032657048491e-05,3.56463695001891e-06,0.000310287074781707,8.63926763439771e-07,5.4464948129899e-08,4.64216231454452e-06,2.95237580897246e-06,5.35729110840588e-07,4.73845048730122e-06,8.59824775223162e-07
3,0.9,"Lele Lake","Lele Lake","IE111L-4_S1","ELS171",127,2.416728349,32.65,65.5,365,276.0800843,13,2,325,6.02,0.5898626,35.444,3.308317152,12.25302649,0.044,0.098563735,-0.51306014,281.8465928,10.1963377,1525862,108852,1417010,329059,106400,1366,13396,3889,20,26880,60849,40276,25277.6834800037,314060.683480004,0.00877929983183276,0.0176162719826564,0.205825090001588,0.215654495622802,1525862,108852,1417010,10588,7065,33,2122,82,826,4002,2948,813.349924136033,8453.34992413603,0.00139068932839274,0.00054133335780037,0.00554004878824955,0.00693902856221598,1525862,108852,1417010,1836,210,38,4,168,0,206,141.038011023211,1771.03801102321,2.49039559278624e-05,0.0001101016998916,0.00116068033087082,0.00120325429167251,1525862,108852,1417010,1053310,60733,478,68,60182,5,43603,16536,60617,80913.2611061319,1073606.26110613,0.00031326555088205,0.0108371530321877,0.0285759786926996,0.703606395012217,1525862,108852,1417010,6929,1110,1005,21,57,27,1062,532.272537243915,6399.27253724392,0.00065864409756583,3.73559338917936e-05,0.00419387371678691,0.00454103975326733,1525862,108852,1417010,5947,0.00419686523030889,456.837174049583,0.00389746910271047,0.00029939612759842,1525862,108852,1417010,9341,0.00659204945624943,717.557767411663,0.00612178558742534,0.00047026386882408,276080.0843,237.25,138040.04215,27.1027565125815,1208364.17450323,0.00120836417450323,3.8862712,0.000310931510519191,0.0259539544,0.000858639125037459,2.72976095801264e-06,5.47745405728426e-06,6.39975061369422e-05,4.32409133540074e-07,1.68317598635295e-07,1.72257573808045e-06,7.74342463455361e-09,3.42340878580258e-08,3.60892088507578e-07,9.74041309293823e-08,3.36961236202575e-06,8.8851722194853e-06,0.000218773399212111,2.04793204150693e-07,1.16151369518304e-08,1.30400748968729e-06,1.21184595530764e-06,9.30916901977732e-08,1.90345603977277e-06,1.4621985507607e-07
3,10.5,"Lele Lake","Lele Lake","IE113L-2_S14","JCE099",615,4.11,57.3,65.7,323,312.9316504,13,2,325,8.345,1.393354347,29.12,2.433609467,11.16912951,0.037777778,0.09706955,-0.674089455,326.0041223,11.02780387,4394300,251303,4142997,561383,181133,2012,19262,6745,48,46200,106866,65462,34051.9754296226,529972.975429623,0.00438340577566393,0.0105136199167103,0.120604641337556,0.127752543067155,4394300,251303,4142997,19878,12999,108,3436,144,1481,7830,4917,1205.74575216926,16166.7457521693,0.00078192203536399,0.00033702751291445,0.00367902640970559,0.0045235873745534,4394300,251303,4142997,4325,492,94,12,384,2,478,262.342810047895,4109.3428100479,2.13913478824841e-05,8.73859317752543e-05,0.00093515299593744,0.00098422957012493,4394300,251303,4142997,3518913,202516,779,115,201622,0,139322,62202,202303,213447.7513836,3530057.7513836,0.00017727510638782,0.0141551555424072,0.0317051635072708,0.803326525586237,4394300,251303,4142997,15127,2002,1795,46,119,42,1914,917.562933547864,14130.5629335479,0.00040848371754318,2.70805361491022e-05,0.00321565731368998,0.00344241403636529,4394300,251303,4142997,5697,0.00137509150984179,345.564621697771,0.00129645222219694,7.86392876448515e-05,4394300,251303,4142997,17674,0.00426599391696398,1072.0570693148,0.00402202853696835,0.00024396537999563,312931.6504,209.95,156465.8252,15.985401459854,2055000.00004629,0.00205500000004629,5.914936,0.000347425568095123,0.052637831196301,0.00128099924321666,1.52290724180148e-06,3.65270037229927e-06,4.19011360316089e-05,2.71659707342429e-07,1.17091975137989e-07,1.27818784042892e-06,7.43190119039244e-09,3.03601069905394e-08,3.24896060869421e-07,6.15899045459117e-08,4.91786295579565e-06,1.10151844430623e-05,0.000279096174517679,1.41917687625047e-07,9.40847065592234e-09,1.11720156900798e-06,4.50420649804956e-07,2.73212991846083e-08,1.39735554935102e-06,8.47598107405242e-08
3,13.5,"Lele Lake","Lele Lake","IE113L-1_S13","JCE094",843,1.09,17.95,56.9,374,234.0600576,13,2,325,9.37,1.024924485,28.9675,1.379483395,7.994874949,0.055555556,0.223136105,0.555523628,232.0232564,8.468861394,2279340,136489,2142851,394128,140947,1292,36203,3472,15,21273,78692,57476,25104.0023744068,361756.002374407,0.0158831065132889,0.00933296480560162,0.158710855938301,0.172913211719182,2279340,136489,2142851,105036,86259,25,4048,12,47055,35119,51103,6690.27319398316,60623.2731939832,0.00177595268805882,0.0206441338282134,0.0265968539989572,0.0460817605096212,2279340,136489,2142851,5005,214,39,4,169,2,208,318.793721542002,5115.793721542,1.71102161151912e-05,7.41442698324954e-05,0.00224441887631595,0.00219581106811621,2279340,136489,2142851,1583272,35723,713,209,34794,7,11608,23120,35441,100846.588030619,1648677.58803062,0.0003128098484649,0.0101432870918775,0.00509270227346513,0.723313585525029,2279340,136489,2142851,24393,2216,1958,110,90,58,2048,1553.71333657823,23898.7133365782,0.00085902059368062,3.94851141119798e-05,0.0104849269247143,0.0107017820948169,2279340,136489,2142851,12639,0.0058982169082218,805.041727586286,0.00554502619179236,0.00035319071642944,2279340,136489,2142851,18378,0.00857642458575048,1170.5876152845,0.00806286030166627,0.0005135642840842,234060.0576,243.1,117030.0288,52.2018348623853,545000.00002452,0.00054500000002452,6.65574525,8.18841436313267e-05,0.0569402496221887,0.000785481288609643,1.30057457504581e-06,7.64221830648e-07,1.29959025235026e-05,1.45422364991449e-07,1.69042721953376e-06,2.17786061299204e-06,1.40105539393936e-09,6.0712400404039e-09,1.83782317637116e-07,2.56141665609934e-08,8.30574377125079e-07,4.17011564432003e-07,5.92279135276214e-05,7.03401656752114e-08,3.23320475524468e-09,8.5854926226727e-07,4.54049721128194e-07,2.89207193533594e-08,6.60220411020963e-07,4.20527716018701e-08
3,14.4,"Lele Lake","Lele Lake","ELS167S10","ELS166",969,1.04,20,56.8,358,244.0911044,13,2,325,7,1.130128357,29.36148148,1.490089686,8.829942627,0.055555556,0.261618815,0.091552896,250.3079863,8.716707143,3885443,236417,3649026,632741,135819,1390,31502,3131,20,20262,79514,51764,40994.7007768648,621971.700776865,0.00810769840144354,0.00521484937496188,0.160077422517037,0.16284912685632,3885443,236417,3649026,163448,80629,50,4291,21,44335,31932,48626,10589.6438709946,125411.643870995,0.00110437857407765,0.0114105392872833,0.0322773088862698,0.0420667604697843,3885443,236417,3649026,8388,506,81,4,419,2,500,543.450716985848,8431.45071698585,2.08470436961757e-05,0.00010783841121848,0.0021700101422118,0.00215882719164842,3885443,236417,3649026,2744463,85375,2317,283,82760,15,50195,32471,84983,177811.204708051,2837291.20470805,0.00059632839807455,0.00835709081306816,0.0129187328188832,0.730236218806466,3885443,236417,3649026,48729,4149,3794,71,205,79,3999,3157.10657939954,47887.1065793995,0.00097646523189247,5.27610365150126e-05,0.0123247481894341,0.0125414270650734,3885443,236417,3649026,23751,0.00650886017255015,1538.80519541379,0.00611281647935641,0.00039604369319374,3885443,236417,3649026,27506,0.00753790189491662,1782.0881522905,0.00707924424576554,0.00045865764915107,244091.1044,232.7,122045.5522,54.6153846153846,519999.999943972,0.000519999999943972,4.9446962964,0.000105163182685772,0.0627849092245015,0.000935551456718759,8.52631368152146e-07,5.48410157497898e-07,1.68342512280266e-05,1.1613996573998e-07,1.19996862761175e-06,3.39438453101187e-06,2.19234146467919e-09,1.13406305395124e-08,2.28205173015397e-07,6.27117922674275e-08,8.78858267896271e-07,1.35857505950089e-06,7.67939648821115e-05,1.02688191567812e-07,5.54851852171894e-09,1.29610974540159e-06,6.42843236143154e-07,4.1649215258881e-08,7.44475855894639e-07,4.82338981479005e-08
3,16.1,"Lele Lake","Lele Lake","IE112L-7_S12","JCE092",1026,0.009,76.05,26.4,311,130.596092,13,2,325,9.739,0.888101234,33.62625,1.484127907,8.245700606,0.1,0.245404158,0.48827007,244.3434214,8.168352956,809615,72372,737243,482116,162355,732,76877,4185,7,19449,61105,96326,47327.2708618461,433117.270861846,0.0949550094798145,0.0240225292268547,0.534966954492995,0.595487978854147,809615,72372,737243,31993,26482,6,1241,13,15954,9268,17195,3140.61631782194,17938.6163178219,0.00153282733150942,0.0197056625680107,0.0221569712984838,0.0395163133094125,809615,72372,737243,1208,75,29,1,45,0,74,118.584206292905,1252.5842062929,3.58194944510662e-05,5.55819741482062e-05,0.00154713562161386,0.00149206721713407,809615,72372,737243,204233,4852,1119,54,3652,27,2183,1415,4717,20048.6822879295,219564.682287929,0.00138213842381873,0.00174774429821582,0.00269634332367854,0.271196410995263,809615,72372,737243,7055,955,842,21,58,34,900,692.559251155996,6847.559251156,0.00104000049406199,7.16389889021325e-05,0.00845779691724585,0.00871401839145767,809615,72372,737243,1168,0.00158428089517296,114.657576945458,0.00144266101789122,0.00014161987728174,809615,72372,737243,9470,0.0128451541757602,929.629498008119,0.0116969176707447,0.00114823650501548,130596.092,202.15,65298.046,2933.33333333333,4499.999999625,4.499999999625e-06,6.4641395125,6.96148341310262e-07,0.0888101234,0.00131805582562054,6.61027723484731e-08,1.67232438753522e-08,3.72416358026101e-07,1.06707520434532e-09,1.37180643111404e-08,1.54245388178986e-08,2.49356816486819e-11,3.86932991100236e-11,1.07703589676851e-09,9.62173371202589e-10,1.21668929423741e-09,1.87705493238181e-09,1.88792931683648e-07,7.23994618903107e-10,4.98713632973638e-11,5.88788129507975e-09,1.00430607467795e-09,9.85884426662462e-11,8.14278983493162e-09,7.99342938398419e-10
3,18.5,"Lele Lake","Lele Lake","IE112L-6_S19","JCE089",1175,0.009,16.5,58.6,370,243.6590437,13,2,325,10.7,1.069258316,29.10928571,1.163232323,6.594837261,0.1,0.265863866,0.60460321,236.7520867,7.913524349,1423808,80831,1342977,260650,87693,812,13299,2410,16,16642,54514,29941,15687.9828545091,246396.982854509,0.00934044477907134,0.0116883737133097,0.173054922331177,0.183065413314155,1423808,80831,1342977,173095,142875,24,5521,58,92739,44533,98260,10418.2290128573,85253.2290128572,0.00387762956803164,0.0651344844248663,0.0598769138906771,0.121571869240797,1423808,80831,1342977,3547,87,21,1,65,0,86,213.486572741007,3674.48657274101,1.47491796646739e-05,4.56522227716097e-05,0.00258074583984709,0.0024912066795523,1423808,80831,1342977,883724,13292,394,273,12620,5,7512,5064,12970,53189.5145218421,923943.514521842,0.00027672270418483,0.00355665932485279,0.00527599226862049,0.648924233128232,1423808,80831,1342977,8382,1175,1064,26,65,20,1129,504.495193886418,7757.49519388642,0.00074729176967681,4.56522227716097e-05,0.00544841382678452,0.00588702971187126,1423808,80831,1342977,4453,0.00331576787986689,268.016833497521,0.00312752843079966,0.00018823944906723,1423808,80831,1342977,9126,0.00679535092559292,549.275010666601,0.006409572077134,0.00038577884845892,243659.0437,240.5,121829.52185,6511.11111111111,4500.0000007564,4.5000000007564e-06,7.58530642903,5.93252236130407e-07,0.1069258316,0.00124379583480775,5.54123975163666e-09,6.93415384214885e-09,1.02665219646345e-07,2.30041241212015e-09,3.86411785342531e-08,3.5522113058232e-08,8.74998381715692e-12,2.70832832435809e-11,1.53103324037353e-09,1.64166363045704e-10,2.10999609762298e-09,3.12999421116584e-09,3.84975752382533e-07,4.43332513402617e-10,2.70832832435809e-11,3.23228368610374e-09,1.85541323513332e-09,1.1167347408709e-10,3.80249296739876e-09,2.28864164500068e-10
3,2.9,"Lele Lake","Lele Lake","IE114L-2_S10","JCE124",135,2.63,40.95,34.2,335,157.0608496,13,2,325,5.911,0.8960144,37.54,4.142178218,13.22172217,0.044,0.114572397,-0.593256487,290.7996503,10.18846727,3250883,193247,3057636,552312,178566,2038,20508,7797,41,44458,103724,64966,34906.914055172,522252.914055172,0.00630843989156177,0.0136756690413035,0.160649557075777,0.169895994411365,3250883,193247,3057636,20886,13531,62,4198,184,1761,7326,5959,1320.0252881638,16247.0252881638,0.00129134146015098,0.00054169897840063,0.00499772686010656,0.00642471599254726,3250883,193247,3057636,3003,316,67,2,245,2,312,189.793926091922,2880.79392609192,2.0609785095311e-05,7.53641395276299e-05,0.00088615736896465,0.0009237490244958,3250883,193247,3057636,2442157,141037,863,96,140077,1,103116,36886,140865,154347.840547076,2455639.84054708,0.00026546633637691,0.0113464557168006,0.031719382087882,0.755376259479986,3250883,193247,3057636,13224,1978,1785,50,100,43,1885,835.775850362829,12174.7758503628,0.00054908158798701,3.07608732765836e-05,0.00374506737103822,0.00406781788209542,3250883,193247,3057636,8858,0.00289700932354276,559.838360746668,0.00272479815483978,0.00017221116870298,3250883,193247,3057636,17196,0.00562395262222187,1086.81197238651,0.00528963976864132,0.00033431285358055,157060.8496,217.75,78530.4248,13.0038022813688,1315000.00001538,0.00131500000001538,3.6920106,0.000356174492027564,0.0394246336,0.00163303858550551,2.24690537386343e-06,4.87092447392335e-06,5.72192743859179e-05,4.59942888603407e-07,1.92939358463695e-07,1.78006282569096e-06,7.34067973711965e-09,2.6842784113348e-08,3.15626650747466e-07,9.45523375094642e-08,4.0413181012447e-06,1.12976348025796e-05,0.000269045755509965,1.95568855682961e-07,1.09562384136114e-08,1.33389746848854e-06,9.70503598677701e-07,6.13372255342569e-08,1.88403475760462e-06,1.19073710802338e-07
3,21.8,"Lele Lake","Lele Lake","ELS165S9","ELS165",1294,0.555,8.93,56.9,378,231.5832316,13,2,325,4.68,1.09434816,27.16,1.8,9,0.077777778,0.240150923,0.542587667,253.406634,8.613935023,1907030,131282,1775748,913779,476971,1136,323934,5771,37,61276,84817,385210,67556.1705140594,596125.170514059,0.169863085530904,0.0321316392505624,0.312593493817118,0.479163411168152,1907030,131282,1775748,137530,115433,29,3962,62,68825,42555,72787,10167.6665044815,74910.6665044815,0.00207757612622769,0.0360901506531098,0.0392813256763037,0.0721173762342491,1907030,131282,1775748,2700,94,22,3,69,0,91,199.612445009089,2808.61244500909,1.1536263194601e-05,3.61819163830669e-05,0.00147276783532985,0.0014158141193374,1907030,131282,1775748,692295,13928,682,318,12927,1,6745,6101,13528,51181.7398583583,729948.739858358,0.00035762415903263,0.00319921553410277,0.00353691342034472,0.382767308253335,1907030,131282,1775748,7954,1402,1281,32,56,33,1337,588.043476889739,7205.04347688974,0.00067172514328563,2.93650335862572e-05,0.00377814899445197,0.00417088352044803,1907030,131282,1775748,12168,0.00685232364051656,899.586752174295,0.00638060229781388,0.00047172134270268,1907030,131282,1775748,9322,0.00524961875221034,689.180449027677,0.00488822934091231,0.00036138941129802,231583.2316,245.7,115791.6158,102.522522522523,277500.000020093,0.000277500000020093,3.408912,8.14042721020939e-05,0.0851159682431885,0.00153208742837739,1.3827580834659e-05,2.6156527046391e-06,2.54464458280329e-05,1.69123572292253e-07,2.93789244397131e-06,3.1976677238848e-06,9.39101108134671e-10,2.94536256642239e-09,1.19889593610403e-07,2.91121343521747e-08,2.60429811851348e-07,2.87919862471289e-07,3.11588941128406e-05,5.46812963418415e-08,2.39043918434281e-09,3.07557468786621e-07,5.19408285626487e-07,3.84001325377341e-08,3.97922751365065e-07,2.94186419721196e-08
3,23,"Lele Lake","Lele Lake","IE112L-5_S18","JCE086",1385,1.295,17.15,49.1,361,209.2478159,13,2,325,8.6,1.053489145,29.18380952,1.554583333,8.701883385,0.083333334,0.271845879,0.510844339,261.1006772,9.031730433,3371215,315432,3055783,1328512,416838,3464,48849,16771,23,176022,171709,224871,137135.129419857,1240776.12941986,0.0144900280759311,0.052213222829158,0.368050133088473,0.394075133149325,3371215,315432,3055783,290300,245729,31,8156,27,154782,82733,162938,29966.1034831335,157328.103483133,0.00241930579924449,0.0459128237148921,0.0466680717436098,0.0861113871408379,3371215,315432,3055783,3420,165,25,3,137,0,162,353.028156776839,3611.02815677684,7.41572400455029e-06,4.06381675449356e-05,0.00107113552733268,0.00101447104382248,3371215,315432,3055783,1378598,15898,1034,273,14590,1,9766,4754,15554,142305.237098315,1505349.23709831,0.0003067143448282,0.00141017407670528,0.00289687842513752,0.446530178911257,3371215,315432,3055783,27347,1741,1585,31,87,38,1672,2822.88333432053,28497.8833343205,0.00047015690188848,2.5806719535835e-05,0.00845329750084777,0.00811191217409747,3371215,315432,3055783,12038,0.00393941585511798,1242.61782201158,0.00357081942267105,0.00036859643244693,3371215,315432,3055783,15568,0.00509460259449051,1607.00068558533,0.00461791965211356,0.00047668294237695,209247.8159,234.65,104623.90795,37.9150579150579,647500.00001233,0.00064750000001233,6.09019238128,0.000106318480513458,0.0877907627856594,0.00136478056617943,1.54055776763035e-06,5.55123051390669e-06,3.91305309027426e-05,2.57216916473072e-07,4.88138165344961e-06,4.96167847627366e-06,7.88428508070966e-10,4.32058822422889e-09,1.13881501689993e-07,3.26094030938151e-08,1.49927565094774e-07,3.07991712392841e-07,4.74744101252476e-05,4.99863674116983e-08,2.74373120808696e-09,8.9874174561835e-07,3.79644095206331e-07,3.91886126204392e-08,4.90970200545952e-07,5.06802061202018e-08
3,24.7,"Lele Lake","Lele Lake","IE112L-4_S17","JCE083",1565,0.575,9.005,75.6,354,328.5528031,13,2,325,10,0.991675736,31.38571429,1.718122867,8.025604689,0.077777778,0.295370876,0.531822182,220.8328886,7.783828669,1959035,102990,1856045,271763,92685,871,13038,2290,14,18588,57884,31626,15079.845246209,255216.845246209,0.00665531754154469,0.00948834502701585,0.130276817538333,0.138722891627766,1959035,102990,1856045,176535,148881,26,4341,66,81108,63340,85449,9795.74291032814,100881.742910328,0.00221588690350096,0.0414020168092964,0.0514956307112064,0.0901132445311084,1959035,102990,1856045,3825,117,42,0,75,0,117,212.24525806217,3920.24525806217,2.14391269170791e-05,3.82841552090698e-05,0.00200111037223029,0.00195249191566256,1959035,102990,1856045,1369262,27612,955,323,26332,2,14030,12225,27210,75978.9193580975,1418030.9193581,0.00048748490966215,0.00624031729907837,0.00716168930110999,0.723841544106204,1959035,102990,1856045,9719,1588,1467,25,68,28,1535,539.297166825158,8723.29716682516,0.0007488380758894,3.47109673895566e-05,0.00445285416892764,0.00496111605969266,1959035,102990,1856045,9608,0.00517659862772724,533.137892669628,0.00490445550998323,0.000272143117744,1959035,102990,1856045,15333,0.00826111435875746,850.812167808431,0.00782681269094222,0.00043430166781524,328552.8031,230.1,164276.40155,131.478260869565,287499.999974559,0.000287499999974559,6.861428571,4.19008952726965e-05,0.0771303352425946,0.00132519392719678,2.78863763314804e-07,3.97570151288202e-07,5.45871528813388e-06,9.28476450797334e-08,1.73478157040475e-06,2.15771302943171e-06,8.9831861169058e-10,1.60414037801889e-09,8.38483161359281e-08,2.04260541467737e-08,2.61474881617079e-07,3.00081193381401e-07,3.0329608733621e-05,3.13769857940493e-08,1.45442060940379e-09,1.86578576196827e-07,2.05501076693407e-07,1.14030402757765e-08,3.27950458882182e-07,1.81976286998838e-08
3,28.5,"Lele Lake","Lele Lake","IE111L-2_S2","ELS164",1878,0.933,17.25,71.7,334,330.2625518,13,2,325,5.49,1.3539,30.49900592,1.507088493,8.325964122,0.066666667,0.26785026,0.426230737,236.0992169,8.513739649,2709311,144961,2564350,797999,324057,2347,126158,4530,31,55048,135943,181206,45110.352736171,661903.352736171,0.0465646062781275,0.0203180808700072,0.244306893057375,0.294539460401556,2709311,144961,2564350,300016,252553,36,9134,37,134171,109175,143305,16959.7049451128,173670.704945113,0.00337133684541937,0.0495221847916315,0.0641014283502753,0.110735164770674,2709311,144961,2564350,3990,146,42,1,103,0,145,225.552046327529,4070.55204632753,1.55020962894256e-05,3.80170456621628e-05,0.00150243070888781,0.00147269914749543,2709311,144961,2564350,1429195,33052,926,207,31915,4,14770,17081,32777,80791.4428198179,1477209.44281982,0.00034178431342876,0.00630455492189712,0.00545157052844801,0.545234357672419,2709311,144961,2564350,10613,1604,1437,28,98,41,1535,599.945831497261,9677.94583149726,0.00053039315161677,3.61715580086598e-05,0.0035721059086599,0.00391723209332557,2709311,144961,2564350,4658,0.00181644471308519,263.313642053542,0.00171925629800344,9.71884150817465e-05,2709311,144961,2564350,17879,0.00697213718876128,1010.68797902002,0.0065990947513962,0.00037304243736508,330262.5518,217.1,165131.2759,76.8488745980707,466499.999972544,0.000466499999972544,3.815604574992,0.000122261096715852,0.0902600004513,0.00136029808058329,5.69303983170571e-06,2.48411085032845e-06,2.9869228680437e-05,4.12183340119532e-07,6.05463662438994e-06,7.83711093115725e-06,1.89530329373991e-09,4.64800569655264e-09,1.83688826208198e-07,4.17869250000746e-08,7.70801799056463e-07,6.66514991631869e-07,6.6660950536193e-05,6.48464484072434e-08,4.4223743520598e-09,4.36729585977934e-07,2.10198160529536e-07,1.18823622159698e-08,8.06812561637521e-07,4.56085775138091e-08
3,30,"Lele Lake","Lele Lake","IE112L-3_S11","JCE077",1895,1.265,18.85,45.1,333,208.3622084,13,2,325,9.605,1.3839,30.29814138,1.459129262,8.228779537,0.066666667,0.242322162,0.405664914,293.6744638,9.199229068,2364294,138441,2225853,415167,160587,1442,33793,3243,24,39091,82994,72884,25822.0712001197,368105.07120012,0.0142930616919892,0.0165338997603513,0.155693442186175,0.175598719956148,2364294,138441,2225853,211506,174221,30,7918,77,90043,76153,97961,13155.0026645964,126700.002664596,0.00334899128450184,0.0380845190995705,0.0535889371899588,0.0894584176079625,2364294,138441,2225853,14913,169,49,1,118,1,167,927.541321461929,15673.5413214619,2.07250028972708e-05,4.99091906505705e-05,0.0066292691693427,0.00630759118789795,2364294,138441,2225853,1553882,42487,514,166,41805,2,17604,24147,42265,96646.5341430903,1608263.53414309,0.00021740105079994,0.0102131968359265,0.00744577451027664,0.680229926626338,2364294,138441,2225853,10355,1345,1226,15,69,35,1295,644.048171644758,9704.04817164476,0.00051854803167457,2.91841877532997e-05,0.00410441686678762,0.00437974295920896,2364294,138441,2225853,3349,0.00150459172281368,208.297182698049,0.00141649050414204,8.8101218671641e-05,2364294,138441,2225853,16681,0.00749420559219319,1037.50531638882,0.00705538312917091,0.00043882246302228,208362.2084,216.45,104181.1042,35.6521739130435,632500.000114719,0.000632500000114719,6.694863520451,9.44754136036684e-05,0.0922600004613,0.00134619266385216,1.35034291501343e-06,1.56204701834078e-06,1.47092023459177e-05,3.16397336758392e-07,3.59805069382873e-06,5.06283700560236e-06,1.95800322065688e-09,4.71519142933699e-09,6.26302946663699e-07,2.05390541921964e-08,9.64895995289833e-07,7.03442626458037e-07,6.42650036636163e-05,4.89900397658231e-08,2.7571882086801e-09,3.87766481091633e-07,1.33823526244488e-07,8.32339907299051e-09,6.66560239260766e-07,4.14579336926104e-08
3,34.2,"Lele Lake","Lele Lake","IE112L-2_S10","JCE073",2107,2.83,31.4,39.2,339,177.8987974,13,2,325,6.032,1.4679,29.78503471,1.336617837,7.980522385,0.066666667,0.216466435,0.234019194,202.9657028,7.590605028,1937301,96090,1841211,560753,242584,1379,35820,4812,16,36367,164190,72187,29264.8456749389,517830.845674939,0.0184896410005466,0.0187719925814316,0.267294987033475,0.28945063260691,1937301,96090,1841211,127783,101479,26,4714,36,49479,47224,54193,6668.80030045443,80258.8003004544,0.00243328217969226,0.0255401716098841,0.0414281520013949,0.0659592907865117,1937301,96090,1841211,1545,84,16,0,66,2,82,80.6311987056345,1543.63119870563,8.25891278639716e-06,3.40680152438883e-05,0.00079679471527947,0.00079750126593647,1937301,96090,1841211,1136788,38325,297,43,37982,3,12938,25011,38246,59327.2356726089,1157869.23567261,0.00015330606859749,0.0129102292312862,0.0066783633519004,0.597671314717026,1937301,96090,1841211,6663,821,732,16,46,27,778,347.731829757697,6232.7318297577,0.00037784525997767,2.37443742608918e-05,0.00321722428768565,0.00343932099348527,1937301,96090,1841211,1328,0.00072126442868307,69.306298952157,0.00068548976127096,3.57746674121146e-05,1937301,96090,1841211,6351,0.00344936023084807,331.449024582191,0.00327827219415052,0.00017108803669754,177898.7974,220.35,88949.3987,13.8515901060071,1415000.00025593,0.00141500000025593,4.2353667062928,0.000334091496293239,0.0978600004893,0.00130801422182827,6.17723182779743e-06,6.27156308993606e-06,8.93009821696955e-05,8.1293888431706e-07,8.53275414873227e-06,1.38407932908098e-05,2.75923253056279e-09,1.13818341885715e-08,2.66202338666263e-07,5.12182538485693e-08,4.31319780136911e-06,2.23118440502633e-06,0.000199676903825358,1.26234888273248e-07,7.932793525368e-09,1.07484727618385e-06,2.2901630003671e-07,1.19520121651063e-08,1.09524286260027e-06,5.71590581781537e-08
3,38,"Lele Lake","Lele Lake","ELS163S8","ELS163",2315,0.536639526,7.25,132.5,340,599.5475113,13,2,325,8,1.5439,29.37244293,1.238105755,7.780897502,0.055555556,0.248763385,0.022542066,237.7440566,8.305119229,3119149,149240,2969909,282373,107065,2192,16477,3217,14,28631,56534,45108,14189.440322919,251454.440322919,0.00528253058766991,0.00917910622416563,0.0806163605274769,0.0905288589932703,3119149,149240,2969909,117999,93576,43,6390,14,46874,40255,53264,5929.5321035089,70664.5321035089,0.00204863570159681,0.0150278168821047,0.0226550678096843,0.0378305108220223,3119149,149240,2969909,2339,216,33,1,180,2,213,117.536382427879,2243.53638242788,1.05798087875892e-05,5.77080479323046e-05,0.00071927836163898,0.00074988402285366,3119149,149240,2969909,2523723,102834,297,46,102486,5,40689,61747,102733,126818.842099202,2547808.8420992,9.52182790883026e-05,0.0197961046426445,0.0130449042350975,0.816828193234502,3119149,149240,2969909,29064,1402,1289,24,56,33,1345,1460.48628425989,29179.4862842599,0.00041325374324855,1.79536149122725e-05,0.00935495107295608,0.00931792613946945,3119149,149240,2969909,1179,0.00039698186038696,59.2455728441511,0.00037798771395659,1.89941464303729e-05,3119149,149240,2969909,13232,0.00445535536610718,664.917234837835,0.00424218272355697,0.0002131726425502,599547.5113,221,299773.75565,246.906896679094,268319.762994532,0.000268319762994532,5.6502045656,4.74885041557853e-05,0.0857722229084,0.00106195082802033,2.50859475765625e-07,4.35902024072684e-07,3.82835037193337e-06,9.72866450289702e-08,7.13648544458209e-07,1.07585528182979e-06,5.02419293576843e-10,2.7404688740555e-09,3.41574534658591e-08,4.52177364219158e-09,9.40087397590583e-07,6.19482988980248e-07,3.87899490489792e-05,1.96248021036526e-08,8.52590316372821e-10,4.44252632905243e-07,1.79500711250633e-08,9.02003601694357e-10,2.01454911897236e-07,1.01232499216449e-08
3,39.5,"Lele Lake","Lele Lake","IE112L-1_S9","JCE068",2405,1.42,17.65,40.2,334,185.1681253,13,2,325,4.961,1.5739,29.2208369,1.201907686,7.707545735,0.066666667,0.209130098,0.071693141,212.194764,7.640450866,3779618,190198,3589420,877938,320684,1732,77055,6743,20,49225,185909,126280,46520.6221963437,798178.622196344,0.0203869809065361,0.0130238029345823,0.211179707101708,0.232282204180422,3779618,190198,3589420,161314,133174,88,9034,54,62174,61824,71208,8547.78771277811,98653.7877127781,0.00239018863811105,0.0164498105364087,0.0261015234113019,0.0426799745371093,3779618,190198,3589420,2158,211,25,0,186,0,211,114.349194020204,2061.3491940202,6.61442505565377e-06,4.92113224140641e-05,0.00054538559029515,0.00057095717080403,3779618,190198,3589420,2528521,97316,329,58,96929,0,37879,58991,97199,133982.547920834,2565304.54792083,8.70458337324036e-05,0.0156076619383229,0.0100219122673244,0.678720587086005,3779618,190198,3589420,9720,962,875,16,49,22,924,515.048269636877,9311.04826963688,0.00023150487694788,1.29642731090814e-05,0.00246348923876351,0.00257168846163819,3779618,190198,3589420,1130,0.00031481409252748,59.8770107705423,0.00029897201251555,1.5842080011933e-05,3779618,190198,3589420,8639,0.00240679552685392,457.767695616562,0.00228568072223172,0.0001211148046222,185168.1253,217.1,92584.06265,28.3098591549296,710000.00004645,0.00071000000004645,3.511354281391,0.000202201185966683,0.1049266671913,0.00126112167763587,4.12227171758172e-06,2.63342839916891e-06,4.27007872280621e-05,4.83298977310145e-07,3.32617119938908e-06,5.27775898930239e-06,1.33744459074094e-09,9.95058775511257e-09,1.10277613166819e-07,1.76007708141507e-08,3.15588775409595e-06,2.02644254610704e-06,0.000137238107648794,4.68105606759324e-08,2.62139139785224e-09,4.98120445694143e-07,6.04524955014902e-08,3.20328736659194e-09,4.62167352776438e-07,2.44895571327319e-08
3,4.5,"Lele Lake","Lele Lake","ELS170S11","ELS170",214,3.160621762,42.7,145.5,387,578.4138342,13,2,325,11.535,0.811839611,40.88214286,3.42908046,11.82915747,0.04,0.085713807,-0.695675986,290.3424007,9.943063942,2648717,164368,2484349,629330,234695,1980,42168,9497,45,35002,146003,77170,41637.3518535439,593797.351853544,0.0159201605909578,0.0132146997961655,0.224183010813743,0.237598052189041,2648717,164368,2484349,13010,8095,61,2118,48,968,4900,3086,860.759772479631,10784.7597724796,0.00079963242581219,0.00036545995665071,0.00407169198237472,0.00491181202068775,2648717,164368,2484349,2398,271,61,7,201,2,262,158.655029546976,2294.65502954698,2.30300179294353e-05,7.58857967838769e-05,0.00086632699134976,0.00090534398352107,2648717,164368,2484349,1813706,114481,671,58,113751,1,84000,29704,114375,119997.322360103,1819328.3223601,0.00025333019722378,0.0112144861078024,0.031713467312665,0.686871539073485,2648717,164368,2484349,9597,1623,1475,35,83,30,1558,634.950925171946,8673.95092517195,0.00055687338435929,3.13359260351332e-05,0.00327477451353691,0.00362326364047197,2648717,164368,2484349,3677,0.00148006580395911,243.27545606515,0.00138821927748416,9.184652647495e-05,2648717,164368,2484349,12631,0.00508422930916711,835.684603089179,0.00476872387650323,0.00031550543266388,578413.8342,251.55,289206.9171,46.0352458966585,1580310.88092408,0.00158031088092408,6.819244821099,0.000231742798855753,0.03247358444,0.00111354533869364,3.68938257358162e-06,3.06241151680194e-06,5.19527983818863e-05,1.85309056413532e-07,8.46927132239377e-08,9.43585296074047e-07,5.33704081266551e-09,1.75859869400945e-08,2.00765041699677e-07,5.87074489393187e-08,2.59887639835109e-06,7.34936767645742e-06,0.000159177532919248,1.29051396699697e-07,7.26187520411862e-09,7.5890541138853e-07,3.2170982078969e-07,2.12847711104839e-08,1.10511741811111e-06,7.31161120197228e-08
3,44.2,"Lele Lake","Lele Lake","IE111L-7_S7","JCE063",2705,1.12,13.7,63.8,309,317.6499876,13,2,325,11.43,1.6679,28.78058405,1.096791136,7.494537558,0.066666667,0.231054424,-0.007257643,222.636025,8.407603457,6576800,235328,6341472,1325577,201190,1445,42384,6168,36,38412,112745,80796,49191.3209198117,1293972.32091981,0.0064444714754896,0.00584053034910595,0.19674801133071,0.201553491059482,6576800,235328,6341472,330017,275093,21,63098,26,108742,103206,171840,12246.721356808,170423.721356808,0.00959402749057292,0.016534180756599,0.0259128636049155,0.0501789624133317,6576800,235328,6341472,4068,441,32,5,403,1,435,150.960897406785,3783.96089740679,4.86558812796497e-06,6.12760004865588e-05,0.00057534985059706,0.00061853789076754,6576800,235328,6341472,4643432,177436,267,65,177102,2,76476,100547,177290,172314.813610468,4638456.81361047,4.05972509427077e-05,0.0152881340469529,0.0116281474273203,0.705275637636916,6576800,235328,6341472,22443,1396,1255,24,85,32,1340,832.845481932271,21935.8454819323,0.00019082228439362,1.29242184649069e-05,0.00333533716730511,0.00341244982362243,6576800,235328,6341472,2018,0.00031822264609857,74.8866988610846,0.00030683615131979,1.13864947787807e-05,6576800,235328,6341472,13917,0.00219460087500189,516.451034712445,0.00211607468677776,7.8526188224128e-05,317649.9876,200.85,158824.9938,56.9642857142857,560000.000083035,0.000560000000083035,8.140379243085,6.8792863742649e-05,0.1111933338893,0.00121955862992073,4.43333648106744e-07,4.01786808490852e-07,1.35348591351107e-05,6.60000625902212e-07,1.13743364388504e-06,1.7826200951548e-06,3.34717741114945e-10,4.21535155216633e-09,3.9579963876477e-08,2.79280115242782e-09,1.05171452237138e-06,7.9993356154708e-07,4.85179308409662e-05,1.31272114093513e-08,8.89093999836568e-10,2.29447395286213e-07,2.11081375490611e-08,7.83309583823045e-10,1.45570837596771e-07,5.40204136673205e-09
3,46.6,"Lele Lake","Lele Lake","ELS162S7","ELS162",2880,0.185,58.8,135.5,340,697.1957808,13,2,325,7.3,1.7159,28.57352261,1.047352308,7.394354717,0.066666667,0.240037627,0.102274255,207.0145776,7.499174107,2704568,126759,2577809,394979,147931,1310,28536,3734,19,35095,79237,63631,19422.3633562456,350770.363356246,0.010551038095548,0.0129761943497076,0.129695523779119,0.146041438041122,2704568,126759,2577809,280813,218895,25,11673,28,109415,97754,121088,13808.4610097179,173533.461009718,0.00431603124787397,0.0404556291429907,0.0641630977700387,0.103829151272957,2704568,126759,2577809,2482,204,28,1,174,1,202,122.047769249002,2402.047769249,1.03528548736804e-05,6.43355981435852e-05,0.00088814471266723,0.00091770663558838,2704568,126759,2577809,1873788,70401,407,95,69899,0,27453,42411,70271,92140.0666581581,1895657.06665816,0.00015048614048528,0.0156812474302735,0.0101506044588267,0.700909375049235,2704568,126759,2577809,14259,1493,1351,16,91,35,1442,701.160008751618,13518.1600087516,0.00049952524765507,3.36467783394612e-05,0.00499826959749269,0.00527219134442173,2704568,126759,2577809,732,0.0002839620778731,35.9947490291174,0.00027065320598335,1.330887188975e-05,2704568,126759,2577809,10756,0.00417253566885677,528.906448848615,0.00397697525076094,0.00019556041809583,697195.7808,221,348597.8904,732.432432432432,105183.946487114,0.000105183946487114,5.21413284947,2.01728551081712e-05,0.1143933339053,0.00119810122285531,2.12844562742285e-07,2.61766888472122e-07,2.61632900937455e-06,8.70666730057012e-08,8.16105545011462e-07,1.29435287460642e-06,2.08846641322679e-10,1.29783269964808e-09,1.79164146037244e-08,3.03573510779746e-09,3.1633553232629e-07,2.04766673008268e-07,1.41393432668271e-05,1.00768504438191e-08,6.78751584298706e-10,1.00829368381797e-07,5.45984790886415e-09,2.6847794428514e-10,8.02269455023835e-08,3.94501197914057e-09
3,48.3,"Lele Lake","Lele Lake","IE111L-6_S6","JCE058",2974,0.781,10.6,41.2,312,203.1558185,13,2,325,8.294,1.7499,28.43320834,1.013850305,7.326466258,0.0625,0.199300743,-0.120129203,271.9827677,9.253315825,6000146,330443,5669703,916437,206175,21489,23434,6465,30,53933,100824,77367,53412.0026377043,892482.002637704,0.00390557163109031,0.00898861461037781,0.148743381017346,0.15273578342927,6000146,330443,5669703,126031,100538,26,9999,21,43664,46828,53663,7345.36919006163,79713.3691900616,0.00166645944948673,0.00727715625586444,0.013285238257546,0.0210046555533815,6000146,330443,5669703,2947,247,24,2,219,2,243,171.757765971163,2875.75776597116,3.99990266903505e-06,3.64991118549449e-05,0.00047928129848359,0.00049115471523526,6000146,330443,5669703,4592259,204764,263,54,204446,1,77198,127175,204636,267647.148490318,4655270.14849032,4.38322667481758e-05,0.0211953175806055,0.0128660202601737,0.775859478834401,6000146,330443,5669703,16637,1421,1276,28,84,33,1360,969.641653363501,16246.6416533635,0.00021266149190369,1.39996593416227e-05,0.00270770772133936,0.00277276586269734,6000146,330443,5669703,602,0.00010617840123195,35.0859094382898,0.00010033089194829,5.84750928365573e-06,6000146,330443,5669703,14790,0.00260860224953582,861.994353143366,0.00246494001979285,0.00014366222974297,203155.8185,202.8,101577.90925,52.752880921895,390499.999922279,0.000390499999922279,5.9357497002804,6.57878144531317e-05,0.10936875,0.00110883540544969,2.56939021799584e-07,5.91341310178244e-07,9.78550195150063e-06,1.09632725056501e-07,4.78748205507257e-07,8.74006789453083e-07,2.63144854621064e-10,2.40119679841722e-09,3.15308691354945e-08,2.88362903188917e-09,1.39439362026808e-06,8.46427353626541e-07,5.10420994352611e-05,1.39905347706861e-08,9.21006991173726e-10,1.78134173164786e-07,6.60055010341131e-09,3.84694855766108e-10,1.62163016660231e-07,9.45122411425369e-09
3,5.6,"Lele Lake","Lele Lake","IE113L-7_S7","JCE117",284,3.36,57.2,54.8,356,236.8193604,13,2,325,9.314,0.848715885,39.70375,3.634638158,12.17800377,0.04,0.072423597,-0.722702554,338.4663828,10.87453084,3830352,208809,3621543,1128457,472762,1914,50148,11713,39,41832,367116,91980,65063.973481193,1101540.97348119,0.0130922693266833,0.0109211894885901,0.287582178734799,0.294609216072048,3830352,208809,3621543,13846,8387,69,1942,52,886,5438,2828,798.325303330652,11816.3253033307,0.00050700301173364,0.00023131033388054,0.00308491890649493,0.00361481138025957,3830352,208809,3621543,2251,265,46,4,214,1,260,129.786960696035,2120.78696069603,1.20093401337527e-05,5.58695388831105e-05,0.00055367939048318,0.00058767444871907,3830352,208809,3621543,2446903,131871,671,72,131125,3,83220,47840,131731,141082.231669485,2456254.23166948,0.00017517972238582,0.0124897137391028,0.0217264627376283,0.641260707023659,3830352,208809,3621543,12617,1753,1577,44,89,43,1666,727.46427503415,11678.4642750341,0.00041171150849843,2.32354624326955e-05,0.00304892716779924,0.00329395314059909,3830352,208809,3621543,3408,0.0009410353542675,196.496651289243,0.00088973546034411,5.12998939233896e-05,3830352,208809,3621543,14061,0.00388259921254559,810.721658972432,0.00367094199175428,0.0002116572207913,236819.3604,231.4,118409.6802,16.3095238095238,1679999.99989454,0.00167999999989454,5.615992725,0.000299145686641633,0.0339486354,0.0012339100563687,3.91649589742786e-06,3.26702672850767e-06,8.60289683235182e-05,1.51667764074436e-07,6.91954886559995e-08,9.22840184517181e-07,3.59254230042437e-09,1.67131315715395e-08,1.65630801445412e-07,5.24042583387967e-08,3.73624399244134e-06,6.49937761394167e-06,0.000191830374518891,1.23161721908025e-07,6.95078836386456e-09,9.12073411131633e-07,2.66160525214048e-07,1.53461419923553e-08,1.09814646274494e-06,6.33163446462731e-08
3,55.5,"Lele Lake","Lele Lake","IE111L-5_S5","JCE051",3455,0.135,2.63,73.8,293,387.5032817,13,2,325,8.972,1.8939,27.88907442,0.88393069,7.06319715,0.066666667,0.327331714,0.196672873,196.2599637,7.453444599,2062856,119835,1943021,307357,101164,1377,15511,2311,20,14590,67355,30101,18956.1132355234,296212.113235523,0.00751918699123933,0.0070727185998441,0.143593209237835,0.148995858169451,2062856,119835,1943021,401728,305154,27,37826,94,165190,102017,203016,24776.4048252695,223488.40482527,0.0183367137599522,0.0800782992123541,0.108339314438463,0.194743598195899,2062856,119835,1943021,2297,96,31,0,65,0,96,141.666505405757,2342.66650540576,1.50277091566256e-05,3.15097127477633e-05,0.00113564228690988,0.0011135047720248,2062856,119835,1943021,1203996,29946,485,304,29154,3,16395,12711,29591,74255.9450772791,1248660.94507728,0.00023511093357946,0.00616184551902799,0.00794771908460891,0.605306887672857,2062856,119835,1943021,9974,1629,1458,35,85,51,1543,615.142239841978,9046.14223984198,0.0007067870951729,4.12050089778443e-05,0.00438525143773583,0.0048350442299414,2062856,119835,1943021,2729,0.00140451389871751,168.309923052813,0.00132292317059455,8.15907281229582e-05,2062856,119835,1943021,14940,0.00768905740082068,921.418193627346,0.00724238628387052,0.00044667111695016,387503.2817,190.45,193751.64085,546.666666666667,67499.9999997851,6.74999999997851e-05,6.4697922430376,1.04331016304928e-05,0.1262600006313,0.00111605089477425,7.84484420582791e-08,7.379039195605e-08,1.49812254542695e-06,1.91308798226836e-07,8.35465034079499e-07,1.1303150781144e-06,1.56785616904562e-10,3.28744035445048e-10,1.1848271395216e-08,2.45293626447454e-09,6.42871605314155e-08,8.29193609403317e-08,6.31522827672819e-06,7.37398159505963e-09,4.29896046351217e-10,4.57517739251625e-08,1.38021918881467e-08,8.51244358612728e-10,7.5560552146908e-08,4.66016515854674e-09
3,58.2,"Lele Lake","Lele Lake","IE111L-1_S1","ELS161",3511,0.137,7.265,33.8,315,165.0793651,13,2,325,5.95,1.9479,27.70305528,0.839516007,6.973195237,0.058333334,0.257325328,0.464352601,308.3025379,10.09956765,1882671,91337,1791334,568183,144973,4491,25093,5644,23,35323,74399,60416,28970.6613456787,536737.661345679,0.0133284041662085,0.0187621735289915,0.285093710661968,0.301796224619171,1882671,91337,1791334,692410,560294,11,28273,63,370501,161446,398774,35304.7796614143,328940.779661414,0.0150174937628508,0.196795403976584,0.174720266930024,0.367780669060075,1882671,91337,1791334,7324,107,28,4,72,3,100,373.438000953479,7597.43800095348,1.48724870144598e-05,3.82435380371823e-05,0.00403545707186942,0.00389021767478226,1882671,91337,1791334,503310,7352,452,244,6654,2,4458,2133,7043,25662.9000901004,521929.9000901,0.00024008443323342,0.00113296481435152,0.0023679123968022,0.277228416483868,1882671,91337,1791334,10025,1330,1188,19,69,54,1257,511.157285576001,9279.157285576,0.0006310183776135,3.6650057285633e-05,0.00492871950838782,0.00532488151142712,1882671,91337,1791334,861,0.00048064738345836,43.9008900629363,0.00045732897569463,2.33184077637231e-05,1882671,91337,1791334,9221,0.00514756042145128,470.162726214095,0.00489782867001191,0.00024973175143936,165079.3651,204.75,82539.68255,246.715328467153,68500.0000085625,6.85000000085625e-05,4.30166821084,1.59240547274069e-05,0.1136275012986,0.00095392106175588,2.12242237371702e-07,2.98769878080765e-07,4.53984785102067e-06,2.39139392548127e-07,3.13378078302527e-06,2.78225509258084e-06,2.36830297150906e-10,6.08992192673757e-10,6.42608392625497e-08,3.82311765400744e-09,1.804139370796e-08,3.77067665963834e-08,4.41460047608146e-06,1.00483711791169e-08,5.83617517979016e-10,7.84851991876055e-08,7.28253163739021e-09,3.71323601385516e-10,7.7993291786732e-08,3.97674207709154e-09
3,6.2,"Lele Lake","Lele Lake","IE113L-6_S6","JCE115",327,2.02,36.9,48.8,345,217.6142698,13,2,325,6.08,0.723388864,45.85058824,4.006666667,12.73431277,0.04,0.024010843,-0.724314756,323.2212355,10.55087214,3424724,207517,3217207,814371,280140,2560,93643,9003,23,46193,128718,139836,52528.7389984543,727063.738998454,0.0273432253226829,0.0134880942230673,0.212298491498426,0.237791716938358,3424724,207517,3217207,19713,12521,121,3601,105,1276,7418,4877,1271.53230146521,16107.5323014652,0.00105147159303932,0.0003725847688748,0.00470330815022326,0.00575608428591618,3424724,207517,3217207,2127,292,38,9,243,2,281,137.196226105439,1983.19622610544,1.10957846530115e-05,7.09546229126785e-05,0.00057908205919818,0.00062107194623566,3424724,207517,3217207,2349560,107429,891,86,106448,4,58613,47793,107297,151551.840624492,2393814.84062449,0.00026016695067982,0.0139552851558257,0.0171146638386042,0.698980367651376,3424724,207517,3217207,12107,1940,1755,46,89,50,1844,780.928401249904,11043.9284012499,0.00051245005436934,2.59874956346847e-05,0.00322476450693542,0.00353517538931604,3424724,207517,3217207,4697,0.00145996201052652,302.966936538432,0.00137149738197881,8.84646285477114e-05,3424724,207517,3217207,14632,0.00454804431297085,943.796511694771,0.00427246108007536,0.00027558323289548,217614.2698,224.25,108807.1349,24.1584158415842,1010000.00005485,0.00101000000005485,3.292284235008,0.000306777886707097,0.02893555456,0.00115935121946712,8.38829688024864e-06,4.13784904145879e-06,6.51284825729918e-05,3.22568233245147e-07,1.14300768014663e-07,1.44287093485776e-06,3.40394136720791e-09,2.17673092692505e-08,1.77649570350812e-07,7.98134673205848e-08,4.28117288849913e-06,5.25040040410937e-06,0.000214431720037839,1.57208344722363e-07,7.97238899161848e-09,9.89286440565702e-07,4.20745068467776e-07,2.71389917941952e-08,1.31069658118384e-06,8.45428417995851e-08
3,6.8,"Lele Lake","Lele Lake","IE113L-5_S5","JCE113",365,1.715,41.2,42.6,369,177.6110069,13,2,325,6.968,1.005337294,39.07,3.537472924,12.39499564,0.04,-0.057158913,-0.798937546,312.5352147,10.48645141,3016234,196511,2819723,566941,182729,1777,47247,7067,32,34879,91727,82126,39511.0239023479,524326.023902348,0.0156642355997578,0.0115637579842943,0.17383466398905,0.187963201794025,3016234,196511,2819723,18835,13137,78,4888,80,1219,6872,6107,1312.64123639095,14040.641236391,0.00162056392176469,0.00040414636264958,0.00465502385968428,0.00624454203486865,3016234,196511,2819723,2307,335,54,2,278,1,332,160.778515123649,2135.77851512365,1.79031202486279e-05,9.21679153540475e-05,0.00070809443667953,0.00076486108173304,3016234,196511,2819723,2202277,103342,706,69,102565,2,50760,51765,103231,153480.201972676,2252526.20197268,0.00023406672028761,0.017162129993893,0.0168289330337103,0.746800878835222,3016234,196511,2819723,11653,1732,1574,33,97,28,1671,812.116184107446,10794.1161841074,0.00052184280132111,3.21593085947576e-05,0.00357867333373586,0.00386342704180113,3016234,196511,2819723,3986,0.00141361403230034,277.790707101371,0.00132151550575983,9.20985265405043e-05,3016234,196511,2819723,13724,0.00486714475145254,956.447482252689,0.0045500448572624,0.00031709989419013,177611.0069,239.85,88805.50345,24.8396501457726,857500.000099941,0.000857500000099941,4.2456024,0.000201973694027482,0.04021349176,0.00142254138280497,3.16376352819987e-06,2.3355749169277e-06,3.51100292358944e-05,3.27311281686477e-07,8.16269337921059e-08,9.40192364726499e-07,3.61595933123358e-09,1.86154943348692e-08,1.43016449096473e-07,4.72753201453858e-08,3.46629879224641e-06,3.39900177135958e-06,0.000150834132201319,1.05398518284474e-07,6.49533435425293e-09,7.22797872932274e-07,2.66911368412908e-07,1.86014796198737e-08,9.18989367812032e-07,6.40458370053041e-08
3,8.6,"Lele Lake","Lele Lake","IE113L-4_S4","JCE107",485,2.69,44.65,38.8,374,159.6051008,13,2,325,8.732,0.788822208,41.692,3.61862069,13.91777188,0.04,-0.087762345,-0.724551239,279.0635139,10.27509224,2960839,208693,2752146,521276,173648,1494,44926,4283,28,31359,91558,76285,39527.9364786607,484518.936478661,0.0151734018634583,0.0105912547085471,0.163642446103507,0.17605685415519,2960839,208693,2752146,16016,11886,127,1867,22,1689,8181,3556,1214.48029574012,13674.4802957401,0.00063056451228857,0.00057044641738372,0.00461844777637019,0.00540927757301224,2960839,208693,2752146,2900,351,73,8,268,2,341,219.904648953944,2778.90464895394,2.46551737531152e-05,9.05148844634916e-05,0.00093855310908629,0.00097945210800046,2960839,208693,2752146,2160993,104638,1872,115,102627,24,46395,56136,104403,163866.34726101,2220456.34726101,0.00063225322281961,0.0189594908740394,0.0156695450174765,0.749941603464765,2960839,208693,2752146,20635,2887,2576,83,136,92,2712,1564.73532109125,19487.7353210913,0.00087002366558938,4.59329264441599e-05,0.00658182877255104,0.00696930836158265,2960839,208693,2752146,6591,0.00239485841230807,499.790186639808,0.00222605822201072,0.00016880019029734,2960839,208693,2752146,23735,0.00862417909514975,1799.80580790409,0.00801630889082453,0.00060787020432522,159605.1008,243.1,79802.5504,14.4237918215613,1345000.0001553,0.0013450000001553,5.09145456,0.000264168124119583,0.03155288832,0.00114177934504011,4.00832910678237e-06,2.79787188842959e-06,4.32291180135035e-05,1.66575044347652e-07,1.50693759990994e-07,1.22004668542797e-06,6.51311100020283e-09,2.39111472336214e-08,2.47935814213928e-07,1.67021147840817e-07,5.00849313845735e-06,4.13939431307413e-06,0.00019811066658652,2.2983251967839e-07,1.21340150140765e-08,1.73870936012111e-06,5.88053624689547e-07,4.4591629621877e-08,2.11765328205225e-06,1.60579931584781e-07
3,9.3,"Lele Lake","Lele Lake","IE113L-3_S3","JCE103",535,1.72,28.85,36,343,161.4711819,13,2,325,7.353,1.392113291,39.062,2.576307692,11.17324414,0.04,0.284039572,-0.525867722,271.3589315,10.51613927,4487915,231703,4256212,524093,167354,1559,23245,4999,31,38410,99110,61655,28530.9849178095,490968.98491781,0.00517946529735969,0.00855853999017361,0.109398013313044,0.116778726869827,4487915,231703,4256212,28609,21724,50,5609,138,4236,11691,9845,1557.43913296612,20321.4391329661,0.00124980085407143,0.00094386814367027,0.00452803565418822,0.00637467509968437,4487915,231703,4256212,3627,629,66,6,555,2,621,197.449464688319,3203.44946468832,1.47061608787154e-05,0.00012366544375283,0.00071379459385668,0.00080817038647122,4487915,231703,4256212,3627491,157676,690,102,156880,4,102335,54460,157485,197476.194130603,3667482.1941306,0.00015374622736838,0.0121348109311339,0.022802348083687,0.817190654041042,4487915,231703,4256212,49268,2066,1848,57,115,46,1963,2682.08994382799,49987.089943828,0.00041177250460403,2.56243712280647e-05,0.0111381543420114,0.0109779262753417,4487915,231703,4256212,7235,0.00169986833362624,393.8645925062,0.00161210718117433,8.7761152451907e-05,4487915,231703,4256212,15889,0.0037331317143037,864.977817599311,0.00354039682124104,0.00019273489306266,161471.1819,222.95,80735.59095,20.9302325581395,860000.000110008,0.000860000000110008,4.48077114,0.00019193124871582,0.05568453164,0.00143460487189549,9.94101242202501e-07,1.6426512674983e-06,2.09968973022024e-05,2.39875838568028e-07,1.81157791437718e-07,8.690715373381e-07,2.82257182126759e-09,2.37352630424767e-08,1.36999487725514e-07,2.95087054041596e-08,2.32904941494291e-06,4.37648314135483e-06,0.000156844422668995,7.90320109954922e-08,4.91811756736019e-09,2.13775987125178e-06,3.0941374434653e-07,1.6844107578834e-08,6.79512782850313e-07,3.69918486966264e-08
4,0.053,"Lama Lake (PG1341)","Lama Lake","210810_A00902_B_L002_APMG-38-1_BH194L-3_S25","EBH011",11,2.35,41.2,17,301,86.88985433,13,2,325,3.725,0.464790039,48.15,0.895,9.078125,0.090909091,-0.434696063,0.419847738,326.5790589,10.88321916,429408,62944,366464,260230,84887,1128,10752,2853,24,18277,51853,29029,44697.206601467,275898.206601467,0.0250391236306729,0.0425632498695879,0.642508305857057,0.606020381548551,429408,62944,366464,8554,5455,0,411,17,60,4967,471,1469.23838630807,9552.23838630807,0.00095713167896266,0.0001397272524033,0.0222451337336707,0.0199204486176317,429408,62944,366464,901,207,11,7,188,1,199,154.756112469438,856.756112469438,2.56166629406066e-05,0.00043781205753036,0.00199520295958491,0.00209823757358969,429408,62944,366464,86654,4258,105,35,4115,3,1695,2409,4209,14883.7249388753,97328.7249388753,0.00024452269170579,0.00561004918399285,0.00394729488039347,0.226657921927107,429408,62944,366464,3264,488,438,7,23,20,461,560.625916870416,3363.62591687042,0.00102000894254415,5.35621134212683e-05,0.00783317012461439,0.00760116253074,429408,62944,366464,197,0.00053756985679357,33.8367970660147,0.00045877114539086,7.87987114027095e-05,429408,62944,366464,6664,0.0181845965770171,1144.61124694377,0.0155190401669275,0.00266555641008962,86889.85433,195.65,43444.927165,7.23404255319149,1174999.99997681,0.00117499999997681,1.9314125,0.000608363050346216,0.0422536399513445,0.000378170077564534,1.52328776299522e-05,2.58939085233107e-05,0.000390878312823979,5.82283547796719e-07,8.50048974885673e-08,1.35331174135754e-05,1.55842312062383e-08,2.66348678797523e-07,1.21380775855287e-06,1.48758570605002e-07,3.41294663416619e-06,2.40138835405217e-06,0.000137890304768709,6.20535751666577e-07,3.25852107039528e-08,4.76541127089126e-06,2.79099413420811e-07,4.79382244323035e-08,9.44121061439747e-06,1.62162602851203e-06
4,0.26,"Lama Lake (PG1341)","Lama Lake","BH194L-4_S16_BH194L-7_S17","EBH012",27.5,1.44,17.35,12.65,304,64.01821862,13,2,325,2.237,0.476252167,46.9525,0.75625,8.751302084,0.076923077,-0.600673821,0.465722222,309.9105423,10.0744,956162,127379,828783,751072,282581,1909,26437,6568,33,36348,211286,62785,115435.283165799,803722.283165799,0.0276490803859597,0.0380144787180415,0.840571245422636,0.785507058427338,956162,127379,828783,6309,4181,0,481,16,68,3616,549,969.655640861359,6729.65564086136,0.00050305282995977,7.11176557947293e-05,0.00703819608064466,0.00659825427071982,956162,127379,828783,793,139,25,3,110,1,135,121.879366492797,779.879366492797,2.61461969833564e-05,0.00011504326672676,0.00081563518158303,0.00082935736831206,956162,127379,828783,41611,2185,130,34,2021,0,731,1282,2143,6395.3623192078,45863.3623192078,0.00013596022431345,0.00134077698130651,0.00076451479979334,0.0479661002206821,956162,127379,828783,11215,1242,1135,20,46,41,1181,1723.67855638931,11757.6785563893,0.00118703734304438,4.81090024493757e-05,0.0122967431840936,0.0117291839667337,956162,127379,828783,313,0.00037766218660373,48.1062316673967,0.00032735038623162,5.03118003721092e-05,956162,127379,828783,17470,0.021079100319384,2685.03471958281,0.0182709624519694,0.00280813786741453,64018.21862,197.6,32009.10931,8.78472222222222,719999.999960841,0.000719999999960841,1.186672575,0.000606738552090361,0.0366347821135579,0.000277050539733781,1.67757630000072e-05,2.30648497758544e-05,0.000510006980376522,3.0522154567475e-07,4.31498235049548e-08,4.2703448992984e-06,1.5863905700351e-08,6.98011850815396e-08,4.94877309107647e-07,8.24923096418234e-08,8.13501084313997e-07,4.63860602678264e-07,2.91028821973178e-05,7.20221318795937e-07,2.91895864886459e-08,7.46090815494397e-06,1.98616099368394e-07,3.05261089108328e-08,1.10856973034053e-05,1.70380550374521e-06
4,0.712,"Lama Lake (PG1341)","Lama Lake","210810_A00902_B_L002_APMG-38-2_BH194L-6_S26","EBH014",57,1.35,18.6,23.2,277,128.8530964,13,2,325,4.536,0.494810128,47.3,0.71,8.375,0.05,-0.517725264,0.470502339,312.655372,10.9506,630348,100710,529638,460495,151195,1484,20060,4499,20,26970,98162,47030,87562.5454555753,501027.545455575,0.0318236910405046,0.0427858896990234,0.794842762181486,0.730540907562172,630348,100710,529638,6583,4924,0,268,14,34,4608,302,1251.74917585219,7532.74917585219,0.0004251619740207,5.39384593906858e-05,0.0119501436918213,0.0104434375932025,630348,100710,529638,601,124,5,2,116,1,121,114.279394605372,594.279394605372,7.9321263809832e-06,0.00018402533203881,0.0009427798527248,0.00095344159099418,630348,100710,529638,38079,2007,97,22,1888,0,742,1131,1970,7240.67398864885,43349.6739886489,0.00015388325179107,0.0017942469873784,0.00117712755493791,0.0687710185304766,630348,100710,529638,9054,1143,1042,23,48,30,1090,1721.60672006163,9685.60672006163,0.0016530551377969,7.61484132574387e-05,0.0153654913160058,0.0143634944506844,630348,100710,529638,235,0.00044369928139597,44.6849546293884,0.00037280993990621,7.08893414897618e-05,630348,100710,529638,14591,0.0275490051695686,2774.46031062726,0.0231475312049852,0.00440147396458347,128853.0964,180.05,64426.5482,17.1851851851852,675000.000198427,0.000675000000198427,2.390472,0.000282371013004305,0.0247405064,0.00017565759544,8.98608787664331e-06,1.20814950166037e-05,0.000224440555936326,1.20053417295135e-07,1.52306574180395e-08,3.37437417980658e-06,2.2398025614764e-09,5.19634194262524e-08,2.66213702053951e-07,4.3452169692641e-08,5.06643339405961e-07,3.32386700123098e-07,1.94189421677885e-05,4.66774853811682e-07,2.15021045901734e-08,4.33876934820941e-06,1.05270720389391e-07,2.00170951676721e-08,6.53619183490043e-06,1.24284866209151e-06
4,1.195,"Lama Lake (PG1341)","Lama Lake","BH194L-7_S18_BH194L-4_S17","EBH015",80.5,0.503,7.415,17.9,314,87.70210681,13,2,325,2.007,0.510183601,48.92,0.6328125,7.87890625,0.039136303,-0.627536415,0.487019815,315.9949561,11.0591,705170,97544,607626,548784,204886,1385,19413,4784,19,26872,152413,46285,88097.9196018604,590596.91960186,0.0275295318859282,0.0381071231050669,0.837524170911781,0.778229363132294,705170,97544,607626,4725,3129,1,357,4,52,2715,409,758.518233255325,5074.51823325532,0.00050626090162655,7.3741083710311e-05,0.00719616295823039,0.00670051193329268,705170,97544,607626,581,107,11,4,92,0,103,93.2696494225066,571.269649422507,1.55990754002581e-05,0.0001304649942567,0.00081011621229279,0.00082391480068635,705170,97544,607626,30766,1573,84,30,1458,1,519,934,1537,4938.95702948853,34167.9570294885,0.00011912021214742,0.00132450331125828,0.00073599273933945,0.0484535034523427,705170,97544,607626,8406,948,863,14,29,42,892,1349.44005687709,8863.44005687709,0.00122381837003843,4.1124835146135e-05,0.0125692245229903,0.0119205298013245,705170,97544,607626,253,0.00041637454618466,40.6148387330364,0.00035877873420593,5.75958119787235e-05,705170,97544,607626,14111,0.0232231668822598,2265.28059036315,0.0200107775430038,0.003212389339256,87702.10681,204.1,43851.053405,35.5864811133201,251499.99999889,0.00025149999999889,1.0251756,0.00024532382549769,0.0199666999943671,0.000126351773401854,6.75365007641655e-06,9.34858521884644e-06,0.00020546463355486,1.24197861086935e-07,1.80904447521589e-08,1.76539022581786e-06,3.82682485141823e-09,3.20061714845879e-08,1.98740808297366e-07,2.92230261381015e-08,3.24932219202239e-07,1.80556554353278e-07,1.18867988256943e-05,3.00231804252176e-07,1.00889018810117e-08,3.08353024351936e-06,8.80169715826178e-08,1.41296249272662e-08,4.90912049803297e-06,7.8807564169428e-07
4,1.817,"Lama Lake (PG1341)","Lama Lake","BH195L-1_S27_210810_A00902_B_L002_APMG-38-3","EBH016",100,1.385,19.2,31.55,281,172.7347386,13,2,325,4.95,0.518849755,49.55,0.8125,10.15625,0.03030303,-0.730793566,0.400457046,306.6387089,10.6946,1056026,144660,911366,799851,315441,1595,30547,8025,27,39356,235891,69903,126959.361727341,856907.361727341,0.0289263711310138,0.0372680218100691,0.811445325898549,0.757416010590648,1056026,144660,911366,6573,4617,2,481,8,85,4041,566,1043.32417491985,7050.32417491985,0.00045548120974294,8.04904424701665e-05,0.00667627896938129,0.00622427856889887,1056026,144660,911366,744,122,9,6,107,0,116,118.094201451448,746.094201451448,8.52251743801763e-06,0.00010132326287421,0.00070651120469708,0.00070452810820945,1056026,144660,911366,70031,3387,91,43,3251,2,916,2323,3330,11115.9341691483,77816.9341691483,8.61721207621782e-05,0.00219975644539055,0.00086740288591379,0.0736884642699595,1056026,144660,911366,11487,1320,1170,29,62,59,1232,1823.31732805481,12078.3173280548,0.00110792726694229,5.87106756841214e-05,0.0114375188944731,0.0108775730900565,1056026,144660,911366,470,0.00051570938569136,74.6025197341134,0.00044506479954092,7.06445861504484e-05,1056026,144660,911366,22210,0.0243700116089474,3525.36587935034,0.0210316791442635,0.00333833246468395,172734.7386,182.65,86367.3693,22.7797833935018,692500.000116112,0.000692500000116112,2.497275,0.00027730225950931,0.0157227196912577,0.000127747097491468,8.021348074035e-06,1.03345066553744e-05,0.000225015622339936,1.26305968625751e-07,2.23201815658813e-08,1.85134724332392e-06,2.36331334226978e-09,2.80971697358742e-08,1.95917153431145e-07,2.38957237940611e-08,6.09997432676967e-07,2.4053278016879e-07,2.04339776418308e-05,3.07230734495071e-07,1.62806030245252e-08,3.17164983261781e-06,1.23417474540755e-07,1.95899033616194e-08,5.8321321479791e-06,9.25727135450143e-07
4,10.086,"Lama Lake (PG1341)","Lama Lake","JK105L-6_S21","ELS123",380.5,0.656,15.5,59.5,392,233.5164835,13,2,325,3.45,0.72225741,49.405,0.823125,8.23125,0.073232324,-0.493477124,0.140123064,336.4123899,8.4061,1707480,272996,1434484,596770,303220,1333,118187,13806,15,58579,111300,176766,113571.028272187,533575.028272187,0.0692172089863424,0.0343072832478272,0.312492695827879,0.3495033616792,1707480,272996,1434484,5750,2657,1,565,5,116,1970,681,1094.27989437317,6163.27989437317,0.0003308969944011,6.79363740717314e-05,0.00360957662424928,0.00336753578372807,1707480,272996,1434484,1374,262,42,3,217,0,259,261.485317368475,1376.48531736848,2.45976526811441e-05,0.00012708787218591,0.00080615018469819,0.00080469463771171,1707480,272996,1434484,781442,45345,396,84,44864,1,11760,33051,45207,148715.87290761,884950.87290761,0.00023192072527935,0.0193565956848689,0.00688734275072036,0.51827890980135,1707480,272996,1434484,15847,2024,1826,28,92,78,1918,3015.83538889245,16944.8353888925,0.0010694122332326,5.38805725396491e-05,0.00992388513416992,0.00928092861995455,1707480,272996,1434484,1187,0.00082747524545411,225.897432107991,0.0006951765174409,0.0001322987280132,1707480,272996,1434484,32114,0.0223871440880484,6111.60078746086,0.0188078337667205,0.00357931032132784,233516.4835,254.8,116758.24175,90.7012195121951,327999.999976847,0.000327999999976847,1.7455275,0.000187908812652248,0.0528925886605208,0.000435372120411912,1.30065235557261e-05,6.44664086042357e-06,5.87201314355169e-05,6.21784613281083e-08,1.2765843387718e-08,6.78271257639992e-07,4.62211570934618e-09,2.3880931164955e-08,1.51482724026027e-07,4.35799481166909e-08,3.63727491213335e-06,1.29419239861693e-06,9.73891745634733e-05,2.00951982982527e-07,1.01246344109488e-08,1.86478547245917e-06,1.30629793976044e-07,2.48600968963631e-08,3.53415771166531e-06,6.72583952594651e-07
4,10.402,"Lama Lake (PG1341)","Lama Lake","JK081L-3_S3","EBH023",388.5,0.168,1.465,48.6,350,213.6263736,13,2,325,3.45,0.728592554,47.9475,0.853125,8.53125,0.105555556,0.245794037,0.25894675,336.3408131,8.7019,725237,107397,617840,383327,147468,618,33904,1214,2,8288,103442,42192,66632.4126294834,407767.412629483,0.0467488558912466,0.0114279883679404,0.562254011625832,0.528554114034447,725237,107397,617840,5355,3772,0,750,32,135,2855,885,930.841212935388,5400.84121293539,0.00103414470028418,0.00018614604605115,0.00744700175657804,0.00738379316002907,725237,107397,617840,1823,126,45,3,78,0,123,316.885813479218,2016.88581347922,6.2048682017051e-05,0.00010755104882955,0.00278100236678385,0.00251366105149075,725237,107397,617840,204402,8108,158,65,7885,0,3931,3937,8026,35530.4959115629,231906.495911563,0.00021785981685986,0.00542857024669177,0.0054202970890895,0.319766498277891,725237,107397,617840,9596,572,519,15,18,20,537,1668.03964133109,10727.0396413311,0.00071562813259665,2.48194728068204e-05,0.0147910815930945,0.013231536725236,725237,107397,617840,414,0.00067007639518321,71.9641946134922,0.00057084787455686,9.922852062635e-05,725237,107397,617840,12923,0.020916418490224,2246.36059659459,0.0178190026156967,0.00309741587452734,213626.3736,227.5,106813.1868,289.285714285714,83999.9999896296,8.39999999896296e-05,1.79581125,4.67755171873601e-05,0.07690699213493,0.000656112776651122,2.18670191223043e-06,5.34550066321548e-07,2.62997221844663e-05,4.837265320236e-08,8.70707757642469e-09,3.48337358659117e-07,2.90235919214161e-09,5.03075593304522e-09,1.30082824005587e-07,1.01905056079635e-08,2.53924180876923e-07,2.53537199651304e-07,1.49572433361394e-05,3.3473876016033e-08,1.16094367685664e-09,6.91860491277437e-07,2.67017045677024e-08,4.64146537203415e-09,8.33493063112136e-07,1.44883229475356e-07
4,11.508,"Lama Lake (PG1341)","Lama Lake","BH193L-5_S24_210810_A00902_B_L001_APMG-37-3","EBH005",418,0.989,14.6,103.5,400,398.0769231,13,2,325,3.15,0.756128268,50.315,0.719375,8.524305556,0.083333333,-0.456977228,0.244277773,275.2708899,7.9708,897112,109751,787361,469125,183555,1156,63926,12973,20,20820,84660,84746,65391.7807397115,449770.780739712,0.071257546437903,0.0232078045996486,0.50135410153884,0.522928017906348,897112,109751,787361,11752,7363,1,510,25,212,6615,722,1638.12247749127,12668.1224774913,0.00056849089076949,0.00023631386047673,0.0141210043756981,0.0130998136241629,897112,109751,787361,534,115,9,3,103,0,112,74.4347688036365,496.434768803636,1.00321921900498e-05,0.00011481286617501,0.00055336989005122,0.00059524340327629,897112,109751,787361,269864,17342,112,40,17190,0,7375,9760,17247,37616.6000906827,290233.600090683,0.00012484505836506,0.0108793550860985,0.00822082415573529,0.323519917346644,897112,109751,787361,5835,768,682,9,53,24,735,813.346209680185,5913.34620968018,0.00076021723040155,5.90784651191824e-05,0.00659153618464605,0.00650420460321565,897112,109751,787361,527,0.00066932449029098,73.4590321339259,0.00058744058712847,8.18839031625102e-05,897112,109751,787361,29724,0.0377514253309473,4143.2566814968,0.0331329867396713,0.004618438591276,398076.9231,260,199038.46155,104.651162790698,494500.000028667,0.000494500000028667,1.5650775,0.000315958794391119,0.0630106887479572,0.000453283142180617,2.2514448463789e-05,7.33270996176964e-06,0.000158407237485255,1.79619696469861e-07,7.46654424541387e-08,4.46165551813729e-06,3.16975934946814e-09,3.62761347772451e-08,1.7484208331293e-07,3.94458941267133e-08,3.43742791675657e-06,2.59744168914751e-06,0.00010221896304636,2.40197319593029e-07,1.86663606135347e-08,2.0826538260862e-06,1.85607019685523e-07,2.58719393232659e-08,1.04686585448435e-05,1.45923628926898e-06
4,11.769,"Lama Lake (PG1341)","Lama Lake","JK081L-4_S4","EBH024",425.5,0.009,0,47.4,276,264.2140468,13,2,325,2.75,0.764520352,48.075,0.68,8.537946429,0.1,0.304920455,0.350579013,296.2530843,9.569,651282,56128,595154,303460,102452,1327,17232,2769,8,18110,63006,35342,28618.8161047393,296736.816104739,0.0264585847605185,0.0278066951028894,0.455619556666297,0.46594255637343,651282,56128,595154,4510,2799,2,987,119,176,1515,1163,425.33072112428,3772.33072112428,0.00151547256027343,0.00027023624175088,0.00579216179953427,0.00692480369486643,651282,56128,595154,1464,117,63,1,53,0,116,138.067444728591,1486.06744472859,9.67322910812828e-05,8.13779591636188e-05,0.00228175727983975,0.002247874192746,651282,56128,595154,270064,11519,309,213,10995,2,5967,5002,11278,25469.2939844141,284255.293984414,0.00047444885625581,0.0076802368252155,0.00916192985527007,0.436455013318983,651282,56128,595154,12793,340,310,5,15,10,325,1206.48689918912,13674.4868991891,0.00047598428944758,2.30314978764959e-05,0.0209962610653897,0.0196427968222675,651282,56128,595154,165,0.0002772391683497,15.5608800411322,0.00025334647664145,2.38926917082496e-05,651282,56128,595154,2698,0.00453328046186365,254.443965763483,0.00414259875138573,0.00039068171047792,264214.0468,179.4,132107.0234,5266.66666666667,4499.99999961266,4.49999999961266e-06,1.4279375,3.15139843278341e-06,0.0764520352,0.00051987383936,8.3381542547965e-08,8.76299753681317e-08,1.43583875682364e-06,4.77585785137195e-09,8.51622068735001e-10,1.82534096174802e-08,3.04841990513103e-10,2.56454372971341e-10,7.19072631567912e-09,1.49517738204044e-09,2.42034862943896e-08,2.88728913871696e-08,1.3754436449539e-06,1.50001614379463e-09,7.25814263126436e-11,6.61675842157804e-08,7.98395689439064e-10,7.52953912043549e-11,1.30549792127675e-08,1.23119373011726e-09
4,12.977,"Lama Lake (PG1341)","Lama Lake","JK081L-2_S2","EBH022",457.5,0.708,6.925,29.9,258,178.2945736,13,2,325,4.4,0.7965297,45.92,0.618125,10.30208333,0.105555556,-0.023091299,0.090500966,278.6611386,7.8177,1881710,291864,1589846,903189,302649,1532,92087,25714,8,27583,155725,119670,165807.477136779,949326.477136779,0.0489379341131205,0.0146584755355501,0.504502009946686,0.479983100477757,1881710,291864,1589846,14155,5715,6,1106,33,509,4061,1615,2598.57553498892,15138.5755349889,0.00058776325788777,0.00027049864219247,0.00804511616295227,0.00752241312423275,1881710,291864,1589846,1237,148,38,6,103,1,141,227.088515491438,1323.08851549144,2.0194397648947e-05,5.47374462589878e-05,0.0007031309370155,0.00065738078662493,1881710,291864,1589846,610088,29637,215,62,29358,2,13639,15695,29549,111999.982408359,692538.982408359,0.00011425777617167,0.00834081766053218,0.00724819446142073,0.368037042056618,1881710,291864,1589846,17561,1169,1059,14,54,42,1113,3223.84916778103,19671.849167781,0.00056278597658512,2.86973019221878e-05,0.0104542406469546,0.00933246887139889,1881710,291864,1589846,1160,0.0007296304170341,212.952852037241,0.00061646055980996,0.00011316985722414,1881710,291864,1589846,42456,0.0267044732634482,7794.07438456303,0.0225624564890445,0.00414201677440362,178294.5736,167.7,89147.2868,42.2316384180791,353999.999913809,0.000353999999913809,2.37952,0.000148769499694816,0.0840781353540132,0.000519707974156994,7.28047197410681e-06,2.18073407171249e-06,7.50545116147976e-05,8.74412458149587e-08,4.02419476671008e-08,1.19686790654909e-06,3.00431043487202e-09,8.1432624945215e-09,1.04604437719743e-07,1.69980721973016e-08,1.24085927040306e-06,1.0783102637163e-06,5.47526866159231e-05,8.37253881718268e-08,4.26928324955496e-09,1.55527215073665e-06,9.1710529064514e-08,1.68362230397691e-08,3.35660536376121e-06,6.16205763255563e-07
4,13.553,"Lama Lake (PG1341)","Lama Lake","JK115L-4_S23","ELS121",475,0.043301258,0.585,51,270,290.5982906,13,2,325,3.57,0.817352645,45.46,0.4875,9.75,0.1,0.333492594,0.258866325,247.2910147,8.7498,1311505,95147,1216358,593527,210958,1997,40039,4152,14,37223,127533,77262,46427.3786738773,562692.378673877,0.030529048688339,0.0283818971334459,0.429043258450313,0.452554126747515,1311505,95147,1216358,6623,4513,5,1697,27,213,2571,1910,518.069993373661,5231.06999337366,0.00129393330562979,0.00016240883565064,0.00398860087714013,0.00504992356109965,1311505,95147,1216358,1103,105,20,0,84,1,104,86.2798131800013,1085.27981318,1.52496559296381e-05,6.404855490448e-05,0.00082750718691884,0.00084101852451954,1311505,95147,1216358,595760,24493,351,252,23889,1,12480,11378,24209,46602.050317423,618153.050317423,0.00026763146156514,0.00867552925837111,0.00951578530009417,0.471331066459848,1311505,95147,1216358,13822,634,567,15,27,25,594,1081.19635337623,14309.1963533762,0.00043232774560524,2.05870355050114e-05,0.010910516050931,0.0105390372129729,1311505,95147,1216358,388,0.00031898503565562,30.3504691875254,0.00029584332503497,2.31417106206422e-05,1311505,95147,1216358,5135,0.00422161896415365,401.674379582327,0.00391534915993458,0.00030626980421906,290598.2906,175.5,145299.1453,1177.79488069377,21650.6290001274,2.16506290001274e-05,1.947078,1.11195488830583e-05,0.0817352645,0.0003984594144375,3.39469249243252e-07,3.15593892569284e-07,4.77076748528487e-06,1.43879546433677e-08,1.80591298705787e-09,4.43514424283688e-08,1.69569294559431e-10,7.12191037149608e-10,9.20150661602609e-09,2.97594111951791e-09,9.646797167486e-08,1.05811239805085e-07,5.24098883360427e-06,4.80728950075985e-09,2.28918547655231e-10,1.21320016567719e-07,3.28964431445285e-09,2.5732538248382e-10,4.35369163781338e-08,3.40558205941853e-09
4,13.743,"Lama Lake (PG1341)","Lama Lake","210810_A00902_B_L001_APMG-37-4","EBH007",484.5,0.268,2.93,90.4,374,371.8634307,13,2,325,1.66,0.825363634,46.9525,0.514375,10.2875,0.1,0.219459909,0.325366954,249.4601377,8.107,937067,66456,870611,734378,283681,960,117718,36593,7,24256,104147,141974,56056.9810948862,648460.981094886,0.125623888153142,0.0258850220955385,0.692011330134223,0.783698497546067,937067,66456,870611,4360,2787,2,1500,33,188,1064,1688,332.810129897279,3004.81012989728,0.00160073932813769,0.00020062599579325,0.00320661183234206,0.00465281564712022,937067,66456,870611,454,114,14,0,100,0,114,34.6549997645332,374.654999764533,1.49402337292851e-05,0.00010671595520917,0.00039981666173767,0.00048449043664967,937067,66456,870611,106415,4076,115,30,3931,0,1995,1924,4034,8122.93348005022,110503.93348005,0.00012272334849055,0.00205321497822461,0.00212898330642313,0.117925328156952,937067,66456,870611,6923,442,366,8,45,23,411,528.450580109831,7040.45058010983,0.00039058039606559,4.80221798441307e-05,0.00751328408759441,0.00738794557913148,937067,66456,870611,336,0.00038593585424489,25.6477531296986,0.00035856560950284,2.737024474205e-05,937067,66456,870611,17745,0.0203822373023084,1354.52196216221,0.0189367462518689,0.00144549105043952,371863.4307,243.1,185931.71535,337.313432835821,134000.000004699,0.000134000000004699,0.8805885,0.000152170962946596,0.0825363634,0.00042454641923875,1.91163080293591e-05,3.93894873817202e-06,0.00010530403047648,2.435860449892e-07,3.05294509719786e-08,4.87953210323441e-07,2.27346975323253e-09,1.62390696659452e-08,6.08404864187148e-08,1.86749301158377e-08,3.12439700372814e-07,3.23969439835636e-07,1.79448107414368e-05,5.94349949773638e-08,7.307581349676e-09,1.14330367450058e-06,5.45632740775804e-08,4.16495649848177e-09,2.88162291222224e-06,2.19961765076069e-07
4,13.956,"Lama Lake (PG1341)","Lama Lake","JK109L-4_S22","ELS122",503,0.009,0,85.2,362,362.0909477,13,2,325,3.43,0.842068967,44.24,0.54,9,0.111111111,0.302288663,0.345217025,266.5228313,9.0859,1763460,173865,1589595,1102548,654842,1624,65210,26718,11,29323,531956,94533,120593.300821907,1128608.30082191,0.0369784401120524,0.01662810610958,0.639996541357279,0.62521860433466,1763460,173865,1589595,9385,5752,5,2738,32,272,2705,3010,1026.50236380965,7401.50236380965,0.0015526294897531,0.00015424222834654,0.00419714785921407,0.00532192394497182,1763460,173865,1589595,997,180,16,2,162,0,178,109.048786011531,928.048786011531,9.07307225567918e-06,9.18648565887517e-05,0.00052626585576737,0.000565365814932,1763460,173865,1589595,434662,14020,259,99,13660,2,7061,6574,13894,47541.9893935248,468309.989393525,0.0001468703571388,0.00372789856305218,0.00400406019983442,0.265563148238987,1763460,173865,1589595,15385,1258,923,25,261,49,1184,1682.76386438055,15883.7638643805,0.00052340285574949,0.00014800449117076,0.00900715857710441,0.00872432604085151,1763460,173865,1589595,660,0.0004152000981382,72.188765062799,0.00037426423054676,4.0935867591439e-05,1763460,173865,1589595,25958,0.0163299456779872,2839.20600530324,0.0147199256008075,0.00161002007717966,362090.9477,235.3,181045.47385,9466.66666666667,4499.99999967306,4.49999999967306e-06,1.912568,2.3528575191434e-06,0.0935632184619923,0.000505241379694759,8.70050008638366e-08,3.91235644890397e-08,1.50582067455825e-06,3.65311596940937e-09,3.62909986734591e-10,9.87529089950847e-09,2.13476462785062e-11,2.16144918569875e-10,1.2382285758107e-09,3.45565024133303e-10,8.77121416468122e-09,9.42098314828326e-09,6.24832250141495e-07,1.23149234469132e-09,3.48233479918116e-10,2.11925607842571e-08,8.80590408988365e-10,9.63162638651761e-11,3.46338876310914e-08,3.78814784456401e-09
4,13.959,"Lama Lake (PG1341)","Lama Lake","JK109L-4_S21","ELS122",503.5,0.27646188,3.735,85.2,362,362.0909477,13,2,325,3.43,0.842573505,44.0875,0.54,9,0.118055556,0.295973234,0.348883917,267.0307034,9.144,1133423,118246,1015177,704003,415543,1050,40743,17007,9,18809,337925,59552,82001.0094180621,726452.009418062,0.0359468618512241,0.016594863524033,0.640936357757044,0.621129975304895,1133423,118246,1015177,5840,3529,1,1689,15,158,1666,1847,680.232747589829,4673.23274758983,0.00149017621841096,0.00013940073564768,0.00412311444852436,0.00515253352014208,1133423,118246,1015177,615,105,9,2,94,0,103,71.6340992752988,583.634099275299,7.94054823309568e-06,8.29346148789993e-05,0.00051493052397498,0.00054260412926153,1133423,118246,1015177,276900,9160,146,49,8965,0,4485,4461,9092,32252.816405415,300060.816405415,0.00012881333800355,0.00393586507420442,0.00395703986949268,0.26473859839214,1133423,118246,1015177,10082,860,635,17,187,21,822,1174.33331527409,10434.3333152741,0.00056024979200175,0.00016498694662098,0.00920603633001455,0.00889517858734118,1133423,118246,1015177,445,0.00043834720447764,51.8328035406634,0.00039261599596973,4.57312085079122e-05,1133423,118246,1015177,17292,0.0170334828310728,2014.14121084304,0.0152564400051878,0.00177704282588498,362090.9477,235.3,181045.47385,308.179919777729,138230.939989957,0.000138230939989957,1.91779875,7.20779174509094e-05,0.0994704836036438,0.000537140611459676,2.59097494113177e-06,1.19612320319436e-06,4.61973578856987e-05,1.07408798457933e-07,1.00477147166095e-08,2.97185502861391e-07,5.72338180060035e-10,5.97775432507147e-09,3.71151198000221e-08,9.28459714319596e-09,2.83688957916423e-07,2.85215193063251e-07,1.90818068409781e-05,4.03816382597913e-08,1.18919155190246e-08,6.63551926644861e-07,2.82989433474128e-08,3.29621027176362e-09,1.09965242328868e-06,1.28085546110868e-07
4,14.32,"Lama Lake (PG1341)","Lama Lake","JK081L-6_S6","EBH026",551.5,0.009,0,37.9,276,211.2597547,13,2,325,3.2,0.896271657,48.15,0.423125,10.30416667,0.1125,0.261580313,0.047544002,262.8959771,9.0602,1470766,103637,1367129,498633,171149,1714,37545,3446,13,24106,104325,61651,37799.5260293652,474781.526029365,0.0255275142340794,0.0163900987648613,0.322812416135106,0.339029458119103,1470766,103637,1367129,5907,3785,3,1329,75,253,2125,1582,447.787852499654,4772.78785249965,0.00090361077152993,0.00017201920631834,0.00324510347159212,0.0040162745127369,1470766,103637,1367129,1835,108,31,0,77,0,108,139.104572428791,1866.10457242879,2.10774521575832e-05,5.23536714881905e-05,0.00126879773698113,0.00124764918416662,1470766,103637,1367129,824570,36558,284,204,36070,0,23850,12187,36321,62507.6061512849,850756.606151285,0.00019309665847592,0.00828615836917633,0.0162160398051084,0.578444569803276,1470766,103637,1367129,30002,657,602,12,18,25,620,2274.3408076341,31656.3408076341,0.00040931052254403,1.2238520607629e-05,0.0215237099631308,0.0203988941816713,1470766,103637,1367129,345,0.00025235365499524,26.1531757427426,0.00023457164497955,1.77820100156943e-05,1470766,103637,1367129,5837,0.0042695312585718,442.481411044605,0.00396868026592945,0.00030085099264234,211259.7547,179.4,105629.87735,4211.11111111111,4499.99999919024,4.49999999919024e-06,1.6592,2.71215043345603e-06,0.1008305614125,0.000426639312976641,6.92344587950133e-08,4.44524134695056e-08,8.75515834345815e-07,2.45072834568043e-09,4.66541964979047e-10,8.80120878708822e-09,5.71652210053379e-11,1.4199103281971e-10,3.4411703323214e-09,5.23707185984376e-10,2.24733080126469e-08,4.39803393863649e-08,1.56882869072224e-06,1.1101117111359e-09,3.31927089708415e-11,5.8375539306087e-08,6.36193588607779e-10,4.82274861717847e-11,1.07636579034889e-08,8.15953150100598e-10
4,14.667,"Lama Lake (PG1341)","Lama Lake","210810_A00902_B_L002_APMG-38-8","ELS120",595,0.110658771,1.495,68.2,275,381.5384615,13,2,325,2.5,0.954433106,45.22,0.14625,13.4375,0.111111111,0.175708134,-0.044523082,237.9831154,8.7618,2143570,190891,1952679,414464,140293,1395,22997,5395,9,17579,92918,40576,40517.3853070576,414405.385307058,0.0107283643641215,0.00820080519880386,0.193324867070848,0.193352211497642,2143570,190891,1952679,3963,1676,0,459,19,74,1124,533,387.416996341949,3817.41699634195,0.00021412876649701,3.45218490648777e-05,0.00178086882926237,0.00184878497086636,2143570,190891,1952679,530,67,15,4,47,1,62,51.8120131368238,519.812013136824,6.99767210774549e-06,2.19260392709359e-05,0.00024249826837323,0.00024725108114034,2143570,190891,1952679,1513943,47583,255,162,47165,1,41351,5801,47407,148000.820008307,1614536.82000831,0.00011896042583167,0.00270623305980211,0.0192907159551589,0.753199951486682,2143570,190891,1952679,15391,286,263,5,6,12,269,1504.60130979029,16626.6013097903,0.00012269251762247,2.7990688430982e-06,0.00775650028214161,0.00718007809402072,2143570,190891,1952679,108,5.53086298362404e-05,10.5579196580698,5.03832391757675e-05,4.92539066047284e-06,2143570,190891,1952679,4280,0.00219186051573249,418.406445708691,0.00199666910807671,0.00019519140765577,381538.4615,178.75,190769.23075,616.30903166275,55329.3854944224,5.53293854944224e-05,1.3695,4.04011577177236e-05,0.106048122782841,0.000155095379569905,4.33438340728078e-07,3.31322024249202e-07,7.81054844528727e-06,8.6510500671473e-09,1.39472266877757e-09,7.19491624456067e-08,2.82714054481941e-10,8.85837370710082e-10,9.79721078682172e-09,4.80613892619286e-09,1.09334948669983e-07,7.79367257792181e-07,3.04301500329952e-05,4.95691975524999e-09,1.13085621792776e-10,3.13371591236371e-07,2.03554119226997e-09,1.98991484895166e-10,8.06677435455136e-08,7.88595884584524e-09
4,15.125,"Lama Lake (PG1341)","Lama Lake","JK081L-7_S7","EBH027",654.5,0.009,0,21.6,269,123.5344581,13,2,325,3.2,1.025051019,53.0525,0.123125,12.3125,0.183333334,0.133084283,0.097545047,228.50431,7.9782,1194605,97582,1097023,800711,252137,2373,51226,10600,25,40779,147134,92005,71224.5602890733,779930.560289073,0.0428811197006542,0.0341359696301288,0.65287736137809,0.670272600566715,1194605,97582,1097023,1786,1106,4,263,46,49,744,312,158.867637232765,1632.86763723277,0.00022015645338835,4.10177422662721e-05,0.00136686824283572,0.00149505485076657,1194605,97582,1097023,4407,335,114,9,202,10,316,392.009897695855,4483.00989769586,9.54290330276535e-05,0.00016909354975075,0.00375271315430277,0.00368908551362166,1194605,97582,1097023,257884,11333,174,116,11042,1,5869,5168,11211,22939.2059127293,269612.205912729,0.00014565483988431,0.00432611616392029,0.00491292100736227,0.225691509672845,1194605,97582,1097023,14879,977,894,11,53,19,947,1323.51151981317,15255.5115198132,0.00074836452216423,4.43661293900494e-05,0.0127703395848947,0.0124551630036707,1194605,97582,1097023,284,0.00025888244822578,25.262267062769,0.00023773548578818,2.11469624375999e-05,1194605,97582,1097023,17072,0.0155621167468686,1518.58247639293,0.0142909162442816,0.00127120050258699,123534.4581,174.85,61767.22905,2400,4499.99999974687,4.49999999974687e-06,1.50232,2.99536716528228e-06,0.187926020833367,0.000231383913151084,1.28444697961879e-07,1.02249762585161e-07,1.95560741122806e-06,6.59449411704462e-10,1.22863198378403e-10,4.0942722538572e-09,2.85844992145671e-10,5.06497266784422e-10,1.12407537631214e-08,4.3628972485391e-10,1.29583063106038e-08,1.47160022710785e-08,6.76028937557028e-07,2.2416265173529e-09,1.32892847225619e-10,3.82518558820981e-08,7.12105068152346e-10,6.33429169310444e-11,4.28065412799202e-08,3.8077122459394e-09
4,15.596,"Lama Lake (PG1341)","Lama Lake","210810_A00902_B_L002_APMG-38-7","ELS118",715.5,0.009,0,62.5,289,332.7122704,13,2,325,3.4,1.099281729,56.6825,0.145833333,7.708333333,0.154761905,0.187386247,0.138114491,223.9355597,7.7892,2794554,126644,2667910,1517585,698035,1402,18821,41006,11,43323,593472,62144,72038.7999370294,1527479.79993703,0.00673488506573858,0.0155026526594226,0.546591620679733,0.543050876812543,2794554,126644,2667910,11435,8044,2,1919,88,568,5467,2487,542.812216304148,9490.81221630415,0.00068669276027587,0.00020325246890917,0.00339618136429074,0.00409188729221192,2794554,126644,2667910,1109,89,25,2,59,3,84,52.6435284548579,1077.64352845486,8.94597134283324e-06,2.11124923690864e-05,0.00038562272493387,0.00039684328876808,2794554,126644,2667910,1127790,49285,456,231,48597,1,24636,23935,49027,53535.4778684438,1132298.47786844,0.00016317451729327,0.00856487296362854,0.00881571800008159,0.405180389381792,2794554,126644,2667910,5462,306,272,4,15,15,287,259.277684779472,5434.27768477947,9.73321682100256e-05,5.36758280569994e-06,0.00194459569748141,0.00195451581898221,2794554,126644,2667910,185,6.93426689805878e-05,8.78183297037756,6.6200187936966e-05,3.14248104362183e-06,2794554,126644,2667910,4344,0.00162824083271175,206.206932017947,0.0015544519805307,7.37888521810445e-05,332712.2704,187.85,166356.1352,6944.44444444445,4499.99999961408,4.49999999961408e-06,1.472795,3.05541504392266e-06,0.170126934511734,0.000248101778929189,2.05778691489477e-08,4.73670381563075e-08,1.67006426070693e-06,2.09813139029967e-09,6.21020651219502e-10,1.03767436323437e-08,2.73336554233937e-11,6.4507426799209e-11,1.1782374750414e-09,4.98565874922676e-10,2.61692417023571e-08,2.69356774004291e-08,1.23799425721957e-06,2.97390171006524e-10,1.64001932540362e-11,5.94154694843199e-09,2.02269050133114e-10,9.60158385592393e-12,4.74949596636888e-09,2.25455569027749e-10
4,16.079,"Lama Lake (PG1341)","Lama Lake","JK081L-8_S8","EBH028",776.5,0.009,0,19.5,289,103.8062284,13,2,325,3.5,1.182758654,57.285,0.0996875,9.96875,0.142857143,0.126452986,-0.006115355,240.111143,8.5288,2673680,142830,2530850,1017520,405337,1534,66238,11909,44,18800,306812,85038,57424.3363296916,989906.336329692,0.0247740941324317,0.00703150713623171,0.370241141920384,0.38056910325843,2673680,142830,2530850,19166,15212,9,1024,82,274,13823,1298,1081.64441985894,18949.6444198589,0.0003829927291224,0.0001024804763472,0.00708747659400487,0.00716839711558601,2673680,142830,2530850,4027,217,101,9,106,1,207,227.266100322026,4047.26610032203,3.77756500403938e-05,3.96457317255618e-05,0.00151374364184271,0.00150616378923431,2673680,142830,2530850,1469970,59875,416,120,59337,2,39280,20039,59735,82958.616709801,1493193.6167098,0.00015559079620597,0.00749491337781634,0.0146913617186799,0.558478807003756,2673680,142830,2530850,13283,520,479,6,17,18,496,749.633873994903,13536.6338739949,0.00017915382543909,6.35827772957123e-06,0.00506292221731655,0.00496805900481733,2673680,142830,2530850,72,2.844894007942e-05,4.06336211154355,2.69291762664193e-05,1.51976381300064e-06,2673680,142830,2530850,6812,0.00269158583084734,384.439204219926,0.00254779928787289,0.00014378654297444,103806.2284,187.85,51903.1142,2166.66666666667,4500.00000114,4.50000000114e-06,1.495025,3.00998311141285e-06,0.168965522168965,0.000168437504912187,7.45696049391716e-08,2.11647177278364e-08,1.11441958433056e-06,1.15280164645234e-09,3.08464503054616e-10,2.13331848504885e-08,1.13704068644228e-10,1.19332982933546e-10,4.55634279695514e-09,4.68325668871248e-10,2.25595626887294e-08,4.42207506568838e-08,1.6810117771633e-06,5.39249988916667e-10,1.91383085836819e-11,1.52393103685197e-08,8.10563657661819e-11,4.57446341046833e-12,7.66883282776709e-09,4.32795066001503e-10
4,16.535,"Lama Lake (PG1341)","Lama Lake","JK115L-2_S24","ELS117",835,0.009,0,41.35,267,238.2598675,13,2,325,5.29,1.267631327,43.29,0.105,11.25,0.142857143,0.171919076,0.098199043,235.3468859,8.6172,2994243,173183,2821060,1600295,706627,2295,44243,40035,17,43232,576805,87475,98241.0473314995,1611061.0473315,0.0147760218526018,0.0144383739061926,0.538052872572967,0.534457290206573,2994243,173183,2821060,11105,5440,7,1191,65,276,3901,1467,681.728575429094,10319.7285754291,0.00039776330778764,9.21768874470108e-05,0.00344652340355445,0.00370878382282266,2994243,173183,2821060,1539,198,28,5,165,0,193,94.4781879860762,1440.47818798608,9.35127843665327e-06,5.51057479302782e-05,0.00048108259349227,0.00051398633978604,2994243,173183,2821060,1164632,50053,734,268,49050,1,25263,23753,49750,71495.9850751136,1186377.98507511,0.00024513708473226,0.0079328898823509,0.00843719096947041,0.396219673912609,2994243,173183,2821060,38341,436,385,7,15,29,400,2353.72852863817,40294.7285286382,0.00012858007850398,5.00961344820711e-06,0.0134574009285947,0.0128049059478473,2994243,173183,2821060,230,8.15296377957222e-05,14.1195472623766,7.6814072872509e-05,4.71556492321316e-06,2994243,173183,2821060,4918,0.00174331634208418,301.912754071165,0.00164248526255217,0.00010083107953201,238259.8675,173.55,119129.93375,4594.44444444445,4500.00000050333,4.50000000050333e-06,2.999959,1.50002050044795e-06,0.181090189752519,0.000190144699240145,2.21643356939696e-08,2.16578568524216e-08,8.07090339184358e-07,5.96653116007447e-10,1.38267220837999e-10,5.16985576060531e-09,1.40271093603767e-11,8.26597515879344e-11,7.21633752647072e-10,3.67710652518436e-10,1.18994974513225e-08,1.26559594203999e-08,5.94337633549715e-07,1.92872753705177e-10,7.5145228716304e-12,2.01863772756393e-08,1.15222684031666e-10,7.07344405601299e-12,2.46376156551189e-09,1.51248686380313e-10
4,16.946,"Lama Lake (PG1341)","Lama Lake","210810_A00902_B_L002_APMG-38-15","ELS116",901.5,0.009,0,46.5,290,246.6843501,13,2,325,2.83,1.375081895,51.17,0.084375,9.724264706,0.142857143,0.155230891,0.077521492,226.8425475,8.4649,2617634,75116,2542518,1878297,1507729,1485,254465,931,3,5342,1245503,259807,55492.2944309539,1673982.29443095,0.0972118332815054,0.0020407742258849,0.63950204437708,0.717555242635143,2617634,75116,2542518,20254,16791,2,440,28,117,16204,557,598.382966806921,20295.3829668069,0.00016809072620542,4.46968521955323e-05,0.00775333104888114,0.0077375217467377,2617634,75116,2542518,379,26,3,1,22,0,25,11.1971533731521,365.197153373152,1.14607313321878e-06,8.40453631027103e-06,0.00013951421526964,0.0001447872391633,2617634,75116,2542518,597762,26502,283,79,26140,0,12380,13713,26376,17660.2448407445,589046.244840745,0.0001081128989003,0.00523870029194303,0.00472946179641615,0.225030025145129,2617634,75116,2542518,43957,143,131,1,5,6,136,1298.66298370356,45119.6629837036,5.00451934838866e-05,1.91012188869796e-06,0.0172368111751695,0.0167926455722993,2617634,75116,2542518,109,4.28708862631454e-05,3.22028949254243,4.16406571736156e-05,1.23022908952987e-06,2617634,75116,2542518,1760,0.00069222715434069,51.9973349254558,0.00067236290482168,1.98642495190144e-05,246684.3501,188.5,123342.17505,5166.66666666667,4499.99999940484,4.49999999940484e-06,1.381889,3.25641205581985e-06,0.196440270910726,0.000165746478580925,3.16561785866244e-07,6.64560179237802e-09,2.08248216703097e-06,5.47372667286844e-10,1.45551368346729e-10,2.52480407003389e-08,3.73208636786487e-12,2.73686333643423e-11,4.54315772562302e-10,3.5206014736857e-10,1.70593667875103e-08,1.5401076411389e-08,7.32790486804043e-07,1.62967771396765e-10,6.22014394644142e-12,5.61301597147123e-08,1.35599138032423e-10,4.00613283856535e-12,2.18949066914737e-09,6.46861816135322e-11
4,17.212,"Lama Lake (PG1341)","Lama Lake","JK081L-11_S11","EBH031",949.5,0.009,0,24.9,271,141.3567982,13,2,325,4.2,1.453699362,46.315,0.08,8.665441176,0.138888889,0.163510391,0.08488504,227.8799861,8.508,3876167,227785,3648382,298283,89856,1274,22170,1790,11,12933,51678,35103,18623.1576504324,281803.157650432,0.00571956781015885,0.00333654354933624,0.0727015006449496,0.0769530827748134,3876167,227785,3648382,10733,7808,9,1429,69,436,5865,1865,670.10976509587,9538.10976509587,0.00036866316647347,0.00011248225373158,0.00246070661173677,0.0027689725442686,3876167,227785,3648382,7377,613,251,6,354,2,605,460.57949660973,7232.57949660973,6.47546919418075e-05,9.13273344517922e-05,0.00186591018823743,0.00190316877471997,3876167,227785,3648382,3290459,137822,668,196,136957,1,59496,77406,137570,205438.247232609,3358327.24723261,0.00017233519608417,0.0199697278264843,0.0153491838715927,0.866404168662653,3876167,227785,3648382,28156,615,561,13,21,20,582,1757.90650759707,29331.9065075971,0.00014473060629224,5.41772323019106e-06,0.00756724529866671,0.00726387691758379,3876167,227785,3648382,153,4.1936398107435e-05,9.55248244290209,3.94719835342492e-05,2.46441457318585e-06,3876167,227785,3648382,13221,0.00362379816587188,825.446865213127,0.003410843753636,0.00021295441223588,141356.7982,176.15,70678.3991,2766.66666666667,4500.00000052952,4.50000000052952e-06,2.25477,1.9957689700189e-06,0.201902689328189,0.000161522151462551,1.1414935957434e-08,6.658970082882e-09,1.45095399061e-07,7.35766508036664e-10,2.2448859167528e-10,4.9110019000246e-09,1.29235404840592e-10,1.82268260213425e-10,3.72392565452639e-09,3.43941236786909e-10,3.98549631358204e-08,3.06334248860393e-08,1.72914255531195e-06,2.88848853050075e-10,1.08125239109659e-11,1.51024733556004e-08,7.87769599227516e-11,4.9184021344267e-12,6.80725612508953e-09,4.25007807968983e-10
4,18.408,"Lama Lake (PG1341)","Lama Lake","JK081L-9_S9","EBH029",1147.5,0.009,0,24.1,286,129.6395912,13,2,325,5.5,1.836798283,28.4525,0.0734375,7.017241379,0.183333334,0.175076031,0.088941475,214.8576642,7.8384,6199676,273104,5926572,2647215,427636,76576,84680,8966,20,40268,217126,124948,121987.045016917,2644254.04501692,0.0136587782974465,0.00649517813511545,0.426514876747901,0.426992475090634,6199676,273104,5926572,5054,3488,3,688,24,182,2591,870,232.894768847826,4416.89476884783,0.00011097354119795,2.9356372816902e-05,0.00071243961278747,0.00081520389130012,6199676,273104,5926572,4937,721,164,7,549,1,713,227.503259557127,4451.50325955713,2.64529952855601e-05,8.85530147059298e-05,0.00071802191913853,0.0007963319373464,6199676,273104,5926572,3217607,134463,619,153,133691,0,59485,74173,134277,148271.436190769,3231601.43619077,9.98439273278152e-05,0.0119640123129015,0.00959485624732647,0.521253277782705,6199676,273104,5926572,43624,708,670,7,17,14,687,2010.24958373913,44947.2495837391,0.00010807016366661,2.74207877960074e-06,0.00724993525205819,0.00703649674595898,6199676,273104,5926572,184,3.10466151427841e-05,8.4789547819549,2.96789703203845e-05,1.36764482239957e-06,6199676,273104,5926572,7951,0.00134158498369715,366.392225387627,0.00128248637509444,5.9098608602712e-05,129639.5912,185.9,64819.7956,2677.77777777778,4500.00000076183,4.50000000076183e-06,3.9351125,1.14355053400934e-06,0.336746353107865,0.000247298103063589,1.56195032159601e-08,7.42756442489706e-09,4.8774131506799e-07,1.26903852297823e-10,3.35704958113455e-11,8.14710699652518e-10,3.02503368849488e-11,1.01264847255103e-10,8.21094349061277e-10,1.14176576413313e-10,1.36814526693128e-08,1.0972202985373e-08,5.96079464162531e-07,1.23583693371429e-10,3.1357056527081e-12,8.29066732902428e-09,3.3939402358723e-11,1.56397096699014e-12,1.46658797909895e-09,6.75822454268402e-11
4,18.716,"Lama Lake (PG1341)","Lama Lake","210810_A00902_B_L001_APMG-37-10","ELS114",1195.5,0.009,0,60.2,268,345.5797933,13,2,325,5.06,1.942616111,43.2775,0.076875,7.568965517,0.166666667,0.189011276,0.13937491,211.8265261,7.9538,6564626,129215,6435411,5114753,2015147,1289,79075,6499,7,131082,1797195,210157,102697.839950704,5007293.8399507,0.0120456214870428,0.0199679311509902,0.762769096053713,0.77913852213363,6564626,129215,6435411,5347,3654,1,638,47,225,2743,863,107.361069091003,4591.361069091,9.71875625511644e-05,3.42746106175736e-05,0.00069940939043458,0.00081451707987629,6564626,129215,6435411,1188,72,27,2,42,1,69,23.8535534094093,1142.85355340941,4.11295327410884e-06,6.39792731528041e-06,0.00017409271349341,0.00018096994406078,6564626,129215,6435411,1303485,56168,454,135,55578,1,27202,28355,56011,26172.3476985386,1273646.34769854,6.91585476461264e-05,0.004319362595828,0.00414372425786328,0.194016589474943,6564626,129215,6435411,6187,257,231,7,7,12,238,124.227217966343,6073.22721796634,3.51886002340423e-05,1.0663212192134e-06,0.00092514443594598,0.0009424756261819,6564626,129215,6435411,109,1.69375351473278e-05,2.18858360406196,1.66041446991801e-05,3.33390448147688e-07,6564626,129215,6435411,4342,0.00067470438174034,87.1819266865784,0.00066142381911779,1.32805626225437e-05,345579.7933,174.2,172789.89665,6688.88888888889,4499.99999946628,4.49999999946628e-06,2.8701585,1.56785766342391e-06,0.323769352480872,0.00024889768971967,1.88858199591638e-08,3.1306873877801e-08,1.19591337267074e-06,1.52376264735334e-10,5.37377109176333e-11,1.0965743726635e-09,6.44852531011601e-12,1.00310393712916e-11,2.72952594996906e-10,1.08430758918247e-10,6.77214574697553e-09,6.4967698328065e-09,3.0419039663966e-07,5.51707165421037e-11,1.67183989521526e-12,1.4504947936719e-09,2.6032935511209e-11,5.22708769040685e-13,1.03701840357494e-09,2.08220318823363e-11
4,19.192,"Lama Lake (PG1341)","Lama Lake","JK081L-12_S12","EBH032",1261.5,0.009,0,28.9,300,148.2051282,13,2,325,3.83,2.101163773,27.8375,0.0715625,7.834302326,0.166666667,0.157954718,0.13836625,220.6389022,9.6241,2709599,186293,2523306,1140058,438901,2498,153117,54939,27,21382,206938,174499,84169.2703913041,1049728.2703913,0.0565090996859683,0.00789120456569404,0.387410930691702,0.420747867119821,2709599,186293,2523306,7721,4727,0,969,80,236,3442,1205,570.033223477454,7086.03322347745,0.00035761749247766,8.70977587458513e-05,0.00261515937357426,0.00284949913252847,2709599,186293,2523306,1501,119,59,1,56,3,115,110.817234612053,1496.81723461205,2.17744396864628e-05,2.06672647871512e-05,0.00055241282367319,0.0005539565079556,2709599,186293,2523306,1329705,55849,741,286,54822,0,27141,27625,55507,98170.7068286605,1372368.70682866,0.00027347220012998,0.0101952355311616,0.0100166113140727,0.506484061600503,2709599,186293,2523306,30533,507,454,5,28,20,482,2254.21893698188,32305.2189369819,0.00016755246809583,1.03336323935756e-05,0.0119225091745981,0.0112684570668944,2709599,186293,2523306,186,7.37128196104634e-05,13.7321823036921,6.86448437573235e-05,5.06797585313992e-06,2709599,186293,2523306,13602,0.00539054716312647,1004.22120266032,0.00501993099347911,0.00037061616964736,148205.1282,195,74102.5641,3211.11111111111,4499.99999984429,4.49999999984429e-06,2.76382375,1.6281790761239e-06,0.350193962867055,0.000250607554676736,9.20069337192932e-08,1.28482941592764e-08,6.30774371213915e-07,5.82265318508022e-10,1.41810748367282e-10,4.25794777278289e-09,3.54526870918206e-11,3.36500080871518e-11,8.99427000887209e-10,4.45261714153201e-10,1.65996691679922e-08,1.63088369552391e-08,8.24646751488187e-07,2.72805422706548e-10,1.68250040435759e-11,1.94119799729758e-08,1.11766098289468e-10,8.25157224238358e-12,8.17334660716854e-09,6.03429492693017e-10
4,19.59,"Lama Lake (PG1341)","Lama Lake","210810_A00902_B_L001_APMG-37-9","ELS113",1315.5,0.009,0,66.8,262,392.2489724,13,2,325,3.83,2.238924953,30.045,0.06875,7.520348837,0.142857143,0.17142965,0.181633952,213.3803205,9.16,1907024,111974,1795050,596211,270894,1503,146334,8612,13,16813,97619,163147,37191.2372992396,470255.23729924,0.0767342204398057,0.00881635469716165,0.246591147934813,0.312639484348388,1907024,111974,1795050,11910,7278,4,1457,64,484,5269,1941,742.937712041447,10711.9377120414,0.00076401765263573,0.00025379858879594,0.00561709643509544,0.00624533304247875,1907024,111974,1795050,1020,85,22,0,62,1,84,63.6269073284867,999.626907328487,1.15362994907248e-05,3.25113894738608e-05,0.00052418160826947,0.00053486479456996,1907024,111974,1795050,1177752,50301,548,330,49423,0,23394,26007,49949,73467.3699607253,1201270.36996073,0.00028735873276896,0.0136374791297855,0.0122672813766371,0.629918852600033,1907024,111974,1795050,3982,279,234,6,26,13,260,248.394455864739,3970.39445586474,0.00012270427640134,1.36338084890384e-05,0.00208198452450768,0.00208807020782119,1907024,111974,1795050,126,7.01930308347957e-05,7.85979443469541,6.60715334468785e-05,4.1214973879172e-06,1907024,111974,1795050,4049,0.0022556474750007,252.573870365728,0.00212320348354294,0.00013244399145775,392248.9724,170.3,196124.4862,7422.22222222222,4499.99999998114,4.49999999998114e-06,2.6792765,1.67955789556663e-06,0.319846422176989,0.00021989441524668,1.28879565799826e-07,1.48075781417338e-08,4.14164109490755e-07,1.28321188083663e-09,4.26269423695891e-10,9.43423866772374e-09,1.93758828952682e-11,5.46047608866649e-11,8.80393358879805e-10,4.82635628482129e-10,2.29049357480564e-08,2.06036092932684e-08,1.05798518245066e-06,2.06088936249661e-10,2.28987706944079e-11,3.49681354658442e-09,1.109709656729e-10,6.92229347943359e-12,3.56604317467913e-09,2.22447351573224e-10
4,2.482,"Lama Lake (PG1341)","Lama Lake","BH195L-2_S19_BH195L-2_S18","EBH017",120.5,1.009,17.95,31.6,290,167.6392573,13,2,325,3.038,0.533542915,48.6375,0.6734375,7.59765625,0.036472149,-0.718984313,0.385006052,324.2558503,11.0783,1576330,176377,1399953,1279304,455604,2416,36210,17683,88,71082,328125,107292,161176.697794855,1333188.69779485,0.0229710783909461,0.0450933497427569,0.845754821512535,0.811571181161305,1576330,176377,1399953,4821,3283,2,611,7,53,2610,664,607.387188712764,4764.38718871276,0.00038760919350643,3.36224014007219e-05,0.00302245544315769,0.00305836975760152,1576330,176377,1399953,626,125,16,6,101,2,117,78.8683634379154,587.868363437915,1.01501589134255e-05,6.40728781409984e-05,0.00037293483181688,0.00039712496748777,1576330,176377,1399953,59016,2945,116,35,2792,2,802,1980,2898,7435.29606493932,63553.2960649393,7.35886521223348e-05,0.0012560821655364,0.00050877671553545,0.0403172534081946,1576330,176377,1399953,21111,2382,2184,35,99,64,2283,2659.72846731283,21487.7284673128,0.00138549669168258,6.28041082768202e-05,0.0136314911644851,0.0133925003013328,1576330,176377,1399953,414,0.00029572421359859,52.1589496218802,0.00026263536188488,3.30888517137149e-05,1576330,176377,1399953,34661,0.0247586883273938,4366.86317112074,0.0219884161311401,0.00277027219625379,167639.2573,188.5,83819.62865,31.3181367690783,504500.000016763,0.000504500000016763,1.56039275,0.000323316036950802,0.0194594566937743,0.000131047278672137,7.4269180298469e-06,1.45794031316646e-05,0.000273446097123466,1.25320268330195e-07,1.08706615736505e-08,9.77208315742124e-07,3.28170915430959e-09,2.07157890365793e-08,1.20575811863947e-07,2.37923913687445e-08,4.0611150784581e-07,1.64495671359767e-07,1.30352145926787e-05,4.47953299563259e-07,2.03055753922906e-08,4.40727970103119e-06,8.49142243677591e-08,1.06981564033311e-08,7.1092075623453e-06,8.95673427767769e-07
4,20.053,"Lama Lake (PG1341)","Lama Lake","BH194L-1_S25","EBH008",1369.5,0.126,1.365,17.65,331,82.03578898,13,2,325,5.12,2.386694164,42.2,0.07,7.206395349,0.145833334,0.184224911,0.104306184,217.0632527,7.6903,4134604,246888,3887716,1623169,870854,1922,426726,55100,6,24867,362233,451593,103078.760915664,1274654.76091566,0.10320843302043,0.00601436074651889,0.308289442209136,0.392581490270894,4134604,246888,3887716,2846,2088,10,473,42,125,1438,598,180.734201778113,2428.73420177811,0.00011440031499993,3.02326413847614e-05,0.00058741640113009,0.00068833677904824,4134604,246888,3887716,4263,178,35,2,141,0,176,270.72027483489,4357.72027483489,8.46513958773319e-06,3.41024194820109e-05,0.0010539631545935,0.0010310540017859,4134604,246888,3887716,2248100,92754,652,343,91759,0,39719,52017,92388,142764.778291418,2298476.77829142,0.00015769345746291,0.0125808904552891,0.0096064822652907,0.555912193354289,4134604,246888,3887716,4505,369,326,3,19,21,345,286.088397403514,4446.08839740351,7.88467287314577e-05,4.59536149048373e-06,0.00107533596866919,0.0010895843955068,4134604,246888,3887716,36,9.25993565373602e-06,2.28616699367958,8.70700071881128e-06,5.52934934924742e-07,4134604,246888,3887716,4797,0.00123388642586033,304.631751907804,0.0011602078457816,7.36785800787219e-05,82035.78898,215.15,41017.89449,140.079365079365,62999.9999965984,6.29999999965984e-05,2.95936,2.12883866770512e-05,0.348059567174463,0.000243641697022124,2.19714103047146e-06,1.28036037187173e-07,6.56298485420053e-06,2.43539814169498e-09,6.43604160067423e-10,1.25051474876992e-08,1.80209164818878e-10,7.25985492556054e-10,2.24371751783512e-08,3.35703929891156e-09,2.67826860753818e-07,2.04506509069744e-07,1.18344737306138e-05,1.67851964945584e-09,9.78278323302482e-11,2.28921679087712e-08,1.85357998099418e-10,1.17710927019281e-11,2.46989532467473e-08,1.56849810253192e-09
4,20.62,"Lama Lake (PG1341)","Lama Lake","210810_A00902_B_L001_APMG-37-8","ELS112",1435.5,0.009,0,74.6,289,397.125366,13,2,325,5.98,2.584654008,27.7275,0.0609375,8.326086957,0.126984127,0.179907892,0.145669553,222.8638405,7.5885,4685192,247218,4437974,1288680,745557,1374,330108,82870,10,31848,299347,361956,71786.1105630632,998510.110563063,0.0704577315081218,0.00679758695054546,0.213120425067545,0.275053829170715,4685192,247218,4437974,3826,2856,4,513,23,167,2149,680,213.127897549648,3359.12789754965,0.00010949391188237,3.56442169285698e-05,0.00071696696689263,0.00081661541298627,4685192,247218,4437974,2489,165,48,5,111,1,159,138.650114218785,2468.65011421879,1.02450443866548e-05,2.36916651441392e-05,0.00052690479156858,0.00053124823913299,4685192,247218,4437974,3129254,132778,762,358,131658,0,53881,77744,132387,174315.558264199,3171182.5582642,0.00016264007963814,0.0165935568915852,0.0115002757624447,0.676852209741714,4685192,247218,4437974,7839,202,177,2,10,13,187,436.672657838915,8088.67265783891,3.77786011757896e-05,2.13438424721975e-06,0.00172643355018085,0.00167314381139556,4685192,247218,4437974,40,9.01312175330455e-06,2.22820593360844,8.537536988879e-06,4.75584764425544e-07,4685192,247218,4437974,5846,0.00131726774424546,325.652297196874,0.00124776103092467,6.95067133207933e-05,397125.366,187.85,198562.683,8288.88888888889,4500.000000187,4.500000000187e-06,4.3218955,1.04120981180295e-06,0.328210032802931,0.000200002988739286,7.33612813636339e-08,7.07771422949159e-09,2.21903077675942e-07,1.14006135384611e-10,3.71131084000595e-11,7.46513040667204e-10,1.06672407377417e-11,2.46679942060276e-11,5.48618438867191e-10,1.69342446711644e-10,1.72773742482289e-08,1.1974199962297e-08,7.04745161923578e-07,3.93354502204224e-11,2.22234182036285e-12,1.79757955187409e-09,8.88936728145139e-12,4.95183523063869e-13,1.29918102818412e-09,7.23710718957845e-11
4,21.057,"Lama Lake (PG1341)","Lama Lake","JK081L-13_S13","EBH033",1482.5,0.009,0,25.4,337,115.9552614,13,2,325,3.31,2.724775779,30.59,0.079166667,7.425,0.118055556,0.187775929,0.19326874,228.9927926,7.5101,3027538,202877,2824661,1006228,482504,1458,230950,62621,14,26513,160948,257463,72270.8027462411,821035.802746241,0.0762831052822458,0.00875728066831861,0.271189264262328,0.332358503840414,3027538,202877,2824661,1936,1400,2,241,17,73,1067,314,139.050269041134,1761.05026904113,7.960263421962e-05,2.41120012366484e-05,0.00058167734609479,0.00063946348485138,3027538,202877,2824661,45312,6824,3276,9,3530,9,6806,3254.46580102887,41760.4658010289,0.00108206734316795,0.00116596389541601,0.0137935397676359,0.0149666164388358,3027538,202877,2824661,1706804,67949,311,133,67505,0,28873,38612,67796,122588.613326697,1761596.6133267,0.00010272373129585,0.012753597147253,0.00953679194117464,0.581857804369985,3027538,202877,2824661,35369,441,413,5,13,10,426,2540.32487898548,37483.3248789855,0.0001364144727498,4.29391802844423e-06,0.0123807941895314,0.0116824297498495,3027538,202877,2824661,50,1.77012391929509e-05,3.59117430374831,1.65150693401701e-05,1.18616985278081e-06,3027538,202877,2824661,28962,0.0102532657901249,2080.15180370317,0.00956618876460015,0.00068707702552475,115955.2614,219.05,57977.6307,2822.22222222222,4500.00000171319,4.50000000171319e-06,2.297471,1.95867543125166e-06,0.321674919565178,0.000254659312394682,1.49413844135919e-07,1.71526704896108e-08,5.31171749129836e-07,1.55915723908883e-10,4.72275844205329e-11,1.13931712671154e-09,2.11941872002283e-09,2.28374483567782e-09,2.70170674528612e-08,2.01202448695679e-10,2.49801573924058e-08,1.86794800681376e-08,1.13967058590153e-06,2.67191676242183e-10,8.41039174612229e-12,2.42499573984185e-08,3.23476605620088e-11,2.32332174793317e-12,1.8737058903938e-08,1.3457608892728e-09
4,21.74,"Lama Lake (PG1341)","Lama Lake","210810_A00902_B_L001_APMG-37-7","ELS111",1555.5,0.009,0,67.2,280,369.2307692,13,2,325,4.076,2.968928809,26.1175,0.078928571,7,0.133928572,0.158411539,0.119746507,241.6580395,7.3875,3165809,148400,3017409,1155304,529105,1220,244158,2454,49,26739,254485,270897,56819.3153795193,941226.315379519,0.0771234145837604,0.00844618231864272,0.29730988678708,0.364931680970014,3165809,148400,3017409,8313,5221,4,1087,67,358,3705,1445,408.843878970335,7276.84387897034,0.00034335615319812,0.00011308325928696,0.00229857324904008,0.0026258690906495,3165809,148400,3017409,1212,77,12,1,63,1,75,59.6076965369958,1196.607696537,3.79050031129484e-06,1.99001266342979e-05,0.0003779784871851,0.00038284053144077,3165809,148400,3017409,1839944,80068,523,246,79298,1,36404,42848,79775,90490.7785454342,1850659.77854543,0.00016520263856726,0.0135346131115301,0.0114991144443648,0.584577205556442,3165809,148400,3017409,7651,361,327,3,16,15,343,376.285879706729,7684.28587970673,0.00010329113348278,5.05400041505978e-06,0.00242727400159224,0.0024167598234764,3165809,148400,3017409,129,4.27519106624259e-05,6.34438354230401,4.07478783464195e-05,2.00403231600643e-06,3165809,148400,3017409,4856,0.00160932773780419,238.824236290142,0.00153388912597064,7.54386118335445e-05,369230.7692,182,184615.3846,7466.66666666667,4499.999999625,4.499999999625e-06,3.0114507,1.49429641987e-06,0.397624395759031,0.000313839253519988,1.15245242300663e-07,1.26211000003171e-08,4.44269099417888e-07,5.13075870464285e-10,1.68979909499735e-10,3.43474977684954e-09,5.66413104468399e-12,2.97366879845909e-11,5.64811900188573e-10,2.46861711364134e-10,2.0224723916885e-08,1.71830855458897e-08,8.73531625400599e-07,1.54347570967632e-10,7.55217472624531e-12,3.62706685062281e-09,6.08894087303529e-11,2.99461831511219e-12,2.29208502941545e-09,1.12727647582828e-10
4,22.505,"Lama Lake (PG1341)","Lama Lake","BH194L-2_S26","EBH009",1629.5,0.009,0,4.12,313,20.25067584,13,2,325,3.44,3.244259458,22.91,0.0653125,9.987704918,0.1,0.170217957,0.096258201,260.6281025,7.2502,3601466,167238,3434228,1754353,657783,1065,423289,31081,2,15141,187205,438430,85432.4427539464,1401355.44275395,0.117532415966165,0.00420412132170622,0.389106947769032,0.487121910910724,3601466,167238,3434228,1610,1119,1,236,13,58,811,294,78.4028259043954,1394.4028259044,6.55288707431918e-05,1.6104552979259e-05,0.00038717645145182,0.0004470401775277,3601466,167238,3434228,21806,1750,1455,6,282,7,1737,1061.89566563431,21130.8956656343,0.00040400214801417,7.83014472439834e-05,0.00586730394390349,0.00605475659078831,3601466,167238,3434228,1631888,67323,490,194,66639,0,29313,37310,67113,79468.714757436,1644243.71475744,0.00013605570620408,0.0103596702009682,0.00813918554277619,0.456548448536634,3601466,167238,3434228,5873,436,415,8,7,6,422,285.999873625164,5736.99987362516,0.00011523085321366,1.94365294577264e-06,0.00159296238632411,0.00163072482150324,3601466,167238,3434228,18,5.24135264169997e-06,0.876553333092619,4.99796471770107e-06,2.43387923998899e-07,3601466,167238,3434228,18680,0.00543935929705308,909.667570120563,0.00518677671814755,0.00025258257890552,20250.67584,203.45,10125.33792,457.777777777778,4499.99999961553,4.49999999961553e-06,2.651896,1.69689912410424e-06,0.3244259458,0.000211890695850625,1.9944065370684e-07,7.13396978843124e-09,6.60275238852144e-07,1.11195883367662e-10,2.73278018445949e-11,6.56999381342381e-10,6.85550891101476e-10,1.3286965724441e-10,9.95622292326318e-09,2.30872808687087e-10,1.75793152900317e-08,1.38113768184588e-08,7.74716662432963e-07,1.95535133888044e-10,3.29818298124422e-12,2.70309647808438e-09,8.48104195177083e-12,4.13004755051281e-13,8.80143686994884e-09,4.28607156908767e-10
4,22.974,"Lama Lake (PG1341)","Lama Lake","210810_A00902_B_L001_APMG-37-6","ELS110",1675.5,0.009,0,38.6,295,201.303781,13,2,325,2.99,3.423555148,21.625,0.051875,13.38114754,0.101010101,0.162129187,0.151203081,274.9252481,7.166,4342215,219097,4123118,1302839,790436,1327,291910,73410,9,27440,396340,319350,69231.1295439519,1052720.12954395,0.0672260585899132,0.00631935544416847,0.242438508812657,0.300040186863156,4342215,219097,4123118,2283,1557,7,308,21,74,1147,382,121.315579859708,2022.31557985971,7.09315406998502e-05,1.70419935447692e-05,0.00046573363591155,0.00052576853057713,4342215,219097,4123118,1570,78,15,2,61,0,76,83.4277093209556,1577.42770932096,3.45445815096673e-06,1.40481298139314e-05,0.00036327720053497,0.00036156661980118,4342215,219097,4123118,2801710,118159,591,188,117380,0,49629,67729,117949,148879.138523321,2832640.13852332,0.00013610565114808,0.015597799740455,0.0114294202382885,0.652349121018494,4342215,219097,4123118,9621,233,209,7,4,13,213,511.247128265551,9919.24712826555,4.81321169034698e-05,9.21188840257795e-07,0.00228437493957935,0.00221568945803006,4342215,219097,4123118,49,1.188420995955e-05,2.60379474950753,1.1284563293158e-05,5.99646666392045e-07,4342215,219097,4123118,5046,0.00122383109093652,268.137720530919,0.00116207972198521,6.17513689513114e-05,201303.781,191.75,100651.8905,4288.88888888889,4500.00000078692,4.50000000078692e-06,2.3434125,1.92027652015465e-06,0.34581365127855,0.000179390831600748,1.29092621852751e-07,1.21349098819482e-08,4.65548976054252e-07,1.36208172144316e-10,3.27253400606475e-11,8.94337365687205e-10,6.63351487715827e-12,2.6976293833777e-11,6.97592678494816e-10,2.61360486160018e-10,2.99520886076701e-08,2.19476473225658e-08,1.25269070003534e-06,9.24269739550719e-11,1.76893730057554e-12,4.38663155970393e-09,2.16694819320504e-11,1.15148741386165e-12,2.23151440467605e-09,1.1857970388461e-10
4,3.025,"Lama Lake (PG1341)","Lama Lake","JK109L-6_S31_210810_A00902_B_L002_APMG-38-10","ELS125",141,1.015,15.4,99.7,294,521.7163789,13,2,325,2.95,0.545639638,48.4,0.715,8.5,0.021276596,-0.700738442,0.395462663,328.5844015,10.9632,1501420,186130,1315290,1156310,429848,2051,39611,10431,22,67712,310021,107323,163632.339864212,1212619.33986421,0.0263823580343941,0.0450986399541767,0.807648319500348,0.770144263430619,1501420,186130,1315290,3532,2474,1,314,5,39,2115,353,499.822214112477,3678.82221411248,0.00020913535186689,2.59754099452518e-05,0.00245022859300694,0.0023524396904264,1501420,186130,1315290,716,123,23,3,95,2,118,101.322962996754,699.322962996754,1.53188315061742e-05,6.32734344820237e-05,0.00046577437558894,0.00047688188514872,1501420,186130,1315290,62442,3395,97,44,3251,3,1037,2199,3333,8836.32465844034,67945.3246584403,6.46055067869084e-05,0.00146461349922074,0.00069067949008272,0.0452540426119542,1501420,186130,1315290,34492,3917,3581,67,158,111,3739,4881.04977609501,35634.049776095,0.00238507546189607,0.00010523371208589,0.0237335654088097,0.0229729189700417,1501420,186130,1315290,350,0.00026610101194413,49.5293813531617,0.00023311265335482,3.29883585893099e-05,1501420,186130,1315290,57448,0.0436770598119046,8129.6111427898,0.0382624448855084,0.00541461492639621,521716.3789,191.1,260858.18945,98.2266009852217,507500.000039653,0.000507500000039653,1.5222,0.000333399027749082,0.0116093541393122,8.30068820960826e-05,8.79585251839518e-06,1.50358427135284e-05,0.000269269164484596,6.97255229803834e-08,8.66017642113079e-09,8.16903830671516e-07,5.10728353041049e-09,2.1095301538652e-08,1.55288723971788e-07,2.1539413149992e-08,4.88300716668376e-07,2.30271870479811e-07,1.50876538085411e-05,7.95181840104343e-07,3.50848172958626e-08,7.9127476323164e-06,7.77195319845058e-08,1.0998286680714e-08,1.27566619241313e-05,1.80522735209617e-06
4,4.322,"Lama Lake (PG1341)","Lama Lake","BH195L-3_S28_210810_A00902_B_L002_APMG-38-4","EBH018",171,1.3,20.5,34.5,320,165.8653846,13,2,325,4.218,0.566247842,50.53,0.69375,8.307291667,0.023255814,-0.799083282,0.43642562,302.8253609,9.8403,1714824,162243,1552581,1420934,613162,1367,128269,12709,28,46483,424306,174752,148486.033876493,1394668.03387649,0.0748000961031569,0.0271065718697662,0.813300976587973,0.828617980620752,1714824,162243,1552581,3600,2199,0,526,10,60,1603,586,376.196024555241,3390.19602455524,0.00030673701790971,3.49890134497768e-05,0.00197699357167572,0.00209934080698661,1714824,162243,1552581,791,125,13,4,108,0,121,82.6586265064432,752.658626506443,7.5809529141183e-06,6.29802242095982e-05,0.0004389130467654,0.00046127182731289,1714824,162243,1552581,73404,3689,146,32,3511,0,743,2751,3640,7670.63694068136,77434.6369406814,8.51399327277901e-05,0.00160424626667226,0.00043328061655306,0.0451560258899347,1714824,162243,1552581,18005,2193,1961,42,112,78,2073,1881.50261725475,17813.5026172548,0.00114355758958354,6.531282510625e-05,0.0103879480443793,0.0104996197860538,1714824,162243,1552581,572,0.00036841878137114,59.7733683459993,0.0003335619282212,3.48568531499439e-05,1714824,162243,1552581,35275,0.0227202316658519,3686.19854616281,0.0205706241573479,0.00214960750850397,165865.3846,208,82932.6923,26.5384615384615,649999.99993971,0.00064999999993971,2.0866446,0.000311504891604306,0.0131685544914534,9.13568467844579e-05,2.33005958286056e-05,8.44382973205585e-06,0.000253347232553713,9.55500815149923e-08,1.08992488420143e-08,6.15843168247255e-07,2.36150391576977e-09,1.96186479156258e-08,1.36723561056372e-07,2.65215055155682e-08,4.99730559406355e-07,1.34969031493608e-07,1.40663229501253e-05,3.56223782986502e-07,2.03452645050934e-08,3.23589662955554e-06,1.03906172293868e-07,1.08580802621405e-08,6.40785004836757e-06,6.69613253928331e-07
4,5.149,"Lama Lake (PG1341)","Lama Lake","BH195L-4_S29_210810_A00902_B_L002_APMG-38-5","EBH019",191,1.265,16.45,35.65,296,185.2910603,13,2,325,4.24,0.580484669,48.65,0.69,7.786458334,0.026315789,-0.798262208,0.434768854,360.0722106,10.972,1555891,196989,1358902,1202946,508021,1769,61020,14821,58,45017,385336,106037,174381.323740785,1271290.32374078,0.0392186856277207,0.0289332607489856,0.817081867393529,0.773155703066603,1555891,196989,1358902,5543,3728,0,387,6,85,3250,472,803.523747113478,5874.52374711348,0.00024873207698996,5.46310763414661e-05,0.00377566535645073,0.00356258889600878,1555891,196989,1358902,810,139,14,4,120,1,134,117.419129561955,793.419129561955,8.99805963271206e-06,7.71262254232462e-05,0.00050994518868092,0.00052060202160691,1555891,196989,1358902,82358,4309,156,20,4131,2,907,3208,4271,11938.7712005722,90025.7712005722,0.00010026409305022,0.00206184109298145,0.0005829457204907,0.0578612326959744,1555891,196989,1358902,22508,2595,2350,41,126,78,2476,3262.80218293887,23294.8021829389,0.00151038858120524,8.09825366944085e-05,0.0149720013695939,0.0144663090152202,1555891,196989,1358902,475,0.00034954691361113,68.8568969653441,0.00030529130896701,4.42556046441197e-05,1555891,196989,1358902,44262,0.0325718852426444,6416.30310206328,0.0284480082473644,0.00412387699528006,185291.0603,192.4,92645.53015,28.1818181818182,632500.000030516,0.000632500000030516,2.17724,0.000290505410533757,0.0152759120671388,0.000105403793263258,1.13932403688753e-05,8.40526879196429e-06,0.000237366703326846,7.22580141388823e-08,1.58706232604786e-08,1.0968512144138e-06,2.61398500760824e-09,2.24055857794992e-08,1.48141836387465e-07,2.91272615133489e-08,5.98975993171945e-07,1.69348885850047e-07,1.68090011583333e-05,4.38776054848526e-07,2.35258650684741e-08,4.34944740438584e-06,8.86887770438491e-08,1.28564925955596e-08,8.26430031476829e-06,1.19800857950455e-06
4,6.379,"Lama Lake (PG1341)","Lama Lake","BH193L-1_S22_210810_A00902_B_L001_APMG-37-1","EBH001",226,2.22,31.95,46.85,351,205.3473592,13,2,325,5.09,0.604461202,50.545,0.6725,8.40625,0.04,-0.795083482,0.351982525,412.0236711,11.221,1409664,132451,1277213,1125688,383577,1933,70743,11612,54,73464,225771,144207,116737.381539336,1098218.38153934,0.050184299237265,0.0521145464451103,0.779063934057574,0.798550576591301,1409664,132451,1277213,9476,7104,0,423,11,57,6613,480,982.69096540671,9978.69096540671,0.00030007150640152,4.04351675292836e-05,0.00707877264752928,0.00672216925451739,1409664,132451,1277213,583,133,15,2,116,0,131,60.4589312824094,512.458931282409,1.06408335603378e-05,8.22891128666122e-05,0.00036353267961898,0.00041357373104512,1409664,132451,1277213,130551,6888,122,38,6728,0,967,5749,6838,13538.5487784731,137251.548778473,8.65454462907473e-05,0.00407827680922546,0.00068597907018977,0.0973647257633543,1409664,132451,1277213,3192,487,435,10,27,15,462,331.020426506777,3061.02042650678,0.00030858417324979,1.9153500408608e-05,0.00217145392555019,0.00226436938163988,1409664,132451,1277213,1171,0.00091684002590014,121.4363782705,0.00083069440661037,8.61456192897739e-05,1409664,132451,1277213,6552,0.00512991959837553,679.462980724437,0.00464791609915554,0.00048200349921998,205347.3592,228.15,102673.6796,21.1036036036036,1110000.00003507,0.00111000000003507,2.5172595,0.000440955729846313,0.02417844808,0.000162600063338,2.2129054296994e-05,2.29802078633132e-05,0.000343532705639298,1.32318250111365e-07,1.78301188093332e-08,3.12142535920739e-06,4.6921365287719e-09,3.62858558225026e-08,1.60301818064373e-07,3.81627104340114e-08,1.79833952692731e-06,3.02486401554825e-07,4.2933533710266e-05,1.36071959334382e-07,8.4458457517894e-09,9.57515050568626e-07,3.66299458346126e-07,3.79864044269849e-08,2.04952523576756e-06,2.12542204787023e-07
4,6.869,"Lama Lake (PG1341)","Lama Lake","BH193L-2_S20_BH193L-2_S19","EBH002",245.5,1.505,24.2,96.4,345,429.877369,13,2,325,5.09,0.619019214,48.3775,0.655625,8.858258929,0.040833334,-0.759373802,0.320036665,399.0371757,11.6705,2115839,146509,1969330,1813278,677246,2401,56466,23150,51,92764,502414,149230,134899.456415126,1798947.45641513,0.0266872857528385,0.0438426553249089,0.850228895683994,0.857001879632619,2115839,146509,1969330,4652,2941,1,347,7,71,2515,418,346.087180919399,4580.0871809194,0.00016400113619231,3.35564284428068e-05,0.00216466715138505,0.00219865500163292,2115839,146509,1969330,564,90,11,3,76,0,87,41.9589789420767,518.958978942077,5.19888327987148e-06,3.59195572063848e-05,0.00024527337805101,0.00026656092453159,2115839,146509,1969330,133235,6902,141,26,6733,2,1101,5624,6866,9912.06482153829,136281.064821538,6.66402311328981e-05,0.00265804723327247,0.00052036095373986,0.0644099408421616,2115839,146509,1969330,4519,698,628,11,40,19,668,336.192599005753,4187.19259900575,0.00029680897270539,1.89050301086236e-05,0.00197897505387024,0.00213579577652175,2115839,146509,1969330,4649,0.00236070135528327,345.863994861196,0.00219723712437478,0.00016346423090849,2115839,146509,1969330,8433,0.00428216703142693,627.376009607328,0.00398565297265057,0.00029651405877636,429877.369,224.25,214938.6845,64.0531561461794,752499.999986339,0.00075249999998634,2.62758525,0.000286384618724108,0.0252766183176795,0.000165719828845286,7.64282815510797e-06,1.25558621290765e-05,0.00024349247811868,4.69674028587552e-08,9.61004496533603e-09,6.19927376814008e-07,1.48888020589713e-09,1.02868086952893e-08,7.02425228563125e-08,1.90847371846814e-08,7.61223843451406e-07,1.49023373335703e-07,1.84460163501248e-05,8.50015244821273e-08,5.41410983962595e-09,5.66748016267149e-07,6.29254916110526e-07,4.68136414437574e-08,1.14142970693914e-06,8.49170656690056e-08
4,7.569,"Lama Lake (PG1341)","Lama Lake","210810_A00902_B_L002_APMG-38-9_JK109L-5_S30","ELS124",261,0.555,9.52,112.5,333,519.7505198,13,2,325,2.87,0.629994116,48.14,0.645,8.0625,0.058823529,-0.626097624,0.256784585,430.4036381,11.3308,2309252,179516,2129736,1850215,746556,2460,93392,20897,41,63328,566438,156720,155955.102388277,1849450.10238828,0.0404425329067594,0.0274235986371344,0.800887084817195,0.801218316580434,2309252,179516,2129736,4713,2298,1,493,15,66,1723,559,397.259992787839,4551.25999278784,0.00021348904320533,2.8580683268868e-05,0.00197088061103242,0.00204092060979053,2309252,179516,2129736,715,92,10,0,81,1,91,60.2675355067483,684.267535506748,4.33040655588909e-06,3.50762931027017e-05,0.00029631566217405,0.00030962406874607,2309252,179516,2129736,257886,12985,212,36,12737,0,2176,10555,12943,21737.2778485221,266680.277848522,9.18046189848488e-05,0.00457074411974094,0.00094229646656146,0.115483402352156,2309252,179516,2129736,5771,826,749,13,44,20,793,486.439087285936,5464.43908728594,0.00032434745103609,1.9053788845912e-05,0.00236632428478396,0.0024990776234036,2309252,179516,2129736,747,0.00035074769830626,62.9648238091482,0.00032348136972491,2.72663285813537e-05,2309252,179516,2129736,9689,0.00454939015915588,816.688323811026,0.00419573091200094,0.00035365924715493,519750.5198,216.45,259875.2599,202.702702702703,277500.000026418,0.000277500000026418,1.488382,0.000186444071499399,0.0370584771523554,0.000239027177632692,7.54027049688464e-06,5.1129673850727e-06,0.000149320648904602,3.98037664357128e-08,5.32869895488249e-09,3.67459005560107e-07,8.07378629527651e-10,6.53976689917398e-09,5.52462985047703e-08,1.71164269459862e-08,8.52188143466436e-07,1.75685589785216e-07,2.15311957251392e-05,6.04726593516205e-08,3.55246596992166e-09,4.41187134143024e-07,6.03111836257146e-08,5.08364531554801e-09,7.82269154149341e-07,6.59376699629773e-08
4,8.491,"Lama Lake (PG1341)","Lama Lake","BH193L-3_S20","EBH003",304.5,0.742,8.42,62.1,384,248.7980769,13,2,325,2.15,0.666410498,48.755,0.5365625,8.234375,0.054093568,-0.619856755,0.29763913,382.3738643,9.7961,777086,93660,683426,387915,154761,814,29640,3219,4,16839,104245,46479,53161.7452364996,394597.7452365,0.0381424964547039,0.0216694162550863,0.507791602520827,0.499191852639219,777086,93660,683426,9498,5433,0,523,9,179,4722,702,1301.65179551261,10097.6517955126,0.00067302718103273,0.00023034773499973,0.0129942526252083,0.0122225854023879,777086,93660,683426,763,125,12,1,112,0,124,104.565205303866,743.565205303866,1.54423062569651e-05,0.00014412819173167,0.00095686346852712,0.00098187330617203,777086,93660,683426,267303,13423,116,39,13267,1,2635,10612,13363,36632.4941983477,290572.494198348,0.00014927562715066,0.0136561461665762,0.00339087308225859,0.373925787105092,777086,93660,683426,5174,730,664,9,30,27,694,709.069950514028,5189.06995051403,0.00085447427955207,3.86057656424128e-05,0.00667760061372104,0.00665820771446146,777086,93660,683426,869,0.00127153488453761,119.091957285792,0.00111828034477522,0.00015325453976238,777086,93660,683426,11904,0.0174181257370952,1631.38165653633,0.0153187678069094,0.00209935793018576,248798.0769,249.6,124399.03845,83.6927223719677,370999.999965588,0.000370999999965588,1.1017675,0.000336731660686659,0.0360485215894769,0.000193422848653537,1.28437861739274e-05,7.29677852168569e-06,0.000170989509599578,2.26629560356412e-07,7.75653753418695e-08,4.37557626586837e-06,5.19991343073984e-09,4.85325253535704e-08,3.22206224807534e-07,5.02658298304842e-08,4.59845677725096e-06,1.14181432416662e-06,0.000125912651265464,2.87728543167605e-07,1.29997835768496e-08,2.24855954406054e-06,3.76560397609409e-07,5.16056556819558e-08,5.15831412329393e-06,7.06920282207158e-07
4,9.157,"Lama Lake (PG1341)","Lama Lake","BH193L-4_S23_210810_A00902_B_L001_APMG-37-2","EBH004",337,0.467,4.96,76.9,384,308.0929487,13,2,325,2.54,0.695510128,49.02,0.475,8.683333334,0.052631579,-0.519732066,0.25303398,384.6864726,10.9468,1512466,124113,1388353,779876,406433,1149,164867,33896,17,55486,151018,220353,69717.6798609575,629240.679860958,0.109005425576509,0.0366857833498406,0.416036247995629,0.515632086936169,1512466,124113,1388353,54287,45229,3,821,16,283,44106,1104,4853.03264443553,58036.0326444355,0.00054282211963773,0.00018711164416258,0.0383717932465494,0.0358930382567278,1512466,124113,1388353,1350,259,19,12,227,1,246,120.684400869231,1224.68440086923,1.25622658625053e-05,0.00015008601846256,0.00080972689691486,0.00089258204812537,1512466,124113,1388353,509373,27838,198,70,27570,0,8238,19300,27736,45535.8335733059,527172.833573306,0.00013091203372505,0.0127606174287554,0.00544673400922732,0.348551857412534,1512466,124113,1388353,15575,1828,1697,25,59,47,1756,1392.34040262095,15211.3404026209,0.00112200869308798,3.90091413625166e-05,0.0100573106454102,0.0102977521478169,1512466,124113,1388353,2294,0.00165231753019585,205.074085625198,0.00151672830992564,0.0001355892202702,1512466,124113,1388353,25598,0.0184376739921331,2288.35503218562,0.0169246779762322,0.00151299601590093,308092.9487,249.6,154046.47435,164.668094218415,233499.999986397,0.000233499999986397,1.294892,0.000180323918895473,0.0366057962471321,0.000173877532173878,1.96562855208249e-05,6.61532422139355e-06,7.50212866411407e-05,9.78838118762228e-08,3.37407049463717e-08,6.91935213326463e-06,2.26527701053377e-09,2.70640990205871e-08,1.46013127286758e-07,2.36065709518773e-08,2.30104454227905e-06,9.82176421725122e-07,6.28522368669243e-05,2.02325004572413e-07,7.03428124323648e-09,1.81357366912953e-06,2.73502392745499e-07,2.4449979559104e-08,3.05192425871809e-06,2.72829370860493e-07
4,9.805,"Lama Lake (PG1341)","Lama Lake","JK081L-1_S1","EBH021",366.5,1.235,17.95,52.4,362,222.6944326,13,2,325,2.995,0.709744857,49.655,0.81,8.690625,0.05131579,-0.604456358,0.237557673,379.7766199,10.7964,1216127,154769,1061358,453065,193625,888,45530,12249,37,22560,112361,68090,66066.696614149,451041.696614149,0.0374385241015124,0.0185506941298072,0.370883712485743,0.372547439535509,1216127,154769,1061358,4938,3192,1,481,15,70,2625,551,720.067424940501,5107.0674249405,0.00039551790232434,5.755977788504e-05,0.00419945238033569,0.00406043118851896,1216127,154769,1061358,1163,225,27,2,195,1,222,169.590606562536,1110.59060656254,2.22016286128011e-05,0.00016034509553689,0.00091321926621359,0.00095631459543287,1216127,154769,1061358,572428,32727,270,47,32410,0,8798,23574,32642,83472.4090570759,623258.409057076,0.00022201628612801,0.019384488626599,0.00723444179760831,0.512494508432981,1216127,154769,1061358,10978,1024,930,12,48,34,978,1600.83033434524,11600.8303343452,0.00076472276332981,3.94695619783131e-05,0.0095391602475278,0.0090270177374567,1216127,154769,1061358,599,0.00056437130544076,87.3471825717618,0.00049254724218769,7.18240632530664e-05,1216127,154769,1061358,18187,0.0171355942104361,2652.05878035498,0.0149548525770746,0.00218074163336147,222694.4326,235.3,111347.2163,42.4291497975708,617499.999891348,0.000617499999891348,1.50783275,0.000409528178699759,0.036421118035392,0.000295011056086675,1.53321305884994e-05,7.59703198059624e-06,0.000151887331283691,1.61975726182036e-07,2.35723510036231e-08,1.71979408485524e-06,9.09219252996888e-09,6.56658349386614e-08,3.73989022845981e-07,9.09219252996884e-08,7.93849432227727e-06,2.96270777328394e-06,0.000209880942632187,3.13175520476704e-07,1.61638978310558e-08,3.9065549224952e-06,2.01711975016714e-07,2.94139778108445e-08,6.12443353861275e-06,8.9307514932526e-07
5,1.43,"Btoko Lake","Btoko Lake","JK080L-14","EJK083",4,2.17,18.2,49.2,319,237.2799614,13,2,325,1.625,0.341732092,67.53828045,5.485,12.4067675,0.008092727,-0.390927792,-0.499915923,454.396658,16.89303384,307001,26867,280134,240482,78442,605,17173,2629,11,15867,42157,33040,23064.0689598549,230506.068959855,0.0559379285409494,0.0516838707365774,0.750831655140716,0.783326438676096,307001,26867,280134,6746,5314,0,3697,17,66,1534,3763,646.993160416087,3629.99316041609,0.0120423060511204,0.00021498301308464,0.0118240434409532,0.0219738697919551,307001,26867,280134,451,98,21,3,74,0,95,43.2543604132308,399.254360413231,6.84036859814789e-05,0.00024104156012521,0.00130049856649728,0.00146905058941176,307001,26867,280134,22640,1221,86,8,1127,0,217,907,1210,2171.34971120964,23601.3497112096,0.00028012938068605,0.00295438777072387,0.00070683808847528,0.0768771102087929,307001,26867,280134,2922,375,331,17,16,11,347,280.242219794813,2855.24221979481,0.00107817238380331,5.21170940811268e-05,0.00930043296209072,0.00951788430656578,307001,26867,280134,4394,0.0156853505822214,421.418314092541,0.0143126569620294,0.00137269362019193,307001,26867,280134,2499,0.00892073079312044,239.673274218767,0.00814003863179599,0.00078069216132444,237279.9614,207.35,118639.9807,22.6728110599078,1084999.99991818,0.00108499999991818,0.5275029426875,0.00205686056345083,0.00276554452769488,0.000151690117344064,0.00011505651921701,0.000106306515484557,0.00154435602124945,2.47693444095549e-05,4.4219008142563e-07,2.43204086542261e-05,1.40696844089979e-07,4.95788879174207e-07,2.6749442142526e-06,5.76187075797042e-07,6.07676369474335e-06,1.45386738892977e-06,0.00015812549622053,2.2176502568468e-06,1.07197595497127e-07,1.91296937827426e-05,2.94391396633983e-05,2.82343937307334e-06,1.67429244467074e-05,1.60577491882344e-06
5,10.17,"Btoko Lake","Btoko Lake","JK080L-9","EJK078",66,1.89,16.8,53.9,316,262.4148004,13,2,325,2.213,0.392503578,63.53687378,2.901444444,10.85148638,0.010704073,-0.243549019,-0.347881506,474.9466811,17.26038663,394962,34280,360682,297567,111937,751,14300,2122,14,31700,63050,46000,28281.41343344,279848.41343344,0.0362060147558499,0.0802608858573736,0.70854515987219,0.753406656842937,394962,34280,360682,12389,9271,3,6992,8,82,2186,7074,1177.47744550601,6492.47744550601,0.01770296889321,0.00020761490978879,0.0164382331604205,0.0313675746021136,394962,34280,360682,449,48,9,3,35,1,44,42.6739343798693,447.673934379869,2.27870022938916e-05,8.86161200318005e-05,0.00113346077440328,0.00113681822555081,394962,34280,360682,37984,2460,152,8,2300,0,334,1953,2439,3610.08178949878,39155.0817894988,0.00038484714985239,0.00494477949777447,0.00084565097401775,0.0991363265060912,394962,34280,360682,3729,602,530,26,26,20,556,354.41225234417,3527.41225234417,0.00134190124619584,6.5829117737909e-05,0.00893101678729642,0.0094414146171024,394962,34280,360682,5391,0.0149466843368951,512.372339068764,0.013649414374041,0.00129726996285406,394962,34280,360682,3173,0.00879722303857692,301.568805762417,0.00803368425316866,0.00076353878540825,262414.8004,205.4,131207.4002,28.5185185185185,945000.00003787,0.00094500000003787,0.8069289832486,0.00117110677600576,0.00420138695167319,0.000121900908280263,4.24011092127402e-05,9.39940672757948e-05,0.000829782037832403,2.07320668262573e-05,2.43139227653476e-07,1.9250926239731e-05,2.66860127912352e-08,1.03778938632581e-07,1.32740359324041e-06,4.50697104918636e-07,5.79086477569802e-06,9.90347585808054e-07,0.000116099223719602,1.57150964215052e-06,7.70929258413459e-08,1.0459174276224e-05,1.59849216619498e-05,1.51924164380712e-06,9.40830206517656e-06,8.94185445334806e-07
5,10.8,"Btoko Lake","Btoko Lake","JK080L-8","EJK077",74,1.29,12.65,15.6,279,86.02150538,13,2,325,2.528,0.385651551,61.60991643,1.655111111,8.640065922,0.010627796,-0.156122877,-0.234443317,437.7177767,16.54298173,466214,57867,408347,401842,92695,843,14361,2395,10,26626,48460,40987,56945.1741141725,417800.174114173,0.030803450775824,0.0571111120644168,0.896155358084855,0.861926068286238,466214,57867,408347,787,443,2,210,5,21,205,231,111.526052597423,667.526052597423,0.0004504369238161,4.50436923816102e-05,0.00143180181761471,0.00168806599544415,466214,57867,408347,208,22,7,0,15,0,22,29.4757546890267,215.475754689027,1.50145641272034e-05,3.21740659868644e-05,0.00046218207666227,0.00044614704835118,466214,57867,408347,1804,241,139,3,99,0,61,34,234,255.645487783674,1825.64548778367,0.00029814634481161,7.29278829035593e-05,0.00013084120167991,0.00391589589283821,466214,57867,408347,1866,297,270,2,17,8,287,264.431530046749,1843.43153004675,0.00057913318776355,3.64639414517797e-05,0.00395404584599937,0.00400245380876593,466214,57867,408347,860,0.00210605196070989,121.870908810399,0.00184464644991356,0.00026140551079632,466214,57867,408347,980,0.00239991967615778,138.876151900222,0.00210203897780847,0.0002978806983493,86021.50538,181.35,43010.75269,12.093023255814,645000.000027412,0.000645000000027412,0.9705013126496,0.000664604974378113,0.0040986260111116,6.78368145082441e-05,2.0472126613624e-05,3.79563291702773e-05,0.000595589308798794,2.99362620211755e-07,2.99362620211756e-08,9.5158261031036e-07,9.97875400705855e-09,2.13830443008397e-08,3.07168507218151e-07,1.98149543854448e-07,4.84682337485701e-08,8.69577134900781e-08,2.6025238895271e-06,3.84894797415109e-07,2.42341168742851e-08,2.6278785381703e-06,1.22596120658148e-06,1.73731402805086e-07,1.39702556098819e-06,1.97972993894171e-07
5,11.58,"Btoko Lake","Btoko Lake","JK080L-7","EJK076",84,0.009,0,7.66,242,48.69675779,13,2,325,1.703,0.38933182,55.38661427,0.09,1,0.021886441,-0.045016733,0.701510247,408.1876615,17.24779361,373654,45256,328398,262101,92713,442,10276,3299,17,12035,66644,22311,36119.7170993733,275909.717099373,0.0275013782804413,0.0322089419623502,0.738409643947003,0.701453751331446,373654,45256,328398,1032,544,0,129,4,21,390,150,142.218259550911,1024.21825955091,0.00034523917849133,5.6201726731147e-05,0.00274108736839673,0.00276191342793065,373654,45256,328398,286,19,9,0,10,0,19,39.4131998367834,306.413199836783,2.40864543133487e-05,2.67627270148319e-05,0.00082004528209729,0.00076541399262419,373654,45256,328398,608,149,38,6,105,0,84,20,142,83.7875017509242,549.787501750924,0.00010169836265636,5.35254540296638e-05,0.00022480690692458,0.00147138128255264,373654,45256,328398,62747,240,174,6,58,2,232,8647.06311244283,71162.0631124428,0.00046567145005807,0.00015522381668602,0.190449086889055,0.167928083199966,373654,45256,328398,331,0.00100792331256585,45.6145774334801,0.00088584626419093,0.00012207704837491,373654,45256,328398,1293,0.00393729559863337,178.186249611752,0.00346042060301777,0.0004768749956156,48696.75779,157.3,24348.378895,851.111111111111,4500.0000002156,4.5000000002156e-06,0.7597659589819,5.92287657405141e-06,0.00852108790785262,7.66897911706736e-06,1.62887269171352e-07,1.90769587823785e-07,4.37350918218735e-06,2.04480904273105e-09,3.3287589067715e-10,1.62351221617052e-08,1.42661096004493e-10,1.58512328893881e-10,4.85702699099542e-09,6.02346849796739e-10,3.17024657787761e-10,1.33150356270855e-09,8.71480972992875e-09,2.75811452275349e-09,9.19371507584478e-10,1.12800643528467e-06,5.24675808638742e-09,7.23047290049095e-10,2.04956441259788e-08,2.82447174028251e-09
5,12.33,"Btoko Lake","Btoko Lake","JK080L-6","EJK075",94,0.797,6.98,20.7,297,107.2261072,13,2,325,2.671,0.402680897,55.82175966,0.703272727,7.813584563,0.024676697,0.265930535,0.329445007,364.6348728,16.97245404,811144,54106,757038,747660,214456,1180,77732,5856,29,42219,87440,119951,53435.7482187156,681144.748218716,0.0958300868896275,0.0520487114495084,0.839733448338045,0.921735228270196,811144,54106,757038,341,189,0,29,6,74,80,103,24.3714925802932,262.371492580293,3.57519749884114e-05,9.12291775566361e-05,0.00032345858760009,0.00042039391279476,811144,54106,757038,175,14,9,0,5,0,14,12.5073642274232,173.507364227423,1.10954405136449e-05,6.16413361869163e-06,0.00021390451538496,0.0002157446766542,811144,54106,757038,2287,448,326,7,115,0,66,44,436,163.453382789239,2014.45338278924,0.00040190151193869,5.42443758444863e-05,8.13665637667295e-05,0.00248347196402764,811144,54106,757038,3046,215,185,1,22,7,207,217.699608209892,3056.69960820989,0.00022807294389159,2.71221879222432e-05,0.00376838096344162,0.00375519020050694,811144,54106,757038,80,0.00010567501235076,5.7176522182506,9.8626137899066e-05,7.04887445170106e-06,811144,54106,757038,3449,0.00455591396997245,246.502281259329,0.00425201937017348,0.00030389459979896,107226.1072,193.05,53613.0536,25.9723964868256,398499.999902974,0.000398499999902974,1.1800007994814,0.000337711635515935,0.00993683448295721,6.98830468457695e-05,3.23629353751302e-05,1.75774554701104e-05,0.000283587756235677,1.20738579462612e-08,3.08091547594252e-08,1.09235728640101e-07,3.74705936263278e-09,2.08169964590711e-09,7.22380437348983e-08,1.35726816913142e-07,1.83189568839825e-08,2.74784353259738e-08,8.38697378729745e-07,7.70228868985629e-08,9.15947844199128e-09,1.27262609841098e-06,3.33071943345137e-08,2.38048691963045e-09,1.43595641574672e-06,1.02628742322567e-07
5,13.32,"Btoko Lake","Btoko Lake","JK080L-4","EJK073",108,0.319,4.01,29.7,334,136.8033164,13,2,325,5.054,0.426063267,45.82376369,0.3573,3.974973207,0.021912905,0.375406512,-0.054529379,356.6766776,17.19273094,842682,116416,726266,650955,137008,1932,52502,3463,13,20991,58107,73493,104344.10709024,681806.10709024,0.0623034549213108,0.0249097524333022,0.809090626227022,0.772480010252978,842682,116416,726266,4715,3492,7,859,27,1306,1293,2165,755.785676322449,3305.78567632245,0.00101936436283201,0.00154981357143027,0.00392293377136624,0.00559523046653423,842682,116416,726266,911,48,16,0,32,0,48,146.02773088648,1009.02773088648,1.89869962809221e-05,3.79739925618442e-05,0.00119740036085555,0.001081072100745,842682,116416,726266,47919,2005,162,80,1763,0,856,903,1921,7681.12276218355,53679.1227621836,0.00019224333734433,0.00107157860260454,0.00101580430102933,0.0637003315155463,842682,116416,726266,8631,504,468,7,21,8,489,1383.49653708146,9525.49653708146,0.00055536964121697,2.49204326187103e-05,0.0113037854577189,0.0102422978062899,842682,116416,726266,318,0.00043785610230962,50.973456006477,0.00037736655108332,6.04895512262953e-05,842682,116416,726266,12817,0.0176478039726491,2054.48674727992,0.0152097707082862,0.00243803326436298,136803.3164,217.1,68401.6582,93.1034482758621,159499.999948659,0.000159499999948659,2.7380669831074,5.82527750170833e-05,0.00933628389376064,3.33585423524068e-05,3.62934914231811e-06,1.4510622042284e-06,4.71317742180337e-05,5.93808028884855e-08,9.02809412949498e-08,2.28521778390316e-07,1.10604522260275e-09,2.2120904452055e-09,6.97518938262927e-08,1.11987078788525e-08,6.24224272506427e-08,5.91734194092471e-08,3.71072108028874e-06,3.23518227611304e-08,1.45168435466611e-09,6.58476871109877e-07,2.19826487992293e-08,3.52368421846971e-09,8.86011351131219e-07,1.42022203233102e-07
5,14.2,"Btoko Lake","Btoko Lake","JK080L-3","EJK072",120,0.895,11.9,9.94,313,48.85721307,13,2,325,3.775,0.409552894,48.41516972,0.09,1,0.038023029,0.350658139,-0.025564512,323.8969004,17.20702254,4468598,754590,3714008,3692128,232862,1581,124246,3844,144,39924,63123,164170,750144.552063431,4278102.55206343,0.02780424643255,0.00893434585075677,0.957370198004706,0.826238565205463,4468598,754590,3714008,1232,842,1,303,10,227,301,530,250.310413978645,952.310413978645,6.78065021736124e-05,5.07989306713202e-05,0.00021311167708051,0.00027570168540557,4468598,754590,3714008,203,15,12,1,2,0,14,41.2443295760268,230.244329576027,2.68540602667772e-06,4.47567671112953e-07,5.15249591876528e-05,4.54281186179647e-05,4468598,754590,3714008,14376,648,70,26,552,0,248,304,622,2920.82996051705,16674.829960517,1.56648684889534e-05,6.80302860091689e-05,5.54983912180062e-05,0.00373155740581656,4468598,754590,3714008,3266,298,291,0,6,1,297,663.566405888194,3632.56640588819,6.51210961469347e-05,1.34270301333886e-06,0.00081290964322326,0.00073087800692745,4468598,754590,3714008,39,1.05007851356271e-05,7.92378745549283,8.72756958670258e-06,1.77321554892448e-06,4468598,754590,3714008,2764,0.00074420949012495,561.573039153389,0.0006185385214781,0.00012567096864685,48857.21307,203.45,24428.606535,11.1061452513966,447499.999959099,0.000447499999959099,1.94732734307,0.000229802144745529,0.0155724415655959,1.40151974090363e-05,6.38947546323322e-06,2.05313183840223e-06,0.000220005724816934,1.55820796271885e-08,1.16737032190488e-08,4.89735204634179e-08,6.1711206444311e-10,1.02852010740518e-10,1.18405461292485e-08,3.59982037591815e-09,1.56335056325588e-08,1.27536493318243e-08,8.57519895097709e-07,1.49649675627454e-08,3.08556032221555e-10,1.86808379497028e-07,2.00561420944011e-09,4.07488736238967e-10,1.42141478843396e-07,2.88794581272943e-08
5,15.12,"Btoko Lake","Btoko Lake","JK080L-2","EJK071",132,0.281,3.82,6.11,301,31.22923588,13,2,325,3.776,0.44429929,51.00657574,0.09,1,0.038322378,0.286003846,-0.163431331,363.6424819,17.22698602,808115,74672,733443,644887,204612,836,148222,4430,17,17786,33321,166008,65656.0933351331,544535.093335133,0.183416964169704,0.0220092437338745,0.673833666415217,0.798013896537003,808115,74672,733443,1982,1336,0,371,9,403,553,774,201.787874449685,1409.78787444968,0.00045909307462428,0.00049869139912017,0.00174453867883864,0.00245262122346448,808115,74672,733443,613,25,16,0,9,0,25,62.4096705538126,650.409670553813,1.97991622479474e-05,1.11370287644704e-05,0.00080484791218305,0.00075855540362448,808115,74672,733443,74110,3214,74,58,3082,0,1362,1716,3152,7545.15609256616,78503.1560925662,9.15711253967567e-05,0.00212346015109236,0.00168540368635652,0.097143545278291,808115,74672,733443,8409,383,364,7,11,1,375,856.122218086477,8890.12221808648,0.0004504309411408,1.36119240454638e-05,0.0110010607624985,0.0104056972089368,808115,74672,733443,46,6.27178935513735e-05,4.68327054726816,5.69225914628487e-05,5.79530208852473e-06,808115,74672,733443,3396,0.00463021666305357,345.747538663536,0.00420237218712683,0.00042784447592673,31229.23588,195.65,15614.61794,21.7437722419929,140499.999998206,0.000140499999998206,1.8499917000576,7.59462866746007e-05,0.0170266053365116,1.53239448028605e-05,1.39298373418173e-05,1.67152033410399e-06,5.11751648005673e-05,3.48664142557394e-08,3.78737599597381e-08,1.32491234618009e-07,1.50367285199954e-09,8.45815979249743e-10,6.11252102681078e-08,6.95448694049789e-09,1.61268913376951e-07,1.28000151526461e-07,7.37769153829214e-06,3.42085573829894e-08,1.03377508574968e-09,8.35489714393413e-07,4.32305944949869e-09,4.40131673781011e-10,3.19154562836903e-07,3.24931992208757e-08
5,16.03,"Btoko Lake","Btoko Lake","JK080L-1","EJK070",144,0.246,5.52,16,353,69.73196775,13,2,325,3.545,0.432372648,53.59798176,0.4722,5.247862327,0.038061246,0.311548514,-0.190544214,343.2810787,17.48511436,1827066,66771,1760295,1662357,399727,1877,172132,5723,322,83363,136310,255495,63056.0441556671,1469918.04415567,0.0942122506795047,0.0456267042350961,0.80452377974067,0.90985054727087,1827066,66771,1760295,2684,1792,0,925,10,354,503,1279,101.808710471824,1506.80871047182,0.00050627618268852,0.0001937532634289,0.00082471498592378,0.00146902191820109,1827066,66771,1760295,767,39,20,0,19,0,39,29.0936218077084,757.093621807708,1.09465120581304e-05,1.03991864552238e-05,0.00041437672301258,0.00041979873742929,1827066,66771,1760295,85013,3540,59,45,3436,0,1346,2083,3488,3224.6884885772,84749.6884885772,3.22922105714846e-05,0.00114007923085428,0.00073670026151217,0.0463856743481501,1827066,66771,1760295,7175,308,288,8,10,2,298,272.160021473673,7149.16002147367,0.00015762977363707,5.47325602906518e-06,0.00391291831902825,0.00392706120085427,1827066,66771,1760295,70,3.97660619384819e-05,2.65521972169438,3.83127922034563e-05,1.45326973502565e-06,1827066,66771,1760295,2229,0.00126626502944109,84.5497822808109,0.00121998876887863,4.62762605624596e-05,69731.96775,229.45,34865.983875,65.0406504065041,123000.000001826,0.000123000000001826,1.644951546608,7.47742389467094e-05,0.0164566417191994,7.77082621980596e-05,7.04464934401657e-06,3.41170208482591e-06,6.01576533446387e-05,3.78564162573793e-08,1.44877528163373e-08,6.16674354203968e-08,8.18517108267678e-10,7.77591252854288e-10,3.09847041004971e-08,2.41462546938965e-09,8.52485568260786e-08,5.50862013864143e-08,3.46845349741282e-06,1.1786646359054e-08,4.09258554133838e-10,2.92585489365975e-07,2.86480987893687e-09,1.08667138420829e-10,9.12237317164325e-08,3.46027216485754e-09
5,16.91,"Btoko Lake","Btoko Lake","JK079L-14 WDH","EJK069",154,0.145,8.12,56.4,345,251.5050167,13,2,325,3.145,0.428151997,54.09323647,0.2538,2.820512426,0.011571355,0.191605726,-0.367900491,349.9992771,17.00970799,1970557,101101,1869456,1466972,450369,1770,263385,8107,167,69042,107898,332427,79334.4888416737,1213879.48884167,0.133660178315065,0.0350367941653045,0.616008310767805,0.744445352253195,1970557,101101,1869456,5925,4369,8,1834,35,578,1914,2412,320.426597363083,3833.42659736308,0.00093070131947464,0.00029331808214631,0.0019453517951336,0.00300676407736493,1970557,101101,1869456,945,46,18,1,27,0,45,51.1060142629728,951.106014262973,9.1344731464251e-06,1.37017097196376e-05,0.00048265846370491,0.00047955984018731,1970557,101101,1869456,378978,18129,310,59,17760,0,6923,10812,18045,20495.2963739184,381428.296373918,0.00015731592641065,0.00548677353661934,0.00351321986626116,0.193563696139679,1970557,101101,1869456,9737,495,424,35,26,10,450,526.581228442927,9813.58122844293,0.00021516758967134,1.31942389892807e-05,0.00498010523341519,0.00494124250148562,1970557,101101,1869456,168,8.98657149459522e-05,9.08551364675071,8.52550826999676e-05,4.61063224598462e-06,1970557,101101,1869456,6731,0.00360051266250717,364.015430692137,0.00341578548603263,0.00018472717647453,251505.0167,224.25,125752.50835,388.965517241379,72499.9999935406,7.24999999935406e-05,1.4437677130185,5.02158341260895e-05,0.00495429875124594,1.25740102306622e-05,6.71185734353285e-06,1.75940184411487e-06,3.09333711538087e-05,4.67359430796712e-08,1.47292121592418e-08,9.76874630613193e-08,4.58695188350102e-10,6.8804278252515e-10,2.42370973529589e-08,7.8997504660293e-09,2.75522909802294e-07,1.76419266052653e-07,9.71996245818291e-06,1.08048199922465e-08,6.62559716505702e-10,2.50080138331647e-07,4.28115509126761e-09,2.31526744080763e-10,1.71526517376919e-07,9.27622925242586e-09
5,17.91,"Btoko Lake","Btoko Lake","JK079L-13 WDH","EJK068",164,0.15,3.94,84.1,364,355.4522401,13,2,325,4.196,0.428584292,53.87524105,0.503,5.59063993,0.011473332,0.230148936,-0.33193414,344.9489843,16.71800001,1642774,130182,1512592,742913,228605,1489,60994,3503,11,73232,89376,134226,63939.1852964977,672626.185296498,0.0371286616418327,0.044578256047393,0.409445356023712,0.452230799854393,1642774,130182,1512592,5107,3678,4,1702,32,645,1295,2347,439.536553148503,3199.5365531485,0.00103605243326227,0.00039262856607177,0.00194764255652238,0.00310876602624585,1642774,130182,1512592,2325,139,52,3,84,0,136,200.102307826565,2389.10230782657,3.16537758693527e-05,5.11330225581851e-05,0.00145430978809414,0.00141528901723548,1642774,130182,1512592,742946,34876,289,79,34508,0,12028,22461,34778,63942.0254582862,772110.025458286,0.00017592194665851,0.0136726049961833,0.00732176184916489,0.470003801775708,1642774,130182,1512592,14234,408,335,36,29,8,364,1225.05645144229,15095.0564514423,0.00020392336377371,1.76530673117544e-05,0.00918876026248425,0.00866461241777627,1642774,130182,1512592,233,0.00015404021705787,20.0532635370278,0.00014183326495306,1.22069521048104e-05,1642774,130182,1512592,4834,0.00319583866634228,416.040669261771,0.00294258370293175,0.00025325496341053,355452.2401,236.6,177726.12005,560.666666666667,75000.0000068312,7.50000000068312e-05,1.935394885542,3.875178164782e-05,0.00491728987210094,2.47339680566677e-05,1.43880178882009e-06,1.72748684458919e-06,1.58667370333448e-05,4.01488776694721e-08,1.52150564611099e-08,7.54746190783572e-08,1.22664021081819e-09,1.98149572516784e-09,5.63570953565115e-08,6.81728886397002e-09,5.29837803368988e-07,2.83731316456177e-07,1.82134847000575e-05,7.90239366584778e-09,6.84087809879375e-10,3.56080831305955e-07,5.49629171385838e-09,4.73041142551009e-10,1.14030361136445e-07,9.8140810433115e-09
5,19.32,"Btoko Lake","Btoko Lake","JK079L-12 WDH","EJK067",178,0.401,7.08,45.6,372,188.5856079,13,2,325,3.927,0.449186576,55.74407652,0.741,8.231153091,0.01152193,0.214934432,-0.379032593,372.1371971,16.5635685,1506418,130345,1376073,930982,398266,989,301432,2406,8,24507,68924,325939,88184.8919279718,693227.891927972,0.200098511834033,0.0162683929692821,0.46018295846702,0.618010406142253,1506418,130345,1376073,4339,3200,2,1486,29,469,1214,1955,411.000691823762,2795.00069182376,0.00098644599307761,0.00031133456982059,0.00185539517705163,0.00288034264062166,1506418,130345,1376073,1215,66,25,3,38,0,63,115.087771506308,1267.08777150631,1.65956593720999e-05,2.52254022455919e-05,0.00084112628201887,0.00080654904548405,1506418,130345,1376073,424975,19411,114,54,19243,0,6954,12270,19338,40254.6713546447,445891.671354645,7.56762067367756e-05,0.00814514961982664,0.00461624861094331,0.29599465178632,1506418,130345,1376073,10936,324,292,8,14,10,306,1035.88466600246,11665.8846660025,0.00019383730146612,9.29356924837595e-06,0.00774412192764721,0.00725960523573138,1506418,130345,1376073,118,8.57512646494772e-05,11.1772485907361,7.83315122363116e-05,7.4197524131656e-06,1506418,130345,1376073,3508,0.00254928335924039,332.286339460189,0.00232870292309306,0.00022058043614733,188585.6079,241.8,94292.80395,113.715710723192,200499.999956998,0.000200499999956998,1.7379301150596,0.000115367124500356,0.00517549628561168,3.83504274763825e-05,2.30847899270927e-05,1.87683771710788e-06,5.30899846624066e-05,1.13803437696261e-07,3.59177740777566e-08,2.14051606388275e-07,1.91459350094654e-09,2.91018212143875e-09,9.70383204981921e-08,8.73054636431623e-09,9.39682490264563e-07,5.3256332822329e-07,3.41480518440718e-05,2.23624520910548e-08,1.07217236053006e-09,8.93417078572809e-07,9.03688132446768e-09,8.55995500411489e-10,2.68655760052819e-07,2.54477306393517e-08
5,2.95,"Btoko Lake","Btoko Lake","JK080L-13","EJK082",18,2.22,25.3,36.9,296,191.7879418,13,2,325,1.557,0.374727471,65.1879538,6.752,13.61337343,0.008483542,-0.459131227,-0.39554724,472.2452387,17.27206806,295445,29373,266072,243466,74326,653,14392,2723,14,16219,40325,30611,26877.4121966986,239732.412196699,0.0487129584186566,0.054896850513632,0.811428225885355,0.824065392881924,295445,29373,266072,4259,3070,0,1920,15,80,1055,2000,470.172009831925,2729.17200983193,0.00649867149554063,0.00027077797898085,0.00923749601391773,0.0144155426559935,295445,29373,266072,392,66,14,3,49,0,63,43.2748128326167,372.274812832617,4.73861463216504e-05,0.00016585151212577,0.00126004776805367,0.00132681209700621,295445,29373,266072,8568,648,115,9,524,0,174,347,636,945.863766198623,8877.86376619862,0.00038924334478498,0.00117449948382948,0.00058894210428336,0.0300491251034833,295445,29373,266072,2478,493,442,13,24,14,466,273.558638263327,2285.55863826333,0.00149604833386925,8.12333936942578e-05,0.00773598686138986,0.00838734789893212,295445,29373,266072,4628,0.0173937881475691,510.907739258547,0.0156645060840427,0.00172928206352636,295445,29373,266072,2281,0.00857286749451276,251.810836916323,0.00772055712569175,0.00085231036882101,191787.9418,192.4,95893.9709,16.6216216216216,1110000.00006979,0.00111000000006979,0.542023559334,0.00204788146373873,0.00317901623878228,0.00021464717644258,9.97583645894424e-05,0.000112422242584503,0.00166170882294502,1.33085088946449e-05,5.54521203943519e-07,1.89172968582625e-05,9.70412106901191e-08,3.39644237415404e-07,2.58042846762247e-06,7.97124230668825e-07,2.4052357221051e-06,1.20608361857718e-06,6.15370463009896e-05,3.06372965178805e-06,1.66356361183061e-07,1.58423840971667e-05,3.20790516481336e-05,3.5413646834715e-06,1.58107858274401e-05,1.74543060566087e-06
5,20.5,"Btoko Lake","Btoko Lake","JK079L-11 WDH","EJK066",190,0.309,5.63,65.5,365,276.0800843,13,2,325,3.656,0.452729462,55.09874906,0.70125,7.791248461,0.016405035,0.183353161,-0.402769954,356.8807901,17.12200035,2086517,243598,1842919,976858,179378,943,105973,3467,9,20337,48649,126310,129121.602785581,979669.602785581,0.0507894256313272,0.00974686523042947,0.46952390169147,0.468176391565465,2086517,243598,1842919,4976,3515,17,1895,54,417,1132,2312,657.730289828256,3321.73028982826,0.00090821210658719,0.00019985459020942,0.00159199771189415,0.00238483558964533,2086517,243598,1842919,2060,121,34,3,83,1,117,272.291880435331,2215.29188043533,1.62950984823033e-05,3.97792110009168e-05,0.00106171762819825,0.00098729126098661,2086517,243598,1842919,788978,37983,118,72,37793,0,13251,24509,37878,104287.525845683,855387.525845683,5.65535770856408e-05,0.0117463696677286,0.00635077499967649,0.409959528652622,2086517,243598,1842919,63679,430,362,28,30,10,392,8417.12361856381,71704.1236185638,0.00017349487207628,1.43780280726205e-05,0.0343654634103455,0.0305192816545468,2086517,243598,1842919,187,0.00010146946230409,24.7177580783529,8.96230416526681e-05,1.18464206514267e-05,2086517,243598,1842919,6181,0.00335391843048989,817.007821830476,0.00296235305056225,0.00039156537992763,276080.0843,237.25,138040.04215,211.974110032362,154500.000000413,0.000154500000000413,1.6415897343664,9.41160856247951e-05,0.00742704266964117,5.20821367208587e-05,4.78010193155216e-06,9.17336802600439e-07,4.41897517344823e-05,8.54773683890355e-08,1.88095317246581e-08,1.49832592967108e-07,1.53363088402493e-09,3.74386362864908e-09,9.99247072048609e-08,5.32260130338062e-09,1.10552233342844e-06,5.97710083653361e-07,3.85837861013708e-05,1.6328658235794e-08,1.35320372119846e-09,3.23434289686384e-06,8.43496986213709e-09,1.11493874037702e-09,2.7880507335759e-07,3.68526008249743e-08
5,22.78,"Btoko Lake","Btoko Lake","JK079L-10 WDH","EJK065",214,0.139,3.17,80.2,334,369.4150161,13,2,325,2.7,0.499116928,54.93770022,0.675,7.501138581,0.022007842,0.168090224,-0.40471743,384.6276784,16.93363407,4519386,238916,4280470,1834555,518356,1249,28468,6820,28,34219,447572,62687,102396.35889984,1874264.35889984,0.00629908576076485,0.00757160375325321,0.414716591789203,0.405930141837851,4519386,238916,4280470,11823,8452,35,5328,98,684,2307,6012,659.905073041044,6470.90507304104,0.00117892120743836,0.00015134799284681,0.00143181066477638,0.00261606333249694,4519386,238916,4280470,4398,187,53,4,128,2,181,245.475979974162,4462.47597997416,1.17272567556743e-05,2.83224314099305e-05,0.00098740757704125,0.00097314104172558,4519386,238916,4280470,2400972,120313,206,130,119977,0,42728,77200,120134,134011.131102893,2414849.13110289,4.55814130503568e-05,0.0170819664441143,0.00945438163502741,0.534331241257749,4519386,238916,4280470,17591,860,731,69,47,13,778,981.848104530577,17794.8481045306,0.00016174763563015,1.03996427833338e-05,0.00393744816320858,0.00389234289790693,4519386,238916,4280470,342,7.98977682357311e-05,19.0888551958079,7.5673996423408e-05,4.22377181232316e-06,4519386,238916,4280470,10789,0.00252051760671141,602.191984525064,0.00238727119126359,0.00013324641544782,369415.0161,217.1,184707.50805,576.978417266187,69499.9999959357,6.94999999959357e-05,1.21668209406,5.71225633509721e-05,0.0109844864909494,7.41452838139083e-05,3.59819925422496e-07,4.32509415063665e-07,2.3689674787178e-05,6.73430013577022e-08,8.64538530943437e-09,8.17886954052862e-08,6.69890966959121e-10,1.61784988246732e-09,5.64032518727687e-08,2.60372715459583e-09,9.75765710363099e-07,5.4005851389112e-07,3.05223701791493e-05,9.23943956315319e-09,5.94054253718465e-10,2.24917132144051e-07,4.32269265471736e-09,2.4127267292948e-10,1.36367049858905e-07,7.61137680770804e-09
5,24.19,"Btoko Lake","Btoko Lake","JK079L-9","EJK063",228,0.536,2.16,58,315,283.2722833,13,2,325,2.827,0.492827206,55.25281953,0.7218,8.01931262,0.019414268,0.149682224,-0.470050255,365.093009,17.27605458,5851252,220838,5630414,3945034,425339,1004,59473,4478,17,213909,146458,273382,154733.456277283,3826385.45627728,0.0101641494845889,0.0365578170278771,0.653943028992305,0.674220491614444,5851252,220838,5630414,6227,4362,21,2813,60,296,1172,3109,244.237497633389,3362.23749763339,0.000480751811749,5.05874640162481e-05,0.00057461847441084,0.00106421668388236,5851252,220838,5630414,2709,130,34,4,92,0,126,106.253313166669,2689.25331316667,5.81072221808256e-06,1.57231307077528e-05,0.00045960305814322,0.00046297783790546,5851252,220838,5630414,1659084,84969,128,65,84775,1,30465,54261,84854,65073.1531272834,1639303.15312728,2.18756601151343e-05,0.00927339994927581,0.00520657801099662,0.280162801589691,5851252,220838,5630414,8405,517,410,75,24,8,434,329.663749415229,8300.66374941523,7.00704738062897e-05,4.10168627158769e-06,0.00141861327275175,0.00143644471302894,5851252,220838,5630414,128,2.27336746463049e-05,5.02045924154068,2.18756601151343e-05,8.58014531170538e-07,5851252,220838,5630414,8827,0.00156773551642916,346.215575977184,0.00150856602997102,5.91694864581433e-05,283272.2833,204.75,141636.14165,108.208955223881,268000.000026222,0.000268000000026222,1.2650027918869,0.00021185723995634,0.00956787945497521,6.90609539060111e-05,2.15334865630866e-06,7.74503821435492e-06,0.000138542565210998,1.01850751941153e-07,1.0717320502873e-08,1.21737084016603e-07,1.23104357127595e-09,3.33105907521728e-09,9.73702353737156e-08,4.63451697421533e-09,1.96463691826483e-06,1.10305124702711e-06,5.93545178832275e-05,1.48449371830335e-08,8.68971932665377e-10,3.00543492530616e-07,4.63451697421533e-09,1.81776590416223e-10,3.19600635401553e-07,1.25354840906563e-08
5,25.41,"Btoko Lake","Btoko Lake","JK079L-8","EJK062",240,0.637,3.57,46.5,335,213.5476464,13,2,325,4.09,0.512501827,56.45387654,0.892,9.915374054,0.023767154,0.174838572,-0.394710288,382.9758857,16.84328043,4602539,170754,4431785,3478230,416375,1248,62620,7282,8,167228,177989,229848,134014.101636248,3382396.10163625,0.0136055338151399,0.0363338583334112,0.734897868684274,0.755719832031842,4602539,170754,4431785,7282,5294,26,3829,48,286,1105,4115,280.571062901291,3447.57106290129,0.00083193211399186,6.21396146778984e-05,0.00074905852245929,0.00158217018910649,4602539,170754,4431785,1770,94,40,3,49,2,89,68.1970312187978,1749.1970312188,8.69085519970607e-06,1.06462976196399e-05,0.00038005045285195,0.00038457034258699,4602539,170754,4431785,927842,46383,144,62,46177,0,16996,29152,46292,35749.1920000632,917299.192000063,3.12870787189419e-05,0.00633389526954579,0.00369274437435511,0.199302861311998,4602539,170754,4431785,6097,466,400,37,22,7,422,234.913728441249,5909.91372844125,8.69085519970607e-05,4.77997035983834e-06,0.00128405511141595,0.0013247036038152,4602539,170754,4431785,432,9.74776529096064e-05,16.6446991449269,9.38612361568256e-05,3.61641675278079e-06,4602539,170754,4431785,10132,0.00228621198907438,390.379841982407,0.00220139362208555,8.48183669888309e-05,213547.6464,217.75,106773.8232,72.9984301412873,318500.000024658,0.000318500000024658,1.781036449514,0.000178828456942343,0.0121807098475904,0.000108651931840506,2.43305661803834e-06,6.49752782052562e-06,0.000131420651867025,1.48773136225946e-07,1.11123314078404e-08,1.33952979730906e-07,1.55417222487278e-09,1.90386097546914e-09,6.7963836043753e-08,5.595020009542e-09,1.13268071748728e-06,6.60367778348443e-07,3.56410231526184e-05,1.55417222487278e-08,8.54794723680027e-10,2.29625594203443e-07,1.6785060028626e-08,6.46718227560228e-10,3.93671824560275e-07,1.5167937688982e-08
5,27.32,"Btoko Lake","Btoko Lake","JK079L-7 WDH","EJK061",264,0.572,3.27,14.8,345,65.99777035,13,2,325,4.878,0.524289805,55.86119614,0.8662,9.625889061,0.017657346,0.175163063,-0.424194681,344.9115678,17.10791624,2380195,133269,2246926,1019140,424119,2835,45797,9032,10,30970,335475,76767,60446.9255596312,1002819.92555963,0.0192408605177307,0.0130115389705465,0.421318390114941,0.428175002468285,2380195,133269,2246926,8235,5860,22,3892,89,399,1458,4291,488.431846442651,4432.43184644265,0.00163516014444195,0.00016763332416041,0.00186221374569842,0.00345980056255895,2380195,133269,2246926,2095,117,31,5,79,2,110,124.258010722204,2109.2580107222,1.30241429798819e-05,3.31905579164732e-05,0.00088617025526152,0.0008801799852533,2380195,133269,2246926,1200316,60736,225,87,60424,0,23139,37254,60618,71192.7820515673,1210890.78205157,9.45300700152719e-05,0.0156516587926619,0.00972147240037056,0.508735957369698,2380195,133269,2246926,7840,701,609,45,37,10,646,465.0037250893,7659.0037250893,0.000255861389508,1.55449448469558e-05,0.0032178051483552,0.00329384777297658,2380195,133269,2246926,366,0.00016288920952447,21.7080820641178,0.0001537689138915,9.12029563297033e-06,2380195,133269,2246926,8934,0.00397609890134344,529.890724483138,0.00375347398007306,0.00022262492127037,65997.77035,224.25,32998.885175,25.8741258741259,286000.000019083,0.000286000000019083,2.1530908522908,0.00013283229535567,0.00925756649115753,8.01890409464065e-05,2.55580766718845e-06,1.72835258756744e-06,5.59646888345232e-05,2.17202075260333e-07,2.22671192263283e-08,2.47362126284001e-07,1.73002680705815e-09,4.40877799218044e-09,1.17712029082308e-07,1.25566461802608e-08,2.07904576355303e-06,1.29132549317802e-06,6.75765649473812e-05,3.39866556612388e-08,2.06487070519843e-09,4.27428443863313e-07,2.04254777865563e-08,1.21146980324974e-09,4.98582564330887e-07,2.95717792957186e-08
5,28.16,"Btoko Lake","Btoko Lake","JK079L-6 WDH","EJK060",278,0.544,2.93,34.2,329,159.9251812,13,2,325,3.987,0.562707344,55.07780666,0.759,8.433557483,0.018937998,0.194364637,-0.345630495,385.9383786,17.28133222,2022336,184744,1837592,832162,240301,1156,37626,16587,47,49916,134969,87542,83662.1712153732,828282.171215373,0.0186052169372448,0.0246823475426438,0.409567040894972,0.411485529605367,2022336,184744,1837592,6678,4753,28,3090,59,318,1258,3408,671.378865384699,3941.3788653847,0.00152793601063325,0.00015724390012342,0.00194892385112301,0.00330212190259185,2022336,184744,1837592,1884,115,37,4,74,0,111,189.409670917157,1962.40967091716,1.82956739137314e-05,3.65913478274629e-05,0.00097036776822306,0.00093159593658027,2022336,184744,1837592,948801,49084,305,93,48685,1,19061,29580,48946,95388.5802419688,995243.580241969,0.00015081569036994,0.0146266495775183,0.00942523893161176,0.492125729968694,2022336,184744,1837592,14973,1575,1420,60,69,26,1489,1505.32431138142,14989.3243113814,0.00070215829614861,3.41189594607424e-05,0.00741188621049193,0.00740381420298111,2022336,184744,1837592,324,0.0001763177027327,32.5736376736512,0.00016021076616348,1.61069365692205e-05,2022336,184744,1837592,32770,0.0178331207362679,3294.56205730108,0.0162040333554859,0.00162908738078197,159925.1812,213.85,79962.5906,62.8676470588235,271999.999996978,0.000271999999996978,1.7910478484658,0.000151866406154348,0.0106565505552573,8.0883218714403e-05,2.82550743198137e-06,3.74841941675391e-06,6.21994745799902e-05,2.32042150768683e-07,2.3880066001437e-08,2.95976061138543e-07,2.77849824545024e-09,5.55699649090049e-09,1.47366265608051e-07,2.29038368881697e-08,2.22129670541671e-06,1.43137716368992e-06,7.47373659864305e-05,1.0663425698755e-07,5.18152375502883e-09,1.12561652161238e-06,2.43306332844823e-08,2.44610257092356e-09,2.46084831090282e-06,2.47403645830757e-07
5,29.02,"Btoko Lake","Btoko Lake","JK079L-5","EJK059",292,0.68,3.535,24.7,292,130.1369863,13,2,325,3.743,0.640527682,55.44842258,0.8532,9.476853079,0.016218038,0.153353725,-0.48480727,374.5212465,17.41203394,2289880,125305,2164575,1125640,258234,992,35089,13279,174,77260,131440,112349,65162.1312266842,1078453.13122668,0.0153235104022918,0.0337397592886964,0.470964911360719,0.491571610739427,2289880,125305,2164575,3683,2648,16,1760,36,134,702,1894,213.205047180162,2002.20504718016,0.00076859922790713,5.85183503065663e-05,0.00087437116669002,0.00160838122521704,2289880,125305,2164575,1732,75,21,2,51,1,72,100.263682247092,1760.26368224709,9.17078624207382e-06,2.22719094450364e-05,0.00076871437902732,0.0007563715129177,2289880,125305,2164575,1017440,51761,124,36,51601,0,18639,32943,51706,58898.5455343428,1024632.54553434,5.41513092389121e-05,0.0143863433891732,0.00813972784600066,0.447461240560354,2289880,125305,2164575,9745,389,336,15,32,6,368,564.127935044986,9941.12793504499,0.00014673257987318,1.39745314164934e-05,0.00434133139511458,0.00425568152042902,2289880,125305,2164575,290,0.0001339754917247,16.787798990564,0.00012664419096197,7.33130076273166e-06,2289880,125305,2164575,6045,0.00279269602577873,349.938775510204,0.00263987632539696,0.00015281970038176,130136.9863,189.8,65068.49315,36.3235294117647,339999.999996421,0.000339999999996421,1.6675655428306,0.000203890036861334,0.0103881022867279,8.86312887103626e-05,3.12431110076831e-06,6.87920076506484e-06,9.60250531377318e-05,1.56709724909577e-07,1.19313086010702e-08,1.78275569406916e-07,1.86983194494384e-09,4.54102043772076e-09,1.56733203075718e-07,1.10409124368113e-08,2.93323208391833e-06,1.6596094105623e-06,9.12328888318687e-05,2.99173111191013e-08,2.84926772562871e-09,8.85154218177177e-07,2.58214887635099e-08,1.49477918275488e-09,5.38244481294549e-07,3.1158414343975e-08
5,29.72,"Btoko Lake","Btoko Lake","JK079L-4","EJK058",304,0.556,2.705,18.85,310,93.5483871,13,2,325,3.979,0.658724384,55.21721148,0.9184,10.20535191,0.031615797,0.137924388,-0.394821939,385.9698245,17.78294343,2172421,135404,2037017,654292,217000,1031,18085,20468,20,40277,137119,58362,43491.9070228673,639421.907022867,0.00832481365260233,0.0185401448430116,0.294336091863809,0.301181032589908,2172421,135404,2037017,8219,5901,42,3931,70,217,1641,4148,546.33097121919,4617.33097121919,0.00180950193355708,9.98885575125632e-05,0.00212543101508372,0.00378333665527998,2172421,135404,2037017,2575,162,42,4,116,0,158,171.164649092276,2588.16464909228,1.933326919598e-05,5.33966482555637e-05,0.00119137342581952,0.00118531352808687,2172421,135404,2037017,1354557,70293,134,67,70092,0,24203,45828,70165,90039.7178953342,1374431.71789533,6.16823350538409e-05,0.0210953585884136,0.0111410265321501,0.632672818894374,2172421,135404,2037017,9778,600,511,57,21,11,532,649.96036459195,9895.96036459195,0.00023522144188442,9.66663459798998e-06,0.00455526823050963,0.00450096919519743,2172421,135404,2037017,265,0.00013009218872498,17.6150027221177,0.00012198372230796,8.10846641701479e-06,2172421,135404,2037017,7331,0.00359888994544474,487.304094172999,0.00337457610656498,0.00022431383887975,93548.3871,201.5,46774.19355,33.9028776978417,278000.000009586,0.000278000000009586,1.7819071552108,0.000156012617827273,0.020826096403494,0.000191266869369689,1.29877597086671e-06,2.89249653185506e-06,4.59201442127216e-05,2.82305133617753e-07,1.55838753485251e-08,3.3159405667449e-07,3.01623393842422e-09,8.3305508775526e-09,1.8586928697195e-07,9.6232225654487e-09,3.29114211738346e-06,1.73814071456385e-06,9.87049427038716e-05,3.66975129174942e-08,1.50811696921211e-09,7.10679321547218e-07,1.903099984958e-08,1.26502307228301e-09,5.2647645244257e-07,3.4995789218515e-08
5,31.24,"Btoko Lake","Btoko Lake","JK079L-3","EJK057",330,0.799,5.15,25.5,301,130.3347815,13,2,325,3.983,0.692548069,54.86925777,0.729,8.097163174,0.034860704,0.259426574,-0.354191652,369.8918713,17.26361234,1915185,135059,1780126,874880,254685,1006,51372,4528,31,43872,153876,95244,66377.5586222548,846013.558622255,0.0268235183546237,0.0229074475833927,0.441739862531429,0.456812266177941,1915185,135059,1780126,5578,2630,33,1414,132,223,828,1637,423.205493319012,4364.20549331901,0.00073830987606941,0.00011643783759793,0.00227873834293763,0.00291251236825685,1915185,135059,1780126,1015,51,16,3,32,0,48,77.0085291715306,1044.00852917153,8.35428431195942e-06,1.67085686239188e-05,0.00054512150480059,0.00052997491103992,1915185,135059,1780126,888392,42005,251,157,41597,0,16535,25030,41816,67402.7204411373,913978.720441137,0.00013105783514386,0.0130692335205215,0.00863363069364056,0.477227380352884,1915185,135059,1780126,4589,431,376,21,29,5,405,348.169596421826,4532.16959642183,0.00019632568133104,1.51421403154264e-05,0.00236643958490789,0.00239611316922386,1915185,135059,1780126,126,7.07815064776314e-05,9.55967948336241,6.57899889566804e-05,4.99151752095093e-06,1915185,135059,1780126,5546,0.00311550980099162,420.777638212127,0.00289580379963293,0.00021970600135868,130334.7815,195.65,65167.39075,31.9148936170213,399500.000007442,0.000399500000007442,1.7975574630209,0.000222246024522665,0.0241427132391806,0.000176000379513626,5.96142031802584e-06,5.09108915737035e-06,9.81749283207985e-05,1.64086434822248e-07,2.58778465101556e-08,5.06440537645253e-07,1.85670647606505e-09,3.71341295213008e-09,1.21151087323744e-07,2.91270828432696e-08,2.90458519349425e-06,1.91879009885847e-06,0.000106061888076794,4.36326021875272e-08,3.36528048786788e-09,5.25931790018843e-07,1.46215634990122e-08,1.10934492536657e-09,6.43580882266046e-07,4.88287853657378e-08
5,32.76,"Btoko Lake","Btoko Lake","JK079L-2","EJK056",354,0.655,4.12,37.5,276,209.0301003,13,2,325,4.534,0.692940525,52.28500024,0.438,4.867941324,0.038330687,0.160149782,-0.480278784,422.08611,17.08996621,2585087,154276,2430811,1395509,346321,1213,60883,5865,100,54897,223363,115780,88568.6079600594,1368297.60796006,0.0235516251483993,0.0212360357697826,0.529304277945021,0.539830574367516,2585087,154276,2430811,3452,1826,20,1020,72,169,545,1189,219.087683904672,2482.08768390467,0.00039457085970414,6.53749757745097e-05,0.0009601563444111,0.00133535157617519,2585087,154276,2430811,1491,82,19,2,60,1,79,94.6291241894166,1506.62912418942,7.34984934743009e-06,2.32100505708319e-05,0.0005828156360654,0.00057676975668517,2585087,154276,2430811,1019763,53053,242,138,52673,0,20386,32253,52881,64721.1801279491,1031603.18012795,9.36138706356885e-05,0.0124765626843507,0.0078860015156163,0.399059366330011,2585087,154276,2430811,5318,345,276,41,22,6,298,337.516889630662,5357.51688963066,0.00010676623262582,8.51035187597168e-06,0.00207247063237356,0.00205718414892806,2585087,154276,2430811,695,0.00028591280852357,44.1094844477831,0.00026884975244546,1.70630560781061e-05,2585087,154276,2430811,4583,0.00188537899491157,290.868729818978,0.00177286102943537,0.0001125179654762,209030.1003,179.4,104515.05015,57.2519083969466,327499.999946028,0.000327499999946028,2.1633980891184,0.000151382217444542,0.0265608863733907,0.000116336682315451,3.56529723938732e-06,3.2147581845613e-06,8.01272552981994e-05,5.9731011681012e-08,9.89660879812849e-09,1.45350596510398e-07,1.11263649209729e-09,3.51358892241249e-09,8.82279233489314e-08,1.4171475320397e-08,1.88872972524283e-06,1.19380039620501e-06,6.04104917670508e-05,1.61625090430964e-08,1.28831593821791e-09,3.13735199917402e-07,4.06990716846099e-08,2.58304326548427e-09,2.6837963385694e-07,1.70332191161356e-08
5,33.65,"Btoko Lake","Btoko Lake","JK079L-1","EJK055",368,0.755,4.035,50.5,303,256.4102564,13,2,325,3.525,0.692940525,53.90311627,0.5668,6.295789803,0.038279226,0.109660164,-0.323482793,389.0418075,17.10188516,2786444,191683,2594761,962903,455433,1054,37516,5291,17,26518,385037,64034,71132.6152000126,970001.615200013,0.0134637552378587,0.00951678914056769,0.348114519868339,0.345566966355685,2786444,191683,2594761,3655,2376,51,1424,45,240,616,1664,270.006125805036,2261.00612580504,0.00051104561943466,8.61312841743814e-05,0.00081143067142387,0.00131170768190568,2786444,191683,2594761,1700,99,28,3,67,1,95,125.584244560482,1730.58424456048,1.00486498203445e-05,2.40449834986815e-05,0.00062107268064977,0.0006100965962352,2786444,191683,2594761,1616308,91559,181,94,91284,0,18851,72389,91421,119401.658327684,1644288.65832768,6.49573434815126e-05,0.0259789897087471,0.00676525349154693,0.590102890396392,2786444,191683,2594761,4967,373,311,35,15,12,326,366.927613371713,5007.92761337171,0.00011161178907596,5.38320526089884e-06,0.00179724681830021,0.00178255870205897,2786444,191683,2594761,159,6.12773199535526e-05,11.7458205206568,5.70619757655277e-05,4.21534418802489e-06,2786444,191683,2594761,5069,0.00195355179147521,374.462668045342,0.00181916449783308,0.00013438729364212,256410.2564,196.95,128205.1282,66.887417218543,377499.9999849,0.0003774999999849,1.6249151514825,0.000232319822755352,0.0265252269610337,0.000150344986415139,3.12789723048077e-06,2.21093876633674e-06,8.08739035543769e-05,1.18726027726959e-07,2.00100046730831e-08,1.8851142976345e-07,2.33450054519303e-09,5.58612630456904e-09,1.44287495086746e-07,1.50908785242835e-08,6.03543428449923e-06,1.57170249205121e-06,0.000137092598904311,2.59296310555347e-08,1.2506252920677e-09,4.17536062275125e-07,1.32566280959176e-08,9.79308014614745e-10,4.2262797369941e-07,3.12208322395087e-08
5,5.63,"Btoko Lake","Btoko Lake","JK080L-12","EJK081",30,1.57,19.15,48.7,287,261.0560172,13,2,325,2.056,0.370989371,65.18933052,4.9286,12.31448384,0.009940933,-0.481806779,-0.202112371,510.6971167,17.16424855,328832,32617,296215,246854,76171,743,16233,2910,17,16869,39399,33102,27181.7325861283,240933.732586128,0.0493656335149864,0.0512997518489685,0.732695518033915,0.750699445309459,328832,32617,296215,16374,13535,1,10248,19,72,3195,10320,1802.98350184832,7856.98350184832,0.0311648501362398,0.00021895679252627,0.0238936098124523,0.0497944239003503,328832,32617,296215,332,42,19,2,21,0,40,36.5573789308441,328.557378930844,5.77802646944336e-05,6.38623978201635e-05,0.00099916485904913,0.00100963409887116,328832,32617,296215,12138,819,131,7,681,0,113,565,809,1336.54658271863,12665.5465827186,0.0003983797197353,0.00171820260801868,0.00034364052160373,0.0385167702131138,328832,32617,296215,4831,804,710,22,53,19,763,531.953908478639,4599.95390847864,0.0021591572596341,0.00016117652783184,0.0139887660217942,0.0146913925652005,328832,32617,296215,10449,0.0352750535928295,1150.56642303732,0.0317761045153756,0.0034989490774539,328832,32617,296215,5237,0.0176797258747869,576.659618857924,0.0159260655897236,0.00175366028506327,261056.0172,186.55,130528.0086,31.0191082802548,785000.000139591,0.000785000000139591,0.7157073645088,0.0010968169940215,0.00368798048082314,0.000181765805977849,5.41450657598743e-05,5.62664396170345e-05,0.000803632895622984,3.4182137245561e-05,2.40155530999252e-07,2.62069172908165e-05,6.33743762359152e-08,7.00453632081169e-08,1.09590099723418e-06,4.36949646679199e-07,1.88455381964695e-06,3.76910763929383e-07,4.22458481245643e-05,2.36820037513157e-06,1.76781154763341e-07,1.53431162980944e-05,3.48525714362673e-05,3.83770680936728e-06,1.74679793867099e-05,1.92344440239798e-06
5,7.72,"Btoko Lake","Btoko Lake","JK080L-11","EJK080",42,2.4,22.9,60.2,297,311.8363118,13,2,325,2.52,0.38254871,65.35313345,3.9934,11.89019328,0.014044015,-0.377317664,0.046171877,475.5460318,17.15579698,4707007,315190,4391817,382525,131262,3188,17297,4046,18,26248,80465,43545,27452.886755072,366432.886755072,0.0036747342844402,0.00557636731791561,0.0778483836448665,0.0812671406692193,4707007,315190,4391817,4706,2300,16,916,39,176,1153,1092,337.738148014819,3951.73814801482,0.0001946034921979,3.73910640030916e-05,0.00083954371599932,0.00099978606362811,4707007,315190,4391817,4893,1551,77,6,1466,2,1543,351.158682158205,3701.1586821582,1.63585905013526e-05,0.00031145056720756,0.00078630830210327,0.0010395140691314,4707007,315190,4391817,3964971,668906,229,54,668621,2,44522,417372,462123,284556.303117821,3787404.30311782,4.86508730494771e-05,0.0886703588926041,0.00945866449741842,0.804631117633312,4707007,315190,4391817,17421,1965,1697,38,94,136,1791,1250.26270220276,16880.2627022028,0.00036052633871162,1.99702273652875e-05,0.00358619876754013,0.00370107798862419,4707007,315190,4391817,251,5.71517437998897e-05,18.0136581282872,5.33247560498635e-05,3.82698775002613e-06,4707007,315190,4391817,17050,0.00388222004696462,1223.63693660278,0.00362225932529949,0.00025996072166512,311836.3118,193.05,155918.1559,25.0833333333333,1199999.99986027,0.00119999999986027,0.87310103706,0.00137441137843684,0.00537251982147065,0.000214546206550609,5.05059661326656e-06,7.66422269208652e-06,0.000106995704274421,2.67465253960338e-07,5.13907038177091e-08,1.15387843596461e-06,2.24834329202478e-08,4.28061203390677e-07,1.08071107737008e-06,6.68663134900873e-08,0.000121869550192073,1.30000961100684e-05,0.00110589416351957,4.95511502151423e-07,2.74473077208218e-08,4.92891239144331e-06,7.32901514673009e-08,5.2598555087743e-09,4.97847443234056e-06,3.57292973803192e-07
5,9.38,"Btoko Lake","Btoko Lake","JK080L-10","EJK079",54,1.643227239,22.2,37,321,177.3304577,13,2,325,2.523,0.384687087,65.75207853,3.9034,12.32957261,0.011941292,-0.325770919,-0.308365119,479.5124066,17.07030228,374224,38806,335418,279001,73801,551,12159,2219,12,21950,36910,34109,32278.8663876119,277170.866387612,0.0324912351960323,0.0586547094788148,0.74065497238983,0.745545448715208,374224,38806,335418,11576,9575,0,7428,7,59,2081,7487,1339.27891764902,5428.27891764902,0.0198490743511907,0.00015765958356492,0.0145054270106915,0.0309333447347043,374224,38806,335418,305,33,11,1,21,0,32,35.2868063133165,308.286806313317,2.93941596476976e-05,5.61161229637864e-05,0.00082380287291386,0.0008150198811407,374224,38806,335418,26595,1668,112,5,1551,0,157,1382,1651,3076.89381607427,28020.8938160743,0.00029928598914019,0.00369297533028347,0.00041953482406259,0.0748773296637155,374224,38806,335418,3638,592,540,24,18,10,558,420.896397927362,3500.89639792736,0.00144298601906879,4.80995339689598e-05,0.00935508251188422,0.00972145025439309,374224,38806,335418,10728,0.0319839722376259,1241.17002665331,0.0286673222455,0.00331664999212587,374224,38806,335418,3575,0.0106583427246003,413.607647770841,0.00955310188550173,0.00110524083909862,177330.4577,208.65,88665.22885,22.5166666677925,821613.619480126,0.000821613619480126,0.8640750586881,0.000950859084773906,0.0045936608344964,0.000179308957013733,3.0894586161673e-05,5.57723633727052e-05,0.000704258509179836,1.88736726711824e-05,1.49912047334375e-07,1.37926170516408e-05,2.79497037403078e-08,5.33585253224059e-08,7.83320445772987e-07,2.84578801719494e-07,3.51149914264595e-06,3.98918498838936e-07,7.11977891543546e-05,1.37207636543329e-06,4.57358788477765e-08,8.8953651952346e-06,2.72585837932748e-05,3.15366677602819e-06,9.08365371560005e-06,1.05092829272006e-06
6,12.16,"Ulu Lake","Ulu Lake","WJ196L-6","EWJ230",55,2.02,18.5,45.4,343,203.6331016,13,2,325,4.84,1.463333334,24.59518895,2.791824,8.919565495,0.002631579,-0.574176126,-0.289894282,222.7912628,15.28128885,156016,14232,141784,101684,36962,331,7390,1584,11,11208,16438,18598,10206.8406026068,93292.8406026068,0.0473669367244385,0.0718387857655625,0.597969699278323,0.651753666290637,156016,14232,141784,6412,5049,1,4873,7,35,133,4908,643.623991423574,2147.62399142357,0.0312339760024613,0.00022433596554199,0.0137654086210618,0.0410983488872936,156016,14232,141784,254,54,10,3,41,0,51,25.4960221181516,228.496022118152,6.40959901548559e-05,0.0002627935596349,0.00146456787841088,0.00162803814993334,156016,14232,141784,18889,986,288,5,693,0,179,513,980,1896.04079444789,19805.0407944479,0.00184596451645985,0.00328812429494411,0.00114731822377192,0.126942369977745,156016,14232,141784,2009,439,396,13,18,12,414,201.659482029002,1796.659482029,0.00253820121013229,0.00011537278227874,0.0115158668471759,0.0128768844221106,156016,14232,141784,10852,0.0765389606725724,1089.30248829205,0.0695569685160496,0.00698199215652273,156016,14232,141784,1684,0.0118772216893302,169.036619082548,0.0107937647420777,0.00108345694725251,203633.1016,222.95,101816.5508,22.4752475247525,1010000.00003826,0.00101000000003826,3.64959285482,0.000276743198547302,0.00385087727175439,0.000107509715883384,1.31084775745088e-05,1.98808953525161e-05,0.000165484047212651,8.6437904222708e-06,6.20834526532876e-08,3.80948321110324e-06,1.77381293295112e-08,7.27263302509933e-08,4.05309199161062e-07,5.10858124689922e-07,9.09966034603924e-07,3.1751251499825e-07,3.51304374988161e-05,7.02429921448642e-07,3.19286327931199e-08,3.18693782533229e-06,1.92494179483855e-05,1.93221884162827e-06,2.98710097908967e-06,2.99839341070955e-07
6,17.59,"Ulu Lake","Ulu Lake","WJ196L-7","EWJ231",75,2.88,18.4,43.8,364,185.1225697,13,2,325,2.83,1.654444445,23.804745,2.03087,8.156104418,0.004587156,-0.421411118,-0.178811482,218.6684944,15.31469958,144387,13979,130408,90281,32313,324,5030,785,9,11055,15110,16085,9677.61256211275,83873.6125621128,0.0348369313026796,0.0765650647218932,0.580894488853655,0.625270973148552,144387,13979,130408,7714,5930,6,5520,11,67,326,5587,826.897168885345,2953.89716888534,0.0382305886263999,0.0004640306952842,0.0204581933891925,0.0534258624391393,144387,13979,130408,350,82,7,4,70,1,77,37.5180203668487,310.518020366849,4.84808189102897e-05,0.00048480818910289,0.00215059541625526,0.00242404094551449,144387,13979,130408,24846,1393,232,4,1157,0,340,816,1388,2663.35066867063,26121.3506686706,0.00160679285531246,0.0056514783186852,0.0023547826327855,0.180912067351428,144387,13979,130408,2837,541,500,6,27,8,527,304.110353659285,2614.11035365928,0.00346291563644926,0.00018699744436826,0.0181048872381813,0.0196485833212131,144387,13979,130408,2362,0.0181123857432059,253.193040304276,0.0163588134665863,0.00175357227661961,144387,13979,130408,2018,0.0154745107662107,216.318186000859,0.0139763275087092,0.00149818325750143,185122.5697,236.6,92561.28485,15.2083333333333,1439999.99970477,0.00143999999970477,2.1563257165,0.000667802636997752,0.00758919476254842,0.000154126679674167,2.3264194588839e-05,5.11303521231838e-05,0.000387922871473932,2.55304878986861e-05,3.09880921958689e-07,1.36620354935127e-05,3.23756187121019e-08,3.23756187121015e-07,1.43617329009054e-06,1.07302050588681e-06,3.7740721241536e-06,1.57253005173067e-06,0.000120813555641999,2.31254419372156e-06,1.24877386460964e-07,1.20904914402044e-05,1.09244587711407e-05,1.17104019049273e-06,9.33342836586023e-06,1.00049073006534e-06
6,18.56,"Ulu Lake","Ulu Lake","WJ196L-8","EWJ232",95,1.71,16.7,49.9,364,210.9044801,13,2,325,6.06,1.448571428,22.91366594,1.975699,8.03783157,0.019230769,0.001995782,0.017614583,204.6503744,15.39464813,178430,17585,160845,96563,33959,324,5365,1073,9,10150,17038,15515,10557.1224159906,91605.1224159906,0.0300678137084571,0.0568850529619459,0.513395294602873,0.54118141568122,178430,17585,160845,18352,15952,6,15531,16,126,273,15657,2006.40318318878,4701.40318318878,0.0870425376898504,0.00070615927814829,0.0263487260168625,0.10285265930617,178430,17585,160845,266,51,10,4,36,1,46,29.0814759551121,249.081475955112,5.60443871546265e-05,0.00020175979375665,0.00139596186714741,0.00149078069831306,178430,17585,160845,34360,1689,189,4,1496,0,577,918,1684,3756.53952563027,36432.5395256303,0.00105923891722244,0.00514487474079471,0.00323376113882195,0.204183935020065,178430,17585,160845,4421,590,527,18,31,14,558,483.34287668252,4346.34287668252,0.00295353920304881,0.00017373760017934,0.0243588122887548,0.0247772235610604,178430,17585,160845,4148,0.0257888028847648,453.49609872859,0.0232472117917391,0.00254159109302578,178430,17585,160845,2735,0.0170039479001523,299.014423824179,0.0153281398867903,0.00167580801336198,210904.4801,236.6,105452.24005,29.1812865497076,854999.9998571,0.0008549999998571,4.671431844036,0.000183027394683854,0.0278571425118681,0.000550373286035554,5.50323360689837e-06,1.0411523040078e-05,9.39654032141135e-05,1.59311689000445e-05,1.29246492911312e-07,4.82253867610502e-06,1.02576581675645e-08,3.69275694032313e-08,2.55499263621999e-07,1.9386973936697e-07,9.41653019782424e-07,5.91866876268474e-07,3.73712536630198e-05,5.4057858543065e-07,3.17987403194497e-08,4.45832995080383e-06,4.25487660790577e-06,4.65180796108197e-07,2.80546950882889e-06,3.06718774675968e-07
6,2.74,"Ulu Lake","Ulu Lake","WJ196L-4","EWJ175",15,5.74,115,27.4,407,103.5721036,13,2,325,4.64,1.088888889,33.33333333,5.52152,10.27259535,0.003649635,-0.686053681,-0.32971857,201.3507448,15.35408087,109586,14539,95047,73039,22799,308,2602,888,2,5773,13226,8375,11172.5148715898,75836.5148715898,0.0237439088934718,0.0526800868724107,0.692027401963662,0.666499370357527,109586,14539,95047,2245,1634,1,1491,4,18,120,1509,343.409628920429,1079.40962892043,0.0136057525596335,0.00016425455806398,0.00984988619824092,0.0204861934918694,109586,14539,95047,297,59,6,8,45,0,51,45.4310288594064,291.431028859406,5.47515193546621e-05,0.00041063639515996,0.00265938193619081,0.00271020020805577,109586,14539,95047,14373,752,178,16,557,1,222,335,735,2198.58645722642,15836.5864572264,0.00162429507418831,0.0030569598306353,0.0020258062161225,0.144512861654102,109586,14539,95047,1651,281,253,3,13,12,266,252.547571201616,1637.54757120162,0.00230868906612158,0.0001186282919351,0.0149430362564709,0.0150657930757579,109586,14539,95047,1247,0.0131198249287195,190.749134638652,0.0113791907725439,0.00174063415617554,109586,14539,95047,2195,0.0230938377855166,335.761307563626,0.0200299308305806,0.00306390695493609,103572.1036,264.55,51786.0518,4.77351916376307,2870000.00077301,0.00287000000077302,3.093333333488,0.000927801724341438,0.00397404700040551,0.000219427799936791,2.20296396139691e-05,4.88766754386794e-05,0.000642064216833411,1.26234406857909e-05,1.52395662202701e-07,9.13874139929486e-06,5.07985540675691e-08,3.80989155506763e-07,2.46737914608031e-06,1.50702377067122e-06,2.83625260210594e-06,1.87954650050006e-06,0.000134079282232192,2.14200569651583e-06,1.10063533813065e-07,1.38641748056503e-05,1.05576328203764e-05,1.61496337154727e-06,1.85838043630524e-05,2.84269815601143e-06
6,20,"Ulu Lake","Ulu Lake","WJ196L-9","EWJ226",118,3.36,31,27.4,366,115.174443,13,2,325,4.51,1.269009009,25.47918679,2.336047,8.328153298,0.012195122,0.229103901,0.283960672,191.5335304,15.46296418,196540,26303,170237,125907,44953,498,6856,1261,7,13788,22543,20644,19453.6547342822,124716.654734282,0.0348834842780096,0.0701536582883891,0.634561182122124,0.640617685967233,196540,26303,170237,6409,4697,12,4050,20,378,237,4428,990.242585336913,2971.24258533691,0.0206064923170856,0.00192327261626132,0.0151177500017142,0.0326091380889386,196540,26303,170237,317,42,21,2,19,0,40,48.9790762290219,325.979076229022,0.00010684847868118,9.66724330925003e-05,0.00165858897033185,0.00161290322580645,196540,26303,170237,22222,1343,552,8,781,2,560,214,1326,3433.47959609251,24329.4795960925,0.00280858858247685,0.00108883687798921,0.00284929276483159,0.1237889467594,196540,26303,170237,4295,765,685,14,43,23,728,663.61240505883,4230.61240505883,0.00348529561412435,0.00021878498015671,0.0215254523509659,0.0218530579016994,196540,26303,170237,4522,0.0265629680974171,698.685749866363,0.0230080390760151,0.00355492902140207,196540,26303,170237,6565,0.038563884466949,1014.34585313416,0.033402869644856,0.00516101482209301,115174.443,237.9,57587.2215,8.15476190476191,1679999.99936847,0.00167999999936847,3.360888675771,0.000499867791361185,0.0154757196838541,0.000361520085403083,1.74371302410313e-05,3.50675542245243e-05,0.000317196696590929,1.03005218022428e-05,9.61382034875994e-07,7.55687630370743e-06,5.34101130486641e-08,4.83234356154601e-08,8.29075205375804e-07,1.40392297156494e-06,5.44274485353074e-07,1.42426968129777e-06,6.18781074115486e-05,1.74218702087316e-06,1.09363564813935e-07,1.07598803247278e-05,1.15009776764795e-05,1.77699451837403e-06,1.66970186744997e-05,2.57982508030197e-06
6,23.56,"Ulu Lake","Ulu Lake","WJ196L-10","EWJ176",138,0.945,19.4,36.1,382,145.3886428,13,2,325,5.12,1.305045045,24.64364041,1.584536,8.361667546,0.0188,0.321692041,0.437140284,189.5313864,15.4484136,190249,22697,167552,99293,36632,386,6422,1162,3,10858,17801,17280,13450.4704270913,95463.4704270913,0.0337557621853466,0.0570725733118177,0.501781719888626,0.521910759057866,190249,22697,167552,8109,6588,21,5820,17,436,294,6256,1098.46479301948,2951.46479301948,0.0305914879973088,0.00229173346509049,0.0155136941220163,0.0426230886890338,190249,22697,167552,255,31,13,2,16,0,29,34.5429180194805,260.542918019481,6.8331502399487e-05,8.41003106455224e-05,0.00136948377137057,0.00134034870091301,190249,22697,167552,41608,1917,198,6,1713,0,1202,507,1907,5636.32052139037,45337.3205213904,0.00104074134423834,0.00266492859357999,0.00631803583724487,0.238305171230284,190249,22697,167552,9967,706,649,17,28,12,677,1350.15397607907,10640.1539760791,0.003411318850559,0.00014717554362966,0.0559275159190275,0.0523892372627451,190249,22697,167552,2615,0.0156070951107716,354.234237729183,0.0137451445211276,0.00186195058964401,190249,22697,167552,5705,0.0340491310160428,772.813126671123,0.0299870170145441,0.00406211400149868,145388.6428,248.3,72694.3214,38.2010582010582,472500.000094762,0.000472500000094762,3.858245611008,0.000122464987388741,0.024534846846,0.000388763480819735,4.13389899032583e-06,6.98939197087478e-06,6.14506919980616e-05,3.74638619179326e-06,2.80657109900664e-07,1.89988435500552e-06,8.36821657960693e-09,1.02993434825931e-08,1.67713812789983e-07,1.2745437559709e-07,3.2636044660467e-07,7.7373817912981e-07,2.91840397893886e-05,4.17767120012684e-07,1.80238510945375e-08,6.84916253170734e-06,1.68329895043632e-06,2.28023755479213e-07,3.67235966051212e-06,4.97466739965166e-07
6,24.1,"Ulu Lake","Ulu Lake","WJ196L-11","EWJ227",158,0.009,NA,36.5,335,167.6234214,13,2,325,6.02,1.358370371,22.32952139,0.749026,1,0.033333333,0.332571894,-0.132797251,187.5292424,15.43386302,1548702,84714,1463988,267749,97012,830,22049,1775,10,25275,47073,47324,15493.3570398118,235918.357039812,0.0142370836997692,0.0163201183959212,0.15233295820617,0.172886068462493,1548702,84714,1463988,18078,13500,103,5558,34,7206,599,12764,1046.08759907868,6360.08759907868,0.00358881179206845,0.00465292871062348,0.00410672136994637,0.0116730010034209,1548702,84714,1463988,1448,338,40,1,296,1,336,83.7888507282847,1195.78885072828,2.5828080547452e-05,0.00019112779605114,0.00077212326885888,0.00093497651581776,1548702,84714,1463988,1146398,49001,505,262,48234,0,24685,23341,48531,66336.5821113288,1164203.58211133,0.00032607951691158,0.0150713307014519,0.0159391542078463,0.751728597310089,1548702,84714,1463988,25983,352,294,30,21,7,315,1503.51222960844,27171.5122296084,0.00018983639202377,1.35597422874123e-05,0.0175447001615601,0.0167772754216111,1548702,84714,1463988,690,0.00047131533865031,39.9270075984229,0.00044553438944354,2.57809492067699e-05,1548702,84714,1463988,3642,0.00248772530922385,210.745161845589,0.0023516467338455,0.00013607857537834,167623.4214,217.75,83811.7107,4055.55555555556,4500.00000121438,4.50000000121438e-06,4.675762812322,9.62409810299952e-07,0.0452790119138765,0.000339151571778033,1.37019090227194e-08,1.57066420494913e-08,1.46606733409631e-07,3.45390767600683e-09,4.47802423773034e-09,3.95234893460484e-09,2.48571981000852e-11,1.83943265940625e-10,7.43099008710653e-10,3.13822126013574e-10,1.45047965213522e-08,1.5339998377515e-08,7.23470976734251e-07,1.82700406035624e-10,1.30500290025447e-11,1.68851915542566e-08,4.28786667226462e-10,2.48118384354401e-11,2.26324788701275e-09,1.30963355915756e-10
6,25.87,"Ulu Lake","Ulu Lake","WJ196L-12","EWJ221",216.5,0.111,NA,14.6,332,67.65523633,13,2,325,7.76,1.565551298,10.47157672,0.795789,7.267479452,0.033333333,0.2960966,-0.153384935,240.283227,14.64902931,940949,51875,889074,210796,74959,642,15341,1613,7,20412,36944,35753,12299.3614704738,187342.361470474,0.0163037529132822,0.0216929929252276,0.199099378893515,0.224024894016573,940949,51875,889074,15292,11611,92,4712,8,6304,495,11016,892.245752322079,5168.24575232208,0.00500771030098337,0.00669961921421884,0.00549258860184992,0.0162516778273849,940949,51875,889074,881,132,30,0,102,0,132,51.4039045118854,800.403904511885,3.18827056514221e-05,0.00010840119921483,0.00085063473632671,0.00093628878929676,940949,51875,889074,648323,30403,455,217,29731,0,16175,13511,30141,37827.8474288979,656009.847428898,0.00048355436904656,0.0143589078685455,0.0171900921303918,0.697178962333663,940949,51875,889074,8618,299,263,12,18,6,281,502.836378074266,8839.83637807427,0.00027950505287746,1.91296233908533e-05,0.00939459670829584,0.00915883857679853,940949,51875,889074,1521,0.00171076873241148,88.7461279938453,0.0016164531765271,9.43155558843734e-05,940949,51875,889074,3643,0.00409752169110783,212.558937726219,0.00387162322293769,0.00022589846817013,67655.23633,215.8,33827.618165,131.531531531532,55500.0000000532,5.55000000000532e-05,6.947405646528,7.98859355906325e-06,0.0521850427448162,0.000415282829808546,1.30244055511605e-07,1.73296503559278e-07,1.59052401584223e-06,4.00045622560904e-08,5.3520534902885e-08,4.38780579273225e-08,2.5469797701246e-10,8.65973121842323e-10,6.79537517573502e-09,3.86291931802224e-09,1.14707478913845e-07,1.37324659272552e-07,5.5694793680131e-06,2.23285226514251e-09,1.52818786207476e-10,7.50496147538889e-08,1.29131874345317e-08,7.53448642257375e-10,3.09288243418797e-08,1.80461104782615e-09
6,27.7,"Ulu Lake","Ulu Lake","WJ196L-13","EWJ225",276.5,0.009,NA,10.8,346,48.02134282,13,2,325,3.33,1.575768412,9.781097331,1.08995,5.828609626,0.033333333,0.265939635,-0.246546093,230.9471549,14.49779283,704720,44677,660043,154630,56612,691,10604,1272,2,17136,26907,27740,10466.5976459109,137356.597645911,0.0150471109092973,0.0243160404132138,0.194909464249505,0.219420479055511,704720,44677,660043,11272,8325,50,3924,28,3864,459,7788,762.97929680339,4246.97929680339,0.00556816891815189,0.00548302872062663,0.00602647760359205,0.0159950051084119,704720,44677,660043,1127,129,33,4,92,0,125,76.2843920774859,1078.28439207749,4.6827108638892e-05,0.00013054830287206,0.00153008910216467,0.00159921671018277,704720,44677,660043,475473,21718,235,66,21417,0,10130,11271,21636,32183.8232069729,486020.823206973,0.00033346577364059,0.0159935861051198,0.0143745033488478,0.689665148153838,704720,44677,660043,12692,360,323,11,21,5,344,859.096277060737,13207.0962770607,0.0004583380633443,2.97990691338404e-05,0.0187409130960676,0.0180099897831763,704720,44677,660043,777,0.00117719603116767,52.5935870844778,0.00110256555795209,7.46304732155719e-05,704720,44677,660043,4072,0.0061692950307783,275.625594090082,0.00577818140538086,0.00039111362539743,48021.34282,224.9,24010.67141,1200,4500.00000009083,4.50000000009083e-06,3.0042894588777,1.49785833278924e-06,0.0525256132080772,0.000572502921161437,2.25384404598948e-08,3.64219837533721e-08,2.91946765165607e-07,8.34032821243184e-09,8.21280025811331e-09,9.02680969590807e-09,7.01403748751913e-11,1.95542863288408e-10,2.29185671158735e-09,4.99484487747567e-10,2.39561262187359e-08,2.15309696207785e-08,1.03302068899655e-06,6.86525487414741e-10,4.46347840114854e-11,2.80712328450238e-08,1.65148700842495e-09,1.11785876185948e-10,8.65489716641755e-09,5.85832802868949e-10
6,29.1,"Ulu Lake","Ulu Lake","WJ196L-14","EWJ217",322.5,0.009,NA,12.75,310,63.27543424,13,2,325,4.08,1.583601533,9.251729803,0.841893,7.868158879,0.033333333,0.267168278,-0.096619047,227.0782879,14.46206687,910888,52688,858200,181554,65173,710,10675,1535,2,19437,32814,30112,11146.25629457,162588.25629457,0.0117193332220866,0.0213385180175828,0.178494234521225,0.199315393330464,910888,52688,858200,20300,15623,69,6906,35,8019,594,14925,1246.29037520392,6621.29037520391,0.00758161266807774,0.00880349724664284,0.00726904995477371,0.0222859451436401,910888,52688,858200,1063,260,33,4,223,0,256,65.2614122582149,872.261412258215,3.62283837310405e-05,0.00024481604763703,0.00095759458051727,0.00116699308806352,910888,52688,858200,631813,28281,271,103,27907,0,14024,13851,28146,38789.2837846656,642456.283784666,0.00029751187851854,0.0152060406987467,0.0153959652558822,0.705307659980882,910888,52688,858200,14971,328,282,21,13,12,295,919.123803309252,15595.1238033093,0.00030958800642889,1.42717875304099e-05,0.0171207918024052,0.016435610085982,910888,52688,858200,5371,0.0062584479142391,329.74510370543,0.00589644390967935,0.00036200400455975,910888,52688,858200,3128,0.00364483803309252,192.039226287579,0.00343401164577862,0.00021082638731389,63275.43424,201.5,31637.71712,1416.66666666667,4499.99999977412,4.49999999977412e-06,3.7025294240376,1.21538534455909e-06,0.0527867172387995,0.000444407677363246,1.42435058461285e-08,2.59345220731803e-08,2.16939276725391e-07,9.21458092490525e-09,1.0699641534436e-08,8.8346967838999e-09,4.40314466437697e-11,2.97545836410927e-10,1.1638464191899e-09,3.61591576983679e-10,1.84811990140258e-08,1.87120305373402e-08,8.57220593346032e-07,3.76268725864939e-10,1.73457214051214e-11,2.08083594438907e-08,7.166451512839e-09,4.39974361813623e-10,4.17364742732459e-09,2.56235301387641e-10
6,30.33,"Ulu Lake","Ulu Lake","WJ196L-15","EWJ218",362.5,0.009,NA,4.58,248,28.41191067,13,2,325,3.29,1.381604938,15.82624364,1.49035,6.638530067,0.033333333,0.286022769,-0.41851892,215.8873648,13.9652368,880356,50542,829814,100934,35499,488,7512,882,0,9368,17249,16880,6147.65023005155,90201.6502300516,0.00853291168572714,0.0106411497167055,0.102460425362071,0.11465134559201,880356,50542,829814,5334,3922,21,1989,26,1694,192,3683,324.881272188707,1975.88127218871,0.00225931327781034,0.00192422156491238,0.0022444116609516,0.0060589125308398,880356,50542,829814,786,77,20,2,55,0,75,47.8733933146464,758.873393314646,2.27180822303704e-05,6.24747261335187e-05,0.00086200740758811,0.00089282063165355,880356,50542,829814,706453,33034,81,38,32915,0,13263,19639,32983,43028.3744622289,716498.374462229,9.20082330330003e-05,0.0223080208461123,0.0150654962310702,0.813873449447983,880356,50542,829814,11755,325,280,16,19,10,299,715.969132841818,12171.9691328418,0.00031805315122518,2.15821781188519e-05,0.0138261897832716,0.0133525528309002,880356,50542,829814,349,0.00042057617731202,21.2567611537043,0.00039643053491996,2.41456423920599e-05,880356,50542,829814,4203,0.00506499046774337,255.994748220686,0.00477420498071235,0.00029078548703102,28411.91067,161.2,14205.955335,508.888888888889,4500.00000000393,4.50000000000393e-06,2.769316584244,1.62494964483535e-06,0.0460534974727984,0.00068635829958585,1.38655518131337e-08,1.72913324528004e-08,1.66493031801776e-07,3.6712703083497e-09,3.12676314848889e-09,3.64705593132762e-09,3.69157396515807e-11,1.01518284041847e-10,1.40071863080574e-09,1.49508745588902e-10,3.62494105508698e-08,2.44806727499458e-08,1.32250337262142e-06,5.1682035512212e-10,3.50699526690017e-11,2.24668621777533e-08,6.44179656920077e-10,3.92354530292991e-11,7.75784268777969e-09,4.7251177387433e-10
6,31.27,"Ulu Lake","Ulu Lake","WJ195L-1","EWJ210",403.5,0.171,2.72,12,366,50.44136192,13,2,325,6.65,1.546783626,21.43031903,0.896014,1,0.055555556,0.315068302,0.021614577,259.7664181,13.80012588,659999,37737,622262,150659,55230,532,8103,1338,6,17205,28046,25308,9136.6959303316,134487.695930332,0.0122772913292293,0.0260682213154868,0.203769544999813,0.228271557987209,659999,37737,622262,21519,15252,70,6728,21,7853,580,14581,1305.01702337601,8243.01702337601,0.0101939548393255,0.0118985028765195,0.0124894386557798,0.0326045948554467,659999,37737,622262,592,106,12,0,94,0,106,35.9017648514613,521.901764851461,1.81818457300693e-05,0.00014242445821887,0.00079076144789834,0.00089697105601675,659999,37737,622262,441355,19558,182,65,19310,1,9750,9539,19471,26765.9179493525,448649.917949353,0.00027575799357271,0.0144530522015942,0.0147727496556813,0.679773632913614,659999,37737,622262,5941,189,159,6,12,12,171,360.291190848871,6130.29119084887,0.00024090945592341,1.81818457300693e-05,0.00928833405936808,0.00900152879019514,659999,37737,622262,101,0.00016231105225773,6.12513217904998,0.00015303053489475,9.28051736298082e-06,659999,37737,622262,2095,0.00336674905425689,127.051009060492,0.00317424723370793,0.00019250182054895,50441.36192,237.9,25220.68096,70.1754385964912,85500.000005472,8.5500000005472e-05,5.224883784505,1.63640003360519e-05,0.0859324243541261,0.000769966552752379,2.00905599437315e-07,4.26580382366902e-07,3.33448490285409e-06,1.6681388041642e-07,1.9470710506988e-07,2.0437717836028e-07,2.97527729636898e-10,2.3306338821556e-09,1.29400205991453e-08,4.51250389949283e-09,2.36509751083863e-07,2.4174128032998e-07,1.11238159574376e-05,3.94224241768876e-09,2.97527729636898e-10,1.51994301668862e-07,2.50419172444389e-09,1.51866389246554e-10,5.19433827991084e-08,3.15009985615362e-09
6,34.43,"Ulu Lake","Ulu Lake","WJ195L-5","EWJ209",580,0.135,2,2.16,217,15.31371854,13,2,325,5.92,1.833650794,13.88586166,0.866949,1,0.055555556,0.273461272,-0.121795548,209.8435676,15.04080972,252267,18486,233781,59800,21259,239,3660,413,1,6421,10525,10081,4728.62550848871,54447.6255084887,0.0145084374888511,0.0254531904688287,0.215833325438875,0.237050426730409,252267,18486,233781,1370,875,14,458,5,297,101,755,108.331387067384,723.331387067384,0.00181553671308574,0.00117732402573464,0.00286732464835822,0.00543075392342241,252267,18486,233781,196,37,9,0,28,0,37,15.4985050111001,174.4985050111,3.56764856283224e-05,0.00011099351084367,0.00069172148957691,0.00077695457590568,252267,18486,233781,167769,7507,124,57,7326,0,3553,3763,7440,13266.1667714656,173595.166771466,0.0004915426908791,0.0149167350465975,0.0140842837152699,0.688140608052046,252267,18486,233781,2856,164,147,8,4,5,151,225.835358733173,2930.83535873317,0.00058271593192926,1.58562158348099e-05,0.0116179895060915,0.0113213381060543,252267,18486,233781,97,0.00041491823544257,7.67017850039139,0.00038451323399414,3.04050014484312e-05,252267,18486,233781,1693,0.00724182033612655,133.872290733635,0.00671114335208331,0.00053067698404323,15313.71854,141.05,7656.85927,16,67500.0000020938,6.75000000020938e-05,5.097956989728,1.32405981725819e-05,0.101869489370511,0.000883156519402755,1.92100390901901e-07,3.37015467207953e-07,2.85776233438825e-06,2.40387920855384e-08,1.55884743436789e-08,3.79650934992509e-08,4.72378010414511e-10,1.46962047684515e-09,9.15880629082767e-09,6.50831925459981e-09,1.97506494798867e-07,1.86484341222528e-07,9.11139327745333e-06,7.71550750343693e-09,2.09945782406448e-10,1.53829130623431e-07,5.09118522335637e-09,4.02580406615449e-10,8.88595524035295e-08,7.02648070515407e-09
6,36.52,"Ulu Lake","Ulu Lake","WJ194L-2","EWJ197",701.5,0.31,10.1,7.52,337,34.33006163,13,2,325,2.44,1.816619183,11.18682945,1.044154,6.445395062,0.055555556,0.432786502,0.482959318,224.9578566,13.49182617,254635,79828,174807,69519,27492,316,6042,723,1,6574,13836,12616,31746.7992242874,88649.7992242874,0.0237280813713747,0.0258173463977851,0.34814459608572,0.273014314607183,254635,79828,174807,6906,3635,32,1841,22,1440,300,3281,3153.71906159364,6778.71906159364,0.00722995660455161,0.00565515345494531,0.0266213170286632,0.0271211734443419,254635,79828,174807,245,41,23,1,17,0,40,111.88259051411,316.88259051411,9.03253676831543e-05,6.67622282875488e-05,0.00124445810872076,0.00096216152532055,254635,79828,174807,54410,2215,140,11,2063,1,1625,421,2186,24847.0683668274,77071.0683668274,0.00054980658589746,0.00165334694759165,0.00638168358630982,0.302672721215966,254635,79828,174807,14068,2057,1913,45,62,37,1975,6424.34401368366,18517.3440136837,0.00751271427729888,0.00024348577375459,0.0727211263718014,0.0552477075028963,254635,79828,174807,240,0.00137294273112633,109.599272340352,0.00094252557582421,0.0004304171553021,254635,79828,174807,29419,0.168294175862523,13434.5874707535,0.115533999646553,0.0527601762159698,34330.06163,219.05,17165.030815,24.258064516129,155000.000001062,0.000155000000001062,2.16704136142,7.15260920998271e-05,0.100923288751831,0.00105379455643379,1.69717693352114e-06,1.84661389622112e-06,2.49014224436843e-05,5.17130541974911e-07,4.04491026857073e-07,1.90411877361086e-06,6.46062056785604e-09,4.77524128928489e-09,8.90112252987377e-08,3.93255164999932e-08,1.18257446046408e-07,4.56456887946351e-07,2.16489969337985e-05,5.37355093317765e-07,1.74155858785685e-08,5.20145798247263e-06,6.7415171142845e-08,3.07860570914836e-08,8.26369549938074e-06,3.77372922322656e-06
6,37.26,"Ulu Lake","Ulu Lake","WJ194L-3","EWJ180",741.5,0.009,NA,3.46,267,19.93661769,13,2,325,4.19,1.882171137,12.66314418,0.812827,7.130061404,0.055555556,0.286005487,-0.134034078,255.572538,12.70096065,437918,27783,410135,80581,28540,414,5111,633,0,8399,13983,13510,5458.64635546832,72529.6463554683,0.0116711347786572,0.0191793897487658,0.165623807095092,0.184009335080997,437918,27783,410135,2771,1987,27,966,9,840,145,1806,187.710614797567,1152.71061479757,0.00220589242734941,0.00191816732812992,0.0026322521905872,0.00632766865029526,437918,27783,410135,385,74,21,0,53,0,74,26.0803272093335,337.080327209334,4.79541832032481e-05,0.00012102722427486,0.00076973389358129,0.00087916002539288,437918,27783,410135,319204,15011,178,52,14781,0,6975,7787,14940,21623.2331598132,325887.233159813,0.00040646879096086,0.0177818678382711,0.0159276394210788,0.744174099168824,437918,27783,410135,5020,238,226,6,4,2,230,340.060370365855,5130.06037036586,0.00051607835256828,9.13413013395202e-06,0.011714659754488,0.0114633333181098,437918,27783,410135,72,0.00017555195240591,4.87735989369354,0.00016441434241113,1.11376099947788e-05,437918,27783,410135,2102,0.00512514172162824,142.391812451998,0.00479998538539179,0.00032515633623645,19936.61769,173.55,9968.308845,384.444444444444,4500.00000012941,4.50000000012941e-06,3.659414258858,1.22970499697778e-06,0.104565064003187,0.000849933072785186,1.43520527577159e-08,2.35849914130416e-08,2.03668423203318e-07,2.71259694070701e-09,2.35877994844087e-09,3.23689367207078e-09,5.89694987110219e-11,1.48827782461145e-10,9.46545615280072e-10,4.99836703360085e-10,2.18664517363204e-08,1.95862977861608e-08,9.15114608369338e-07,6.34624128985272e-10,1.12322854687661e-11,1.44055756379883e-08,2.02181138437782e-10,1.36959746649691e-11,5.90256601383658e-09,3.99846371468948e-10
6,38,"Ulu Lake","Ulu Lake","WJ194L-4","EWJ200",781.5,0.009,NA,5.3,220,37.06293706,13,2,325,5.31,1.948582375,14.91414696,0.92107,7.906180258,0.05,0.2638152,-0.180520289,266.5397662,12.75983713,613681,41798,571883,120821,42228,645,6619,903,1,12979,21081,19598,8830.61073331433,110053.610733314,0.0107857339562411,0.0211494245381558,0.179333580041283,0.196879160345522,613681,41798,571883,4449,3205,31,1775,15,1193,191,2968,325.170186908861,1806.17018690886,0.00289238219856896,0.0019440067396579,0.00294317436405699,0.00724969487404694,613681,41798,571883,386,60,10,0,49,1,59,28.2121133168847,355.212113316885,1.62951109778533e-05,7.98460437914812e-05,0.00057882208071764,0.00062899128374513,613681,41798,571883,427654,20072,206,72,19794,0,8863,10914,19983,31256.5365503084,438927.536550308,0.00033567928614377,0.0177844841212291,0.0144423568596714,0.715237291932304,613681,41798,571883,15392,307,279,14,10,4,289,1124.9762906049,16227.9762906049,0.0004546335962821,1.62951109778533e-05,0.0264436674601379,0.0250814348171118,613681,41798,571883,144,0.00025179975624384,10.5247262114803,0.00023464959808108,1.71501581627593e-05,613681,41798,571883,3037,0.00531052680355947,221.969399335179,0.00494882520397405,0.00036170159958541,37062.93706,143,18531.46853,588.888888888889,4499.9999996434,4.4999999996434e-06,4.518058796424,9.96002974375877e-07,0.09742911875,0.000897390384070625,1.0742623101243e-08,2.10648897463413e-08,1.78616779126592e-07,2.88082127280652e-09,1.93623649490602e-09,2.93141042070759e-09,1.62299790017269e-11,7.95268971084618e-11,5.76508514029203e-10,3.34337567435566e-10,1.77133990824847e-08,1.43846303892306e-08,7.12378470149122e-07,4.52816414148173e-10,1.62299790017269e-11,2.63379714437039e-08,2.3371169762486e-10,1.7081608541125e-11,4.92904462282446e-09,3.60255869023581e-10
6,38.76,"Ulu Lake","Ulu Lake","WJ194L-5","EWJ193",822.5,0.114,NA,5.28,268,30.30998852,13,2,325,5.48,2.010555555,17.05367142,0.869624,7.307764706,0.05,0.284947933,-0.065505427,236.896373,14.30060231,449421,29491,419930,118366,43047,478,6617,952,4,14655,20341,21272,8312.65140856809,105406.651408568,0.0147233885376963,0.032608623095049,0.234538776355729,0.263374430656333,449421,29491,419930,3680,2667,22,1241,12,1211,181,2452,258.440406734456,1486.44040673446,0.00276133068993216,0.00269457813497812,0.00330745649788162,0.00818831340769568,449421,29491,419930,419,76,9,3,64,0,73,29.4256876146024,375.425687614602,2.00257664862123e-05,0.00014240545056862,0.00083535412812174,0.00093231068419143,449421,29491,419930,289582,12970,185,65,12719,1,6474,6237,12896,20336.8722453742,297022.872245374,0.00041164075554991,0.0138778561749451,0.014405201359082,0.66090118673888,449421,29491,419930,4925,262,243,6,11,2,254,345.87472912152,5016.87472912152,0.00054069569512773,2.44759368164817e-05,0.0111629735351074,0.0109585444382884,449421,29491,419930,92,0.00021908413306979,6.46101016836139,0.00020470783519239,1.43762978774054e-05,449421,29491,419930,2866,0.00682494701497869,201.274512418736,0.00637709408327604,0.00044785293170265,30309.98852,174.2,15154.99426,46.3157894736842,57000.0000019864,5.70000000019864e-05,4.545458806184,1.25399882459476e-05,0.10052777775,0.00087421368198066,1.84631119203231e-07,4.0891175032845e-07,2.94111349871977e-06,3.46270543949237e-08,3.3789978140413e-08,4.14754656074185e-08,2.51122876353194e-10,1.78576267628937e-09,1.04753309478504e-08,5.16197023614886e-09,1.74028153312763e-07,1.80641055723397e-07,8.28769311343838e-06,6.7803176615362e-09,3.06927959987237e-10,1.39983556920071e-07,2.56703384716595e-09,1.80278606402905e-10,7.99686848475835e-08,5.6160704994644e-09
6,39.53,"Ulu Lake","Ulu Lake","WJ194L-6","EWJ195",862.5,0.009,NA,6.1,295,31.81225554,13,2,325,5.33,1.955,15.9496067,0.769748,7.366009569,0.055555556,0.288084482,-0.08619043,252.2199947,14.05346982,587648,38285,549363,172120,63461,759,7907,1377,1,23809,29608,31716,11995.0091287546,152399.009128755,0.0134553338052712,0.0405157509257242,0.259337237817119,0.292896427793509,587648,38285,549363,3730,2595,27,1363,13,984,208,2347,259.94297031289,1642.94297031289,0.00231941570463951,0.00167447179263777,0.00279579437063155,0.00634733718144195,587648,38285,549363,619,123,23,3,97,0,120,43.1379889071525,542.137988907152,3.91390764539316e-05,0.00016506480069701,0.00092255566071381,0.00105335166630364,587648,38285,549363,363707,16189,198,67,15924,0,7839,8076,16113,25346.6696792467,372940.669679247,0.00033693639729906,0.0137429209322588,0.0133396182748856,0.634632755798108,587648,38285,549363,6524,282,247,9,15,11,262,454.65628373225,6716.65628373225,0.0004203196471357,2.55254846438684e-05,0.0114297271219033,0.0111018841211065,587648,38285,549363,96,0.00017474784432151,6.69022121984917,0.00016336310172075,1.13847426007562e-05,587648,38285,549363,2567,0.00467268454555549,178.893727826592,0.00436826127205402,0.00030442327350147,31812.25554,191.75,15906.12777,677.777777777778,4499.99999984877,4.49999999984877e-06,4.47988596289,1.00448985468054e-06,0.10861111198,0.000836031862243811,1.3515746298735e-08,4.06976607596537e-08,2.60501624328171e-07,2.32982954409711e-09,1.68198992765338e-09,2.80834708107236e-09,3.93148052195403e-11,1.65805917665012e-10,9.26697801565125e-10,3.38449192759518e-10,1.38046246501308e-08,1.33995112224337e-08,6.37482164647153e-07,4.22206821270715e-10,2.56400903605697e-11,1.14810449357189e-08,1.64096578307639e-10,1.1435858440609e-11,4.38787413037218e-09,3.05790089760866e-10
6,40.42,"Ulu Lake","Ulu Lake","WJ192L-1","EWJ189",910.5,0.578,9.76,11.2,353,48.81237742,13,2,325,5.58,1.888333334,14.62472904,0.854491,7.430356522,0.055555556,0.243739385,-0.139495664,233.824047,14.34398497,348822,25680,323142,121462,44862,463,5986,1181,4,10458,26770,16444,9652.5495293091,114670.549529309,0.017160614869475,0.0299809071675525,0.328736574898685,0.348206248459099,348822,25680,323142,4395,3069,8,1722,11,1114,214,2836,349.269361457192,1908.26936145719,0.00493661523642431,0.00319360590788425,0.00547061068813662,0.0125995493403512,348822,25680,323142,325,60,8,2,49,1,57,25.8276547152645,293.827654715264,2.29343332702639e-05,0.00014047279128036,0.00084234266965748,0.00093170728910447,348822,25680,323142,190739,8947,146,32,8769,0,4132,4633,8911,15157.9724084149,196985.972408415,0.00041855158218231,0.0132818457551416,0.0118455831340913,0.5647177425977,348822,25680,323142,3789,231,210,6,11,4,221,301.110719126576,3869.11071912658,0.00060202624834442,3.15347082466129e-05,0.0110919343364999,0.0108622735951287,348822,25680,323142,513,0.00158753736747312,40.7679595967098,0.00147066412095567,0.00011687324651745,348822,25680,323142,1919,0.00593856570795502,152.502367380285,0.00550137319320456,0.00043719251475046,48812.37742,229.45,24406.18871,19.3771626297578,288999.999974687,0.000288999999974687,4.763940119568,6.06640706476583e-05,0.104907408283704,0.000896424362117502,1.04103275279909e-06,1.81876387049329e-06,1.9942498804123e-05,2.99475175462751e-07,1.93737134416669e-07,3.31869513270954e-07,1.39129001376423e-09,8.52165133430551e-09,5.10999352216384e-08,2.53910427511968e-08,8.0573082922121e-07,7.18601292109224e-07,3.4258077032933e-05,3.65213628613106e-08,1.91302376892582e-09,6.72881888208616e-07,8.9216472132631e-08,7.09000688355577e-09,3.33735692051695e-07,2.65218776014493e-08
6,42.01,"Ulu Lake","Ulu Lake","WJ192L-3","EWJ185",1000,0.161,2.22,8.9,357,38.35380306,13,2,325,4.92,1.846666667,13.7966805,1.194472,8.750710623,0.055555556,0.237738486,-0.071297854,230.0573137,14.91805055,509694,35464,474230,137004,50453,552,6059,984,3,17529,25326,23588,10245.4713029543,123661.471302954,0.0118875246716657,0.0343912229690756,0.242619044569789,0.268796572060884,509694,35464,474230,10745,7141,26,2778,20,3935,382,6713,803.535583999325,4835.53558399933,0.00545032902094198,0.00772031846558916,0.0094871346023287,0.0210812762167104,509694,35464,474230,491,89,17,0,71,1,88,36.7180988128123,439.718098812812,3.33533453405377e-05,0.00013929926583401,0.00086270997659931,0.00096332309189435,509694,35464,474230,315581,13999,210,67,13722,0,6107,7597,13914,23599.8662758577,325266.866275858,0.00041201191303017,0.0149050214442391,0.0119816988232155,0.638161065807833,509694,35464,474230,6737,303,273,8,16,6,289,503.808211205533,6951.80821120553,0.00053561548693922,3.13913838499178e-05,0.0136391800005602,0.013217734562306,509694,35464,474230,863,0.00181979208400987,64.537106467326,0.00169317276640494,0.00012661931760492,509694,35464,474230,2809,0.00592328616915842,210.063420703034,0.00551114982715119,0.00041213634200723,38353.80306,232.05,19176.90153,55.2795031055901,80500.0000006603,8.05000000006603e-05,4.2412033194,1.89804623684131e-05,0.102592593431852,0.00122543980261731,2.25630714684133e-07,6.52761313368243e-07,4.60502164531721e-06,1.03449764877459e-07,1.4653521410828e-07,1.80070201303569e-07,6.33061916096761e-10,2.64396447311e-09,1.63746342456977e-08,7.82017661060702e-09,2.8290419862277e-07,2.27418183623701e-07,1.2112592094552e-05,1.01662295937891e-08,5.95822979855775e-10,2.58877942736645e-07,3.21372019759708e-08,2.40329319291433e-09,1.04604171900929e-07,7.82253833012365e-09
6,42.54,"Ulu Lake","Ulu Lake","WJ192L-4","EWJ187",1040,0.009,NA,10.5,367,44.01592957,13,2,325,3.62,1.846666667,13.7966805,0.920571,6.552106762,0.0625,0.321107372,-0.125541636,211.947183,15.07927873,612353,39711,572642,136658,50686,511,6418,1013,3,18491,24250,24909,9476.82118671002,121225.82118671,0.0104808827588009,0.0301966349474894,0.197967220192781,0.223168662519821,612353,39711,572642,11655,5526,37,2969,16,1547,957,4516,808.239187834633,7947.23918783463,0.00484851058131503,0.00252632060265892,0.0129781991560989,0.0190331393820231,612353,39711,572642,511,80,27,2,51,0,78,35.4363127398968,468.436312739897,4.40922147846095e-05,8.32852945931513e-05,0.0007649775746014,0.00083448599092353,612353,39711,572642,409998,18135,156,73,17906,0,9189,8708,18053,28432.12788793,420377.12788793,0.00025475501875552,0.0142205557905326,0.0150060504316954,0.686494763458218,612353,39711,572642,10174,305,284,8,11,2,295,705.536293181429,10584.5362931814,0.00046378477773441,1.79634949122483e-05,0.0172850239864611,0.0166145997488377,612353,39711,572642,828,0.00144592956856116,57.4193090971322,0.00135216125339469,9.37683151664681e-05,612353,39711,572642,2818,0.00492105015000646,195.419822506907,0.00460192078751962,0.00031912936248684,44015.92957,238.55,22007.964785,1166.66666666667,4499.99999953864,4.49999999953864e-06,3.1205601659,1.44204878621233e-06,0.1154166666875,0.00106249236269179,1.51139442607626e-08,4.35450207737239e-08,2.85478389588829e-07,6.99178879872298e-09,3.6430775586475e-09,1.87151963402743e-08,6.35831248115595e-11,1.2010145797739e-10,1.1031349829336e-09,3.67369165577897e-10,2.05067352170023e-08,2.16394568108674e-08,9.89958940386044e-07,6.68800275795661e-10,2.5904236034339e-11,2.49258478593272e-08,1.94988249422116e-09,1.35218485070981e-10,6.63619428588796e-09,4.60200109818862e-10
6,43.16,"Ulu Lake","Ulu Lake","WJ192L-5","EWJ183",1080,0.009,NA,10.7,320,51.44230769,13,2,325,6.06,1.846666667,13.7966805,0.920571,7.970311688,0.055555556,0.282900064,-0.096706684,201.9356828,15.04935179,1164355,74984,1089371,248231,85910,997,12970,1733,3,28292,41915,41262,17086.3308312779,224055.330831278,0.0111392144148477,0.0242984313203447,0.192428710171106,0.213191853000159,1164355,74984,1089371,8223,5484,47,3363,11,1679,384,5042,566.008671058804,3747.0086710588,0.00288829437757385,0.00144200007729601,0.00321809814966982,0.00706227911590537,1164355,74984,1089371,817,148,26,4,116,2,142,56.2360554852295,731.23605548523,2.23299595054773e-05,9.96259731782833e-05,0.00062801813492038,0.0007016760352298,1164355,74984,1089371,804406,36729,415,139,36175,0,17665,18490,36570,55369.1804757057,823205.180475706,0.00035642050749127,0.0158800365867798,0.0151714897947791,0.707005320950832,1164355,74984,1089371,15437,604,554,14,18,18,572,1062.56546943144,15927.5654694314,0.00047579990638593,1.54592027345612e-05,0.0136793035366632,0.013257984034079,1164355,74984,1089371,5257,0.00482572053047125,361.851828256856,0.00451494604308823,0.00031077448738302,1164355,74984,1089371,7000,0.00642572640542111,481.826668784097,0.00601191217455158,0.00041381423086953,51442.30769,208,25721.153845,1188.88888888889,4499.99999979813,4.49999999979813e-06,5.2239211617,8.61421882242517e-07,0.102592593431852,0.000944437663281533,9.59556304794109e-09,2.09312004435119e-08,1.65762301713094e-07,2.48803997920015e-09,1.24217042077818e-09,2.77214016532974e-09,1.92355157476074e-11,8.58199933354793e-11,5.40988563865549e-10,3.07028424432963e-10,1.36794110066639e-08,1.30690532954418e-08,6.09029854328941e-07,4.09864450929781e-10,1.33168955175744e-11,1.17836514003191e-08,3.88927331866047e-09,2.67707943874435e-10,5.17879270127893e-09,3.5646863365437e-10
6,7.48,"Ulu Lake","Ulu Lake","WJ196L-5","EWJ229",35,3.15,25.8,11.35,393,44.43139558,13,2,325,3.89,1.13,28.14327485,3.611926,9.492578187,0.002590674,-0.592005122,-0.369868728,212.0710038,15.31768486,89525,10062,79463,54253,19183,218,3211,726,3,5950,9075,9161,6869.78450347961,51961.7845034796,0.0358670762356884,0.0664618821558224,0.580416470298571,0.606009494554594,89525,10062,79463,5521,4503,3,4329,15,17,139,4346,699.096459987667,1874.09645998767,0.0483552080424462,0.00018989109187377,0.0209337778272847,0.0616699246020665,89525,10062,79463,214,48,8,6,34,0,42,27.0977436039415,199.097743603941,8.93605138229545e-05,0.00037978218374755,0.00222393458367988,0.00239039374476403,89525,10062,79463,13199,758,253,6,499,0,168,329,750,1671.32298050665,14120.3229805067,0.00282602624965094,0.003674951130969,0.00187657079028204,0.157724914610518,89525,10062,79463,1222,238,219,3,9,7,228,154.735713476712,1148.73571347671,0.00244624406590338,0.00010053057805082,0.0128314517003822,0.0136498184864563,89525,10062,79463,3641,0.0458200672010873,461.04151617734,0.0406702038536722,0.00514986334741514,89525,10062,79463,1413,0.0177818607402187,178.921082768081,0.0157833007539793,0.00199855998623938,44431.39558,255.45,22215.69779,3.6031746031746,1575000.00012642,0.00157500000012642,2.795226608335,0.000563460577911634,0.00292746162,0.000105737747392801,2.02096835037616e-05,3.74486505286146e-05,0.000327041799783864,2.7246253468634e-05,1.06996144367466e-07,1.17953585524356e-05,5.03511267611625e-08,2.13992288734937e-07,1.25309946575793e-06,1.59235438382177e-06,2.07069008805281e-06,1.05737366198441e-06,8.88717715375056e-05,1.37836209508682e-06,5.66450176063057e-08,7.23001719054258e-06,2.29160565671741e-05,2.90174497790048e-06,8.89326776419031e-06,1.12610976483751e-06
